ticker,name,exclusion_stage,failed_gates,unverifiable_gates,gates_evaluated,technical_gates_evaluated,values,missing_fields,source,retrieved_at,earnings_date,days_to_earnings,days_since_earnings,earnings_state,gate_distance
ABVX,Abivax ADR,finviz_prefilter,adr,,,False,"{'industry': 'Biotechnology', 'price_finviz': 114.04}",,Finviz via finvizfinance screener views,2026-09-03T23:30:26+02:00,,,,,
APGE,Apogee Therapeutics Inc,finviz_prefilter,biotech_pre_revenue,,,False,"{'industry': 'Biotechnology', 'price_finviz': 135.07}",,Finviz via finvizfinance screener views,2026-09-03T23:30:26+02:00,,,,,
ARM,Arm Holdings Plc ADR,finviz_prefilter,adr,,,False,"{'industry': 'Semiconductors', 'price_finviz': 242.59}",,Finviz via finvizfinance screener views,2026-09-03T23:30:26+02:00,,,,,
ATAT,Atour Lifestyle Holdings Ltd ADR,finviz_prefilter,adr,,,False,"{'industry': 'Lodging', 'price_finviz': 34.62}",,Finviz via finvizfinance screener views,2026-09-03T23:30:26+02:00,,,,,
BIDU,Baidu Inc ADR,finviz_prefilter,adr,,,False,"{'industry': 'Internet Content & Information', 'price_finviz': 95.58}",,Finviz via finvizfinance screener views,2026-09-03T23:30:26+02:00,,,,,
BILI,Bilibili Inc ADR,finviz_prefilter,adr,,,False,"{'industry': 'Internet Content & Information', 'price_finviz': 15.5}",,Finviz via finvizfinance screener views,2026-09-03T23:30:26+02:00,,,,,
BNTX,BioNTech SE ADR,finviz_prefilter,adr,,,False,"{'industry': 'Biotechnology', 'price_finviz': 102.88}",,Finviz via finvizfinance screener views,2026-09-03T23:30:26+02:00,,,,,
BZ,Kanzhun Ltd ADR,finviz_prefilter,adr,,,False,"{'industry': 'Internet Content & Information', 'price_finviz': 16.84}",,Finviz via finvizfinance screener views,2026-09-03T23:30:26+02:00,,,,,
CELC,Celcuity Inc,finviz_prefilter,biotech_pre_revenue,,,False,"{'industry': 'Biotechnology', 'price_finviz': 96.43}",,Finviz via finvizfinance screener views,2026-09-03T23:30:26+02:00,,,,,
COGT,Cogent Biosciences Inc,finviz_prefilter,biotech_pre_revenue,,,False,"{'industry': 'Biotechnology', 'price_finviz': 34.95}",,Finviz via finvizfinance screener views,2026-09-03T23:30:26+02:00,,,,,
DFTX,Definium Therapeutics Inc,finviz_prefilter,biotech_pre_revenue,,,False,"{'industry': 'Biotechnology', 'price_finviz': 38.0}",,Finviz via finvizfinance screener views,2026-09-03T23:30:26+02:00,,,,,
DYN,Dyne Therapeutics Inc,finviz_prefilter,biotech_pre_revenue,,,False,"{'industry': 'Biotechnology', 'price_finviz': 24.95}",,Finviz via finvizfinance screener views,2026-09-03T23:30:26+02:00,,,,,
ELVN,Enliven Therapeutics Inc,finviz_prefilter,biotech_pre_revenue,,,False,"{'industry': 'Biotechnology', 'price_finviz': 59.65}",,Finviz via finvizfinance screener views,2026-09-03T23:30:26+02:00,,,,,
ERAS,Erasca Inc,finviz_prefilter,biotech_pre_revenue,,,False,"{'industry': 'Biotechnology', 'price_finviz': 16.26}",,Finviz via finvizfinance screener views,2026-09-03T23:30:26+02:00,,,,,
EWTX,Edgewise Therapeutics Inc,finviz_prefilter,biotech_pre_revenue,,,False,"{'industry': 'Biotechnology', 'price_finviz': 41.95}",,Finviz via finvizfinance screener views,2026-09-03T23:30:26+02:00,,,,,
FUTU,Futu Holdings Ltd ADR,finviz_prefilter,adr,,,False,"{'industry': 'Capital Markets', 'price_finviz': 122.01}",,Finviz via finvizfinance screener views,2026-09-03T23:30:26+02:00,,,,,
GDS,GDS Holdings Limited ADR,finviz_prefilter,adr,,,False,"{'industry': 'Information Technology Services', 'price_finviz': 31.12}",,Finviz via finvizfinance screener views,2026-09-03T23:30:26+02:00,,,,,
GENB,Generate Biomedicines Inc,finviz_prefilter,biotech_pre_revenue,,,False,"{'industry': 'Biotechnology', 'price_finviz': 16.34}",,Finviz via finvizfinance screener views,2026-09-03T23:30:26+02:00,,,,,
GGAL,Grupo Financiero Galicia ADR,finviz_prefilter,adr,,,False,"{'industry': 'Banks - Regional', 'price_finviz': 44.63}",,Finviz via finvizfinance screener views,2026-09-03T23:30:26+02:00,,,,,
GMAB,Genmab ADR,finviz_prefilter,adr,,,False,"{'industry': 'Biotechnology', 'price_finviz': 34.41}",,Finviz via finvizfinance screener views,2026-09-03T23:30:26+02:00,,,,,
HSAI,Hesai Group ADR,finviz_prefilter,adr,,,False,"{'industry': 'Auto Parts', 'price_finviz': 18.46}",,Finviz via finvizfinance screener views,2026-09-03T23:30:26+02:00,,,,,
HTHT,H World Group Limited ADR,finviz_prefilter,adr,,,False,"{'industry': 'Lodging', 'price_finviz': 46.34}",,Finviz via finvizfinance screener views,2026-09-03T23:30:26+02:00,,,,,
IMVT,Immunovant Inc,finviz_prefilter,biotech_pre_revenue,,,False,"{'industry': 'Biotechnology', 'price_finviz': 39.12}",,Finviz via finvizfinance screener views,2026-09-03T23:30:26+02:00,,,,,
JD,JD.com Inc ADR,finviz_prefilter,adr,,,False,"{'industry': 'Internet Retail', 'price_finviz': 27.74}",,Finviz via finvizfinance screener views,2026-09-03T23:30:26+02:00,,,,,
KLRA,Kailera Therapeutics Inc,finviz_prefilter,biotech_pre_revenue,,,False,"{'industry': 'Biotechnology', 'price_finviz': 15.74}",,Finviz via finvizfinance screener views,2026-09-03T23:30:26+02:00,,,,,
LEGN,Legend Biotech Corp ADR,finviz_prefilter,adr,,,False,"{'industry': 'Biotechnology', 'price_finviz': 21.75}",,Finviz via finvizfinance screener views,2026-09-03T23:30:26+02:00,,,,,
MLYS,Mineralys Therapeutics Inc,finviz_prefilter,biotech_pre_revenue,,,False,"{'industry': 'Biotechnology', 'price_finviz': 28.27}",,Finviz via finvizfinance screener views,2026-09-03T23:30:26+02:00,,,,,
NTES,NetEase Inc ADR,finviz_prefilter,adr,,,False,"{'industry': 'Electronic Gaming & Multimedia', 'price_finviz': 117.05}",,Finviz via finvizfinance screener views,2026-09-03T23:30:26+02:00,,,,,
ORKA,Oruka Therapeutics Inc,finviz_prefilter,biotech_pre_revenue,,,False,"{'industry': 'Biotechnology', 'price_finviz': 90.99}",,Finviz via finvizfinance screener views,2026-09-03T23:30:26+02:00,,,,,
PAYP,PayPay Corp ADR,finviz_prefilter,adr,,,False,"{'industry': 'Software - Infrastructure', 'price_finviz': 16.93}",,Finviz via finvizfinance screener views,2026-09-03T23:30:26+02:00,,,,,
PCVX,Vaxcyte Inc,finviz_prefilter,biotech_pre_revenue,,,False,"{'industry': 'Biotechnology', 'price_finviz': 61.17}",,Finviz via finvizfinance screener views,2026-09-03T23:30:26+02:00,,,,,
PDD,PDD Holdings Inc ADR,finviz_prefilter,adr,,,False,"{'industry': 'Internet Retail', 'price_finviz': 81.63}",,Finviz via finvizfinance screener views,2026-09-03T23:30:26+02:00,,,,,
RVMD,Revolution Medicines Inc,finviz_prefilter,biotech_pre_revenue,,,False,"{'industry': 'Biotechnology', 'price_finviz': 210.87}",,Finviz via finvizfinance screener views,2026-09-03T23:30:26+02:00,,,,,
RYAAY,Ryanair Holdings Plc ADR,finviz_prefilter,adr,,,False,"{'industry': 'Airlines', 'price_finviz': 54.7}",,Finviz via finvizfinance screener views,2026-09-03T23:30:26+02:00,,,,,
SIMO,Silicon Motion Technology Corp ADR,finviz_prefilter,adr,,,False,"{'industry': 'Semiconductors', 'price_finviz': 235.7}",,Finviz via finvizfinance screener views,2026-09-03T23:30:26+02:00,,,,,
SKHY,SK Hynix Inc ADR,finviz_prefilter,adr,,,False,"{'industry': 'Semiconductors', 'price_finviz': 163.68}",,Finviz via finvizfinance screener views,2026-09-03T23:30:26+02:00,,,,,
SMMT,Summit Therapeutics Inc,finviz_prefilter,biotech_pre_revenue,,,False,"{'industry': 'Biotechnology', 'price_finviz': 17.13}",,Finviz via finvizfinance screener views,2026-09-03T23:30:26+02:00,,,,,
SNY,Sanofi ADR,finviz_prefilter,adr,,,False,"{'industry': 'Drug Manufacturers - General', 'price_finviz': 44.33}",,Finviz via finvizfinance screener views,2026-09-03T23:30:26+02:00,,,,,
SRRK,Scholar Rock Holding Corp,finviz_prefilter,biotech_pre_revenue,,,False,"{'industry': 'Biotechnology', 'price_finviz': 55.94}",,Finviz via finvizfinance screener views,2026-09-03T23:30:26+02:00,,,,,
SYRE,Spyre Therapeutics Inc,finviz_prefilter,biotech_pre_revenue,,,False,"{'industry': 'Biotechnology', 'price_finviz': 87.25}",,Finviz via finvizfinance screener views,2026-09-03T23:30:26+02:00,,,,,
TCOM,Trip.com Group Ltd ADR,finviz_prefilter,adr,,,False,"{'industry': 'Travel Services', 'price_finviz': 41.4}",,Finviz via finvizfinance screener views,2026-09-03T23:30:26+02:00,,,,,
TRVI,Trevi Therapeutics Inc,finviz_prefilter,biotech_pre_revenue,,,False,"{'industry': 'Biotechnology', 'price_finviz': 17.06}",,Finviz via finvizfinance screener views,2026-09-03T23:30:26+02:00,,,,,
VERA,Vera Therapeutics Inc,finviz_prefilter,biotech_pre_revenue,,,False,"{'industry': 'Biotechnology', 'price_finviz': 34.99}",,Finviz via finvizfinance screener views,2026-09-03T23:30:26+02:00,,,,,
VKTX,Viking Therapeutics Inc,finviz_prefilter,biotech_pre_revenue,,,False,"{'industry': 'Biotechnology', 'price_finviz': 33.98}",,Finviz via finvizfinance screener views,2026-09-03T23:30:26+02:00,,,,,
VOD,Vodafone Group plc ADR,finviz_prefilter,adr,,,False,"{'industry': 'Telecom Services', 'price_finviz': 16.58}",,Finviz via finvizfinance screener views,2026-09-03T23:30:26+02:00,,,,,
XENE,Xenon Pharmaceuticals Inc,finviz_prefilter,biotech_pre_revenue,,,False,"{'industry': 'Biotechnology', 'price_finviz': 60.4}",,Finviz via finvizfinance screener views,2026-09-03T23:30:26+02:00,,,,,
ZLAB,Zai Lab Limited ADR,finviz_prefilter,adr,,,False,"{'industry': 'Biotechnology', 'price_finviz': 27.0}",,Finviz via finvizfinance screener views,2026-09-03T23:30:26+02:00,,,,,
AAOI,Applied Optoelectronics Inc,finviz_prefilter,eps_growth;operating_margin,,price_min;market_cap_min;avg_volume_min;revenue_growth;eps_growth;eps_next_year;operating_margin;earnings_window,False,"{'revenue_growth_yoy': 86.42, 'eps_growth_yoy': -74.24, 'eps_next_year': 650.23, 'operating_margin': -11.31}",,Finviz via finvizfinance screener views,2026-09-03T23:30:26+02:00,2026-08-06,,28,NORMAL,
AAPL,Apple Inc,finviz_prefilter,revenue_growth;eps_growth;eps_next_year,,price_min;market_cap_min;avg_volume_min;revenue_growth;eps_growth;eps_next_year;operating_margin;earnings_window,False,"{'revenue_growth_yoy': 16.36, 'eps_growth_yoy': 29.13, 'eps_next_year': 8.04, 'operating_margin': 33.17}",,Finviz via finvizfinance screener views,2026-09-03T23:30:26+02:00,2026-07-30,,35,NORMAL,
ABNB,Airbnb Inc,finviz_prefilter,revenue_growth,,price_min;market_cap_min;avg_volume_min;revenue_growth;eps_growth;eps_next_year;operating_margin;earnings_window,False,"{'revenue_growth_yoy': 16.54, 'eps_growth_yoy': 33.06, 'eps_next_year': 17.39, 'operating_margin': 21.21}",,Finviz via finvizfinance screener views,2026-09-03T23:30:26+02:00,2026-08-06,,28,NORMAL,"{'failed_gate': 'revenue_growth', 'actual_value': 16.54, 'applicable_threshold': 20.0, 'distance_to_threshold': 3.460000000000001, 'distance_to_threshold_pct': 17.300000000000004, 'formula': 'minimo: distance = threshold - actual; pct = distance / abs(threshold) * 100'}"
ACAD,Acadia Pharmaceuticals Inc,finviz_prefilter,revenue_growth;eps_growth;operating_margin,,price_min;market_cap_min;avg_volume_min;revenue_growth;eps_growth;eps_next_year;operating_margin;earnings_window,False,"{'revenue_growth_yoy': 16.400000000000002, 'eps_growth_yoy': 15.24, 'eps_next_year': 48.25, 'operating_margin': 7.59}",,Finviz via finvizfinance screener views,2026-09-03T23:30:26+02:00,2026-08-04,,30,NORMAL,
ACGL,Arch Capital Group Ltd,finviz_prefilter,revenue_growth;eps_growth;eps_next_year,,price_min;market_cap_min;avg_volume_min;revenue_growth;eps_growth;eps_next_year;operating_margin;earnings_window,False,"{'revenue_growth_yoy': -11.459999999999999, 'eps_growth_yoy': -7.06, 'eps_next_year': 4.16, 'operating_margin': 25.11}",,Finviz via finvizfinance screener views,2026-09-03T23:30:26+02:00,2026-07-28,,37,NORMAL,
ACHC,Acadia Healthcare Company Inc,finviz_prefilter,revenue_growth;eps_growth,,price_min;market_cap_min;avg_volume_min;revenue_growth;eps_growth;eps_next_year;operating_margin;earnings_window,False,"{'revenue_growth_yoy': -0.38999999999999996, 'eps_growth_yoy': -64.09, 'eps_next_year': 19.39, 'operating_margin': 10.059999999999999}",,Finviz via finvizfinance screener views,2026-09-03T23:30:26+02:00,2026-07-28,,37,NORMAL,
ACIW,ACI Worldwide Inc,finviz_prefilter,revenue_growth;eps_next_year,,price_min;market_cap_min;avg_volume_min;revenue_growth;eps_growth;eps_next_year;operating_margin;earnings_window,False,"{'revenue_growth_yoy': 7.2700000000000005, 'eps_growth_yoy': 169.34, 'eps_next_year': 13.51, 'operating_margin': 19.02}",,Finviz via finvizfinance screener views,2026-09-03T23:30:26+02:00,2026-08-06,,28,NORMAL,
ADBE,Adobe Inc,finviz_prefilter,revenue_growth;eps_growth;eps_next_year;earnings_window,,price_min;market_cap_min;avg_volume_min;revenue_growth;eps_growth;eps_next_year;operating_margin;earnings_window,False,"{'revenue_growth_yoy': 12.690000000000001, 'eps_growth_yoy': 8.04, 'eps_next_year': 12.52, 'operating_margin': 36.74}",,Finviz via finvizfinance screener views,2026-09-03T23:30:26+02:00,2026-09-10,7,,PRE_EARNINGS_BLACKOUT,
ADEA,Adeia Inc,finviz_prefilter,revenue_growth;eps_growth;eps_next_year,,price_min;market_cap_min;avg_volume_min;revenue_growth;eps_growth;eps_next_year;operating_margin;earnings_window,False,"{'revenue_growth_yoy': 12.11, 'eps_growth_yoy': 1.81, 'eps_next_year': 13.13, 'operating_margin': 46.81}",,Finviz via finvizfinance screener views,2026-09-03T23:30:26+02:00,2026-08-03,,31,NORMAL,
ADP,Automatic Data Processing Inc,finviz_prefilter,revenue_growth;eps_growth;eps_next_year,,price_min;market_cap_min;avg_volume_min;revenue_growth;eps_growth;eps_next_year;operating_margin;earnings_window,False,"{'revenue_growth_yoy': 6.77, 'eps_growth_yoy': 9.62, 'eps_next_year': 9.22, 'operating_margin': 26.41}",,Finviz via finvizfinance screener views,2026-09-03T23:30:26+02:00,2026-07-29,,36,NORMAL,
ADPT,Adaptive Biotechnologies Corp,finviz_prefilter,eps_growth;operating_margin,,price_min;market_cap_min;avg_volume_min;revenue_growth;eps_growth;eps_next_year;operating_margin;earnings_window,False,"{'revenue_growth_yoy': 21.529999999999998, 'eps_growth_yoy': -47.8, 'eps_next_year': 67.66, 'operating_margin': -11.81}",,Finviz via finvizfinance screener views,2026-09-03T23:30:26+02:00,2026-07-29,,36,NORMAL,
ADSK,Autodesk Inc,finviz_prefilter,revenue_growth;eps_next_year,,price_min;market_cap_min;avg_volume_min;revenue_growth;eps_growth;eps_next_year;operating_margin;earnings_window,False,"{'revenue_growth_yoy': 16.78, 'eps_growth_yoy': 60.17, 'eps_next_year': 12.42, 'operating_margin': 23.39}",,Finviz via finvizfinance screener views,2026-09-03T23:30:26+02:00,2026-08-27,,7,PEAD_WINDOW,
AEHR,Aehr Test Systems,finviz_prefilter,operating_margin,,price_min;market_cap_min;avg_volume_min;revenue_growth;eps_growth;eps_next_year;operating_margin;earnings_window,False,"{'revenue_growth_yoy': 33.69, 'eps_growth_yoy': 143.11, 'eps_next_year': None, 'operating_margin': -28.29}",,Finviz via finvizfinance screener views,2026-09-03T23:30:26+02:00,2026-07-14,,51,NORMAL,"{'failed_gate': 'operating_margin', 'actual_value': -28.29, 'applicable_threshold': 8.0, 'distance_to_threshold': 36.29, 'distance_to_threshold_pct': 453.625, 'formula': 'minimo: distance = threshold - actual; pct = distance / abs(threshold) * 100'}"
AEP,American Electric Power Company Inc,finviz_prefilter,revenue_growth;eps_growth;eps_next_year,,price_min;market_cap_min;avg_volume_min;revenue_growth;eps_growth;eps_next_year;operating_margin;earnings_window,False,"{'revenue_growth_yoy': 6.79, 'eps_growth_yoy': -43.33, 'eps_next_year': 7.58, 'operating_margin': 23.330000000000002}",,Finviz via finvizfinance screener views,2026-09-03T23:30:26+02:00,2026-07-30,,35,NORMAL,
AKAM,Akamai Technologies Inc,finviz_prefilter,revenue_growth;eps_growth;eps_next_year,,price_min;market_cap_min;avg_volume_min;revenue_growth;eps_growth;eps_next_year;operating_margin;earnings_window,False,"{'revenue_growth_yoy': 5.38, 'eps_growth_yoy': -27.57, 'eps_next_year': 6.63, 'operating_margin': 11.92}",,Finviz via finvizfinance screener views,2026-09-03T23:30:26+02:00,2026-08-06,,28,NORMAL,
ALGM,Allegro Microsystems Inc,finviz_prefilter,operating_margin,,price_min;market_cap_min;avg_volume_min;revenue_growth;eps_growth;eps_next_year;operating_margin;earnings_window,False,"{'revenue_growth_yoy': 27.450000000000003, 'eps_growth_yoy': 217.85000000000002, 'eps_next_year': 46.01, 'operating_margin': 6.22}",,Finviz via finvizfinance screener views,2026-09-03T23:30:26+02:00,2026-07-30,,35,NORMAL,"{'failed_gate': 'operating_margin', 'actual_value': 6.22, 'applicable_threshold': 8.0, 'distance_to_threshold': 1.7800000000000002, 'distance_to_threshold_pct': 22.250000000000004, 'formula': 'minimo: distance = threshold - actual; pct = distance / abs(threshold) * 100'}"
ALGN,Align Technology Inc,finviz_prefilter,revenue_growth;eps_growth;eps_next_year,,price_min;market_cap_min;avg_volume_min;revenue_growth;eps_growth;eps_next_year;operating_margin;earnings_window,False,"{'revenue_growth_yoy': 4.32, 'eps_growth_yoy': -11.790000000000001, 'eps_next_year': 11.05, 'operating_margin': 18.38}",,Finviz via finvizfinance screener views,2026-09-03T23:30:26+02:00,2026-07-29,,36,NORMAL,
ALKS,Alkermes plc,finviz_prefilter,eps_growth,,price_min;market_cap_min;avg_volume_min;revenue_growth;eps_growth;eps_next_year;operating_margin;earnings_window,False,"{'revenue_growth_yoy': 26.97, 'eps_growth_yoy': -99.44, 'eps_next_year': 242.28, 'operating_margin': 8.62}",,Finviz via finvizfinance screener views,2026-09-03T23:30:26+02:00,2026-07-28,,37,NORMAL,"{'failed_gate': 'eps_growth', 'actual_value': -99.44, 'applicable_threshold': 30.0, 'distance_to_threshold': 129.44, 'distance_to_threshold_pct': 431.46666666666664, 'formula': 'minimo: distance = threshold - actual; pct = distance / abs(threshold) * 100'}"
ALKT,Alkami Technology Inc,finviz_prefilter,revenue_growth;operating_margin,,price_min;market_cap_min;avg_volume_min;revenue_growth;eps_growth;eps_next_year;operating_margin;earnings_window,False,"{'revenue_growth_yoy': 15.870000000000001, 'eps_growth_yoy': 36.61, 'eps_next_year': 38.22, 'operating_margin': -7.08}",,Finviz via finvizfinance screener views,2026-09-03T23:30:26+02:00,2026-07-29,,36,NORMAL,
ALM,Almonty Industries Inc,finviz_prefilter,operating_margin,,price_min;market_cap_min;avg_volume_min;revenue_growth;eps_growth;eps_next_year;operating_margin;earnings_window,False,"{'revenue_growth_yoy': 497.89000000000004, 'eps_growth_yoy': 235.56, 'eps_next_year': 125.38, 'operating_margin': 5.27}",,Finviz via finvizfinance screener views,2026-09-03T23:30:26+02:00,2026-08-11,,23,NORMAL,"{'failed_gate': 'operating_margin', 'actual_value': 5.27, 'applicable_threshold': 8.0, 'distance_to_threshold': 2.7300000000000004, 'distance_to_threshold_pct': 34.12500000000001, 'formula': 'minimo: distance = threshold - actual; pct = distance / abs(threshold) * 100'}"
AMBA,Ambarella Inc,finviz_prefilter,revenue_growth;eps_growth;operating_margin;earnings_window,,price_min;market_cap_min;avg_volume_min;revenue_growth;eps_growth;eps_next_year;operating_margin;earnings_window,False,"{'revenue_growth_yoy': 16.869999999999997, 'eps_growth_yoy': 27.99, 'eps_next_year': 36.48, 'operating_margin': -18.48}",,Finviz via finvizfinance screener views,2026-09-03T23:30:26+02:00,2026-09-03,0,,PRE_EARNINGS_BLACKOUT,
AMGN,AMGEN Inc,finviz_prefilter,revenue_growth;eps_next_year,,price_min;market_cap_min;avg_volume_min;revenue_growth;eps_growth;eps_next_year;operating_margin;earnings_window,False,"{'revenue_growth_yoy': 9.82, 'eps_growth_yoy': 64.92999999999999, 'eps_next_year': 5.81, 'operating_margin': 33.31}",,Finviz via finvizfinance screener views,2026-09-03T23:30:26+02:00,2026-08-04,,30,NORMAL,
AMKR,AMKOR Technology Inc,finviz_prefilter,eps_next_year,,price_min;market_cap_min;avg_volume_min;revenue_growth;eps_growth;eps_next_year;operating_margin;earnings_window,False,"{'revenue_growth_yoy': 25.580000000000002, 'eps_growth_yoy': 216.52999999999997, 'eps_next_year': 8.84, 'operating_margin': 8.92}",,Finviz via finvizfinance screener views,2026-09-03T23:30:26+02:00,2026-07-27,,38,NORMAL,"{'failed_gate': 'eps_next_year', 'actual_value': 8.84, 'applicable_threshold': 15.0, 'distance_to_threshold': 6.16, 'distance_to_threshold_pct': 41.06666666666667, 'formula': 'minimo: distance = threshold - actual; pct = distance / abs(threshold) * 100'}"
AMRX,Amneal Pharmaceuticals Inc,finviz_prefilter,revenue_growth,,price_min;market_cap_min;avg_volume_min;revenue_growth;eps_growth;eps_next_year;operating_margin;earnings_window,False,"{'revenue_growth_yoy': 9.89, 'eps_growth_yoy': 152.81, 'eps_next_year': 15.16, 'operating_margin': 15.299999999999999}",,Finviz via finvizfinance screener views,2026-09-03T23:30:26+02:00,2026-07-30,,35,NORMAL,"{'failed_gate': 'revenue_growth', 'actual_value': 9.89, 'applicable_threshold': 20.0, 'distance_to_threshold': 10.11, 'distance_to_threshold_pct': 50.55, 'formula': 'minimo: distance = threshold - actual; pct = distance / abs(threshold) * 100'}"
AMZN,Amazon.com Inc,finviz_prefilter,revenue_growth;eps_next_year,,price_min;market_cap_min;avg_volume_min;revenue_growth;eps_growth;eps_next_year;operating_margin;earnings_window,False,"{'revenue_growth_yoy': 19.62, 'eps_growth_yoy': 241.82999999999998, 'eps_next_year': -16.46, 'operating_margin': 12.68}",,Finviz via finvizfinance screener views,2026-09-03T23:30:26+02:00,2026-07-30,,35,NORMAL,
APA,APA Corp,finviz_prefilter,revenue_growth;eps_growth;eps_next_year,,price_min;market_cap_min;avg_volume_min;revenue_growth;eps_growth;eps_next_year;operating_margin;earnings_window,False,"{'revenue_growth_yoy': 8.95, 'eps_growth_yoy': 26.33, 'eps_next_year': -30.0, 'operating_margin': 41.32}",,Finviz via finvizfinance screener views,2026-09-03T23:30:26+02:00,2026-08-05,,29,NORMAL,
APLD,Applied Digital Corp,finviz_prefilter,eps_growth;operating_margin,,price_min;market_cap_min;avg_volume_min;revenue_growth;eps_growth;eps_next_year;operating_margin;earnings_window,False,"{'revenue_growth_yoy': 580.68, 'eps_growth_yoy': -62.41, 'eps_next_year': 74.77, 'operating_margin': -29.73}",,Finviz via finvizfinance screener views,2026-09-03T23:30:26+02:00,2026-07-27,,38,NORMAL,
APPN,Appian Corp,finviz_prefilter,revenue_growth;eps_growth;operating_margin,,price_min;market_cap_min;avg_volume_min;revenue_growth;eps_growth;eps_next_year;operating_margin;earnings_window,False,"{'revenue_growth_yoy': 19.11, 'eps_growth_yoy': -3759.52, 'eps_next_year': 31.1, 'operating_margin': 4.37}",,Finviz via finvizfinance screener views,2026-09-03T23:30:26+02:00,2026-08-06,,28,NORMAL,
ARCC,Ares Capital Corp,finviz_prefilter,revenue_growth;eps_growth;eps_next_year,,price_min;market_cap_min;avg_volume_min;revenue_growth;eps_growth;eps_next_year;operating_margin;earnings_window,False,"{'revenue_growth_yoy': -7.3, 'eps_growth_yoy': -54.14, 'eps_next_year': 1.46, 'operating_margin': 58.03}",,Finviz via finvizfinance screener views,2026-09-03T23:30:26+02:00,2026-07-29,,36,NORMAL,
ARQT,Arcutis Biotherapeutics Inc,finviz_prefilter,operating_margin,,price_min;market_cap_min;avg_volume_min;revenue_growth;eps_growth;eps_next_year;operating_margin;earnings_window,False,"{'revenue_growth_yoy': 59.330000000000005, 'eps_growth_yoy': 188.25, 'eps_next_year': 171.05, 'operating_margin': 7.380000000000001}",,Finviz via finvizfinance screener views,2026-09-03T23:30:26+02:00,2026-08-05,,29,NORMAL,"{'failed_gate': 'operating_margin', 'actual_value': 7.380000000000001, 'applicable_threshold': 8.0, 'distance_to_threshold': 0.6199999999999992, 'distance_to_threshold_pct': 7.74999999999999, 'formula': 'minimo: distance = threshold - actual; pct = distance / abs(threshold) * 100'}"
ARWR,Arrowhead Pharmaceuticals Inc,finviz_prefilter,eps_growth;eps_next_year;operating_margin,,price_min;market_cap_min;avg_volume_min;revenue_growth;eps_growth;eps_next_year;operating_margin;earnings_window,False,"{'revenue_growth_yoy': 171.01999999999998, 'eps_growth_yoy': -7.51, 'eps_next_year': -29.73, 'operating_margin': -33.82}",,Finviz via finvizfinance screener views,2026-09-03T23:30:26+02:00,2026-08-04,,30,NORMAL,
ASO,Academy Sports and Outdoors Inc,finviz_prefilter,revenue_growth;eps_growth;eps_next_year;earnings_window,,price_min;market_cap_min;avg_volume_min;revenue_growth;eps_growth;eps_next_year;operating_margin;earnings_window,False,"{'revenue_growth_yoy': 6.7, 'eps_growth_yoy': 18.22, 'eps_next_year': 7.55, 'operating_margin': 8.42}",,Finviz via finvizfinance screener views,2026-09-03T23:30:26+02:00,2026-09-09,6,,PRE_EARNINGS_BLACKOUT,
ASST,Strive Inc,finviz_prefilter,revenue_growth;eps_growth;operating_margin,,price_min;market_cap_min;avg_volume_min;revenue_growth;eps_growth;eps_next_year;operating_margin;earnings_window,False,"{'revenue_growth_yoy': -19.2, 'eps_growth_yoy': -10.31, 'eps_next_year': 123.47, 'operating_margin': -14415.58}",,Finviz via finvizfinance screener views,2026-09-03T23:30:26+02:00,2026-08-10,,24,NORMAL,
ASTS,AST SpaceMobile Inc,finviz_prefilter,eps_growth;operating_margin,,price_min;market_cap_min;avg_volume_min;revenue_growth;eps_growth;eps_next_year;operating_margin;earnings_window,False,"{'revenue_growth_yoy': 2626.64, 'eps_growth_yoy': -88.0, 'eps_next_year': 38.47, 'operating_margin': -410.26}",,Finviz via finvizfinance screener views,2026-09-03T23:30:26+02:00,2026-08-10,,24,NORMAL,
ATRC,Atricure Inc,finviz_prefilter,revenue_growth;operating_margin,,price_min;market_cap_min;avg_volume_min;revenue_growth;eps_growth;eps_next_year;operating_margin;earnings_window,False,"{'revenue_growth_yoy': 12.83, 'eps_growth_yoy': 241.25, 'eps_next_year': 291.48, 'operating_margin': 2.44}",,Finviz via finvizfinance screener views,2026-09-03T23:30:26+02:00,2026-07-23,,42,NORMAL,
AUPH,Aurinia Pharmaceuticals Inc,finviz_prefilter,revenue_growth,,price_min;market_cap_min;avg_volume_min;revenue_growth;eps_growth;eps_next_year;operating_margin;earnings_window,False,"{'revenue_growth_yoy': 18.87, 'eps_growth_yoy': 79.16, 'eps_next_year': 24.79, 'operating_margin': 45.15}",,Finviz via finvizfinance screener views,2026-09-03T23:30:26+02:00,2026-08-06,,28,NORMAL,"{'failed_gate': 'revenue_growth', 'actual_value': 18.87, 'applicable_threshold': 20.0, 'distance_to_threshold': 1.129999999999999, 'distance_to_threshold_pct': 5.649999999999995, 'formula': 'minimo: distance = threshold - actual; pct = distance / abs(threshold) * 100'}"
AVAV,AeroVironment Inc,finviz_prefilter,operating_margin;earnings_window,,price_min;market_cap_min;avg_volume_min;revenue_growth;eps_growth;eps_next_year;operating_margin;earnings_window,False,"{'revenue_growth_yoy': 133.27, 'eps_growth_yoy': 112.23, 'eps_next_year': 37.12, 'operating_margin': -1.1199999999999999}",,Finviz via finvizfinance screener views,2026-09-03T23:30:26+02:00,2026-09-09,6,,PRE_EARNINGS_BLACKOUT,
AVT,Avnet Inc,finviz_prefilter,eps_next_year;operating_margin,,price_min;market_cap_min;avg_volume_min;revenue_growth;eps_growth;eps_next_year;operating_margin;earnings_window,False,"{'revenue_growth_yoy': 47.660000000000004, 'eps_growth_yoy': 1987.43, 'eps_next_year': 11.61, 'operating_margin': 3.11}",,Finviz via finvizfinance screener views,2026-09-03T23:30:26+02:00,2026-08-05,,29,NORMAL,
AXGN,Axogen Inc,finviz_prefilter,eps_growth;operating_margin,,price_min;market_cap_min;avg_volume_min;revenue_growth;eps_growth;eps_next_year;operating_margin;earnings_window,False,"{'revenue_growth_yoy': 23.06, 'eps_growth_yoy': -334.71000000000004, 'eps_next_year': 53.07, 'operating_margin': -5.12}",,Finviz via finvizfinance screener views,2026-09-03T23:30:26+02:00,2026-07-29,,36,NORMAL,
AXON,Axon Enterprise Inc,finviz_prefilter,eps_growth;operating_margin,,price_min;market_cap_min;avg_volume_min;revenue_growth;eps_growth;eps_next_year;operating_margin;earnings_window,False,"{'revenue_growth_yoy': 35.28, 'eps_growth_yoy': -19.0, 'eps_next_year': 37.8, 'operating_margin': 1.15}",,Finviz via finvizfinance screener views,2026-09-03T23:30:26+02:00,2026-08-05,,29,NORMAL,
AXSM,Axsome Therapeutics Inc,finviz_prefilter,eps_growth;operating_margin,,price_min;market_cap_min;avg_volume_min;revenue_growth;eps_growth;eps_next_year;operating_margin;earnings_window,False,"{'revenue_growth_yoy': 45.540000000000006, 'eps_growth_yoy': -2.09, 'eps_next_year': 274.15, 'operating_margin': -23.549999999999997}",,Finviz via finvizfinance screener views,2026-09-03T23:30:26+02:00,2026-08-10,,24,NORMAL,
AXTI,AXT Inc,finviz_prefilter,operating_margin,,price_min;market_cap_min;avg_volume_min;revenue_growth;eps_growth;eps_next_year;operating_margin;earnings_window,False,"{'revenue_growth_yoy': 164.76999999999998, 'eps_growth_yoy': 208.25, 'eps_next_year': 158.88, 'operating_margin': 3.09}",,Finviz via finvizfinance screener views,2026-09-03T23:30:26+02:00,2026-07-30,,35,NORMAL,"{'failed_gate': 'operating_margin', 'actual_value': 3.09, 'applicable_threshold': 8.0, 'distance_to_threshold': 4.91, 'distance_to_threshold_pct': 61.375, 'formula': 'minimo: distance = threshold - actual; pct = distance / abs(threshold) * 100'}"
BBIO,BridgeBio Pharma Inc,finviz_prefilter,eps_growth;operating_margin,,price_min;market_cap_min;avg_volume_min;revenue_growth;eps_growth;eps_next_year;operating_margin;earnings_window,False,"{'revenue_growth_yoy': 120.39, 'eps_growth_yoy': 18.57, 'eps_next_year': 103.2, 'operating_margin': -67.01}",,Finviz via finvizfinance screener views,2026-09-03T23:30:26+02:00,2026-08-10,,24,NORMAL,
BEAM,Beam Therapeutics Inc,finviz_prefilter,revenue_growth;eps_growth;eps_next_year;operating_margin,,price_min;market_cap_min;avg_volume_min;revenue_growth;eps_growth;eps_next_year;operating_margin;earnings_window,False,"{'revenue_growth_yoy': -94.21000000000001, 'eps_growth_yoy': -17.25, 'eps_next_year': -7.96, 'operating_margin': -242.26999999999998}",,Finviz via finvizfinance screener views,2026-09-03T23:30:26+02:00,2026-08-04,,30,NORMAL,
BIIB,Biogen Inc,finviz_prefilter,revenue_growth;eps_growth,,price_min;market_cap_min;avg_volume_min;revenue_growth;eps_growth;eps_next_year;operating_margin;earnings_window,False,"{'revenue_growth_yoy': 2.3800000000000003, 'eps_growth_yoy': -84.85000000000001, 'eps_next_year': 32.53, 'operating_margin': 19.5}",,Finviz via finvizfinance screener views,2026-09-03T23:30:26+02:00,2026-07-29,,36,NORMAL,
BKNG,Booking Holdings Inc,finviz_prefilter,revenue_growth,,price_min;market_cap_min;avg_volume_min;revenue_growth;eps_growth;eps_next_year;operating_margin;earnings_window,False,"{'revenue_growth_yoy': 8.15, 'eps_growth_yoy': 130.75, 'eps_next_year': 18.44, 'operating_margin': 35.17}",,Finviz via finvizfinance screener views,2026-09-03T23:30:26+02:00,2026-08-04,,30,NORMAL,"{'failed_gate': 'revenue_growth', 'actual_value': 8.15, 'applicable_threshold': 20.0, 'distance_to_threshold': 11.85, 'distance_to_threshold_pct': 59.25, 'formula': 'minimo: distance = threshold - actual; pct = distance / abs(threshold) * 100'}"
BKR,Baker Hughes Co,finviz_prefilter,revenue_growth;eps_growth;eps_next_year,,price_min;market_cap_min;avg_volume_min;revenue_growth;eps_growth;eps_next_year;operating_margin;earnings_window,False,"{'revenue_growth_yoy': -2.4299999999999997, 'eps_growth_yoy': -3.44, 'eps_next_year': 14.58, 'operating_margin': 12.959999999999999}",,Finviz via finvizfinance screener views,2026-09-03T23:30:26+02:00,2026-07-26,,39,NORMAL,
BMRN,Biomarin Pharmaceutical Inc,finviz_prefilter,eps_growth,,price_min;market_cap_min;avg_volume_min;revenue_growth;eps_growth;eps_next_year;operating_margin;earnings_window,False,"{'revenue_growth_yoy': 20.41, 'eps_growth_yoy': -81.28, 'eps_next_year': 32.34, 'operating_margin': 18.5}",,Finviz via finvizfinance screener views,2026-09-03T23:30:26+02:00,2026-08-06,,28,NORMAL,"{'failed_gate': 'eps_growth', 'actual_value': -81.28, 'applicable_threshold': 30.0, 'distance_to_threshold': 111.28, 'distance_to_threshold_pct': 370.93333333333334, 'formula': 'minimo: distance = threshold - actual; pct = distance / abs(threshold) * 100'}"
BRKR,Bruker Corp,finviz_prefilter,revenue_growth;eps_growth;eps_next_year,,price_min;market_cap_min;avg_volume_min;revenue_growth;eps_growth;eps_next_year;operating_margin;earnings_window,False,"{'revenue_growth_yoy': 5.1499999999999995, 'eps_growth_yoy': -924.3499999999999, 'eps_next_year': 13.58, 'operating_margin': 8.540000000000001}",,Finviz via finvizfinance screener views,2026-09-03T23:30:26+02:00,2026-08-04,,30,NORMAL,
BRZE,Braze Inc,finviz_prefilter,eps_growth;operating_margin;earnings_window,,price_min;market_cap_min;avg_volume_min;revenue_growth;eps_growth;eps_next_year;operating_margin;earnings_window,False,"{'revenue_growth_yoy': 30.2, 'eps_growth_yoy': 29.87, 'eps_next_year': 52.11, 'operating_margin': -16.43}",,Finviz via finvizfinance screener views,2026-09-03T23:30:26+02:00,2026-09-08,5,,PRE_EARNINGS_BLACKOUT,
BSY,Bentley Systems Inc,finviz_prefilter,revenue_growth;eps_growth;eps_next_year,,price_min;market_cap_min;avg_volume_min;revenue_growth;eps_growth;eps_next_year;operating_margin;earnings_window,False,"{'revenue_growth_yoy': 12.8, 'eps_growth_yoy': 14.85, 'eps_next_year': 12.08, 'operating_margin': 24.37}",,Finviz via finvizfinance screener views,2026-09-03T23:30:26+02:00,2026-08-06,,28,NORMAL,
BTSG,BrightSpring Health Services Inc,finviz_prefilter,operating_margin,,price_min;market_cap_min;avg_volume_min;revenue_growth;eps_growth;eps_next_year;operating_margin;earnings_window,False,"{'revenue_growth_yoy': 23.05, 'eps_growth_yoy': 201.76, 'eps_next_year': 26.86, 'operating_margin': 3.6799999999999997}",,Finviz via finvizfinance screener views,2026-09-03T23:30:26+02:00,2026-07-31,,34,NORMAL,"{'failed_gate': 'operating_margin', 'actual_value': 3.6799999999999997, 'applicable_threshold': 8.0, 'distance_to_threshold': 4.32, 'distance_to_threshold_pct': 54.0, 'formula': 'minimo: distance = threshold - actual; pct = distance / abs(threshold) * 100'}"
BUSE,First Busey Corp,finviz_prefilter,revenue_growth;eps_next_year,,price_min;market_cap_min;avg_volume_min;revenue_growth;eps_growth;eps_next_year;operating_margin;earnings_window,False,"{'revenue_growth_yoy': -6.94, 'eps_growth_yoy': 31.97, 'eps_next_year': 7.13, 'operating_margin': 27.32}",,Finviz via finvizfinance screener views,2026-09-03T23:30:26+02:00,2026-07-28,,37,NORMAL,
BWIN,Baldwin Insurance Group Inc,finviz_prefilter,eps_growth;operating_margin,,price_min;market_cap_min;avg_volume_min;revenue_growth;eps_growth;eps_next_year;operating_margin;earnings_window,False,"{'revenue_growth_yoy': 30.130000000000003, 'eps_growth_yoy': -804.09, 'eps_next_year': 23.4, 'operating_margin': -2.65}",,Finviz via finvizfinance screener views,2026-09-03T23:30:26+02:00,2026-07-30,,35,NORMAL,
CAKE,Cheesecake Factory Inc,finviz_prefilter,revenue_growth;eps_growth;eps_next_year;operating_margin,,price_min;market_cap_min;avg_volume_min;revenue_growth;eps_growth;eps_next_year;operating_margin;earnings_window,False,"{'revenue_growth_yoy': 7.720000000000001, 'eps_growth_yoy': 23.78, 'eps_next_year': 10.71, 'operating_margin': 6.98}",,Finviz via finvizfinance screener views,2026-09-03T23:30:26+02:00,2026-07-28,,37,NORMAL,
CALM,Cal-Maine Foods Inc,finviz_prefilter,revenue_growth;eps_growth,,price_min;market_cap_min;avg_volume_min;revenue_growth;eps_growth;eps_next_year;operating_margin;earnings_window,False,"{'revenue_growth_yoy': -49.93, 'eps_growth_yoy': -110.85000000000001, 'eps_next_year': 135.66, 'operating_margin': 11.790000000000001}",,Finviz via finvizfinance screener views,2026-09-03T23:30:26+02:00,2026-07-22,,43,NORMAL,
CARG,CarGurus Inc,finviz_prefilter,revenue_growth,,price_min;market_cap_min;avg_volume_min;revenue_growth;eps_growth;eps_next_year;operating_margin;earnings_window,False,"{'revenue_growth_yoy': 7.24, 'eps_growth_yoy': 142.2, 'eps_next_year': 15.2, 'operating_margin': 25.71}",,Finviz via finvizfinance screener views,2026-09-03T23:30:26+02:00,2026-08-06,,28,NORMAL,"{'failed_gate': 'revenue_growth', 'actual_value': 7.24, 'applicable_threshold': 20.0, 'distance_to_threshold': 12.76, 'distance_to_threshold_pct': 63.800000000000004, 'formula': 'minimo: distance = threshold - actual; pct = distance / abs(threshold) * 100'}"
CART,Maplebear Inc,finviz_prefilter,revenue_growth;eps_growth,,price_min;market_cap_min;avg_volume_min;revenue_growth;eps_growth;eps_next_year;operating_margin;earnings_window,False,"{'revenue_growth_yoy': 14.11, 'eps_growth_yoy': 8.12, 'eps_next_year': 26.75, 'operating_margin': 16.68}",,Finviz via finvizfinance screener views,2026-09-03T23:30:26+02:00,2026-08-06,,28,NORMAL,
CBC,Central Bancompany Inc,finviz_prefilter,revenue_growth;eps_growth;eps_next_year,,price_min;market_cap_min;avg_volume_min;revenue_growth;eps_growth;eps_next_year;operating_margin;earnings_window,False,"{'revenue_growth_yoy': 7.109999999999999, 'eps_growth_yoy': 14.59, 'eps_next_year': 6.29, 'operating_margin': 43.47}",,Finviz via finvizfinance screener views,2026-09-03T23:30:26+02:00,2026-08-04,,30,NORMAL,
CBRS,Cerebras Systems Inc,finviz_prefilter,eps_growth;operating_margin,,price_min;market_cap_min;avg_volume_min;revenue_growth;eps_growth;eps_next_year;operating_margin;earnings_window,False,"{'revenue_growth_yoy': 74.32, 'eps_growth_yoy': -237.27999999999997, 'eps_next_year': None, 'operating_margin': -81.17}",,Finviz via finvizfinance screener views,2026-09-03T23:30:26+02:00,2026-08-12,,22,NORMAL,
CBSH,Commerce Bancshares Inc,finviz_prefilter,revenue_growth;eps_growth;eps_next_year,,price_min;market_cap_min;avg_volume_min;revenue_growth;eps_growth;eps_next_year;operating_margin;earnings_window,False,"{'revenue_growth_yoy': 14.280000000000001, 'eps_growth_yoy': 1.17, 'eps_next_year': 7.65, 'operating_margin': 33.739999999999995}",,Finviz via finvizfinance screener views,2026-09-03T23:30:26+02:00,2026-07-16,,49,NORMAL,
CCEP,Coca-Cola Europacific Partners Plc,finviz_prefilter,revenue_growth;eps_next_year,,price_min;market_cap_min;avg_volume_min;revenue_growth;eps_growth;eps_next_year;operating_margin;earnings_window,False,"{'revenue_growth_yoy': 1.72, 'eps_growth_yoy': 307.05, 'eps_next_year': 9.21, 'operating_margin': 13.54}",,Finviz via finvizfinance screener views,2026-09-03T23:30:26+02:00,2026-08-04,,30,NORMAL,
CDNA,Caredx Inc,finviz_prefilter,eps_next_year;operating_margin,,price_min;market_cap_min;avg_volume_min;revenue_growth;eps_growth;eps_next_year;operating_margin;earnings_window,False,"{'revenue_growth_yoy': 52.23, 'eps_growth_yoy': 1412.42, 'eps_next_year': 10.31, 'operating_margin': -0.4}",,Finviz via finvizfinance screener views,2026-09-03T23:30:26+02:00,2026-07-30,,35,NORMAL,
CDW,CDW Corp,finviz_prefilter,revenue_growth;eps_growth;eps_next_year;operating_margin,,price_min;market_cap_min;avg_volume_min;revenue_growth;eps_growth;eps_next_year;operating_margin;earnings_window,False,"{'revenue_growth_yoy': 9.969999999999999, 'eps_growth_yoy': 5.1499999999999995, 'eps_next_year': 9.22, 'operating_margin': 7.17}",,Finviz via finvizfinance screener views,2026-09-03T23:30:26+02:00,2026-08-05,,29,NORMAL,
CECO,Ceco Environmental Corp,finviz_prefilter,eps_growth;operating_margin,,price_min;market_cap_min;avg_volume_min;revenue_growth;eps_growth;eps_next_year;operating_margin;earnings_window,False,"{'revenue_growth_yoy': 53.71, 'eps_growth_yoy': -408.65, 'eps_next_year': 37.11, 'operating_margin': 5.82}",,Finviz via finvizfinance screener views,2026-09-03T23:30:26+02:00,2026-08-10,,24,NORMAL,
CEG,Constellation Energy Corp,finviz_prefilter,eps_growth;eps_next_year,,price_min;market_cap_min;avg_volume_min;revenue_growth;eps_growth;eps_next_year;operating_margin;earnings_window,False,"{'revenue_growth_yoy': 38.56, 'eps_growth_yoy': -46.67, 'eps_next_year': 10.14, 'operating_margin': 14.93}",,Finviz via finvizfinance screener views,2026-09-03T23:30:26+02:00,2026-08-06,,28,NORMAL,
CELH,Celsius Holdings Inc,finviz_prefilter,revenue_growth;eps_growth,,price_min;market_cap_min;avg_volume_min;revenue_growth;eps_growth;eps_next_year;operating_margin;earnings_window,False,"{'revenue_growth_yoy': 10.639999999999999, 'eps_growth_yoy': -56.95, 'eps_next_year': 20.58, 'operating_margin': 19.2}",,Finviz via finvizfinance screener views,2026-09-03T23:30:26+02:00,2026-08-06,,28,NORMAL,
CENX,Century Aluminum Co,finviz_prefilter,revenue_growth;eps_next_year,,price_min;market_cap_min;avg_volume_min;revenue_growth;eps_growth;eps_next_year;operating_margin;earnings_window,False,"{'revenue_growth_yoy': 19.74, 'eps_growth_yoy': 4938.74, 'eps_next_year': 11.95, 'operating_margin': 14.87}",,Finviz via finvizfinance screener views,2026-09-03T23:30:26+02:00,2026-08-06,,28,NORMAL,
CG,Carlyle Group Inc,finviz_prefilter,revenue_growth;eps_growth,,price_min;market_cap_min;avg_volume_min;revenue_growth;eps_growth;eps_next_year;operating_margin;earnings_window,False,"{'revenue_growth_yoy': -43.91, 'eps_growth_yoy': -57.15, 'eps_next_year': 40.66, 'operating_margin': 14.38}",,Finviz via finvizfinance screener views,2026-09-03T23:30:26+02:00,2026-08-05,,29,NORMAL,
CGNX,Cognex Corp,finviz_prefilter,revenue_growth,,price_min;market_cap_min;avg_volume_min;revenue_growth;eps_growth;eps_next_year;operating_margin;earnings_window,False,"{'revenue_growth_yoy': 16.93, 'eps_growth_yoy': 78.11, 'eps_next_year': 19.45, 'operating_margin': 21.9}",,Finviz via finvizfinance screener views,2026-09-03T23:30:26+02:00,2026-08-05,,29,NORMAL,"{'failed_gate': 'revenue_growth', 'actual_value': 16.93, 'applicable_threshold': 20.0, 'distance_to_threshold': 3.0700000000000003, 'distance_to_threshold_pct': 15.350000000000003, 'formula': 'minimo: distance = threshold - actual; pct = distance / abs(threshold) * 100'}"
CGON,Cg Oncology Inc,finviz_prefilter,eps_next_year;operating_margin,revenue_growth;eps_growth,price_min;market_cap_min;avg_volume_min;eps_next_year;operating_margin;earnings_window,False,"{'revenue_growth_yoy': None, 'eps_growth_yoy': -64.91, 'eps_next_year': 5.64, 'operating_margin': -4056.18}",,Finviz via finvizfinance screener views,2026-09-03T23:30:26+02:00,2026-08-06,,28,NORMAL,
CHDN,Churchill Downs Inc,finviz_prefilter,revenue_growth;eps_growth;eps_next_year,,price_min;market_cap_min;avg_volume_min;revenue_growth;eps_growth;eps_next_year;operating_margin;earnings_window,False,"{'revenue_growth_yoy': 4.88, 'eps_growth_yoy': 14.499999999999998, 'eps_next_year': 6.69, 'operating_margin': 25.81}",,Finviz via finvizfinance screener views,2026-09-03T23:30:26+02:00,2026-07-29,,36,NORMAL,
CHKP,Check Point Software Technologies Ltd,finviz_prefilter,revenue_growth;eps_growth;eps_next_year,,price_min;market_cap_min;avg_volume_min;revenue_growth;eps_growth;eps_next_year;operating_margin;earnings_window,False,"{'revenue_growth_yoy': 1.26, 'eps_growth_yoy': 1.9300000000000002, 'eps_next_year': 8.05, 'operating_margin': 29.020000000000003}",,Finviz via finvizfinance screener views,2026-09-03T23:30:26+02:00,2026-07-30,,35,NORMAL,
CHRD,Chord Energy Corp,finviz_prefilter,eps_next_year,,price_min;market_cap_min;avg_volume_min;revenue_growth;eps_growth;eps_next_year;operating_margin;earnings_window,False,"{'revenue_growth_yoy': 84.04, 'eps_growth_yoy': 237.04999999999998, 'eps_next_year': -29.05, 'operating_margin': 18.93}",,Finviz via finvizfinance screener views,2026-09-03T23:30:26+02:00,2026-08-05,,29,NORMAL,"{'failed_gate': 'eps_next_year', 'actual_value': -29.05, 'applicable_threshold': 15.0, 'distance_to_threshold': 44.05, 'distance_to_threshold_pct': 293.66666666666663, 'formula': 'minimo: distance = threshold - actual; pct = distance / abs(threshold) * 100'}"
CHRW,C.H. Robinson Worldwide Inc,finviz_prefilter,revenue_growth;eps_growth;operating_margin,,price_min;market_cap_min;avg_volume_min;revenue_growth;eps_growth;eps_next_year;operating_margin;earnings_window,False,"{'revenue_growth_yoy': 19.28, 'eps_growth_yoy': 23.810000000000002, 'eps_next_year': 20.44, 'operating_margin': 4.91}",,Finviz via finvizfinance screener views,2026-09-03T23:30:26+02:00,2026-07-29,,36,NORMAL,
CHTR,Charter Communications Inc,finviz_prefilter,revenue_growth;eps_growth;eps_next_year,,price_min;market_cap_min;avg_volume_min;revenue_growth;eps_growth;eps_next_year;operating_margin;earnings_window,False,"{'revenue_growth_yoy': -1.7399999999999998, 'eps_growth_yoy': 16.04, 'eps_next_year': 9.59, 'operating_margin': 23.98}",,Finviz via finvizfinance screener views,2026-09-03T23:30:26+02:00,2026-07-24,,41,NORMAL,
CHYM,Chime Financial Inc,finviz_prefilter,revenue_growth;operating_margin,,price_min;market_cap_min;avg_volume_min;revenue_growth;eps_growth;eps_next_year;operating_margin;earnings_window,False,"{'revenue_growth_yoy': 10.61, 'eps_growth_yoy': 102.84, 'eps_next_year': 104.64, 'operating_margin': -0.83}",,Finviz via finvizfinance screener views,2026-09-03T23:30:26+02:00,2026-08-05,,29,NORMAL,
CIFR,Cipher Digital Inc,finviz_prefilter,revenue_growth;eps_growth;operating_margin,,price_min;market_cap_min;avg_volume_min;revenue_growth;eps_growth;eps_next_year;operating_margin;earnings_window,False,"{'revenue_growth_yoy': -42.99, 'eps_growth_yoy': -435.21999999999997, 'eps_next_year': 79.15, 'operating_margin': -112.79999999999998}",,Finviz via finvizfinance screener views,2026-09-03T23:30:26+02:00,2026-08-04,,30,NORMAL,
CINF,Cincinnati Financial Corp,finviz_prefilter,eps_next_year,,price_min;market_cap_min;avg_volume_min;revenue_growth;eps_growth;eps_next_year;operating_margin;earnings_window,False,"{'revenue_growth_yoy': 31.59, 'eps_growth_yoy': 85.68, 'eps_next_year': 7.2, 'operating_margin': 30.159999999999997}",,Finviz via finvizfinance screener views,2026-09-03T23:30:26+02:00,2026-07-27,,38,NORMAL,"{'failed_gate': 'eps_next_year', 'actual_value': 7.2, 'applicable_threshold': 15.0, 'distance_to_threshold': 7.8, 'distance_to_threshold_pct': 52.0, 'formula': 'minimo: distance = threshold - actual; pct = distance / abs(threshold) * 100'}"
CLDX,Celldex Therapeutics Inc,finviz_prefilter,revenue_growth;eps_growth;eps_next_year;operating_margin,,price_min;market_cap_min;avg_volume_min;revenue_growth;eps_growth;eps_next_year;operating_margin;earnings_window,False,"{'revenue_growth_yoy': -96.99, 'eps_growth_yoy': -10.77, 'eps_next_year': -0.32, 'operating_margin': -206220.25}",,Finviz via finvizfinance screener views,2026-09-03T23:30:26+02:00,2026-08-06,,28,NORMAL,
CLMT,Calumet Inc,finviz_prefilter,operating_margin,,price_min;market_cap_min;avg_volume_min;revenue_growth;eps_growth;eps_next_year;operating_margin;earnings_window,False,"{'revenue_growth_yoy': 40.77, 'eps_growth_yoy': 35.75, 'eps_next_year': 193.54, 'operating_margin': 1.1900000000000002}",,Finviz via finvizfinance screener views,2026-09-03T23:30:26+02:00,2026-08-07,,27,NORMAL,"{'failed_gate': 'operating_margin', 'actual_value': 1.1900000000000002, 'applicable_threshold': 8.0, 'distance_to_threshold': 6.81, 'distance_to_threshold_pct': 85.125, 'formula': 'minimo: distance = threshold - actual; pct = distance / abs(threshold) * 100'}"
CMCSA,Comcast Corp,finviz_prefilter,revenue_growth;eps_growth;eps_next_year,,price_min;market_cap_min;avg_volume_min;revenue_growth;eps_growth;eps_next_year;operating_margin;earnings_window,False,"{'revenue_growth_yoy': -1.23, 'eps_growth_yoy': -66.9, 'eps_next_year': 3.17, 'operating_margin': 14.85}",,Finviz via finvizfinance screener views,2026-09-03T23:30:26+02:00,2026-07-23,,42,NORMAL,
CME,CME Group Inc,finviz_prefilter,revenue_growth;eps_growth;eps_next_year,,price_min;market_cap_min;avg_volume_min;revenue_growth;eps_growth;eps_next_year;operating_margin;earnings_window,False,"{'revenue_growth_yoy': 0.84, 'eps_growth_yoy': 2.6599999999999997, 'eps_next_year': 5.38, 'operating_margin': 65.10000000000001}",,Finviz via finvizfinance screener views,2026-09-03T23:30:26+02:00,2026-07-22,,43,NORMAL,
CNXC,Concentrix Corp,finviz_prefilter,revenue_growth;eps_next_year;operating_margin,,price_min;market_cap_min;avg_volume_min;revenue_growth;eps_growth;eps_next_year;operating_margin;earnings_window,False,"{'revenue_growth_yoy': 1.87, 'eps_growth_yoy': 36.61, 'eps_next_year': 5.52, 'operating_margin': 7.37}",,Finviz via finvizfinance screener views,2026-09-03T23:30:26+02:00,2026-06-29,,66,NORMAL,
COCO,Vita Coco Company Inc,finviz_prefilter,eps_next_year,,price_min;market_cap_min;avg_volume_min;revenue_growth;eps_growth;eps_next_year;operating_margin;earnings_window,False,"{'revenue_growth_yoy': 28.08, 'eps_growth_yoy': 112.29, 'eps_next_year': 12.67, 'operating_margin': 19.1}",,Finviz via finvizfinance screener views,2026-09-03T23:30:26+02:00,2026-07-23,,42,NORMAL,"{'failed_gate': 'eps_next_year', 'actual_value': 12.67, 'applicable_threshold': 15.0, 'distance_to_threshold': 2.33, 'distance_to_threshold_pct': 15.533333333333335, 'formula': 'minimo: distance = threshold - actual; pct = distance / abs(threshold) * 100'}"
COHU,Cohu Inc,finviz_prefilter,operating_margin,,price_min;market_cap_min;avg_volume_min;revenue_growth;eps_growth;eps_next_year;operating_margin;earnings_window,False,"{'revenue_growth_yoy': 38.37, 'eps_growth_yoy': 99.06, 'eps_next_year': 94.34, 'operating_margin': -6.38}",,Finviz via finvizfinance screener views,2026-09-03T23:30:26+02:00,2026-07-30,,35,NORMAL,"{'failed_gate': 'operating_margin', 'actual_value': -6.38, 'applicable_threshold': 8.0, 'distance_to_threshold': 14.379999999999999, 'distance_to_threshold_pct': 179.75, 'formula': 'minimo: distance = threshold - actual; pct = distance / abs(threshold) * 100'}"
COIN,Coinbase Global Inc,finviz_prefilter,revenue_growth;eps_growth;operating_margin,,price_min;market_cap_min;avg_volume_min;revenue_growth;eps_growth;eps_next_year;operating_margin;earnings_window,False,"{'revenue_growth_yoy': -61.1, 'eps_growth_yoy': -126.57000000000001, 'eps_next_year': 189.75, 'operating_margin': -37.56}",,Finviz via finvizfinance screener views,2026-09-03T23:30:26+02:00,2026-07-30,,35,NORMAL,
COLB,Columbia Banking System Inc,finviz_prefilter,eps_growth;eps_next_year,,price_min;market_cap_min;avg_volume_min;revenue_growth;eps_growth;eps_next_year;operating_margin;earnings_window,False,"{'revenue_growth_yoy': 21.959999999999997, 'eps_growth_yoy': 0.03, 'eps_next_year': 8.4, 'operating_margin': 30.620000000000005}",,Finviz via finvizfinance screener views,2026-09-03T23:30:26+02:00,2026-07-23,,42,NORMAL,
COO,Cooper Companies Inc,finviz_prefilter,revenue_growth;eps_growth;eps_next_year;earnings_window,,price_min;market_cap_min;avg_volume_min;revenue_growth;eps_growth;eps_next_year;operating_margin;earnings_window,False,"{'revenue_growth_yoy': 7.9, 'eps_growth_yoy': -191.42, 'eps_next_year': 8.11, 'operating_margin': 18.19}",,Finviz via finvizfinance screener views,2026-09-03T23:30:26+02:00,2026-09-09,6,,PRE_EARNINGS_BLACKOUT,
CORT,Corcept Therapeutics Inc,finviz_prefilter,eps_growth;operating_margin,,price_min;market_cap_min;avg_volume_min;revenue_growth;eps_growth;eps_next_year;operating_margin;earnings_window,False,"{'revenue_growth_yoy': 31.740000000000002, 'eps_growth_yoy': 23.91, 'eps_next_year': 108.21, 'operating_margin': 0.77}",,Finviz via finvizfinance screener views,2026-09-03T23:30:26+02:00,2026-07-29,,36,NORMAL,
CORZ,Core Scientific Inc,finviz_prefilter,eps_growth;operating_margin,,price_min;market_cap_min;avg_volume_min;revenue_growth;eps_growth;eps_next_year;operating_margin;earnings_window,False,"{'revenue_growth_yoy': 108.83, 'eps_growth_yoy': -7868.82, 'eps_next_year': 107.0, 'operating_margin': -30.620000000000005}",,Finviz via finvizfinance screener views,2026-09-03T23:30:26+02:00,2026-07-28,,37,NORMAL,
COST,Costco Wholesale Corp,finviz_prefilter,revenue_growth;eps_growth;eps_next_year;operating_margin,,price_min;market_cap_min;avg_volume_min;revenue_growth;eps_growth;eps_next_year;operating_margin;earnings_window,False,"{'revenue_growth_yoy': 11.58, 'eps_growth_yoy': 15.27, 'eps_next_year': 10.54, 'operating_margin': 3.82}",,Finviz via finvizfinance screener views,2026-09-03T23:30:26+02:00,2026-09-24,21,,NORMAL,
CPB,Campbells Co,finviz_prefilter,revenue_growth;eps_next_year;earnings_window,,price_min;market_cap_min;avg_volume_min;revenue_growth;eps_growth;eps_next_year;operating_margin;earnings_window,False,"{'revenue_growth_yoy': -4.3999999999999995, 'eps_growth_yoy': 87.9, 'eps_next_year': 6.8, 'operating_margin': 11.95}",,Finviz via finvizfinance screener views,2026-09-03T23:30:26+02:00,2026-09-03,0,,PRE_EARNINGS_BLACKOUT,
CPRT,Copart Inc,finviz_prefilter,revenue_growth;eps_growth;eps_next_year;earnings_window,,price_min;market_cap_min;avg_volume_min;revenue_growth;eps_growth;eps_next_year;operating_margin;earnings_window,False,"{'revenue_growth_yoy': 2.09, 'eps_growth_yoy': 2.67, 'eps_next_year': 5.82, 'operating_margin': 36.57}",,Finviz via finvizfinance screener views,2026-09-03T23:30:26+02:00,2026-09-10,7,,PRE_EARNINGS_BLACKOUT,
CRNX,Crinetics Pharmaceuticals Inc,finviz_prefilter,eps_growth;eps_next_year;operating_margin,,price_min;market_cap_min;avg_volume_min;revenue_growth;eps_growth;eps_next_year;operating_margin;earnings_window,False,"{'revenue_growth_yoy': 2336.28, 'eps_growth_yoy': 7.140000000000001, 'eps_next_year': 9.95, 'operating_margin': -1302.52}",,Finviz via finvizfinance screener views,2026-09-03T23:30:26+02:00,2026-08-03,,31,NORMAL,
CROX,Crocs Inc,finviz_prefilter,revenue_growth;eps_next_year,,price_min;market_cap_min;avg_volume_min;revenue_growth;eps_growth;eps_next_year;operating_margin;earnings_window,False,"{'revenue_growth_yoy': 2.62, 'eps_growth_yoy': 146.78, 'eps_next_year': 7.14, 'operating_margin': 20.810000000000002}",,Finviz via finvizfinance screener views,2026-09-03T23:30:26+02:00,2026-07-30,,35,NORMAL,
CRSP,CRISPR Therapeutics AG,finviz_prefilter,operating_margin,,price_min;market_cap_min;avg_volume_min;revenue_growth;eps_growth;eps_next_year;operating_margin;earnings_window,False,"{'revenue_growth_yoy': 1041.3700000000001, 'eps_growth_yoy': 60.57, 'eps_next_year': 25.73, 'operating_margin': -3971.5299999999997}",,Finviz via finvizfinance screener views,2026-09-03T23:30:26+02:00,2026-08-03,,31,NORMAL,"{'failed_gate': 'operating_margin', 'actual_value': -3971.5299999999997, 'applicable_threshold': 8.0, 'distance_to_threshold': 3979.5299999999997, 'distance_to_threshold_pct': 49744.125, 'formula': 'minimo: distance = threshold - actual; pct = distance / abs(threshold) * 100'}"
CRWD,Crowdstrike Holdings Inc,finviz_prefilter,operating_margin,,price_min;market_cap_min;avg_volume_min;revenue_growth;eps_growth;eps_next_year;operating_margin;earnings_window,False,"{'revenue_growth_yoy': 25.83, 'eps_growth_yoy': 106.56000000000002, 'eps_next_year': 27.17, 'operating_margin': -1.23}",,Finviz via finvizfinance screener views,2026-09-03T23:30:26+02:00,2026-08-26,,8,PEAD_WINDOW,"{'failed_gate': 'operating_margin', 'actual_value': -1.23, 'applicable_threshold': 8.0, 'distance_to_threshold': 9.23, 'distance_to_threshold_pct': 115.375, 'formula': 'minimo: distance = threshold - actual; pct = distance / abs(threshold) * 100'}"
CRWV,CoreWeave Inc,finviz_prefilter,eps_growth;operating_margin,,price_min;market_cap_min;avg_volume_min;revenue_growth;eps_growth;eps_next_year;operating_margin;earnings_window,False,"{'revenue_growth_yoy': 112.32, 'eps_growth_yoy': -79.2, 'eps_next_year': 50.72, 'operating_margin': -3.0300000000000002}",,Finviz via finvizfinance screener views,2026-09-03T23:30:26+02:00,2026-08-11,,23,NORMAL,
CSCO,Cisco Systems Inc,finviz_prefilter,revenue_growth;eps_next_year,,price_min;market_cap_min;avg_volume_min;revenue_growth;eps_growth;eps_next_year;operating_margin;earnings_window,False,"{'revenue_growth_yoy': 17.580000000000002, 'eps_growth_yoy': 36.96, 'eps_next_year': 9.3, 'operating_margin': 25.16}",,Finviz via finvizfinance screener views,2026-09-03T23:30:26+02:00,2026-08-12,,22,NORMAL,
CSGP,Costar Group Inc,finviz_prefilter,revenue_growth;operating_margin,,price_min;market_cap_min;avg_volume_min;revenue_growth;eps_growth;eps_next_year;operating_margin;earnings_window,False,"{'revenue_growth_yoy': 18.39, 'eps_growth_yoy': 831.5099999999999, 'eps_next_year': 25.58, 'operating_margin': 2.4299999999999997}",,Finviz via finvizfinance screener views,2026-09-03T23:30:26+02:00,2026-07-28,,37,NORMAL,
CSX,CSX Corp,finviz_prefilter,revenue_growth;eps_growth;eps_next_year,,price_min;market_cap_min;avg_volume_min;revenue_growth;eps_growth;eps_next_year;operating_margin;earnings_window,False,"{'revenue_growth_yoy': 10.100000000000001, 'eps_growth_yoy': 21.78, 'eps_next_year': 13.34, 'operating_margin': 35.27}",,Finviz via finvizfinance screener views,2026-09-03T23:30:26+02:00,2026-07-22,,43,NORMAL,
CTAS,Cintas Corp,finviz_prefilter,revenue_growth;eps_growth;eps_next_year,,price_min;market_cap_min;avg_volume_min;revenue_growth;eps_growth;eps_next_year;operating_margin;earnings_window,False,"{'revenue_growth_yoy': 8.9, 'eps_growth_yoy': 15.559999999999999, 'eps_next_year': 11.45, 'operating_margin': 23.26}",,Finviz via finvizfinance screener views,2026-09-03T23:30:26+02:00,2026-07-15,,50,NORMAL,
CTSH,Cognizant Technology Solutions Corp,finviz_prefilter,revenue_growth;eps_growth;eps_next_year,,price_min;market_cap_min;avg_volume_min;revenue_growth;eps_growth;eps_next_year;operating_margin;earnings_window,False,"{'revenue_growth_yoy': 4.5, 'eps_growth_yoy': 4.1000000000000005, 'eps_next_year': 9.76, 'operating_margin': 16.11}",,Finviz via finvizfinance screener views,2026-09-03T23:30:26+02:00,2026-07-29,,36,NORMAL,
CVBF,CVB Financial Corp,finviz_prefilter,eps_growth,,price_min;market_cap_min;avg_volume_min;revenue_growth;eps_growth;eps_next_year;operating_margin;earnings_window,False,"{'revenue_growth_yoy': 37.86, 'eps_growth_yoy': -21.58, 'eps_next_year': 31.93, 'operating_margin': 43.64}",,Finviz via finvizfinance screener views,2026-09-03T23:30:26+02:00,2026-07-22,,43,NORMAL,"{'failed_gate': 'eps_growth', 'actual_value': -21.58, 'applicable_threshold': 30.0, 'distance_to_threshold': 51.58, 'distance_to_threshold_pct': 171.93333333333334, 'formula': 'minimo: distance = threshold - actual; pct = distance / abs(threshold) * 100'}"
CYTK,Cytokinetics Inc,finviz_prefilter,revenue_growth;eps_growth;operating_margin,,price_min;market_cap_min;avg_volume_min;revenue_growth;eps_growth;eps_next_year;operating_margin;earnings_window,False,"{'revenue_growth_yoy': -57.13, 'eps_growth_yoy': -33.78, 'eps_next_year': 26.06, 'operating_margin': -1046.12}",,Finviz via finvizfinance screener views,2026-09-03T23:30:26+02:00,2026-08-06,,28,NORMAL,
CZR,Caesars Entertainment Inc,finviz_prefilter,revenue_growth;eps_growth,,price_min;market_cap_min;avg_volume_min;revenue_growth;eps_growth;eps_next_year;operating_margin;earnings_window,False,"{'revenue_growth_yoy': 2.96, 'eps_growth_yoy': 22.53, 'eps_next_year': 125.24, 'operating_margin': 17.69}",,Finviz via finvizfinance screener views,2026-09-03T23:30:26+02:00,2026-07-28,,37,NORMAL,
DASH,DoorDash Inc,finviz_prefilter,eps_growth;operating_margin,,price_min;market_cap_min;avg_volume_min;revenue_growth;eps_growth;eps_next_year;operating_margin;earnings_window,False,"{'revenue_growth_yoy': 35.63, 'eps_growth_yoy': -29.98, 'eps_next_year': 79.63, 'operating_margin': 5.46}",,Finviz via finvizfinance screener views,2026-09-03T23:30:26+02:00,2026-08-05,,29,NORMAL,
DBX,Dropbox Inc,finviz_prefilter,revenue_growth;eps_growth;eps_next_year,,price_min;market_cap_min;avg_volume_min;revenue_growth;eps_growth;eps_next_year;operating_margin;earnings_window,False,"{'revenue_growth_yoy': 0.9299999999999999, 'eps_growth_yoy': -6.94, 'eps_next_year': 8.34, 'operating_margin': 26.5}",,Finviz via finvizfinance screener views,2026-09-03T23:30:26+02:00,2026-08-06,,28,NORMAL,
DDOG,Datadog Inc,finviz_prefilter,operating_margin,,price_min;market_cap_min;avg_volume_min;revenue_growth;eps_growth;eps_next_year;operating_margin;earnings_window,False,"{'revenue_growth_yoy': 35.64, 'eps_growth_yoy': 1551.3500000000001, 'eps_next_year': 16.96, 'operating_margin': 0.48}",,Finviz via finvizfinance screener views,2026-09-03T23:30:26+02:00,2026-08-06,,28,NORMAL,"{'failed_gate': 'operating_margin', 'actual_value': 0.48, 'applicable_threshold': 8.0, 'distance_to_threshold': 7.52, 'distance_to_threshold_pct': 94.0, 'formula': 'minimo: distance = threshold - actual; pct = distance / abs(threshold) * 100'}"
DKNG,DraftKings Inc,finviz_prefilter,revenue_growth;eps_growth;operating_margin,,price_min;market_cap_min;avg_volume_min;revenue_growth;eps_growth;eps_next_year;operating_margin;earnings_window,False,"{'revenue_growth_yoy': -4.58, 'eps_growth_yoy': -145.99, 'eps_next_year': 603.07, 'operating_margin': -2.83}",,Finviz via finvizfinance screener views,2026-09-03T23:30:26+02:00,2026-08-06,,28,NORMAL,
DLTR,Dollar Tree Inc,finviz_prefilter,revenue_growth;eps_next_year,,price_min;market_cap_min;avg_volume_min;revenue_growth;eps_growth;eps_next_year;operating_margin;earnings_window,False,"{'revenue_growth_yoy': 7.02, 'eps_growth_yoy': 197.28, 'eps_next_year': 1.4, 'operating_margin': 10.54}",,Finviz via finvizfinance screener views,2026-09-03T23:30:26+02:00,2026-08-27,,7,PEAD_WINDOW,
DNLI,Denali Therapeutics Inc,finviz_prefilter,eps_next_year;operating_margin,revenue_growth;eps_growth,price_min;market_cap_min;avg_volume_min;eps_next_year;operating_margin;earnings_window,False,"{'revenue_growth_yoy': None, 'eps_growth_yoy': 5.93, 'eps_next_year': -0.68, 'operating_margin': -15058.189999999999}",,Finviz via finvizfinance screener views,2026-09-03T23:30:26+02:00,2026-08-06,,28,NORMAL,
DNTH,Dianthus Therapeutics Inc,finviz_prefilter,eps_growth;eps_next_year;operating_margin,,price_min;market_cap_min;avg_volume_min;revenue_growth;eps_growth;eps_next_year;operating_margin;earnings_window,False,"{'revenue_growth_yoy': 294.3, 'eps_growth_yoy': -1.51, 'eps_next_year': -21.63, 'operating_margin': -11441.39}",,Finviz via finvizfinance screener views,2026-09-03T23:30:26+02:00,2026-08-04,,30,NORMAL,
DOCU,DocuSign Inc,finviz_prefilter,revenue_growth;eps_growth;eps_next_year;earnings_window,,price_min;market_cap_min;avg_volume_min;revenue_growth;eps_growth;eps_next_year;operating_margin;earnings_window,False,"{'revenue_growth_yoy': 8.72, 'eps_growth_yoy': 17.51, 'eps_next_year': 12.48, 'operating_margin': 10.639999999999999}",,Finviz via finvizfinance screener views,2026-09-03T23:30:26+02:00,2026-09-03,0,,PRE_EARNINGS_BLACKOUT,
DOX,Amdocs Ltd,finviz_prefilter,revenue_growth;eps_growth;eps_next_year,,price_min;market_cap_min;avg_volume_min;revenue_growth;eps_growth;eps_next_year;operating_margin;earnings_window,False,"{'revenue_growth_yoy': 2.63, 'eps_growth_yoy': -57.53, 'eps_next_year': 8.06, 'operating_margin': 16.86}",,Finviz via finvizfinance screener views,2026-09-03T23:30:26+02:00,2026-08-05,,29,NORMAL,
DPZ,Dominos Pizza Inc,finviz_prefilter,revenue_growth;eps_growth;eps_next_year,,price_min;market_cap_min;avg_volume_min;revenue_growth;eps_growth;eps_next_year;operating_margin;earnings_window,False,"{'revenue_growth_yoy': 4.3, 'eps_growth_yoy': 6.92, 'eps_next_year': 9.81, 'operating_margin': 19.3}",,Finviz via finvizfinance screener views,2026-09-03T23:30:26+02:00,2026-07-20,,45,NORMAL,
DRS,Leonardo DRS Inc,finviz_prefilter,revenue_growth;eps_next_year,,price_min;market_cap_min;avg_volume_min;revenue_growth;eps_growth;eps_next_year;operating_margin;earnings_window,False,"{'revenue_growth_yoy': 10.13, 'eps_growth_yoy': 59.34, 'eps_next_year': 6.05, 'operating_margin': 10.56}",,Finviz via finvizfinance screener views,2026-09-03T23:30:26+02:00,2026-07-30,,35,NORMAL,
DUOL,Duolingo Inc,finviz_prefilter,revenue_growth;eps_growth,,price_min;market_cap_min;avg_volume_min;revenue_growth;eps_growth;eps_next_year;operating_margin;earnings_window,False,"{'revenue_growth_yoy': 18.310000000000002, 'eps_growth_yoy': -27.49, 'eps_next_year': 22.02, 'operating_margin': 14.21}",,Finviz via finvizfinance screener views,2026-09-03T23:30:26+02:00,2026-08-05,,29,NORMAL,
DXCM,Dexcom Inc,finviz_prefilter,revenue_growth,,price_min;market_cap_min;avg_volume_min;revenue_growth;eps_growth;eps_next_year;operating_margin;earnings_window,False,"{'revenue_growth_yoy': 13.08, 'eps_growth_yoy': 43.63, 'eps_next_year': 16.98, 'operating_margin': 22.919999999999998}",,Finviz via finvizfinance screener views,2026-09-03T23:30:26+02:00,2026-07-30,,35,NORMAL,"{'failed_gate': 'revenue_growth', 'actual_value': 13.08, 'applicable_threshold': 20.0, 'distance_to_threshold': 6.92, 'distance_to_threshold_pct': 34.599999999999994, 'formula': 'minimo: distance = threshold - actual; pct = distance / abs(threshold) * 100'}"
EBAY,EBay Inc,finviz_prefilter,revenue_growth;eps_next_year,,price_min;market_cap_min;avg_volume_min;revenue_growth;eps_growth;eps_next_year;operating_margin;earnings_window,False,"{'revenue_growth_yoy': 14.37, 'eps_growth_yoy': 54.379999999999995, 'eps_next_year': 9.91, 'operating_margin': 21.44}",,Finviz via finvizfinance screener views,2026-09-03T23:30:26+02:00,2026-08-05,,29,NORMAL,
EBC,Eastern Bankshares Inc,finviz_prefilter,eps_growth;eps_next_year,,price_min;market_cap_min;avg_volume_min;revenue_growth;eps_growth;eps_next_year;operating_margin;earnings_window,False,"{'revenue_growth_yoy': 26.36, 'eps_growth_yoy': -4.73, 'eps_next_year': 13.86, 'operating_margin': 26.919999999999998}",,Finviz via finvizfinance screener views,2026-09-03T23:30:26+02:00,2026-07-23,,42,NORMAL,
ECHO,EchoStar Corp,finviz_prefilter,revenue_growth;eps_next_year;operating_margin,,price_min;market_cap_min;avg_volume_min;revenue_growth;eps_growth;eps_next_year;operating_margin;earnings_window,False,"{'revenue_growth_yoy': -3.9899999999999998, 'eps_growth_yoy': 2364.9, 'eps_next_year': -86.58, 'operating_margin': 7.1499999999999995}",,Finviz via finvizfinance screener views,2026-09-03T23:30:26+02:00,2026-08-03,,31,NORMAL,
ENPH,Enphase Energy Inc,finviz_prefilter,revenue_growth;eps_growth;eps_next_year,,price_min;market_cap_min;avg_volume_min;revenue_growth;eps_growth;eps_next_year;operating_margin;earnings_window,False,"{'revenue_growth_yoy': -19.63, 'eps_growth_yoy': -2.55, 'eps_next_year': 11.54, 'operating_margin': 25.629999999999995}",,Finviz via finvizfinance screener views,2026-09-03T23:30:26+02:00,2026-07-28,,37,NORMAL,
ENTG,Entegris Inc,finviz_prefilter,revenue_growth,,price_min;market_cap_min;avg_volume_min;revenue_growth;eps_growth;eps_next_year;operating_margin;earnings_window,False,"{'revenue_growth_yoy': 11.459999999999999, 'eps_growth_yoy': 75.32, 'eps_next_year': 29.19, 'operating_margin': 17.09}",,Finviz via finvizfinance screener views,2026-09-03T23:30:26+02:00,2026-08-04,,30,NORMAL,"{'failed_gate': 'revenue_growth', 'actual_value': 11.459999999999999, 'applicable_threshold': 20.0, 'distance_to_threshold': 8.540000000000001, 'distance_to_threshold_pct': 42.7, 'formula': 'minimo: distance = threshold - actual; pct = distance / abs(threshold) * 100'}"
EQPT,Equipmentshare.Com Inc,finviz_prefilter,eps_growth;operating_margin,,price_min;market_cap_min;avg_volume_min;revenue_growth;eps_growth;eps_next_year;operating_margin;earnings_window,False,"{'revenue_growth_yoy': 26.33, 'eps_growth_yoy': 29.24, 'eps_next_year': 59.61, 'operating_margin': 6.84}",,Finviz via finvizfinance screener views,2026-09-03T23:30:26+02:00,2026-08-12,,22,NORMAL,
ETOR,Etoro Group Ltd,finviz_prefilter,revenue_growth,,price_min;market_cap_min;avg_volume_min;revenue_growth;eps_growth;eps_next_year;operating_margin;earnings_window,False,"{'revenue_growth_yoy': 10.299999999999999, 'eps_growth_yoy': 87.37, 'eps_next_year': 20.02, 'operating_margin': 31.96}",,Finviz via finvizfinance screener views,2026-09-03T23:30:26+02:00,2026-08-11,,23,NORMAL,"{'failed_gate': 'revenue_growth', 'actual_value': 10.299999999999999, 'applicable_threshold': 20.0, 'distance_to_threshold': 9.700000000000001, 'distance_to_threshold_pct': 48.50000000000001, 'formula': 'minimo: distance = threshold - actual; pct = distance / abs(threshold) * 100'}"
EVRG,Evergy Inc,finviz_prefilter,revenue_growth;eps_growth;eps_next_year,,price_min;market_cap_min;avg_volume_min;revenue_growth;eps_growth;eps_next_year;operating_margin;earnings_window,False,"{'revenue_growth_yoy': 4.84, 'eps_growth_yoy': 23.5, 'eps_next_year': 7.16, 'operating_margin': 25.55}",,Finviz via finvizfinance screener views,2026-09-03T23:30:26+02:00,2026-08-06,,28,NORMAL,
EWBC,East West Bancorp Inc,finviz_prefilter,revenue_growth;eps_growth;eps_next_year,,price_min;market_cap_min;avg_volume_min;revenue_growth;eps_growth;eps_next_year;operating_margin;earnings_window,False,"{'revenue_growth_yoy': 4.15, 'eps_growth_yoy': 17.64, 'eps_next_year': 6.52, 'operating_margin': 39.68}",,Finviz via finvizfinance screener views,2026-09-03T23:30:26+02:00,2026-07-21,,44,NORMAL,
EXC,Exelon Corp,finviz_prefilter,revenue_growth;eps_growth;eps_next_year,,price_min;market_cap_min;avg_volume_min;revenue_growth;eps_growth;eps_next_year;operating_margin;earnings_window,False,"{'revenue_growth_yoy': 9.950000000000001, 'eps_growth_yoy': -0.31, 'eps_next_year': 6.32, 'operating_margin': 20.79}",,Finviz via finvizfinance screener views,2026-09-03T23:30:26+02:00,2026-07-30,,35,NORMAL,
EXE,Expand Energy Corp,finviz_prefilter,revenue_growth;eps_growth;eps_next_year,,price_min;market_cap_min;avg_volume_min;revenue_growth;eps_growth;eps_next_year;operating_margin;earnings_window,False,"{'revenue_growth_yoy': -10.61, 'eps_growth_yoy': -45.58, 'eps_next_year': -5.63, 'operating_margin': 21.529999999999998}",,Finviz via finvizfinance screener views,2026-09-03T23:30:26+02:00,2026-07-28,,37,NORMAL,
EXEL,Exelixis Inc,finviz_prefilter,revenue_growth;eps_growth,,price_min;market_cap_min;avg_volume_min;revenue_growth;eps_growth;eps_next_year;operating_margin;earnings_window,False,"{'revenue_growth_yoy': 10.63, 'eps_growth_yoy': 25.629999999999995, 'eps_next_year': 18.04, 'operating_margin': 40.72}",,Finviz via finvizfinance screener views,2026-09-03T23:30:26+02:00,2026-08-05,,29,NORMAL,
EXLS,ExlService Holdings Inc,finviz_prefilter,revenue_growth;eps_growth;eps_next_year,,price_min;market_cap_min;avg_volume_min;revenue_growth;eps_growth;eps_next_year;operating_margin;earnings_window,False,"{'revenue_growth_yoy': 15.61, 'eps_growth_yoy': 4.92, 'eps_next_year': 13.47, 'operating_margin': 14.42}",,Finviz via finvizfinance screener views,2026-09-03T23:30:26+02:00,2026-07-28,,37,NORMAL,
EXPE,Expedia Group Inc,finviz_prefilter,revenue_growth,,price_min;market_cap_min;avg_volume_min;revenue_growth;eps_growth;eps_next_year;operating_margin;earnings_window,False,"{'revenue_growth_yoy': 13.969999999999999, 'eps_growth_yoy': 188.32999999999998, 'eps_next_year': 17.16, 'operating_margin': 16.64}",,Finviz via finvizfinance screener views,2026-09-03T23:30:26+02:00,2026-08-05,,29,NORMAL,"{'failed_gate': 'revenue_growth', 'actual_value': 13.969999999999999, 'applicable_threshold': 20.0, 'distance_to_threshold': 6.030000000000001, 'distance_to_threshold_pct': 30.150000000000006, 'formula': 'minimo: distance = threshold - actual; pct = distance / abs(threshold) * 100'}"
EXTR,Extreme Networks Inc,finviz_prefilter,revenue_growth;operating_margin,,price_min;market_cap_min;avg_volume_min;revenue_growth;eps_growth;eps_next_year;operating_margin;earnings_window,False,"{'revenue_growth_yoy': 10.280000000000001, 'eps_growth_yoy': 329.59000000000003, 'eps_next_year': 16.49, 'operating_margin': 5.050000000000001}",,Finviz via finvizfinance screener views,2026-09-03T23:30:26+02:00,2026-08-05,,29,NORMAL,
EZPW,EZCorp Inc,finviz_prefilter,eps_next_year,,price_min;market_cap_min;avg_volume_min;revenue_growth;eps_growth;eps_next_year;operating_margin;earnings_window,False,"{'revenue_growth_yoy': 34.65, 'eps_growth_yoy': 39.519999999999996, 'eps_next_year': 6.69, 'operating_margin': 13.969999999999999}",,Finviz via finvizfinance screener views,2026-09-03T23:30:26+02:00,2026-08-05,,29,NORMAL,"{'failed_gate': 'eps_next_year', 'actual_value': 6.69, 'applicable_threshold': 15.0, 'distance_to_threshold': 8.309999999999999, 'distance_to_threshold_pct': 55.39999999999999, 'formula': 'minimo: distance = threshold - actual; pct = distance / abs(threshold) * 100'}"
FA,First Advantage Corp,finviz_prefilter,revenue_growth,,price_min;market_cap_min;avg_volume_min;revenue_growth;eps_growth;eps_next_year;operating_margin;earnings_window,False,"{'revenue_growth_yoy': 14.879999999999999, 'eps_growth_yoy': 5322.22, 'eps_next_year': 17.96, 'operating_margin': 10.89}",,Finviz via finvizfinance screener views,2026-09-03T23:30:26+02:00,2026-08-06,,28,NORMAL,"{'failed_gate': 'revenue_growth', 'actual_value': 14.879999999999999, 'applicable_threshold': 20.0, 'distance_to_threshold': 5.120000000000001, 'distance_to_threshold_pct': 25.600000000000005, 'formula': 'minimo: distance = threshold - actual; pct = distance / abs(threshold) * 100'}"
FANG,Diamondback Energy Inc,finviz_prefilter,eps_next_year,,price_min;market_cap_min;avg_volume_min;revenue_growth;eps_growth;eps_next_year;operating_margin;earnings_window,False,"{'revenue_growth_yoy': 51.22, 'eps_growth_yoy': 179.68, 'eps_next_year': -11.23, 'operating_margin': 35.05}",,Finviz via finvizfinance screener views,2026-09-03T23:30:26+02:00,2026-08-03,,31,NORMAL,"{'failed_gate': 'eps_next_year', 'actual_value': -11.23, 'applicable_threshold': 15.0, 'distance_to_threshold': 26.23, 'distance_to_threshold_pct': 174.86666666666665, 'formula': 'minimo: distance = threshold - actual; pct = distance / abs(threshold) * 100'}"
FAST,Fastenal Co,finviz_prefilter,revenue_growth;eps_growth;eps_next_year,,price_min;market_cap_min;avg_volume_min;revenue_growth;eps_growth;eps_next_year;operating_margin;earnings_window,False,"{'revenue_growth_yoy': 14.74, 'eps_growth_yoy': 15.879999999999999, 'eps_next_year': 10.81, 'operating_margin': 20.29}",,Finviz via finvizfinance screener views,2026-09-03T23:30:26+02:00,2026-07-14,,51,NORMAL,
FER,Ferrovial N. V,finviz_prefilter,revenue_growth,,price_min;market_cap_min;avg_volume_min;revenue_growth;eps_growth;eps_next_year;operating_margin;earnings_window,False,"{'revenue_growth_yoy': 6.64, 'eps_growth_yoy': 953.2400000000001, 'eps_next_year': 18.61, 'operating_margin': 10.42}",,Finviz via finvizfinance screener views,2026-09-03T23:30:26+02:00,2026-07-28,,37,NORMAL,"{'failed_gate': 'revenue_growth', 'actual_value': 6.64, 'applicable_threshold': 20.0, 'distance_to_threshold': 13.36, 'distance_to_threshold_pct': 66.8, 'formula': 'minimo: distance = threshold - actual; pct = distance / abs(threshold) * 100'}"
FFBC,First Financial Bancorp,finviz_prefilter,revenue_growth;eps_growth;eps_next_year,,price_min;market_cap_min;avg_volume_min;revenue_growth;eps_growth;eps_next_year;operating_margin;earnings_window,False,"{'revenue_growth_yoy': 12.98, 'eps_growth_yoy': -0.33999999999999997, 'eps_next_year': 11.57, 'operating_margin': 26.06}",,Finviz via finvizfinance screener views,2026-09-03T23:30:26+02:00,2026-07-21,,44,NORMAL,
FFIN,First Financial Bankshares Inc,finviz_prefilter,revenue_growth;eps_growth;eps_next_year,,price_min;market_cap_min;avg_volume_min;revenue_growth;eps_growth;eps_next_year;operating_margin;earnings_window,False,"{'revenue_growth_yoy': 8.43, 'eps_growth_yoy': 7.61, 'eps_next_year': 5.05, 'operating_margin': 37.86}",,Finviz via finvizfinance screener views,2026-09-03T23:30:26+02:00,2026-07-16,,49,NORMAL,
FHB,First Hawaiian INC,finviz_prefilter,revenue_growth;eps_growth;eps_next_year,,price_min;market_cap_min;avg_volume_min;revenue_growth;eps_growth;eps_next_year;operating_margin;earnings_window,False,"{'revenue_growth_yoy': 0.7100000000000001, 'eps_growth_yoy': 3.04, 'eps_next_year': 7.12, 'operating_margin': 31.730000000000004}",,Finviz via finvizfinance screener views,2026-09-03T23:30:26+02:00,2026-07-24,,41,NORMAL,
FIBK,First Interstate BancSystem Inc,finviz_prefilter,revenue_growth;eps_growth;eps_next_year,,price_min;market_cap_min;avg_volume_min;revenue_growth;eps_growth;eps_next_year;operating_margin;earnings_window,False,"{'revenue_growth_yoy': -7.8, 'eps_growth_yoy': 24.97, 'eps_next_year': -0.58, 'operating_margin': 29.409999999999997}",,Finviz via finvizfinance screener views,2026-09-03T23:30:26+02:00,2026-07-23,,42,NORMAL,
FISV,Fiserv Inc,finviz_prefilter,revenue_growth;eps_growth;eps_next_year,,price_min;market_cap_min;avg_volume_min;revenue_growth;eps_growth;eps_next_year;operating_margin;earnings_window,False,"{'revenue_growth_yoy': -4.06, 'eps_growth_yoy': -36.71, 'eps_next_year': 9.78, 'operating_margin': 21.57}",,Finviz via finvizfinance screener views,2026-09-03T23:30:26+02:00,2026-08-06,,28,NORMAL,
FIVE,Five Below Inc,finviz_prefilter,eps_next_year,,price_min;market_cap_min;avg_volume_min;revenue_growth;eps_growth;eps_next_year;operating_margin;earnings_window,False,"{'revenue_growth_yoy': 22.85, 'eps_growth_yoy': 416.84000000000003, 'eps_next_year': 7.97, 'operating_margin': 14.75}",,Finviz via finvizfinance screener views,2026-09-03T23:30:26+02:00,2026-09-02,,1,PEAD_WINDOW,"{'failed_gate': 'eps_next_year', 'actual_value': 7.97, 'applicable_threshold': 15.0, 'distance_to_threshold': 7.03, 'distance_to_threshold_pct': 46.86666666666667, 'formula': 'minimo: distance = threshold - actual; pct = distance / abs(threshold) * 100'}"
FIVN,Five9 Inc,finviz_prefilter,revenue_growth;operating_margin,,price_min;market_cap_min;avg_volume_min;revenue_growth;eps_growth;eps_next_year;operating_margin;earnings_window,False,"{'revenue_growth_yoy': 10.299999999999999, 'eps_growth_yoy': 203.08, 'eps_next_year': 18.03, 'operating_margin': 6.05}",,Finviz via finvizfinance screener views,2026-09-03T23:30:26+02:00,2026-08-06,,28,NORMAL,
FLEX,Flex Ltd,finviz_prefilter,operating_margin,,price_min;market_cap_min;avg_volume_min;revenue_growth;eps_growth;eps_next_year;operating_margin;earnings_window,False,"{'revenue_growth_yoy': 20.580000000000002, 'eps_growth_yoy': 51.22, 'eps_next_year': 51.51, 'operating_margin': 5.58}",,Finviz via finvizfinance screener views,2026-09-03T23:30:26+02:00,2026-07-29,,36,NORMAL,"{'failed_gate': 'operating_margin', 'actual_value': 5.58, 'applicable_threshold': 8.0, 'distance_to_threshold': 2.42, 'distance_to_threshold_pct': 30.25, 'formula': 'minimo: distance = threshold - actual; pct = distance / abs(threshold) * 100'}"
FLY,Firefly Aerospace Inc,finviz_prefilter,eps_growth;operating_margin,,price_min;market_cap_min;avg_volume_min;revenue_growth;eps_growth;eps_next_year;operating_margin;earnings_window,False,"{'revenue_growth_yoy': 656.85, 'eps_growth_yoy': -2.13, 'eps_next_year': 22.41, 'operating_margin': -116.39999999999999}",,Finviz via finvizfinance screener views,2026-09-03T23:30:26+02:00,2026-08-11,,23,NORMAL,
FLYW,Flywire Corp,finviz_prefilter,operating_margin,,price_min;market_cap_min;avg_volume_min;revenue_growth;eps_growth;eps_next_year;operating_margin;earnings_window,False,"{'revenue_growth_yoy': 27.18, 'eps_growth_yoy': 32.39, 'eps_next_year': 69.9, 'operating_margin': 5.94}",,Finviz via finvizfinance screener views,2026-09-03T23:30:26+02:00,2026-08-04,,30,NORMAL,"{'failed_gate': 'operating_margin', 'actual_value': 5.94, 'applicable_threshold': 8.0, 'distance_to_threshold': 2.0599999999999996, 'distance_to_threshold_pct': 25.749999999999996, 'formula': 'minimo: distance = threshold - actual; pct = distance / abs(threshold) * 100'}"
FOX,Fox Corp,finviz_prefilter,eps_growth;eps_next_year,,price_min;market_cap_min;avg_volume_min;revenue_growth;eps_growth;eps_next_year;operating_margin;earnings_window,False,"{'revenue_growth_yoy': 28.139999999999997, 'eps_growth_yoy': 2.91, 'eps_next_year': -1.49, 'operating_margin': 20.41}",,Finviz via finvizfinance screener views,2026-09-03T23:30:26+02:00,2026-08-06,,28,NORMAL,
FOXA,Fox Corp,finviz_prefilter,eps_growth;eps_next_year,,price_min;market_cap_min;avg_volume_min;revenue_growth;eps_growth;eps_next_year;operating_margin;earnings_window,False,"{'revenue_growth_yoy': 28.139999999999997, 'eps_growth_yoy': 2.91, 'eps_next_year': -1.74, 'operating_margin': 20.41}",,Finviz via finvizfinance screener views,2026-09-03T23:30:26+02:00,2026-08-06,,28,NORMAL,
FROG,JFrog Ltd,finviz_prefilter,operating_margin,,price_min;market_cap_min;avg_volume_min;revenue_growth;eps_growth;eps_next_year;operating_margin;earnings_window,False,"{'revenue_growth_yoy': 28.73, 'eps_growth_yoy': 81.82000000000001, 'eps_next_year': 16.81, 'operating_margin': -12.93}",,Finviz via finvizfinance screener views,2026-09-03T23:30:26+02:00,2026-08-06,,28,NORMAL,"{'failed_gate': 'operating_margin', 'actual_value': -12.93, 'applicable_threshold': 8.0, 'distance_to_threshold': 20.93, 'distance_to_threshold_pct': 261.625, 'formula': 'minimo: distance = threshold - actual; pct = distance / abs(threshold) * 100'}"
FRPT,Freshpet Inc,finviz_prefilter,revenue_growth;eps_growth;eps_next_year,,price_min;market_cap_min;avg_volume_min;revenue_growth;eps_growth;eps_next_year;operating_margin;earnings_window,False,"{'revenue_growth_yoy': 15.45, 'eps_growth_yoy': 19.15, 'eps_next_year': -3.91, 'operating_margin': 8.260000000000002}",,Finviz via finvizfinance screener views,2026-09-03T23:30:26+02:00,2026-08-05,,29,NORMAL,
FSLR,First Solar Inc,finviz_prefilter,revenue_growth;eps_growth,,price_min;market_cap_min;avg_volume_min;revenue_growth;eps_growth;eps_next_year;operating_margin;earnings_window,False,"{'revenue_growth_yoy': -3.73, 'eps_growth_yoy': 23.36, 'eps_next_year': 34.2, 'operating_margin': 34.98}",,Finviz via finvizfinance screener views,2026-09-03T23:30:26+02:00,2026-07-30,,35,NORMAL,
FSLY,Fastly Inc,finviz_prefilter,eps_next_year;operating_margin,,price_min;market_cap_min;avg_volume_min;revenue_growth;eps_growth;eps_next_year;operating_margin;earnings_window,False,"{'revenue_growth_yoy': 23.27, 'eps_growth_yoy': 61.59, 'eps_next_year': 11.15, 'operating_margin': -11.959999999999999}",,Finviz via finvizfinance screener views,2026-09-03T23:30:26+02:00,2026-08-05,,29,NORMAL,
FTAI,FTAI Aviation Ltd,finviz_prefilter,eps_growth,,price_min;market_cap_min;avg_volume_min;revenue_growth;eps_growth;eps_next_year;operating_margin;earnings_window,False,"{'revenue_growth_yoy': 40.79, 'eps_growth_yoy': -27.900000000000002, 'eps_next_year': 123.72, 'operating_margin': 25.119999999999997}",,Finviz via finvizfinance screener views,2026-09-03T23:30:26+02:00,2026-07-29,,36,NORMAL,"{'failed_gate': 'eps_growth', 'actual_value': -27.900000000000002, 'applicable_threshold': 20.0, 'distance_to_threshold': 47.900000000000006, 'distance_to_threshold_pct': 239.50000000000006, 'formula': 'minimo: distance = threshold - actual; pct = distance / abs(threshold) * 100'}"
FTNT,Fortinet Inc,finviz_prefilter,eps_next_year,,price_min;market_cap_min;avg_volume_min;revenue_growth;eps_growth;eps_next_year;operating_margin;earnings_window,False,"{'revenue_growth_yoy': 25.64, 'eps_growth_yoy': 43.86, 'eps_next_year': 9.44, 'operating_margin': 32.37}",,Finviz via finvizfinance screener views,2026-09-03T23:30:26+02:00,2026-07-29,,36,NORMAL,"{'failed_gate': 'eps_next_year', 'actual_value': 9.44, 'applicable_threshold': 15.0, 'distance_to_threshold': 5.5600000000000005, 'distance_to_threshold_pct': 37.06666666666667, 'formula': 'minimo: distance = threshold - actual; pct = distance / abs(threshold) * 100'}"
FULT,Fulton Financial Corp,finviz_prefilter,revenue_growth;eps_growth;eps_next_year,,price_min;market_cap_min;avg_volume_min;revenue_growth;eps_growth;eps_next_year;operating_margin;earnings_window,False,"{'revenue_growth_yoy': 7.580000000000001, 'eps_growth_yoy': -1.58, 'eps_next_year': 10.09, 'operating_margin': 26.540000000000003}",,Finviz via finvizfinance screener views,2026-09-03T23:30:26+02:00,2026-07-22,,43,NORMAL,
FWONK,Liberty Media Corp,finviz_prefilter,revenue_growth;eps_growth,,price_min;market_cap_min;avg_volume_min;revenue_growth;eps_growth;eps_next_year;operating_margin;earnings_window,False,"{'revenue_growth_yoy': -30.349999999999998, 'eps_growth_yoy': -98.69, 'eps_next_year': 21.89, 'operating_margin': 12.45}",,Finviz via finvizfinance screener views,2026-09-03T23:30:26+02:00,2026-08-06,,28,NORMAL,
GEHC,GE HealthCare Technologies Inc,finviz_prefilter,revenue_growth;eps_growth;eps_next_year,,price_min;market_cap_min;avg_volume_min;revenue_growth;eps_growth;eps_next_year;operating_margin;earnings_window,False,"{'revenue_growth_yoy': 5.75, 'eps_growth_yoy': 16.45, 'eps_next_year': 10.41, 'operating_margin': 13.73}",,Finviz via finvizfinance screener views,2026-09-03T23:30:26+02:00,2026-07-29,,36,NORMAL,
GEN,Gen Digital Inc,finviz_prefilter,revenue_growth;eps_next_year,,price_min;market_cap_min;avg_volume_min;revenue_growth;eps_growth;eps_next_year;operating_margin;earnings_window,False,"{'revenue_growth_yoy': 6.279999999999999, 'eps_growth_yoy': 64.79, 'eps_next_year': 12.85, 'operating_margin': 42.8}",,Finviz via finvizfinance screener views,2026-09-03T23:30:26+02:00,2026-08-06,,28,NORMAL,
GFS,GlobalFoundries Inc,finviz_prefilter,revenue_growth;eps_growth,,price_min;market_cap_min;avg_volume_min;revenue_growth;eps_growth;eps_next_year;operating_margin;earnings_window,False,"{'revenue_growth_yoy': 5.81, 'eps_growth_yoy': -27.05, 'eps_next_year': 30.46, 'operating_margin': 11.59}",,Finviz via finvizfinance screener views,2026-09-03T23:30:26+02:00,2026-08-05,,29,NORMAL,
GH,Guardant Health Inc,finviz_prefilter,eps_growth;operating_margin,,price_min;market_cap_min;avg_volume_min;revenue_growth;eps_growth;eps_next_year;operating_margin;earnings_window,False,"{'revenue_growth_yoy': 44.330000000000005, 'eps_growth_yoy': -12.34, 'eps_next_year': 39.42, 'operating_margin': -39.7}",,Finviz via finvizfinance screener views,2026-09-03T23:30:26+02:00,2026-07-30,,35,NORMAL,
GILD,Gilead Sciences Inc,finviz_prefilter,revenue_growth;eps_growth,,price_min;market_cap_min;avg_volume_min;revenue_growth;eps_growth;eps_next_year;operating_margin;earnings_window,False,"{'revenue_growth_yoy': 10.73, 'eps_growth_yoy': -640.66, 'eps_next_year': 2244.61, 'operating_margin': 39.050000000000004}",,Finviz via finvizfinance screener views,2026-09-03T23:30:26+02:00,2026-08-04,,30,NORMAL,
GLNG,Golar Lng,finviz_prefilter,eps_next_year,,price_min;market_cap_min;avg_volume_min;revenue_growth;eps_growth;eps_next_year;operating_margin;earnings_window,False,"{'revenue_growth_yoy': 72.42, 'eps_growth_yoy': 145.13, 'eps_next_year': -55.25, 'operating_margin': 45.51}",,Finviz via finvizfinance screener views,2026-09-03T23:30:26+02:00,2026-08-13,,21,NORMAL,"{'failed_gate': 'eps_next_year', 'actual_value': -55.25, 'applicable_threshold': 15.0, 'distance_to_threshold': 70.25, 'distance_to_threshold_pct': 468.33333333333337, 'formula': 'minimo: distance = threshold - actual; pct = distance / abs(threshold) * 100'}"
GLPI,Gaming and Leisure Properties Inc,finviz_prefilter,revenue_growth;eps_next_year,,price_min;market_cap_min;avg_volume_min;revenue_growth;eps_growth;eps_next_year;operating_margin;earnings_window,False,"{'revenue_growth_yoy': 9.030000000000001, 'eps_growth_yoy': 46.54, 'eps_next_year': 3.44, 'operating_margin': 82.62}",,Finviz via finvizfinance screener views,2026-09-03T23:30:26+02:00,2026-07-30,,35,NORMAL,
GLXY,Galaxy Digital Inc,finviz_prefilter,revenue_growth;eps_growth,,price_min;market_cap_min;avg_volume_min;revenue_growth;eps_growth;eps_next_year;operating_margin;earnings_window,False,"{'revenue_growth_yoy': -73.19, 'eps_growth_yoy': -191.71, 'eps_next_year': 73.01, 'operating_margin': 29.720000000000002}",,Finviz via finvizfinance screener views,2026-09-03T23:30:26+02:00,2026-08-05,,29,NORMAL,
GNTX,Gentex Corp,finviz_prefilter,revenue_growth;eps_growth;eps_next_year,,price_min;market_cap_min;avg_volume_min;revenue_growth;eps_growth;eps_next_year;operating_margin;earnings_window,False,"{'revenue_growth_yoy': -1.0, 'eps_growth_yoy': 25.53, 'eps_next_year': 5.54, 'operating_margin': 19.55}",,Finviz via finvizfinance screener views,2026-09-03T23:30:26+02:00,2026-07-24,,41,NORMAL,
GOOG,Alphabet Inc,finviz_prefilter,eps_next_year,,price_min;market_cap_min;avg_volume_min;revenue_growth;eps_growth;eps_next_year;operating_margin;earnings_window,False,"{'revenue_growth_yoy': 23.98, 'eps_growth_yoy': 294.02, 'eps_next_year': -26.72, 'operating_margin': 33.96}",,Finviz via finvizfinance screener views,2026-09-03T23:30:26+02:00,2026-07-22,,43,NORMAL,"{'failed_gate': 'eps_next_year', 'actual_value': -26.72, 'applicable_threshold': 15.0, 'distance_to_threshold': 41.72, 'distance_to_threshold_pct': 278.1333333333333, 'formula': 'minimo: distance = threshold - actual; pct = distance / abs(threshold) * 100'}"
GOOGL,Alphabet Inc,finviz_prefilter,eps_next_year,,price_min;market_cap_min;avg_volume_min;revenue_growth;eps_growth;eps_next_year;operating_margin;earnings_window,False,"{'revenue_growth_yoy': 23.98, 'eps_growth_yoy': 294.02, 'eps_next_year': -26.67, 'operating_margin': 33.96}",,Finviz via finvizfinance screener views,2026-09-03T23:30:26+02:00,2026-07-22,,43,NORMAL,"{'failed_gate': 'eps_next_year', 'actual_value': -26.67, 'applicable_threshold': 15.0, 'distance_to_threshold': 41.67, 'distance_to_threshold_pct': 277.8, 'formula': 'minimo: distance = threshold - actual; pct = distance / abs(threshold) * 100'}"
GSAT,Globalstar Inc,finviz_prefilter,revenue_growth;eps_growth;operating_margin,,price_min;market_cap_min;avg_volume_min;revenue_growth;eps_growth;eps_next_year;operating_margin;earnings_window,False,"{'revenue_growth_yoy': -3.54, 'eps_growth_yoy': -274.38, 'eps_next_year': 83.29, 'operating_margin': 4.79}",,Finviz via finvizfinance screener views,2026-09-03T23:30:26+02:00,2026-08-06,,28,NORMAL,
GTLB,Gitlab Inc,finviz_prefilter,eps_growth;operating_margin,,price_min;market_cap_min;avg_volume_min;revenue_growth;eps_growth;eps_next_year;operating_margin;earnings_window,False,"{'revenue_growth_yoy': 21.310000000000002, 'eps_growth_yoy': -293.51, 'eps_next_year': 20.15, 'operating_margin': -8.07}",,Finviz via finvizfinance screener views,2026-09-03T23:30:26+02:00,2026-09-01,,2,PEAD_WINDOW,
GTX,Garrett Motion Inc,finviz_prefilter,revenue_growth;eps_growth;eps_next_year,,price_min;market_cap_min;avg_volume_min;revenue_growth;eps_growth;eps_next_year;operating_margin;earnings_window,False,"{'revenue_growth_yoy': 6.9, 'eps_growth_yoy': 25.009999999999998, 'eps_next_year': 13.54, 'operating_margin': 14.81}",,Finviz via finvizfinance screener views,2026-09-03T23:30:26+02:00,2026-07-29,,36,NORMAL,
HAS,Hasbro Inc,finviz_prefilter,revenue_growth;eps_next_year,,price_min;market_cap_min;avg_volume_min;revenue_growth;eps_growth;eps_next_year;operating_margin;earnings_window,False,"{'revenue_growth_yoy': 16.189999999999998, 'eps_growth_yoy': 118.42999999999999, 'eps_next_year': 5.94, 'operating_margin': 28.13}",,Finviz via finvizfinance screener views,2026-09-03T23:30:26+02:00,2026-07-21,,44,NORMAL,
HBAN,Huntington Bancshares Inc,finviz_prefilter,eps_growth,,price_min;market_cap_min;avg_volume_min;revenue_growth;eps_growth;eps_next_year;operating_margin;earnings_window,False,"{'revenue_growth_yoy': 38.019999999999996, 'eps_growth_yoy': -2.56, 'eps_next_year': 35.57, 'operating_margin': 20.51}",,Finviz via finvizfinance screener views,2026-09-03T23:30:26+02:00,2026-07-23,,42,NORMAL,"{'failed_gate': 'eps_growth', 'actual_value': -2.56, 'applicable_threshold': 30.0, 'distance_to_threshold': 32.56, 'distance_to_threshold_pct': 108.53333333333335, 'formula': 'minimo: distance = threshold - actual; pct = distance / abs(threshold) * 100'}"
HLNE,Hamilton Lane Inc,finviz_prefilter,eps_next_year,,price_min;market_cap_min;avg_volume_min;revenue_growth;eps_growth;eps_next_year;operating_margin;earnings_window,False,"{'revenue_growth_yoy': 56.48, 'eps_growth_yoy': 50.480000000000004, 'eps_next_year': 2.87, 'operating_margin': 54.620000000000005}",,Finviz via finvizfinance screener views,2026-09-03T23:30:26+02:00,2026-08-04,,30,NORMAL,"{'failed_gate': 'eps_next_year', 'actual_value': 2.87, 'applicable_threshold': 15.0, 'distance_to_threshold': 12.129999999999999, 'distance_to_threshold_pct': 80.86666666666666, 'formula': 'minimo: distance = threshold - actual; pct = distance / abs(threshold) * 100'}"
HON,Honeywell International Inc,finviz_prefilter,revenue_growth,,price_min;market_cap_min;avg_volume_min;revenue_growth;eps_growth;eps_next_year;operating_margin;earnings_window,False,"{'revenue_growth_yoy': -6.12, 'eps_growth_yoy': 264.01, 'eps_next_year': 20.26, 'operating_margin': 19.17}",,Finviz via finvizfinance screener views,2026-09-03T23:30:26+02:00,2026-07-23,,42,NORMAL,"{'failed_gate': 'revenue_growth', 'actual_value': -6.12, 'applicable_threshold': 20.0, 'distance_to_threshold': 26.12, 'distance_to_threshold_pct': 130.6, 'formula': 'minimo: distance = threshold - actual; pct = distance / abs(threshold) * 100'}"
HQY,Healthequity Inc,finviz_prefilter,revenue_growth;eps_growth,,price_min;market_cap_min;avg_volume_min;revenue_growth;eps_growth;eps_next_year;operating_margin;earnings_window,False,"{'revenue_growth_yoy': 7.6499999999999995, 'eps_growth_yoy': 14.56, 'eps_next_year': 16.31, 'operating_margin': 26.119999999999997}",,Finviz via finvizfinance screener views,2026-09-03T23:30:26+02:00,2026-08-27,,7,PEAD_WINDOW,
HRMY,Harmony Biosciences Holdings Inc,finviz_prefilter,eps_next_year,,price_min;market_cap_min;avg_volume_min;revenue_growth;eps_growth;eps_next_year;operating_margin;earnings_window,False,"{'revenue_growth_yoy': 30.320000000000004, 'eps_growth_yoy': 88.57000000000001, 'eps_next_year': 8.52, 'operating_margin': 24.03}",,Finviz via finvizfinance screener views,2026-09-03T23:30:26+02:00,2026-08-04,,30,NORMAL,"{'failed_gate': 'eps_next_year', 'actual_value': 8.52, 'applicable_threshold': 15.0, 'distance_to_threshold': 6.48, 'distance_to_threshold_pct': 43.2, 'formula': 'minimo: distance = threshold - actual; pct = distance / abs(threshold) * 100'}"
HSIC,Henry Schein Inc,finviz_prefilter,revenue_growth;eps_growth;eps_next_year;operating_margin,,price_min;market_cap_min;avg_volume_min;revenue_growth;eps_growth;eps_next_year;operating_margin;earnings_window,False,"{'revenue_growth_yoy': 6.7299999999999995, 'eps_growth_yoy': 17.18, 'eps_next_year': 11.63, 'operating_margin': 5.9799999999999995}",,Finviz via finvizfinance screener views,2026-09-03T23:30:26+02:00,2026-08-04,,30,NORMAL,
HST,Host Hotels & Resorts Inc,finviz_prefilter,revenue_growth;eps_growth;eps_next_year,,price_min;market_cap_min;avg_volume_min;revenue_growth;eps_growth;eps_next_year;operating_margin;earnings_window,False,"{'revenue_growth_yoy': 3.4000000000000004, 'eps_growth_yoy': 8.32, 'eps_next_year': -22.68, 'operating_margin': 14.360000000000001}",,Finviz via finvizfinance screener views,2026-09-03T23:30:26+02:00,2026-08-05,,29,NORMAL,
HTFL,Heartflow Inc,finviz_prefilter,eps_growth;operating_margin,,price_min;market_cap_min;avg_volume_min;revenue_growth;eps_growth;eps_next_year;operating_margin;earnings_window,False,"{'revenue_growth_yoy': 47.57, 'eps_growth_yoy': -65.19, 'eps_next_year': 36.64, 'operating_margin': -34.31}",,Finviz via finvizfinance screener views,2026-09-03T23:30:26+02:00,2026-08-13,,21,NORMAL,
HUBG,Hub Group Inc,finviz_prefilter,revenue_growth;eps_growth;operating_margin,,price_min;market_cap_min;avg_volume_min;revenue_growth;eps_growth;eps_next_year;operating_margin;earnings_window,False,"{'revenue_growth_yoy': -5.3100000000000005, 'eps_growth_yoy': 22.21, 'eps_next_year': 41.79, 'operating_margin': 3.81}",,Finviz via finvizfinance screener views,2026-09-03T23:30:26+02:00,2026-07-30,,35,NORMAL,
HUT,Hut 8 Corp,finviz_prefilter,eps_growth;operating_margin,,price_min;market_cap_min;avg_volume_min;revenue_growth;eps_growth;eps_next_year;operating_margin;earnings_window,False,"{'revenue_growth_yoy': 81.44, 'eps_growth_yoy': -207.87, 'eps_next_year': 23.97, 'operating_margin': -54.09}",,Finviz via finvizfinance screener views,2026-09-03T23:30:26+02:00,2026-08-04,,30,NORMAL,
HWC,Hancock Whitney Corp,finviz_prefilter,revenue_growth;eps_growth;eps_next_year,,price_min;market_cap_min;avg_volume_min;revenue_growth;eps_growth;eps_next_year;operating_margin;earnings_window,False,"{'revenue_growth_yoy': 4.44, 'eps_growth_yoy': 18.14, 'eps_next_year': 12.39, 'operating_margin': 27.36}",,Finviz via finvizfinance screener views,2026-09-03T23:30:26+02:00,2026-07-21,,44,NORMAL,
ICLR,Icon Plc,finviz_prefilter,revenue_growth;eps_growth;eps_next_year,,price_min;market_cap_min;avg_volume_min;revenue_growth;eps_growth;eps_next_year;operating_margin;earnings_window,False,"{'revenue_growth_yoy': 1.2, 'eps_growth_yoy': -63.33, 'eps_next_year': 12.67, 'operating_margin': 10.14}",,Finviz via finvizfinance screener views,2026-09-03T23:30:26+02:00,2026-07-29,,36,NORMAL,
IDYA,Ideaya Biosciences Inc,finviz_prefilter,eps_next_year;operating_margin,revenue_growth;eps_growth,price_min;market_cap_min;avg_volume_min;eps_next_year;operating_margin;earnings_window,False,"{'revenue_growth_yoy': None, 'eps_growth_yoy': -39.46, 'eps_next_year': 10.0, 'operating_margin': -92.66}",,Finviz via finvizfinance screener views,2026-09-03T23:30:26+02:00,2026-08-04,,30,NORMAL,
ILMN,Illumina Inc,finviz_prefilter,revenue_growth;eps_growth;eps_next_year,,price_min;market_cap_min;avg_volume_min;revenue_growth;eps_growth;eps_next_year;operating_margin;earnings_window,False,"{'revenue_growth_yoy': 9.84, 'eps_growth_yoy': -9.610000000000001, 'eps_next_year': 13.48, 'operating_margin': 19.869999999999997}",,Finviz via finvizfinance screener views,2026-09-03T23:30:26+02:00,2026-07-30,,35,NORMAL,
IMNM,Immunome Inc,finviz_prefilter,revenue_growth;eps_growth;eps_next_year,operating_margin,price_min;market_cap_min;avg_volume_min;revenue_growth;eps_growth;eps_next_year;earnings_window,False,"{'revenue_growth_yoy': -100.0, 'eps_growth_yoy': -29.43, 'eps_next_year': -6.21, 'operating_margin': None}",,Finviz via finvizfinance screener views,2026-09-03T23:30:26+02:00,2026-08-11,,23,NORMAL,
INDV,Indivior Pharmaceuticals Inc,finviz_prefilter,revenue_growth;eps_next_year,,price_min;market_cap_min;avg_volume_min;revenue_growth;eps_growth;eps_next_year;operating_margin;earnings_window,False,"{'revenue_growth_yoy': 13.58, 'eps_growth_yoy': 588.52, 'eps_next_year': 9.44, 'operating_margin': 39.94}",,Finviz via finvizfinance screener views,2026-09-03T23:30:26+02:00,2026-08-03,,31,NORMAL,
INSM,Insmed Inc,finviz_prefilter,operating_margin,,price_min;market_cap_min;avg_volume_min;revenue_growth;eps_growth;eps_next_year;operating_margin;earnings_window,False,"{'revenue_growth_yoy': 296.11, 'eps_growth_yoy': 96.41999999999999, 'eps_next_year': 160.1, 'operating_margin': -71.43}",,Finviz via finvizfinance screener views,2026-09-03T23:30:26+02:00,2026-08-06,,28,NORMAL,"{'failed_gate': 'operating_margin', 'actual_value': -71.43, 'applicable_threshold': 8.0, 'distance_to_threshold': 79.43, 'distance_to_threshold_pct': 992.8750000000001, 'formula': 'minimo: distance = threshold - actual; pct = distance / abs(threshold) * 100'}"
INTA,Intapp Inc,finviz_prefilter,revenue_growth;eps_growth;operating_margin,,price_min;market_cap_min;avg_volume_min;revenue_growth;eps_growth;eps_next_year;operating_margin;earnings_window,False,"{'revenue_growth_yoy': 12.950000000000001, 'eps_growth_yoy': -1009.23, 'eps_next_year': 22.3, 'operating_margin': -6.0600000000000005}",,Finviz via finvizfinance screener views,2026-09-03T23:30:26+02:00,2026-08-04,,30,NORMAL,
INTC,Intel Corp,finviz_prefilter,eps_growth,,price_min;market_cap_min;avg_volume_min;revenue_growth;eps_growth;eps_next_year;operating_margin;earnings_window,False,"{'revenue_growth_yoy': 25.419999999999998, 'eps_growth_yoy': -223.64000000000001, 'eps_next_year': 38.13, 'operating_margin': 8.03}",,Finviz via finvizfinance screener views,2026-09-03T23:30:26+02:00,2026-07-23,,42,NORMAL,"{'failed_gate': 'eps_growth', 'actual_value': -223.64000000000001, 'applicable_threshold': 30.0, 'distance_to_threshold': 253.64000000000001, 'distance_to_threshold_pct': 845.4666666666666, 'formula': 'minimo: distance = threshold - actual; pct = distance / abs(threshold) * 100'}"
INTU,Intuit Inc,finviz_prefilter,revenue_growth;eps_growth;eps_next_year,,price_min;market_cap_min;avg_volume_min;revenue_growth;eps_growth;eps_next_year;operating_margin;earnings_window,False,"{'revenue_growth_yoy': 13.65, 'eps_growth_yoy': -1.22, 'eps_next_year': 14.03, 'operating_margin': 28.799999999999997}",,Finviz via finvizfinance screener views,2026-09-03T23:30:26+02:00,2026-08-25,,9,PEAD_WINDOW,
IONS,Ionis Pharmaceuticals Inc,finviz_prefilter,revenue_growth;eps_growth;operating_margin,,price_min;market_cap_min;avg_volume_min;revenue_growth;eps_growth;eps_next_year;operating_margin;earnings_window,False,"{'revenue_growth_yoy': -40.73, 'eps_growth_yoy': -202.29, 'eps_next_year': 47.17, 'operating_margin': -68.08999999999999}",,Finviz via finvizfinance screener views,2026-09-03T23:30:26+02:00,2026-07-29,,36,NORMAL,
IRDM,Iridium Communications Inc,finviz_prefilter,revenue_growth;eps_growth,,price_min;market_cap_min;avg_volume_min;revenue_growth;eps_growth;eps_next_year;operating_margin;earnings_window,False,"{'revenue_growth_yoy': 3.84, 'eps_growth_yoy': -56.08, 'eps_next_year': 41.72, 'operating_margin': 23.76}",,Finviz via finvizfinance screener views,2026-09-03T23:30:26+02:00,2026-07-22,,43,NORMAL,
IREN,IREN Ltd,finviz_prefilter,revenue_growth;eps_growth;operating_margin,,price_min;market_cap_min;avg_volume_min;revenue_growth;eps_growth;eps_next_year;operating_margin;earnings_window,False,"{'revenue_growth_yoy': -26.740000000000002, 'eps_growth_yoy': -361.57, 'eps_next_year': 175.38, 'operating_margin': -53.68000000000001}",,Finviz via finvizfinance screener views,2026-09-03T23:30:26+02:00,2026-08-27,,7,PEAD_WINDOW,
ISRG,Intuitive Surgical Inc,finviz_prefilter,revenue_growth;eps_growth;eps_next_year,,price_min;market_cap_min;avg_volume_min;revenue_growth;eps_growth;eps_next_year;operating_margin;earnings_window,False,"{'revenue_growth_yoy': 18.54, 'eps_growth_yoy': 26.619999999999997, 'eps_next_year': 11.87, 'operating_margin': 31.28}",,Finviz via finvizfinance screener views,2026-09-03T23:30:26+02:00,2026-07-16,,49,NORMAL,
ITRI,Itron Inc,finviz_prefilter,revenue_growth;eps_growth;eps_next_year,,price_min;market_cap_min;avg_volume_min;revenue_growth;eps_growth;eps_next_year;operating_margin;earnings_window,False,"{'revenue_growth_yoy': -7.23, 'eps_growth_yoy': -18.95, 'eps_next_year': 8.03, 'operating_margin': 13.87}",,Finviz via finvizfinance screener views,2026-09-03T23:30:26+02:00,2026-07-28,,37,NORMAL,
JAZZ,Jazz Pharmaceuticals plc,finviz_prefilter,revenue_growth;eps_next_year,,price_min;market_cap_min;avg_volume_min;revenue_growth;eps_growth;eps_next_year;operating_margin;earnings_window,False,"{'revenue_growth_yoy': 15.55, 'eps_growth_yoy': 123.66, 'eps_next_year': 3.48, 'operating_margin': 20.76}",,Finviz via finvizfinance screener views,2026-09-03T23:30:26+02:00,2026-08-03,,31,NORMAL,
JBHT,J.B. Hunt Transport Services Inc,finviz_prefilter,revenue_growth;operating_margin,,price_min;market_cap_min;avg_volume_min;revenue_growth;eps_growth;eps_next_year;operating_margin;earnings_window,False,"{'revenue_growth_yoy': 19.37, 'eps_growth_yoy': 45.25, 'eps_next_year': 29.71, 'operating_margin': 7.59}",,Finviz via finvizfinance screener views,2026-09-03T23:30:26+02:00,2026-07-15,,50,NORMAL,
JKHY,Jack Henry & Associates Inc,finviz_prefilter,revenue_growth;eps_growth;eps_next_year,,price_min;market_cap_min;avg_volume_min;revenue_growth;eps_growth;eps_next_year;operating_margin;earnings_window,False,"{'revenue_growth_yoy': 2.88, 'eps_growth_yoy': -10.209999999999999, 'eps_next_year': 9.32, 'operating_margin': 24.93}",,Finviz via finvizfinance screener views,2026-09-03T23:30:26+02:00,2026-08-18,,16,NORMAL,
KDP,Keurig Dr Pepper Inc,finviz_prefilter,eps_growth;eps_next_year,,price_min;market_cap_min;avg_volume_min;revenue_growth;eps_growth;eps_next_year;operating_margin;earnings_window,False,"{'revenue_growth_yoy': 75.57000000000001, 'eps_growth_yoy': -89.03999999999999, 'eps_next_year': 10.53, 'operating_margin': 16.950000000000003}",,Finviz via finvizfinance screener views,2026-09-03T23:30:26+02:00,2026-08-06,,28,NORMAL,
KHC,Kraft Heinz Co,finviz_prefilter,revenue_growth;eps_next_year,,price_min;market_cap_min;avg_volume_min;revenue_growth;eps_growth;eps_next_year;operating_margin;earnings_window,False,"{'revenue_growth_yoy': -1.4200000000000002, 'eps_growth_yoy': 30.270000000000003, 'eps_next_year': 0.82, 'operating_margin': 17.119999999999997}",,Finviz via finvizfinance screener views,2026-09-03T23:30:26+02:00,2026-08-05,,29,NORMAL,
KLAC,KLA Corp,finviz_prefilter,revenue_growth;eps_growth,,price_min;market_cap_min;avg_volume_min;revenue_growth;eps_growth;eps_next_year;operating_margin;earnings_window,False,"{'revenue_growth_yoy': 15.18, 'eps_growth_yoy': 14.39, 'eps_next_year': 21.68, 'operating_margin': 41.68}",,Finviz via finvizfinance screener views,2026-09-03T23:30:26+02:00,2026-07-28,,37,NORMAL,
KMB,Kimberly-Clark Corp,finviz_prefilter,revenue_growth;eps_growth;eps_next_year,,price_min;market_cap_min;avg_volume_min;revenue_growth;eps_growth;eps_next_year;operating_margin;earnings_window,False,"{'revenue_growth_yoy': 0.62, 'eps_growth_yoy': -32.22, 'eps_next_year': 0.2, 'operating_margin': 14.24}",,Finviz via finvizfinance screener views,2026-09-03T23:30:26+02:00,2026-08-04,,30,NORMAL,
KTOS,Kratos Defense & Security Solutions Inc,finviz_prefilter,eps_growth;operating_margin,,price_min;market_cap_min;avg_volume_min;revenue_growth;eps_growth;eps_next_year;operating_margin;earnings_window,False,"{'revenue_growth_yoy': 30.53, 'eps_growth_yoy': 26.090000000000003, 'eps_next_year': 34.4, 'operating_margin': 1.6}",,Finviz via finvizfinance screener views,2026-09-03T23:30:26+02:00,2026-08-04,,30,NORMAL,
KYMR,Kymera Therapeutics Inc,finviz_prefilter,eps_next_year;operating_margin,,price_min;market_cap_min;avg_volume_min;revenue_growth;eps_growth;eps_next_year;operating_margin;earnings_window,False,"{'revenue_growth_yoy': 466.4, 'eps_growth_yoy': 34.53, 'eps_next_year': -30.54, 'operating_margin': -329.83}",,Finviz via finvizfinance screener views,2026-09-03T23:30:26+02:00,2026-08-05,,29,NORMAL,
LASR,nLIGHT Inc,finviz_prefilter,operating_margin,,price_min;market_cap_min;avg_volume_min;revenue_growth;eps_growth;eps_next_year;operating_margin;earnings_window,False,"{'revenue_growth_yoy': 33.78, 'eps_growth_yoy': 67.54, 'eps_next_year': 27.13, 'operating_margin': -4.62}",,Finviz via finvizfinance screener views,2026-09-03T23:30:26+02:00,2026-08-06,,28,NORMAL,"{'failed_gate': 'operating_margin', 'actual_value': -4.62, 'applicable_threshold': 8.0, 'distance_to_threshold': 12.620000000000001, 'distance_to_threshold_pct': 157.75, 'formula': 'minimo: distance = threshold - actual; pct = distance / abs(threshold) * 100'}"
LAUR,Laureate Education Inc,finviz_prefilter,revenue_growth,,price_min;market_cap_min;avg_volume_min;revenue_growth;eps_growth;eps_next_year;operating_margin;earnings_window,False,"{'revenue_growth_yoy': 17.5, 'eps_growth_yoy': 51.23, 'eps_next_year': 15.86, 'operating_margin': 24.42}",,Finviz via finvizfinance screener views,2026-09-03T23:30:26+02:00,2026-07-30,,35,NORMAL,"{'failed_gate': 'revenue_growth', 'actual_value': 17.5, 'applicable_threshold': 20.0, 'distance_to_threshold': 2.5, 'distance_to_threshold_pct': 12.5, 'formula': 'minimo: distance = threshold - actual; pct = distance / abs(threshold) * 100'}"
LBRDK,Liberty Broadband Corp,finviz_prefilter,revenue_growth;eps_growth,operating_margin,price_min;market_cap_min;avg_volume_min;revenue_growth;eps_growth;eps_next_year;earnings_window,False,"{'revenue_growth_yoy': -100.0, 'eps_growth_yoy': -654.83, 'eps_next_year': None, 'operating_margin': None}",,Finviz via finvizfinance screener views,2026-09-03T23:30:26+02:00,2026-08-06,,28,NORMAL,
LGN,Legence Corp,finviz_prefilter,eps_growth;operating_margin,,price_min;market_cap_min;avg_volume_min;revenue_growth;eps_growth;eps_next_year;operating_margin;earnings_window,False,"{'revenue_growth_yoy': 110.74, 'eps_growth_yoy': -306.44, 'eps_next_year': 113.45, 'operating_margin': 3.04}",,Finviz via finvizfinance screener views,2026-09-03T23:30:26+02:00,2026-08-13,,21,NORMAL,
LIF,Life360 Inc,finviz_prefilter,eps_growth;operating_margin,,price_min;market_cap_min;avg_volume_min;revenue_growth;eps_growth;eps_next_year;operating_margin;earnings_window,False,"{'revenue_growth_yoy': 37.769999999999996, 'eps_growth_yoy': -28.71, 'eps_next_year': 45.24, 'operating_margin': 1.1400000000000001}",,Finviz via finvizfinance screener views,2026-09-03T23:30:26+02:00,2026-08-10,,24,NORMAL,
LIFE,Ethos Technologies Inc,finviz_prefilter,eps_growth;operating_margin,,price_min;market_cap_min;avg_volume_min;revenue_growth;eps_growth;eps_next_year;operating_margin;earnings_window,False,"{'revenue_growth_yoy': 113.35, 'eps_growth_yoy': 4.25, 'eps_next_year': 145.66, 'operating_margin': -17.669999999999998}",,Finviz via finvizfinance screener views,2026-09-03T23:30:26+02:00,2026-08-03,,31,NORMAL,
LIN,Linde Plc,finviz_prefilter,revenue_growth;eps_growth;eps_next_year,,price_min;market_cap_min;avg_volume_min;revenue_growth;eps_growth;eps_next_year;operating_margin;earnings_window,False,"{'revenue_growth_yoy': 9.35, 'eps_growth_yoy': 11.3, 'eps_next_year': 9.56, 'operating_margin': 27.1}",,Finviz via finvizfinance screener views,2026-09-03T23:30:26+02:00,2026-07-31,,34,NORMAL,
LINE,Lineage Inc,finviz_prefilter,revenue_growth;eps_growth;operating_margin,,price_min;market_cap_min;avg_volume_min;revenue_growth;eps_growth;eps_next_year;operating_margin;earnings_window,False,"{'revenue_growth_yoy': 0.8099999999999999, 'eps_growth_yoy': -385.5, 'eps_next_year': 19.37, 'operating_margin': 4.32}",,Finviz via finvizfinance screener views,2026-09-03T23:30:26+02:00,2026-08-05,,29,NORMAL,
LITE,Lumentum Holdings Inc,finviz_prefilter,eps_growth,,price_min;market_cap_min;avg_volume_min;revenue_growth;eps_growth;eps_next_year;operating_margin;earnings_window,False,"{'revenue_growth_yoy': 109.33999999999999, 'eps_growth_yoy': -2957.5099999999998, 'eps_next_year': 56.35, 'operating_margin': 17.89}",,Finviz via finvizfinance screener views,2026-09-03T23:30:26+02:00,2026-08-11,,23,NORMAL,"{'failed_gate': 'eps_growth', 'actual_value': -2957.5099999999998, 'applicable_threshold': 20.0, 'distance_to_threshold': 2977.5099999999998, 'distance_to_threshold_pct': 14887.55, 'formula': 'minimo: distance = threshold - actual; pct = distance / abs(threshold) * 100'}"
LKQ,LKQ Corp,finviz_prefilter,revenue_growth;eps_growth;operating_margin,,price_min;market_cap_min;avg_volume_min;revenue_growth;eps_growth;eps_next_year;operating_margin;earnings_window,False,"{'revenue_growth_yoy': -6.43, 'eps_growth_yoy': -27.63, 'eps_next_year': 15.2, 'operating_margin': 7.24}",,Finviz via finvizfinance screener views,2026-09-03T23:30:26+02:00,2026-07-30,,35,NORMAL,
LNT,Alliant Energy Corp,finviz_prefilter,revenue_growth;eps_growth;eps_next_year,,price_min;market_cap_min;avg_volume_min;revenue_growth;eps_growth;eps_next_year;operating_margin;earnings_window,False,"{'revenue_growth_yoy': 1.04, 'eps_growth_yoy': -3.64, 'eps_next_year': 7.4, 'operating_margin': 22.1}",,Finviz via finvizfinance screener views,2026-09-03T23:30:26+02:00,2026-07-30,,35,NORMAL,
LNTH,Lantheus Holdings Inc,finviz_prefilter,revenue_growth;eps_growth,,price_min;market_cap_min;avg_volume_min;revenue_growth;eps_growth;eps_next_year;operating_margin;earnings_window,False,"{'revenue_growth_yoy': 2.68, 'eps_growth_yoy': -0.79, 'eps_next_year': 18.12, 'operating_margin': 19.45}",,Finviz via finvizfinance screener views,2026-09-03T23:30:26+02:00,2026-08-06,,28,NORMAL,
LOGI,Logitech International SA,finviz_prefilter,revenue_growth;eps_next_year,,price_min;market_cap_min;avg_volume_min;revenue_growth;eps_growth;eps_next_year;operating_margin;earnings_window,False,"{'revenue_growth_yoy': 6.93, 'eps_growth_yoy': 65.89, 'eps_next_year': 7.7, 'operating_margin': 18.14}",,Finviz via finvizfinance screener views,2026-09-03T23:30:26+02:00,2026-07-28,,37,NORMAL,
LULU,Lululemon Athletica Inc,finviz_prefilter,revenue_growth;eps_growth;eps_next_year;earnings_window,,price_min;market_cap_min;avg_volume_min;revenue_growth;eps_growth;eps_next_year;operating_margin;earnings_window,False,"{'revenue_growth_yoy': 4.26, 'eps_growth_yoy': -35.120000000000005, 'eps_next_year': 3.13, 'operating_margin': 18.47}",,Finviz via finvizfinance screener views,2026-09-03T23:30:26+02:00,2026-09-03,0,,PRE_EARNINGS_BLACKOUT,
LYFT,Lyft Inc,finviz_prefilter,revenue_growth;operating_margin,,price_min;market_cap_min;avg_volume_min;revenue_growth;eps_growth;eps_next_year;operating_margin;earnings_window,False,"{'revenue_growth_yoy': 16.08, 'eps_growth_yoy': 36.620000000000005, 'eps_next_year': 78.88, 'operating_margin': -1.67}",,Finviz via finvizfinance screener views,2026-09-03T23:30:26+02:00,2026-08-06,,28,NORMAL,
MANH,Manhattan Associates Inc,finviz_prefilter,revenue_growth;eps_growth;eps_next_year,,price_min;market_cap_min;avg_volume_min;revenue_growth;eps_growth;eps_next_year;operating_margin;earnings_window,False,"{'revenue_growth_yoy': 9.31, 'eps_growth_yoy': -8.200000000000001, 'eps_next_year': 11.52, 'operating_margin': 25.06}",,Finviz via finvizfinance screener views,2026-09-03T23:30:26+02:00,2026-07-28,,37,NORMAL,
MAR,Marriott International Inc,finviz_prefilter,revenue_growth;eps_growth;eps_next_year,,price_min;market_cap_min;avg_volume_min;revenue_growth;eps_growth;eps_next_year;operating_margin;earnings_window,False,"{'revenue_growth_yoy': 4.8500000000000005, 'eps_growth_yoy': 4.26, 'eps_next_year': 11.86, 'operating_margin': 15.73}",,Finviz via finvizfinance screener views,2026-09-03T23:30:26+02:00,2026-08-03,,31,NORMAL,
MDB,MongoDB Inc,finviz_prefilter,operating_margin,,price_min;market_cap_min;avg_volume_min;revenue_growth;eps_growth;eps_next_year;operating_margin;earnings_window,False,"{'revenue_growth_yoy': 30.5, 'eps_growth_yoy': 186.04, 'eps_next_year': 19.59, 'operating_margin': -0.54}",,Finviz via finvizfinance screener views,2026-09-03T23:30:26+02:00,2026-09-01,,2,PEAD_WINDOW,"{'failed_gate': 'operating_margin', 'actual_value': -0.54, 'applicable_threshold': 8.0, 'distance_to_threshold': 8.54, 'distance_to_threshold_pct': 106.74999999999999, 'formula': 'minimo: distance = threshold - actual; pct = distance / abs(threshold) * 100'}"
MDLN,Medline Inc,finviz_prefilter,revenue_growth;eps_growth;eps_next_year;operating_margin,,price_min;market_cap_min;avg_volume_min;revenue_growth;eps_growth;eps_next_year;operating_margin;earnings_window,False,"{'revenue_growth_yoy': 11.600000000000001, 'eps_growth_yoy': -83.26, 'eps_next_year': 5.32, 'operating_margin': 6.5}",,Finviz via finvizfinance screener views,2026-09-03T23:30:26+02:00,2026-08-05,,29,NORMAL,
MDLZ,Mondelez International Inc,finviz_prefilter,revenue_growth;eps_next_year,,price_min;market_cap_min;avg_volume_min;revenue_growth;eps_growth;eps_next_year;operating_margin;earnings_window,False,"{'revenue_growth_yoy': 4.130000000000001, 'eps_growth_yoy': 143.73, 'eps_next_year': 10.27, 'operating_margin': 15.840000000000002}",,Finviz via finvizfinance screener views,2026-09-03T23:30:26+02:00,2026-07-28,,37,NORMAL,
MEOH,Methanex Corp,finviz_prefilter,eps_next_year,,price_min;market_cap_min;avg_volume_min;revenue_growth;eps_growth;eps_next_year;operating_margin;earnings_window,False,"{'revenue_growth_yoy': 75.17, 'eps_growth_yoy': 168.79999999999998, 'eps_next_year': -38.84, 'operating_margin': 17.37}",,Finviz via finvizfinance screener views,2026-09-03T23:30:26+02:00,2026-07-28,,37,NORMAL,"{'failed_gate': 'eps_next_year', 'actual_value': -38.84, 'applicable_threshold': 15.0, 'distance_to_threshold': 53.84, 'distance_to_threshold_pct': 358.9333333333334, 'formula': 'minimo: distance = threshold - actual; pct = distance / abs(threshold) * 100'}"
META,Meta Platforms Inc,finviz_prefilter,eps_growth;eps_next_year,,price_min;market_cap_min;avg_volume_min;revenue_growth;eps_growth;eps_next_year;operating_margin;earnings_window,False,"{'revenue_growth_yoy': 27.96, 'eps_growth_yoy': -13.44, 'eps_next_year': 7.86, 'operating_margin': 38.080000000000005}",,Finviz via finvizfinance screener views,2026-09-03T23:30:26+02:00,2026-07-29,,36,NORMAL,
MGNI,Magnite Inc,finviz_prefilter,revenue_growth,,price_min;market_cap_min;avg_volume_min;revenue_growth;eps_growth;eps_next_year;operating_margin;earnings_window,False,"{'revenue_growth_yoy': 11.24, 'eps_growth_yoy': 75.22999999999999, 'eps_next_year': 18.52, 'operating_margin': 15.65}",,Finviz via finvizfinance screener views,2026-09-03T23:30:26+02:00,2026-08-05,,29,NORMAL,"{'failed_gate': 'revenue_growth', 'actual_value': 11.24, 'applicable_threshold': 20.0, 'distance_to_threshold': 8.76, 'distance_to_threshold_pct': 43.8, 'formula': 'minimo: distance = threshold - actual; pct = distance / abs(threshold) * 100'}"
MIRM,Mirum Pharmaceuticals Inc,finviz_prefilter,eps_growth;operating_margin,,price_min;market_cap_min;avg_volume_min;revenue_growth;eps_growth;eps_next_year;operating_margin;earnings_window,False,"{'revenue_growth_yoy': 37.92, 'eps_growth_yoy': -799.75, 'eps_next_year': 94.97, 'operating_margin': -14.760000000000002}",,Finviz via finvizfinance screener views,2026-09-03T23:30:26+02:00,2026-08-05,,29,NORMAL,
MKTX,MarketAxess Holdings Inc,finviz_prefilter,revenue_growth;eps_growth;eps_next_year,,price_min;market_cap_min;avg_volume_min;revenue_growth;eps_growth;eps_next_year;operating_margin;earnings_window,False,"{'revenue_growth_yoy': -2.75, 'eps_growth_yoy': 1.31, 'eps_next_year': 9.03, 'operating_margin': 40.28}",,Finviz via finvizfinance screener views,2026-09-03T23:30:26+02:00,2026-07-30,,35,NORMAL,
MMED,MiniMed Group Inc,finviz_prefilter,eps_next_year,operating_margin,price_min;market_cap_min;avg_volume_min;revenue_growth;eps_growth;eps_next_year;earnings_window,False,"{'revenue_growth_yoy': 22.71, 'eps_growth_yoy': 100.0, 'eps_next_year': -3.12, 'operating_margin': None}",,Finviz via finvizfinance screener views,2026-09-03T23:30:26+02:00,2026-09-01,,2,PEAD_WINDOW,"{'failed_gate': 'eps_next_year', 'actual_value': -3.12, 'applicable_threshold': 15.0, 'distance_to_threshold': 18.12, 'distance_to_threshold_pct': 120.8, 'formula': 'minimo: distance = threshold - actual; pct = distance / abs(threshold) * 100'}"
MMSI,Merit Medical Systems Inc,finviz_prefilter,revenue_growth;eps_growth;eps_next_year,,price_min;market_cap_min;avg_volume_min;revenue_growth;eps_growth;eps_next_year;operating_margin;earnings_window,False,"{'revenue_growth_yoy': 9.83, 'eps_growth_yoy': 20.3, 'eps_next_year': 7.19, 'operating_margin': 12.690000000000001}",,Finviz via finvizfinance screener views,2026-09-03T23:30:26+02:00,2026-07-30,,35,NORMAL,
MMYT,MakeMyTrip Ltd,finviz_prefilter,revenue_growth;eps_growth,,price_min;market_cap_min;avg_volume_min;revenue_growth;eps_growth;eps_next_year;operating_margin;earnings_window,False,"{'revenue_growth_yoy': 6.22, 'eps_growth_yoy': -61.53999999999999, 'eps_next_year': 97.7, 'operating_margin': 14.95}",,Finviz via finvizfinance screener views,2026-09-03T23:30:26+02:00,2026-08-03,,31,NORMAL,
MNDY,Monday.Com Ltd,finviz_prefilter,operating_margin,,price_min;market_cap_min;avg_volume_min;revenue_growth;eps_growth;eps_next_year;operating_margin;earnings_window,False,"{'revenue_growth_yoy': 21.94, 'eps_growth_yoy': 163.73, 'eps_next_year': 22.27, 'operating_margin': 2.9000000000000004}",,Finviz via finvizfinance screener views,2026-09-03T23:30:26+02:00,2026-08-10,,24,NORMAL,"{'failed_gate': 'operating_margin', 'actual_value': 2.9000000000000004, 'applicable_threshold': 8.0, 'distance_to_threshold': 5.1, 'distance_to_threshold_pct': 63.74999999999999, 'formula': 'minimo: distance = threshold - actual; pct = distance / abs(threshold) * 100'}"
MNST,Monster Beverage Corp,finviz_prefilter,eps_growth;eps_next_year,,price_min;market_cap_min;avg_volume_min;revenue_growth;eps_growth;eps_next_year;operating_margin;earnings_window,False,"{'revenue_growth_yoy': 20.169999999999998, 'eps_growth_yoy': 19.040000000000003, 'eps_next_year': 13.0, 'operating_margin': 29.160000000000004}",,Finviz via finvizfinance screener views,2026-09-03T23:30:26+02:00,2026-08-06,,28,NORMAL,
MRCY,Mercury Systems Inc,finviz_prefilter,revenue_growth;eps_growth;operating_margin,,price_min;market_cap_min;avg_volume_min;revenue_growth;eps_growth;eps_next_year;operating_margin;earnings_window,False,"{'revenue_growth_yoy': 6.11, 'eps_growth_yoy': -95.27, 'eps_next_year': 33.26, 'operating_margin': 2.13}",,Finviz via finvizfinance screener views,2026-09-03T23:30:26+02:00,2026-08-18,,16,NORMAL,
MRNA,Moderna Inc,finviz_prefilter,revenue_growth;eps_growth;operating_margin,,price_min;market_cap_min;avg_volume_min;revenue_growth;eps_growth;eps_next_year;operating_margin;earnings_window,False,"{'revenue_growth_yoy': 2.11, 'eps_growth_yoy': 7.6, 'eps_next_year': 41.32, 'operating_margin': -149.01}",,Finviz via finvizfinance screener views,2026-09-03T23:30:26+02:00,2026-07-31,,34,NORMAL,
MRX,Marex Group Ltd,finviz_prefilter,eps_next_year,,price_min;market_cap_min;avg_volume_min;revenue_growth;eps_growth;eps_next_year;operating_margin;earnings_window,False,"{'revenue_growth_yoy': 33.95, 'eps_growth_yoy': 105.96000000000001, 'eps_next_year': 11.99, 'operating_margin': 32.190000000000005}",,Finviz via finvizfinance screener views,2026-09-03T23:30:26+02:00,2026-08-12,,22,NORMAL,"{'failed_gate': 'eps_next_year', 'actual_value': 11.99, 'applicable_threshold': 15.0, 'distance_to_threshold': 3.01, 'distance_to_threshold_pct': 20.066666666666666, 'formula': 'minimo: distance = threshold - actual; pct = distance / abs(threshold) * 100'}"
MSFT,Microsoft Corp,finviz_prefilter,revenue_growth,,price_min;market_cap_min;avg_volume_min;revenue_growth;eps_growth;eps_next_year;operating_margin;earnings_window,False,"{'revenue_growth_yoy': 17.75, 'eps_growth_yoy': 31.65, 'eps_next_year': 19.04, 'operating_margin': 46.78}",,Finviz via finvizfinance screener views,2026-09-03T23:30:26+02:00,2026-07-29,,36,NORMAL,"{'failed_gate': 'revenue_growth', 'actual_value': 17.75, 'applicable_threshold': 20.0, 'distance_to_threshold': 2.25, 'distance_to_threshold_pct': 11.25, 'formula': 'minimo: distance = threshold - actual; pct = distance / abs(threshold) * 100'}"
MSTR,Strategy Inc,finviz_prefilter,revenue_growth;eps_growth;operating_margin,,price_min;market_cap_min;avg_volume_min;revenue_growth;eps_growth;eps_next_year;operating_margin;earnings_window,False,"{'revenue_growth_yoy': 6.88, 'eps_growth_yoy': -175.02, 'eps_next_year': 158.13, 'operating_margin': -8.129999999999999}",,Finviz via finvizfinance screener views,2026-09-03T23:30:26+02:00,2026-07-30,,35,NORMAL,
MTCH,Match Group Inc,finviz_prefilter,revenue_growth,,price_min;market_cap_min;avg_volume_min;revenue_growth;eps_growth;eps_next_year;operating_margin;earnings_window,False,"{'revenue_growth_yoy': -1.23, 'eps_growth_yoy': 43.47, 'eps_next_year': 16.0, 'operating_margin': 28.15}",,Finviz via finvizfinance screener views,2026-09-03T23:30:26+02:00,2026-08-04,,30,NORMAL,"{'failed_gate': 'revenue_growth', 'actual_value': -1.23, 'applicable_threshold': 20.0, 'distance_to_threshold': 21.23, 'distance_to_threshold_pct': 106.15, 'formula': 'minimo: distance = threshold - actual; pct = distance / abs(threshold) * 100'}"
MXL,MaxLinear Inc,finviz_prefilter,operating_margin,,price_min;market_cap_min;avg_volume_min;revenue_growth;eps_growth;eps_next_year;operating_margin;earnings_window,False,"{'revenue_growth_yoy': 55.169999999999995, 'eps_growth_yoy': 105.89999999999999, 'eps_next_year': 54.03, 'operating_margin': -11.600000000000001}",,Finviz via finvizfinance screener views,2026-09-03T23:30:26+02:00,2026-07-23,,42,NORMAL,"{'failed_gate': 'operating_margin', 'actual_value': -11.600000000000001, 'applicable_threshold': 8.0, 'distance_to_threshold': 19.6, 'distance_to_threshold_pct': 245.00000000000003, 'formula': 'minimo: distance = threshold - actual; pct = distance / abs(threshold) * 100'}"
NAMS,NewAmsterdam Pharma Company NV,finviz_prefilter,revenue_growth;eps_growth;operating_margin,,price_min;market_cap_min;avg_volume_min;revenue_growth;eps_growth;eps_next_year;operating_margin;earnings_window,False,"{'revenue_growth_yoy': -80.67, 'eps_growth_yoy': -254.88, 'eps_next_year': 17.44, 'operating_margin': -3432.2000000000003}",,Finviz via finvizfinance screener views,2026-09-03T23:30:26+02:00,2026-08-05,,29,NORMAL,
NAVN,Navan Inc,finviz_prefilter,operating_margin;earnings_window,,price_min;market_cap_min;avg_volume_min;revenue_growth;eps_growth;eps_next_year;operating_margin;earnings_window,False,"{'revenue_growth_yoy': 39.86, 'eps_growth_yoy': 66.82000000000001, 'eps_next_year': 52.14, 'operating_margin': -24.89}",,Finviz via finvizfinance screener views,2026-09-03T23:30:26+02:00,2026-09-09,6,,PRE_EARNINGS_BLACKOUT,
NBIS,Nebius Group NV,finviz_prefilter,eps_growth;eps_next_year;operating_margin,,price_min;market_cap_min;avg_volume_min;revenue_growth;eps_growth;eps_next_year;operating_margin;earnings_window,False,"{'revenue_growth_yoy': 454.04, 'eps_growth_yoy': -127.74000000000001, 'eps_next_year': -75.34, 'operating_margin': -49.34}",,Finviz via finvizfinance screener views,2026-09-03T23:30:26+02:00,2026-08-12,,22,NORMAL,
NCNO,Ncino Inc,finviz_prefilter,revenue_growth,,price_min;market_cap_min;avg_volume_min;revenue_growth;eps_growth;eps_next_year;operating_margin;earnings_window,False,"{'revenue_growth_yoy': 8.19, 'eps_growth_yoy': 136.4, 'eps_next_year': 19.97, 'operating_margin': 8.77}",,Finviz via finvizfinance screener views,2026-09-03T23:30:26+02:00,2026-08-25,,9,PEAD_WINDOW,"{'failed_gate': 'revenue_growth', 'actual_value': 8.19, 'applicable_threshold': 20.0, 'distance_to_threshold': 11.81, 'distance_to_threshold_pct': 59.050000000000004, 'formula': 'minimo: distance = threshold - actual; pct = distance / abs(threshold) * 100'}"
NDAQ,Nasdaq Inc,finviz_prefilter,eps_growth;eps_next_year,,price_min;market_cap_min;avg_volume_min;revenue_growth;eps_growth;eps_next_year;operating_margin;earnings_window,False,"{'revenue_growth_yoy': 21.15, 'eps_growth_yoy': 14.38, 'eps_next_year': 13.15, 'operating_margin': 30.78}",,Finviz via finvizfinance screener views,2026-09-03T23:30:26+02:00,2026-07-23,,42,NORMAL,
NEO,Neogenomics Inc,finviz_prefilter,revenue_growth;operating_margin,,price_min;market_cap_min;avg_volume_min;revenue_growth;eps_growth;eps_next_year;operating_margin;earnings_window,False,"{'revenue_growth_yoy': 11.21, 'eps_growth_yoy': 104.85, 'eps_next_year': 85.08, 'operating_margin': -7.03}",,Finviz via finvizfinance screener views,2026-09-03T23:30:26+02:00,2026-07-28,,37,NORMAL,
NFLX,Netflix Inc,finviz_prefilter,revenue_growth;eps_growth;eps_next_year,,price_min;market_cap_min;avg_volume_min;revenue_growth;eps_growth;eps_next_year;operating_margin;earnings_window,False,"{'revenue_growth_yoy': 13.41, 'eps_growth_yoy': 11.06, 'eps_next_year': 5.98, 'operating_margin': 30.25}",,Finviz via finvizfinance screener views,2026-09-03T23:30:26+02:00,2026-07-16,,49,NORMAL,
NKTR,Nektar Therapeutics,finviz_prefilter,revenue_growth;eps_next_year;operating_margin,,price_min;market_cap_min;avg_volume_min;revenue_growth;eps_growth;eps_next_year;operating_margin;earnings_window,False,"{'revenue_growth_yoy': -9.34, 'eps_growth_yoy': 58.379999999999995, 'eps_next_year': -28.83, 'operating_margin': -239.32000000000002}",,Finviz via finvizfinance screener views,2026-09-03T23:30:26+02:00,2026-08-13,,21,NORMAL,
NN,NextNav Inc,finviz_prefilter,revenue_growth;eps_next_year;operating_margin,,price_min;market_cap_min;avg_volume_min;revenue_growth;eps_growth;eps_next_year;operating_margin;earnings_window,False,"{'revenue_growth_yoy': -4.33, 'eps_growth_yoy': 50.1, 'eps_next_year': 0.0, 'operating_margin': -1900.43}",,Finviz via finvizfinance screener views,2026-09-03T23:30:26+02:00,2026-08-11,,23,NORMAL,
NRIX,Nurix Therapeutics Inc,finviz_prefilter,revenue_growth;eps_growth;operating_margin,,price_min;market_cap_min;avg_volume_min;revenue_growth;eps_growth;eps_next_year;operating_margin;earnings_window,False,"{'revenue_growth_yoy': -79.47, 'eps_growth_yoy': -55.54, 'eps_next_year': 26.05, 'operating_margin': -982.37}",,Finviz via finvizfinance screener views,2026-09-03T23:30:26+02:00,2026-07-09,,56,NORMAL,
NTAP,Netapp Inc,finviz_prefilter,eps_next_year,,price_min;market_cap_min;avg_volume_min;revenue_growth;eps_growth;eps_next_year;operating_margin;earnings_window,False,"{'revenue_growth_yoy': 30.12, 'eps_growth_yoy': 63.36000000000001, 'eps_next_year': 10.53, 'operating_margin': 26.040000000000003}",,Finviz via finvizfinance screener views,2026-09-03T23:30:26+02:00,2026-09-02,,1,PEAD_WINDOW,"{'failed_gate': 'eps_next_year', 'actual_value': 10.53, 'applicable_threshold': 15.0, 'distance_to_threshold': 4.470000000000001, 'distance_to_threshold_pct': 29.800000000000004, 'formula': 'minimo: distance = threshold - actual; pct = distance / abs(threshold) * 100'}"
NTNX,Nutanix Inc,finviz_prefilter,revenue_growth,,price_min;market_cap_min;avg_volume_min;revenue_growth;eps_growth;eps_next_year;operating_margin;earnings_window,False,"{'revenue_growth_yoy': 15.89, 'eps_growth_yoy': 3148.5, 'eps_next_year': 15.79, 'operating_margin': 10.82}",,Finviz via finvizfinance screener views,2026-09-03T23:30:26+02:00,2026-08-26,,8,PEAD_WINDOW,"{'failed_gate': 'revenue_growth', 'actual_value': 15.89, 'applicable_threshold': 20.0, 'distance_to_threshold': 4.109999999999999, 'distance_to_threshold_pct': 20.549999999999997, 'formula': 'minimo: distance = threshold - actual; pct = distance / abs(threshold) * 100'}"
NTRA,Natera Inc,finviz_prefilter,operating_margin,,price_min;market_cap_min;avg_volume_min;revenue_growth;eps_growth;eps_next_year;operating_margin;earnings_window,False,"{'revenue_growth_yoy': 37.71, 'eps_growth_yoy': 36.85, 'eps_next_year': 87.98, 'operating_margin': -10.56}",,Finviz via finvizfinance screener views,2026-09-03T23:30:26+02:00,2026-08-06,,28,NORMAL,"{'failed_gate': 'operating_margin', 'actual_value': -10.56, 'applicable_threshold': 8.0, 'distance_to_threshold': 18.560000000000002, 'distance_to_threshold_pct': 232.00000000000003, 'formula': 'minimo: distance = threshold - actual; pct = distance / abs(threshold) * 100'}"
NTRS,Northern Trust Corp,finviz_prefilter,revenue_growth;eps_next_year,,price_min;market_cap_min;avg_volume_min;revenue_growth;eps_growth;eps_next_year;operating_margin;earnings_window,False,"{'revenue_growth_yoy': 17.18, 'eps_growth_yoy': 98.21, 'eps_next_year': 9.35, 'operating_margin': 13.389999999999999}",,Finviz via finvizfinance screener views,2026-09-03T23:30:26+02:00,2026-07-22,,43,NORMAL,
NVCR,NovoCure Ltd,finviz_prefilter,revenue_growth;operating_margin,,price_min;market_cap_min;avg_volume_min;revenue_growth;eps_growth;eps_next_year;operating_margin;earnings_window,False,"{'revenue_growth_yoy': 15.6, 'eps_growth_yoy': 62.480000000000004, 'eps_next_year': 34.73, 'operating_margin': -22.08}",,Finviz via finvizfinance screener views,2026-09-03T23:30:26+02:00,2026-07-23,,42,NORMAL,
NWBI,Northwest Bancshares Inc,finviz_prefilter,revenue_growth;eps_next_year,,price_min;market_cap_min;avg_volume_min;revenue_growth;eps_growth;eps_next_year;operating_margin;earnings_window,False,"{'revenue_growth_yoy': 18.310000000000002, 'eps_growth_yoy': 38.519999999999996, 'eps_next_year': 2.93, 'operating_margin': 25.03}",,Finviz via finvizfinance screener views,2026-09-03T23:30:26+02:00,2026-07-27,,38,NORMAL,
NWS,News Corp,finviz_prefilter,revenue_growth,,price_min;market_cap_min;avg_volume_min;revenue_growth;eps_growth;eps_next_year;operating_margin;earnings_window,False,"{'revenue_growth_yoy': 10.81, 'eps_growth_yoy': 586.5300000000001, 'eps_next_year': 16.36, 'operating_margin': 12.64}",,Finviz via finvizfinance screener views,2026-09-03T23:30:26+02:00,2026-08-05,,29,NORMAL,"{'failed_gate': 'revenue_growth', 'actual_value': 10.81, 'applicable_threshold': 20.0, 'distance_to_threshold': 9.19, 'distance_to_threshold_pct': 45.949999999999996, 'formula': 'minimo: distance = threshold - actual; pct = distance / abs(threshold) * 100'}"
NWSA,News Corp,finviz_prefilter,revenue_growth,,price_min;market_cap_min;avg_volume_min;revenue_growth;eps_growth;eps_next_year;operating_margin;earnings_window,False,"{'revenue_growth_yoy': 10.81, 'eps_growth_yoy': 586.5300000000001, 'eps_next_year': 16.36, 'operating_margin': 12.64}",,Finviz via finvizfinance screener views,2026-09-03T23:30:26+02:00,2026-08-05,,29,NORMAL,"{'failed_gate': 'revenue_growth', 'actual_value': 10.81, 'applicable_threshold': 20.0, 'distance_to_threshold': 9.19, 'distance_to_threshold_pct': 45.949999999999996, 'formula': 'minimo: distance = threshold - actual; pct = distance / abs(threshold) * 100'}"
NXPI,NXP Semiconductors NV,finviz_prefilter,revenue_growth,,price_min;market_cap_min;avg_volume_min;revenue_growth;eps_growth;eps_next_year;operating_margin;earnings_window,False,"{'revenue_growth_yoy': 19.48, 'eps_growth_yoy': 72.23, 'eps_next_year': 20.53, 'operating_margin': 28.7}",,Finviz via finvizfinance screener views,2026-09-03T23:30:26+02:00,2026-07-28,,37,NORMAL,"{'failed_gate': 'revenue_growth', 'actual_value': 19.48, 'applicable_threshold': 20.0, 'distance_to_threshold': 0.5199999999999996, 'distance_to_threshold_pct': 2.599999999999998, 'formula': 'minimo: distance = threshold - actual; pct = distance / abs(threshold) * 100'}"
NXT,Nextpower Inc,finviz_prefilter,revenue_growth;eps_growth,,price_min;market_cap_min;avg_volume_min;revenue_growth;eps_growth;eps_next_year;operating_margin;earnings_window,False,"{'revenue_growth_yoy': 8.21, 'eps_growth_yoy': 2.32, 'eps_next_year': 22.55, 'operating_margin': 19.7}",,Finviz via finvizfinance screener views,2026-09-03T23:30:26+02:00,2026-07-30,,35,NORMAL,
OCTV,Octave Intelligence Plc,finviz_prefilter,eps_next_year,revenue_growth;eps_growth;operating_margin,price_min;market_cap_min;avg_volume_min;eps_next_year;earnings_window,False,"{'revenue_growth_yoy': None, 'eps_growth_yoy': None, 'eps_next_year': 2.66, 'operating_margin': None}",,Finviz via finvizfinance screener views,2026-09-03T23:30:26+02:00,2026-08-12,,22,NORMAL,"{'failed_gate': 'eps_next_year', 'actual_value': 2.66, 'applicable_threshold': 15.0, 'distance_to_threshold': 12.34, 'distance_to_threshold_pct': 82.26666666666667, 'formula': 'minimo: distance = threshold - actual; pct = distance / abs(threshold) * 100'}"
ODFL,Old Dominion Freight Line Inc,finviz_prefilter,revenue_growth;eps_next_year,,price_min;market_cap_min;avg_volume_min;revenue_growth;eps_growth;eps_next_year;operating_margin;earnings_window,False,"{'revenue_growth_yoy': 10.39, 'eps_growth_yoy': 32.68, 'eps_next_year': 14.26, 'operating_margin': 25.990000000000002}",,Finviz via finvizfinance screener views,2026-09-03T23:30:26+02:00,2026-07-29,,36,NORMAL,
OKTA,Okta Inc,finviz_prefilter,revenue_growth;eps_next_year;operating_margin,,price_min;market_cap_min;avg_volume_min;revenue_growth;eps_growth;eps_next_year;operating_margin;earnings_window,False,"{'revenue_growth_yoy': 10.58, 'eps_growth_yoy': 75.22999999999999, 'eps_next_year': 10.58, 'operating_margin': 7.68}",,Finviz via finvizfinance screener views,2026-09-03T23:30:26+02:00,2026-08-26,,8,PEAD_WINDOW,
OLED,Universal Display Corp,finviz_prefilter,revenue_growth;eps_growth;eps_next_year,,price_min;market_cap_min;avg_volume_min;revenue_growth;eps_growth;eps_next_year;operating_margin;earnings_window,False,"{'revenue_growth_yoy': -11.43, 'eps_growth_yoy': -24.92, 'eps_next_year': 12.5, 'operating_margin': 34.4}",,Finviz via finvizfinance screener views,2026-09-03T23:30:26+02:00,2026-07-30,,35,NORMAL,
OLLI,Ollies Bargain Outlet Holdings Inc,finviz_prefilter,revenue_growth;eps_next_year,,price_min;market_cap_min;avg_volume_min;revenue_growth;eps_growth;eps_next_year;operating_margin;earnings_window,False,"{'revenue_growth_yoy': 9.09, 'eps_growth_yoy': 42.99, 'eps_next_year': 7.26, 'operating_margin': 13.03}",,Finviz via finvizfinance screener views,2026-09-03T23:30:26+02:00,2026-09-02,,1,PEAD_WINDOW,
ON,ON Semiconductor Corp,finviz_prefilter,revenue_growth,,price_min;market_cap_min;avg_volume_min;revenue_growth;eps_growth;eps_next_year;operating_margin;earnings_window,False,"{'revenue_growth_yoy': 9.180000000000001, 'eps_growth_yoy': 36.51, 'eps_next_year': 40.62, 'operating_margin': 18.16}",,Finviz via finvizfinance screener views,2026-09-03T23:30:26+02:00,2026-08-03,,31,NORMAL,"{'failed_gate': 'revenue_growth', 'actual_value': 9.180000000000001, 'applicable_threshold': 20.0, 'distance_to_threshold': 10.819999999999999, 'distance_to_threshold_pct': 54.099999999999994, 'formula': 'minimo: distance = threshold - actual; pct = distance / abs(threshold) * 100'}"
ONB,Old National Bancorp,finviz_prefilter,revenue_growth;eps_next_year,,price_min;market_cap_min;avg_volume_min;revenue_growth;eps_growth;eps_next_year;operating_margin;earnings_window,False,"{'revenue_growth_yoy': 9.55, 'eps_growth_yoy': 93.78, 'eps_next_year': 10.92, 'operating_margin': 30.14}",,Finviz via finvizfinance screener views,2026-09-03T23:30:26+02:00,2026-07-22,,43,NORMAL,
OPCH,Option Care Health Inc,finviz_prefilter,revenue_growth;eps_growth;eps_next_year;operating_margin,,price_min;market_cap_min;avg_volume_min;revenue_growth;eps_growth;eps_next_year;operating_margin;earnings_window,False,"{'revenue_growth_yoy': 1.8599999999999999, 'eps_growth_yoy': 14.13, 'eps_next_year': 10.83, 'operating_margin': 5.86}",,Finviz via finvizfinance screener views,2026-09-03T23:30:26+02:00,2026-07-29,,36,NORMAL,
ORLY,O'Reilly Automotive Inc,finviz_prefilter,revenue_growth;eps_growth;eps_next_year,,price_min;market_cap_min;avg_volume_min;revenue_growth;eps_growth;eps_next_year;operating_margin;earnings_window,False,"{'revenue_growth_yoy': 8.110000000000001, 'eps_growth_yoy': 10.77, 'eps_next_year': 11.36, 'operating_margin': 19.56}",,Finviz via finvizfinance screener views,2026-09-03T23:30:26+02:00,2026-07-29,,36,NORMAL,
OSW,OneSpaWorld Holdings Limited,finviz_prefilter,revenue_growth;eps_growth;eps_next_year,,price_min;market_cap_min;avg_volume_min;revenue_growth;eps_growth;eps_next_year;operating_margin;earnings_window,False,"{'revenue_growth_yoy': 8.52, 'eps_growth_yoy': 17.72, 'eps_next_year': 13.49, 'operating_margin': 9.5}",,Finviz via finvizfinance screener views,2026-09-03T23:30:26+02:00,2026-07-29,,36,NORMAL,
OTEX,Open Text Corp,finviz_prefilter,revenue_growth;eps_next_year,,price_min;market_cap_min;avg_volume_min;revenue_growth;eps_growth;eps_next_year;operating_margin;earnings_window,False,"{'revenue_growth_yoy': 2.94, 'eps_growth_yoy': 473.37, 'eps_next_year': 7.84, 'operating_margin': 23.169999999999998}",,Finviz via finvizfinance screener views,2026-09-03T23:30:26+02:00,2026-08-06,,28,NORMAL,
OUST,Ouster Inc,finviz_prefilter,operating_margin,,price_min;market_cap_min;avg_volume_min;revenue_growth;eps_growth;eps_next_year;operating_margin;earnings_window,False,"{'revenue_growth_yoy': 55.86, 'eps_growth_yoy': 27.46, 'eps_next_year': 102.63, 'operating_margin': -34.410000000000004}",,Finviz via finvizfinance screener views,2026-09-03T23:30:26+02:00,2026-08-06,,28,NORMAL,"{'failed_gate': 'operating_margin', 'actual_value': -34.410000000000004, 'applicable_threshold': 8.0, 'distance_to_threshold': 42.410000000000004, 'distance_to_threshold_pct': 530.125, 'formula': 'minimo: distance = threshold - actual; pct = distance / abs(threshold) * 100'}"
OZK,Bank OZK,finviz_prefilter,revenue_growth;eps_growth;eps_next_year,,price_min;market_cap_min;avg_volume_min;revenue_growth;eps_growth;eps_next_year;operating_margin;earnings_window,False,"{'revenue_growth_yoy': -3.82, 'eps_growth_yoy': -5.72, 'eps_next_year': 4.34, 'operating_margin': 32.35}",,Finviz via finvizfinance screener views,2026-09-03T23:30:26+02:00,2026-07-21,,44,NORMAL,
PAA,Plains All American Pipeline LP,finviz_prefilter,eps_next_year;operating_margin,,price_min;market_cap_min;avg_volume_min;revenue_growth;eps_growth;eps_next_year;operating_margin;earnings_window,False,"{'revenue_growth_yoy': 65.47, 'eps_growth_yoy': 981.11, 'eps_next_year': 6.13, 'operating_margin': 2.78}",,Finviz via finvizfinance screener views,2026-09-03T23:30:26+02:00,2026-08-07,,27,NORMAL,
PAGP,Plains GP Holdings LP,finviz_prefilter,eps_next_year;operating_margin,,price_min;market_cap_min;avg_volume_min;revenue_growth;eps_growth;eps_next_year;operating_margin;earnings_window,False,"{'revenue_growth_yoy': 65.47, 'eps_growth_yoy': 1196.77, 'eps_next_year': -15.13, 'operating_margin': 2.83}",,Finviz via finvizfinance screener views,2026-09-03T23:30:26+02:00,2026-08-07,,27,NORMAL,
PANW,Palo Alto Networks Inc,finviz_prefilter,eps_growth;operating_margin,,price_min;market_cap_min;avg_volume_min;revenue_growth;eps_growth;eps_next_year;operating_margin;earnings_window,False,"{'revenue_growth_yoy': 34.449999999999996, 'eps_growth_yoy': -197.77, 'eps_next_year': 16.69, 'operating_margin': 5.96}",,Finviz via finvizfinance screener views,2026-09-03T23:30:26+02:00,2026-09-01,,2,PEAD_WINDOW,
PAYX,Paychex Inc,finviz_prefilter,revenue_growth;eps_next_year,,price_min;market_cap_min;avg_volume_min;revenue_growth;eps_growth;eps_next_year;operating_margin;earnings_window,False,"{'revenue_growth_yoy': 12.49, 'eps_growth_yoy': 43.14, 'eps_next_year': 7.51, 'operating_margin': 45.08}",,Finviz via finvizfinance screener views,2026-09-03T23:30:26+02:00,2026-06-24,,71,NORMAL,
PCAR,Paccar Inc,finviz_prefilter,revenue_growth;eps_growth,,price_min;market_cap_min;avg_volume_min;revenue_growth;eps_growth;eps_next_year;operating_margin;earnings_window,False,"{'revenue_growth_yoy': 0.5499999999999999, 'eps_growth_yoy': 3.7199999999999998, 'eps_next_year': 20.1, 'operating_margin': 10.37}",,Finviz via finvizfinance screener views,2026-09-03T23:30:26+02:00,2026-07-28,,37,NORMAL,
PECO,Phillips Edison & Company Inc,finviz_prefilter,revenue_growth;eps_next_year,,price_min;market_cap_min;avg_volume_min;revenue_growth;eps_growth;eps_next_year;operating_margin;earnings_window,False,"{'revenue_growth_yoy': 6.550000000000001, 'eps_growth_yoy': 253.37, 'eps_next_year': -1.48, 'operating_margin': 28.910000000000004}",,Finviz via finvizfinance screener views,2026-09-03T23:30:26+02:00,2026-07-23,,42,NORMAL,
PEGA,Pegasystems Inc,finviz_prefilter,revenue_growth;eps_growth;eps_next_year,,price_min;market_cap_min;avg_volume_min;revenue_growth;eps_growth;eps_next_year;operating_margin;earnings_window,False,"{'revenue_growth_yoy': 9.42, 'eps_growth_yoy': -53.0, 'eps_next_year': 7.83, 'operating_margin': 11.32}",,Finviz via finvizfinance screener views,2026-09-03T23:30:26+02:00,2026-07-21,,44,NORMAL,
PENN,PENN Entertainment Inc,finviz_prefilter,revenue_growth;operating_margin,,price_min;market_cap_min;avg_volume_min;revenue_growth;eps_growth;eps_next_year;operating_margin;earnings_window,False,"{'revenue_growth_yoy': 5.24, 'eps_growth_yoy': 308.56, 'eps_next_year': 71.69, 'operating_margin': 6.03}",,Finviz via finvizfinance screener views,2026-09-03T23:30:26+02:00,2026-08-06,,28,NORMAL,
PEP,PepsiCo Inc,finviz_prefilter,revenue_growth;eps_next_year,,price_min;market_cap_min;avg_volume_min;revenue_growth;eps_growth;eps_next_year;operating_margin;earnings_window,False,"{'revenue_growth_yoy': 6.41, 'eps_growth_yoy': 136.71, 'eps_next_year': 4.77, 'operating_margin': 15.55}",,Finviz via finvizfinance screener views,2026-09-03T23:30:26+02:00,2026-07-09,,56,NORMAL,
PFG,Principal Financial Group Inc,finviz_prefilter,revenue_growth;eps_growth;eps_next_year,,price_min;market_cap_min;avg_volume_min;revenue_growth;eps_growth;eps_next_year;operating_margin;earnings_window,False,"{'revenue_growth_yoy': 6.39, 'eps_growth_yoy': 2.85, 'eps_next_year': 8.65, 'operating_margin': 11.87}",,Finviz via finvizfinance screener views,2026-09-03T23:30:26+02:00,2026-07-27,,38,NORMAL,
PGNY,Progyny Inc,finviz_prefilter,revenue_growth,,price_min;market_cap_min;avg_volume_min;revenue_growth;eps_growth;eps_next_year;operating_margin;earnings_window,False,"{'revenue_growth_yoy': 5.3, 'eps_growth_yoy': 78.89, 'eps_next_year': 18.19, 'operating_margin': 8.55}",,Finviz via finvizfinance screener views,2026-09-03T23:30:26+02:00,2026-08-06,,28,NORMAL,"{'failed_gate': 'revenue_growth', 'actual_value': 5.3, 'applicable_threshold': 20.0, 'distance_to_threshold': 14.7, 'distance_to_threshold_pct': 73.5, 'formula': 'minimo: distance = threshold - actual; pct = distance / abs(threshold) * 100'}"
POOL,Pool Corp,finviz_prefilter,revenue_growth;eps_growth;eps_next_year,,price_min;market_cap_min;avg_volume_min;revenue_growth;eps_growth;eps_next_year;operating_margin;earnings_window,False,"{'revenue_growth_yoy': 2.15, 'eps_growth_yoy': 0.13999999999999999, 'eps_next_year': 7.64, 'operating_margin': 10.76}",,Finviz via finvizfinance screener views,2026-09-03T23:30:26+02:00,2026-07-23,,42,NORMAL,
POWI,Power Integrations Inc,finviz_prefilter,revenue_growth;operating_margin,,price_min;market_cap_min;avg_volume_min;revenue_growth;eps_growth;eps_next_year;operating_margin;earnings_window,False,"{'revenue_growth_yoy': 2.6599999999999997, 'eps_growth_yoy': 613.5799999999999, 'eps_next_year': 32.86, 'operating_margin': 7.93}",,Finviz via finvizfinance screener views,2026-09-03T23:30:26+02:00,2026-08-05,,29,NORMAL,
PPC,Pilgrim's Pride Corp,finviz_prefilter,revenue_growth;eps_growth;operating_margin,,price_min;market_cap_min;avg_volume_min;revenue_growth;eps_growth;eps_next_year;operating_margin;earnings_window,False,"{'revenue_growth_yoy': -2.83, 'eps_growth_yoy': -96.24000000000001, 'eps_next_year': 19.37, 'operating_margin': 6.419999999999999}",,Finviz via finvizfinance screener views,2026-09-03T23:30:26+02:00,2026-07-29,,36,NORMAL,
PPLI,People Inc,finviz_prefilter,revenue_growth;eps_next_year;operating_margin,,price_min;market_cap_min;avg_volume_min;revenue_growth;eps_growth;eps_next_year;operating_margin;earnings_window,False,"{'revenue_growth_yoy': -25.590000000000003, 'eps_growth_yoy': 160.9, 'eps_next_year': -79.23, 'operating_margin': 0.9199999999999999}",,Finviz via finvizfinance screener views,2026-09-03T23:30:26+02:00,2026-08-03,,31,NORMAL,
PRCH,Porch Group Inc,finviz_prefilter,revenue_growth,,price_min;market_cap_min;avg_volume_min;revenue_growth;eps_growth;eps_next_year;operating_margin;earnings_window,False,"{'revenue_growth_yoy': 18.099999999999998, 'eps_growth_yoy': 136.73, 'eps_next_year': 3900.19, 'operating_margin': 8.37}",,Finviz via finvizfinance screener views,2026-09-03T23:30:26+02:00,2026-07-29,,36,NORMAL,"{'failed_gate': 'revenue_growth', 'actual_value': 18.099999999999998, 'applicable_threshold': 20.0, 'distance_to_threshold': 1.9000000000000021, 'distance_to_threshold_pct': 9.50000000000001, 'formula': 'minimo: distance = threshold - actual; pct = distance / abs(threshold) * 100'}"
PRVA,Privia Health Group Inc,finviz_prefilter,operating_margin,,price_min;market_cap_min;avg_volume_min;revenue_growth;eps_growth;eps_next_year;operating_margin;earnings_window,False,"{'revenue_growth_yoy': 21.39, 'eps_growth_yoy': 228.23000000000002, 'eps_next_year': 61.99, 'operating_margin': 1.9}",,Finviz via finvizfinance screener views,2026-09-03T23:30:26+02:00,2026-08-06,,28,NORMAL,"{'failed_gate': 'operating_margin', 'actual_value': 1.9, 'applicable_threshold': 8.0, 'distance_to_threshold': 6.1, 'distance_to_threshold_pct': 76.25, 'formula': 'minimo: distance = threshold - actual; pct = distance / abs(threshold) * 100'}"
PTC,PTC Inc,finviz_prefilter,revenue_growth;eps_growth;eps_next_year,,price_min;market_cap_min;avg_volume_min;revenue_growth;eps_growth;eps_next_year;operating_margin;earnings_window,False,"{'revenue_growth_yoy': -6.819999999999999, 'eps_growth_yoy': -11.940000000000001, 'eps_next_year': 8.77, 'operating_margin': 39.78}",,Finviz via finvizfinance screener views,2026-09-03T23:30:26+02:00,2026-07-29,,36,NORMAL,
PTRN,Pattern Group Inc,finviz_prefilter,operating_margin,,price_min;market_cap_min;avg_volume_min;revenue_growth;eps_growth;eps_next_year;operating_margin;earnings_window,False,"{'revenue_growth_yoy': 46.58, 'eps_growth_yoy': 62.529999999999994, 'eps_next_year': 25.35, 'operating_margin': 1.3599999999999999}",,Finviz via finvizfinance screener views,2026-09-03T23:30:26+02:00,2026-08-05,,29,NORMAL,"{'failed_gate': 'operating_margin', 'actual_value': 1.3599999999999999, 'applicable_threshold': 8.0, 'distance_to_threshold': 6.640000000000001, 'distance_to_threshold_pct': 83.0, 'formula': 'minimo: distance = threshold - actual; pct = distance / abs(threshold) * 100'}"
PYPL,PayPal Holdings Inc,finviz_prefilter,revenue_growth;eps_growth;eps_next_year,,price_min;market_cap_min;avg_volume_min;revenue_growth;eps_growth;eps_next_year;operating_margin;earnings_window,False,"{'revenue_growth_yoy': 3.8, 'eps_growth_yoy': -3.02, 'eps_next_year': 7.51, 'operating_margin': 18.94}",,Finviz via finvizfinance screener views,2026-09-03T23:30:26+02:00,2026-07-28,,37,NORMAL,
QBTS,D-Wave Quantum Inc,finviz_prefilter,revenue_growth;eps_next_year;operating_margin,,price_min;market_cap_min;avg_volume_min;revenue_growth;eps_growth;eps_next_year;operating_margin;earnings_window,False,"{'revenue_growth_yoy': -0.61, 'eps_growth_yoy': 76.6, 'eps_next_year': -27.25, 'operating_margin': -1372.8799999999999}",,Finviz via finvizfinance screener views,2026-09-03T23:30:26+02:00,2026-08-06,,28,NORMAL,
QCOM,Qualcomm Inc,finviz_prefilter,revenue_growth;eps_growth;eps_next_year,,price_min;market_cap_min;avg_volume_min;revenue_growth;eps_growth;eps_next_year;operating_margin;earnings_window,False,"{'revenue_growth_yoy': -4.03, 'eps_growth_yoy': -22.8, 'eps_next_year': -3.39, 'operating_margin': 23.5}",,Finviz via finvizfinance screener views,2026-09-03T23:30:26+02:00,2026-07-29,,36,NORMAL,
QLYS,Qualys Inc,finviz_prefilter,revenue_growth;eps_growth;eps_next_year,,price_min;market_cap_min;avg_volume_min;revenue_growth;eps_growth;eps_next_year;operating_margin;earnings_window,False,"{'revenue_growth_yoy': 11.92, 'eps_growth_yoy': 15.53, 'eps_next_year': 8.23, 'operating_margin': 35.04}",,Finviz via finvizfinance screener views,2026-09-03T23:30:26+02:00,2026-08-04,,30,NORMAL,
QRVO,Qorvo Inc,finviz_prefilter,revenue_growth;eps_next_year,,price_min;market_cap_min;avg_volume_min;revenue_growth;eps_growth;eps_next_year;operating_margin;earnings_window,False,"{'revenue_growth_yoy': -4.15, 'eps_growth_yoy': 251.85, 'eps_next_year': 5.04, 'operating_margin': 18.17}",,Finviz via finvizfinance screener views,2026-09-03T23:30:26+02:00,2026-07-28,,37,NORMAL,
QURE,uniQure NV,finviz_prefilter,revenue_growth;eps_growth;operating_margin,,price_min;market_cap_min;avg_volume_min;revenue_growth;eps_growth;eps_next_year;operating_margin;earnings_window,False,"{'revenue_growth_yoy': 11.0, 'eps_growth_yoy': -77.81, 'eps_next_year': 22.22, 'operating_margin': -1093.18}",,Finviz via finvizfinance screener views,2026-09-03T23:30:26+02:00,2026-07-29,,36,NORMAL,
RDNT,Radnet Inc,finviz_prefilter,eps_growth;operating_margin,,price_min;market_cap_min;avg_volume_min;revenue_growth;eps_growth;eps_next_year;operating_margin;earnings_window,False,"{'revenue_growth_yoy': 24.990000000000002, 'eps_growth_yoy': -50.05, 'eps_next_year': 72.41, 'operating_margin': 4.63}",,Finviz via finvizfinance screener views,2026-09-03T23:30:26+02:00,2026-08-09,,25,NORMAL,
REG,Regency Centers Corp,finviz_prefilter,revenue_growth;eps_growth;eps_next_year,,price_min;market_cap_min;avg_volume_min;revenue_growth;eps_growth;eps_next_year;operating_margin;earnings_window,False,"{'revenue_growth_yoy': 8.6, 'eps_growth_yoy': 8.67, 'eps_next_year': 2.18, 'operating_margin': 37.269999999999996}",,Finviz via finvizfinance screener views,2026-09-03T23:30:26+02:00,2026-07-29,,36,NORMAL,
REGN,Regeneron Pharmaceuticals Inc,finviz_prefilter,revenue_growth;eps_growth;eps_next_year,,price_min;market_cap_min;avg_volume_min;revenue_growth;eps_growth;eps_next_year;operating_margin;earnings_window,False,"{'revenue_growth_yoy': 16.73, 'eps_growth_yoy': -4.52, 'eps_next_year': 12.24, 'operating_margin': 26.87}",,Finviz via finvizfinance screener views,2026-09-03T23:30:26+02:00,2026-07-30,,35,NORMAL,
RELY,Remitly Global Inc,finviz_prefilter,eps_next_year,,price_min;market_cap_min;avg_volume_min;revenue_growth;eps_growth;eps_next_year;operating_margin;earnings_window,False,"{'revenue_growth_yoy': 20.23, 'eps_growth_yoy': 3025.84, 'eps_next_year': -23.43, 'operating_margin': 10.36}",,Finviz via finvizfinance screener views,2026-09-03T23:30:26+02:00,2026-08-05,,29,NORMAL,"{'failed_gate': 'eps_next_year', 'actual_value': -23.43, 'applicable_threshold': 15.0, 'distance_to_threshold': 38.43, 'distance_to_threshold_pct': 256.2, 'formula': 'minimo: distance = threshold - actual; pct = distance / abs(threshold) * 100'}"
REYN,Reynolds Consumer Products Inc,finviz_prefilter,revenue_growth;eps_growth;eps_next_year,,price_min;market_cap_min;avg_volume_min;revenue_growth;eps_growth;eps_next_year;operating_margin;earnings_window,False,"{'revenue_growth_yoy': 0.64, 'eps_growth_yoy': 21.0, 'eps_next_year': 4.22, 'operating_margin': 14.13}",,Finviz via finvizfinance screener views,2026-09-03T23:30:26+02:00,2026-07-29,,36,NORMAL,
RGEN,Repligen Corp,finviz_prefilter,revenue_growth;eps_growth,,price_min;market_cap_min;avg_volume_min;revenue_growth;eps_growth;eps_next_year;operating_margin;earnings_window,False,"{'revenue_growth_yoy': 11.93, 'eps_growth_yoy': -66.4, 'eps_next_year': 27.2, 'operating_margin': 9.030000000000001}",,Finviz via finvizfinance screener views,2026-09-03T23:30:26+02:00,2026-07-28,,37,NORMAL,
RGTI,Rigetti Computing Inc,finviz_prefilter,eps_growth;eps_next_year;operating_margin,,price_min;market_cap_min;avg_volume_min;revenue_growth;eps_growth;eps_next_year;operating_margin;earnings_window,False,"{'revenue_growth_yoy': 185.29, 'eps_growth_yoy': -18.72, 'eps_next_year': -3.86, 'operating_margin': -727.62}",,Finviz via finvizfinance screener views,2026-09-03T23:30:26+02:00,2026-08-06,,28,NORMAL,
RIOT,Riot Platforms Inc,finviz_prefilter,revenue_growth;eps_growth;operating_margin,,price_min;market_cap_min;avg_volume_min;revenue_growth;eps_growth;eps_next_year;operating_margin;earnings_window,False,"{'revenue_growth_yoy': 13.889999999999999, 'eps_growth_yoy': -217.77, 'eps_next_year': 55.34, 'operating_margin': -74.16}",,Finviz via finvizfinance screener views,2026-09-03T23:30:26+02:00,2026-08-10,,24,NORMAL,
RIVN,Rivian Automotive Inc,finviz_prefilter,operating_margin,,price_min;market_cap_min;avg_volume_min;revenue_growth;eps_growth;eps_next_year;operating_margin;earnings_window,False,"{'revenue_growth_yoy': 27.24, 'eps_growth_yoy': 34.99, 'eps_next_year': 17.59, 'operating_margin': -60.050000000000004}",,Finviz via finvizfinance screener views,2026-09-03T23:30:26+02:00,2026-07-30,,35,NORMAL,"{'failed_gate': 'operating_margin', 'actual_value': -60.050000000000004, 'applicable_threshold': 8.0, 'distance_to_threshold': 68.05000000000001, 'distance_to_threshold_pct': 850.6250000000001, 'formula': 'minimo: distance = threshold - actual; pct = distance / abs(threshold) * 100'}"
RKLB,Rocket Lab Corp,finviz_prefilter,operating_margin,,price_min;market_cap_min;avg_volume_min;revenue_growth;eps_growth;eps_next_year;operating_margin;earnings_window,False,"{'revenue_growth_yoy': 61.99, 'eps_growth_yoy': 39.33, 'eps_next_year': 85.4, 'operating_margin': -29.060000000000002}",,Finviz via finvizfinance screener views,2026-09-03T23:30:26+02:00,2026-08-10,,24,NORMAL,"{'failed_gate': 'operating_margin', 'actual_value': -29.060000000000002, 'applicable_threshold': 8.0, 'distance_to_threshold': 37.06, 'distance_to_threshold_pct': 463.25, 'formula': 'minimo: distance = threshold - actual; pct = distance / abs(threshold) * 100'}"
RLAY,Relay Therapeutics Inc,finviz_prefilter,revenue_growth;eps_growth;eps_next_year;operating_margin,,price_min;market_cap_min;avg_volume_min;revenue_growth;eps_growth;eps_next_year;operating_margin;earnings_window,False,"{'revenue_growth_yoy': -48.3, 'eps_growth_yoy': -0.44, 'eps_next_year': -0.73, 'operating_margin': -2999.37}",,Finviz via finvizfinance screener views,2026-09-03T23:30:26+02:00,2026-08-06,,28,NORMAL,
RMBS,Rambus Inc,finviz_prefilter,eps_growth,,price_min;market_cap_min;avg_volume_min;revenue_growth;eps_growth;eps_next_year;operating_margin;earnings_window,False,"{'revenue_growth_yoy': 20.43, 'eps_growth_yoy': 15.129999999999999, 'eps_next_year': 23.6, 'operating_margin': 35.949999999999996}",,Finviz via finvizfinance screener views,2026-09-03T23:30:26+02:00,2026-07-27,,38,NORMAL,"{'failed_gate': 'eps_growth', 'actual_value': 15.129999999999999, 'applicable_threshold': 30.0, 'distance_to_threshold': 14.870000000000001, 'distance_to_threshold_pct': 49.56666666666667, 'formula': 'minimo: distance = threshold - actual; pct = distance / abs(threshold) * 100'}"
ROIV,Roivant Sciences Ltd,finviz_prefilter,revenue_growth;eps_growth;eps_next_year;operating_margin,,price_min;market_cap_min;avg_volume_min;revenue_growth;eps_growth;eps_next_year;operating_margin;earnings_window,False,"{'revenue_growth_yoy': -33.550000000000004, 'eps_growth_yoy': 19.77, 'eps_next_year': 5.43, 'operating_margin': -18146.12}",,Finviz via finvizfinance screener views,2026-09-03T23:30:26+02:00,2026-08-06,,28,NORMAL,
ROKU,Roku Inc,finviz_prefilter,operating_margin,,price_min;market_cap_min;avg_volume_min;revenue_growth;eps_growth;eps_next_year;operating_margin;earnings_window,False,"{'revenue_growth_yoy': 21.93, 'eps_growth_yoy': 1440.03, 'eps_next_year': 37.11, 'operating_margin': 5.25}",,Finviz via finvizfinance screener views,2026-09-03T23:30:26+02:00,2026-08-06,,28,NORMAL,"{'failed_gate': 'operating_margin', 'actual_value': 5.25, 'applicable_threshold': 8.0, 'distance_to_threshold': 2.75, 'distance_to_threshold_pct': 34.375, 'formula': 'minimo: distance = threshold - actual; pct = distance / abs(threshold) * 100'}"
ROP,Roper Technologies Inc,finviz_prefilter,revenue_growth;eps_next_year,,price_min;market_cap_min;avg_volume_min;revenue_growth;eps_growth;eps_next_year;operating_margin;earnings_window,False,"{'revenue_growth_yoy': 8.5, 'eps_growth_yoy': 232.83999999999997, 'eps_next_year': 9.53, 'operating_margin': 27.97}",,Finviz via finvizfinance screener views,2026-09-03T23:30:26+02:00,2026-07-23,,42,NORMAL,
ROST,Ross Stores Inc,finviz_prefilter,revenue_growth;eps_next_year,,price_min;market_cap_min;avg_volume_min;revenue_growth;eps_growth;eps_next_year;operating_margin;earnings_window,False,"{'revenue_growth_yoy': 13.309999999999999, 'eps_growth_yoy': 70.39, 'eps_next_year': 6.51, 'operating_margin': 13.750000000000002}",,Finviz via finvizfinance screener views,2026-09-03T23:30:26+02:00,2026-08-20,,14,PEAD_WINDOW,
RPRX,Royalty Pharma plc,finviz_prefilter,revenue_growth;eps_growth;eps_next_year,,price_min;market_cap_min;avg_volume_min;revenue_growth;eps_growth;eps_next_year;operating_margin;earnings_window,False,"{'revenue_growth_yoy': 16.5, 'eps_growth_yoy': -43.580000000000005, 'eps_next_year': 7.65, 'operating_margin': 62.33}",,Finviz via finvizfinance screener views,2026-09-03T23:30:26+02:00,2026-08-05,,29,NORMAL,
RUSHA,Rush Enterprises Inc,finviz_prefilter,revenue_growth;eps_growth;operating_margin,,price_min;market_cap_min;avg_volume_min;revenue_growth;eps_growth;eps_next_year;operating_margin;earnings_window,False,"{'revenue_growth_yoy': -1.6099999999999999, 'eps_growth_yoy': 0.7799999999999999, 'eps_next_year': 23.59, 'operating_margin': 5.13}",,Finviz via finvizfinance screener views,2026-09-03T23:30:26+02:00,2026-07-28,,37,NORMAL,
RYTM,Rhythm Pharmaceuticals Inc,finviz_prefilter,eps_growth;operating_margin,,price_min;market_cap_min;avg_volume_min;revenue_growth;eps_growth;eps_next_year;operating_margin;earnings_window,False,"{'revenue_growth_yoy': 46.910000000000004, 'eps_growth_yoy': 2.55, 'eps_next_year': 77.88, 'operating_margin': -83.62}",,Finviz via finvizfinance screener views,2026-09-03T23:30:26+02:00,2026-08-04,,30,NORMAL,
SAIL,Sailpoint Inc,finviz_prefilter,operating_margin;earnings_window,,price_min;market_cap_min;avg_volume_min;revenue_growth;eps_growth;eps_next_year;operating_margin;earnings_window,False,"{'revenue_growth_yoy': 21.55, 'eps_growth_yoy': 65.12, 'eps_next_year': 24.73, 'operating_margin': -17.91}",,Finviz via finvizfinance screener views,2026-09-03T23:30:26+02:00,2026-09-09,6,,PRE_EARNINGS_BLACKOUT,
SANM,Sanmina Corp,finviz_prefilter,operating_margin,,price_min;market_cap_min;avg_volume_min;revenue_growth;eps_growth;eps_next_year;operating_margin;earnings_window,False,"{'revenue_growth_yoy': 69.67, 'eps_growth_yoy': 68.72, 'eps_next_year': 15.15, 'operating_margin': 5.489999999999999}",,Finviz via finvizfinance screener views,2026-09-03T23:30:26+02:00,2026-07-27,,38,NORMAL,"{'failed_gate': 'operating_margin', 'actual_value': 5.489999999999999, 'applicable_threshold': 8.0, 'distance_to_threshold': 2.5100000000000007, 'distance_to_threshold_pct': 31.375000000000007, 'formula': 'minimo: distance = threshold - actual; pct = distance / abs(threshold) * 100'}"
SBAC,SBA Communications Corp,finviz_prefilter,revenue_growth;eps_growth;eps_next_year,,price_min;market_cap_min;avg_volume_min;revenue_growth;eps_growth;eps_next_year;operating_margin;earnings_window,False,"{'revenue_growth_yoy': 2.33, 'eps_growth_yoy': -10.69, 'eps_next_year': 9.29, 'operating_margin': 53.7}",,Finviz via finvizfinance screener views,2026-09-03T23:30:26+02:00,2026-08-03,,31,NORMAL,
SBCF,Seacoast Banking Corp Of Florida,finviz_prefilter,eps_growth;eps_next_year,,price_min;market_cap_min;avg_volume_min;revenue_growth;eps_growth;eps_next_year;operating_margin;earnings_window,False,"{'revenue_growth_yoy': 30.009999999999998, 'eps_growth_yoy': 9.83, 'eps_next_year': 8.7, 'operating_margin': 24.52}",,Finviz via finvizfinance screener views,2026-09-03T23:30:26+02:00,2026-07-28,,37,NORMAL,
SBLK,Star Bulk Carriers Corp,finviz_prefilter,eps_next_year,,price_min;market_cap_min;avg_volume_min;revenue_growth;eps_growth;eps_next_year;operating_margin;earnings_window,False,"{'revenue_growth_yoy': 44.46, 'eps_growth_yoy': 432900.0, 'eps_next_year': -6.42, 'operating_margin': 27.839999999999996}",,Finviz via finvizfinance screener views,2026-09-03T23:30:26+02:00,2026-08-05,,29,NORMAL,"{'failed_gate': 'eps_next_year', 'actual_value': -6.42, 'applicable_threshold': 15.0, 'distance_to_threshold': 21.42, 'distance_to_threshold_pct': 142.8, 'formula': 'minimo: distance = threshold - actual; pct = distance / abs(threshold) * 100'}"
SBRA,Sabra Healthcare REIT Inc,finviz_prefilter,eps_growth,,price_min;market_cap_min;avg_volume_min;revenue_growth;eps_growth;eps_next_year;operating_margin;earnings_window,False,"{'revenue_growth_yoy': 25.2, 'eps_growth_yoy': -136.73, 'eps_next_year': 60.78, 'operating_margin': 18.8}",,Finviz via finvizfinance screener views,2026-09-03T23:30:26+02:00,2026-08-03,,31,NORMAL,"{'failed_gate': 'eps_growth', 'actual_value': -136.73, 'applicable_threshold': 30.0, 'distance_to_threshold': 166.73, 'distance_to_threshold_pct': 555.7666666666667, 'formula': 'minimo: distance = threshold - actual; pct = distance / abs(threshold) * 100'}"
SBUX,Starbucks Corp,finviz_prefilter,revenue_growth,,price_min;market_cap_min;avg_volume_min;revenue_growth;eps_growth;eps_next_year;operating_margin;earnings_window,False,"{'revenue_growth_yoy': -1.43, 'eps_growth_yoy': 86.59, 'eps_next_year': 20.56, 'operating_margin': 10.01}",,Finviz via finvizfinance screener views,2026-09-03T23:30:26+02:00,2026-07-29,,36,NORMAL,"{'failed_gate': 'revenue_growth', 'actual_value': -1.43, 'applicable_threshold': 20.0, 'distance_to_threshold': 21.43, 'distance_to_threshold_pct': 107.14999999999999, 'formula': 'minimo: distance = threshold - actual; pct = distance / abs(threshold) * 100'}"
SEDG,Solaredge Technologies Inc,finviz_prefilter,revenue_growth;operating_margin,,price_min;market_cap_min;avg_volume_min;revenue_growth;eps_growth;eps_next_year;operating_margin;earnings_window,False,"{'revenue_growth_yoy': 19.63, 'eps_growth_yoy': 76.35, 'eps_next_year': 369.95, 'operating_margin': -9.969999999999999}",,Finviz via finvizfinance screener views,2026-09-03T23:30:26+02:00,2026-08-05,,29,NORMAL,
SFD,Smithfield Foods Inc,finviz_prefilter,revenue_growth;eps_growth;eps_next_year,,price_min;market_cap_min;avg_volume_min;revenue_growth;eps_growth;eps_next_year;operating_margin;earnings_window,False,"{'revenue_growth_yoy': -3.7800000000000002, 'eps_growth_yoy': 25.759999999999998, 'eps_next_year': -1.35, 'operating_margin': 8.559999999999999}",,Finviz via finvizfinance screener views,2026-09-03T23:30:26+02:00,2026-08-11,,23,NORMAL,
SFM,Sprouts Farmers Market Inc,finviz_prefilter,revenue_growth;eps_growth;eps_next_year;operating_margin,,price_min;market_cap_min;avg_volume_min;revenue_growth;eps_growth;eps_next_year;operating_margin;earnings_window,False,"{'revenue_growth_yoy': 4.74, 'eps_growth_yoy': 1.09, 'eps_next_year': 7.14, 'operating_margin': 7.489999999999999}",,Finviz via finvizfinance screener views,2026-09-03T23:30:26+02:00,2026-07-29,,36,NORMAL,
SFNC,Simmons First National Corp,finviz_prefilter,revenue_growth;eps_growth;eps_next_year;operating_margin,,price_min;market_cap_min;avg_volume_min;revenue_growth;eps_growth;eps_next_year;operating_margin;earnings_window,False,"{'revenue_growth_yoy': -0.69, 'eps_growth_yoy': 5.91, 'eps_next_year': 7.77, 'operating_margin': -74.6}",,Finviz via finvizfinance screener views,2026-09-03T23:30:26+02:00,2026-07-16,,49,NORMAL,
SHC,Sotera Health Co,finviz_prefilter,revenue_growth;eps_next_year,,price_min;market_cap_min;avg_volume_min;revenue_growth;eps_growth;eps_next_year;operating_margin;earnings_window,False,"{'revenue_growth_yoy': 9.180000000000001, 'eps_growth_yoy': 567.38, 'eps_next_year': 9.16, 'operating_margin': 36.9}",,Finviz via finvizfinance screener views,2026-09-03T23:30:26+02:00,2026-08-06,,28,NORMAL,
SHOO,Steven Madden Ltd,finviz_prefilter,revenue_growth,,price_min;market_cap_min;avg_volume_min;revenue_growth;eps_growth;eps_next_year;operating_margin;earnings_window,False,"{'revenue_growth_yoy': 19.12, 'eps_growth_yoy': 168.98, 'eps_next_year': 26.6, 'operating_margin': 9.030000000000001}",,Finviz via finvizfinance screener views,2026-09-03T23:30:26+02:00,2026-07-30,,35,NORMAL,"{'failed_gate': 'revenue_growth', 'actual_value': 19.12, 'applicable_threshold': 20.0, 'distance_to_threshold': 0.879999999999999, 'distance_to_threshold_pct': 4.399999999999995, 'formula': 'minimo: distance = threshold - actual; pct = distance / abs(threshold) * 100'}"
SIRI,Sirius XM Holdings Inc,finviz_prefilter,revenue_growth;eps_growth;eps_next_year,,price_min;market_cap_min;avg_volume_min;revenue_growth;eps_growth;eps_next_year;operating_margin;earnings_window,False,"{'revenue_growth_yoy': 1.03, 'eps_growth_yoy': 23.51, 'eps_next_year': 9.72, 'operating_margin': 22.53}",,Finviz via finvizfinance screener views,2026-09-03T23:30:26+02:00,2026-07-30,,35,NORMAL,
SLDE,Slide Insurance Holdings Inc,finviz_prefilter,eps_next_year,,price_min;market_cap_min;avg_volume_min;revenue_growth;eps_growth;eps_next_year;operating_margin;earnings_window,False,"{'revenue_growth_yoy': 47.86, 'eps_growth_yoy': 90.44, 'eps_next_year': -1.48, 'operating_margin': 53.05}",,Finviz via finvizfinance screener views,2026-09-03T23:30:26+02:00,2026-07-28,,37,NORMAL,"{'failed_gate': 'eps_next_year', 'actual_value': -1.48, 'applicable_threshold': 15.0, 'distance_to_threshold': 16.48, 'distance_to_threshold_pct': 109.86666666666667, 'formula': 'minimo: distance = threshold - actual; pct = distance / abs(threshold) * 100'}"
SLM,SLM Corp,finviz_prefilter,revenue_growth;eps_growth;eps_next_year,,price_min;market_cap_min;avg_volume_min;revenue_growth;eps_growth;eps_next_year;operating_margin;earnings_window,False,"{'revenue_growth_yoy': -2.76, 'eps_growth_yoy': -8.559999999999999, 'eps_next_year': 7.63, 'operating_margin': 42.43}",,Finviz via finvizfinance screener views,2026-09-03T23:30:26+02:00,2026-07-23,,42,NORMAL,
SMCI,Super Micro Computer Inc,finviz_prefilter,operating_margin,,price_min;market_cap_min;avg_volume_min;revenue_growth;eps_growth;eps_next_year;operating_margin;earnings_window,False,"{'revenue_growth_yoy': 93.16, 'eps_growth_yoy': 445.49, 'eps_next_year': 23.27, 'operating_margin': 7.090000000000001}",,Finviz via finvizfinance screener views,2026-09-03T23:30:26+02:00,2026-08-11,,23,NORMAL,"{'failed_gate': 'operating_margin', 'actual_value': 7.090000000000001, 'applicable_threshold': 8.0, 'distance_to_threshold': 0.9099999999999993, 'distance_to_threshold_pct': 11.374999999999991, 'formula': 'minimo: distance = threshold - actual; pct = distance / abs(threshold) * 100'}"
SNEX,StoneX Group Inc,finviz_prefilter,revenue_growth;eps_growth;eps_next_year;operating_margin,,price_min;market_cap_min;avg_volume_min;revenue_growth;eps_growth;eps_next_year;operating_margin;earnings_window,False,"{'revenue_growth_yoy': 15.379999999999999, 'eps_growth_yoy': 22.57, 'eps_next_year': 1.37, 'operating_margin': 1.6500000000000001}",,Finviz via finvizfinance screener views,2026-09-03T23:30:26+02:00,2026-08-05,,29,NORMAL,
SOLS,Solstice Advanced Materials Inc,finviz_prefilter,revenue_growth;eps_growth,,price_min;market_cap_min;avg_volume_min;revenue_growth;eps_growth;eps_next_year;operating_margin;earnings_window,False,"{'revenue_growth_yoy': 11.129999999999999, 'eps_growth_yoy': 22.15, 'eps_next_year': 16.54, 'operating_margin': 16.900000000000002}",,Finviz via finvizfinance screener views,2026-09-03T23:30:26+02:00,2026-07-30,,35,NORMAL,
SRPT,Sarepta Therapeutics Inc,finviz_prefilter,revenue_growth;eps_growth;eps_next_year;operating_margin,,price_min;market_cap_min;avg_volume_min;revenue_growth;eps_growth;eps_next_year;operating_margin;earnings_window,False,"{'revenue_growth_yoy': -34.339999999999996, 'eps_growth_yoy': -102.46, 'eps_next_year': -77.07, 'operating_margin': -3.15}",,Finviz via finvizfinance screener views,2026-09-03T23:30:26+02:00,2026-08-05,,29,NORMAL,
SSNC,SS&C Technologies Holdings Inc,finviz_prefilter,revenue_growth;eps_next_year,,price_min;market_cap_min;avg_volume_min;revenue_growth;eps_growth;eps_next_year;operating_margin;earnings_window,False,"{'revenue_growth_yoy': 10.34, 'eps_growth_yoy': 35.33, 'eps_next_year': 9.55, 'operating_margin': 24.36}",,Finviz via finvizfinance screener views,2026-09-03T23:30:26+02:00,2026-07-23,,42,NORMAL,
SSRM,SSR Mining Inc,finviz_prefilter,revenue_growth;eps_growth;eps_next_year,,price_min;market_cap_min;avg_volume_min;revenue_growth;eps_growth;eps_next_year;operating_margin;earnings_window,False,"{'revenue_growth_yoy': 9.46, 'eps_growth_yoy': 11.129999999999999, 'eps_next_year': 13.06, 'operating_margin': 42.3}",,Finviz via finvizfinance screener views,2026-09-03T23:30:26+02:00,2026-08-04,,30,NORMAL,
STEP,StepStone Group Inc,finviz_prefilter,revenue_growth;eps_growth;operating_margin,,price_min;market_cap_min;avg_volume_min;revenue_growth;eps_growth;eps_next_year;operating_margin;earnings_window,False,"{'revenue_growth_yoy': 13.200000000000001, 'eps_growth_yoy': -186.16, 'eps_next_year': 37.32, 'operating_margin': -53.39}",,Finviz via finvizfinance screener views,2026-09-03T23:30:26+02:00,2026-08-06,,28,NORMAL,
STLD,Steel Dynamics Inc,finviz_prefilter,eps_next_year,,price_min;market_cap_min;avg_volume_min;revenue_growth;eps_growth;eps_next_year;operating_margin;earnings_window,False,"{'revenue_growth_yoy': 33.44, 'eps_growth_yoy': 84.19, 'eps_next_year': 14.98, 'operating_margin': 10.01}",,Finviz via finvizfinance screener views,2026-09-03T23:30:26+02:00,2026-07-20,,45,NORMAL,"{'failed_gate': 'eps_next_year', 'actual_value': 14.98, 'applicable_threshold': 15.0, 'distance_to_threshold': 0.019999999999999574, 'distance_to_threshold_pct': 0.1333333333333305, 'formula': 'minimo: distance = threshold - actual; pct = distance / abs(threshold) * 100'}"
SUPN,Supernus Pharmaceuticals Inc,finviz_prefilter,eps_growth;operating_margin,,price_min;market_cap_min;avg_volume_min;revenue_growth;eps_growth;eps_next_year;operating_margin;earnings_window,False,"{'revenue_growth_yoy': 32.4, 'eps_growth_yoy': -353.07, 'eps_next_year': 73.88, 'operating_margin': -7.7299999999999995}",,Finviz via finvizfinance screener views,2026-09-03T23:30:26+02:00,2026-08-03,,31,NORMAL,
SWKS,Skyworks Solutions Inc,finviz_prefilter,revenue_growth;eps_growth;eps_next_year,,price_min;market_cap_min;avg_volume_min;revenue_growth;eps_growth;eps_next_year;operating_margin;earnings_window,False,"{'revenue_growth_yoy': -3.1300000000000003, 'eps_growth_yoy': -67.95, 'eps_next_year': -1.57, 'operating_margin': 8.7}",,Finviz via finvizfinance screener views,2026-09-03T23:30:26+02:00,2026-07-28,,37,NORMAL,
SYM,Symbotic Inc,finviz_prefilter,operating_margin,,price_min;market_cap_min;avg_volume_min;revenue_growth;eps_growth;eps_next_year;operating_margin;earnings_window,False,"{'revenue_growth_yoy': 21.740000000000002, 'eps_growth_yoy': 261.62, 'eps_next_year': 35.77, 'operating_margin': 1.43}",,Finviz via finvizfinance screener views,2026-09-03T23:30:26+02:00,2026-08-05,,29,NORMAL,"{'failed_gate': 'operating_margin', 'actual_value': 1.43, 'applicable_threshold': 8.0, 'distance_to_threshold': 6.57, 'distance_to_threshold_pct': 82.125, 'formula': 'minimo: distance = threshold - actual; pct = distance / abs(threshold) * 100'}"
SYNA,Synaptics Inc,finviz_prefilter,revenue_growth;eps_growth;operating_margin,,price_min;market_cap_min;avg_volume_min;revenue_growth;eps_growth;eps_next_year;operating_margin;earnings_window,False,"{'revenue_growth_yoy': 8.91, 'eps_growth_yoy': -9367.08, 'eps_next_year': 25.53, 'operating_margin': -2.93}",,Finviz via finvizfinance screener views,2026-09-03T23:30:26+02:00,2026-08-06,,28,NORMAL,
TARS,Tarsus Pharmaceuticals Inc,finviz_prefilter,eps_growth;operating_margin,,price_min;market_cap_min;avg_volume_min;revenue_growth;eps_growth;eps_next_year;operating_margin;earnings_window,False,"{'revenue_growth_yoy': 69.41000000000001, 'eps_growth_yoy': 10.97, 'eps_next_year': 162.34, 'operating_margin': -8.0}",,Finviz via finvizfinance screener views,2026-09-03T23:30:26+02:00,2026-08-06,,28,NORMAL,
TEAM,Atlassian Corp,finviz_prefilter,operating_margin,,price_min;market_cap_min;avg_volume_min;revenue_growth;eps_growth;eps_next_year;operating_margin;earnings_window,False,"{'revenue_growth_yoy': 27.6, 'eps_growth_yoy': 703.74, 'eps_next_year': 21.62, 'operating_margin': 4.22}",,Finviz via finvizfinance screener views,2026-09-03T23:30:26+02:00,2026-08-06,,28,NORMAL,"{'failed_gate': 'operating_margin', 'actual_value': 4.22, 'applicable_threshold': 8.0, 'distance_to_threshold': 3.7800000000000002, 'distance_to_threshold_pct': 47.25, 'formula': 'minimo: distance = threshold - actual; pct = distance / abs(threshold) * 100'}"
TECH,Bio-Techne Corp,finviz_prefilter,revenue_growth;eps_next_year,,price_min;market_cap_min;avg_volume_min;revenue_growth;eps_growth;eps_next_year;operating_margin;earnings_window,False,"{'revenue_growth_yoy': 1.3299999999999998, 'eps_growth_yoy': 404.46, 'eps_next_year': 13.85, 'operating_margin': 22.42}",,Finviz via finvizfinance screener views,2026-09-03T23:30:26+02:00,2026-08-12,,22,NORMAL,
TEM,Tempus AI Inc,finviz_prefilter,operating_margin,,price_min;market_cap_min;avg_volume_min;revenue_growth;eps_growth;eps_next_year;operating_margin;earnings_window,False,"{'revenue_growth_yoy': 21.560000000000002, 'eps_growth_yoy': 112.51, 'eps_next_year': 108.51, 'operating_margin': -18.92}",,Finviz via finvizfinance screener views,2026-09-03T23:30:26+02:00,2026-07-30,,35,NORMAL,"{'failed_gate': 'operating_margin', 'actual_value': -18.92, 'applicable_threshold': 8.0, 'distance_to_threshold': 26.92, 'distance_to_threshold_pct': 336.5, 'formula': 'minimo: distance = threshold - actual; pct = distance / abs(threshold) * 100'}"
TENB,Tenable Holdings Inc,finviz_prefilter,revenue_growth;eps_next_year;operating_margin,,price_min;market_cap_min;avg_volume_min;revenue_growth;eps_growth;eps_next_year;operating_margin;earnings_window,False,"{'revenue_growth_yoy': 8.58, 'eps_growth_yoy': 127.47, 'eps_next_year': 9.86, 'operating_margin': 4.2}",,Finviz via finvizfinance screener views,2026-09-03T23:30:26+02:00,2026-07-29,,36,NORMAL,
TFSL,TFS Financial Corp,finviz_prefilter,revenue_growth;eps_next_year,,price_min;market_cap_min;avg_volume_min;revenue_growth;eps_growth;eps_next_year;operating_margin;earnings_window,False,"{'revenue_growth_yoy': 5.8999999999999995, 'eps_growth_yoy': 44.18, 'eps_next_year': 8.33, 'operating_margin': 15.659999999999998}",,Finviz via finvizfinance screener views,2026-09-03T23:30:26+02:00,2026-07-30,,35,NORMAL,
TGTX,TG Therapeutics Inc,finviz_prefilter,eps_growth,,price_min;market_cap_min;avg_volume_min;revenue_growth;eps_growth;eps_next_year;operating_margin;earnings_window,False,"{'revenue_growth_yoy': 70.27, 'eps_growth_yoy': -71.45, 'eps_next_year': 185.24, 'operating_margin': 17.05}",,Finviz via finvizfinance screener views,2026-09-03T23:30:26+02:00,2026-08-03,,31,NORMAL,"{'failed_gate': 'eps_growth', 'actual_value': -71.45, 'applicable_threshold': 20.0, 'distance_to_threshold': 91.45, 'distance_to_threshold_pct': 457.25, 'formula': 'minimo: distance = threshold - actual; pct = distance / abs(threshold) * 100'}"
TIGO,Millicom International Cellular SA,finviz_prefilter,eps_growth,,price_min;market_cap_min;avg_volume_min;revenue_growth;eps_growth;eps_next_year;operating_margin;earnings_window,False,"{'revenue_growth_yoy': 58.81999999999999, 'eps_growth_yoy': -83.91, 'eps_next_year': 49.52, 'operating_margin': 23.01}",,Finviz via finvizfinance screener views,2026-09-03T23:30:26+02:00,2026-08-06,,28,NORMAL,"{'failed_gate': 'eps_growth', 'actual_value': -83.91, 'applicable_threshold': 20.0, 'distance_to_threshold': 103.91, 'distance_to_threshold_pct': 519.55, 'formula': 'minimo: distance = threshold - actual; pct = distance / abs(threshold) * 100'}"
TLN,Talen Energy Corp,finviz_prefilter,revenue_growth;eps_growth,,price_min;market_cap_min;avg_volume_min;revenue_growth;eps_growth;eps_next_year;operating_margin;earnings_window,False,"{'revenue_growth_yoy': 3.2300000000000004, 'eps_growth_yoy': -233.35, 'eps_next_year': 48.37, 'operating_margin': 31.09}",,Finviz via finvizfinance screener views,2026-09-03T23:30:26+02:00,2026-08-05,,29,NORMAL,
TMDX,Transmedics Group Inc,finviz_prefilter,eps_growth,,price_min;market_cap_min;avg_volume_min;revenue_growth;eps_growth;eps_next_year;operating_margin;earnings_window,False,"{'revenue_growth_yoy': 20.7, 'eps_growth_yoy': -55.84, 'eps_next_year': 53.71, 'operating_margin': 12.21}",,Finviz via finvizfinance screener views,2026-09-03T23:30:26+02:00,2026-08-04,,30,NORMAL,"{'failed_gate': 'eps_growth', 'actual_value': -55.84, 'applicable_threshold': 30.0, 'distance_to_threshold': 85.84, 'distance_to_threshold_pct': 286.1333333333333, 'formula': 'minimo: distance = threshold - actual; pct = distance / abs(threshold) * 100'}"
TMUS,T-Mobile US Inc,finviz_prefilter,revenue_growth;eps_growth,,price_min;market_cap_min;avg_volume_min;revenue_growth;eps_growth;eps_next_year;operating_margin;earnings_window,False,"{'revenue_growth_yoy': 7.85, 'eps_growth_yoy': 5.4, 'eps_next_year': 27.43, 'operating_margin': 21.17}",,Finviz via finvizfinance screener views,2026-09-03T23:30:26+02:00,2026-07-23,,42,NORMAL,
TNGX,Tango Therapeutics Inc,finviz_prefilter,revenue_growth;eps_growth;eps_next_year;operating_margin,,price_min;market_cap_min;avg_volume_min;revenue_growth;eps_growth;eps_next_year;operating_margin;earnings_window,False,"{'revenue_growth_yoy': -100.0, 'eps_growth_yoy': -5.04, 'eps_next_year': -18.0, 'operating_margin': -253.38}",,Finviz via finvizfinance screener views,2026-09-03T23:30:26+02:00,2026-08-11,,23,NORMAL,
TRI,Thomson-Reuters Corp,finviz_prefilter,revenue_growth;eps_next_year,,price_min;market_cap_min;avg_volume_min;revenue_growth;eps_growth;eps_next_year;operating_margin;earnings_window,False,"{'revenue_growth_yoy': 9.47, 'eps_growth_yoy': 47.38, 'eps_next_year': 14.33, 'operating_margin': 26.85}",,Finviz via finvizfinance screener views,2026-09-03T23:30:26+02:00,2026-08-05,,29,NORMAL,
TRMB,Trimble Inc,finviz_prefilter,revenue_growth;eps_growth;eps_next_year,,price_min;market_cap_min;avg_volume_min;revenue_growth;eps_growth;eps_next_year;operating_margin;earnings_window,False,"{'revenue_growth_yoy': 11.0, 'eps_growth_yoy': -643.78, 'eps_next_year': 12.37, 'operating_margin': 18.67}",,Finviz via finvizfinance screener views,2026-09-03T23:30:26+02:00,2026-08-12,,22,NORMAL,
TROW,T. Rowe Price Group Inc,finviz_prefilter,revenue_growth;eps_growth;eps_next_year,,price_min;market_cap_min;avg_volume_min;revenue_growth;eps_growth;eps_next_year;operating_margin;earnings_window,False,"{'revenue_growth_yoy': 10.68, 'eps_growth_yoy': 28.62, 'eps_next_year': 0.43, 'operating_margin': 36.93}",,Finviz via finvizfinance screener views,2026-09-03T23:30:26+02:00,2026-07-31,,34,NORMAL,
TSCO,Tractor Supply Co,finviz_prefilter,revenue_growth;eps_growth;eps_next_year,,price_min;market_cap_min;avg_volume_min;revenue_growth;eps_growth;eps_next_year;operating_margin;earnings_window,False,"{'revenue_growth_yoy': 2.29, 'eps_growth_yoy': -14.899999999999999, 'eps_next_year': 5.79, 'operating_margin': 8.91}",,Finviz via finvizfinance screener views,2026-09-03T23:30:26+02:00,2026-07-23,,42,NORMAL,
TSLA,Tesla Inc,finviz_prefilter,eps_growth;operating_margin,,price_min;market_cap_min;avg_volume_min;revenue_growth;eps_growth;eps_next_year;operating_margin;earnings_window,False,"{'revenue_growth_yoy': 25.52, 'eps_growth_yoy': -5.5, 'eps_next_year': 33.67, 'operating_margin': 4.61}",,Finviz via finvizfinance screener views,2026-09-03T23:30:26+02:00,2026-07-22,,43,NORMAL,
TTAN,ServiceTitan Inc,finviz_prefilter,operating_margin;earnings_window,,price_min;market_cap_min;avg_volume_min;revenue_growth;eps_growth;eps_next_year;operating_margin;earnings_window,False,"{'revenue_growth_yoy': 24.63, 'eps_growth_yoy': 53.2, 'eps_next_year': 25.18, 'operating_margin': -13.94}",,Finviz via finvizfinance screener views,2026-09-03T23:30:26+02:00,2026-09-08,5,,PRE_EARNINGS_BLACKOUT,
TTD,Trade Desk Inc,finviz_prefilter,revenue_growth;eps_growth;eps_next_year,,price_min;market_cap_min;avg_volume_min;revenue_growth;eps_growth;eps_next_year;operating_margin;earnings_window,False,"{'revenue_growth_yoy': 3.0300000000000002, 'eps_growth_yoy': -24.64, 'eps_next_year': -41.33, 'operating_margin': 19.61}",,Finviz via finvizfinance screener views,2026-09-03T23:30:26+02:00,2026-08-06,,28,NORMAL,
TTEK,Tetra Tech Inc,finviz_prefilter,revenue_growth;eps_growth;eps_next_year,,price_min;market_cap_min;avg_volume_min;revenue_growth;eps_growth;eps_next_year;operating_margin;earnings_window,False,"{'revenue_growth_yoy': -4.47, 'eps_growth_yoy': -1.8599999999999999, 'eps_next_year': 10.19, 'operating_margin': 11.73}",,Finviz via finvizfinance screener views,2026-09-03T23:30:26+02:00,2026-07-29,,36,NORMAL,
TTWO,Take-Two Interactive Software Inc,finviz_prefilter,revenue_growth;eps_growth;operating_margin,,price_min;market_cap_min;avg_volume_min;revenue_growth;eps_growth;eps_next_year;operating_margin;earnings_window,False,"{'revenue_growth_yoy': 2.0, 'eps_growth_yoy': -178.26999999999998, 'eps_next_year': 48.85, 'operating_margin': -0.96}",,Finviz via finvizfinance screener views,2026-09-03T23:30:26+02:00,2026-08-07,,27,NORMAL,
TVTX,Travere Therapeutics Inc,finviz_prefilter,eps_growth;operating_margin,,price_min;market_cap_min;avg_volume_min;revenue_growth;eps_growth;eps_next_year;operating_margin;earnings_window,False,"{'revenue_growth_yoy': 48.17, 'eps_growth_yoy': -159.54999999999998, 'eps_next_year': 9888.53, 'operating_margin': -6.84}",,Finviz via finvizfinance screener views,2026-09-03T23:30:26+02:00,2026-08-04,,30,NORMAL,
TW,Tradeweb Markets Inc,finviz_prefilter,revenue_growth;eps_growth;eps_next_year,,price_min;market_cap_min;avg_volume_min;revenue_growth;eps_growth;eps_next_year;operating_margin;earnings_window,False,"{'revenue_growth_yoy': 8.959999999999999, 'eps_growth_yoy': 19.18, 'eps_next_year': 13.6, 'operating_margin': 43.61}",,Finviz via finvizfinance screener views,2026-09-03T23:30:26+02:00,2026-07-30,,35,NORMAL,
TWST,Twist Bioscience Corp,finviz_prefilter,eps_growth;operating_margin,,price_min;market_cap_min;avg_volume_min;revenue_growth;eps_growth;eps_next_year;operating_margin;earnings_window,False,"{'revenue_growth_yoy': 23.24, 'eps_growth_yoy': -268.48, 'eps_next_year': 35.09, 'operating_margin': -31.91}",,Finviz via finvizfinance screener views,2026-09-03T23:30:26+02:00,2026-08-03,,31,NORMAL,
TXG,10x Genomics Inc,finviz_prefilter,revenue_growth;eps_growth;eps_next_year;operating_margin,,price_min;market_cap_min;avg_volume_min;revenue_growth;eps_growth;eps_next_year;operating_margin;earnings_window,False,"{'revenue_growth_yoy': -12.65, 'eps_growth_yoy': -149.75, 'eps_next_year': 3.63, 'operating_margin': -14.12}",,Finviz via finvizfinance screener views,2026-09-03T23:30:26+02:00,2026-08-06,,28,NORMAL,
TXRH,Texas Roadhouse Inc,finviz_prefilter,revenue_growth;eps_growth,,price_min;market_cap_min;avg_volume_min;revenue_growth;eps_growth;eps_next_year;operating_margin;earnings_window,False,"{'revenue_growth_yoy': 11.110000000000001, 'eps_growth_yoy': -0.72, 'eps_next_year': 18.11, 'operating_margin': 8.24}",,Finviz via finvizfinance screener views,2026-09-03T23:30:26+02:00,2026-08-06,,28,NORMAL,
UAL,United Airlines Holdings Inc,finviz_prefilter,revenue_growth;eps_growth;operating_margin,,price_min;market_cap_min;avg_volume_min;revenue_growth;eps_growth;eps_next_year;operating_margin;earnings_window,False,"{'revenue_growth_yoy': 15.989999999999998, 'eps_growth_yoy': -17.11, 'eps_next_year': 47.71, 'operating_margin': 6.77}",,Finviz via finvizfinance screener views,2026-09-03T23:30:26+02:00,2026-07-15,,50,NORMAL,
UBSI,United Bankshares Inc,finviz_prefilter,revenue_growth;eps_growth;eps_next_year,,price_min;market_cap_min;avg_volume_min;revenue_growth;eps_growth;eps_next_year;operating_margin;earnings_window,False,"{'revenue_growth_yoy': 0.9199999999999999, 'eps_growth_yoy': 12.11, 'eps_next_year': 4.04, 'operating_margin': 35.0}",,Finviz via finvizfinance screener views,2026-09-03T23:30:26+02:00,2026-07-23,,42,NORMAL,
UCTT,Ultra Clean Hldgs Inc,finviz_prefilter,operating_margin,,price_min;market_cap_min;avg_volume_min;revenue_growth;eps_growth;eps_next_year;operating_margin;earnings_window,False,"{'revenue_growth_yoy': 24.310000000000002, 'eps_growth_yoy': 105.25999999999999, 'eps_next_year': 106.91, 'operating_margin': 2.8400000000000003}",,Finviz via finvizfinance screener views,2026-09-03T23:30:26+02:00,2026-08-03,,31,NORMAL,"{'failed_gate': 'operating_margin', 'actual_value': 2.8400000000000003, 'applicable_threshold': 8.0, 'distance_to_threshold': 5.16, 'distance_to_threshold_pct': 64.5, 'formula': 'minimo: distance = threshold - actual; pct = distance / abs(threshold) * 100'}"
UPST,Upstart Holdings Inc,finviz_prefilter,operating_margin,,price_min;market_cap_min;avg_volume_min;revenue_growth;eps_growth;eps_next_year;operating_margin;earnings_window,False,"{'revenue_growth_yoy': 41.75, 'eps_growth_yoy': 185.5, 'eps_next_year': 163.48, 'operating_margin': 3.9899999999999998}",,Finviz via finvizfinance screener views,2026-09-03T23:30:26+02:00,2026-08-04,,30,NORMAL,"{'failed_gate': 'operating_margin', 'actual_value': 3.9899999999999998, 'applicable_threshold': 8.0, 'distance_to_threshold': 4.01, 'distance_to_threshold_pct': 50.125, 'formula': 'minimo: distance = threshold - actual; pct = distance / abs(threshold) * 100'}"
URBN,Urban Outfitters Inc,finviz_prefilter,revenue_growth;eps_next_year,,price_min;market_cap_min;avg_volume_min;revenue_growth;eps_growth;eps_next_year;operating_margin;earnings_window,False,"{'revenue_growth_yoy': 10.440000000000001, 'eps_growth_yoy': 76.17, 'eps_next_year': 9.12, 'operating_margin': 11.33}",,Finviz via finvizfinance screener views,2026-09-03T23:30:26+02:00,2026-08-26,,8,PEAD_WINDOW,
URGN,UroGen Pharma Ltd,finviz_prefilter,operating_margin,,price_min;market_cap_min;avg_volume_min;revenue_growth;eps_growth;eps_next_year;operating_margin;earnings_window,False,"{'revenue_growth_yoy': 199.22, 'eps_growth_yoy': 72.78, 'eps_next_year': 1223.7, 'operating_margin': -35.32}",,Finviz via finvizfinance screener views,2026-09-03T23:30:26+02:00,2026-08-05,,29,NORMAL,"{'failed_gate': 'operating_margin', 'actual_value': -35.32, 'applicable_threshold': 8.0, 'distance_to_threshold': 43.32, 'distance_to_threshold_pct': 541.5, 'formula': 'minimo: distance = threshold - actual; pct = distance / abs(threshold) * 100'}"
USAR,USA Rare Earth Inc,finviz_prefilter,operating_margin,revenue_growth;eps_growth,price_min;market_cap_min;avg_volume_min;eps_next_year;operating_margin;earnings_window,False,"{'revenue_growth_yoy': None, 'eps_growth_yoy': 96.87, 'eps_next_year': 91.03, 'operating_margin': -949.48}",,Finviz via finvizfinance screener views,2026-09-03T23:30:26+02:00,2026-08-10,,24,NORMAL,"{'failed_gate': 'operating_margin', 'actual_value': -949.48, 'applicable_threshold': 8.0, 'distance_to_threshold': 957.48, 'distance_to_threshold_pct': 11968.5, 'formula': 'minimo: distance = threshold - actual; pct = distance / abs(threshold) * 100'}"
VCYT,Veracyte Inc,finviz_prefilter,revenue_growth;eps_next_year,,price_min;market_cap_min;avg_volume_min;revenue_growth;eps_growth;eps_next_year;operating_margin;earnings_window,False,"{'revenue_growth_yoy': 15.49, 'eps_growth_yoy': 2584.7999999999997, 'eps_next_year': 2.14, 'operating_margin': 17.22}",,Finviz via finvizfinance screener views,2026-09-03T23:30:26+02:00,2026-07-30,,35,NORMAL,
VECO,Veeco Instruments Inc,finviz_prefilter,revenue_growth;eps_growth;operating_margin,,price_min;market_cap_min;avg_volume_min;revenue_growth;eps_growth;eps_next_year;operating_margin;earnings_window,False,"{'revenue_growth_yoy': 16.48, 'eps_growth_yoy': -9.8, 'eps_next_year': 111.2, 'operating_margin': 4.26}",,Finviz via finvizfinance screener views,2026-09-03T23:30:26+02:00,2026-08-05,,29,NORMAL,
VICR,Vicor Corp,finviz_prefilter,eps_growth,,price_min;market_cap_min;avg_volume_min;revenue_growth;eps_growth;eps_next_year;operating_margin;earnings_window,False,"{'revenue_growth_yoy': 49.25, 'eps_growth_yoy': 14.17, 'eps_next_year': 73.22, 'operating_margin': 18.64}",,Finviz via finvizfinance screener views,2026-09-03T23:30:26+02:00,2026-07-21,,44,NORMAL,"{'failed_gate': 'eps_growth', 'actual_value': 14.17, 'applicable_threshold': 20.0, 'distance_to_threshold': 5.83, 'distance_to_threshold_pct': 29.15, 'formula': 'minimo: distance = threshold - actual; pct = distance / abs(threshold) * 100'}"
VNOM,Viper Energy Inc,finviz_prefilter,eps_next_year,,price_min;market_cap_min;avg_volume_min;revenue_growth;eps_growth;eps_next_year;operating_margin;earnings_window,False,"{'revenue_growth_yoy': 129.26999999999998, 'eps_growth_yoy': 157.99, 'eps_next_year': -9.77, 'operating_margin': 48.86}",,Finviz via finvizfinance screener views,2026-09-03T23:30:26+02:00,2026-08-03,,31,NORMAL,"{'failed_gate': 'eps_next_year', 'actual_value': -9.77, 'applicable_threshold': 15.0, 'distance_to_threshold': 24.77, 'distance_to_threshold_pct': 165.13333333333333, 'formula': 'minimo: distance = threshold - actual; pct = distance / abs(threshold) * 100'}"
VRDN,Viridian Therapeutics Inc,finviz_prefilter,eps_growth;operating_margin,,price_min;market_cap_min;avg_volume_min;revenue_growth;eps_growth;eps_next_year;operating_margin;earnings_window,False,"{'revenue_growth_yoy': 278.67, 'eps_growth_yoy': 4.5600000000000005, 'eps_next_year': 34.08, 'operating_margin': -569.68}",,Finviz via finvizfinance screener views,2026-09-03T23:30:26+02:00,2026-08-06,,28,NORMAL,
VRNS,Varonis Systems Inc,finviz_prefilter,revenue_growth;eps_growth;operating_margin,,price_min;market_cap_min;avg_volume_min;revenue_growth;eps_growth;eps_next_year;operating_margin;earnings_window,False,"{'revenue_growth_yoy': 18.84, 'eps_growth_yoy': -27.529999999999998, 'eps_next_year': 178.96, 'operating_margin': -24.01}",,Finviz via finvizfinance screener views,2026-09-03T23:30:26+02:00,2026-07-28,,37,NORMAL,
VRSK,Verisk Analytics Inc,finviz_prefilter,revenue_growth;eps_growth;eps_next_year,,price_min;market_cap_min;avg_volume_min;revenue_growth;eps_growth;eps_next_year;operating_margin;earnings_window,False,"{'revenue_growth_yoy': 4.36, 'eps_growth_yoy': -3.2099999999999995, 'eps_next_year': 12.67, 'operating_margin': 44.81}",,Finviz via finvizfinance screener views,2026-09-03T23:30:26+02:00,2026-07-29,,36,NORMAL,
VRSN,Verisign Inc,finviz_prefilter,revenue_growth;eps_growth;eps_next_year,,price_min;market_cap_min;avg_volume_min;revenue_growth;eps_growth;eps_next_year;operating_margin;earnings_window,False,"{'revenue_growth_yoy': 6.03, 'eps_growth_yoy': 7.71, 'eps_next_year': 13.42, 'operating_margin': 67.86}",,Finviz via finvizfinance screener views,2026-09-03T23:30:26+02:00,2026-07-23,,42,NORMAL,
VRTX,Vertex Pharmaceuticals Inc,finviz_prefilter,revenue_growth;eps_growth;eps_next_year,,price_min;market_cap_min;avg_volume_min;revenue_growth;eps_growth;eps_next_year;operating_margin;earnings_window,False,"{'revenue_growth_yoy': 11.99, 'eps_growth_yoy': 8.02, 'eps_next_year': 13.12, 'operating_margin': 39.54}",,Finviz via finvizfinance screener views,2026-09-03T23:30:26+02:00,2026-08-03,,31,NORMAL,
VSAT,Viasat Inc,finviz_prefilter,revenue_growth;eps_growth;eps_next_year;operating_margin,,price_min;market_cap_min;avg_volume_min;revenue_growth;eps_growth;eps_next_year;operating_margin;earnings_window,False,"{'revenue_growth_yoy': -1.24, 'eps_growth_yoy': 12.030000000000001, 'eps_next_year': -1.49, 'operating_margin': 2.35}",,Finviz via finvizfinance screener views,2026-09-03T23:30:26+02:00,2026-08-04,,30,NORMAL,
VSNT,Versant Media Group Inc,finviz_prefilter,revenue_growth;eps_growth,,price_min;market_cap_min;avg_volume_min;revenue_growth;eps_growth;eps_next_year;operating_margin;earnings_window,False,"{'revenue_growth_yoy': -3.75, 'eps_growth_yoy': -28.54, 'eps_next_year': 63.29, 'operating_margin': 19.29}",,Finviz via finvizfinance screener views,2026-09-03T23:30:26+02:00,2026-08-06,,28,NORMAL,
VTRS,Viatris Inc,finviz_prefilter,revenue_growth;eps_growth;eps_next_year,,price_min;market_cap_min;avg_volume_min;revenue_growth;eps_growth;eps_next_year;operating_margin;earnings_window,False,"{'revenue_growth_yoy': 5.050000000000001, 'eps_growth_yoy': -2517.9500000000003, 'eps_next_year': 7.02, 'operating_margin': 9.69}",,Finviz via finvizfinance screener views,2026-09-03T23:30:26+02:00,2026-08-06,,28,NORMAL,
WAY,Waystar Holding Corp,finviz_prefilter,revenue_growth;eps_growth;eps_next_year,,price_min;market_cap_min;avg_volume_min;revenue_growth;eps_growth;eps_next_year;operating_margin;earnings_window,False,"{'revenue_growth_yoy': 18.11, 'eps_growth_yoy': 18.57, 'eps_next_year': 12.48, 'operating_margin': 25.36}",,Finviz via finvizfinance screener views,2026-09-03T23:30:26+02:00,2026-07-29,,36,NORMAL,
WBD,Warner Bros. Discovery Inc,finviz_prefilter,revenue_growth;eps_growth;operating_margin,,price_min;market_cap_min;avg_volume_min;revenue_growth;eps_growth;eps_next_year;operating_margin;earnings_window,False,"{'revenue_growth_yoy': -11.07, 'eps_growth_yoy': -90.84, 'eps_next_year': 101.21, 'operating_margin': 7.000000000000001}",,Finviz via finvizfinance screener views,2026-09-03T23:30:26+02:00,2026-08-06,,28,NORMAL,
WDAY,Workday Inc,finviz_prefilter,revenue_growth,,price_min;market_cap_min;avg_volume_min;revenue_growth;eps_growth;eps_next_year;operating_margin;earnings_window,False,"{'revenue_growth_yoy': 13.29, 'eps_growth_yoy': 204.05, 'eps_next_year': 19.53, 'operating_margin': 12.64}",,Finviz via finvizfinance screener views,2026-09-03T23:30:26+02:00,2026-08-27,,7,PEAD_WINDOW,"{'failed_gate': 'revenue_growth', 'actual_value': 13.29, 'applicable_threshold': 20.0, 'distance_to_threshold': 6.710000000000001, 'distance_to_threshold_pct': 33.550000000000004, 'formula': 'minimo: distance = threshold - actual; pct = distance / abs(threshold) * 100'}"
WERN,Werner Enterprises Inc,finviz_prefilter,eps_growth;operating_margin,,price_min;market_cap_min;avg_volume_min;revenue_growth;eps_growth;eps_next_year;operating_margin;earnings_window,False,"{'revenue_growth_yoy': 24.0, 'eps_growth_yoy': -85.41, 'eps_next_year': 95.8, 'operating_margin': 0.7000000000000001}",,Finviz via finvizfinance screener views,2026-09-03T23:30:26+02:00,2026-07-28,,37,NORMAL,
WFRD,Weatherford International plc,finviz_prefilter,revenue_growth;eps_growth,,price_min;market_cap_min;avg_volume_min;revenue_growth;eps_growth;eps_next_year;operating_margin;earnings_window,False,"{'revenue_growth_yoy': -8.219999999999999, 'eps_growth_yoy': -71.24000000000001, 'eps_next_year': 37.89, 'operating_margin': 14.42}",,Finviz via finvizfinance screener views,2026-09-03T23:30:26+02:00,2026-07-21,,44,NORMAL,
WGS,GeneDx Holdings Corp,finviz_prefilter,revenue_growth;eps_growth;operating_margin,,price_min;market_cap_min;avg_volume_min;revenue_growth;eps_growth;eps_next_year;operating_margin;earnings_window,False,"{'revenue_growth_yoy': 11.44, 'eps_growth_yoy': -264.35, 'eps_next_year': 1068.75, 'operating_margin': -12.49}",,Finviz via finvizfinance screener views,2026-09-03T23:30:26+02:00,2026-08-03,,31,NORMAL,
WING,Wingstop Inc,finviz_prefilter,revenue_growth;eps_growth,,price_min;market_cap_min;avg_volume_min;revenue_growth;eps_growth;eps_next_year;operating_margin;earnings_window,False,"{'revenue_growth_yoy': 6.4399999999999995, 'eps_growth_yoy': 20.11, 'eps_next_year': 20.63, 'operating_margin': 28.77}",,Finviz via finvizfinance screener views,2026-09-03T23:30:26+02:00,2026-07-29,,36,NORMAL,
WIX,Wix.com Ltd,finviz_prefilter,revenue_growth;eps_growth;operating_margin,,price_min;market_cap_min;avg_volume_min;revenue_growth;eps_growth;eps_next_year;operating_margin;earnings_window,False,"{'revenue_growth_yoy': 14.93, 'eps_growth_yoy': -283.72, 'eps_next_year': 51.76, 'operating_margin': -3.1399999999999997}",,Finviz via finvizfinance screener views,2026-09-03T23:30:26+02:00,2026-08-04,,30,NORMAL,
WMG,Warner Music Group Corp,finviz_prefilter,revenue_growth,,price_min;market_cap_min;avg_volume_min;revenue_growth;eps_growth;eps_next_year;operating_margin;earnings_window,False,"{'revenue_growth_yoy': 10.36, 'eps_growth_yoy': 1348.53, 'eps_next_year': 20.88, 'operating_margin': 18.77}",,Finviz via finvizfinance screener views,2026-09-03T23:30:26+02:00,2026-08-05,,29,NORMAL,"{'failed_gate': 'revenue_growth', 'actual_value': 10.36, 'applicable_threshold': 20.0, 'distance_to_threshold': 9.64, 'distance_to_threshold_pct': 48.2, 'formula': 'minimo: distance = threshold - actual; pct = distance / abs(threshold) * 100'}"
WMT,Walmart Inc,finviz_prefilter,revenue_growth;eps_growth;eps_next_year;operating_margin,,price_min;market_cap_min;avg_volume_min;revenue_growth;eps_growth;eps_next_year;operating_margin;earnings_window,False,"{'revenue_growth_yoy': 5.94, 'eps_growth_yoy': -8.97, 'eps_next_year': 11.71, 'operating_margin': 4.390000000000001}",,Finviz via finvizfinance screener views,2026-09-03T23:30:26+02:00,2026-08-20,,14,PEAD_WINDOW,
WSBC,Wesbanco Inc,finviz_prefilter,revenue_growth;eps_next_year,,price_min;market_cap_min;avg_volume_min;revenue_growth;eps_growth;eps_next_year;operating_margin;earnings_window,False,"{'revenue_growth_yoy': 1.24, 'eps_growth_yoy': 59.650000000000006, 'eps_next_year': 8.05, 'operating_margin': 30.669999999999998}",,Finviz via finvizfinance screener views,2026-09-03T23:30:26+02:00,2026-07-21,,44,NORMAL,
WSC,WillScot Holdings Corp,finviz_prefilter,revenue_growth;eps_growth,,price_min;market_cap_min;avg_volume_min;revenue_growth;eps_growth;eps_next_year;operating_margin;earnings_window,False,"{'revenue_growth_yoy': 3.92, 'eps_growth_yoy': -1.11, 'eps_next_year': 16.28, 'operating_margin': 20.549999999999997}",,Finviz via finvizfinance screener views,2026-09-03T23:30:26+02:00,2026-08-06,,28,NORMAL,
WULF,TeraWulf Inc,finviz_prefilter,revenue_growth;eps_growth;operating_margin,,price_min;market_cap_min;avg_volume_min;revenue_growth;eps_growth;eps_next_year;operating_margin;earnings_window,False,"{'revenue_growth_yoy': -6.02, 'eps_growth_yoy': -3973.6800000000003, 'eps_next_year': 92.63, 'operating_margin': -227.32000000000002}",,Finviz via finvizfinance screener views,2026-09-03T23:30:26+02:00,2026-08-05,,29,NORMAL,
WYNN,Wynn Resorts Ltd,finviz_prefilter,revenue_growth;eps_next_year,,price_min;market_cap_min;avg_volume_min;revenue_growth;eps_growth;eps_next_year;operating_margin;earnings_window,False,"{'revenue_growth_yoy': 6.859999999999999, 'eps_growth_yoy': 106.71, 'eps_next_year': 8.1, 'operating_margin': 16.3}",,Finviz via finvizfinance screener views,2026-09-03T23:30:26+02:00,2026-08-04,,30,NORMAL,
XE,X-Energy Inc,finviz_prefilter,eps_next_year,revenue_growth;eps_growth;operating_margin,price_min;market_cap_min;avg_volume_min;eps_next_year;earnings_window,False,"{'revenue_growth_yoy': None, 'eps_growth_yoy': None, 'eps_next_year': 12.94, 'operating_margin': None}",,Finviz via finvizfinance screener views,2026-09-03T23:30:26+02:00,2026-08-13,,21,NORMAL,"{'failed_gate': 'eps_next_year', 'actual_value': 12.94, 'applicable_threshold': 15.0, 'distance_to_threshold': 2.0600000000000005, 'distance_to_threshold_pct': 13.733333333333336, 'formula': 'minimo: distance = threshold - actual; pct = distance / abs(threshold) * 100'}"
XEL,Xcel Energy Inc,finviz_prefilter,revenue_growth;eps_growth;eps_next_year,,price_min;market_cap_min;avg_volume_min;revenue_growth;eps_growth;eps_next_year;operating_margin;earnings_window,False,"{'revenue_growth_yoy': -4.9399999999999995, 'eps_growth_yoy': 23.77, 'eps_next_year': 10.6, 'operating_margin': 21.16}",,Finviz via finvizfinance screener views,2026-09-03T23:30:26+02:00,2026-07-30,,35,NORMAL,
XP,XP Inc,finviz_prefilter,eps_growth;eps_next_year,,price_min;market_cap_min;avg_volume_min;revenue_growth;eps_growth;eps_next_year;operating_margin;earnings_window,False,"{'revenue_growth_yoy': 20.82, 'eps_growth_yoy': 21.83, 'eps_next_year': 13.64, 'operating_margin': 31.869999999999997}",,Finviz via finvizfinance screener views,2026-09-03T23:30:26+02:00,2026-08-17,,17,NORMAL,
Z,Zillow Group Inc,finviz_prefilter,revenue_growth;eps_growth;operating_margin,,price_min;market_cap_min;avg_volume_min;revenue_growth;eps_growth;eps_next_year;operating_margin;earnings_window,False,"{'revenue_growth_yoy': 17.86, 'eps_growth_yoy': -320.0, 'eps_next_year': 28.88, 'operating_margin': 1.78}",,Finviz via finvizfinance screener views,2026-09-03T23:30:26+02:00,2026-08-05,,29,NORMAL,
ZBIO,Zenas Biopharma Inc,finviz_prefilter,eps_next_year;operating_margin,revenue_growth;eps_growth,price_min;market_cap_min;avg_volume_min;eps_next_year;operating_margin;earnings_window,False,"{'revenue_growth_yoy': None, 'eps_growth_yoy': -41.57, 'eps_next_year': 10.88, 'operating_margin': -27390.100000000002}",,Finviz via finvizfinance screener views,2026-09-03T23:30:26+02:00,2026-08-13,,21,NORMAL,
ZBRA,Zebra Technologies Corp,finviz_prefilter,revenue_growth;eps_next_year,,price_min;market_cap_min;avg_volume_min;revenue_growth;eps_growth;eps_next_year;operating_margin;earnings_window,False,"{'revenue_growth_yoy': 19.07, 'eps_growth_yoy': 121.66, 'eps_next_year': 5.09, 'operating_margin': 17.16}",,Finviz via finvizfinance screener views,2026-09-03T23:30:26+02:00,2026-08-04,,30,NORMAL,
ZG,Zillow Group Inc,finviz_prefilter,revenue_growth;eps_growth;operating_margin,,price_min;market_cap_min;avg_volume_min;revenue_growth;eps_growth;eps_next_year;operating_margin;earnings_window,False,"{'revenue_growth_yoy': 17.86, 'eps_growth_yoy': -320.0, 'eps_next_year': 29.63, 'operating_margin': 1.78}",,Finviz via finvizfinance screener views,2026-09-03T23:30:26+02:00,2026-08-05,,29,NORMAL,
ZION,Zions Bancorporation N.A,finviz_prefilter,revenue_growth;eps_next_year,,price_min;market_cap_min;avg_volume_min;revenue_growth;eps_growth;eps_next_year;operating_margin;earnings_window,False,"{'revenue_growth_yoy': 19.1, 'eps_growth_yoy': 86.9, 'eps_next_year': -14.23, 'operating_margin': 29.060000000000002}",,Finviz via finvizfinance screener views,2026-09-03T23:30:26+02:00,2026-07-20,,45,NORMAL,
ZM,Zoom Communications Inc,finviz_prefilter,revenue_growth;eps_next_year,,price_min;market_cap_min;avg_volume_min;revenue_growth;eps_growth;eps_next_year;operating_margin;earnings_window,False,"{'revenue_growth_yoy': 4.93, 'eps_growth_yoy': 342.31, 'eps_next_year': 3.49, 'operating_margin': 23.73}",,Finviz via finvizfinance screener views,2026-09-03T23:30:26+02:00,2026-08-25,,9,PEAD_WINDOW,
ZS,Zscaler Inc,finviz_prefilter,eps_growth;eps_next_year;operating_margin;earnings_window,,price_min;market_cap_min;avg_volume_min;revenue_growth;eps_growth;eps_next_year;operating_margin;earnings_window,False,"{'revenue_growth_yoy': 25.430000000000003, 'eps_growth_yoy': -224.81, 'eps_next_year': 11.14, 'operating_margin': -4.47}",,Finviz via finvizfinance screener views,2026-09-03T23:30:26+02:00,2026-09-03,0,,PRE_EARNINGS_BLACKOUT,
AAON,AAON Inc,tradingview_gates,price_above_sma50;sma50_above_sma150;ema21_above_ema50;within_25pct_52w_high;rsi14;performance_21d,,price_min;market_cap_min;avg_volume_min;price_above_sma50;sma50_above_sma150;sma150_above_sma200;ema21_above_ema50;within_25pct_52w_high;rsi14;atr_pct;rvol20_data_available;performance_21d;distance_resistance_hard;no_extended_move_10d;revenue_growth;eps_growth;eps_next_year;operating_margin;earnings_window;market_regime_allows_new_entries,True,"{'price': 77.98, 'price_tv': 77.98, 'price_finviz': 77.98, 'sma50': 96.7598, 'sma150': 103.03306666666666, 'sma200': 98.615825, 'ema21': 82.37409192790399, 'ema50': 93.33949000984606, 'rsi14': 37.43025400876128, 'atr14': 4.403192312690981, 'atr_pct': 5.64656618708769, 'rvol20': 1.0210533175299192, 'performance_21d_pct': -16.28556092324208, 'distance_52w_high_pct': 48.17223725391283, 'distance_resistance_pct': 79.36650423185432, 'move_10d_pct': -3.5378525482434475, 'structural_trend_pass': False}",pattern;previous_revenue_growth_yoy;shares_change_6m_pct,TradingView MCP + Finviz via finvizfinance screener views,2026-09-03T23:31:01+02:00,2026-08-10,,24,NORMAL,
ACMR,ACM Research Inc,tradingview_gates,price_above_sma50;ema21_above_ema50;within_25pct_52w_high;rsi14;performance_21d,,price_min;market_cap_min;avg_volume_min;price_above_sma50;sma50_above_sma150;sma150_above_sma200;ema21_above_ema50;within_25pct_52w_high;rsi14;atr_pct;rvol20_data_available;performance_21d;distance_resistance_hard;no_extended_move_10d;revenue_growth;eps_growth;eps_next_year;operating_margin;earnings_window;market_regime_allows_new_entries,True,"{'price': 69.42, 'price_tv': 69.42, 'price_finviz': 69.42, 'sma50': 86.4924, 'sma150': 70.13486666666667, 'sma200': 63.035325, 'ema21': 77.33011725754464, 'ema50': 80.6100316820249, 'rsi14': 36.86171806614253, 'atr14': 5.413847462961207, 'atr_pct': 7.79868548395449, 'rvol20': 0.6341865696135253, 'performance_21d_pct': -13.11639549436796, 'distance_52w_high_pct': 45.420237440050315, 'distance_resistance_pct': 83.21809276865456, 'move_10d_pct': -11.589403973509926, 'structural_trend_pass': False}",pattern;previous_revenue_growth_yoy;shares_change_6m_pct,TradingView MCP + Finviz via finvizfinance screener views,2026-09-03T23:31:06+02:00,2026-08-07,,27,NORMAL,
ADI,Analog Devices Inc,tradingview_gates,price_above_sma50;ema21_above_ema50;rsi14;performance_21d,,price_min;market_cap_min;avg_volume_min;price_above_sma50;sma50_above_sma150;sma150_above_sma200;ema21_above_ema50;within_25pct_52w_high;rsi14;atr_pct;rvol20_data_available;performance_21d;distance_resistance_hard;no_extended_move_10d;revenue_growth;eps_growth;eps_next_year;operating_margin;earnings_window;market_regime_allows_new_entries,True,"{'price': 356.5, 'price_tv': 356.5, 'price_finviz': 356.5, 'sma50': 378.4787, 'sma150': 370.6185, 'sma200': 347.63644999999997, 'ema21': 369.85799176283945, 'ema50': 377.567235829027, 'rsi14': 37.49702619958218, 'atr14': 11.53703578651849, 'atr_pct': 3.2361951715339385, 'rvol20': 1.0627726284219317, 'performance_21d_pct': -5.610421244936326, 'distance_52w_high_pct': 20.05113139422754, 'distance_resistance_pct': 25.079943899018243, 'move_10d_pct': -3.7111063094209196, 'structural_trend_pass': False}",pattern;previous_revenue_growth_yoy;shares_change_6m_pct,TradingView MCP + Finviz via finvizfinance screener views,2026-09-03T23:31:20+02:00,2026-08-19,,15,PEAD_WINDOW,
AEIS,Advanced Energy Industries Inc,tradingview_gates,price_above_sma50;sma50_above_sma150;ema21_above_ema50;within_25pct_52w_high;rsi14;performance_21d,,price_min;market_cap_min;avg_volume_min;price_above_sma50;sma50_above_sma150;sma150_above_sma200;ema21_above_ema50;within_25pct_52w_high;rsi14;atr_pct;rvol20_data_available;performance_21d;distance_resistance_hard;no_extended_move_10d;revenue_growth;eps_growth;eps_next_year;operating_margin;earnings_window;market_regime_allows_new_entries,True,"{'price': 274.3, 'price_tv': 274.3, 'price_finviz': 274.3, 'sma50': 305.3959, 'sma150': 323.5176333333333, 'sma200': 298.710075, 'ema21': 290.35924403847486, 'ema50': 303.7758670365053, 'rsi14': 42.19061219213827, 'atr14': 17.12852639138303, 'atr_pct': 6.244450015086777, 'rvol20': 1.1564051023548731, 'performance_21d_pct': -16.68438477659995, 'distance_52w_high_pct': 30.983293075684376, 'distance_resistance_pct': 42.10353627415239, 'move_10d_pct': -6.260679379399903, 'structural_trend_pass': False}",pattern;previous_revenue_growth_yoy;shares_change_6m_pct,TradingView MCP + Finviz via finvizfinance screener views,2026-09-03T23:31:34+02:00,2026-08-03,,31,NORMAL,
AFRM,Affirm Holdings Inc,tradingview_gates,price_above_sma50;sma150_above_sma200;rsi14;performance_21d,,price_min;market_cap_min;avg_volume_min;price_above_sma50;sma50_above_sma150;sma150_above_sma200;ema21_above_ema50;within_25pct_52w_high;rsi14;atr_pct;rvol20_data_available;performance_21d;distance_resistance_hard;no_extended_move_10d;revenue_growth;eps_growth;eps_next_year;operating_margin;earnings_window;market_regime_allows_new_entries,True,"{'price': 74.3, 'price_tv': 74.3, 'price_finviz': 74.3, 'sma50': 77.1775, 'sma150': 64.71596666666667, 'sma200': 66.492575, 'ema21': 75.41035347416329, 'ema50': 74.788841277096, 'rsi14': 47.77234876914392, 'atr14': 4.19938311681478, 'atr_pct': 5.6519288247843615, 'rvol20': 0.7797610152531432, 'performance_21d_pct': -5.314132789601123, 'distance_52w_high_pct': 20.27896995708155, 'distance_resistance_pct': 21.722745625841185, 'move_10d_pct': -0.9993337774816813, 'structural_trend_pass': False}",pattern;previous_revenue_growth_yoy;shares_change_6m_pct,TradingView MCP + Finviz via finvizfinance screener views,2026-09-03T23:31:48+02:00,2026-08-27,,7,PEAD_WINDOW,
ALAB,Astera Labs Inc,tradingview_gates,price_above_sma50;ema21_above_ema50;within_25pct_52w_high;rsi14;performance_21d,,price_min;market_cap_min;avg_volume_min;price_above_sma50;sma50_above_sma150;sma150_above_sma200;ema21_above_ema50;within_25pct_52w_high;rsi14;atr_pct;rvol20_data_available;performance_21d;distance_resistance_hard;no_extended_move_10d;revenue_growth;eps_growth;eps_next_year;operating_margin;earnings_window;market_regime_allows_new_entries,True,"{'price': 282.82, 'price_tv': 282.82, 'price_finviz': 282.82, 'sma50': 332.1997, 'sma150': 245.1965, 'sma200': 224.2989, 'ema21': 297.76582127274315, 'ema50': 309.33096005550266, 'rsi14': 43.60142974523262, 'atr14': 22.8715138141624, 'atr_pct': 8.086950644990596, 'rvol20': 0.8319948909962839, 'performance_21d_pct': -11.18299155230349, 'distance_52w_high_pct': 43.37668141144663, 'distance_resistance_pct': 76.60568559507814, 'move_10d_pct': -2.6504199366652825, 'structural_trend_pass': False}",pattern;previous_revenue_growth_yoy;shares_change_6m_pct,TradingView MCP + Finviz via finvizfinance screener views,2026-09-03T23:32:02+02:00,2026-08-04,,30,NORMAL,
ALNY,Alnylam Pharmaceuticals Inc,tradingview_gates,sma50_above_sma150;sma150_above_sma200;ema21_above_ema50;within_25pct_52w_high,,price_min;market_cap_min;avg_volume_min;price_above_sma50;sma50_above_sma150;sma150_above_sma200;ema21_above_ema50;within_25pct_52w_high;rsi14;atr_pct;rvol20_data_available;performance_21d;distance_resistance_hard;no_extended_move_10d;revenue_growth;eps_growth;eps_next_year;operating_margin;earnings_window;market_regime_allows_new_entries,True,"{'price': 264.5, 'price_tv': 264.5, 'price_finviz': 264.5, 'sma50': 259.3666, 'sma150': 294.2313, 'sma200': 322.10857500000003, 'ema21': 243.57400414604643, 'ema50': 254.94660822090535, 'rsi14': 61.46759305677345, 'atr14': 11.966654486062751, 'atr_pct': 4.524255004182515, 'rvol20': 0.9790735352222257, 'performance_21d_pct': 15.643581671913264, 'distance_52w_high_pct': 46.62496216325295, 'distance_resistance_pct': 43.667296786389414, 'move_10d_pct': 15.351068469254248, 'structural_trend_pass': False}",pattern;previous_revenue_growth_yoy;shares_change_6m_pct,TradingView MCP + Finviz via finvizfinance screener views,2026-09-03T23:32:16+02:00,2026-07-30,,35,NORMAL,
AMAT,Applied Materials Inc,tradingview_gates,price_above_sma50;ema21_above_ema50;within_25pct_52w_high;rsi14;performance_21d,,price_min;market_cap_min;avg_volume_min;price_above_sma50;sma50_above_sma150;sma150_above_sma200;ema21_above_ema50;within_25pct_52w_high;rsi14;atr_pct;rvol20_data_available;performance_21d;distance_resistance_hard;no_extended_move_10d;revenue_growth;eps_growth;eps_next_year;operating_margin;earnings_window;market_regime_allows_new_entries,True,"{'price': 435.91, 'price_tv': 435.91, 'price_finviz': 435.91, 'sma50': 537.9842, 'sma150': 449.41633333333334, 'sma200': 405.9329, 'ema21': 485.2364135344143, 'ema50': 505.2676159054482, 'rsi14': 32.94417530624183, 'atr14': 23.72655387274226, 'atr_pct': 5.442993708045757, 'rvol20': 0.8236887310362568, 'performance_21d_pct': -18.405585504642108, 'distance_52w_high_pct': 41.066962293995964, 'distance_resistance_pct': 69.68410910509049, 'move_10d_pct': -12.152113016666322, 'structural_trend_pass': False}",pattern;previous_revenue_growth_yoy;shares_change_6m_pct,TradingView MCP + Finviz via finvizfinance screener views,2026-09-03T23:32:22+02:00,2026-08-13,,21,NORMAL,
AMD,Advanced Micro Devices Inc,tradingview_gates,price_above_sma50;ema21_above_ema50;rsi14;performance_21d,,price_min;market_cap_min;avg_volume_min;price_above_sma50;sma50_above_sma150;sma150_above_sma200;ema21_above_ema50;within_25pct_52w_high;rsi14;atr_pct;rvol20_data_available;performance_21d;distance_resistance_hard;no_extended_move_10d;revenue_growth;eps_growth;eps_next_year;operating_margin;earnings_window;market_regime_allows_new_entries,True,"{'price': 456.16, 'price_tv': 456.16, 'price_finviz': 456.16, 'sma50': 500.3743, 'sma150': 379.30653333333333, 'sma200': 339.81255, 'ema21': 475.2947225137127, 'ema50': 479.7459736329867, 'rsi14': 42.750750086062354, 'atr14': 22.496775983920394, 'atr_pct': 4.931773058558486, 'rvol20': 0.8073795744385184, 'performance_21d_pct': -5.3708121564153055, 'distance_52w_high_pct': 21.987926051339933, 'distance_resistance_pct': 28.185285864608904, 'move_10d_pct': -2.83200732764588, 'structural_trend_pass': False}",pattern;previous_revenue_growth_yoy;shares_change_6m_pct,TradingView MCP + Finviz via finvizfinance screener views,2026-09-03T23:32:36+02:00,2026-08-04,,30,NORMAL,
AMLX,Amylyx Pharmaceuticals Inc,tradingview_gates,performance_21d,revenue_growth;eps_growth;operating_margin,price_min;market_cap_min;avg_volume_min;price_above_sma50;sma50_above_sma150;sma150_above_sma200;ema21_above_ema50;within_25pct_52w_high;rsi14;atr_pct;rvol20_data_available;performance_21d;distance_resistance_hard;no_extended_move_10d;eps_next_year;earnings_window;market_regime_allows_new_entries,True,"{'price': 33.96, 'price_tv': 33.96, 'price_finviz': 33.96, 'sma50': 23.8932, 'sma150': 17.848233333333333, 'sma200': 16.7679, 'ema21': 31.520118153241757, 'ema50': 25.968894782783703, 'rsi14': 62.74606417334384, 'atr14': 2.1657249118179602, 'atr_pct': 6.377281836919789, 'rvol20': 0.39578365433575596, 'performance_21d_pct': 55.4233409610984, 'distance_52w_high_pct': 17.452600875060767, 'distance_resistance_pct': 21.142520612485274, 'move_10d_pct': -14.372163388804825, 'structural_trend_pass': True}",gross_margin;operating_margin;pattern;previous_revenue_growth_yoy;revenue_growth_yoy;shares_change_6m_pct,TradingView MCP + Finviz via finvizfinance screener views,2026-09-03T23:32:51+02:00,2026-08-06,,28,NORMAL,
APP,Applovin Corp,tradingview_gates,price_above_sma50;sma50_above_sma150;sma150_above_sma200;ema21_above_ema50;within_25pct_52w_high;rsi14;performance_21d,,price_min;market_cap_min;avg_volume_min;price_above_sma50;sma50_above_sma150;sma150_above_sma200;ema21_above_ema50;within_25pct_52w_high;rsi14;atr_pct;rvol20_data_available;performance_21d;distance_resistance_hard;no_extended_move_10d;revenue_growth;eps_growth;eps_next_year;operating_margin;earnings_window;market_regime_allows_new_entries,True,"{'price': 313.58, 'price_tv': 313.58, 'price_finviz': 313.58, 'sma50': 396.0942, 'sma150': 440.3482666666667, 'sma200': 487.13542500000005, 'ema21': 329.2043643924179, 'ema50': 376.52539977126213, 'rsi14': 37.990361030589284, 'atr14': 17.616791745964825, 'atr_pct': 5.617957696908229, 'rvol20': 0.730054677472043, 'performance_21d_pct': -24.944949736716136, 'distance_52w_high_pct': 57.9431606335752, 'distance_resistance_pct': 83.83184514318515, 'move_10d_pct': 1.5577938271205127, 'structural_trend_pass': False}",pattern;previous_revenue_growth_yoy;shares_change_6m_pct,TradingView MCP + Finviz via finvizfinance screener views,2026-09-03T23:33:05+02:00,2026-08-05,,29,NORMAL,
ARXS,Arxis Inc,tradingview_gates,,price_above_sma50;sma50_above_sma150;sma150_above_sma200;ema21_above_ema50;within_25pct_52w_high;rsi14;atr_pct;rvol20_data_available;performance_21d;distance_resistance_hard;no_extended_move_10d;revenue_growth;eps_growth;operating_margin,price_min;market_cap_min;avg_volume_min;eps_next_year;earnings_window;market_regime_allows_new_entries,False,"{'price': None, 'price_tv': None, 'price_finviz': 53.24, 'sma50': None, 'sma150': None, 'sma200': None, 'ema21': None, 'ema50': None, 'rsi14': None, 'atr14': None, 'atr_pct': None, 'rvol20': None, 'performance_21d_pct': None, 'distance_52w_high_pct': None, 'distance_resistance_pct': None, 'move_10d_pct': None, 'structural_trend_pass': False}",atr14;atr_pct;distance_52w_high_pct;distance_resistance_pct;ema21;ema50;eps_growth_yoy;gross_margin;move_10d_pct;operating_margin;pattern;performance_21d_pct;previous_revenue_growth_yoy;price;price_tv;resistance;revenue_growth_yoy;rsi14;rvol20;shares_change_6m_pct;sma150;sma200;sma50;week52_high,TradingView MCP + Finviz via finvizfinance screener views,2026-09-03T23:33:11+02:00,2026-07-29,,36,NORMAL,
ASML,ASML Holding NV,tradingview_gates,price_above_sma50;ema21_above_ema50;rsi14;performance_21d,,price_min;market_cap_min;avg_volume_min;price_above_sma50;sma50_above_sma150;sma150_above_sma200;ema21_above_ema50;within_25pct_52w_high;rsi14;atr_pct;rvol20_data_available;performance_21d;distance_resistance_hard;no_extended_move_10d;revenue_growth;eps_growth;eps_next_year;operating_margin;earnings_window;market_regime_allows_new_entries,True,"{'price': 1646.19, 'price_tv': 1646.19, 'price_finviz': 1646.19, 'sma50': 1754.0007999999998, 'sma150': 1582.7870666666668, 'sma200': 1477.057475, 'ema21': 1725.4281871935968, 'ema50': 1725.504381962654, 'rsi14': 38.86412050879242, 'atr14': 54.767882954411235, 'atr_pct': 3.3269478586561227, 'rvol20': 1.1385561542005733, 'performance_21d_pct': -1.9085697941866986, 'distance_52w_high_pct': 17.688853777075543, 'distance_resistance_pct': 21.49022895291552, 'move_10d_pct': -5.948660522993066, 'structural_trend_pass': False}",pattern;previous_revenue_growth_yoy;shares_change_6m_pct,TradingView MCP + Finviz via finvizfinance screener views,2026-09-03T23:33:25+02:00,2026-07-15,,50,NORMAL,
AUGO,Aura Minerals Inc,tradingview_gates,sma50_above_sma150;performance_21d;distance_resistance_hard,,price_min;market_cap_min;avg_volume_min;price_above_sma50;sma50_above_sma150;sma150_above_sma200;ema21_above_ema50;within_25pct_52w_high;rsi14;atr_pct;rvol20_data_available;performance_21d;distance_resistance_hard;no_extended_move_10d;revenue_growth;eps_growth;eps_next_year;operating_margin;earnings_window;market_regime_allows_new_entries,True,"{'price': 88.11, 'price_tv': 88.11, 'price_finviz': 88.11, 'sma50': 67.9375, 'sma150': 74.3168, 'sma200': 68.2986, 'ema21': 80.20377491464933, 'ema50': 73.6499876204041, 'rsi14': 64.09990022121451, 'atr14': 4.67539233410995, 'atr_pct': 5.306312943037056, 'rvol20': 0.7070440842895933, 'performance_21d_pct': 33.98722627737225, 'distance_52w_high_pct': 20.1330662339899, 'distance_resistance_pct': 2.8714107365792776, 'move_10d_pct': 1.6380205329334485, 'structural_trend_pass': False}",pattern;previous_revenue_growth_yoy;shares_change_6m_pct,TradingView MCP + Finviz via finvizfinance screener views,2026-09-03T23:33:30+02:00,2026-08-05,,29,NORMAL,
AVGO,Broadcom Inc,tradingview_gates,price_above_sma50;ema21_above_ema50;within_25pct_52w_high;rsi14;performance_21d,,price_min;market_cap_min;avg_volume_min;price_above_sma50;sma50_above_sma150;sma150_above_sma200;ema21_above_ema50;within_25pct_52w_high;rsi14;atr_pct;rvol20_data_available;performance_21d;distance_resistance_hard;no_extended_move_10d;revenue_growth;eps_growth;eps_next_year;operating_margin;earnings_window;market_regime_allows_new_entries,True,"{'price': 357.16, 'price_tv': 357.16, 'price_finviz': 357.16, 'sma50': 384.08160000000004, 'sma150': 374.77056666666664, 'sma200': 369.757325, 'ema21': 375.74764172237315, 'ema50': 383.85287891409456, 'rsi14': 37.510355991462966, 'atr14': 13.531453457366757, 'atr_pct': 3.7886251140572167, 'rvol20': 2.9700891235831097, 'performance_21d_pct': -14.612221478435483, 'distance_52w_high_pct': 27.846464646464643, 'distance_resistance_pct': 21.158584387949375, 'move_10d_pct': -1.8872070983160572, 'structural_trend_pass': False}",pattern;previous_revenue_growth_yoy;shares_change_6m_pct,TradingView MCP + Finviz via finvizfinance screener views,2026-09-03T23:33:44+02:00,2026-09-02,,1,PEAD_WINDOW,
BSP,Bending Spoons S.p.A,tradingview_gates,,price_above_sma50;sma50_above_sma150;sma150_above_sma200;ema21_above_ema50;within_25pct_52w_high;rsi14;atr_pct;rvol20_data_available;performance_21d;distance_resistance_hard;no_extended_move_10d;revenue_growth;eps_growth;operating_margin,price_min;market_cap_min;avg_volume_min;eps_next_year;earnings_window;market_regime_allows_new_entries,False,"{'price': None, 'price_tv': None, 'price_finviz': 41.69, 'sma50': None, 'sma150': None, 'sma200': None, 'ema21': None, 'ema50': None, 'rsi14': None, 'atr14': None, 'atr_pct': None, 'rvol20': None, 'performance_21d_pct': None, 'distance_52w_high_pct': None, 'distance_resistance_pct': None, 'move_10d_pct': None, 'structural_trend_pass': False}",atr14;atr_pct;distance_52w_high_pct;distance_resistance_pct;ema21;ema50;eps_growth_yoy;gross_margin;move_10d_pct;operating_margin;pattern;performance_21d_pct;previous_revenue_growth_yoy;price;price_tv;resistance;revenue_growth_yoy;rsi14;rvol20;shares_change_6m_pct;sma150;sma200;sma50;week52_high,TradingView MCP + Finviz via finvizfinance screener views,2026-09-03T23:33:59+02:00,2026-08-13,,21,NORMAL,
CAI,Caris Life Sciences Inc,tradingview_gates,sma150_above_sma200;within_25pct_52w_high;performance_21d,,price_min;market_cap_min;avg_volume_min;price_above_sma50;sma50_above_sma150;sma150_above_sma200;ema21_above_ema50;within_25pct_52w_high;rsi14;atr_pct;rvol20_data_available;performance_21d;distance_resistance_hard;no_extended_move_10d;revenue_growth;eps_growth;eps_next_year;operating_margin;earnings_window;market_regime_allows_new_entries,True,"{'price': 25.32, 'price_tv': 25.32, 'price_finviz': 25.32, 'sma50': 19.8532, 'sma150': 19.046133333333334, 'sma200': 20.940775, 'ema21': 23.65898826148266, 'ema50': 21.161855584876616, 'rsi14': 62.59121024673236, 'atr14': 1.3477797132719664, 'atr_pct': 5.3229846495733275, 'rvol20': 1.112469386903666, 'performance_21d_pct': 53.92097264437692, 'distance_52w_high_pct': 31.17695025822234, 'distance_resistance_pct': 11.848341232227488, 'move_10d_pct': 3.010577705451589, 'structural_trend_pass': False}",pattern;previous_revenue_growth_yoy;shares_change_6m_pct,TradingView MCP + Finviz via finvizfinance screener views,2026-09-03T23:34:13+02:00,2026-08-05,,29,NORMAL,
CDNS,Cadence Design Systems Inc,tradingview_gates,price_above_sma50;ema21_above_ema50;within_25pct_52w_high;rsi14;performance_21d,,price_min;market_cap_min;avg_volume_min;price_above_sma50;sma50_above_sma150;sma150_above_sma200;ema21_above_ema50;within_25pct_52w_high;rsi14;atr_pct;rvol20_data_available;performance_21d;distance_resistance_hard;no_extended_move_10d;revenue_growth;eps_growth;eps_next_year;operating_margin;earnings_window;market_regime_allows_new_entries,True,"{'price': 304.875, 'price_tv': 304.875, 'price_finviz': 304.88, 'sma50': 343.1531, 'sma150': 330.50763333333333, 'sma200': 327.22272499999997, 'ema21': 326.5777961590967, 'ema50': 337.3308828947497, 'rsi14': 35.51216621476158, 'atr14': 11.903781673669775, 'atr_pct': 3.9044794337580235, 'rvol20': 1.0288524539456296, 'performance_21d_pct': -9.551428486664493, 'distance_52w_high_pct': 26.83409729055173, 'distance_resistance_pct': 33.389093890938916, 'move_10d_pct': -2.779106476609583, 'structural_trend_pass': False}",pattern;previous_revenue_growth_yoy;shares_change_6m_pct,TradingView MCP + Finviz via finvizfinance screener views,2026-09-03T23:34:27+02:00,2026-07-27,,38,NORMAL,
CRDO,Credo Technology Group Holding Ltd,tradingview_gates,price_above_sma50;ema21_above_ema50;within_25pct_52w_high;rsi14;performance_21d,,price_min;market_cap_min;avg_volume_min;price_above_sma50;sma50_above_sma150;sma150_above_sma200;ema21_above_ema50;within_25pct_52w_high;rsi14;atr_pct;rvol20_data_available;performance_21d;distance_resistance_hard;no_extended_move_10d;revenue_growth;eps_growth;eps_next_year;operating_margin;earnings_window;market_regime_allows_new_entries,True,"{'price': 164.17, 'price_tv': 164.17, 'price_finviz': 164.17, 'sma50': 232.1645, 'sma150': 183.72096666666667, 'sma200': 175.219825, 'ema21': 220.7194945407194, 'ema50': 224.96714638445619, 'rsi14': 31.58918443230222, 'atr14': 19.857607301588903, 'atr_pct': 12.095758848503932, 'rvol20': 2.426888437545382, 'performance_21d_pct': -26.915371944976187, 'distance_52w_high_pct': 46.81373208077626, 'distance_resistance_pct': 88.01845647804106, 'move_10d_pct': -29.038253728117567, 'structural_trend_pass': False}",pattern;previous_revenue_growth_yoy;shares_change_6m_pct,TradingView MCP + Finviz via finvizfinance screener views,2026-09-03T23:34:41+02:00,2026-09-01,,2,PEAD_WINDOW,
DLO,DLocal Limited,tradingview_gates,sma150_above_sma200;distance_resistance_hard,,price_min;market_cap_min;avg_volume_min;price_above_sma50;sma50_above_sma150;sma150_above_sma200;ema21_above_ema50;within_25pct_52w_high;rsi14;atr_pct;rvol20_data_available;performance_21d;distance_resistance_hard;no_extended_move_10d;revenue_growth;eps_growth;eps_next_year;operating_margin;earnings_window;market_regime_allows_new_entries,True,"{'price': 15.78, 'price_tv': 15.78, 'price_finviz': 15.78, 'sma50': 14.610999999999999, 'sma150': 13.255233333333335, 'sma200': 13.409825000000001, 'ema21': 14.920716808314829, 'ema50': 14.455949134338894, 'rsi14': 62.81021840645654, 'atr14': 0.5517909588951259, 'atr_pct': 3.4967741374849552, 'rvol20': 1.005008962325676, 'performance_21d_pct': 3.815789473684217, 'distance_52w_high_pct': 5.959475566150188, 'distance_resistance_pct': -0.12674271229404038, 'move_10d_pct': 10.041841004184104, 'structural_trend_pass': False}",pattern;previous_revenue_growth_yoy;shares_change_6m_pct,TradingView MCP + Finviz via finvizfinance screener views,2026-09-03T23:34:55+02:00,2026-08-13,,21,NORMAL,
FIGR,Figure Technology Solutions Inc,tradingview_gates,sma50_above_sma150;sma150_above_sma200;within_25pct_52w_high,,price_min;market_cap_min;avg_volume_min;price_above_sma50;sma50_above_sma150;sma150_above_sma200;ema21_above_ema50;within_25pct_52w_high;rsi14;atr_pct;rvol20_data_available;performance_21d;distance_resistance_hard;no_extended_move_10d;revenue_growth;eps_growth;eps_next_year;operating_margin;earnings_window;market_regime_allows_new_entries,True,"{'price': 36.21, 'price_tv': 36.21, 'price_finviz': 36.21, 'sma50': 31.505399999999998, 'sma150': 33.43386666666667, 'sma200': 36.920425, 'ema21': 34.51966702478034, 'ema50': 32.87179804186404, 'rsi14': 55.36312581174489, 'atr14': 2.6233610175680027, 'atr_pct': 7.24485229927645, 'rvol20': 1.139845185168313, 'performance_21d_pct': 26.035502958579883, 'distance_52w_high_pct': 53.57692307692308, 'distance_resistance_pct': 14.60922397127865, 'move_10d_pct': 0.4159733777038266, 'structural_trend_pass': False}",pattern;previous_revenue_growth_yoy;shares_change_6m_pct,TradingView MCP + Finviz via finvizfinance screener views,2026-09-03T23:35:01+02:00,2026-08-13,,21,NORMAL,
FORM,FormFactor Inc,tradingview_gates,price_above_sma50;sma50_above_sma150;ema21_above_ema50;within_25pct_52w_high;rsi14;performance_21d,,price_min;market_cap_min;avg_volume_min;price_above_sma50;sma50_above_sma150;sma150_above_sma200;ema21_above_ema50;within_25pct_52w_high;rsi14;atr_pct;rvol20_data_available;performance_21d;distance_resistance_hard;no_extended_move_10d;revenue_growth;eps_growth;eps_next_year;operating_margin;earnings_window;market_regime_allows_new_entries,True,"{'price': 96.76, 'price_tv': 96.76, 'price_finviz': 96.76, 'sma50': 114.9609, 'sma150': 115.17366666666666, 'sma200': 101.76295, 'ema21': 108.75063325827136, 'ema50': 114.19453720923782, 'rsi14': 37.879641074252376, 'atr14': 7.904158235512495, 'atr_pct': 8.168828271509398, 'rvol20': 0.8548585149229873, 'performance_21d_pct': -15.449143656064312, 'distance_52w_high_pct': 39.626879640606475, 'distance_resistance_pct': 65.6366267052501, 'move_10d_pct': -16.37714977097916, 'structural_trend_pass': False}",pattern;previous_revenue_growth_yoy;shares_change_6m_pct,TradingView MCP + Finviz via finvizfinance screener views,2026-09-03T23:35:15+02:00,2026-07-29,,36,NORMAL,
FRVO,Fervo Energy Co,tradingview_gates,,price_above_sma50;sma50_above_sma150;sma150_above_sma200;ema21_above_ema50;within_25pct_52w_high;rsi14;atr_pct;rvol20_data_available;performance_21d;distance_resistance_hard;no_extended_move_10d;revenue_growth;eps_growth;operating_margin,price_min;market_cap_min;avg_volume_min;eps_next_year;earnings_window;market_regime_allows_new_entries,False,"{'price': None, 'price_tv': None, 'price_finviz': 17.16, 'sma50': None, 'sma150': None, 'sma200': None, 'ema21': None, 'ema50': None, 'rsi14': None, 'atr14': None, 'atr_pct': None, 'rvol20': None, 'performance_21d_pct': None, 'distance_52w_high_pct': None, 'distance_resistance_pct': None, 'move_10d_pct': None, 'structural_trend_pass': False}",atr14;atr_pct;distance_52w_high_pct;distance_resistance_pct;ema21;ema50;eps_growth_yoy;gross_margin;move_10d_pct;operating_margin;pattern;performance_21d_pct;previous_revenue_growth_yoy;price;price_tv;resistance;revenue_growth_yoy;rsi14;rvol20;shares_change_6m_pct;sma150;sma200;sma50;week52_high,TradingView MCP + Finviz via finvizfinance screener views,2026-09-03T23:35:20+02:00,2026-08-12,,22,NORMAL,
GLBE,Global E Online Ltd,tradingview_gates,price_above_sma50;sma150_above_sma200;rsi14;performance_21d,,price_min;market_cap_min;avg_volume_min;price_above_sma50;sma50_above_sma150;sma150_above_sma200;ema21_above_ema50;within_25pct_52w_high;rsi14;atr_pct;rvol20_data_available;performance_21d;distance_resistance_hard;no_extended_move_10d;revenue_growth;eps_growth;eps_next_year;operating_margin;earnings_window;market_regime_allows_new_entries,True,"{'price': 38.29, 'price_tv': 38.29, 'price_finviz': 38.29, 'sma50': 38.721599999999995, 'sma150': 34.46946666666667, 'sma200': 35.573575, 'ema21': 39.35071501812573, 'ema50': 38.289071414614575, 'rsi14': 45.22186023494335, 'atr14': 1.5135337040298449, 'atr_pct': 3.9528171951680466, 'rvol20': 0.8393095452264905, 'performance_21d_pct': -7.89030550878037, 'distance_52w_high_pct': 12.95749033871335, 'distance_resistance_pct': 14.886393314181257, 'move_10d_pct': -6.128953174797747, 'structural_trend_pass': False}",pattern;previous_revenue_growth_yoy;shares_change_6m_pct,TradingView MCP + Finviz via finvizfinance screener views,2026-09-03T23:35:34+02:00,2026-08-12,,22,NORMAL,
HALO,Halozyme Therapeutics Inc,tradingview_gates,rsi14;atr_pct;performance_21d;distance_resistance_hard,,price_min;market_cap_min;avg_volume_min;price_above_sma50;sma50_above_sma150;sma150_above_sma200;ema21_above_ema50;within_25pct_52w_high;rsi14;atr_pct;rvol20_data_available;performance_21d;distance_resistance_hard;no_extended_move_10d;revenue_growth;eps_growth;eps_next_year;operating_margin;earnings_window;market_regime_allows_new_entries,True,"{'price': 110.76, 'price_tv': 110.76, 'price_finviz': 110.76, 'sma50': 89.915, 'sma150': 75.71419999999999, 'sma200': 74.0128, 'ema21': 102.97075143298926, 'ema50': 92.94960861146684, 'rsi14': 74.30270863741785, 'atr14': 2.9166500912631435, 'atr_pct': 2.633306330140072, 'rvol20': 0.7273890171110244, 'performance_21d_pct': 32.50388802488335, 'distance_52w_high_pct': 0.3508771929824566, 'distance_resistance_pct': -0.9028530155290717, 'move_10d_pct': 4.372408594044486, 'structural_trend_pass': True}",pattern;previous_revenue_growth_yoy;shares_change_6m_pct,TradingView MCP + Finviz via finvizfinance screener views,2026-09-03T23:35:48+02:00,2026-08-06,,28,NORMAL,
HAPN,Happen Inc,tradingview_gates,price_above_sma50;sma150_above_sma200;ema21_above_ema50;rsi14;performance_21d,,price_min;market_cap_min;avg_volume_min;price_above_sma50;sma50_above_sma150;sma150_above_sma200;ema21_above_ema50;within_25pct_52w_high;rsi14;atr_pct;rvol20_data_available;performance_21d;distance_resistance_hard;no_extended_move_10d;revenue_growth;eps_growth;eps_next_year;operating_margin;earnings_window;market_regime_allows_new_entries,True,"{'price': 17.58, 'price_tv': 17.58, 'price_finviz': 17.58, 'sma50': 19.1501, 'sma150': 17.14234, 'sma200': 17.644005, 'ema21': 18.31332821886163, 'ema50': 18.557357503115206, 'rsi14': 40.91752365107184, 'atr14': 0.6327840083061219, 'atr_pct': 3.5994539721622414, 'rvol20': 0.9703818460662726, 'performance_21d_pct': -13.907933398628813, 'distance_52w_high_pct': 18.87401938163361, 'distance_resistance_pct': 20.8816837315131, 'move_10d_pct': -2.170283806343909, 'structural_trend_pass': False}",pattern;previous_revenue_growth_yoy;shares_change_6m_pct,TradingView MCP + Finviz via finvizfinance screener views,2026-09-03T23:35:54+02:00,2026-07-27,,38,NORMAL,
HONA,Honeywell Aerospace Inc,tradingview_gates,,price_above_sma50;sma50_above_sma150;sma150_above_sma200;ema21_above_ema50;within_25pct_52w_high;rsi14;atr_pct;rvol20_data_available;performance_21d;distance_resistance_hard;no_extended_move_10d;revenue_growth;eps_growth;operating_margin,price_min;market_cap_min;avg_volume_min;eps_next_year;earnings_window;market_regime_allows_new_entries,False,"{'price': None, 'price_tv': None, 'price_finviz': 154.96, 'sma50': None, 'sma150': None, 'sma200': None, 'ema21': None, 'ema50': None, 'rsi14': None, 'atr14': None, 'atr_pct': None, 'rvol20': None, 'performance_21d_pct': None, 'distance_52w_high_pct': None, 'distance_resistance_pct': None, 'move_10d_pct': None, 'structural_trend_pass': False}",atr14;atr_pct;distance_52w_high_pct;distance_resistance_pct;ema21;ema50;eps_growth_yoy;gross_margin;move_10d_pct;operating_margin;pattern;performance_21d_pct;previous_revenue_growth_yoy;price;price_tv;resistance;revenue_growth_yoy;rsi14;rvol20;shares_change_6m_pct;sma150;sma200;sma50;week52_high,TradingView MCP + Finviz via finvizfinance screener views,2026-09-03T23:36:08+02:00,2026-08-05,,29,NORMAL,
HOOD,Robinhood Markets Inc,tradingview_gates,sma150_above_sma200;performance_21d;distance_resistance_hard;no_extended_move_10d,,price_min;market_cap_min;avg_volume_min;price_above_sma50;sma50_above_sma150;sma150_above_sma200;ema21_above_ema50;within_25pct_52w_high;rsi14;atr_pct;rvol20_data_available;performance_21d;distance_resistance_hard;no_extended_move_10d;revenue_growth;eps_growth;eps_next_year;operating_margin;earnings_window;market_regime_allows_new_entries,True,"{'price': 124.72, 'price_tv': 124.72, 'price_finviz': 124.72, 'sma50': 101.8806, 'sma150': 87.46083333333333, 'sma200': 95.06542499999999, 'ema21': 104.00731408197178, 'ema50': 99.97866946066422, 'rsi14': 68.92427220003603, 'atr14': 6.725636895602277, 'atr_pct': 5.392588915652884, 'rvol20': 2.79261970314205, 'performance_21d_pct': 34.396551724137936, 'distance_52w_high_pct': 18.939242778657732, 'distance_resistance_pct': -3.7443874278383595, 'move_10d_pct': 31.146161934805484, 'structural_trend_pass': False}",pattern;previous_revenue_growth_yoy;shares_change_6m_pct,TradingView MCP + Finviz via finvizfinance screener views,2026-09-03T23:36:22+02:00,2026-07-29,,36,NORMAL,
HYMC,Hycroft Mining Holding Corp,tradingview_gates,sma50_above_sma150;ema21_above_ema50;within_25pct_52w_high;rsi14;performance_21d,revenue_growth;eps_growth;operating_margin,price_min;market_cap_min;avg_volume_min;price_above_sma50;sma50_above_sma150;sma150_above_sma200;ema21_above_ema50;within_25pct_52w_high;rsi14;atr_pct;rvol20_data_available;performance_21d;distance_resistance_hard;no_extended_move_10d;eps_next_year;earnings_window;market_regime_allows_new_entries,True,"{'price': 23.3, 'price_tv': 23.3, 'price_finviz': 23.3, 'sma50': 23.081799999999998, 'sma150': 31.971133333333334, 'sma200': 29.838350000000002, 'ema21': 24.387778656029884, 'ema50': 24.889230334432977, 'rsi14': 46.325993124385576, 'atr14': 1.918036605090937, 'atr_pct': 8.23191676004694, 'rvol20': 1.009274573116412, 'performance_21d_pct': -4.82026143790849, 'distance_52w_high_pct': 60.32685225072749, 'distance_resistance_pct': 27.76824034334763, 'move_10d_pct': -10.864575363427697, 'structural_trend_pass': False}",gross_margin;operating_margin;pattern;previous_revenue_growth_yoy;revenue_growth_yoy;shares_change_6m_pct,TradingView MCP + Finviz via finvizfinance screener views,2026-09-03T23:36:27+02:00,2026-07-29,,36,NORMAL,
IBKR,Interactive Brokers Group Inc,tradingview_gates,rsi14,,price_min;market_cap_min;avg_volume_min;price_above_sma50;sma50_above_sma150;sma150_above_sma200;ema21_above_ema50;within_25pct_52w_high;rsi14;atr_pct;rvol20_data_available;performance_21d;distance_resistance_hard;no_extended_move_10d;revenue_growth;eps_growth;eps_next_year;operating_margin;earnings_window;market_regime_allows_new_entries,True,"{'price': 92.95, 'price_tv': 92.95, 'price_finviz': 92.95, 'sma50': 91.9912, 'sma150': 82.4612, 'sma200': 78.751125, 'ema21': 92.73666546860301, 'ema50': 91.2666304868012, 'rsi14': 50.8448472722293, 'atr14': 3.4628843661955258, 'atr_pct': 3.725534552119984, 'rvol20': 1.2278357316435324, 'performance_21d_pct': 4.744196529186406, 'distance_52w_high_pct': 5.873417721518984, 'distance_resistance_pct': 6.239913932221621, 'move_10d_pct': 3.4501947690595447, 'structural_trend_pass': True}",pattern;previous_revenue_growth_yoy;shares_change_6m_pct,TradingView MCP + Finviz via finvizfinance screener views,2026-09-03T23:36:41+02:00,2026-07-21,,44,NORMAL,
INCY,Incyte Corp,tradingview_gates,atr_pct,,price_min;market_cap_min;avg_volume_min;price_above_sma50;sma50_above_sma150;sma150_above_sma200;ema21_above_ema50;within_25pct_52w_high;rsi14;atr_pct;rvol20_data_available;performance_21d;distance_resistance_hard;no_extended_move_10d;revenue_growth;eps_growth;eps_next_year;operating_margin;earnings_window;market_regime_allows_new_entries,True,"{'price': 128, 'price_tv': 128, 'price_finviz': 128.0, 'sma50': 120.4226, 'sma150': 105.49586666666666, 'sma200': 104.6073, 'ema21': 124.80822452023868, 'ema50': 119.68040472010566, 'rsi14': 59.350772098636355, 'atr14': 3.4913475126008606, 'atr_pct': 2.7276152442194226, 'rvol20': 0.6970152754273393, 'performance_21d_pct': 6.844741235392315, 'distance_52w_high_pct': 3.469079939668171, 'distance_resistance_pct': 3.5937499999999956, 'move_10d_pct': 0.6131111460462302, 'structural_trend_pass': True}",pattern;previous_revenue_growth_yoy;shares_change_6m_pct,TradingView MCP + Finviz via finvizfinance screener views,2026-09-03T23:36:55+02:00,2026-07-28,,37,NORMAL,
INIO,Innio NV,tradingview_gates,,price_above_sma50;sma50_above_sma150;sma150_above_sma200;ema21_above_ema50;within_25pct_52w_high;rsi14;atr_pct;rvol20_data_available;performance_21d;distance_resistance_hard;no_extended_move_10d;revenue_growth;eps_growth;operating_margin,price_min;market_cap_min;avg_volume_min;eps_next_year;earnings_window;market_regime_allows_new_entries,False,"{'price': None, 'price_tv': None, 'price_finviz': 20.28, 'sma50': None, 'sma150': None, 'sma200': None, 'ema21': None, 'ema50': None, 'rsi14': None, 'atr14': None, 'atr_pct': None, 'rvol20': None, 'performance_21d_pct': None, 'distance_52w_high_pct': None, 'distance_resistance_pct': None, 'move_10d_pct': None, 'structural_trend_pass': False}",atr14;atr_pct;distance_52w_high_pct;distance_resistance_pct;ema21;ema50;eps_growth_yoy;gross_margin;move_10d_pct;operating_margin;pattern;performance_21d_pct;previous_revenue_growth_yoy;price;price_tv;resistance;revenue_growth_yoy;rsi14;rvol20;shares_change_6m_pct;sma150;sma200;sma50;week52_high,TradingView MCP + Finviz via finvizfinance screener views,2026-09-03T23:37:00+02:00,2026-07-28,,37,NORMAL,
IOND,Ionic Digital Inc,tradingview_gates,,price_above_sma50;sma50_above_sma150;sma150_above_sma200;ema21_above_ema50;within_25pct_52w_high;rsi14;atr_pct;rvol20_data_available;performance_21d;distance_resistance_hard;no_extended_move_10d;revenue_growth;eps_growth;operating_margin,price_min;market_cap_min;avg_volume_min;eps_next_year;earnings_window;market_regime_allows_new_entries,False,"{'price': None, 'price_tv': None, 'price_finviz': 75.4, 'sma50': None, 'sma150': None, 'sma200': None, 'ema21': None, 'ema50': None, 'rsi14': None, 'atr14': None, 'atr_pct': None, 'rvol20': None, 'performance_21d_pct': None, 'distance_52w_high_pct': None, 'distance_resistance_pct': None, 'move_10d_pct': None, 'structural_trend_pass': False}",atr14;atr_pct;distance_52w_high_pct;distance_resistance_pct;ema21;ema50;eps_growth_yoy;gross_margin;move_10d_pct;operating_margin;pattern;performance_21d_pct;previous_revenue_growth_yoy;price;price_tv;resistance;revenue_growth_yoy;rsi14;rvol20;shares_change_6m_pct;sma150;sma200;sma50;week52_high,TradingView MCP + Finviz via finvizfinance screener views,2026-09-03T23:37:15+02:00,2026-08-19,,15,PEAD_WINDOW,
KLIC,Kulicke & Soffa Industries Inc,tradingview_gates,price_above_sma50;ema21_above_ema50;within_25pct_52w_high;rsi14;performance_21d,,price_min;market_cap_min;avg_volume_min;price_above_sma50;sma50_above_sma150;sma150_above_sma200;ema21_above_ema50;within_25pct_52w_high;rsi14;atr_pct;rvol20_data_available;performance_21d;distance_resistance_hard;no_extended_move_10d;revenue_growth;eps_growth;eps_next_year;operating_margin;earnings_window;market_regime_allows_new_entries,True,"{'price': 78.82, 'price_tv': 78.82, 'price_finviz': 78.82, 'sma50': 98.6698, 'sma150': 88.6382, 'sma200': 78.7894, 'ema21': 86.44601072659106, 'ema50': 93.04778710259279, 'rsi14': 34.916589601876765, 'atr14': 4.976157733535025, 'atr_pct': 6.31331861651234, 'rvol20': 0.6811577435798736, 'performance_21d_pct': -16.005967604433092, 'distance_52w_high_pct': 41.95876288659795, 'distance_resistance_pct': 72.29129662522206, 'move_10d_pct': -7.412193116410204, 'structural_trend_pass': False}",pattern;previous_revenue_growth_yoy;shares_change_6m_pct,TradingView MCP + Finviz via finvizfinance screener views,2026-09-03T23:37:29+02:00,2026-08-05,,29,NORMAL,
LFTO,Liftoff Mobile Inc,tradingview_gates,,price_above_sma50;sma50_above_sma150;sma150_above_sma200;ema21_above_ema50;within_25pct_52w_high;rsi14;atr_pct;rvol20_data_available;performance_21d;distance_resistance_hard;no_extended_move_10d,price_min;market_cap_min;avg_volume_min;revenue_growth;eps_growth;eps_next_year;operating_margin;earnings_window;market_regime_allows_new_entries,False,"{'price': None, 'price_tv': None, 'price_finviz': 18.72, 'sma50': None, 'sma150': None, 'sma200': None, 'ema21': None, 'ema50': None, 'rsi14': None, 'atr14': None, 'atr_pct': None, 'rvol20': None, 'performance_21d_pct': None, 'distance_52w_high_pct': None, 'distance_resistance_pct': None, 'move_10d_pct': None, 'structural_trend_pass': False}",atr14;atr_pct;distance_52w_high_pct;distance_resistance_pct;ema21;ema50;move_10d_pct;pattern;performance_21d_pct;previous_revenue_growth_yoy;price;price_tv;resistance;rsi14;rvol20;shares_change_6m_pct;sma150;sma200;sma50;week52_high,TradingView MCP + Finviz via finvizfinance screener views,2026-09-03T23:37:42+02:00,2026-08-12,,22,NORMAL,
LPLA,LPL Financial Holdings Inc,tradingview_gates,sma150_above_sma200;rsi14;atr_pct,,price_min;market_cap_min;avg_volume_min;price_above_sma50;sma50_above_sma150;sma150_above_sma200;ema21_above_ema50;within_25pct_52w_high;rsi14;atr_pct;rvol20_data_available;performance_21d;distance_resistance_hard;no_extended_move_10d;revenue_growth;eps_growth;eps_next_year;operating_margin;earnings_window;market_regime_allows_new_entries,True,"{'price': 360.45, 'price_tv': 360.45, 'price_finviz': 360.45, 'sma50': 338.5903, 'sma150': 319.5354, 'sma200': 330.87675, 'ema21': 359.16255089521263, 'ema50': 344.23007710664484, 'rsi14': 53.52619881686218, 'atr14': 10.643348100633512, 'atr_pct': 2.9527945902714694, 'rvol20': 1.155125525633549, 'performance_21d_pct': 0.1472549455434402, 'distance_52w_high_pct': 9.923530587764901, 'distance_resistance_pct': 5.146344846719382, 'move_10d_pct': 1.8162815660132114, 'structural_trend_pass': False}",pattern;previous_revenue_growth_yoy;shares_change_6m_pct,TradingView MCP + Finviz via finvizfinance screener views,2026-09-03T23:37:57+02:00,2026-07-30,,35,NORMAL,
LQDA,Liquidia Corp,tradingview_gates,price_above_sma50;ema21_above_ema50;within_25pct_52w_high;rsi14;performance_21d,,price_min;market_cap_min;avg_volume_min;price_above_sma50;sma50_above_sma150;sma150_above_sma200;ema21_above_ema50;within_25pct_52w_high;rsi14;atr_pct;rvol20_data_available;performance_21d;distance_resistance_hard;no_extended_move_10d;revenue_growth;eps_growth;eps_next_year;operating_margin;earnings_window;market_regime_allows_new_entries,True,"{'price': 68.63, 'price_tv': 68.63, 'price_finviz': 68.63, 'sma50': 78.6588, 'sma150': 56.629066666666674, 'sma200': 51.15435, 'ema21': 73.23224789384778, 'ema50': 73.96366089392448, 'rsi14': 39.896001407560604, 'atr14': 3.9785081727764653, 'atr_pct': 5.797039447437659, 'rvol20': 0.5951443100077937, 'performance_21d_pct': -22.99147217235189, 'distance_52w_high_pct': 26.685183206922343, 'distance_resistance_pct': 36.39807664286756, 'move_10d_pct': -3.406052076002819, 'structural_trend_pass': False}",pattern;previous_revenue_growth_yoy;shares_change_6m_pct,TradingView MCP + Finviz via finvizfinance screener views,2026-09-03T23:38:11+02:00,2026-08-12,,22,NORMAL,
LRCX,Lam Research Corp,tradingview_gates,price_above_sma50;ema21_above_ema50;within_25pct_52w_high;rsi14;performance_21d,,price_min;market_cap_min;avg_volume_min;price_above_sma50;sma50_above_sma150;sma150_above_sma200;ema21_above_ema50;within_25pct_52w_high;rsi14;atr_pct;rvol20_data_available;performance_21d;distance_resistance_hard;no_extended_move_10d;revenue_growth;eps_growth;eps_next_year;operating_margin;earnings_window;market_regime_allows_new_entries,True,"{'price': 292.66, 'price_tv': 292.66, 'price_finviz': 292.66, 'sma50': 323.7672, 'sma150': 285.9416666666667, 'sma200': 260.0943, 'ema21': 308.1512057104377, 'ema50': 314.15867938570415, 'rsi14': 42.06379470342293, 'atr14': 16.276729551642216, 'atr_pct': 5.56165159285253, 'rvol20': 0.9731825407752006, 'performance_21d_pct': -4.801249105458327, 'distance_52w_high_pct': 33.2588369441277, 'distance_resistance_pct': 49.8325702180004, 'move_10d_pct': -5.754677486877258, 'structural_trend_pass': False}",pattern;previous_revenue_growth_yoy;shares_change_6m_pct,TradingView MCP + Finviz via finvizfinance screener views,2026-09-03T23:38:25+02:00,2026-07-29,,36,NORMAL,
LSCC,Lattice Semiconductor Corp,tradingview_gates,price_above_sma50;ema21_above_ema50;within_25pct_52w_high;rsi14;performance_21d,,price_min;market_cap_min;avg_volume_min;price_above_sma50;sma50_above_sma150;sma150_above_sma200;ema21_above_ema50;within_25pct_52w_high;rsi14;atr_pct;rvol20_data_available;performance_21d;distance_resistance_hard;no_extended_move_10d;revenue_growth;eps_growth;eps_next_year;operating_margin;earnings_window;market_regime_allows_new_entries,True,"{'price': 113.63, 'price_tv': 113.63, 'price_finviz': 113.63, 'sma50': 128.0638, 'sma150': 117.98553333333335, 'sma200': 107.73725, 'ema21': 119.8875680031575, 'ema50': 124.94713482383405, 'rsi14': 40.33127058648414, 'atr14': 6.05427649911855, 'atr_pct': 5.328061690679002, 'rvol20': 1.1039989466339983, 'performance_21d_pct': -11.441041228275273, 'distance_52w_high_pct': 27.628813451372526, 'distance_resistance_pct': 38.17653788612162, 'move_10d_pct': -3.3429738006124587, 'structural_trend_pass': False}",pattern;previous_revenue_growth_yoy;shares_change_6m_pct,TradingView MCP + Finviz via finvizfinance screener views,2026-09-03T23:38:39+02:00,2026-08-04,,30,NORMAL,
MCHP,Microchip Technology Inc,tradingview_gates,price_above_sma50;sma50_above_sma150;ema21_above_ema50;within_25pct_52w_high;rsi14;performance_21d,,price_min;market_cap_min;avg_volume_min;price_above_sma50;sma50_above_sma150;sma150_above_sma200;ema21_above_ema50;within_25pct_52w_high;rsi14;atr_pct;rvol20_data_available;performance_21d;distance_resistance_hard;no_extended_move_10d;revenue_growth;eps_growth;eps_next_year;operating_margin;earnings_window;market_regime_allows_new_entries,True,"{'price': 73.11, 'price_tv': 73.11, 'price_finviz': 73.11, 'sma50': 80.2626, 'sma150': 81.04786666666666, 'sma200': 77.26705, 'ema21': 75.72535614327096, 'ema50': 79.46845964180162, 'rsi14': 42.25777580120864, 'atr14': 3.1173889976549582, 'atr_pct': 4.263970725830882, 'rvol20': 0.6351610914319437, 'performance_21d_pct': -6.016197454685701, 'distance_52w_high_pct': 30.96969124728543, 'distance_resistance_pct': 42.2924360552592, 'move_10d_pct': -3.561535417491102, 'structural_trend_pass': False}",pattern;previous_revenue_growth_yoy;shares_change_6m_pct,TradingView MCP + Finviz via finvizfinance screener views,2026-09-03T23:38:53+02:00,2026-08-06,,28,NORMAL,
MKSI,MKS Inc,tradingview_gates,price_above_sma50;ema21_above_ema50;within_25pct_52w_high;rsi14;performance_21d,,price_min;market_cap_min;avg_volume_min;price_above_sma50;sma50_above_sma150;sma150_above_sma200;ema21_above_ema50;within_25pct_52w_high;rsi14;atr_pct;rvol20_data_available;performance_21d;distance_resistance_hard;no_extended_move_10d;revenue_growth;eps_growth;eps_next_year;operating_margin;earnings_window;market_regime_allows_new_entries,True,"{'price': 249.65, 'price_tv': 249.65, 'price_finviz': 249.65, 'sma50': 319.1222, 'sma150': 290.90926666666667, 'sma200': 261.75675, 'ema21': 277.99089218952344, 'ema50': 299.93841515404466, 'rsi14': 33.76682428676597, 'atr14': 15.545095163133524, 'atr_pct': 6.22675552298559, 'rvol20': 0.8729493620032582, 'performance_21d_pct': -20.265091025231563, 'distance_52w_high_pct': 44.22724632500782, 'distance_resistance_pct': 79.2990186260765, 'move_10d_pct': -11.433943522066127, 'structural_trend_pass': False}",pattern;previous_revenue_growth_yoy;shares_change_6m_pct,TradingView MCP + Finviz via finvizfinance screener views,2026-09-03T23:39:07+02:00,2026-08-05,,29,NORMAL,
MPWR,Monolithic Power System Inc,tradingview_gates,price_above_sma50;sma50_above_sma150;ema21_above_ema50;within_25pct_52w_high;rsi14;performance_21d,,price_min;market_cap_min;avg_volume_min;price_above_sma50;sma50_above_sma150;sma150_above_sma200;ema21_above_ema50;within_25pct_52w_high;rsi14;atr_pct;rvol20_data_available;performance_21d;distance_resistance_hard;no_extended_move_10d;revenue_growth;eps_growth;eps_next_year;operating_margin;earnings_window;market_regime_allows_new_entries,True,"{'price': 1213.65, 'price_tv': 1213.65, 'price_finviz': 1213.65, 'sma50': 1332.8235, 'sma150': 1342.7669, 'sma200': 1248.91595, 'ema21': 1299.1874655614943, 'ema50': 1343.4438493065873, 'rsi14': 36.667415211896504, 'atr14': 58.56569295479362, 'atr_pct': 4.825583401705073, 'rvol20': 0.7122945187518875, 'performance_21d_pct': -9.796314258001926, 'distance_52w_high_pct': 29.195662374534727, 'distance_resistance_pct': 37.32459934907098, 'move_10d_pct': -7.397375247978011, 'structural_trend_pass': False}",pattern;previous_revenue_growth_yoy;shares_change_6m_pct,TradingView MCP + Finviz via finvizfinance screener views,2026-09-03T23:39:21+02:00,2026-07-30,,35,NORMAL,
MRVL,Marvell Technology Inc,tradingview_gates,price_above_sma50;within_25pct_52w_high;rsi14;performance_21d,,price_min;market_cap_min;avg_volume_min;price_above_sma50;sma50_above_sma150;sma150_above_sma200;ema21_above_ema50;within_25pct_52w_high;rsi14;atr_pct;rvol20_data_available;performance_21d;distance_resistance_hard;no_extended_move_10d;revenue_growth;eps_growth;eps_next_year;operating_margin;earnings_window;market_regime_allows_new_entries,True,"{'price': 208.83, 'price_tv': 208.83, 'price_finviz': 208.83, 'sma50': 221.8195, 'sma150': 172.9295666666667, 'sma200': 151.0688, 'ema21': 220.63144551594414, 'ema50': 219.39921033750866, 'rsi14': 44.870686472453, 'atr14': 15.750787438980655, 'atr_pct': 7.542396896509436, 'rvol20': 0.7555582235295788, 'performance_21d_pct': -1.0378163207278912, 'distance_52w_high_pct': 36.695161877046196, 'distance_resistance_pct': 57.96580951012784, 'move_10d_pct': -16.804111389984456, 'structural_trend_pass': False}",pattern;previous_revenue_growth_yoy;shares_change_6m_pct,TradingView MCP + Finviz via finvizfinance screener views,2026-09-03T23:39:35+02:00,2026-08-27,,7,PEAD_WINDOW,
MTSI,MACOM Technology Solutions Holdings Inc,tradingview_gates,price_above_sma50;ema21_above_ema50;within_25pct_52w_high;rsi14;performance_21d,,price_min;market_cap_min;avg_volume_min;price_above_sma50;sma50_above_sma150;sma150_above_sma200;ema21_above_ema50;within_25pct_52w_high;rsi14;atr_pct;rvol20_data_available;performance_21d;distance_resistance_hard;no_extended_move_10d;revenue_growth;eps_growth;eps_next_year;operating_margin;earnings_window;market_regime_allows_new_entries,True,"{'price': 259.95, 'price_tv': 259.95, 'price_finviz': 259.95, 'sma50': 290.9785, 'sma150': 288.9264333333333, 'sma200': 263.03405, 'ema21': 274.4242275336821, 'ema50': 289.30919153136506, 'rsi14': 42.016036431657284, 'atr14': 15.913130098636673, 'atr_pct': 6.12161188637687, 'rvol20': 0.7230526340298389, 'performance_21d_pct': -1.3322705534046908, 'distance_52w_high_pct': 37.94461685366436, 'distance_resistance_pct': 54.52394691286787, 'move_10d_pct': -2.340521451649269, 'structural_trend_pass': False}",pattern;previous_revenue_growth_yoy;shares_change_6m_pct,TradingView MCP + Finviz via finvizfinance screener views,2026-09-03T23:39:50+02:00,2026-08-06,,28,NORMAL,
MU,Micron Technology Inc,tradingview_gates,rsi14,,price_min;market_cap_min;avg_volume_min;price_above_sma50;sma50_above_sma150;sma150_above_sma200;ema21_above_ema50;within_25pct_52w_high;rsi14;atr_pct;rvol20_data_available;performance_21d;distance_resistance_hard;no_extended_move_10d;revenue_growth;eps_growth;eps_next_year;operating_margin;earnings_window;market_regime_allows_new_entries,True,"{'price': 958.16, 'price_tv': 958.16, 'price_finviz': 958.16, 'sma50': 942.2189, 'sma150': 706.2163666666667, 'sma200': 602.606325, 'ema21': 936.2547558186187, 'ema50': 917.2890873820417, 'rsi14': 53.48728037293893, 'atr14': 54.47336217593266, 'atr_pct': 5.685205203299309, 'rvol20': 0.8528552224867302, 'performance_21d_pct': 7.273928279537389, 'distance_52w_high_pct': 23.652589641434265, 'distance_resistance_pct': 30.98021207314019, 'move_10d_pct': -1.6596019829010822, 'structural_trend_pass': True}",pattern;previous_revenue_growth_yoy;shares_change_6m_pct,TradingView MCP + Finviz via finvizfinance screener views,2026-09-03T23:40:04+02:00,2026-06-24,,71,NORMAL,
MWH,SOLV Energy Inc,tradingview_gates,,price_above_sma50;sma50_above_sma150;sma150_above_sma200;ema21_above_ema50;within_25pct_52w_high;rsi14;atr_pct;rvol20_data_available;performance_21d;distance_resistance_hard;no_extended_move_10d;operating_margin,price_min;market_cap_min;avg_volume_min;revenue_growth;eps_growth;eps_next_year;earnings_window;market_regime_allows_new_entries,False,"{'price': None, 'price_tv': None, 'price_finviz': 24.68, 'sma50': None, 'sma150': None, 'sma200': None, 'ema21': None, 'ema50': None, 'rsi14': None, 'atr14': None, 'atr_pct': None, 'rvol20': None, 'performance_21d_pct': None, 'distance_52w_high_pct': None, 'distance_resistance_pct': None, 'move_10d_pct': None, 'structural_trend_pass': False}",atr14;atr_pct;distance_52w_high_pct;distance_resistance_pct;ema21;ema50;gross_margin;move_10d_pct;operating_margin;pattern;performance_21d_pct;previous_revenue_growth_yoy;price;price_tv;resistance;rsi14;rvol20;shares_change_6m_pct;sma150;sma200;sma50;week52_high,TradingView MCP + Finviz via finvizfinance screener views,2026-09-03T23:40:18+02:00,2026-08-13,,21,NORMAL,
NBIX,Neurocrine Biosciences Inc,tradingview_gates,price_above_sma50;ema21_above_ema50;rsi14;atr_pct;performance_21d,,price_min;market_cap_min;avg_volume_min;price_above_sma50;sma50_above_sma150;sma150_above_sma200;ema21_above_ema50;within_25pct_52w_high;rsi14;atr_pct;rvol20_data_available;performance_21d;distance_resistance_hard;no_extended_move_10d;revenue_growth;eps_growth;eps_next_year;operating_margin;earnings_window;market_regime_allows_new_entries,True,"{'price': 158.35, 'price_tv': 158.35, 'price_finviz': 158.35, 'sma50': 166.03889999999998, 'sma150': 148.97636666666668, 'sma200': 147.477325, 'ema21': 157.9686400628975, 'ema50': 160.54948612804606, 'rsi14': 48.63927201745219, 'atr14': 4.395104871086242, 'atr_pct': 2.7755635434709456, 'rvol20': 0.6433130494787113, 'performance_21d_pct': -1.9504643962848345, 'distance_52w_high_pct': 14.920481409843116, 'distance_resistance_pct': 17.537101357751823, 'move_10d_pct': 3.5441051461452933, 'structural_trend_pass': False}",pattern;previous_revenue_growth_yoy;shares_change_6m_pct,TradingView MCP + Finviz via finvizfinance screener views,2026-09-03T23:40:32+02:00,2026-07-30,,35,NORMAL,
NVDA,NVIDIA Corp,tradingview_gates,distance_resistance_hard,,price_min;market_cap_min;avg_volume_min;price_above_sma50;sma50_above_sma150;sma150_above_sma200;ema21_above_ema50;within_25pct_52w_high;rsi14;atr_pct;rvol20_data_available;performance_21d;distance_resistance_hard;no_extended_move_10d;revenue_growth;eps_growth;eps_next_year;operating_margin;earnings_window;market_regime_allows_new_entries,True,"{'price': 228.45, 'price_tv': 228.45, 'price_finviz': 228.45, 'sma50': 209.87400000000002, 'sma150': 200.70533333333333, 'sma200': 196.46065, 'ema21': 217.90976081407806, 'ema50': 213.15469403314367, 'rsi14': 59.209796687501296, 'atr14': 7.4630682221242415, 'atr_pct': 3.266827849474389, 'rvol20': 1.0583980905731054, 'performance_21d_pct': 4.210382264391921, 'distance_52w_high_pct': 3.4201403568106894, 'distance_resistance_pct': 0.8842197417378027, 'move_10d_pct': 5.3493198063177205, 'structural_trend_pass': True}",pattern;previous_revenue_growth_yoy;shares_change_6m_pct,TradingView MCP + Finviz via finvizfinance screener views,2026-09-03T23:41:00+02:00,2026-08-26,,8,PEAD_WINDOW,
PENG,Penguin Solutions Inc,tradingview_gates,price_above_sma50;ema21_above_ema50;within_25pct_52w_high;rsi14;performance_21d,eps_growth,price_min;market_cap_min;avg_volume_min;price_above_sma50;sma50_above_sma150;sma150_above_sma200;ema21_above_ema50;within_25pct_52w_high;rsi14;atr_pct;rvol20_data_available;performance_21d;distance_resistance_hard;no_extended_move_10d;revenue_growth;eps_next_year;operating_margin;earnings_window;market_regime_allows_new_entries,True,"{'price': 48.63, 'price_tv': 48.63, 'price_finviz': 48.63, 'sma50': 59.2006, 'sma150': 41.92333333333333, 'sma200': 36.447424999999996, 'ema21': 52.72926018199004, 'ema50': 54.95379422099481, 'rsi14': 40.62185565450126, 'atr14': 4.011844768807198, 'atr_pct': 8.24973219989142, 'rvol20': 0.6788716982166243, 'performance_21d_pct': -12.72433596554199, 'distance_52w_high_pct': 45.88248386378811, 'distance_resistance_pct': 84.78305572691754, 'move_10d_pct': -4.908095424325376, 'structural_trend_pass': False}",eps_growth_yoy;pattern;previous_revenue_growth_yoy;shares_change_6m_pct,TradingView MCP + Finviz via finvizfinance screener views,2026-09-03T23:41:14+02:00,2026-07-07,,58,NORMAL,
PLTR,Palantir Technologies Inc,tradingview_gates,sma150_above_sma200,,price_min;market_cap_min;avg_volume_min;price_above_sma50;sma50_above_sma150;sma150_above_sma200;ema21_above_ema50;within_25pct_52w_high;rsi14;atr_pct;rvol20_data_available;performance_21d;distance_resistance_hard;no_extended_move_10d;revenue_growth;eps_growth;eps_next_year;operating_margin;earnings_window;market_regime_allows_new_entries,True,"{'price': 182.53, 'price_tv': 182.53, 'price_finviz': 182.53, 'sma50': 148.5478, 'sma150': 143.3673, 'sma200': 151.35649999999998, 'ema21': 171.72070038248975, 'ema50': 157.62607945025286, 'rsi14': 60.536993577759254, 'atr14': 8.49973885444978, 'atr_pct': 4.656625680408579, 'rvol20': 1.0609073428921867, 'performance_21d_pct': 15.211765448463034, 'distance_52w_high_pct': 12.042212798766387, 'distance_resistance_pct': 3.1994740590587862, 'move_10d_pct': 4.926419866636, 'structural_trend_pass': False}",pattern;previous_revenue_growth_yoy;shares_change_6m_pct,TradingView MCP + Finviz via finvizfinance screener views,2026-09-03T23:41:20+02:00,2026-08-03,,31,NORMAL,
PODD,Insulet Corp,tradingview_gates,price_above_sma50;sma50_above_sma150;sma150_above_sma200;ema21_above_ema50;within_25pct_52w_high;rsi14,,price_min;market_cap_min;avg_volume_min;price_above_sma50;sma50_above_sma150;sma150_above_sma200;ema21_above_ema50;within_25pct_52w_high;rsi14;atr_pct;rvol20_data_available;performance_21d;distance_resistance_hard;no_extended_move_10d;revenue_growth;eps_growth;eps_next_year;operating_margin;earnings_window;market_regime_allows_new_entries,True,"{'price': 150.58, 'price_tv': 150.58, 'price_finviz': 150.58, 'sma50': 154.4494, 'sma150': 182.89206666666666, 'sma200': 211.10405, 'ema21': 148.30163938692834, 'ema50': 152.9588378770798, 'rsi14': 51.940931935818334, 'atr14': 6.050875598429775, 'atr_pct': 4.018379332202001, 'rvol20': 0.6679541937337785, 'performance_21d_pct': 12.997148431637417, 'distance_52w_high_pct': 57.56875563570784, 'distance_resistance_pct': 14.832647097888152, 'move_10d_pct': 2.5260434397766707, 'structural_trend_pass': False}",pattern;previous_revenue_growth_yoy;shares_change_6m_pct,TradingView MCP + Finviz via finvizfinance screener views,2026-09-03T23:41:34+02:00,2026-08-05,,29,NORMAL,
PPTA,Perpetua Resources Corp,tradingview_gates,sma50_above_sma150;sma150_above_sma200;within_25pct_52w_high,revenue_growth;eps_growth;operating_margin,price_min;market_cap_min;avg_volume_min;price_above_sma50;sma50_above_sma150;sma150_above_sma200;ema21_above_ema50;within_25pct_52w_high;rsi14;atr_pct;rvol20_data_available;performance_21d;distance_resistance_hard;no_extended_move_10d;eps_next_year;earnings_window;market_regime_allows_new_entries,True,"{'price': 25.05, 'price_tv': 25.05, 'price_finviz': 25.05, 'sma50': 21.691799999999997, 'sma150': 26.224, 'sma200': 26.57765, 'ema21': 24.321961942561266, 'ema50': 23.467277963254475, 'rsi14': 55.202081099225026, 'atr14': 1.2877451967617015, 'atr_pct': 5.140699388270265, 'rvol20': 0.7033297210781358, 'performance_21d_pct': 9.245529873528135, 'distance_52w_high_pct': 32.96762108643296, 'distance_resistance_pct': 10.019960079840311, 'move_10d_pct': 0.0, 'structural_trend_pass': False}",gross_margin;operating_margin;pattern;previous_revenue_growth_yoy;revenue_growth_yoy;shares_change_6m_pct,TradingView MCP + Finviz via finvizfinance screener views,2026-09-03T23:41:48+02:00,2026-08-15,,19,NORMAL,
PTCT,PTC Therapeutics Inc,tradingview_gates,price_above_sma50;sma150_above_sma200;ema21_above_ema50;rsi14,,price_min;market_cap_min;avg_volume_min;price_above_sma50;sma50_above_sma150;sma150_above_sma200;ema21_above_ema50;within_25pct_52w_high;rsi14;atr_pct;rvol20_data_available;performance_21d;distance_resistance_hard;no_extended_move_10d;revenue_growth;eps_growth;eps_next_year;operating_margin;earnings_window;market_regime_allows_new_entries,True,"{'price': 71.4, 'price_tv': 71.4, 'price_finviz': 71.4, 'sma50': 76.1247, 'sma150': 72.17873333333333, 'sma200': 73.3793, 'ema21': 72.07154884695802, 'ema50': 73.60198468739566, 'rsi14': 46.300089328601274, 'atr14': 2.337229308500413, 'atr_pct': 3.2734304040622026, 'rvol20': 0.8002288257896788, 'performance_21d_pct': 3.1642826181187855, 'distance_52w_high_pct': 21.426213271706832, 'distance_resistance_pct': 27.26890756302521, 'move_10d_pct': 1.2478729438457403, 'structural_trend_pass': False}",pattern;previous_revenue_growth_yoy;shares_change_6m_pct,TradingView MCP + Finviz via finvizfinance screener views,2026-09-03T23:42:02+02:00,2026-07-30,,35,NORMAL,
QNT,Quantinuum Inc,tradingview_gates,,price_above_sma50;sma50_above_sma150;sma150_above_sma200;ema21_above_ema50;within_25pct_52w_high;rsi14;atr_pct;rvol20_data_available;performance_21d;distance_resistance_hard;no_extended_move_10d;revenue_growth;eps_growth;operating_margin,price_min;market_cap_min;avg_volume_min;eps_next_year;earnings_window;market_regime_allows_new_entries,False,"{'price': None, 'price_tv': None, 'price_finviz': 48.7, 'sma50': None, 'sma150': None, 'sma200': None, 'ema21': None, 'ema50': None, 'rsi14': None, 'atr14': None, 'atr_pct': None, 'rvol20': None, 'performance_21d_pct': None, 'distance_52w_high_pct': None, 'distance_resistance_pct': None, 'move_10d_pct': None, 'structural_trend_pass': False}",atr14;atr_pct;distance_52w_high_pct;distance_resistance_pct;ema21;ema50;eps_growth_yoy;gross_margin;move_10d_pct;operating_margin;pattern;performance_21d_pct;previous_revenue_growth_yoy;price;price_tv;resistance;revenue_growth_yoy;rsi14;rvol20;shares_change_6m_pct;sma150;sma200;sma50;week52_high,TradingView MCP + Finviz via finvizfinance screener views,2026-09-03T23:42:17+02:00,2026-08-11,,23,NORMAL,
ROAD,Construction Partners Inc,tradingview_gates,price_above_sma50;sma50_above_sma150;ema21_above_ema50;within_25pct_52w_high;rsi14;performance_21d,,price_min;market_cap_min;avg_volume_min;price_above_sma50;sma50_above_sma150;sma150_above_sma200;ema21_above_ema50;within_25pct_52w_high;rsi14;atr_pct;rvol20_data_available;performance_21d;distance_resistance_hard;no_extended_move_10d;revenue_growth;eps_growth;eps_next_year;operating_margin;earnings_window;market_regime_allows_new_entries,True,"{'price': 102.68, 'price_tv': 102.68, 'price_finviz': 102.68, 'sma50': 108.6383, 'sma150': 116.436, 'sma200': 114.72959999999999, 'ema21': 109.22676511356562, 'ema50': 110.42295942444345, 'rsi14': 41.11092429645181, 'atr14': 5.168168834318286, 'atr_pct': 5.033277010438534, 'rvol20': 0.5208469429937778, 'performance_21d_pct': -2.2746740268392407, 'distance_52w_high_pct': 31.999999999999996, 'distance_resistance_pct': 26.524152707440575, 'move_10d_pct': -9.28527255057866, 'structural_trend_pass': False}",pattern;previous_revenue_growth_yoy;shares_change_6m_pct,TradingView MCP + Finviz via finvizfinance screener views,2026-09-03T23:42:31+02:00,2026-08-07,,27,NORMAL,
SHOP,Shopify Inc,tradingview_gates,sma150_above_sma200;rsi14,,price_min;market_cap_min;avg_volume_min;price_above_sma50;sma50_above_sma150;sma150_above_sma200;ema21_above_ema50;within_25pct_52w_high;rsi14;atr_pct;rvol20_data_available;performance_21d;distance_resistance_hard;no_extended_move_10d;revenue_growth;eps_growth;eps_next_year;operating_margin;earnings_window;market_regime_allows_new_entries,True,"{'price': 145.88, 'price_tv': 145.88, 'price_finviz': 145.88, 'sma50': 133.481, 'sma150': 122.63220000000001, 'sma200': 131.27765, 'ema21': 145.02035561557054, 'ema50': 136.47938776772702, 'rsi14': 52.84982573815599, 'atr14': 5.85690721194469, 'atr_pct': 4.014880183674726, 'rvol20': 0.7791649996157881, 'performance_21d_pct': 1.136993899057126, 'distance_52w_high_pct': 19.92974367418629, 'distance_resistance_pct': 8.904579106114621, 'move_10d_pct': -0.8832721837206181, 'structural_trend_pass': False}",pattern;previous_revenue_growth_yoy;shares_change_6m_pct,TradingView MCP + Finviz via finvizfinance screener views,2026-09-03T23:42:45+02:00,2026-08-05,,29,NORMAL,
SMTC,Semtech Corp,tradingview_gates,ema21_above_ema50;rsi14,,price_min;market_cap_min;avg_volume_min;price_above_sma50;sma50_above_sma150;sma150_above_sma200;ema21_above_ema50;within_25pct_52w_high;rsi14;atr_pct;rvol20_data_available;performance_21d;distance_resistance_hard;no_extended_move_10d;revenue_growth;eps_growth;eps_next_year;operating_margin;earnings_window;market_regime_allows_new_entries,True,"{'price': 135.4, 'price_tv': 135.4, 'price_finviz': 135.4, 'sma50': 133.1324, 'sma150': 117.78123333333335, 'sma200': 107.025025, 'ema21': 132.6586104353858, 'ema50': 133.0764650110037, 'rsi14': 51.78244165317146, 'atr14': 10.670973581534124, 'atr_pct': 7.881073546184729, 'rvol20': 0.5767171799910658, 'performance_21d_pct': 11.670103092783513, 'distance_52w_high_pct': 23.653791936848034, 'distance_resistance_pct': 30.98227474150664, 'move_10d_pct': 8.424087123638714, 'structural_trend_pass': True}",pattern;previous_revenue_growth_yoy;shares_change_6m_pct,TradingView MCP + Finviz via finvizfinance screener views,2026-09-03T23:42:51+02:00,2026-08-25,,9,PEAD_WINDOW,
SNDK,Sandisk Corp,tradingview_gates,price_above_sma50;ema21_above_ema50;within_25pct_52w_high;rsi14,,price_min;market_cap_min;avg_volume_min;price_above_sma50;sma50_above_sma150;sma150_above_sma200;ema21_above_ema50;within_25pct_52w_high;rsi14;atr_pct;rvol20_data_available;performance_21d;distance_resistance_hard;no_extended_move_10d;revenue_growth;eps_growth;eps_next_year;operating_margin;earnings_window;market_regime_allows_new_entries,True,"{'price': 1554.99, 'price_tv': 1554.99, 'price_finviz': 1554.99, 'sma50': 1562.1506, 'sma150': 1229.4354, 'sma200': 996.59705, 'ema21': 1512.5939047676247, 'ema50': 1514.066787228543, 'rsi14': 52.58214372960884, 'atr14': 125.66179233279989, 'atr_pct': 8.081196170573438, 'rvol20': 0.6335159500061917, 'performance_21d_pct': 15.141799333580153, 'distance_52w_high_pct': 33.95359026981895, 'distance_resistance_pct': 51.408684300220585, 'move_10d_pct': -2.850770326498475, 'structural_trend_pass': False}",pattern;previous_revenue_growth_yoy;shares_change_6m_pct,TradingView MCP + Finviz via finvizfinance screener views,2026-09-03T23:43:05+02:00,2026-08-05,,29,NORMAL,
SNPS,Synopsys Inc,tradingview_gates,sma50_above_sma150;sma150_above_sma200;ema21_above_ema50;within_25pct_52w_high;rsi14,,price_min;market_cap_min;avg_volume_min;price_above_sma50;sma50_above_sma150;sma150_above_sma200;ema21_above_ema50;within_25pct_52w_high;rsi14;atr_pct;rvol20_data_available;performance_21d;distance_resistance_hard;no_extended_move_10d;revenue_growth;eps_growth;eps_next_year;operating_margin;earnings_window;market_regime_allows_new_entries,True,"{'price': 416.31, 'price_tv': 416.31, 'price_finviz': 416.31, 'sma50': 413.834, 'sma150': 439.73263333333335, 'sma200': 447.173675, 'ema21': 415.94770600279975, 'ema50': 420.50400268879855, 'rsi14': 50.323009835554224, 'atr14': 15.450907433001097, 'atr_pct': 3.711394737815834, 'rvol20': 0.8753983565181551, 'performance_21d_pct': 3.8645776158874323, 'distance_52w_high_pct': 32.39443481367506, 'distance_resistance_pct': 17.112248084360214, 'move_10d_pct': 4.621531966224368, 'structural_trend_pass': False}",pattern;previous_revenue_growth_yoy;shares_change_6m_pct,TradingView MCP + Finviz via finvizfinance screener views,2026-09-03T23:43:19+02:00,2026-08-26,,8,PEAD_WINDOW,
SOFI,SoFi Technologies Inc,tradingview_gates,sma150_above_sma200;within_25pct_52w_high;rsi14,,price_min;market_cap_min;avg_volume_min;price_above_sma50;sma50_above_sma150;sma150_above_sma200;ema21_above_ema50;within_25pct_52w_high;rsi14;atr_pct;rvol20_data_available;performance_21d;distance_resistance_hard;no_extended_move_10d;revenue_growth;eps_growth;eps_next_year;operating_margin;earnings_window;market_regime_allows_new_entries,True,"{'price': 18.51, 'price_tv': 18.51, 'price_finviz': 18.51, 'sma50': 17.8628, 'sma150': 17.706633333333333, 'sma200': 20.014325, 'ema21': 18.10305966749482, 'ema50': 17.859376058918798, 'rsi14': 53.23202579754333, 'atr14': 0.8738156799758368, 'atr_pct': 4.720776228934828, 'rvol20': 0.9892771328190555, 'performance_21d_pct': 1.4246575342465873, 'distance_52w_high_pct': 43.44637946837763, 'distance_resistance_pct': 6.645056726093985, 'move_10d_pct': 3.2924107142857206, 'structural_trend_pass': False}",pattern;previous_revenue_growth_yoy;shares_change_6m_pct,TradingView MCP + Finviz via finvizfinance screener views,2026-09-03T23:43:33+02:00,2026-07-29,,36,NORMAL,
SPCX,Space Exploration Technologies Corp,tradingview_gates,,price_above_sma50;sma50_above_sma150;sma150_above_sma200;ema21_above_ema50;within_25pct_52w_high;rsi14;atr_pct;rvol20_data_available;performance_21d;distance_resistance_hard;no_extended_move_10d;revenue_growth;eps_growth;operating_margin,price_min;market_cap_min;avg_volume_min;eps_next_year;earnings_window;market_regime_allows_new_entries,False,"{'price': None, 'price_tv': None, 'price_finviz': 149.74, 'sma50': None, 'sma150': None, 'sma200': None, 'ema21': None, 'ema50': None, 'rsi14': None, 'atr14': None, 'atr_pct': None, 'rvol20': None, 'performance_21d_pct': None, 'distance_52w_high_pct': None, 'distance_resistance_pct': None, 'move_10d_pct': None, 'structural_trend_pass': False}",atr14;atr_pct;distance_52w_high_pct;distance_resistance_pct;ema21;ema50;eps_growth_yoy;gross_margin;move_10d_pct;operating_margin;pattern;performance_21d_pct;previous_revenue_growth_yoy;price;price_tv;resistance;revenue_growth_yoy;rsi14;rvol20;shares_change_6m_pct;sma150;sma200;sma50;week52_high,TradingView MCP + Finviz via finvizfinance screener views,2026-09-03T23:43:39+02:00,2026-08-04,,30,NORMAL,
STRC,Strategy Inc - VR PRF PERPETUAL USD 100 - Ser A,tradingview_gates,sma50_above_sma150;sma150_above_sma200;atr_pct;distance_resistance_hard,revenue_growth;eps_growth;operating_margin;earnings_window,price_min;market_cap_min;avg_volume_min;price_above_sma50;sma50_above_sma150;sma150_above_sma200;ema21_above_ema50;within_25pct_52w_high;rsi14;atr_pct;rvol20_data_available;performance_21d;distance_resistance_hard;no_extended_move_10d;eps_next_year;market_regime_allows_new_entries,True,"{'price': 97.82, 'price_tv': 97.82, 'price_finviz': 97.82, 'sma50': 90.68379999999999, 'sma150': 95.8631, 'sma200': 96.4919, 'ema21': 95.5427652366682, 'ema50': 93.67000232946631, 'rsi14': 66.30608729080932, 'atr14': 1.2736140551366832, 'atr_pct': 1.3019976028794555, 'rvol20': 1.2876389812260653, 'performance_21d_pct': 3.9532412327311306, 'distance_52w_high_pct': 2.587379578602291, 'distance_resistance_pct': 0.34757718258025294, 'move_10d_pct': 2.698162729658793, 'structural_trend_pass': False}",eps_growth_yoy;gross_margin;operating_margin;pattern;previous_revenue_growth_yoy;revenue_growth_yoy;shares_change_6m_pct,TradingView MCP + Finviz via finvizfinance screener views,2026-09-03T23:43:53+02:00,,,,UNKNOWN,
STRL,Sterling Infrastructure Inc,tradingview_gates,price_above_sma50;ema21_above_ema50;within_25pct_52w_high;rsi14;performance_21d,,price_min;market_cap_min;avg_volume_min;price_above_sma50;sma50_above_sma150;sma150_above_sma200;ema21_above_ema50;within_25pct_52w_high;rsi14;atr_pct;rvol20_data_available;performance_21d;distance_resistance_hard;no_extended_move_10d;revenue_growth;eps_growth;eps_next_year;operating_margin;earnings_window;market_regime_allows_new_entries,True,"{'price': 460.03, 'price_tv': 460.03, 'price_finviz': 460.03, 'sma50': 607.5507, 'sma150': 586.5059666666667, 'sma200': 521.896175, 'ema21': 516.2688806936253, 'ema50': 583.0005472227906, 'rsi14': 34.113117703943175, 'atr14': 33.376613504196925, 'atr_pct': 7.255312371844647, 'rvol20': 0.9380676755977924, 'performance_21d_pct': -14.178310915433833, 'distance_52w_high_pct': 54.256830352233244, 'distance_resistance_pct': 103.61280786035694, 'move_10d_pct': -11.622769100724263, 'structural_trend_pass': False}",pattern;previous_revenue_growth_yoy;shares_change_6m_pct,TradingView MCP + Finviz via finvizfinance screener views,2026-09-03T23:44:07+02:00,2026-08-03,,31,NORMAL,
STX,Seagate Technology Holdings Plc,tradingview_gates,price_above_sma50;ema21_above_ema50;within_25pct_52w_high;rsi14;performance_21d,,price_min;market_cap_min;avg_volume_min;price_above_sma50;sma50_above_sma150;sma150_above_sma200;ema21_above_ema50;within_25pct_52w_high;rsi14;atr_pct;rvol20_data_available;performance_21d;distance_resistance_hard;no_extended_move_10d;revenue_growth;eps_growth;eps_next_year;operating_margin;earnings_window;market_regime_allows_new_entries,True,"{'price': 798.61, 'price_tv': 798.61, 'price_finviz': 798.61, 'sma50': 857.0454, 'sma150': 687.8495666666666, 'sma200': 590.480375, 'ema21': 840.363117391496, 'ema50': 842.8980116082499, 'rsi14': 43.361219424962194, 'atr14': 55.780455355148945, 'atr_pct': 6.984692823173883, 'rvol20': 0.7558108443072402, 'performance_21d_pct': -4.661795955399562, 'distance_52w_high_pct': 30.25240174672489, 'distance_resistance_pct': 43.374112520504376, 'move_10d_pct': -6.072403086187428, 'structural_trend_pass': False}",pattern;previous_revenue_growth_yoy;shares_change_6m_pct,TradingView MCP + Finviz via finvizfinance screener views,2026-09-03T23:44:21+02:00,2026-07-28,,37,NORMAL,
TER,Teradyne Inc,tradingview_gates,price_above_sma50;ema21_above_ema50;within_25pct_52w_high;rsi14;performance_21d,,price_min;market_cap_min;avg_volume_min;price_above_sma50;sma50_above_sma150;sma150_above_sma200;ema21_above_ema50;within_25pct_52w_high;rsi14;atr_pct;rvol20_data_available;performance_21d;distance_resistance_hard;no_extended_move_10d;revenue_growth;eps_growth;eps_next_year;operating_margin;earnings_window;market_regime_allows_new_entries,True,"{'price': 338.59, 'price_tv': 338.59, 'price_finviz': 338.59, 'sma50': 374.2299, 'sma150': 352.7565, 'sma200': 315.3418, 'ema21': 365.72495150003147, 'ema50': 370.83038543328814, 'rsi14': 40.67511096379548, 'atr14': 23.01944616674454, 'atr_pct': 6.79861961863745, 'rvol20': 0.6893745917227628, 'performance_21d_pct': -13.046046380235754, 'distance_52w_high_pct': 30.604004836957643, 'distance_resistance_pct': 44.10053456983374, 'move_10d_pct': -11.629909956935924, 'structural_trend_pass': False}",pattern;previous_revenue_growth_yoy;shares_change_6m_pct,TradingView MCP + Finviz via finvizfinance screener views,2026-09-03T23:44:35+02:00,2026-07-28,,37,NORMAL,
TPG,TPG Inc,tradingview_gates,sma150_above_sma200,,price_min;market_cap_min;avg_volume_min;price_above_sma50;sma50_above_sma150;sma150_above_sma200;ema21_above_ema50;within_25pct_52w_high;rsi14;atr_pct;rvol20_data_available;performance_21d;distance_resistance_hard;no_extended_move_10d;revenue_growth;eps_growth;eps_next_year;operating_margin;earnings_window;market_regime_allows_new_entries,True,"{'price': 53.225, 'price_tv': 53.225, 'price_finviz': 53.22, 'sma50': 46.7635, 'sma150': 44.59793333333333, 'sma200': 49.169825, 'ema21': 51.519124489744016, 'ema50': 48.42436955421027, 'rsi14': 61.310668994923674, 'atr14': 1.807961736015626, 'atr_pct': 3.396828062030298, 'rvol20': 0.6237038095760041, 'performance_21d_pct': 11.093717386766855, 'distance_52w_high_pct': 24.3748223927252, 'distance_resistance_pct': 4.2743071864725195, 'move_10d_pct': 3.209230172580968, 'structural_trend_pass': False}",pattern;previous_revenue_growth_yoy;shares_change_6m_pct,TradingView MCP + Finviz via finvizfinance screener views,2026-09-03T23:44:41+02:00,2026-08-04,,30,NORMAL,
TSEM,Tower Semiconductor Ltd,tradingview_gates,price_above_sma50;ema21_above_ema50;within_25pct_52w_high;rsi14;performance_21d,,price_min;market_cap_min;avg_volume_min;price_above_sma50;sma50_above_sma150;sma150_above_sma200;ema21_above_ema50;within_25pct_52w_high;rsi14;atr_pct;rvol20_data_available;performance_21d;distance_resistance_hard;no_extended_move_10d;revenue_growth;eps_growth;eps_next_year;operating_margin;earnings_window;market_regime_allows_new_entries,True,"{'price': 206.16, 'price_tv': 206.16, 'price_finviz': 206.16, 'sma50': 231.6616, 'sma150': 208.02413333333334, 'sma200': 185.49884999999998, 'ema21': 221.37862903283911, 'ema50': 229.39380333493207, 'rsi14': 41.7468187108375, 'atr14': 15.534695044599056, 'atr_pct': 7.535261469052705, 'rvol20': 0.7524202110430108, 'performance_21d_pct': -2.358624609263993, 'distance_52w_high_pct': 35.56291804713384, 'distance_resistance_pct': 55.19014357780365, 'move_10d_pct': -7.873804629546877, 'structural_trend_pass': False}",pattern;previous_revenue_growth_yoy;shares_change_6m_pct,TradingView MCP + Finviz via finvizfinance screener views,2026-09-03T23:44:47+02:00,2026-08-04,,30,NORMAL,
TTMI,TTM Technologies Inc,tradingview_gates,price_above_sma50;ema21_above_ema50;within_25pct_52w_high;rsi14;performance_21d,,price_min;market_cap_min;avg_volume_min;price_above_sma50;sma50_above_sma150;sma150_above_sma200;ema21_above_ema50;within_25pct_52w_high;rsi14;atr_pct;rvol20_data_available;performance_21d;distance_resistance_hard;no_extended_move_10d;revenue_growth;eps_growth;eps_next_year;operating_margin;earnings_window;market_regime_allows_new_entries,True,"{'price': 115.39, 'price_tv': 115.39, 'price_finviz': 115.39, 'sma50': 135.82489999999999, 'sma150': 134.3819, 'sma200': 119.84785, 'ema21': 122.30409836103638, 'ema50': 133.34995742185572, 'rsi14': 41.694027486180424, 'atr14': 9.060621163730657, 'atr_pct': 7.852171907210899, 'rvol20': 0.6731355996805835, 'performance_21d_pct': -12.083809523809519, 'distance_52w_high_pct': 48.44748246437028, 'distance_resistance_pct': 93.9769477424387, 'move_10d_pct': 0.8830215072565206, 'structural_trend_pass': False}",pattern;previous_revenue_growth_yoy;shares_change_6m_pct,TradingView MCP + Finviz via finvizfinance screener views,2026-09-03T23:45:01+02:00,2026-08-05,,29,NORMAL,
TXN,Texas Instruments Inc,tradingview_gates,price_above_sma50;ema21_above_ema50;rsi14;performance_21d,,price_min;market_cap_min;avg_volume_min;price_above_sma50;sma50_above_sma150;sma150_above_sma200;ema21_above_ema50;within_25pct_52w_high;rsi14;atr_pct;rvol20_data_available;performance_21d;distance_resistance_hard;no_extended_move_10d;revenue_growth;eps_growth;eps_next_year;operating_margin;earnings_window;market_regime_allows_new_entries,True,"{'price': 253.83, 'price_tv': 253.83, 'price_finviz': 253.83, 'sma50': 281.0975, 'sma150': 258.4071333333333, 'sma200': 238.86215, 'ema21': 266.2724727766152, 'ema50': 274.9418875686769, 'rsi14': 36.84059005044411, 'atr14': 8.935663219975849, 'atr_pct': 3.520333774564019, 'rvol20': 0.7699320535846844, 'performance_21d_pct': -8.602189255365122, 'distance_52w_high_pct': 24.00981947729245, 'distance_resistance_pct': 31.595950045305898, 'move_10d_pct': -4.431475903614457, 'structural_trend_pass': False}",pattern;previous_revenue_growth_yoy;shares_change_6m_pct,TradingView MCP + Finviz via finvizfinance screener views,2026-09-03T23:45:15+02:00,2026-07-22,,43,NORMAL,
VIAV,Viavi Solutions Inc,tradingview_gates,price_above_sma50;sma50_above_sma150;ema21_above_ema50;within_25pct_52w_high;rsi14;performance_21d,,price_min;market_cap_min;avg_volume_min;price_above_sma50;sma50_above_sma150;sma150_above_sma200;ema21_above_ema50;within_25pct_52w_high;rsi14;atr_pct;rvol20_data_available;performance_21d;distance_resistance_hard;no_extended_move_10d;revenue_growth;eps_growth;eps_next_year;operating_margin;earnings_window;market_regime_allows_new_entries,True,"{'price': 33.63, 'price_tv': 33.63, 'price_finviz': 33.63, 'sma50': 40.1236, 'sma150': 40.22506666666667, 'sma200': 34.7225, 'ema21': 37.88400957510204, 'ema50': 40.080865511472915, 'rsi14': 36.910198645413566, 'atr14': 2.5177239697256346, 'atr_pct': 7.4865416881523466, 'rvol20': 1.368451709308044, 'performance_21d_pct': -13.547557840616953, 'distance_52w_high_pct': 44.348833360913446, 'distance_resistance_pct': 70.97829319060361, 'move_10d_pct': -12.785269709543567, 'structural_trend_pass': False}",pattern;previous_revenue_growth_yoy;shares_change_6m_pct,TradingView MCP + Finviz via finvizfinance screener views,2026-09-03T23:45:29+02:00,2026-08-05,,29,NORMAL,
WDC,Western Digital Corp,tradingview_gates,price_above_sma50;ema21_above_ema50;within_25pct_52w_high;rsi14;performance_21d,,price_min;market_cap_min;avg_volume_min;price_above_sma50;sma50_above_sma150;sma150_above_sma200;ema21_above_ema50;within_25pct_52w_high;rsi14;atr_pct;rvol20_data_available;performance_21d;distance_resistance_hard;no_extended_move_10d;revenue_growth;eps_growth;eps_next_year;operating_margin;earnings_window;market_regime_allows_new_entries,True,"{'price': 441.57, 'price_tv': 441.57, 'price_finviz': 441.57, 'sma50': 511.1375, 'sma150': 432.07320000000004, 'sma200': 371.28947500000004, 'ema21': 468.6837573929925, 'ema50': 490.55338890756275, 'rsi14': 42.086999775428595, 'atr14': 33.84489250706609, 'atr_pct': 7.664672080772266, 'rvol20': 0.7525866915814347, 'performance_21d_pct': -14.946934530115374, 'distance_52w_high_pct': 44.79477915161214, 'distance_resistance_pct': 81.14228774599724, 'move_10d_pct': -5.8586504637032295, 'structural_trend_pass': False}",pattern;previous_revenue_growth_yoy;shares_change_6m_pct,TradingView MCP + Finviz via finvizfinance screener views,2026-09-03T23:45:34+02:00,2026-08-05,,29,NORMAL,
