ticker,name,exclusion_stage,failed_gates,unverifiable_gates,gates_evaluated,technical_gates_evaluated,values,missing_fields,source,retrieved_at,earnings_date,days_to_earnings,days_since_earnings,earnings_state,gate_distance
ABVX,Abivax ADR,finviz_prefilter,adr,,,False,"{'industry': 'Biotechnology', 'price_finviz': 130.93}",,Finviz via finvizfinance screener views,2026-08-07T23:30:31+02:00,,,,,
APGE,Apogee Therapeutics Inc,finviz_prefilter,biotech_pre_revenue,,,False,"{'industry': 'Biotechnology', 'price_finviz': 134.84}",,Finviz via finvizfinance screener views,2026-08-07T23:30:31+02:00,,,,,
ARM,Arm Holdings Plc ADR,finviz_prefilter,adr,,,False,"{'industry': 'Semiconductors', 'price_finviz': 282.57}",,Finviz via finvizfinance screener views,2026-08-07T23:30:31+02:00,,,,,
ATAT,Atour Lifestyle Holdings Ltd ADR,finviz_prefilter,adr,,,False,"{'industry': 'Lodging', 'price_finviz': 35.31}",,Finviz via finvizfinance screener views,2026-08-07T23:30:31+02:00,,,,,
BIDU,Baidu Inc ADR,finviz_prefilter,adr,,,False,"{'industry': 'Internet Content & Information', 'price_finviz': 109.71}",,Finviz via finvizfinance screener views,2026-08-07T23:30:31+02:00,,,,,
BILI,Bilibili Inc ADR,finviz_prefilter,adr,,,False,"{'industry': 'Internet Content & Information', 'price_finviz': 18.74}",,Finviz via finvizfinance screener views,2026-08-07T23:30:31+02:00,,,,,
BNTX,BioNTech SE ADR,finviz_prefilter,adr,,,False,"{'industry': 'Biotechnology', 'price_finviz': 93.67}",,Finviz via finvizfinance screener views,2026-08-07T23:30:31+02:00,,,,,
BRVE,Braveheart Bio Inc,finviz_prefilter,biotech_pre_revenue,,,False,"{'industry': 'Biotechnology', 'price_finviz': 30.0}",,Finviz via finvizfinance screener views,2026-08-07T23:30:31+02:00,,,,,
BZ,Kanzhun Ltd ADR,finviz_prefilter,adr,,,False,"{'industry': 'Internet Content & Information', 'price_finviz': 16.47}",,Finviz via finvizfinance screener views,2026-08-07T23:30:31+02:00,,,,,
CELC,Celcuity Inc,finviz_prefilter,biotech_pre_revenue,,,False,"{'industry': 'Biotechnology', 'price_finviz': 92.78}",,Finviz via finvizfinance screener views,2026-08-07T23:30:31+02:00,,,,,
COGT,Cogent Biosciences Inc,finviz_prefilter,biotech_pre_revenue,,,False,"{'industry': 'Biotechnology', 'price_finviz': 42.39}",,Finviz via finvizfinance screener views,2026-08-07T23:30:31+02:00,,,,,
DFTX,Definium Therapeutics Inc,finviz_prefilter,biotech_pre_revenue,,,False,"{'industry': 'Biotechnology', 'price_finviz': 46.14}",,Finviz via finvizfinance screener views,2026-08-07T23:30:31+02:00,,,,,
DYN,Dyne Therapeutics Inc,finviz_prefilter,biotech_pre_revenue,,,False,"{'industry': 'Biotechnology', 'price_finviz': 26.25}",,Finviz via finvizfinance screener views,2026-08-07T23:30:31+02:00,,,,,
ELVN,Enliven Therapeutics Inc,finviz_prefilter,biotech_pre_revenue,,,False,"{'industry': 'Biotechnology', 'price_finviz': 60.46}",,Finviz via finvizfinance screener views,2026-08-07T23:30:31+02:00,,,,,
ERAS,Erasca Inc,finviz_prefilter,biotech_pre_revenue,,,False,"{'industry': 'Biotechnology', 'price_finviz': 18.41}",,Finviz via finvizfinance screener views,2026-08-07T23:30:31+02:00,,,,,
EWTX,Edgewise Therapeutics Inc,finviz_prefilter,biotech_pre_revenue,,,False,"{'industry': 'Biotechnology', 'price_finviz': 43.52}",,Finviz via finvizfinance screener views,2026-08-07T23:30:31+02:00,,,,,
FUTU,Futu Holdings Ltd ADR,finviz_prefilter,adr,,,False,"{'industry': 'Capital Markets', 'price_finviz': 109.02}",,Finviz via finvizfinance screener views,2026-08-07T23:30:31+02:00,,,,,
GDS,GDS Holdings Limited ADR,finviz_prefilter,adr,,,False,"{'industry': 'Information Technology Services', 'price_finviz': 31.98}",,Finviz via finvizfinance screener views,2026-08-07T23:30:31+02:00,,,,,
GGAL,Grupo Financiero Galicia ADR,finviz_prefilter,adr,,,False,"{'industry': 'Banks - Regional', 'price_finviz': 46.18}",,Finviz via finvizfinance screener views,2026-08-07T23:30:31+02:00,,,,,
GMAB,Genmab ADR,finviz_prefilter,adr,,,False,"{'industry': 'Biotechnology', 'price_finviz': 31.25}",,Finviz via finvizfinance screener views,2026-08-07T23:30:31+02:00,,,,,
HSAI,Hesai Group ADR,finviz_prefilter,adr,,,False,"{'industry': 'Auto Parts', 'price_finviz': 19.22}",,Finviz via finvizfinance screener views,2026-08-07T23:30:31+02:00,,,,,
HTHT,H World Group Limited ADR,finviz_prefilter,adr,,,False,"{'industry': 'Lodging', 'price_finviz': 42.37}",,Finviz via finvizfinance screener views,2026-08-07T23:30:31+02:00,,,,,
IMVT,Immunovant Inc,finviz_prefilter,biotech_pre_revenue,,,False,"{'industry': 'Biotechnology', 'price_finviz': 39.95}",,Finviz via finvizfinance screener views,2026-08-07T23:30:31+02:00,,,,,
JD,JD.com Inc ADR,finviz_prefilter,adr,,,False,"{'industry': 'Internet Retail', 'price_finviz': 32.97}",,Finviz via finvizfinance screener views,2026-08-07T23:30:31+02:00,,,,,
LEGN,Legend Biotech Corp ADR,finviz_prefilter,adr,,,False,"{'industry': 'Biotechnology', 'price_finviz': 20.75}",,Finviz via finvizfinance screener views,2026-08-07T23:30:31+02:00,,,,,
MBX,MBX Biosciences Inc,finviz_prefilter,biotech_pre_revenue,,,False,"{'industry': 'Biotechnology', 'price_finviz': 67.82}",,Finviz via finvizfinance screener views,2026-08-07T23:30:31+02:00,,,,,
MLYS,Mineralys Therapeutics Inc,finviz_prefilter,biotech_pre_revenue,,,False,"{'industry': 'Biotechnology', 'price_finviz': 27.35}",,Finviz via finvizfinance screener views,2026-08-07T23:30:31+02:00,,,,,
NTES,NetEase Inc ADR,finviz_prefilter,adr,,,False,"{'industry': 'Electronic Gaming & Multimedia', 'price_finviz': 132.22}",,Finviz via finvizfinance screener views,2026-08-07T23:30:31+02:00,,,,,
ORKA,Oruka Therapeutics Inc,finviz_prefilter,biotech_pre_revenue,,,False,"{'industry': 'Biotechnology', 'price_finviz': 98.82}",,Finviz via finvizfinance screener views,2026-08-07T23:30:31+02:00,,,,,
PAYP,PayPay Corp ADR,finviz_prefilter,adr,,,False,"{'industry': 'Software - Infrastructure', 'price_finviz': 15.35}",,Finviz via finvizfinance screener views,2026-08-07T23:30:31+02:00,,,,,
PBLS,Parabilis Medicines Inc,finviz_prefilter,biotech_pre_revenue,,,False,"{'industry': 'Biotechnology', 'price_finviz': 34.98}",,Finviz via finvizfinance screener views,2026-08-07T23:30:31+02:00,,,,,
PCVX,Vaxcyte Inc,finviz_prefilter,biotech_pre_revenue,,,False,"{'industry': 'Biotechnology', 'price_finviz': 58.07}",,Finviz via finvizfinance screener views,2026-08-07T23:30:31+02:00,,,,,
PDD,PDD Holdings Inc ADR,finviz_prefilter,adr,,,False,"{'industry': 'Internet Retail', 'price_finviz': 91.76}",,Finviz via finvizfinance screener views,2026-08-07T23:30:31+02:00,,,,,
RVMD,Revolution Medicines Inc,finviz_prefilter,biotech_pre_revenue,,,False,"{'industry': 'Biotechnology', 'price_finviz': 205.15}",,Finviz via finvizfinance screener views,2026-08-07T23:30:31+02:00,,,,,
RYAAY,Ryanair Holdings Plc ADR,finviz_prefilter,adr,,,False,"{'industry': 'Airlines', 'price_finviz': 60.19}",,Finviz via finvizfinance screener views,2026-08-07T23:30:31+02:00,,,,,
SIMO,Silicon Motion Technology Corp ADR,finviz_prefilter,adr,,,False,"{'industry': 'Semiconductors', 'price_finviz': 256.12}",,Finviz via finvizfinance screener views,2026-08-07T23:30:31+02:00,,,,,
SKHY,SK Hynix Inc ADR,finviz_prefilter,adr,,,False,"{'industry': 'Semiconductors', 'price_finviz': 137.91}",,Finviz via finvizfinance screener views,2026-08-07T23:30:31+02:00,,,,,
SNY,Sanofi ADR,finviz_prefilter,adr,,,False,"{'industry': 'Drug Manufacturers - General', 'price_finviz': 43.46}",,Finviz via finvizfinance screener views,2026-08-07T23:30:31+02:00,,,,,
SRRK,Scholar Rock Holding Corp,finviz_prefilter,biotech_pre_revenue,,,False,"{'industry': 'Biotechnology', 'price_finviz': 52.92}",,Finviz via finvizfinance screener views,2026-08-07T23:30:31+02:00,,,,,
SYRE,Spyre Therapeutics Inc,finviz_prefilter,biotech_pre_revenue,,,False,"{'industry': 'Biotechnology', 'price_finviz': 104.91}",,Finviz via finvizfinance screener views,2026-08-07T23:30:31+02:00,,,,,
TCOM,Trip.com Group Ltd ADR,finviz_prefilter,adr,,,False,"{'industry': 'Travel Services', 'price_finviz': 46.14}",,Finviz via finvizfinance screener views,2026-08-07T23:30:31+02:00,,,,,
TRVI,Trevi Therapeutics Inc,finviz_prefilter,biotech_pre_revenue,,,False,"{'industry': 'Biotechnology', 'price_finviz': 18.51}",,Finviz via finvizfinance screener views,2026-08-07T23:30:31+02:00,,,,,
VERA,Vera Therapeutics Inc,finviz_prefilter,biotech_pre_revenue,,,False,"{'industry': 'Biotechnology', 'price_finviz': 32.89}",,Finviz via finvizfinance screener views,2026-08-07T23:30:31+02:00,,,,,
VKTX,Viking Therapeutics Inc,finviz_prefilter,biotech_pre_revenue,,,False,"{'industry': 'Biotechnology', 'price_finviz': 34.26}",,Finviz via finvizfinance screener views,2026-08-07T23:30:31+02:00,,,,,
VOD,Vodafone Group plc ADR,finviz_prefilter,adr,,,False,"{'industry': 'Telecom Services', 'price_finviz': 16.19}",,Finviz via finvizfinance screener views,2026-08-07T23:30:31+02:00,,,,,
XENE,Xenon Pharmaceuticals Inc,finviz_prefilter,biotech_pre_revenue,,,False,"{'industry': 'Biotechnology', 'price_finviz': 63.36}",,Finviz via finvizfinance screener views,2026-08-07T23:30:31+02:00,,,,,
ZLAB,Zai Lab Limited ADR,finviz_prefilter,adr,,,False,"{'industry': 'Biotechnology', 'price_finviz': 23.32}",,Finviz via finvizfinance screener views,2026-08-07T23:30:31+02:00,,,,,
AAL,American Airlines Group Inc,finviz_prefilter,revenue_growth;eps_growth;operating_margin,,price_min;market_cap_min;avg_volume_min;revenue_growth;eps_growth;eps_next_year;operating_margin;earnings_window,False,"{'revenue_growth_yoy': 16.28, 'eps_growth_yoy': -88.18, 'eps_next_year': 1463.16, 'operating_margin': 1.83}",,Finviz via finvizfinance screener views,2026-08-07T23:30:31+02:00,2026-07-23,,15,PEAD_WINDOW,
AAOI,Applied Optoelectronics Inc,finviz_prefilter,eps_growth;operating_margin,,price_min;market_cap_min;avg_volume_min;revenue_growth;eps_growth;eps_next_year;operating_margin;earnings_window,False,"{'revenue_growth_yoy': 86.42, 'eps_growth_yoy': -74.24, 'eps_next_year': 548.0, 'operating_margin': -11.57}",,Finviz via finvizfinance screener views,2026-08-07T23:30:31+02:00,2026-08-06,,1,PEAD_WINDOW,
AAON,AAON Inc,finviz_prefilter,earnings_window,,price_min;market_cap_min;avg_volume_min;revenue_growth;eps_growth;eps_next_year;operating_margin;earnings_window,False,"{'revenue_growth_yoy': 54.300000000000004, 'eps_growth_yoy': 36.230000000000004, 'eps_next_year': 52.91, 'operating_margin': 10.4}",,Finviz via finvizfinance screener views,2026-08-07T23:30:31+02:00,2026-08-10,3,,PRE_EARNINGS_BLACKOUT,"{'failed_gate': 'earnings_window', 'actual_value': 3, 'applicable_threshold': 7, 'distance_to_threshold': 4, 'distance_to_threshold_pct': None, 'days_to_exit_blackout': 4, 'formula': 'days_to_exit_blackout = days_to_earnings + 1 (giorni; nessuna %)'}"
AAPL,Apple Inc,finviz_prefilter,revenue_growth;eps_growth;eps_next_year,,price_min;market_cap_min;avg_volume_min;revenue_growth;eps_growth;eps_next_year;operating_margin;earnings_window,False,"{'revenue_growth_yoy': 16.36, 'eps_growth_yoy': 29.13, 'eps_next_year': 8.32, 'operating_margin': 33.17}",,Finviz via finvizfinance screener views,2026-08-07T23:30:31+02:00,2026-07-30,,8,PEAD_WINDOW,
ABNB,Airbnb Inc,finviz_prefilter,revenue_growth,,price_min;market_cap_min;avg_volume_min;revenue_growth;eps_growth;eps_next_year;operating_margin;earnings_window,False,"{'revenue_growth_yoy': 16.54, 'eps_growth_yoy': 33.06, 'eps_next_year': 17.18, 'operating_margin': 21.21}",,Finviz via finvizfinance screener views,2026-08-07T23:30:31+02:00,2026-08-06,,1,PEAD_WINDOW,"{'failed_gate': 'revenue_growth', 'actual_value': 16.54, 'applicable_threshold': 20.0, 'distance_to_threshold': 3.460000000000001, 'distance_to_threshold_pct': 17.300000000000004, 'formula': 'minimo: distance = threshold - actual; pct = distance / abs(threshold) * 100'}"
ACAD,Acadia Pharmaceuticals Inc,finviz_prefilter,revenue_growth;eps_growth;operating_margin,,price_min;market_cap_min;avg_volume_min;revenue_growth;eps_growth;eps_next_year;operating_margin;earnings_window,False,"{'revenue_growth_yoy': 16.400000000000002, 'eps_growth_yoy': 15.24, 'eps_next_year': 56.85, 'operating_margin': 7.59}",,Finviz via finvizfinance screener views,2026-08-07T23:30:31+02:00,2026-08-04,,3,PEAD_WINDOW,
ACGL,Arch Capital Group Ltd,finviz_prefilter,revenue_growth;eps_growth;eps_next_year,,price_min;market_cap_min;avg_volume_min;revenue_growth;eps_growth;eps_next_year;operating_margin;earnings_window,False,"{'revenue_growth_yoy': -11.459999999999999, 'eps_growth_yoy': -7.06, 'eps_next_year': 4.37, 'operating_margin': 25.11}",,Finviz via finvizfinance screener views,2026-08-07T23:30:31+02:00,2026-07-28,,10,PEAD_WINDOW,
ACHC,Acadia Healthcare Company Inc,finviz_prefilter,revenue_growth;eps_growth,,price_min;market_cap_min;avg_volume_min;revenue_growth;eps_growth;eps_next_year;operating_margin;earnings_window,False,"{'revenue_growth_yoy': -0.38999999999999996, 'eps_growth_yoy': -64.09, 'eps_next_year': 19.31, 'operating_margin': 10.059999999999999}",,Finviz via finvizfinance screener views,2026-08-07T23:30:31+02:00,2026-07-28,,10,PEAD_WINDOW,
ACIW,ACI Worldwide Inc,finviz_prefilter,revenue_growth;eps_growth;eps_next_year,,price_min;market_cap_min;avg_volume_min;revenue_growth;eps_growth;eps_next_year;operating_margin;earnings_window,False,"{'revenue_growth_yoy': 7.2700000000000005, 'eps_growth_yoy': 1.6934, 'eps_next_year': 13.35, 'operating_margin': 19.02}",,Finviz via finvizfinance screener views,2026-08-07T23:30:31+02:00,2026-08-06,,1,PEAD_WINDOW,
ACMR,ACM Research Inc,finviz_prefilter,eps_growth;earnings_window,,price_min;market_cap_min;avg_volume_min;revenue_growth;eps_growth;eps_next_year;operating_margin;earnings_window,False,"{'revenue_growth_yoy': 34.18, 'eps_growth_yoy': -18.69, 'eps_next_year': 41.68, 'operating_margin': 12.479999999999999}",,Finviz via finvizfinance screener views,2026-08-07T23:30:31+02:00,2026-08-07,0,,PRE_EARNINGS_BLACKOUT,
ADBE,Adobe Inc,finviz_prefilter,revenue_growth;eps_growth;eps_next_year,,price_min;market_cap_min;avg_volume_min;revenue_growth;eps_growth;eps_next_year;operating_margin;earnings_window,False,"{'revenue_growth_yoy': 12.690000000000001, 'eps_growth_yoy': 8.04, 'eps_next_year': 12.73, 'operating_margin': 36.74}",,Finviz via finvizfinance screener views,2026-08-07T23:30:31+02:00,2026-06-11,,57,NORMAL,
ADEA,Adeia Inc,finviz_prefilter,revenue_growth;eps_growth;eps_next_year,,price_min;market_cap_min;avg_volume_min;revenue_growth;eps_growth;eps_next_year;operating_margin;earnings_window,False,"{'revenue_growth_yoy': 12.11, 'eps_growth_yoy': 1.81, 'eps_next_year': 13.13, 'operating_margin': 46.81}",,Finviz via finvizfinance screener views,2026-08-07T23:30:31+02:00,2026-08-03,,4,PEAD_WINDOW,
ADP,Automatic Data Processing Inc,finviz_prefilter,revenue_growth;eps_growth;eps_next_year,,price_min;market_cap_min;avg_volume_min;revenue_growth;eps_growth;eps_next_year;operating_margin;earnings_window,False,"{'revenue_growth_yoy': 6.77, 'eps_growth_yoy': 9.62, 'eps_next_year': 9.23, 'operating_margin': 26.41}",,Finviz via finvizfinance screener views,2026-08-07T23:30:31+02:00,2026-07-29,,9,PEAD_WINDOW,
ADPT,Adaptive Biotechnologies Corp,finviz_prefilter,eps_growth;operating_margin,,price_min;market_cap_min;avg_volume_min;revenue_growth;eps_growth;eps_next_year;operating_margin;earnings_window,False,"{'revenue_growth_yoy': 21.529999999999998, 'eps_growth_yoy': -47.8, 'eps_next_year': 67.66, 'operating_margin': -11.81}",,Finviz via finvizfinance screener views,2026-08-07T23:30:31+02:00,2026-07-29,,9,PEAD_WINDOW,
ADSK,Autodesk Inc,finviz_prefilter,revenue_growth;eps_growth;eps_next_year,,price_min;market_cap_min;avg_volume_min;revenue_growth;eps_growth;eps_next_year;operating_margin;earnings_window,False,"{'revenue_growth_yoy': 19.63, 'eps_growth_yoy': 2.2912, 'eps_next_year': 12.66, 'operating_margin': 22.48}",,Finviz via finvizfinance screener views,2026-08-07T23:30:31+02:00,2026-05-28,,71,NORMAL,
AEHR,Aehr Test Systems,finviz_prefilter,operating_margin,,price_min;market_cap_min;avg_volume_min;revenue_growth;eps_growth;eps_next_year;operating_margin;earnings_window,False,"{'revenue_growth_yoy': 33.69, 'eps_growth_yoy': 143.11, 'eps_next_year': 119.58, 'operating_margin': -28.29}",,Finviz via finvizfinance screener views,2026-08-07T23:30:31+02:00,2026-07-14,,24,NORMAL,"{'failed_gate': 'operating_margin', 'actual_value': -28.29, 'applicable_threshold': 8.0, 'distance_to_threshold': 36.29, 'distance_to_threshold_pct': 453.625, 'formula': 'minimo: distance = threshold - actual; pct = distance / abs(threshold) * 100'}"
AEP,American Electric Power Company Inc,finviz_prefilter,revenue_growth;eps_next_year,eps_growth,price_min;market_cap_min;avg_volume_min;revenue_growth;eps_next_year;operating_margin;earnings_window,False,"{'revenue_growth_yoy': 7.02, 'eps_growth_yoy': None, 'eps_next_year': 7.74, 'operating_margin': 24.0}",,Finviz via finvizfinance screener views,2026-08-07T23:30:31+02:00,2026-07-30,,8,PEAD_WINDOW,
AKAM,Akamai Technologies Inc,finviz_prefilter,revenue_growth;eps_growth;eps_next_year,,price_min;market_cap_min;avg_volume_min;revenue_growth;eps_growth;eps_next_year;operating_margin;earnings_window,False,"{'revenue_growth_yoy': 5.38, 'eps_growth_yoy': -27.11, 'eps_next_year': 5.97, 'operating_margin': 11.88}",,Finviz via finvizfinance screener views,2026-08-07T23:30:31+02:00,2026-08-06,,1,PEAD_WINDOW,
ALAB,Astera Labs Inc,finviz_prefilter,eps_growth,,price_min;market_cap_min;avg_volume_min;revenue_growth;eps_growth;eps_next_year;operating_margin;earnings_window,False,"{'revenue_growth_yoy': 104.45, 'eps_growth_yoy': 1.9033, 'eps_next_year': 61.36, 'operating_margin': 22.75}",,Finviz via finvizfinance screener views,2026-08-07T23:30:31+02:00,2026-08-04,,3,PEAD_WINDOW,"{'failed_gate': 'eps_growth', 'actual_value': 1.9033, 'applicable_threshold': 20.0, 'distance_to_threshold': 18.0967, 'distance_to_threshold_pct': 90.48349999999999, 'formula': 'minimo: distance = threshold - actual; pct = distance / abs(threshold) * 100'}"
ALGM,Allegro Microsystems Inc,finviz_prefilter,eps_growth;operating_margin,,price_min;market_cap_min;avg_volume_min;revenue_growth;eps_growth;eps_next_year;operating_margin;earnings_window,False,"{'revenue_growth_yoy': 27.450000000000003, 'eps_growth_yoy': 2.1785, 'eps_next_year': 45.53, 'operating_margin': 6.22}",,Finviz via finvizfinance screener views,2026-08-07T23:30:31+02:00,2026-07-30,,8,PEAD_WINDOW,
ALGN,Align Technology Inc,finviz_prefilter,revenue_growth;eps_growth;eps_next_year,,price_min;market_cap_min;avg_volume_min;revenue_growth;eps_growth;eps_next_year;operating_margin;earnings_window,False,"{'revenue_growth_yoy': 4.32, 'eps_growth_yoy': -11.790000000000001, 'eps_next_year': 11.05, 'operating_margin': 18.38}",,Finviz via finvizfinance screener views,2026-08-07T23:30:31+02:00,2026-07-29,,9,PEAD_WINDOW,
ALKS,Alkermes plc,finviz_prefilter,eps_growth,,price_min;market_cap_min;avg_volume_min;revenue_growth;eps_growth;eps_next_year;operating_margin;earnings_window,False,"{'revenue_growth_yoy': 26.97, 'eps_growth_yoy': -99.44, 'eps_next_year': 242.28, 'operating_margin': 8.62}",,Finviz via finvizfinance screener views,2026-08-07T23:30:31+02:00,2026-07-28,,10,PEAD_WINDOW,"{'failed_gate': 'eps_growth', 'actual_value': -99.44, 'applicable_threshold': 30.0, 'distance_to_threshold': 129.44, 'distance_to_threshold_pct': 431.46666666666664, 'formula': 'minimo: distance = threshold - actual; pct = distance / abs(threshold) * 100'}"
ALKT,Alkami Technology Inc,finviz_prefilter,revenue_growth;operating_margin,,price_min;market_cap_min;avg_volume_min;revenue_growth;eps_growth;eps_next_year;operating_margin;earnings_window,False,"{'revenue_growth_yoy': 15.870000000000001, 'eps_growth_yoy': 36.61, 'eps_next_year': 38.14, 'operating_margin': -7.08}",,Finviz via finvizfinance screener views,2026-08-07T23:30:31+02:00,2026-07-29,,9,PEAD_WINDOW,
ALMS,Alumis Inc,finviz_prefilter,revenue_growth;eps_next_year;operating_margin,,price_min;market_cap_min;avg_volume_min;revenue_growth;eps_growth;eps_next_year;operating_margin;earnings_window,False,"{'revenue_growth_yoy': -89.99000000000001, 'eps_growth_yoy': 59.19, 'eps_next_year': 4.44, 'operating_margin': -51.3907}",,Finviz via finvizfinance screener views,2026-08-07T23:30:31+02:00,2026-05-14,,85,NORMAL,
ALNY,Alnylam Pharmaceuticals Inc,finviz_prefilter,eps_growth,,price_min;market_cap_min;avg_volume_min;revenue_growth;eps_growth;eps_next_year;operating_margin;earnings_window,False,"{'revenue_growth_yoy': 66.86, 'eps_growth_yoy': 3.3786, 'eps_next_year': 48.82, 'operating_margin': 20.810000000000002}",,Finviz via finvizfinance screener views,2026-08-07T23:30:31+02:00,2026-07-30,,8,PEAD_WINDOW,"{'failed_gate': 'eps_growth', 'actual_value': 3.3786, 'applicable_threshold': 20.0, 'distance_to_threshold': 16.6214, 'distance_to_threshold_pct': 83.10700000000001, 'formula': 'minimo: distance = threshold - actual; pct = distance / abs(threshold) * 100'}"
AMAT,Applied Materials Inc,finviz_prefilter,revenue_growth;earnings_window,,price_min;market_cap_min;avg_volume_min;revenue_growth;eps_growth;eps_next_year;operating_margin;earnings_window,False,"{'revenue_growth_yoy': 11.41, 'eps_growth_yoy': 33.44, 'eps_next_year': 39.2, 'operating_margin': 30.130000000000003}",,Finviz via finvizfinance screener views,2026-08-07T23:30:31+02:00,2026-08-13,6,,PRE_EARNINGS_BLACKOUT,
AMBA,Ambarella Inc,finviz_prefilter,revenue_growth;eps_growth;operating_margin,,price_min;market_cap_min;avg_volume_min;revenue_growth;eps_growth;eps_next_year;operating_margin;earnings_window,False,"{'revenue_growth_yoy': 16.869999999999997, 'eps_growth_yoy': 27.99, 'eps_next_year': 36.48, 'operating_margin': -18.48}",,Finviz via finvizfinance screener views,2026-08-07T23:30:31+02:00,2026-05-28,,71,NORMAL,
AMD,Advanced Micro Devices Inc,finviz_prefilter,eps_growth,,price_min;market_cap_min;avg_volume_min;revenue_growth;eps_growth;eps_next_year;operating_margin;earnings_window,False,"{'revenue_growth_yoy': 50.11, 'eps_growth_yoy': 1.588, 'eps_next_year': 99.04, 'operating_margin': 15.709999999999999}",,Finviz via finvizfinance screener views,2026-08-07T23:30:31+02:00,2026-08-04,,3,PEAD_WINDOW,"{'failed_gate': 'eps_growth', 'actual_value': 1.588, 'applicable_threshold': 20.0, 'distance_to_threshold': 18.412, 'distance_to_threshold_pct': 92.06, 'formula': 'minimo: distance = threshold - actual; pct = distance / abs(threshold) * 100'}"
AMGN,AMGEN Inc,finviz_prefilter,revenue_growth;eps_next_year,,price_min;market_cap_min;avg_volume_min;revenue_growth;eps_growth;eps_next_year;operating_margin;earnings_window,False,"{'revenue_growth_yoy': 9.82, 'eps_growth_yoy': 64.92999999999999, 'eps_next_year': 5.02, 'operating_margin': 33.31}",,Finviz via finvizfinance screener views,2026-08-07T23:30:31+02:00,2026-08-04,,3,PEAD_WINDOW,
AMKR,AMKOR Technology Inc,finviz_prefilter,eps_growth;eps_next_year,,price_min;market_cap_min;avg_volume_min;revenue_growth;eps_growth;eps_next_year;operating_margin;earnings_window,False,"{'revenue_growth_yoy': 25.580000000000002, 'eps_growth_yoy': 2.1653, 'eps_next_year': 8.84, 'operating_margin': 8.92}",,Finviz via finvizfinance screener views,2026-08-07T23:30:31+02:00,2026-07-27,,11,PEAD_WINDOW,
AMLX,Amylyx Pharmaceuticals Inc,finviz_prefilter,eps_next_year,revenue_growth;eps_growth;operating_margin,price_min;market_cap_min;avg_volume_min;eps_next_year;earnings_window,False,"{'revenue_growth_yoy': None, 'eps_growth_yoy': 16.0, 'eps_next_year': 7.82, 'operating_margin': None}",,Finviz via finvizfinance screener views,2026-08-07T23:30:31+02:00,2026-08-06,,1,PEAD_WINDOW,"{'failed_gate': 'eps_next_year', 'actual_value': 7.82, 'applicable_threshold': 15.0, 'distance_to_threshold': 7.18, 'distance_to_threshold_pct': 47.86666666666666, 'formula': 'minimo: distance = threshold - actual; pct = distance / abs(threshold) * 100'}"
AMRX,Amneal Pharmaceuticals Inc,finviz_prefilter,revenue_growth;eps_growth,,price_min;market_cap_min;avg_volume_min;revenue_growth;eps_growth;eps_next_year;operating_margin;earnings_window,False,"{'revenue_growth_yoy': 9.89, 'eps_growth_yoy': 1.5281, 'eps_next_year': 19.51, 'operating_margin': 15.299999999999999}",,Finviz via finvizfinance screener views,2026-08-07T23:30:31+02:00,2026-07-30,,8,PEAD_WINDOW,
AMZN,Amazon.com Inc,finviz_prefilter,revenue_growth;eps_growth;eps_next_year,,price_min;market_cap_min;avg_volume_min;revenue_growth;eps_growth;eps_next_year;operating_margin;earnings_window,False,"{'revenue_growth_yoy': 19.62, 'eps_growth_yoy': 2.4183, 'eps_next_year': -13.49, 'operating_margin': 12.68}",,Finviz via finvizfinance screener views,2026-08-07T23:30:31+02:00,2026-07-30,,8,PEAD_WINDOW,
APA,APA Corp,finviz_prefilter,revenue_growth;eps_growth;eps_next_year,,price_min;market_cap_min;avg_volume_min;revenue_growth;eps_growth;eps_next_year;operating_margin;earnings_window,False,"{'revenue_growth_yoy': 8.95, 'eps_growth_yoy': 26.33, 'eps_next_year': -31.72, 'operating_margin': 41.32}",,Finviz via finvizfinance screener views,2026-08-07T23:30:31+02:00,2026-08-05,,2,PEAD_WINDOW,
APLD,Applied Digital Corp,finviz_prefilter,revenue_growth;eps_growth;operating_margin,,price_min;market_cap_min;avg_volume_min;revenue_growth;eps_growth;eps_next_year;operating_margin;earnings_window,False,"{'revenue_growth_yoy': 5.8068, 'eps_growth_yoy': -62.41, 'eps_next_year': 74.77, 'operating_margin': -29.73}",,Finviz via finvizfinance screener views,2026-08-07T23:30:31+02:00,2026-07-27,,11,PEAD_WINDOW,
APPN,Appian Corp,finviz_prefilter,revenue_growth;eps_growth;operating_margin,,price_min;market_cap_min;avg_volume_min;revenue_growth;eps_growth;eps_next_year;operating_margin;earnings_window,False,"{'revenue_growth_yoy': 19.11, 'eps_growth_yoy': -37.5952, 'eps_next_year': 31.1, 'operating_margin': 4.37}",,Finviz via finvizfinance screener views,2026-08-07T23:30:31+02:00,2026-08-06,,1,PEAD_WINDOW,
ARCC,Ares Capital Corp,finviz_prefilter,revenue_growth;eps_growth,,price_min;market_cap_min;avg_volume_min;revenue_growth;eps_growth;eps_next_year;operating_margin;earnings_window,False,"{'revenue_growth_yoy': -7.3, 'eps_growth_yoy': -54.14, 'eps_next_year': 141.0, 'operating_margin': 58.03}",,Finviz via finvizfinance screener views,2026-08-07T23:30:31+02:00,2026-07-29,,9,PEAD_WINDOW,
ARQT,Arcutis Biotherapeutics Inc,finviz_prefilter,eps_growth;operating_margin,,price_min;market_cap_min;avg_volume_min;revenue_growth;eps_growth;eps_next_year;operating_margin;earnings_window,False,"{'revenue_growth_yoy': 59.330000000000005, 'eps_growth_yoy': 1.8825, 'eps_next_year': 171.05, 'operating_margin': 7.380000000000001}",,Finviz via finvizfinance screener views,2026-08-07T23:30:31+02:00,2026-08-05,,2,PEAD_WINDOW,
ARWR,Arrowhead Pharmaceuticals Inc,finviz_prefilter,revenue_growth;eps_growth;eps_next_year;operating_margin,,price_min;market_cap_min;avg_volume_min;revenue_growth;eps_growth;eps_next_year;operating_margin;earnings_window,False,"{'revenue_growth_yoy': 1.7102, 'eps_growth_yoy': -7.51, 'eps_next_year': -34.23, 'operating_margin': -33.82}",,Finviz via finvizfinance screener views,2026-08-07T23:30:31+02:00,2026-08-04,,3,PEAD_WINDOW,
ASO,Academy Sports and Outdoors Inc,finviz_prefilter,revenue_growth;eps_growth;eps_next_year,,price_min;market_cap_min;avg_volume_min;revenue_growth;eps_growth;eps_next_year;operating_margin;earnings_window,False,"{'revenue_growth_yoy': 6.7, 'eps_growth_yoy': 18.22, 'eps_next_year': 7.81, 'operating_margin': 8.42}",,Finviz via finvizfinance screener views,2026-08-07T23:30:31+02:00,2026-06-09,,59,NORMAL,
ASTS,AST SpaceMobile Inc,finviz_prefilter,revenue_growth;eps_growth;operating_margin;earnings_window,,price_min;market_cap_min;avg_volume_min;revenue_growth;eps_growth;eps_next_year;operating_margin;earnings_window,False,"{'revenue_growth_yoy': 19.5223, 'eps_growth_yoy': -2.2195, 'eps_next_year': 48.41, 'operating_margin': -4.4053}",,Finviz via finvizfinance screener views,2026-08-07T23:30:31+02:00,2026-08-10,3,,PRE_EARNINGS_BLACKOUT,
ATRC,Atricure Inc,finviz_prefilter,revenue_growth;eps_growth;operating_margin,,price_min;market_cap_min;avg_volume_min;revenue_growth;eps_growth;eps_next_year;operating_margin;earnings_window,False,"{'revenue_growth_yoy': 12.83, 'eps_growth_yoy': 2.4125, 'eps_next_year': 290.64, 'operating_margin': 2.44}",,Finviz via finvizfinance screener views,2026-08-07T23:30:31+02:00,2026-07-23,,15,PEAD_WINDOW,
AUGO,Aura Minerals Inc,finviz_prefilter,eps_next_year,,price_min;market_cap_min;avg_volume_min;revenue_growth;eps_growth;eps_next_year;operating_margin;earnings_window,False,"{'revenue_growth_yoy': 76.42, 'eps_growth_yoy': 22.7156, 'eps_next_year': -33.0, 'operating_margin': 53.42}",,Finviz via finvizfinance screener views,2026-08-07T23:30:31+02:00,2026-08-05,,2,PEAD_WINDOW,"{'failed_gate': 'eps_next_year', 'actual_value': -33.0, 'applicable_threshold': 15.0, 'distance_to_threshold': 48.0, 'distance_to_threshold_pct': 320.0, 'formula': 'minimo: distance = threshold - actual; pct = distance / abs(threshold) * 100'}"
AUPH,Aurinia Pharmaceuticals Inc,finviz_prefilter,revenue_growth,,price_min;market_cap_min;avg_volume_min;revenue_growth;eps_growth;eps_next_year;operating_margin;earnings_window,False,"{'revenue_growth_yoy': 18.87, 'eps_growth_yoy': 79.16, 'eps_next_year': 24.79, 'operating_margin': 45.15}",,Finviz via finvizfinance screener views,2026-08-07T23:30:31+02:00,2026-08-06,,1,PEAD_WINDOW,"{'failed_gate': 'revenue_growth', 'actual_value': 18.87, 'applicable_threshold': 20.0, 'distance_to_threshold': 1.129999999999999, 'distance_to_threshold_pct': 5.649999999999995, 'formula': 'minimo: distance = threshold - actual; pct = distance / abs(threshold) * 100'}"
AVAV,AeroVironment Inc,finviz_prefilter,operating_margin,,price_min;market_cap_min;avg_volume_min;revenue_growth;eps_growth;eps_next_year;operating_margin;earnings_window,False,"{'revenue_growth_yoy': 133.27, 'eps_growth_yoy': 112.23, 'eps_next_year': 37.62, 'operating_margin': -1.1199999999999999}",,Finviz via finvizfinance screener views,2026-08-07T23:30:31+02:00,2026-06-29,,39,NORMAL,"{'failed_gate': 'operating_margin', 'actual_value': -1.1199999999999999, 'applicable_threshold': 8.0, 'distance_to_threshold': 9.12, 'distance_to_threshold_pct': 113.99999999999999, 'formula': 'minimo: distance = threshold - actual; pct = distance / abs(threshold) * 100'}"
AVT,Avnet Inc,finviz_prefilter,eps_growth;operating_margin,,price_min;market_cap_min;avg_volume_min;revenue_growth;eps_growth;eps_next_year;operating_margin;earnings_window,False,"{'revenue_growth_yoy': 33.95, 'eps_growth_yoy': 12.4, 'eps_next_year': 22.89, 'operating_margin': 2.74}",,Finviz via finvizfinance screener views,2026-08-07T23:30:31+02:00,2026-08-05,,2,PEAD_WINDOW,
AXGN,Axogen Inc,finviz_prefilter,eps_growth;operating_margin,,price_min;market_cap_min;avg_volume_min;revenue_growth;eps_growth;eps_next_year;operating_margin;earnings_window,False,"{'revenue_growth_yoy': 23.06, 'eps_growth_yoy': -3.3471, 'eps_next_year': 54.87, 'operating_margin': -5.12}",,Finviz via finvizfinance screener views,2026-08-07T23:30:31+02:00,2026-07-29,,9,PEAD_WINDOW,
AXON,Axon Enterprise Inc,finviz_prefilter,eps_growth;operating_margin,,price_min;market_cap_min;avg_volume_min;revenue_growth;eps_growth;eps_next_year;operating_margin;earnings_window,False,"{'revenue_growth_yoy': 35.28, 'eps_growth_yoy': -19.0, 'eps_next_year': 37.93, 'operating_margin': 1.15}",,Finviz via finvizfinance screener views,2026-08-07T23:30:31+02:00,2026-08-05,,2,PEAD_WINDOW,
AXSM,Axsome Therapeutics Inc,finviz_prefilter,eps_growth;operating_margin;earnings_window,,price_min;market_cap_min;avg_volume_min;revenue_growth;eps_growth;eps_next_year;operating_margin;earnings_window,False,"{'revenue_growth_yoy': 57.42, 'eps_growth_yoy': -3.6900000000000004, 'eps_next_year': 336.82, 'operating_margin': -24.93}",,Finviz via finvizfinance screener views,2026-08-07T23:30:31+02:00,2026-08-10,3,,PRE_EARNINGS_BLACKOUT,
AXTI,AXT Inc,finviz_prefilter,revenue_growth;eps_growth;operating_margin,,price_min;market_cap_min;avg_volume_min;revenue_growth;eps_growth;eps_next_year;operating_margin;earnings_window,False,"{'revenue_growth_yoy': 1.6477, 'eps_growth_yoy': 2.0868, 'eps_next_year': 158.88, 'operating_margin': 3.09}",,Finviz via finvizfinance screener views,2026-08-07T23:30:31+02:00,2026-07-30,,8,PEAD_WINDOW,
BBIO,BridgeBio Pharma Inc,finviz_prefilter,eps_growth;operating_margin;earnings_window,,price_min;market_cap_min;avg_volume_min;revenue_growth;eps_growth;eps_next_year;operating_margin;earnings_window,False,"{'revenue_growth_yoy': 66.78, 'eps_growth_yoy': 4.35, 'eps_next_year': 125.98, 'operating_margin': -86.94}",,Finviz via finvizfinance screener views,2026-08-07T23:30:31+02:00,2026-08-10,3,,PRE_EARNINGS_BLACKOUT,
BEAM,Beam Therapeutics Inc,finviz_prefilter,revenue_growth;eps_growth;eps_next_year;operating_margin,,price_min;market_cap_min;avg_volume_min;revenue_growth;eps_growth;eps_next_year;operating_margin;earnings_window,False,"{'revenue_growth_yoy': 3.2487, 'eps_growth_yoy': 26.46, 'eps_next_year': -6.99, 'operating_margin': -2.2658}",,Finviz via finvizfinance screener views,2026-08-07T23:30:31+02:00,2026-08-04,,3,PEAD_WINDOW,
BIIB,Biogen Inc,finviz_prefilter,revenue_growth;eps_growth,,price_min;market_cap_min;avg_volume_min;revenue_growth;eps_growth;eps_next_year;operating_margin;earnings_window,False,"{'revenue_growth_yoy': 2.3800000000000003, 'eps_growth_yoy': -84.85000000000001, 'eps_next_year': 32.1, 'operating_margin': 19.5}",,Finviz via finvizfinance screener views,2026-08-07T23:30:31+02:00,2026-07-29,,9,PEAD_WINDOW,
BKNG,Booking Holdings Inc,finviz_prefilter,revenue_growth,,price_min;market_cap_min;avg_volume_min;revenue_growth;eps_growth;eps_next_year;operating_margin;earnings_window,False,"{'revenue_growth_yoy': 8.15, 'eps_growth_yoy': 130.75, 'eps_next_year': 18.53, 'operating_margin': 35.17}",,Finviz via finvizfinance screener views,2026-08-07T23:30:31+02:00,2026-08-04,,3,PEAD_WINDOW,"{'failed_gate': 'revenue_growth', 'actual_value': 8.15, 'applicable_threshold': 20.0, 'distance_to_threshold': 11.85, 'distance_to_threshold_pct': 59.25, 'formula': 'minimo: distance = threshold - actual; pct = distance / abs(threshold) * 100'}"
BKR,Baker Hughes Co,finviz_prefilter,revenue_growth;eps_growth;eps_next_year,,price_min;market_cap_min;avg_volume_min;revenue_growth;eps_growth;eps_next_year;operating_margin;earnings_window,False,"{'revenue_growth_yoy': -2.4299999999999997, 'eps_growth_yoy': -3.44, 'eps_next_year': 14.89, 'operating_margin': 12.959999999999999}",,Finviz via finvizfinance screener views,2026-08-07T23:30:31+02:00,2026-07-26,,12,PEAD_WINDOW,
BLKB,Blackbaud Inc,finviz_prefilter,revenue_growth;eps_next_year,,price_min;market_cap_min;avg_volume_min;revenue_growth;eps_growth;eps_next_year;operating_margin;earnings_window,False,"{'revenue_growth_yoy': 3.3000000000000003, 'eps_growth_yoy': 46.300000000000004, 'eps_next_year': 13.82, 'operating_margin': 20.18}",,Finviz via finvizfinance screener views,2026-08-07T23:30:31+02:00,2026-07-29,,9,PEAD_WINDOW,
BMRN,Biomarin Pharmaceutical Inc,finviz_prefilter,eps_growth,,price_min;market_cap_min;avg_volume_min;revenue_growth;eps_growth;eps_next_year;operating_margin;earnings_window,False,"{'revenue_growth_yoy': 20.41, 'eps_growth_yoy': -81.28, 'eps_next_year': 35.49, 'operating_margin': 22.400000000000002}",,Finviz via finvizfinance screener views,2026-08-07T23:30:31+02:00,2026-08-06,,1,PEAD_WINDOW,"{'failed_gate': 'eps_growth', 'actual_value': -81.28, 'applicable_threshold': 30.0, 'distance_to_threshold': 111.28, 'distance_to_threshold_pct': 370.93333333333334, 'formula': 'minimo: distance = threshold - actual; pct = distance / abs(threshold) * 100'}"
BRKR,Bruker Corp,finviz_prefilter,revenue_growth;eps_growth;eps_next_year;operating_margin,,price_min;market_cap_min;avg_volume_min;revenue_growth;eps_growth;eps_next_year;operating_margin;earnings_window,False,"{'revenue_growth_yoy': 2.75, 'eps_growth_yoy': -80.02, 'eps_next_year': 13.58, 'operating_margin': 7.08}",,Finviz via finvizfinance screener views,2026-08-07T23:30:31+02:00,2026-08-04,,3,PEAD_WINDOW,
BRZE,Braze Inc,finviz_prefilter,eps_growth;operating_margin,,price_min;market_cap_min;avg_volume_min;revenue_growth;eps_growth;eps_next_year;operating_margin;earnings_window,False,"{'revenue_growth_yoy': 30.2, 'eps_growth_yoy': 29.87, 'eps_next_year': 52.13, 'operating_margin': -16.43}",,Finviz via finvizfinance screener views,2026-08-07T23:30:31+02:00,2026-05-27,,72,NORMAL,
BSY,Bentley Systems Inc,finviz_prefilter,revenue_growth;eps_growth;eps_next_year,,price_min;market_cap_min;avg_volume_min;revenue_growth;eps_growth;eps_next_year;operating_margin;earnings_window,False,"{'revenue_growth_yoy': 12.8, 'eps_growth_yoy': 14.85, 'eps_next_year': 12.1, 'operating_margin': 24.37}",,Finviz via finvizfinance screener views,2026-08-07T23:30:31+02:00,2026-08-06,,1,PEAD_WINDOW,
BTSG,BrightSpring Health Services Inc,finviz_prefilter,eps_growth;operating_margin,,price_min;market_cap_min;avg_volume_min;revenue_growth;eps_growth;eps_next_year;operating_margin;earnings_window,False,"{'revenue_growth_yoy': 23.05, 'eps_growth_yoy': 2.0176, 'eps_next_year': 26.86, 'operating_margin': 3.6799999999999997}",,Finviz via finvizfinance screener views,2026-08-07T23:30:31+02:00,2026-07-31,,7,PEAD_WINDOW,
BUSE,First Busey Corp,finviz_prefilter,revenue_growth;eps_next_year,,price_min;market_cap_min;avg_volume_min;revenue_growth;eps_growth;eps_next_year;operating_margin;earnings_window,False,"{'revenue_growth_yoy': -6.94, 'eps_growth_yoy': 31.97, 'eps_next_year': 7.13, 'operating_margin': 27.32}",,Finviz via finvizfinance screener views,2026-08-07T23:30:31+02:00,2026-07-28,,10,PEAD_WINDOW,
BWIN,Baldwin Insurance Group Inc,finviz_prefilter,eps_growth;operating_margin,,price_min;market_cap_min;avg_volume_min;revenue_growth;eps_growth;eps_next_year;operating_margin;earnings_window,False,"{'revenue_growth_yoy': 30.130000000000003, 'eps_growth_yoy': -8.0409, 'eps_next_year': 24.84, 'operating_margin': -2.65}",,Finviz via finvizfinance screener views,2026-08-07T23:30:31+02:00,2026-07-30,,8,PEAD_WINDOW,
CAE,Cae Inc,finviz_prefilter,revenue_growth;eps_growth;earnings_window,,price_min;market_cap_min;avg_volume_min;revenue_growth;eps_growth;eps_next_year;operating_margin;earnings_window,False,"{'revenue_growth_yoy': 8.81, 'eps_growth_yoy': -44.1, 'eps_next_year': 17.45, 'operating_margin': 12.67}",,Finviz via finvizfinance screener views,2026-08-07T23:30:31+02:00,2026-08-12,5,,PRE_EARNINGS_BLACKOUT,
CAKE,Cheesecake Factory Inc,finviz_prefilter,revenue_growth;eps_growth;eps_next_year;operating_margin,,price_min;market_cap_min;avg_volume_min;revenue_growth;eps_growth;eps_next_year;operating_margin;earnings_window,False,"{'revenue_growth_yoy': 7.720000000000001, 'eps_growth_yoy': 23.78, 'eps_next_year': 10.62, 'operating_margin': 6.98}",,Finviz via finvizfinance screener views,2026-08-07T23:30:31+02:00,2026-07-28,,10,PEAD_WINDOW,
CALM,Cal-Maine Foods Inc,finviz_prefilter,revenue_growth;eps_growth,,price_min;market_cap_min;avg_volume_min;revenue_growth;eps_growth;eps_next_year;operating_margin;earnings_window,False,"{'revenue_growth_yoy': -49.93, 'eps_growth_yoy': -110.85000000000001, 'eps_next_year': 135.66, 'operating_margin': 11.790000000000001}",,Finviz via finvizfinance screener views,2026-08-07T23:30:31+02:00,2026-07-22,,16,NORMAL,
CARG,CarGurus Inc,finviz_prefilter,revenue_growth,,price_min;market_cap_min;avg_volume_min;revenue_growth;eps_growth;eps_next_year;operating_margin;earnings_window,False,"{'revenue_growth_yoy': 7.24, 'eps_growth_yoy': 142.2, 'eps_next_year': 15.38, 'operating_margin': 25.25}",,Finviz via finvizfinance screener views,2026-08-07T23:30:31+02:00,2026-08-06,,1,PEAD_WINDOW,"{'failed_gate': 'revenue_growth', 'actual_value': 7.24, 'applicable_threshold': 20.0, 'distance_to_threshold': 12.76, 'distance_to_threshold_pct': 63.800000000000004, 'formula': 'minimo: distance = threshold - actual; pct = distance / abs(threshold) * 100'}"
CART,Maplebear Inc,finviz_prefilter,revenue_growth;eps_growth,,price_min;market_cap_min;avg_volume_min;revenue_growth;eps_growth;eps_next_year;operating_margin;earnings_window,False,"{'revenue_growth_yoy': 14.11, 'eps_growth_yoy': 9.120000000000001, 'eps_next_year': 26.14, 'operating_margin': 16.68}",,Finviz via finvizfinance screener views,2026-08-07T23:30:31+02:00,2026-08-06,,1,PEAD_WINDOW,
CBRS,Cerebras Systems Inc,finviz_prefilter,operating_margin;earnings_window,,price_min;market_cap_min;avg_volume_min;revenue_growth;eps_growth;eps_next_year;operating_margin;earnings_window,False,"{'revenue_growth_yoy': 94.35, 'eps_growth_yoy': 44.269999999999996, 'eps_next_year': None, 'operating_margin': -21.93}",,Finviz via finvizfinance screener views,2026-08-07T23:30:31+02:00,2026-08-12,5,,PRE_EARNINGS_BLACKOUT,
CBSH,Commerce Bancshares Inc,finviz_prefilter,revenue_growth;eps_growth;eps_next_year,,price_min;market_cap_min;avg_volume_min;revenue_growth;eps_growth;eps_next_year;operating_margin;earnings_window,False,"{'revenue_growth_yoy': 14.280000000000001, 'eps_growth_yoy': 1.17, 'eps_next_year': 6.88, 'operating_margin': 33.739999999999995}",,Finviz via finvizfinance screener views,2026-08-07T23:30:31+02:00,2026-07-16,,22,NORMAL,
CCEP,Coca-Cola Europacific Partners Plc,finviz_prefilter,revenue_growth;eps_growth;eps_next_year,,price_min;market_cap_min;avg_volume_min;revenue_growth;eps_growth;eps_next_year;operating_margin;earnings_window,False,"{'revenue_growth_yoy': 1.72, 'eps_growth_yoy': 3.0705, 'eps_next_year': 9.36, 'operating_margin': 13.54}",,Finviz via finvizfinance screener views,2026-08-07T23:30:31+02:00,2026-08-04,,3,PEAD_WINDOW,
CDNA,Caredx Inc,finviz_prefilter,eps_growth;eps_next_year;operating_margin,,price_min;market_cap_min;avg_volume_min;revenue_growth;eps_growth;eps_next_year;operating_margin;earnings_window,False,"{'revenue_growth_yoy': 52.23, 'eps_growth_yoy': 14.1242, 'eps_next_year': 11.68, 'operating_margin': -0.4}",,Finviz via finvizfinance screener views,2026-08-07T23:30:31+02:00,2026-07-30,,8,PEAD_WINDOW,
CDW,CDW Corp,finviz_prefilter,revenue_growth;eps_growth;eps_next_year;operating_margin,,price_min;market_cap_min;avg_volume_min;revenue_growth;eps_growth;eps_next_year;operating_margin;earnings_window,False,"{'revenue_growth_yoy': 9.969999999999999, 'eps_growth_yoy': 5.1499999999999995, 'eps_next_year': 9.22, 'operating_margin': 7.17}",,Finviz via finvizfinance screener views,2026-08-07T23:30:31+02:00,2026-08-05,,2,PEAD_WINDOW,
CECO,Ceco Environmental Corp,finviz_prefilter,revenue_growth;eps_growth;operating_margin;earnings_window,,price_min;market_cap_min;avg_volume_min;revenue_growth;eps_growth;eps_next_year;operating_margin;earnings_window,False,"{'revenue_growth_yoy': 16.54, 'eps_growth_yoy': -101.14000000000001, 'eps_next_year': 56.07, 'operating_margin': 7.26}",,Finviz via finvizfinance screener views,2026-08-07T23:30:31+02:00,2026-08-10,3,,PRE_EARNINGS_BLACKOUT,
CEG,Constellation Energy Corp,finviz_prefilter,eps_growth;eps_next_year,,price_min;market_cap_min;avg_volume_min;revenue_growth;eps_growth;eps_next_year;operating_margin;earnings_window,False,"{'revenue_growth_yoy': 25.590000000000003, 'eps_growth_yoy': -46.86, 'eps_next_year': 11.89, 'operating_margin': 10.51}",,Finviz via finvizfinance screener views,2026-08-07T23:30:31+02:00,2026-08-06,,1,PEAD_WINDOW,
CELH,Celsius Holdings Inc,finviz_prefilter,revenue_growth;eps_growth,,price_min;market_cap_min;avg_volume_min;revenue_growth;eps_growth;eps_next_year;operating_margin;earnings_window,False,"{'revenue_growth_yoy': 10.639999999999999, 'eps_growth_yoy': -57.52, 'eps_next_year': 21.0, 'operating_margin': 16.55}",,Finviz via finvizfinance screener views,2026-08-07T23:30:31+02:00,2026-08-06,,1,PEAD_WINDOW,
CENX,Century Aluminum Co,finviz_prefilter,revenue_growth;eps_next_year,,price_min;market_cap_min;avg_volume_min;revenue_growth;eps_growth;eps_next_year;operating_margin;earnings_window,False,"{'revenue_growth_yoy': 19.74, 'eps_growth_yoy': 49.3874, 'eps_next_year': 13.08, 'operating_margin': 8.09}",,Finviz via finvizfinance screener views,2026-08-07T23:30:31+02:00,2026-08-06,,1,PEAD_WINDOW,
CG,Carlyle Group Inc,finviz_prefilter,revenue_growth;eps_growth,,price_min;market_cap_min;avg_volume_min;revenue_growth;eps_growth;eps_next_year;operating_margin;earnings_window,False,"{'revenue_growth_yoy': -27.72, 'eps_growth_yoy': -57.53, 'eps_next_year': 41.82, 'operating_margin': 15.25}",,Finviz via finvizfinance screener views,2026-08-07T23:30:31+02:00,2026-08-05,,2,PEAD_WINDOW,
CGNX,Cognex Corp,finviz_prefilter,revenue_growth,,price_min;market_cap_min;avg_volume_min;revenue_growth;eps_growth;eps_next_year;operating_margin;earnings_window,False,"{'revenue_growth_yoy': 16.93, 'eps_growth_yoy': 78.11, 'eps_next_year': 18.9, 'operating_margin': 21.9}",,Finviz via finvizfinance screener views,2026-08-07T23:30:31+02:00,2026-08-05,,2,PEAD_WINDOW,"{'failed_gate': 'revenue_growth', 'actual_value': 16.93, 'applicable_threshold': 20.0, 'distance_to_threshold': 3.0700000000000003, 'distance_to_threshold_pct': 15.350000000000003, 'formula': 'minimo: distance = threshold - actual; pct = distance / abs(threshold) * 100'}"
CGON,Cg Oncology Inc,finviz_prefilter,eps_next_year;operating_margin,revenue_growth;eps_growth,price_min;market_cap_min;avg_volume_min;eps_next_year;operating_margin;earnings_window,False,"{'revenue_growth_yoy': None, 'eps_growth_yoy': -64.91, 'eps_next_year': 7.49, 'operating_margin': -40.5618}",,Finviz via finvizfinance screener views,2026-08-07T23:30:31+02:00,2026-08-06,,1,PEAD_WINDOW,
CHDN,Churchill Downs Inc,finviz_prefilter,revenue_growth;eps_growth;eps_next_year,,price_min;market_cap_min;avg_volume_min;revenue_growth;eps_growth;eps_next_year;operating_margin;earnings_window,False,"{'revenue_growth_yoy': 4.88, 'eps_growth_yoy': 14.499999999999998, 'eps_next_year': 6.55, 'operating_margin': 25.81}",,Finviz via finvizfinance screener views,2026-08-07T23:30:31+02:00,2026-07-29,,9,PEAD_WINDOW,
CHKP,Check Point Software Technologies Ltd,finviz_prefilter,revenue_growth;eps_growth;eps_next_year,,price_min;market_cap_min;avg_volume_min;revenue_growth;eps_growth;eps_next_year;operating_margin;earnings_window,False,"{'revenue_growth_yoy': 1.26, 'eps_growth_yoy': 1.9300000000000002, 'eps_next_year': 8.14, 'operating_margin': 29.020000000000003}",,Finviz via finvizfinance screener views,2026-08-07T23:30:31+02:00,2026-07-30,,8,PEAD_WINDOW,
CHRD,Chord Energy Corp,finviz_prefilter,eps_growth;eps_next_year,,price_min;market_cap_min;avg_volume_min;revenue_growth;eps_growth;eps_next_year;operating_margin;earnings_window,False,"{'revenue_growth_yoy': 84.04, 'eps_growth_yoy': 2.3705, 'eps_next_year': -29.44, 'operating_margin': 18.93}",,Finviz via finvizfinance screener views,2026-08-07T23:30:31+02:00,2026-08-05,,2,PEAD_WINDOW,
CHRW,C.H. Robinson Worldwide Inc,finviz_prefilter,revenue_growth;eps_growth;operating_margin,,price_min;market_cap_min;avg_volume_min;revenue_growth;eps_growth;eps_next_year;operating_margin;earnings_window,False,"{'revenue_growth_yoy': 19.28, 'eps_growth_yoy': 23.810000000000002, 'eps_next_year': 20.74, 'operating_margin': 4.91}",,Finviz via finvizfinance screener views,2026-08-07T23:30:31+02:00,2026-07-29,,9,PEAD_WINDOW,
CHTR,Charter Communications Inc,finviz_prefilter,revenue_growth;eps_growth;eps_next_year,,price_min;market_cap_min;avg_volume_min;revenue_growth;eps_growth;eps_next_year;operating_margin;earnings_window,False,"{'revenue_growth_yoy': -1.7399999999999998, 'eps_growth_yoy': 16.04, 'eps_next_year': 9.59, 'operating_margin': 23.98}",,Finviz via finvizfinance screener views,2026-08-07T23:30:31+02:00,2026-07-24,,14,PEAD_WINDOW,
CHYM,Chime Financial Inc,finviz_prefilter,operating_margin,,price_min;market_cap_min;avg_volume_min;revenue_growth;eps_growth;eps_next_year;operating_margin;earnings_window,False,"{'revenue_growth_yoy': 28.389999999999997, 'eps_growth_yoy': 102.84, 'eps_next_year': 110.28, 'operating_margin': -0.79}",,Finviz via finvizfinance screener views,2026-08-07T23:30:31+02:00,2026-08-05,,2,PEAD_WINDOW,"{'failed_gate': 'operating_margin', 'actual_value': -0.79, 'applicable_threshold': 8.0, 'distance_to_threshold': 8.79, 'distance_to_threshold_pct': 109.87499999999999, 'formula': 'minimo: distance = threshold - actual; pct = distance / abs(threshold) * 100'}"
CIFR,Cipher Digital Inc,finviz_prefilter,operating_margin,revenue_growth;eps_growth,price_min;market_cap_min;avg_volume_min;eps_next_year;operating_margin;earnings_window,False,"{'revenue_growth_yoy': None, 'eps_growth_yoy': None, 'eps_next_year': 77.29, 'operating_margin': -89.47}",,Finviz via finvizfinance screener views,2026-08-07T23:30:31+02:00,2026-08-04,,3,PEAD_WINDOW,"{'failed_gate': 'operating_margin', 'actual_value': -89.47, 'applicable_threshold': 8.0, 'distance_to_threshold': 97.47, 'distance_to_threshold_pct': 1218.375, 'formula': 'minimo: distance = threshold - actual; pct = distance / abs(threshold) * 100'}"
CINF,Cincinnati Financial Corp,finviz_prefilter,eps_next_year,,price_min;market_cap_min;avg_volume_min;revenue_growth;eps_growth;eps_next_year;operating_margin;earnings_window,False,"{'revenue_growth_yoy': 31.59, 'eps_growth_yoy': 85.68, 'eps_next_year': 7.2, 'operating_margin': 30.159999999999997}",,Finviz via finvizfinance screener views,2026-08-07T23:30:31+02:00,2026-07-27,,11,PEAD_WINDOW,"{'failed_gate': 'eps_next_year', 'actual_value': 7.2, 'applicable_threshold': 15.0, 'distance_to_threshold': 7.8, 'distance_to_threshold_pct': 52.0, 'formula': 'minimo: distance = threshold - actual; pct = distance / abs(threshold) * 100'}"
CLBT,Cellebrite DI Ltd,finviz_prefilter,revenue_growth;eps_growth;earnings_window,,price_min;market_cap_min;avg_volume_min;revenue_growth;eps_growth;eps_next_year;operating_margin;earnings_window,False,"{'revenue_growth_yoy': 19.3, 'eps_growth_yoy': -37.82, 'eps_next_year': 34.67, 'operating_margin': 13.55}",,Finviz via finvizfinance screener views,2026-08-07T23:30:31+02:00,2026-08-13,6,,PRE_EARNINGS_BLACKOUT,
CLDX,Celldex Therapeutics Inc,finviz_prefilter,revenue_growth;eps_growth;eps_next_year;operating_margin,,price_min;market_cap_min;avg_volume_min;revenue_growth;eps_growth;eps_next_year;operating_margin;earnings_window,False,"{'revenue_growth_yoy': -96.99, 'eps_growth_yoy': -10.77, 'eps_next_year': -92.0, 'operating_margin': -356.8845}",,Finviz via finvizfinance screener views,2026-08-07T23:30:31+02:00,2026-08-06,,1,PEAD_WINDOW,
CLMT,Calumet Inc,finviz_prefilter,revenue_growth;eps_growth;operating_margin;earnings_window,,price_min;market_cap_min;avg_volume_min;revenue_growth;eps_growth;eps_next_year;operating_margin;earnings_window,False,"{'revenue_growth_yoy': 3.5999999999999996, 'eps_growth_yoy': -94.39999999999999, 'eps_next_year': 159.11, 'operating_margin': -0.15}",,Finviz via finvizfinance screener views,2026-08-07T23:30:31+02:00,2026-08-07,0,,PRE_EARNINGS_BLACKOUT,
CMCSA,Comcast Corp,finviz_prefilter,revenue_growth;eps_growth;eps_next_year,,price_min;market_cap_min;avg_volume_min;revenue_growth;eps_growth;eps_next_year;operating_margin;earnings_window,False,"{'revenue_growth_yoy': -1.23, 'eps_growth_yoy': -66.9, 'eps_next_year': 3.17, 'operating_margin': 14.85}",,Finviz via finvizfinance screener views,2026-08-07T23:30:31+02:00,2026-07-23,,15,PEAD_WINDOW,
CME,CME Group Inc,finviz_prefilter,revenue_growth;eps_growth;eps_next_year,,price_min;market_cap_min;avg_volume_min;revenue_growth;eps_growth;eps_next_year;operating_margin;earnings_window,False,"{'revenue_growth_yoy': 0.84, 'eps_growth_yoy': 2.6599999999999997, 'eps_next_year': 5.41, 'operating_margin': 65.10000000000001}",,Finviz via finvizfinance screener views,2026-08-07T23:30:31+02:00,2026-07-22,,16,NORMAL,
COCO,Vita Coco Company Inc,finviz_prefilter,eps_next_year,,price_min;market_cap_min;avg_volume_min;revenue_growth;eps_growth;eps_next_year;operating_margin;earnings_window,False,"{'revenue_growth_yoy': 28.08, 'eps_growth_yoy': 112.29, 'eps_next_year': 12.67, 'operating_margin': 19.1}",,Finviz via finvizfinance screener views,2026-08-07T23:30:31+02:00,2026-07-23,,15,PEAD_WINDOW,"{'failed_gate': 'eps_next_year', 'actual_value': 12.67, 'applicable_threshold': 15.0, 'distance_to_threshold': 2.33, 'distance_to_threshold_pct': 15.533333333333335, 'formula': 'minimo: distance = threshold - actual; pct = distance / abs(threshold) * 100'}"
COHU,Cohu Inc,finviz_prefilter,operating_margin,,price_min;market_cap_min;avg_volume_min;revenue_growth;eps_growth;eps_next_year;operating_margin;earnings_window,False,"{'revenue_growth_yoy': 38.37, 'eps_growth_yoy': 99.06, 'eps_next_year': 94.34, 'operating_margin': -6.38}",,Finviz via finvizfinance screener views,2026-08-07T23:30:31+02:00,2026-07-30,,8,PEAD_WINDOW,"{'failed_gate': 'operating_margin', 'actual_value': -6.38, 'applicable_threshold': 8.0, 'distance_to_threshold': 14.379999999999999, 'distance_to_threshold_pct': 179.75, 'formula': 'minimo: distance = threshold - actual; pct = distance / abs(threshold) * 100'}"
COIN,Coinbase Global Inc,finviz_prefilter,revenue_growth;eps_growth;operating_margin,,price_min;market_cap_min;avg_volume_min;revenue_growth;eps_growth;eps_next_year;operating_margin;earnings_window,False,"{'revenue_growth_yoy': -61.1, 'eps_growth_yoy': -126.57000000000001, 'eps_next_year': 229.19, 'operating_margin': -37.56}",,Finviz via finvizfinance screener views,2026-08-07T23:30:31+02:00,2026-07-30,,8,PEAD_WINDOW,
COLB,Columbia Banking System Inc,finviz_prefilter,eps_growth;eps_next_year,,price_min;market_cap_min;avg_volume_min;revenue_growth;eps_growth;eps_next_year;operating_margin;earnings_window,False,"{'revenue_growth_yoy': 21.959999999999997, 'eps_growth_yoy': 0.03, 'eps_next_year': 8.65, 'operating_margin': 30.620000000000005}",,Finviz via finvizfinance screener views,2026-08-07T23:30:31+02:00,2026-07-23,,15,PEAD_WINDOW,
COO,Cooper Companies Inc,finviz_prefilter,revenue_growth;eps_growth;eps_next_year,,price_min;market_cap_min;avg_volume_min;revenue_growth;eps_growth;eps_next_year;operating_margin;earnings_window,False,"{'revenue_growth_yoy': 7.9, 'eps_growth_yoy': -1.9142, 'eps_next_year': 8.11, 'operating_margin': 18.19}",,Finviz via finvizfinance screener views,2026-08-07T23:30:31+02:00,2026-06-04,,64,NORMAL,
CORT,Corcept Therapeutics Inc,finviz_prefilter,eps_growth;operating_margin,,price_min;market_cap_min;avg_volume_min;revenue_growth;eps_growth;eps_next_year;operating_margin;earnings_window,False,"{'revenue_growth_yoy': 31.740000000000002, 'eps_growth_yoy': 23.91, 'eps_next_year': 85.37, 'operating_margin': 0.77}",,Finviz via finvizfinance screener views,2026-08-07T23:30:31+02:00,2026-07-29,,9,PEAD_WINDOW,
CORZ,Core Scientific Inc,finviz_prefilter,eps_growth;operating_margin,,price_min;market_cap_min;avg_volume_min;revenue_growth;eps_growth;eps_next_year;operating_margin;earnings_window,False,"{'revenue_growth_yoy': 108.83, 'eps_growth_yoy': -78.6882, 'eps_next_year': 106.57, 'operating_margin': -30.620000000000005}",,Finviz via finvizfinance screener views,2026-08-07T23:30:31+02:00,2026-07-28,,10,PEAD_WINDOW,
COST,Costco Wholesale Corp,finviz_prefilter,revenue_growth;eps_growth;eps_next_year;operating_margin,,price_min;market_cap_min;avg_volume_min;revenue_growth;eps_growth;eps_next_year;operating_margin;earnings_window,False,"{'revenue_growth_yoy': 11.58, 'eps_growth_yoy': 15.27, 'eps_next_year': 10.52, 'operating_margin': 3.82}",,Finviz via finvizfinance screener views,2026-08-07T23:30:31+02:00,2026-05-28,,71,NORMAL,
CPB,Campbells Co,finviz_prefilter,revenue_growth;eps_next_year,,price_min;market_cap_min;avg_volume_min;revenue_growth;eps_growth;eps_next_year;operating_margin;earnings_window,False,"{'revenue_growth_yoy': -4.3999999999999995, 'eps_growth_yoy': 87.9, 'eps_next_year': -12.66, 'operating_margin': 11.95}",,Finviz via finvizfinance screener views,2026-08-07T23:30:31+02:00,2026-06-08,,60,NORMAL,
CPRT,Copart Inc,finviz_prefilter,revenue_growth;eps_growth;eps_next_year,,price_min;market_cap_min;avg_volume_min;revenue_growth;eps_growth;eps_next_year;operating_margin;earnings_window,False,"{'revenue_growth_yoy': 2.09, 'eps_growth_yoy': 2.67, 'eps_next_year': 5.69, 'operating_margin': 36.57}",,Finviz via finvizfinance screener views,2026-08-07T23:30:31+02:00,2026-05-21,,78,NORMAL,
CRDO,Credo Technology Group Holding Ltd,finviz_prefilter,revenue_growth;eps_growth,,price_min;market_cap_min;avg_volume_min;revenue_growth;eps_growth;eps_next_year;operating_margin;earnings_window,False,"{'revenue_growth_yoy': 1.5702, 'eps_growth_yoy': 3.3683, 'eps_next_year': 47.81, 'operating_margin': 34.03}",,Finviz via finvizfinance screener views,2026-08-07T23:30:31+02:00,2026-06-01,,67,NORMAL,
CRNX,Crinetics Pharmaceuticals Inc,finviz_prefilter,eps_growth;eps_next_year;operating_margin,,price_min;market_cap_min;avg_volume_min;revenue_growth;eps_growth;eps_next_year;operating_margin;earnings_window,False,"{'revenue_growth_yoy': 23.3628, 'eps_growth_yoy': 7.140000000000001, 'eps_next_year': 13.21, 'operating_margin': -13.0252}",,Finviz via finvizfinance screener views,2026-08-07T23:30:31+02:00,2026-08-03,,4,PEAD_WINDOW,
CROX,Crocs Inc,finviz_prefilter,revenue_growth;eps_next_year,,price_min;market_cap_min;avg_volume_min;revenue_growth;eps_growth;eps_next_year;operating_margin;earnings_window,False,"{'revenue_growth_yoy': 2.62, 'eps_growth_yoy': 146.78, 'eps_next_year': 7.18, 'operating_margin': 20.810000000000002}",,Finviz via finvizfinance screener views,2026-08-07T23:30:31+02:00,2026-07-30,,8,PEAD_WINDOW,
CRSP,CRISPR Therapeutics AG,finviz_prefilter,revenue_growth;operating_margin,,price_min;market_cap_min;avg_volume_min;revenue_growth;eps_growth;eps_next_year;operating_margin;earnings_window,False,"{'revenue_growth_yoy': 10.4137, 'eps_growth_yoy': 60.57, 'eps_next_year': 26.04, 'operating_margin': -39.7153}",,Finviz via finvizfinance screener views,2026-08-07T23:30:31+02:00,2026-08-03,,4,PEAD_WINDOW,
CRWD,Crowdstrike Holdings Inc,finviz_prefilter,operating_margin,,price_min;market_cap_min;avg_volume_min;revenue_growth;eps_growth;eps_next_year;operating_margin;earnings_window,False,"{'revenue_growth_yoy': 25.569999999999997, 'eps_growth_yoy': 124.25999999999999, 'eps_next_year': 26.46, 'operating_margin': -2.15}",,Finviz via finvizfinance screener views,2026-08-07T23:30:31+02:00,2026-06-03,,65,NORMAL,"{'failed_gate': 'operating_margin', 'actual_value': -2.15, 'applicable_threshold': 8.0, 'distance_to_threshold': 10.15, 'distance_to_threshold_pct': 126.875, 'formula': 'minimo: distance = threshold - actual; pct = distance / abs(threshold) * 100'}"
CRWV,CoreWeave Inc,finviz_prefilter,eps_growth;operating_margin;earnings_window,,price_min;market_cap_min;avg_volume_min;revenue_growth;eps_growth;eps_next_year;operating_margin;earnings_window,False,"{'revenue_growth_yoy': 111.69, 'eps_growth_yoy': -76.42999999999999, 'eps_next_year': 65.8, 'operating_margin': -2.6}",,Finviz via finvizfinance screener views,2026-08-07T23:30:31+02:00,2026-08-11,4,,PRE_EARNINGS_BLACKOUT,
CSCO,Cisco Systems Inc,finviz_prefilter,revenue_growth;eps_next_year;earnings_window,,price_min;market_cap_min;avg_volume_min;revenue_growth;eps_growth;eps_next_year;operating_margin;earnings_window,False,"{'revenue_growth_yoy': 11.959999999999999, 'eps_growth_yoy': 36.1, 'eps_next_year': 12.05, 'operating_margin': 23.94}",,Finviz via finvizfinance screener views,2026-08-07T23:30:31+02:00,2026-08-12,5,,PRE_EARNINGS_BLACKOUT,
CSGP,Costar Group Inc,finviz_prefilter,revenue_growth;eps_growth;operating_margin,,price_min;market_cap_min;avg_volume_min;revenue_growth;eps_growth;eps_next_year;operating_margin;earnings_window,False,"{'revenue_growth_yoy': 18.39, 'eps_growth_yoy': 8.3151, 'eps_next_year': 25.4, 'operating_margin': 2.4299999999999997}",,Finviz via finvizfinance screener views,2026-08-07T23:30:31+02:00,2026-07-28,,10,PEAD_WINDOW,
CSX,CSX Corp,finviz_prefilter,revenue_growth;eps_growth;eps_next_year,,price_min;market_cap_min;avg_volume_min;revenue_growth;eps_growth;eps_next_year;operating_margin;earnings_window,False,"{'revenue_growth_yoy': 10.100000000000001, 'eps_growth_yoy': 21.78, 'eps_next_year': 13.33, 'operating_margin': 35.27}",,Finviz via finvizfinance screener views,2026-08-07T23:30:31+02:00,2026-07-22,,16,NORMAL,
CTAS,Cintas Corp,finviz_prefilter,revenue_growth;eps_growth;eps_next_year,,price_min;market_cap_min;avg_volume_min;revenue_growth;eps_growth;eps_next_year;operating_margin;earnings_window,False,"{'revenue_growth_yoy': 8.9, 'eps_growth_yoy': 15.559999999999999, 'eps_next_year': 11.39, 'operating_margin': 23.26}",,Finviz via finvizfinance screener views,2026-08-07T23:30:31+02:00,2026-07-15,,23,NORMAL,
CTSH,Cognizant Technology Solutions Corp,finviz_prefilter,revenue_growth;eps_growth;eps_next_year,,price_min;market_cap_min;avg_volume_min;revenue_growth;eps_growth;eps_next_year;operating_margin;earnings_window,False,"{'revenue_growth_yoy': 4.5, 'eps_growth_yoy': 4.1000000000000005, 'eps_next_year': 9.81, 'operating_margin': 16.11}",,Finviz via finvizfinance screener views,2026-08-07T23:30:31+02:00,2026-07-29,,9,PEAD_WINDOW,
CVBF,CVB Financial Corp,finviz_prefilter,eps_growth,,price_min;market_cap_min;avg_volume_min;revenue_growth;eps_growth;eps_next_year;operating_margin;earnings_window,False,"{'revenue_growth_yoy': 37.86, 'eps_growth_yoy': -21.14, 'eps_next_year': 31.52, 'operating_margin': 43.64}",,Finviz via finvizfinance screener views,2026-08-07T23:30:31+02:00,2026-07-22,,16,NORMAL,"{'failed_gate': 'eps_growth', 'actual_value': -21.14, 'applicable_threshold': 30.0, 'distance_to_threshold': 51.14, 'distance_to_threshold_pct': 170.46666666666667, 'formula': 'minimo: distance = threshold - actual; pct = distance / abs(threshold) * 100'}"
CVLT,Commvault Systems Inc,finviz_prefilter,revenue_growth;eps_growth;eps_next_year,,price_min;market_cap_min;avg_volume_min;revenue_growth;eps_growth;eps_next_year;operating_margin;earnings_window,False,"{'revenue_growth_yoy': 11.4, 'eps_growth_yoy': -2.7, 'eps_next_year': 14.02, 'operating_margin': 9.01}",,Finviz via finvizfinance screener views,2026-08-07T23:30:31+02:00,2026-07-28,,10,PEAD_WINDOW,
CYTK,Cytokinetics Inc,finviz_prefilter,revenue_growth;eps_growth;operating_margin,,price_min;market_cap_min;avg_volume_min;revenue_growth;eps_growth;eps_next_year;operating_margin;earnings_window,False,"{'revenue_growth_yoy': -57.13, 'eps_growth_yoy': -33.78, 'eps_next_year': 26.92, 'operating_margin': -10.4612}",,Finviz via finvizfinance screener views,2026-08-07T23:30:31+02:00,2026-08-06,,1,PEAD_WINDOW,
CZR,Caesars Entertainment Inc,finviz_prefilter,revenue_growth;eps_growth,,price_min;market_cap_min;avg_volume_min;revenue_growth;eps_growth;eps_next_year;operating_margin;earnings_window,False,"{'revenue_growth_yoy': 2.96, 'eps_growth_yoy': 22.53, 'eps_next_year': 114.56, 'operating_margin': 17.69}",,Finviz via finvizfinance screener views,2026-08-07T23:30:31+02:00,2026-07-28,,10,PEAD_WINDOW,
DASH,DoorDash Inc,finviz_prefilter,eps_growth;operating_margin,,price_min;market_cap_min;avg_volume_min;revenue_growth;eps_growth;eps_next_year;operating_margin;earnings_window,False,"{'revenue_growth_yoy': 35.63, 'eps_growth_yoy': -29.98, 'eps_next_year': 73.58, 'operating_margin': 5.46}",,Finviz via finvizfinance screener views,2026-08-07T23:30:31+02:00,2026-08-05,,2,PEAD_WINDOW,
DBX,Dropbox Inc,finviz_prefilter,revenue_growth;eps_growth;eps_next_year,,price_min;market_cap_min;avg_volume_min;revenue_growth;eps_growth;eps_next_year;operating_margin;earnings_window,False,"{'revenue_growth_yoy': 0.9299999999999999, 'eps_growth_yoy': -7.470000000000001, 'eps_next_year': 9.49, 'operating_margin': 26.61}",,Finviz via finvizfinance screener views,2026-08-07T23:30:31+02:00,2026-08-06,,1,PEAD_WINDOW,
DDOG,Datadog Inc,finviz_prefilter,eps_growth;operating_margin,,price_min;market_cap_min;avg_volume_min;revenue_growth;eps_growth;eps_next_year;operating_margin;earnings_window,False,"{'revenue_growth_yoy': 35.64, 'eps_growth_yoy': 15.2297, 'eps_next_year': 17.25, 'operating_margin': 0.43}",,Finviz via finvizfinance screener views,2026-08-07T23:30:31+02:00,2026-08-06,,1,PEAD_WINDOW,
DKNG,DraftKings Inc,finviz_prefilter,revenue_growth;eps_growth;operating_margin,,price_min;market_cap_min;avg_volume_min;revenue_growth;eps_growth;eps_next_year;operating_margin;earnings_window,False,"{'revenue_growth_yoy': -4.58, 'eps_growth_yoy': -145.99, 'eps_next_year': 455.38, 'operating_margin': -2.83}",,Finviz via finvizfinance screener views,2026-08-07T23:30:31+02:00,2026-08-06,,1,PEAD_WINDOW,
DLTR,Dollar Tree Inc,finviz_prefilter,revenue_growth;eps_growth;eps_next_year,,price_min;market_cap_min;avg_volume_min;revenue_growth;eps_growth;eps_next_year;operating_margin;earnings_window,False,"{'revenue_growth_yoy': 7.24, 'eps_growth_yoy': 9.59, 'eps_next_year': 10.18, 'operating_margin': 8.44}",,Finviz via finvizfinance screener views,2026-08-07T23:30:31+02:00,2026-05-28,,71,NORMAL,
DNLI,Denali Therapeutics Inc,finviz_prefilter,eps_next_year;operating_margin,revenue_growth;eps_growth,price_min;market_cap_min;avg_volume_min;eps_next_year;operating_margin;earnings_window,False,"{'revenue_growth_yoy': None, 'eps_growth_yoy': 5.93, 'eps_next_year': -2.88, 'operating_margin': -150.5819}",,Finviz via finvizfinance screener views,2026-08-07T23:30:31+02:00,2026-08-06,,1,PEAD_WINDOW,
DNTH,Dianthus Therapeutics Inc,finviz_prefilter,revenue_growth;eps_growth;eps_next_year;operating_margin,,price_min;market_cap_min;avg_volume_min;revenue_growth;eps_growth;eps_next_year;operating_margin;earnings_window,False,"{'revenue_growth_yoy': 2.943, 'eps_growth_yoy': -1.51, 'eps_next_year': -21.6, 'operating_margin': -114.4139}",,Finviz via finvizfinance screener views,2026-08-07T23:30:31+02:00,2026-08-04,,3,PEAD_WINDOW,
DOCU,DocuSign Inc,finviz_prefilter,revenue_growth;eps_growth;eps_next_year,,price_min;market_cap_min;avg_volume_min;revenue_growth;eps_growth;eps_next_year;operating_margin;earnings_window,False,"{'revenue_growth_yoy': 8.72, 'eps_growth_yoy': 17.51, 'eps_next_year': 12.57, 'operating_margin': 10.639999999999999}",,Finviz via finvizfinance screener views,2026-08-07T23:30:31+02:00,2026-06-04,,64,NORMAL,
DOX,Amdocs Ltd,finviz_prefilter,revenue_growth;eps_growth;eps_next_year,,price_min;market_cap_min;avg_volume_min;revenue_growth;eps_growth;eps_next_year;operating_margin;earnings_window,False,"{'revenue_growth_yoy': 2.6599999999999997, 'eps_growth_yoy': -57.53, 'eps_next_year': 8.06, 'operating_margin': 17.26}",,Finviz via finvizfinance screener views,2026-08-07T23:30:31+02:00,2026-08-05,,2,PEAD_WINDOW,
DPZ,Dominos Pizza Inc,finviz_prefilter,revenue_growth;eps_growth;eps_next_year,,price_min;market_cap_min;avg_volume_min;revenue_growth;eps_growth;eps_next_year;operating_margin;earnings_window,False,"{'revenue_growth_yoy': 4.3, 'eps_growth_yoy': 6.92, 'eps_next_year': 9.9, 'operating_margin': 19.3}",,Finviz via finvizfinance screener views,2026-08-07T23:30:31+02:00,2026-07-20,,18,NORMAL,
DRS,Leonardo DRS Inc,finviz_prefilter,revenue_growth;eps_next_year,,price_min;market_cap_min;avg_volume_min;revenue_growth;eps_growth;eps_next_year;operating_margin;earnings_window,False,"{'revenue_growth_yoy': 10.13, 'eps_growth_yoy': 59.34, 'eps_next_year': 6.72, 'operating_margin': 10.56}",,Finviz via finvizfinance screener views,2026-08-07T23:30:31+02:00,2026-07-30,,8,PEAD_WINDOW,
DUOL,Duolingo Inc,finviz_prefilter,revenue_growth;eps_growth,,price_min;market_cap_min;avg_volume_min;revenue_growth;eps_growth;eps_next_year;operating_margin;earnings_window,False,"{'revenue_growth_yoy': 18.310000000000002, 'eps_growth_yoy': -27.49, 'eps_next_year': 19.43, 'operating_margin': 14.21}",,Finviz via finvizfinance screener views,2026-08-07T23:30:31+02:00,2026-08-05,,2,PEAD_WINDOW,
DXCM,Dexcom Inc,finviz_prefilter,revenue_growth,,price_min;market_cap_min;avg_volume_min;revenue_growth;eps_growth;eps_next_year;operating_margin;earnings_window,False,"{'revenue_growth_yoy': 13.08, 'eps_growth_yoy': 43.63, 'eps_next_year': 17.09, 'operating_margin': 22.919999999999998}",,Finviz via finvizfinance screener views,2026-08-07T23:30:31+02:00,2026-07-30,,8,PEAD_WINDOW,"{'failed_gate': 'revenue_growth', 'actual_value': 13.08, 'applicable_threshold': 20.0, 'distance_to_threshold': 6.92, 'distance_to_threshold_pct': 34.599999999999994, 'formula': 'minimo: distance = threshold - actual; pct = distance / abs(threshold) * 100'}"
EA,Electronic Arts Inc,finviz_prefilter,eps_next_year,,price_min;market_cap_min;avg_volume_min;revenue_growth;eps_growth;eps_next_year;operating_margin;earnings_window,False,"{'revenue_growth_yoy': 20.080000000000002, 'eps_growth_yoy': 97.52, 'eps_next_year': 10.97, 'operating_margin': 18.56}",,Finviz via finvizfinance screener views,2026-08-07T23:30:31+02:00,2026-07-29,,9,PEAD_WINDOW,"{'failed_gate': 'eps_next_year', 'actual_value': 10.97, 'applicable_threshold': 15.0, 'distance_to_threshold': 4.029999999999999, 'distance_to_threshold_pct': 26.86666666666666, 'formula': 'minimo: distance = threshold - actual; pct = distance / abs(threshold) * 100'}"
EBAY,EBay Inc,finviz_prefilter,revenue_growth;eps_next_year,,price_min;market_cap_min;avg_volume_min;revenue_growth;eps_growth;eps_next_year;operating_margin;earnings_window,False,"{'revenue_growth_yoy': 14.37, 'eps_growth_yoy': 54.379999999999995, 'eps_next_year': 9.85, 'operating_margin': 21.44}",,Finviz via finvizfinance screener views,2026-08-07T23:30:31+02:00,2026-08-05,,2,PEAD_WINDOW,
EBC,Eastern Bankshares Inc,finviz_prefilter,eps_growth;eps_next_year,,price_min;market_cap_min;avg_volume_min;revenue_growth;eps_growth;eps_next_year;operating_margin;earnings_window,False,"{'revenue_growth_yoy': 26.31, 'eps_growth_yoy': -4.71, 'eps_next_year': 13.87, 'operating_margin': 26.919999999999998}",,Finviz via finvizfinance screener views,2026-08-07T23:30:31+02:00,2026-07-23,,15,PEAD_WINDOW,
ECHO,EchoStar Corp,finviz_prefilter,revenue_growth;eps_growth;eps_next_year;operating_margin,,price_min;market_cap_min;avg_volume_min;revenue_growth;eps_growth;eps_next_year;operating_margin;earnings_window,False,"{'revenue_growth_yoy': -3.9899999999999998, 'eps_growth_yoy': 23.649, 'eps_next_year': -86.58, 'operating_margin': 7.1499999999999995}",,Finviz via finvizfinance screener views,2026-08-07T23:30:31+02:00,2026-08-03,,4,PEAD_WINDOW,
ENPH,Enphase Energy Inc,finviz_prefilter,revenue_growth;eps_growth;eps_next_year,,price_min;market_cap_min;avg_volume_min;revenue_growth;eps_growth;eps_next_year;operating_margin;earnings_window,False,"{'revenue_growth_yoy': -19.63, 'eps_growth_yoy': -2.55, 'eps_next_year': 9.81, 'operating_margin': 25.629999999999995}",,Finviz via finvizfinance screener views,2026-08-07T23:30:31+02:00,2026-07-28,,10,PEAD_WINDOW,
ENSG,Ensign Group Inc,finviz_prefilter,revenue_growth;eps_growth;eps_next_year,,price_min;market_cap_min;avg_volume_min;revenue_growth;eps_growth;eps_next_year;operating_margin;earnings_window,False,"{'revenue_growth_yoy': 17.330000000000002, 'eps_growth_yoy': 16.43, 'eps_next_year': 9.73, 'operating_margin': 8.780000000000001}",,Finviz via finvizfinance screener views,2026-08-07T23:30:31+02:00,2026-07-27,,11,PEAD_WINDOW,
ENTG,Entegris Inc,finviz_prefilter,revenue_growth,,price_min;market_cap_min;avg_volume_min;revenue_growth;eps_growth;eps_next_year;operating_margin;earnings_window,False,"{'revenue_growth_yoy': 5.01, 'eps_growth_yoy': 45.12, 'eps_next_year': 29.28, 'operating_margin': 16.0}",,Finviz via finvizfinance screener views,2026-08-07T23:30:31+02:00,2026-08-04,,3,PEAD_WINDOW,"{'failed_gate': 'revenue_growth', 'actual_value': 5.01, 'applicable_threshold': 20.0, 'distance_to_threshold': 14.99, 'distance_to_threshold_pct': 74.95, 'formula': 'minimo: distance = threshold - actual; pct = distance / abs(threshold) * 100'}"
EQPT,Equipmentshare.Com Inc,finviz_prefilter,revenue_growth;eps_growth;earnings_window,operating_margin,price_min;market_cap_min;avg_volume_min;revenue_growth;eps_growth;eps_next_year;earnings_window,False,"{'revenue_growth_yoy': -36.32, 'eps_growth_yoy': -2.0693, 'eps_next_year': 68.92, 'operating_margin': None}",,Finviz via finvizfinance screener views,2026-08-07T23:30:31+02:00,2026-08-12,5,,PRE_EARNINGS_BLACKOUT,
ETOR,Etoro Group Ltd,finviz_prefilter,revenue_growth;eps_growth;earnings_window,,price_min;market_cap_min;avg_volume_min;revenue_growth;eps_growth;eps_next_year;operating_margin;earnings_window,False,"{'revenue_growth_yoy': 18.04, 'eps_growth_yoy': 17.96, 'eps_next_year': 19.23, 'operating_margin': 29.770000000000003}",,Finviz via finvizfinance screener views,2026-08-07T23:30:31+02:00,2026-08-11,4,,PRE_EARNINGS_BLACKOUT,
EVRG,Evergy Inc,finviz_prefilter,revenue_growth;eps_growth;eps_next_year,,price_min;market_cap_min;avg_volume_min;revenue_growth;eps_growth;eps_next_year;operating_margin;earnings_window,False,"{'revenue_growth_yoy': 4.84, 'eps_growth_yoy': 23.5, 'eps_next_year': 7.12, 'operating_margin': 25.55}",,Finviz via finvizfinance screener views,2026-08-07T23:30:31+02:00,2026-08-06,,1,PEAD_WINDOW,
EWBC,East West Bancorp Inc,finviz_prefilter,revenue_growth;eps_growth;eps_next_year,,price_min;market_cap_min;avg_volume_min;revenue_growth;eps_growth;eps_next_year;operating_margin;earnings_window,False,"{'revenue_growth_yoy': 4.7, 'eps_growth_yoy': 14.97, 'eps_next_year': 6.48, 'operating_margin': 39.629999999999995}",,Finviz via finvizfinance screener views,2026-08-07T23:30:31+02:00,2026-07-21,,17,NORMAL,
EXC,Exelon Corp,finviz_prefilter,revenue_growth;eps_growth;eps_next_year,,price_min;market_cap_min;avg_volume_min;revenue_growth;eps_growth;eps_next_year;operating_margin;earnings_window,False,"{'revenue_growth_yoy': 9.950000000000001, 'eps_growth_yoy': -0.31, 'eps_next_year': 6.18, 'operating_margin': 20.79}",,Finviz via finvizfinance screener views,2026-08-07T23:30:31+02:00,2026-07-30,,8,PEAD_WINDOW,
EXE,Expand Energy Corp,finviz_prefilter,revenue_growth;eps_growth;eps_next_year,,price_min;market_cap_min;avg_volume_min;revenue_growth;eps_growth;eps_next_year;operating_margin;earnings_window,False,"{'revenue_growth_yoy': -10.61, 'eps_growth_yoy': -45.58, 'eps_next_year': -4.44, 'operating_margin': 21.529999999999998}",,Finviz via finvizfinance screener views,2026-08-07T23:30:31+02:00,2026-07-28,,10,PEAD_WINDOW,
EXEL,Exelixis Inc,finviz_prefilter,revenue_growth;eps_growth;eps_next_year,,price_min;market_cap_min;avg_volume_min;revenue_growth;eps_growth;eps_next_year;operating_margin;earnings_window,False,"{'revenue_growth_yoy': 10.63, 'eps_growth_yoy': 25.629999999999995, 'eps_next_year': 14.3, 'operating_margin': 40.72}",,Finviz via finvizfinance screener views,2026-08-07T23:30:31+02:00,2026-08-05,,2,PEAD_WINDOW,
EXLS,ExlService Holdings Inc,finviz_prefilter,revenue_growth;eps_growth;eps_next_year,,price_min;market_cap_min;avg_volume_min;revenue_growth;eps_growth;eps_next_year;operating_margin;earnings_window,False,"{'revenue_growth_yoy': 15.61, 'eps_growth_yoy': 4.92, 'eps_next_year': 13.48, 'operating_margin': 14.42}",,Finviz via finvizfinance screener views,2026-08-07T23:30:31+02:00,2026-07-28,,10,PEAD_WINDOW,
EXPE,Expedia Group Inc,finviz_prefilter,revenue_growth;eps_growth,,price_min;market_cap_min;avg_volume_min;revenue_growth;eps_growth;eps_next_year;operating_margin;earnings_window,False,"{'revenue_growth_yoy': 13.969999999999999, 'eps_growth_yoy': 1.8833, 'eps_next_year': 16.56, 'operating_margin': 16.64}",,Finviz via finvizfinance screener views,2026-08-07T23:30:31+02:00,2026-08-05,,2,PEAD_WINDOW,
EXTR,Extreme Networks Inc,finviz_prefilter,revenue_growth;eps_growth;operating_margin,,price_min;market_cap_min;avg_volume_min;revenue_growth;eps_growth;eps_next_year;operating_margin;earnings_window,False,"{'revenue_growth_yoy': 10.280000000000001, 'eps_growth_yoy': 3.2959, 'eps_next_year': 16.49, 'operating_margin': 5.050000000000001}",,Finviz via finvizfinance screener views,2026-08-07T23:30:31+02:00,2026-08-05,,2,PEAD_WINDOW,
FA,First Advantage Corp,finviz_prefilter,revenue_growth,,price_min;market_cap_min;avg_volume_min;revenue_growth;eps_growth;eps_next_year;operating_margin;earnings_window,False,"{'revenue_growth_yoy': 14.879999999999999, 'eps_growth_yoy': 53.2222, 'eps_next_year': 18.01, 'operating_margin': 10.89}",,Finviz via finvizfinance screener views,2026-08-07T23:30:31+02:00,2026-08-06,,1,PEAD_WINDOW,"{'failed_gate': 'revenue_growth', 'actual_value': 14.879999999999999, 'applicable_threshold': 20.0, 'distance_to_threshold': 5.120000000000001, 'distance_to_threshold_pct': 25.600000000000005, 'formula': 'minimo: distance = threshold - actual; pct = distance / abs(threshold) * 100'}"
FANG,Diamondback Energy Inc,finviz_prefilter,eps_growth;eps_next_year,,price_min;market_cap_min;avg_volume_min;revenue_growth;eps_growth;eps_next_year;operating_margin;earnings_window,False,"{'revenue_growth_yoy': 51.22, 'eps_growth_yoy': 1.7968, 'eps_next_year': -11.93, 'operating_margin': 35.05}",,Finviz via finvizfinance screener views,2026-08-07T23:30:31+02:00,2026-08-03,,4,PEAD_WINDOW,
FAST,Fastenal Co,finviz_prefilter,revenue_growth;eps_growth;eps_next_year,,price_min;market_cap_min;avg_volume_min;revenue_growth;eps_growth;eps_next_year;operating_margin;earnings_window,False,"{'revenue_growth_yoy': 14.74, 'eps_growth_yoy': 15.879999999999999, 'eps_next_year': 10.74, 'operating_margin': 20.29}",,Finviz via finvizfinance screener views,2026-08-07T23:30:31+02:00,2026-07-14,,24,NORMAL,
FER,Ferrovial N. V,finviz_prefilter,revenue_growth;eps_growth,,price_min;market_cap_min;avg_volume_min;revenue_growth;eps_growth;eps_next_year;operating_margin;earnings_window,False,"{'revenue_growth_yoy': 6.64, 'eps_growth_yoy': 9.5324, 'eps_next_year': 18.95, 'operating_margin': 10.42}",,Finviz via finvizfinance screener views,2026-08-07T23:30:31+02:00,2026-07-28,,10,PEAD_WINDOW,
FFBC,First Financial Bancorp,finviz_prefilter,revenue_growth;eps_growth;eps_next_year,,price_min;market_cap_min;avg_volume_min;revenue_growth;eps_growth;eps_next_year;operating_margin;earnings_window,False,"{'revenue_growth_yoy': 12.98, 'eps_growth_yoy': -0.33999999999999997, 'eps_next_year': 11.57, 'operating_margin': 26.06}",,Finviz via finvizfinance screener views,2026-08-07T23:30:31+02:00,2026-07-21,,17,NORMAL,
FFIN,First Financial Bankshares Inc,finviz_prefilter,revenue_growth;eps_growth;eps_next_year,,price_min;market_cap_min;avg_volume_min;revenue_growth;eps_growth;eps_next_year;operating_margin;earnings_window,False,"{'revenue_growth_yoy': 8.43, 'eps_growth_yoy': 7.61, 'eps_next_year': 5.57, 'operating_margin': 37.86}",,Finviz via finvizfinance screener views,2026-08-07T23:30:31+02:00,2026-07-16,,22,NORMAL,
FHB,First Hawaiian INC,finviz_prefilter,revenue_growth;eps_growth;eps_next_year,,price_min;market_cap_min;avg_volume_min;revenue_growth;eps_growth;eps_next_year;operating_margin;earnings_window,False,"{'revenue_growth_yoy': 0.7100000000000001, 'eps_growth_yoy': 3.04, 'eps_next_year': 7.12, 'operating_margin': 31.730000000000004}",,Finviz via finvizfinance screener views,2026-08-07T23:30:31+02:00,2026-07-24,,14,PEAD_WINDOW,
FIBK,First Interstate BancSystem Inc,finviz_prefilter,revenue_growth;eps_growth,,price_min;market_cap_min;avg_volume_min;revenue_growth;eps_growth;eps_next_year;operating_margin;earnings_window,False,"{'revenue_growth_yoy': -7.8, 'eps_growth_yoy': 24.97, 'eps_next_year': 35.0, 'operating_margin': 29.409999999999997}",,Finviz via finvizfinance screener views,2026-08-07T23:30:31+02:00,2026-07-23,,15,PEAD_WINDOW,
FIGR,Figure Technology Solutions Inc,finviz_prefilter,eps_growth;earnings_window,,price_min;market_cap_min;avg_volume_min;revenue_growth;eps_growth;eps_next_year;operating_margin;earnings_window,False,"{'revenue_growth_yoy': 72.52, 'eps_growth_yoy': 5.8272, 'eps_next_year': 30.39, 'operating_margin': 38.98}",,Finviz via finvizfinance screener views,2026-08-07T23:30:31+02:00,2026-08-13,6,,PRE_EARNINGS_BLACKOUT,
FISV,Fiserv Inc,finviz_prefilter,revenue_growth;eps_growth;eps_next_year,,price_min;market_cap_min;avg_volume_min;revenue_growth;eps_growth;eps_next_year;operating_margin;earnings_window,False,"{'revenue_growth_yoy': -4.06, 'eps_growth_yoy': -36.71, 'eps_next_year': 9.97, 'operating_margin': 21.45}",,Finviz via finvizfinance screener views,2026-08-07T23:30:31+02:00,2026-08-06,,1,PEAD_WINDOW,
FIVE,Five Below Inc,finviz_prefilter,eps_growth;eps_next_year,,price_min;market_cap_min;avg_volume_min;revenue_growth;eps_growth;eps_next_year;operating_margin;earnings_window,False,"{'revenue_growth_yoy': 32.46, 'eps_growth_yoy': 1.9681, 'eps_next_year': 6.93, 'operating_margin': 11.04}",,Finviz via finvizfinance screener views,2026-08-07T23:30:31+02:00,2026-06-03,,65,NORMAL,
FIVN,Five9 Inc,finviz_prefilter,revenue_growth;eps_growth;operating_margin,,price_min;market_cap_min;avg_volume_min;revenue_growth;eps_growth;eps_next_year;operating_margin;earnings_window,False,"{'revenue_growth_yoy': 10.299999999999999, 'eps_growth_yoy': 2.0308, 'eps_next_year': 18.23, 'operating_margin': 5.08}",,Finviz via finvizfinance screener views,2026-08-07T23:30:31+02:00,2026-08-06,,1,PEAD_WINDOW,
FLEX,Flex Ltd,finviz_prefilter,operating_margin,,price_min;market_cap_min;avg_volume_min;revenue_growth;eps_growth;eps_next_year;operating_margin;earnings_window,False,"{'revenue_growth_yoy': 20.580000000000002, 'eps_growth_yoy': 51.22, 'eps_next_year': 51.51, 'operating_margin': 5.58}",,Finviz via finvizfinance screener views,2026-08-07T23:30:31+02:00,2026-07-29,,9,PEAD_WINDOW,"{'failed_gate': 'operating_margin', 'actual_value': 5.58, 'applicable_threshold': 8.0, 'distance_to_threshold': 2.42, 'distance_to_threshold_pct': 30.25, 'formula': 'minimo: distance = threshold - actual; pct = distance / abs(threshold) * 100'}"
FLY,Firefly Aerospace Inc,finviz_prefilter,eps_growth;operating_margin;earnings_window,,price_min;market_cap_min;avg_volume_min;revenue_growth;eps_growth;eps_next_year;operating_margin;earnings_window,False,"{'revenue_growth_yoy': 44.800000000000004, 'eps_growth_yoy': -20.349999999999998, 'eps_next_year': 35.37, 'operating_margin': -1.5862}",,Finviz via finvizfinance screener views,2026-08-07T23:30:31+02:00,2026-08-11,4,,PRE_EARNINGS_BLACKOUT,
FLYW,Flywire Corp,finviz_prefilter,operating_margin,,price_min;market_cap_min;avg_volume_min;revenue_growth;eps_growth;eps_next_year;operating_margin;earnings_window,False,"{'revenue_growth_yoy': 27.18, 'eps_growth_yoy': 32.39, 'eps_next_year': 59.97, 'operating_margin': 5.94}",,Finviz via finvizfinance screener views,2026-08-07T23:30:31+02:00,2026-08-04,,3,PEAD_WINDOW,"{'failed_gate': 'operating_margin', 'actual_value': 5.94, 'applicable_threshold': 8.0, 'distance_to_threshold': 2.0599999999999996, 'distance_to_threshold_pct': 25.749999999999996, 'formula': 'minimo: distance = threshold - actual; pct = distance / abs(threshold) * 100'}"
FORM,FormFactor Inc,finviz_prefilter,eps_growth,,price_min;market_cap_min;avg_volume_min;revenue_growth;eps_growth;eps_next_year;operating_margin;earnings_window,False,"{'revenue_growth_yoy': 31.89, 'eps_growth_yoy': 5.0247, 'eps_next_year': 22.96, 'operating_margin': 15.06}",,Finviz via finvizfinance screener views,2026-08-07T23:30:31+02:00,2026-07-29,,9,PEAD_WINDOW,"{'failed_gate': 'eps_growth', 'actual_value': 5.0247, 'applicable_threshold': 30.0, 'distance_to_threshold': 24.9753, 'distance_to_threshold_pct': 83.25099999999999, 'formula': 'minimo: distance = threshold - actual; pct = distance / abs(threshold) * 100'}"
FOX,Fox Corp,finviz_prefilter,eps_growth;eps_next_year,,price_min;market_cap_min;avg_volume_min;revenue_growth;eps_growth;eps_next_year;operating_margin;earnings_window,False,"{'revenue_growth_yoy': 28.139999999999997, 'eps_growth_yoy': 2.91, 'eps_next_year': -49.0, 'operating_margin': 20.41}",,Finviz via finvizfinance screener views,2026-08-07T23:30:31+02:00,2026-08-06,,1,PEAD_WINDOW,
FOXA,Fox Corp,finviz_prefilter,eps_growth;eps_next_year,,price_min;market_cap_min;avg_volume_min;revenue_growth;eps_growth;eps_next_year;operating_margin;earnings_window,False,"{'revenue_growth_yoy': 28.139999999999997, 'eps_growth_yoy': 2.91, 'eps_next_year': -22.0, 'operating_margin': 20.41}",,Finviz via finvizfinance screener views,2026-08-07T23:30:31+02:00,2026-08-06,,1,PEAD_WINDOW,
FROG,JFrog Ltd,finviz_prefilter,operating_margin,,price_min;market_cap_min;avg_volume_min;revenue_growth;eps_growth;eps_next_year;operating_margin;earnings_window,False,"{'revenue_growth_yoy': 28.73, 'eps_growth_yoy': 81.82000000000001, 'eps_next_year': 17.12, 'operating_margin': -12.11}",,Finviz via finvizfinance screener views,2026-08-07T23:30:31+02:00,2026-08-06,,1,PEAD_WINDOW,"{'failed_gate': 'operating_margin', 'actual_value': -12.11, 'applicable_threshold': 8.0, 'distance_to_threshold': 20.11, 'distance_to_threshold_pct': 251.375, 'formula': 'minimo: distance = threshold - actual; pct = distance / abs(threshold) * 100'}"
FRPT,Freshpet Inc,finviz_prefilter,revenue_growth;eps_growth;eps_next_year,,price_min;market_cap_min;avg_volume_min;revenue_growth;eps_growth;eps_next_year;operating_margin;earnings_window,False,"{'revenue_growth_yoy': 15.45, 'eps_growth_yoy': 19.15, 'eps_next_year': -7.61, 'operating_margin': 8.260000000000002}",,Finviz via finvizfinance screener views,2026-08-07T23:30:31+02:00,2026-08-05,,2,PEAD_WINDOW,
FRVO,Fervo Energy Co,finviz_prefilter,earnings_window,revenue_growth;eps_growth;operating_margin,price_min;market_cap_min;avg_volume_min;eps_next_year;earnings_window,False,"{'revenue_growth_yoy': None, 'eps_growth_yoy': None, 'eps_next_year': None, 'operating_margin': None}",,Finviz via finvizfinance screener views,2026-08-07T23:30:31+02:00,2026-08-12,5,,PRE_EARNINGS_BLACKOUT,"{'failed_gate': 'earnings_window', 'actual_value': 5, 'applicable_threshold': 7, 'distance_to_threshold': 6, 'distance_to_threshold_pct': None, 'days_to_exit_blackout': 6, 'formula': 'days_to_exit_blackout = days_to_earnings + 1 (giorni; nessuna %)'}"
FSLR,First Solar Inc,finviz_prefilter,revenue_growth;eps_growth,,price_min;market_cap_min;avg_volume_min;revenue_growth;eps_growth;eps_next_year;operating_margin;earnings_window,False,"{'revenue_growth_yoy': -3.73, 'eps_growth_yoy': 23.36, 'eps_next_year': 34.79, 'operating_margin': 34.98}",,Finviz via finvizfinance screener views,2026-08-07T23:30:31+02:00,2026-07-30,,8,PEAD_WINDOW,
FSLY,Fastly Inc,finviz_prefilter,eps_next_year;operating_margin,,price_min;market_cap_min;avg_volume_min;revenue_growth;eps_growth;eps_next_year;operating_margin;earnings_window,False,"{'revenue_growth_yoy': 23.27, 'eps_growth_yoy': 61.59, 'eps_next_year': 11.48, 'operating_margin': -11.959999999999999}",,Finviz via finvizfinance screener views,2026-08-07T23:30:31+02:00,2026-08-05,,2,PEAD_WINDOW,
FTAI,FTAI Aviation Ltd,finviz_prefilter,eps_growth,,price_min;market_cap_min;avg_volume_min;revenue_growth;eps_growth;eps_next_year;operating_margin;earnings_window,False,"{'revenue_growth_yoy': 40.79, 'eps_growth_yoy': -27.900000000000002, 'eps_next_year': 104.32, 'operating_margin': 25.119999999999997}",,Finviz via finvizfinance screener views,2026-08-07T23:30:31+02:00,2026-07-29,,9,PEAD_WINDOW,"{'failed_gate': 'eps_growth', 'actual_value': -27.900000000000002, 'applicable_threshold': 20.0, 'distance_to_threshold': 47.900000000000006, 'distance_to_threshold_pct': 239.50000000000006, 'formula': 'minimo: distance = threshold - actual; pct = distance / abs(threshold) * 100'}"
FTNT,Fortinet Inc,finviz_prefilter,eps_next_year,,price_min;market_cap_min;avg_volume_min;revenue_growth;eps_growth;eps_next_year;operating_margin;earnings_window,False,"{'revenue_growth_yoy': 25.64, 'eps_growth_yoy': 43.86, 'eps_next_year': 9.48, 'operating_margin': 32.37}",,Finviz via finvizfinance screener views,2026-08-07T23:30:31+02:00,2026-07-29,,9,PEAD_WINDOW,"{'failed_gate': 'eps_next_year', 'actual_value': 9.48, 'applicable_threshold': 15.0, 'distance_to_threshold': 5.52, 'distance_to_threshold_pct': 36.8, 'formula': 'minimo: distance = threshold - actual; pct = distance / abs(threshold) * 100'}"
FULT,Fulton Financial Corp,finviz_prefilter,revenue_growth;eps_growth;eps_next_year,,price_min;market_cap_min;avg_volume_min;revenue_growth;eps_growth;eps_next_year;operating_margin;earnings_window,False,"{'revenue_growth_yoy': 7.580000000000001, 'eps_growth_yoy': -1.08, 'eps_next_year': 10.09, 'operating_margin': 26.540000000000003}",,Finviz via finvizfinance screener views,2026-08-07T23:30:31+02:00,2026-07-22,,16,NORMAL,
FWONK,Liberty Media Corp,finviz_prefilter,revenue_growth;eps_growth,,price_min;market_cap_min;avg_volume_min;revenue_growth;eps_growth;eps_next_year;operating_margin;earnings_window,False,"{'revenue_growth_yoy': -30.349999999999998, 'eps_growth_yoy': -98.69, 'eps_next_year': 22.93, 'operating_margin': 12.45}",,Finviz via finvizfinance screener views,2026-08-07T23:30:31+02:00,2026-08-06,,1,PEAD_WINDOW,
GEHC,GE HealthCare Technologies Inc,finviz_prefilter,revenue_growth;eps_growth;eps_next_year,,price_min;market_cap_min;avg_volume_min;revenue_growth;eps_growth;eps_next_year;operating_margin;earnings_window,False,"{'revenue_growth_yoy': 5.75, 'eps_growth_yoy': 16.45, 'eps_next_year': 10.4, 'operating_margin': 13.73}",,Finviz via finvizfinance screener views,2026-08-07T23:30:31+02:00,2026-07-29,,9,PEAD_WINDOW,
GEN,Gen Digital Inc,finviz_prefilter,revenue_growth;eps_next_year,,price_min;market_cap_min;avg_volume_min;revenue_growth;eps_growth;eps_next_year;operating_margin;earnings_window,False,"{'revenue_growth_yoy': 6.279999999999999, 'eps_growth_yoy': 64.79, 'eps_next_year': 12.85, 'operating_margin': 42.8}",,Finviz via finvizfinance screener views,2026-08-07T23:30:31+02:00,2026-08-06,,1,PEAD_WINDOW,
GFS,GlobalFoundries Inc,finviz_prefilter,revenue_growth;eps_growth,,price_min;market_cap_min;avg_volume_min;revenue_growth;eps_growth;eps_next_year;operating_margin;earnings_window,False,"{'revenue_growth_yoy': 5.81, 'eps_growth_yoy': -27.05, 'eps_next_year': 31.7, 'operating_margin': 11.59}",,Finviz via finvizfinance screener views,2026-08-07T23:30:31+02:00,2026-08-05,,2,PEAD_WINDOW,
GH,Guardant Health Inc,finviz_prefilter,eps_growth;operating_margin,,price_min;market_cap_min;avg_volume_min;revenue_growth;eps_growth;eps_next_year;operating_margin;earnings_window,False,"{'revenue_growth_yoy': 44.330000000000005, 'eps_growth_yoy': -12.34, 'eps_next_year': 39.43, 'operating_margin': -39.7}",,Finviz via finvizfinance screener views,2026-08-07T23:30:31+02:00,2026-07-30,,8,PEAD_WINDOW,
GILD,Gilead Sciences Inc,finviz_prefilter,revenue_growth;eps_growth,,price_min;market_cap_min;avg_volume_min;revenue_growth;eps_growth;eps_next_year;operating_margin;earnings_window,False,"{'revenue_growth_yoy': 10.73, 'eps_growth_yoy': -6.4066, 'eps_next_year': 2068.07, 'operating_margin': 39.050000000000004}",,Finviz via finvizfinance screener views,2026-08-07T23:30:31+02:00,2026-08-04,,3,PEAD_WINDOW,
GLBE,Global E Online Ltd,finviz_prefilter,eps_growth;earnings_window,,price_min;market_cap_min;avg_volume_min;revenue_growth;eps_growth;eps_next_year;operating_margin;earnings_window,False,"{'revenue_growth_yoy': 32.76, 'eps_growth_yoy': 2.6556, 'eps_next_year': 34.92, 'operating_margin': 12.1}",,Finviz via finvizfinance screener views,2026-08-07T23:30:31+02:00,2026-08-12,5,,PRE_EARNINGS_BLACKOUT,
GLNG,Golar Lng,finviz_prefilter,eps_growth;eps_next_year;earnings_window,,price_min;market_cap_min;avg_volume_min;revenue_growth;eps_growth;eps_next_year;operating_margin;earnings_window,False,"{'revenue_growth_yoy': 120.08000000000001, 'eps_growth_yoy': 9.4853, 'eps_next_year': -55.47, 'operating_margin': 41.449999999999996}",,Finviz via finvizfinance screener views,2026-08-07T23:30:31+02:00,2026-08-13,6,,PRE_EARNINGS_BLACKOUT,
GLPI,Gaming and Leisure Properties Inc,finviz_prefilter,revenue_growth;eps_next_year,,price_min;market_cap_min;avg_volume_min;revenue_growth;eps_growth;eps_next_year;operating_margin;earnings_window,False,"{'revenue_growth_yoy': 9.030000000000001, 'eps_growth_yoy': 46.54, 'eps_next_year': 3.23, 'operating_margin': 82.62}",,Finviz via finvizfinance screener views,2026-08-07T23:30:31+02:00,2026-07-30,,8,PEAD_WINDOW,
GLXY,Galaxy Digital Inc,finviz_prefilter,revenue_growth;eps_growth;operating_margin,,price_min;market_cap_min;avg_volume_min;revenue_growth;eps_growth;eps_next_year;operating_margin;earnings_window,False,"{'revenue_growth_yoy': -3.82, 'eps_growth_yoy': -2.0069, 'eps_next_year': 69.52, 'operating_margin': 0.8699999999999999}",,Finviz via finvizfinance screener views,2026-08-07T23:30:31+02:00,2026-08-05,,2,PEAD_WINDOW,
GNTX,Gentex Corp,finviz_prefilter,revenue_growth;eps_growth;eps_next_year,,price_min;market_cap_min;avg_volume_min;revenue_growth;eps_growth;eps_next_year;operating_margin;earnings_window,False,"{'revenue_growth_yoy': -1.0, 'eps_growth_yoy': 25.53, 'eps_next_year': 7.35, 'operating_margin': 19.55}",,Finviz via finvizfinance screener views,2026-08-07T23:30:31+02:00,2026-07-24,,14,PEAD_WINDOW,
GOOG,Alphabet Inc,finviz_prefilter,eps_growth;eps_next_year,,price_min;market_cap_min;avg_volume_min;revenue_growth;eps_growth;eps_next_year;operating_margin;earnings_window,False,"{'revenue_growth_yoy': 23.98, 'eps_growth_yoy': 2.9402, 'eps_next_year': -25.88, 'operating_margin': 33.96}",,Finviz via finvizfinance screener views,2026-08-07T23:30:31+02:00,2026-07-22,,16,NORMAL,
GOOGL,Alphabet Inc,finviz_prefilter,eps_growth;eps_next_year,,price_min;market_cap_min;avg_volume_min;revenue_growth;eps_growth;eps_next_year;operating_margin;earnings_window,False,"{'revenue_growth_yoy': 23.98, 'eps_growth_yoy': 2.9402, 'eps_next_year': -25.85, 'operating_margin': 33.96}",,Finviz via finvizfinance screener views,2026-08-07T23:30:31+02:00,2026-07-22,,16,NORMAL,
GSAT,Globalstar Inc,finviz_prefilter,revenue_growth;eps_growth;operating_margin,,price_min;market_cap_min;avg_volume_min;revenue_growth;eps_growth;eps_next_year;operating_margin;earnings_window,False,"{'revenue_growth_yoy': -3.54, 'eps_growth_yoy': -2.7438, 'eps_next_year': 72.21, 'operating_margin': 4.79}",,Finviz via finvizfinance screener views,2026-08-07T23:30:31+02:00,2026-08-06,,1,PEAD_WINDOW,
GTLB,Gitlab Inc,finviz_prefilter,operating_margin,,price_min;market_cap_min;avg_volume_min;revenue_growth;eps_growth;eps_next_year;operating_margin;earnings_window,False,"{'revenue_growth_yoy': 23.150000000000002, 'eps_growth_yoy': 86.57000000000001, 'eps_next_year': 25.2, 'operating_margin': -4.4799999999999995}",,Finviz via finvizfinance screener views,2026-08-07T23:30:31+02:00,2026-06-02,,66,NORMAL,"{'failed_gate': 'operating_margin', 'actual_value': -4.4799999999999995, 'applicable_threshold': 8.0, 'distance_to_threshold': 12.48, 'distance_to_threshold_pct': 156.0, 'formula': 'minimo: distance = threshold - actual; pct = distance / abs(threshold) * 100'}"
GTX,Garrett Motion Inc,finviz_prefilter,revenue_growth;eps_growth;eps_next_year,,price_min;market_cap_min;avg_volume_min;revenue_growth;eps_growth;eps_next_year;operating_margin;earnings_window,False,"{'revenue_growth_yoy': 6.9, 'eps_growth_yoy': 25.009999999999998, 'eps_next_year': 14.0, 'operating_margin': 14.81}",,Finviz via finvizfinance screener views,2026-08-07T23:30:31+02:00,2026-07-29,,9,PEAD_WINDOW,
HAS,Hasbro Inc,finviz_prefilter,revenue_growth;eps_next_year,,price_min;market_cap_min;avg_volume_min;revenue_growth;eps_growth;eps_next_year;operating_margin;earnings_window,False,"{'revenue_growth_yoy': 16.189999999999998, 'eps_growth_yoy': 118.42999999999999, 'eps_next_year': 5.86, 'operating_margin': 28.13}",,Finviz via finvizfinance screener views,2026-08-07T23:30:31+02:00,2026-07-21,,17,NORMAL,
HBAN,Huntington Bancshares Inc,finviz_prefilter,eps_growth,,price_min;market_cap_min;avg_volume_min;revenue_growth;eps_growth;eps_next_year;operating_margin;earnings_window,False,"{'revenue_growth_yoy': 38.019999999999996, 'eps_growth_yoy': -2.56, 'eps_next_year': 35.81, 'operating_margin': 20.51}",,Finviz via finvizfinance screener views,2026-08-07T23:30:31+02:00,2026-07-23,,15,PEAD_WINDOW,"{'failed_gate': 'eps_growth', 'actual_value': -2.56, 'applicable_threshold': 30.0, 'distance_to_threshold': 32.56, 'distance_to_threshold_pct': 108.53333333333335, 'formula': 'minimo: distance = threshold - actual; pct = distance / abs(threshold) * 100'}"
HLNE,Hamilton Lane Inc,finviz_prefilter,eps_next_year,,price_min;market_cap_min;avg_volume_min;revenue_growth;eps_growth;eps_next_year;operating_margin;earnings_window,False,"{'revenue_growth_yoy': 56.48, 'eps_growth_yoy': 50.480000000000004, 'eps_next_year': 2.87, 'operating_margin': 54.620000000000005}",,Finviz via finvizfinance screener views,2026-08-07T23:30:31+02:00,2026-08-04,,3,PEAD_WINDOW,"{'failed_gate': 'eps_next_year', 'actual_value': 2.87, 'applicable_threshold': 15.0, 'distance_to_threshold': 12.129999999999999, 'distance_to_threshold_pct': 80.86666666666666, 'formula': 'minimo: distance = threshold - actual; pct = distance / abs(threshold) * 100'}"
HON,Honeywell International Inc,finviz_prefilter,revenue_growth;eps_growth,,price_min;market_cap_min;avg_volume_min;revenue_growth;eps_growth;eps_next_year;operating_margin;earnings_window,False,"{'revenue_growth_yoy': -6.12, 'eps_growth_yoy': 2.6401, 'eps_next_year': 20.72, 'operating_margin': 19.17}",,Finviz via finvizfinance screener views,2026-08-07T23:30:31+02:00,2026-07-23,,15,PEAD_WINDOW,
HQY,Healthequity Inc,finviz_prefilter,revenue_growth,,price_min;market_cap_min;avg_volume_min;revenue_growth;eps_growth;eps_next_year;operating_margin;earnings_window,False,"{'revenue_growth_yoy': 7.13, 'eps_growth_yoy': 33.910000000000004, 'eps_next_year': 15.42, 'operating_margin': 25.95}",,Finviz via finvizfinance screener views,2026-08-07T23:30:31+02:00,2026-05-28,,71,NORMAL,"{'failed_gate': 'revenue_growth', 'actual_value': 7.13, 'applicable_threshold': 20.0, 'distance_to_threshold': 12.870000000000001, 'distance_to_threshold_pct': 64.35000000000001, 'formula': 'minimo: distance = threshold - actual; pct = distance / abs(threshold) * 100'}"
HRMY,Harmony Biosciences Holdings Inc,finviz_prefilter,revenue_growth;eps_growth;eps_next_year,,price_min;market_cap_min;avg_volume_min;revenue_growth;eps_growth;eps_next_year;operating_margin;earnings_window,False,"{'revenue_growth_yoy': 16.59, 'eps_growth_yoy': -28.999999999999996, 'eps_next_year': 9.1, 'operating_margin': 21.08}",,Finviz via finvizfinance screener views,2026-08-07T23:30:31+02:00,2026-08-04,,3,PEAD_WINDOW,
HSIC,Henry Schein Inc,finviz_prefilter,revenue_growth;eps_growth;eps_next_year;operating_margin,,price_min;market_cap_min;avg_volume_min;revenue_growth;eps_growth;eps_next_year;operating_margin;earnings_window,False,"{'revenue_growth_yoy': 6.7299999999999995, 'eps_growth_yoy': 17.18, 'eps_next_year': 11.46, 'operating_margin': 5.9799999999999995}",,Finviz via finvizfinance screener views,2026-08-07T23:30:31+02:00,2026-08-04,,3,PEAD_WINDOW,
HST,Host Hotels & Resorts Inc,finviz_prefilter,revenue_growth;eps_growth;eps_next_year,,price_min;market_cap_min;avg_volume_min;revenue_growth;eps_growth;eps_next_year;operating_margin;earnings_window,False,"{'revenue_growth_yoy': 3.4000000000000004, 'eps_growth_yoy': 8.32, 'eps_next_year': -23.46, 'operating_margin': 14.360000000000001}",,Finviz via finvizfinance screener views,2026-08-07T23:30:31+02:00,2026-08-05,,2,PEAD_WINDOW,
HTFL,Heartflow Inc,finviz_prefilter,eps_growth;operating_margin;earnings_window,,price_min;market_cap_min;avg_volume_min;revenue_growth;eps_growth;eps_next_year;operating_margin;earnings_window,False,"{'revenue_growth_yoy': 41.339999999999996, 'eps_growth_yoy': 19.77, 'eps_next_year': 43.67, 'operating_margin': -35.83}",,Finviz via finvizfinance screener views,2026-08-07T23:30:31+02:00,2026-08-13,6,,PRE_EARNINGS_BLACKOUT,
HUBG,Hub Group Inc,finviz_prefilter,revenue_growth;eps_growth;operating_margin,,price_min;market_cap_min;avg_volume_min;revenue_growth;eps_growth;eps_next_year;operating_margin;earnings_window,False,"{'revenue_growth_yoy': -5.3100000000000005, 'eps_growth_yoy': 22.21, 'eps_next_year': 41.08, 'operating_margin': 3.81}",,Finviz via finvizfinance screener views,2026-08-07T23:30:31+02:00,2026-04-23,,106,NORMAL,
HUT,Hut 8 Corp,finviz_prefilter,eps_growth;operating_margin,,price_min;market_cap_min;avg_volume_min;revenue_growth;eps_growth;eps_next_year;operating_margin;earnings_window,False,"{'revenue_growth_yoy': 81.44, 'eps_growth_yoy': -2.0787, 'eps_next_year': 24.41, 'operating_margin': -54.09}",,Finviz via finvizfinance screener views,2026-08-07T23:30:31+02:00,2026-08-04,,3,PEAD_WINDOW,
HWC,Hancock Whitney Corp,finviz_prefilter,revenue_growth;eps_growth;eps_next_year,,price_min;market_cap_min;avg_volume_min;revenue_growth;eps_growth;eps_next_year;operating_margin;earnings_window,False,"{'revenue_growth_yoy': 4.8500000000000005, 'eps_growth_yoy': 17.83, 'eps_next_year': 12.25, 'operating_margin': 27.41}",,Finviz via finvizfinance screener views,2026-08-07T23:30:31+02:00,2026-07-21,,17,NORMAL,
ICHR,Ichor Holdings Ltd,finviz_prefilter,operating_margin,,price_min;market_cap_min;avg_volume_min;revenue_growth;eps_growth;eps_next_year;operating_margin;earnings_window,False,"{'revenue_growth_yoy': 22.68, 'eps_growth_yoy': 109.99000000000001, 'eps_next_year': 108.19, 'operating_margin': 1.06}",,Finviz via finvizfinance screener views,2026-08-07T23:30:31+02:00,2026-08-03,,4,PEAD_WINDOW,"{'failed_gate': 'operating_margin', 'actual_value': 1.06, 'applicable_threshold': 8.0, 'distance_to_threshold': 6.9399999999999995, 'distance_to_threshold_pct': 86.75, 'formula': 'minimo: distance = threshold - actual; pct = distance / abs(threshold) * 100'}"
ICLR,Icon Plc,finviz_prefilter,revenue_growth;eps_growth;eps_next_year,,price_min;market_cap_min;avg_volume_min;revenue_growth;eps_growth;eps_next_year;operating_margin;earnings_window,False,"{'revenue_growth_yoy': 1.2, 'eps_growth_yoy': -63.33, 'eps_next_year': 12.63, 'operating_margin': 10.14}",,Finviz via finvizfinance screener views,2026-08-07T23:30:31+02:00,2026-07-29,,9,PEAD_WINDOW,
IDYA,Ideaya Biosciences Inc,finviz_prefilter,eps_next_year;operating_margin,revenue_growth;eps_growth,price_min;market_cap_min;avg_volume_min;eps_next_year;operating_margin;earnings_window,False,"{'revenue_growth_yoy': None, 'eps_growth_yoy': -35.99, 'eps_next_year': 11.98, 'operating_margin': -81.44}",,Finviz via finvizfinance screener views,2026-08-07T23:30:31+02:00,2026-08-04,,3,PEAD_WINDOW,
ILMN,Illumina Inc,finviz_prefilter,revenue_growth;eps_growth;eps_next_year,,price_min;market_cap_min;avg_volume_min;revenue_growth;eps_growth;eps_next_year;operating_margin;earnings_window,False,"{'revenue_growth_yoy': 9.84, 'eps_growth_yoy': -9.610000000000001, 'eps_next_year': 13.43, 'operating_margin': 19.869999999999997}",,Finviz via finvizfinance screener views,2026-08-07T23:30:31+02:00,2026-07-30,,8,PEAD_WINDOW,
IMNM,Immunome Inc,finviz_prefilter,revenue_growth;eps_growth;eps_next_year;operating_margin,,price_min;market_cap_min;avg_volume_min;revenue_growth;eps_growth;eps_next_year;operating_margin;earnings_window,False,"{'revenue_growth_yoy': -100.0, 'eps_growth_yoy': 9.25, 'eps_next_year': -1.74, 'operating_margin': -56.9883}",,Finviz via finvizfinance screener views,2026-08-07T23:30:31+02:00,2026-05-12,,87,NORMAL,
INDV,Indivior Pharmaceuticals Inc,finviz_prefilter,revenue_growth;eps_growth;eps_next_year,,price_min;market_cap_min;avg_volume_min;revenue_growth;eps_growth;eps_next_year;operating_margin;earnings_window,False,"{'revenue_growth_yoy': 13.58, 'eps_growth_yoy': 5.8852, 'eps_next_year': 9.25, 'operating_margin': 39.94}",,Finviz via finvizfinance screener views,2026-08-07T23:30:31+02:00,2026-08-03,,4,PEAD_WINDOW,
INSM,Insmed Inc,finviz_prefilter,revenue_growth;operating_margin,,price_min;market_cap_min;avg_volume_min;revenue_growth;eps_growth;eps_next_year;operating_margin;earnings_window,False,"{'revenue_growth_yoy': 2.9611, 'eps_growth_yoy': 96.41999999999999, 'eps_next_year': 159.87, 'operating_margin': -71.43}",,Finviz via finvizfinance screener views,2026-08-07T23:30:31+02:00,2026-08-06,,1,PEAD_WINDOW,
INTA,Intapp Inc,finviz_prefilter,revenue_growth;eps_growth;operating_margin,,price_min;market_cap_min;avg_volume_min;revenue_growth;eps_growth;eps_next_year;operating_margin;earnings_window,False,"{'revenue_growth_yoy': 12.950000000000001, 'eps_growth_yoy': -10.0923, 'eps_next_year': 22.67, 'operating_margin': -6.2700000000000005}",,Finviz via finvizfinance screener views,2026-08-07T23:30:31+02:00,2026-08-04,,3,PEAD_WINDOW,
INTC,Intel Corp,finviz_prefilter,eps_growth,,price_min;market_cap_min;avg_volume_min;revenue_growth;eps_growth;eps_next_year;operating_margin;earnings_window,False,"{'revenue_growth_yoy': 25.419999999999998, 'eps_growth_yoy': -2.2364, 'eps_next_year': 36.55, 'operating_margin': 8.03}",,Finviz via finvizfinance screener views,2026-08-07T23:30:31+02:00,2026-07-23,,15,PEAD_WINDOW,"{'failed_gate': 'eps_growth', 'actual_value': -2.2364, 'applicable_threshold': 30.0, 'distance_to_threshold': 32.2364, 'distance_to_threshold_pct': 107.45466666666668, 'formula': 'minimo: distance = threshold - actual; pct = distance / abs(threshold) * 100'}"
INTU,Intuit Inc,finviz_prefilter,revenue_growth;eps_growth,,price_min;market_cap_min;avg_volume_min;revenue_growth;eps_growth;eps_next_year;operating_margin;earnings_window,False,"{'revenue_growth_yoy': 10.37, 'eps_growth_yoy': 11.01, 'eps_next_year': 15.03, 'operating_margin': 27.47}",,Finviz via finvizfinance screener views,2026-08-07T23:30:31+02:00,2026-08-25,18,,NORMAL,
IONS,Ionis Pharmaceuticals Inc,finviz_prefilter,revenue_growth;eps_growth;operating_margin,,price_min;market_cap_min;avg_volume_min;revenue_growth;eps_growth;eps_next_year;operating_margin;earnings_window,False,"{'revenue_growth_yoy': -40.73, 'eps_growth_yoy': -2.0229, 'eps_next_year': 47.28, 'operating_margin': -68.08999999999999}",,Finviz via finvizfinance screener views,2026-08-07T23:30:31+02:00,2026-07-29,,9,PEAD_WINDOW,
IRDM,Iridium Communications Inc,finviz_prefilter,revenue_growth;eps_growth,,price_min;market_cap_min;avg_volume_min;revenue_growth;eps_growth;eps_next_year;operating_margin;earnings_window,False,"{'revenue_growth_yoy': 3.84, 'eps_growth_yoy': -56.08, 'eps_next_year': 41.72, 'operating_margin': 23.76}",,Finviz via finvizfinance screener views,2026-08-07T23:30:31+02:00,2026-07-22,,16,NORMAL,
IREN,IREN Ltd,finviz_prefilter,revenue_growth;eps_growth;operating_margin,,price_min;market_cap_min;avg_volume_min;revenue_growth;eps_growth;eps_next_year;operating_margin;earnings_window,False,"{'revenue_growth_yoy': 2.3, 'eps_growth_yoy': -8.0255, 'eps_next_year': 70.99, 'operating_margin': -29.82}",,Finviz via finvizfinance screener views,2026-08-07T23:30:31+02:00,2026-05-07,,92,NORMAL,
ISRG,Intuitive Surgical Inc,finviz_prefilter,revenue_growth;eps_growth;eps_next_year,,price_min;market_cap_min;avg_volume_min;revenue_growth;eps_growth;eps_next_year;operating_margin;earnings_window,False,"{'revenue_growth_yoy': 18.54, 'eps_growth_yoy': 26.619999999999997, 'eps_next_year': 11.88, 'operating_margin': 31.28}",,Finviz via finvizfinance screener views,2026-08-07T23:30:31+02:00,2026-07-16,,22,NORMAL,
ITRI,Itron Inc,finviz_prefilter,revenue_growth;eps_growth;eps_next_year,,price_min;market_cap_min;avg_volume_min;revenue_growth;eps_growth;eps_next_year;operating_margin;earnings_window,False,"{'revenue_growth_yoy': -7.23, 'eps_growth_yoy': -18.95, 'eps_next_year': 7.35, 'operating_margin': 13.87}",,Finviz via finvizfinance screener views,2026-08-07T23:30:31+02:00,2026-07-28,,10,PEAD_WINDOW,
JAZZ,Jazz Pharmaceuticals plc,finviz_prefilter,revenue_growth;eps_next_year,,price_min;market_cap_min;avg_volume_min;revenue_growth;eps_growth;eps_next_year;operating_margin;earnings_window,False,"{'revenue_growth_yoy': 15.55, 'eps_growth_yoy': 123.66, 'eps_next_year': 3.57, 'operating_margin': 20.76}",,Finviz via finvizfinance screener views,2026-08-07T23:30:31+02:00,2026-08-03,,4,PEAD_WINDOW,
JBHT,J.B. Hunt Transport Services Inc,finviz_prefilter,revenue_growth;operating_margin,,price_min;market_cap_min;avg_volume_min;revenue_growth;eps_growth;eps_next_year;operating_margin;earnings_window,False,"{'revenue_growth_yoy': 19.37, 'eps_growth_yoy': 45.25, 'eps_next_year': 29.59, 'operating_margin': 7.59}",,Finviz via finvizfinance screener views,2026-08-07T23:30:31+02:00,2026-07-15,,23,NORMAL,
JKHY,Jack Henry & Associates Inc,finviz_prefilter,revenue_growth;eps_growth;eps_next_year,,price_min;market_cap_min;avg_volume_min;revenue_growth;eps_growth;eps_next_year;operating_margin;earnings_window,False,"{'revenue_growth_yoy': 8.74, 'eps_growth_yoy': 12.2, 'eps_next_year': 5.93, 'operating_margin': 26.0}",,Finviz via finvizfinance screener views,2026-08-07T23:30:31+02:00,2026-08-18,11,,NORMAL,
KDP,Keurig Dr Pepper Inc,finviz_prefilter,eps_growth;eps_next_year,,price_min;market_cap_min;avg_volume_min;revenue_growth;eps_growth;eps_next_year;operating_margin;earnings_window,False,"{'revenue_growth_yoy': 75.57000000000001, 'eps_growth_yoy': -89.03999999999999, 'eps_next_year': 10.54, 'operating_margin': 16.18}",,Finviz via finvizfinance screener views,2026-08-07T23:30:31+02:00,2026-08-06,,1,PEAD_WINDOW,
KHC,Kraft Heinz Co,finviz_prefilter,revenue_growth,,price_min;market_cap_min;avg_volume_min;revenue_growth;eps_growth;eps_next_year;operating_margin;earnings_window,False,"{'revenue_growth_yoy': -1.4200000000000002, 'eps_growth_yoy': 30.270000000000003, 'eps_next_year': 104.0, 'operating_margin': 17.119999999999997}",,Finviz via finvizfinance screener views,2026-08-07T23:30:31+02:00,2026-08-05,,2,PEAD_WINDOW,"{'failed_gate': 'revenue_growth', 'actual_value': -1.4200000000000002, 'applicable_threshold': 20.0, 'distance_to_threshold': 21.42, 'distance_to_threshold_pct': 107.10000000000002, 'formula': 'minimo: distance = threshold - actual; pct = distance / abs(threshold) * 100'}"
KLAC,KLA Corp,finviz_prefilter,revenue_growth;eps_growth,,price_min;market_cap_min;avg_volume_min;revenue_growth;eps_growth;eps_next_year;operating_margin;earnings_window,False,"{'revenue_growth_yoy': 15.25, 'eps_growth_yoy': 14.760000000000002, 'eps_next_year': 20.98, 'operating_margin': 41.77}",,Finviz via finvizfinance screener views,2026-08-07T23:30:31+02:00,2026-07-28,,10,PEAD_WINDOW,
KLIC,Kulicke & Soffa Industries Inc,finviz_prefilter,eps_growth,,price_min;market_cap_min;avg_volume_min;revenue_growth;eps_growth;eps_next_year;operating_margin;earnings_window,False,"{'revenue_growth_yoy': 122.63, 'eps_growth_yoy': 18.2212, 'eps_next_year': 49.87, 'operating_margin': 13.059999999999999}",,Finviz via finvizfinance screener views,2026-08-07T23:30:31+02:00,2026-08-05,,2,PEAD_WINDOW,"{'failed_gate': 'eps_growth', 'actual_value': 18.2212, 'applicable_threshold': 20.0, 'distance_to_threshold': 1.7788000000000004, 'distance_to_threshold_pct': 8.894000000000002, 'formula': 'minimo: distance = threshold - actual; pct = distance / abs(threshold) * 100'}"
KMB,Kimberly-Clark Corp,finviz_prefilter,revenue_growth;eps_growth;eps_next_year,,price_min;market_cap_min;avg_volume_min;revenue_growth;eps_growth;eps_next_year;operating_margin;earnings_window,False,"{'revenue_growth_yoy': -13.99, 'eps_growth_yoy': 17.32, 'eps_next_year': 9.0, 'operating_margin': 14.219999999999999}",,Finviz via finvizfinance screener views,2026-08-07T23:30:31+02:00,2026-08-04,,3,PEAD_WINDOW,
KTOS,Kratos Defense & Security Solutions Inc,finviz_prefilter,eps_growth;operating_margin,,price_min;market_cap_min;avg_volume_min;revenue_growth;eps_growth;eps_next_year;operating_margin;earnings_window,False,"{'revenue_growth_yoy': 30.53, 'eps_growth_yoy': 26.090000000000003, 'eps_next_year': 34.12, 'operating_margin': 1.6}",,Finviz via finvizfinance screener views,2026-08-07T23:30:31+02:00,2026-08-04,,3,PEAD_WINDOW,
KYMR,Kymera Therapeutics Inc,finviz_prefilter,revenue_growth;eps_next_year;operating_margin,,price_min;market_cap_min;avg_volume_min;revenue_growth;eps_growth;eps_next_year;operating_margin;earnings_window,False,"{'revenue_growth_yoy': 4.664, 'eps_growth_yoy': 34.53, 'eps_next_year': -30.15, 'operating_margin': -3.2983}",,Finviz via finvizfinance screener views,2026-08-07T23:30:31+02:00,2026-08-05,,2,PEAD_WINDOW,
LASR,nLIGHT Inc,finviz_prefilter,operating_margin,,price_min;market_cap_min;avg_volume_min;revenue_growth;eps_growth;eps_next_year;operating_margin;earnings_window,False,"{'revenue_growth_yoy': 33.78, 'eps_growth_yoy': 67.54, 'eps_next_year': 27.13, 'operating_margin': -4.62}",,Finviz via finvizfinance screener views,2026-08-07T23:30:31+02:00,2026-08-06,,1,PEAD_WINDOW,"{'failed_gate': 'operating_margin', 'actual_value': -4.62, 'applicable_threshold': 8.0, 'distance_to_threshold': 12.620000000000001, 'distance_to_threshold_pct': 157.75, 'formula': 'minimo: distance = threshold - actual; pct = distance / abs(threshold) * 100'}"
LAUR,Laureate Education Inc,finviz_prefilter,revenue_growth,,price_min;market_cap_min;avg_volume_min;revenue_growth;eps_growth;eps_next_year;operating_margin;earnings_window,False,"{'revenue_growth_yoy': 17.5, 'eps_growth_yoy': 51.23, 'eps_next_year': 15.86, 'operating_margin': 24.42}",,Finviz via finvizfinance screener views,2026-08-07T23:30:31+02:00,2026-07-30,,8,PEAD_WINDOW,"{'failed_gate': 'revenue_growth', 'actual_value': 17.5, 'applicable_threshold': 20.0, 'distance_to_threshold': 2.5, 'distance_to_threshold_pct': 12.5, 'formula': 'minimo: distance = threshold - actual; pct = distance / abs(threshold) * 100'}"
LBRDK,Liberty Broadband Corp,finviz_prefilter,revenue_growth;eps_growth,operating_margin,price_min;market_cap_min;avg_volume_min;revenue_growth;eps_growth;eps_next_year;earnings_window,False,"{'revenue_growth_yoy': -100.0, 'eps_growth_yoy': -6.5483, 'eps_next_year': None, 'operating_margin': None}",,Finviz via finvizfinance screener views,2026-08-07T23:30:31+02:00,2026-08-06,,1,PEAD_WINDOW,
LFTO,Liftoff Mobile Inc,finviz_prefilter,eps_growth;earnings_window,,price_min;market_cap_min;avg_volume_min;revenue_growth;eps_growth;eps_next_year;operating_margin;earnings_window,False,"{'revenue_growth_yoy': 37.12, 'eps_growth_yoy': 11.7716, 'eps_next_year': None, 'operating_margin': 28.249999999999996}",,Finviz via finvizfinance screener views,2026-08-07T23:30:31+02:00,2026-08-12,5,,PRE_EARNINGS_BLACKOUT,
LGN,Legence Corp,finviz_prefilter,eps_growth;earnings_window,operating_margin,price_min;market_cap_min;avg_volume_min;revenue_growth;eps_growth;eps_next_year;earnings_window,False,"{'revenue_growth_yoy': 89.32, 'eps_growth_yoy': 1.8346, 'eps_next_year': 38.2, 'operating_margin': None}",,Finviz via finvizfinance screener views,2026-08-07T23:30:31+02:00,2026-08-13,6,,PRE_EARNINGS_BLACKOUT,
LIN,Linde Plc,finviz_prefilter,revenue_growth;eps_growth;eps_next_year,,price_min;market_cap_min;avg_volume_min;revenue_growth;eps_growth;eps_next_year;operating_margin;earnings_window,False,"{'revenue_growth_yoy': 9.35, 'eps_growth_yoy': 11.3, 'eps_next_year': 9.63, 'operating_margin': 27.1}",,Finviz via finvizfinance screener views,2026-08-07T23:30:31+02:00,2026-07-31,,7,PEAD_WINDOW,
LIND,Lindblad Expeditions Holdings Inc,finviz_prefilter,revenue_growth;operating_margin,,price_min;market_cap_min;avg_volume_min;revenue_growth;eps_growth;eps_next_year;operating_margin;earnings_window,False,"{'revenue_growth_yoy': 18.64, 'eps_growth_yoy': 87.94999999999999, 'eps_next_year': 176.35, 'operating_margin': 6.99}",,Finviz via finvizfinance screener views,2026-08-07T23:30:31+02:00,2026-08-03,,4,PEAD_WINDOW,
LINE,Lineage Inc,finviz_prefilter,revenue_growth;eps_growth;operating_margin,,price_min;market_cap_min;avg_volume_min;revenue_growth;eps_growth;eps_next_year;operating_margin;earnings_window,False,"{'revenue_growth_yoy': 0.8099999999999999, 'eps_growth_yoy': -3.855, 'eps_next_year': 26.4, 'operating_margin': 4.32}",,Finviz via finvizfinance screener views,2026-08-07T23:30:31+02:00,2026-08-05,,2,PEAD_WINDOW,
LITE,Lumentum Holdings Inc,finviz_prefilter,eps_growth;earnings_window,,price_min;market_cap_min;avg_volume_min;revenue_growth;eps_growth;eps_next_year;operating_margin;earnings_window,False,"{'revenue_growth_yoy': 90.12, 'eps_growth_yoy': 3.3276, 'eps_next_year': 125.89, 'operating_margin': 10.18}",,Finviz via finvizfinance screener views,2026-08-07T23:30:31+02:00,2026-08-11,4,,PRE_EARNINGS_BLACKOUT,
LKQ,LKQ Corp,finviz_prefilter,revenue_growth;eps_growth;operating_margin,,price_min;market_cap_min;avg_volume_min;revenue_growth;eps_growth;eps_next_year;operating_margin;earnings_window,False,"{'revenue_growth_yoy': -6.43, 'eps_growth_yoy': -27.63, 'eps_next_year': 15.2, 'operating_margin': 7.24}",,Finviz via finvizfinance screener views,2026-08-07T23:30:31+02:00,2026-07-30,,8,PEAD_WINDOW,
LNT,Alliant Energy Corp,finviz_prefilter,revenue_growth;eps_growth;eps_next_year,,price_min;market_cap_min;avg_volume_min;revenue_growth;eps_growth;eps_next_year;operating_margin;earnings_window,False,"{'revenue_growth_yoy': 1.04, 'eps_growth_yoy': -3.64, 'eps_next_year': 7.62, 'operating_margin': 22.1}",,Finviz via finvizfinance screener views,2026-08-07T23:30:31+02:00,2026-07-30,,8,PEAD_WINDOW,
LNTH,Lantheus Holdings Inc,finviz_prefilter,revenue_growth;eps_growth,,price_min;market_cap_min;avg_volume_min;revenue_growth;eps_growth;eps_next_year;operating_margin;earnings_window,False,"{'revenue_growth_yoy': 2.68, 'eps_growth_yoy': -0.8999999999999999, 'eps_next_year': 17.29, 'operating_margin': 19.45}",,Finviz via finvizfinance screener views,2026-08-07T23:30:31+02:00,2026-08-06,,1,PEAD_WINDOW,
LOGI,Logitech International SA,finviz_prefilter,revenue_growth;eps_next_year,,price_min;market_cap_min;avg_volume_min;revenue_growth;eps_growth;eps_next_year;operating_margin;earnings_window,False,"{'revenue_growth_yoy': 6.93, 'eps_growth_yoy': 65.89, 'eps_next_year': 7.66, 'operating_margin': 18.14}",,Finviz via finvizfinance screener views,2026-08-07T23:30:31+02:00,2026-07-28,,10,PEAD_WINDOW,
LQDA,Liquidia Corp,finviz_prefilter,eps_growth;earnings_window,,price_min;market_cap_min;avg_volume_min;revenue_growth;eps_growth;eps_next_year;operating_margin;earnings_window,False,"{'revenue_growth_yoy': 41.5849, 'eps_growth_yoy': 2.1605, 'eps_next_year': 76.85, 'operating_margin': 15.809999999999999}",,Finviz via finvizfinance screener views,2026-08-07T23:30:31+02:00,2026-08-12,5,,PRE_EARNINGS_BLACKOUT,
LSCC,Lattice Semiconductor Corp,finviz_prefilter,eps_growth,,price_min;market_cap_min;avg_volume_min;revenue_growth;eps_growth;eps_next_year;operating_margin;earnings_window,False,"{'revenue_growth_yoy': 62.2, 'eps_growth_yoy': 5.5094, 'eps_next_year': 50.72, 'operating_margin': 8.469999999999999}",,Finviz via finvizfinance screener views,2026-08-07T23:30:31+02:00,2026-08-04,,3,PEAD_WINDOW,"{'failed_gate': 'eps_growth', 'actual_value': 5.5094, 'applicable_threshold': 20.0, 'distance_to_threshold': 14.4906, 'distance_to_threshold_pct': 72.453, 'formula': 'minimo: distance = threshold - actual; pct = distance / abs(threshold) * 100'}"
LULU,Lululemon Athletica Inc,finviz_prefilter,revenue_growth;eps_growth;eps_next_year,,price_min;market_cap_min;avg_volume_min;revenue_growth;eps_growth;eps_next_year;operating_margin;earnings_window,False,"{'revenue_growth_yoy': 4.26, 'eps_growth_yoy': -35.120000000000005, 'eps_next_year': 3.3, 'operating_margin': 18.47}",,Finviz via finvizfinance screener views,2026-08-07T23:30:31+02:00,2026-06-04,,64,NORMAL,
LUNR,Intuitive Machines Inc,finviz_prefilter,revenue_growth;eps_growth;operating_margin;earnings_window,,price_min;market_cap_min;avg_volume_min;revenue_growth;eps_growth;eps_next_year;operating_margin;earnings_window,False,"{'revenue_growth_yoy': 1.9865, 'eps_growth_yoy': -135.53, 'eps_next_year': 103.49, 'operating_margin': -25.61}",,Finviz via finvizfinance screener views,2026-08-07T23:30:31+02:00,2026-08-13,6,,PRE_EARNINGS_BLACKOUT,
LYFT,Lyft Inc,finviz_prefilter,revenue_growth;operating_margin,,price_min;market_cap_min;avg_volume_min;revenue_growth;eps_growth;eps_next_year;operating_margin;earnings_window,False,"{'revenue_growth_yoy': 16.08, 'eps_growth_yoy': 36.41, 'eps_next_year': 75.22, 'operating_margin': -1.67}",,Finviz via finvizfinance screener views,2026-08-07T23:30:31+02:00,2026-08-06,,1,PEAD_WINDOW,
MAR,Marriott International Inc,finviz_prefilter,revenue_growth;eps_growth;eps_next_year,,price_min;market_cap_min;avg_volume_min;revenue_growth;eps_growth;eps_next_year;operating_margin;earnings_window,False,"{'revenue_growth_yoy': 4.8500000000000005, 'eps_growth_yoy': 4.26, 'eps_next_year': 11.94, 'operating_margin': 15.73}",,Finviz via finvizfinance screener views,2026-08-07T23:30:31+02:00,2026-08-03,,4,PEAD_WINDOW,
MCHP,Microchip Technology Inc,finviz_prefilter,eps_growth,,price_min;market_cap_min;avg_volume_min;revenue_growth;eps_growth;eps_next_year;operating_margin;earnings_window,False,"{'revenue_growth_yoy': 38.05, 'eps_growth_yoy': 5.2663, 'eps_next_year': 25.69, 'operating_margin': 16.23}",,Finviz via finvizfinance screener views,2026-08-07T23:30:31+02:00,2026-08-06,,1,PEAD_WINDOW,"{'failed_gate': 'eps_growth', 'actual_value': 5.2663, 'applicable_threshold': 30.0, 'distance_to_threshold': 24.7337, 'distance_to_threshold_pct': 82.44566666666667, 'formula': 'minimo: distance = threshold - actual; pct = distance / abs(threshold) * 100'}"
MDB,MongoDB Inc,finviz_prefilter,operating_margin,,price_min;market_cap_min;avg_volume_min;revenue_growth;eps_growth;eps_next_year;operating_margin;earnings_window,False,"{'revenue_growth_yoy': 25.25, 'eps_growth_yoy': 111.72, 'eps_next_year': 19.57, 'operating_margin': -4.18}",,Finviz via finvizfinance screener views,2026-08-07T23:30:31+02:00,2026-05-28,,71,NORMAL,"{'failed_gate': 'operating_margin', 'actual_value': -4.18, 'applicable_threshold': 8.0, 'distance_to_threshold': 12.18, 'distance_to_threshold_pct': 152.25, 'formula': 'minimo: distance = threshold - actual; pct = distance / abs(threshold) * 100'}"
MDLN,Medline Inc,finviz_prefilter,revenue_growth;eps_growth;eps_next_year;operating_margin,,price_min;market_cap_min;avg_volume_min;revenue_growth;eps_growth;eps_next_year;operating_margin;earnings_window,False,"{'revenue_growth_yoy': 11.600000000000001, 'eps_growth_yoy': -83.26, 'eps_next_year': 5.63, 'operating_margin': 6.5}",,Finviz via finvizfinance screener views,2026-08-07T23:30:31+02:00,2026-08-05,,2,PEAD_WINDOW,
MDLZ,Mondelez International Inc,finviz_prefilter,revenue_growth;eps_next_year,,price_min;market_cap_min;avg_volume_min;revenue_growth;eps_growth;eps_next_year;operating_margin;earnings_window,False,"{'revenue_growth_yoy': 4.130000000000001, 'eps_growth_yoy': 143.73, 'eps_next_year': 10.2, 'operating_margin': 15.840000000000002}",,Finviz via finvizfinance screener views,2026-08-07T23:30:31+02:00,2026-07-28,,10,PEAD_WINDOW,
MEOH,Methanex Corp,finviz_prefilter,eps_growth;eps_next_year,,price_min;market_cap_min;avg_volume_min;revenue_growth;eps_growth;eps_next_year;operating_margin;earnings_window,False,"{'revenue_growth_yoy': 75.17, 'eps_growth_yoy': 1.688, 'eps_next_year': -37.77, 'operating_margin': 17.37}",,Finviz via finvizfinance screener views,2026-08-07T23:30:31+02:00,2026-07-28,,10,PEAD_WINDOW,
META,Meta Platforms Inc,finviz_prefilter,eps_growth;eps_next_year,,price_min;market_cap_min;avg_volume_min;revenue_growth;eps_growth;eps_next_year;operating_margin;earnings_window,False,"{'revenue_growth_yoy': 27.96, 'eps_growth_yoy': -13.44, 'eps_next_year': 7.13, 'operating_margin': 38.080000000000005}",,Finviz via finvizfinance screener views,2026-08-07T23:30:31+02:00,2026-07-29,,9,PEAD_WINDOW,
MGNI,Magnite Inc,finviz_prefilter,revenue_growth,,price_min;market_cap_min;avg_volume_min;revenue_growth;eps_growth;eps_next_year;operating_margin;earnings_window,False,"{'revenue_growth_yoy': 11.24, 'eps_growth_yoy': 75.22999999999999, 'eps_next_year': 17.89, 'operating_margin': 15.65}",,Finviz via finvizfinance screener views,2026-08-07T23:30:31+02:00,2026-08-05,,2,PEAD_WINDOW,"{'failed_gate': 'revenue_growth', 'actual_value': 11.24, 'applicable_threshold': 20.0, 'distance_to_threshold': 8.76, 'distance_to_threshold_pct': 43.8, 'formula': 'minimo: distance = threshold - actual; pct = distance / abs(threshold) * 100'}"
MIDD,Middleby Corp,finviz_prefilter,revenue_growth;eps_growth;eps_next_year;earnings_window,,price_min;market_cap_min;avg_volume_min;revenue_growth;eps_growth;eps_next_year;operating_margin;earnings_window,False,"{'revenue_growth_yoy': -7.359999999999999, 'eps_growth_yoy': -43.87, 'eps_next_year': 9.8, 'operating_margin': 16.7}",,Finviz via finvizfinance screener views,2026-08-07T23:30:31+02:00,2026-08-11,4,,PRE_EARNINGS_BLACKOUT,
MIRM,Mirum Pharmaceuticals Inc,finviz_prefilter,eps_growth;operating_margin,,price_min;market_cap_min;avg_volume_min;revenue_growth;eps_growth;eps_next_year;operating_margin;earnings_window,False,"{'revenue_growth_yoy': 37.92, 'eps_growth_yoy': -7.9975, 'eps_next_year': 95.05, 'operating_margin': -14.760000000000002}",,Finviz via finvizfinance screener views,2026-08-07T23:30:31+02:00,2026-08-05,,2,PEAD_WINDOW,
MKSI,MKS Inc,finviz_prefilter,eps_growth,,price_min;market_cap_min;avg_volume_min;revenue_growth;eps_growth;eps_next_year;operating_margin;earnings_window,False,"{'revenue_growth_yoy': 28.26, 'eps_growth_yoy': 1.6198, 'eps_next_year': 32.87, 'operating_margin': 16.72}",,Finviz via finvizfinance screener views,2026-08-07T23:30:31+02:00,2026-08-05,,2,PEAD_WINDOW,"{'failed_gate': 'eps_growth', 'actual_value': 1.6198, 'applicable_threshold': 30.0, 'distance_to_threshold': 28.3802, 'distance_to_threshold_pct': 94.60066666666667, 'formula': 'minimo: distance = threshold - actual; pct = distance / abs(threshold) * 100'}"
MKTX,MarketAxess Holdings Inc,finviz_prefilter,revenue_growth;eps_growth;eps_next_year,,price_min;market_cap_min;avg_volume_min;revenue_growth;eps_growth;eps_next_year;operating_margin;earnings_window,False,"{'revenue_growth_yoy': -2.62, 'eps_growth_yoy': 1.17, 'eps_next_year': 9.27, 'operating_margin': 40.14}",,Finviz via finvizfinance screener views,2026-08-07T23:30:31+02:00,2026-07-30,,8,PEAD_WINDOW,
MMED,MiniMed Group Inc,finviz_prefilter,eps_next_year,revenue_growth;eps_growth;operating_margin,price_min;market_cap_min;avg_volume_min;eps_next_year;earnings_window,False,"{'revenue_growth_yoy': None, 'eps_growth_yoy': None, 'eps_next_year': 4.27, 'operating_margin': None}",,Finviz via finvizfinance screener views,2026-08-07T23:30:31+02:00,2026-06-03,,65,NORMAL,"{'failed_gate': 'eps_next_year', 'actual_value': 4.27, 'applicable_threshold': 15.0, 'distance_to_threshold': 10.73, 'distance_to_threshold_pct': 71.53333333333333, 'formula': 'minimo: distance = threshold - actual; pct = distance / abs(threshold) * 100'}"
MMSI,Merit Medical Systems Inc,finviz_prefilter,revenue_growth;eps_growth;eps_next_year,,price_min;market_cap_min;avg_volume_min;revenue_growth;eps_growth;eps_next_year;operating_margin;earnings_window,False,"{'revenue_growth_yoy': 9.83, 'eps_growth_yoy': 20.3, 'eps_next_year': 7.21, 'operating_margin': 12.690000000000001}",,Finviz via finvizfinance screener views,2026-08-07T23:30:31+02:00,2026-07-30,,8,PEAD_WINDOW,
MMYT,MakeMyTrip Ltd,finviz_prefilter,revenue_growth;eps_growth,,price_min;market_cap_min;avg_volume_min;revenue_growth;eps_growth;eps_next_year;operating_margin;earnings_window,False,"{'revenue_growth_yoy': 6.22, 'eps_growth_yoy': -61.53999999999999, 'eps_next_year': 97.7, 'operating_margin': 14.95}",,Finviz via finvizfinance screener views,2026-08-07T23:30:31+02:00,2026-08-03,,4,PEAD_WINDOW,
MNDY,Monday.Com Ltd,finviz_prefilter,eps_growth;operating_margin;earnings_window,,price_min;market_cap_min;avg_volume_min;revenue_growth;eps_growth;eps_next_year;operating_margin;earnings_window,False,"{'revenue_growth_yoy': 24.45, 'eps_growth_yoy': 10.99, 'eps_next_year': 21.41, 'operating_margin': 0.63}",,Finviz via finvizfinance screener views,2026-08-07T23:30:31+02:00,2026-08-10,3,,PRE_EARNINGS_BLACKOUT,
MNST,Monster Beverage Corp,finviz_prefilter,eps_growth;eps_next_year,,price_min;market_cap_min;avg_volume_min;revenue_growth;eps_growth;eps_next_year;operating_margin;earnings_window,False,"{'revenue_growth_yoy': 20.169999999999998, 'eps_growth_yoy': 19.07, 'eps_next_year': 13.6, 'operating_margin': 29.160000000000004}",,Finviz via finvizfinance screener views,2026-08-07T23:30:31+02:00,2026-08-06,,1,PEAD_WINDOW,
MRNA,Moderna Inc,finviz_prefilter,revenue_growth;eps_growth;operating_margin,,price_min;market_cap_min;avg_volume_min;revenue_growth;eps_growth;eps_next_year;operating_margin;earnings_window,False,"{'revenue_growth_yoy': 2.11, 'eps_growth_yoy': 7.6, 'eps_next_year': 42.76, 'operating_margin': -149.01}",,Finviz via finvizfinance screener views,2026-08-07T23:30:31+02:00,2026-07-31,,7,PEAD_WINDOW,
MRVL,Marvell Technology Inc,finviz_prefilter,eps_growth,,price_min;market_cap_min;avg_volume_min;revenue_growth;eps_growth;eps_next_year;operating_margin;earnings_window,False,"{'revenue_growth_yoy': 27.57, 'eps_growth_yoy': -81.0, 'eps_next_year': 54.14, 'operating_margin': 16.41}",,Finviz via finvizfinance screener views,2026-08-07T23:30:31+02:00,2026-05-27,,72,NORMAL,"{'failed_gate': 'eps_growth', 'actual_value': -81.0, 'applicable_threshold': 30.0, 'distance_to_threshold': 111.0, 'distance_to_threshold_pct': 370.0, 'formula': 'minimo: distance = threshold - actual; pct = distance / abs(threshold) * 100'}"
MRX,Marex Group Ltd,finviz_prefilter,eps_next_year;earnings_window,,price_min;market_cap_min;avg_volume_min;revenue_growth;eps_growth;eps_next_year;operating_margin;earnings_window,False,"{'revenue_growth_yoy': 54.03, 'eps_growth_yoy': 38.66, 'eps_next_year': 12.85, 'operating_margin': 31.34}",,Finviz via finvizfinance screener views,2026-08-07T23:30:31+02:00,2026-08-12,5,,PRE_EARNINGS_BLACKOUT,
MSFT,Microsoft Corp,finviz_prefilter,revenue_growth,,price_min;market_cap_min;avg_volume_min;revenue_growth;eps_growth;eps_next_year;operating_margin;earnings_window,False,"{'revenue_growth_yoy': 17.75, 'eps_growth_yoy': 31.65, 'eps_next_year': 19.19, 'operating_margin': 46.78}",,Finviz via finvizfinance screener views,2026-08-07T23:30:31+02:00,2026-07-29,,9,PEAD_WINDOW,"{'failed_gate': 'revenue_growth', 'actual_value': 17.75, 'applicable_threshold': 20.0, 'distance_to_threshold': 2.25, 'distance_to_threshold_pct': 11.25, 'formula': 'minimo: distance = threshold - actual; pct = distance / abs(threshold) * 100'}"
MSTR,Strategy Inc,finviz_prefilter,revenue_growth;eps_growth;operating_margin,,price_min;market_cap_min;avg_volume_min;revenue_growth;eps_growth;eps_next_year;operating_margin;earnings_window,False,"{'revenue_growth_yoy': 6.88, 'eps_growth_yoy': -1.7502, 'eps_next_year': 140.83, 'operating_margin': -8.129999999999999}",,Finviz via finvizfinance screener views,2026-08-07T23:30:31+02:00,2026-07-30,,8,PEAD_WINDOW,
MTCH,Match Group Inc,finviz_prefilter,revenue_growth,,price_min;market_cap_min;avg_volume_min;revenue_growth;eps_growth;eps_next_year;operating_margin;earnings_window,False,"{'revenue_growth_yoy': -1.23, 'eps_growth_yoy': 43.47, 'eps_next_year': 17.5, 'operating_margin': 28.15}",,Finviz via finvizfinance screener views,2026-08-07T23:30:31+02:00,2026-08-04,,3,PEAD_WINDOW,"{'failed_gate': 'revenue_growth', 'actual_value': -1.23, 'applicable_threshold': 20.0, 'distance_to_threshold': 21.23, 'distance_to_threshold_pct': 106.15, 'formula': 'minimo: distance = threshold - actual; pct = distance / abs(threshold) * 100'}"
MTSI,MACOM Technology Solutions Holdings Inc,finviz_prefilter,eps_growth,,price_min;market_cap_min;avg_volume_min;revenue_growth;eps_growth;eps_next_year;operating_margin;earnings_window,False,"{'revenue_growth_yoy': 35.77, 'eps_growth_yoy': 1.6669, 'eps_next_year': 52.87, 'operating_margin': 18.11}",,Finviz via finvizfinance screener views,2026-08-07T23:30:31+02:00,2026-08-06,,1,PEAD_WINDOW,"{'failed_gate': 'eps_growth', 'actual_value': 1.6669, 'applicable_threshold': 30.0, 'distance_to_threshold': 28.3331, 'distance_to_threshold_pct': 94.44366666666667, 'formula': 'minimo: distance = threshold - actual; pct = distance / abs(threshold) * 100'}"
MU,Micron Technology Inc,finviz_prefilter,revenue_growth;eps_growth,,price_min;market_cap_min;avg_volume_min;revenue_growth;eps_growth;eps_next_year;operating_margin;earnings_window,False,"{'revenue_growth_yoy': 3.4572, 'eps_growth_yoy': 13.7209, 'eps_next_year': 111.24, 'operating_margin': 65.75}",,Finviz via finvizfinance screener views,2026-08-07T23:30:31+02:00,2026-06-24,,44,NORMAL,
MWH,SOLV Energy Inc,finviz_prefilter,earnings_window,revenue_growth;eps_growth;operating_margin,price_min;market_cap_min;avg_volume_min;eps_next_year;earnings_window,False,"{'revenue_growth_yoy': None, 'eps_growth_yoy': None, 'eps_next_year': 54.62, 'operating_margin': None}",,Finviz via finvizfinance screener views,2026-08-07T23:30:31+02:00,2026-08-13,6,,PRE_EARNINGS_BLACKOUT,"{'failed_gate': 'earnings_window', 'actual_value': 6, 'applicable_threshold': 7, 'distance_to_threshold': 7, 'distance_to_threshold_pct': None, 'days_to_exit_blackout': 7, 'formula': 'days_to_exit_blackout = days_to_earnings + 1 (giorni; nessuna %)'}"
MXL,MaxLinear Inc,finviz_prefilter,operating_margin,,price_min;market_cap_min;avg_volume_min;revenue_growth;eps_growth;eps_next_year;operating_margin;earnings_window,False,"{'revenue_growth_yoy': 55.169999999999995, 'eps_growth_yoy': 105.89999999999999, 'eps_next_year': 54.03, 'operating_margin': -11.600000000000001}",,Finviz via finvizfinance screener views,2026-08-07T23:30:31+02:00,2026-07-23,,15,PEAD_WINDOW,"{'failed_gate': 'operating_margin', 'actual_value': -11.600000000000001, 'applicable_threshold': 8.0, 'distance_to_threshold': 19.6, 'distance_to_threshold_pct': 245.00000000000003, 'formula': 'minimo: distance = threshold - actual; pct = distance / abs(threshold) * 100'}"
NAMS,NewAmsterdam Pharma Company NV,finviz_prefilter,revenue_growth;eps_growth;operating_margin,,price_min;market_cap_min;avg_volume_min;revenue_growth;eps_growth;eps_next_year;operating_margin;earnings_window,False,"{'revenue_growth_yoy': -80.67, 'eps_growth_yoy': -2.5488, 'eps_next_year': 17.34, 'operating_margin': -34.322}",,Finviz via finvizfinance screener views,2026-08-07T23:30:31+02:00,2026-08-05,,2,PEAD_WINDOW,
NAVN,Navan Inc,finviz_prefilter,operating_margin,,price_min;market_cap_min;avg_volume_min;revenue_growth;eps_growth;eps_next_year;operating_margin;earnings_window,False,"{'revenue_growth_yoy': 39.86, 'eps_growth_yoy': 66.82000000000001, 'eps_next_year': 51.81, 'operating_margin': -24.89}",,Finviz via finvizfinance screener views,2026-08-07T23:30:31+02:00,2026-06-10,,58,NORMAL,"{'failed_gate': 'operating_margin', 'actual_value': -24.89, 'applicable_threshold': 8.0, 'distance_to_threshold': 32.89, 'distance_to_threshold_pct': 411.125, 'formula': 'minimo: distance = threshold - actual; pct = distance / abs(threshold) * 100'}"
NBIS,Nebius Group NV,finviz_prefilter,revenue_growth;eps_growth;eps_next_year;operating_margin;earnings_window,,price_min;market_cap_min;avg_volume_min;revenue_growth;eps_growth;eps_next_year;operating_margin;earnings_window,False,"{'revenue_growth_yoy': 6.2152, 'eps_growth_yoy': 5.214, 'eps_next_year': -32.26, 'operating_margin': -68.78999999999999}",,Finviz via finvizfinance screener views,2026-08-07T23:30:31+02:00,2026-08-12,5,,PRE_EARNINGS_BLACKOUT,
NCNO,Ncino Inc,finviz_prefilter,revenue_growth;eps_growth;operating_margin,,price_min;market_cap_min;avg_volume_min;revenue_growth;eps_growth;eps_next_year;operating_margin;earnings_window,False,"{'revenue_growth_yoy': 10.6, 'eps_growth_yoy': 1.6122, 'eps_next_year': 17.26, 'operating_margin': 7.000000000000001}",,Finviz via finvizfinance screener views,2026-08-07T23:30:31+02:00,2026-05-27,,72,NORMAL,
NDAQ,Nasdaq Inc,finviz_prefilter,eps_growth;eps_next_year,,price_min;market_cap_min;avg_volume_min;revenue_growth;eps_growth;eps_next_year;operating_margin;earnings_window,False,"{'revenue_growth_yoy': 21.15, 'eps_growth_yoy': 14.38, 'eps_next_year': 12.96, 'operating_margin': 30.78}",,Finviz via finvizfinance screener views,2026-08-07T23:30:31+02:00,2026-07-23,,15,PEAD_WINDOW,
NEO,Neogenomics Inc,finviz_prefilter,revenue_growth;operating_margin,,price_min;market_cap_min;avg_volume_min;revenue_growth;eps_growth;eps_next_year;operating_margin;earnings_window,False,"{'revenue_growth_yoy': 11.21, 'eps_growth_yoy': 104.85, 'eps_next_year': 85.08, 'operating_margin': -7.03}",,Finviz via finvizfinance screener views,2026-08-07T23:30:31+02:00,2026-07-28,,10,PEAD_WINDOW,
NESR,National Energy Services Reunited Corp,finviz_prefilter,operating_margin;earnings_window,,price_min;market_cap_min;avg_volume_min;revenue_growth;eps_growth;eps_next_year;operating_margin;earnings_window,False,"{'revenue_growth_yoy': 33.48, 'eps_growth_yoy': 115.55, 'eps_next_year': 45.87, 'operating_margin': 7.960000000000001}",,Finviz via finvizfinance screener views,2026-08-07T23:30:31+02:00,2026-08-10,3,,PRE_EARNINGS_BLACKOUT,
NFLX,Netflix Inc,finviz_prefilter,revenue_growth;eps_growth;eps_next_year,,price_min;market_cap_min;avg_volume_min;revenue_growth;eps_growth;eps_next_year;operating_margin;earnings_window,False,"{'revenue_growth_yoy': 13.41, 'eps_growth_yoy': 11.06, 'eps_next_year': 6.04, 'operating_margin': 30.25}",,Finviz via finvizfinance screener views,2026-08-07T23:30:31+02:00,2026-07-16,,22,NORMAL,
NKTR,Nektar Therapeutics,finviz_prefilter,revenue_growth;eps_next_year;operating_margin;earnings_window,,price_min;market_cap_min;avg_volume_min;revenue_growth;eps_growth;eps_next_year;operating_margin;earnings_window,False,"{'revenue_growth_yoy': 3.83, 'eps_growth_yoy': 49.830000000000005, 'eps_next_year': -20.31, 'operating_margin': -2.2408}",,Finviz via finvizfinance screener views,2026-08-07T23:30:31+02:00,2026-08-13,6,,PRE_EARNINGS_BLACKOUT,
NN,NextNav Inc,finviz_prefilter,revenue_growth;eps_next_year;operating_margin;earnings_window,,price_min;market_cap_min;avg_volume_min;revenue_growth;eps_growth;eps_next_year;operating_margin;earnings_window,False,"{'revenue_growth_yoy': -35.35, 'eps_growth_yoy': 73.32, 'eps_next_year': -11.58, 'operating_margin': -18.0122}",,Finviz via finvizfinance screener views,2026-08-07T23:30:31+02:00,2026-08-11,4,,PRE_EARNINGS_BLACKOUT,
NRIX,Nurix Therapeutics Inc,finviz_prefilter,revenue_growth;eps_growth;operating_margin,,price_min;market_cap_min;avg_volume_min;revenue_growth;eps_growth;eps_next_year;operating_margin;earnings_window,False,"{'revenue_growth_yoy': -79.47, 'eps_growth_yoy': -55.54, 'eps_next_year': 26.0, 'operating_margin': -9.8237}",,Finviz via finvizfinance screener views,2026-08-07T23:30:31+02:00,2026-07-09,,29,NORMAL,
NTAP,Netapp Inc,finviz_prefilter,revenue_growth;eps_growth;eps_next_year,,price_min;market_cap_min;avg_volume_min;revenue_growth;eps_growth;eps_next_year;operating_margin;earnings_window,False,"{'revenue_growth_yoy': 12.46, 'eps_growth_yoy': 23.01, 'eps_next_year': 10.5, 'operating_margin': 24.45}",,Finviz via finvizfinance screener views,2026-08-07T23:30:31+02:00,2026-05-28,,71,NORMAL,
NTNX,Nutanix Inc,finviz_prefilter,revenue_growth;eps_growth;eps_next_year,,price_min;market_cap_min;avg_volume_min;revenue_growth;eps_growth;eps_next_year;operating_margin;earnings_window,False,"{'revenue_growth_yoy': 10.03, 'eps_growth_yoy': 19.25, 'eps_next_year': 13.62, 'operating_margin': 8.74}",,Finviz via finvizfinance screener views,2026-08-07T23:30:31+02:00,2026-05-27,,72,NORMAL,
NTRA,Natera Inc,finviz_prefilter,operating_margin,,price_min;market_cap_min;avg_volume_min;revenue_growth;eps_growth;eps_next_year;operating_margin;earnings_window,False,"{'revenue_growth_yoy': 37.71, 'eps_growth_yoy': 36.85, 'eps_next_year': 91.04, 'operating_margin': -10.56}",,Finviz via finvizfinance screener views,2026-08-07T23:30:31+02:00,2026-08-06,,1,PEAD_WINDOW,"{'failed_gate': 'operating_margin', 'actual_value': -10.56, 'applicable_threshold': 8.0, 'distance_to_threshold': 18.560000000000002, 'distance_to_threshold_pct': 232.00000000000003, 'formula': 'minimo: distance = threshold - actual; pct = distance / abs(threshold) * 100'}"
NTRS,Northern Trust Corp,finviz_prefilter,revenue_growth;eps_next_year,,price_min;market_cap_min;avg_volume_min;revenue_growth;eps_growth;eps_next_year;operating_margin;earnings_window,False,"{'revenue_growth_yoy': 17.18, 'eps_growth_yoy': 98.21, 'eps_next_year': 9.29, 'operating_margin': 13.389999999999999}",,Finviz via finvizfinance screener views,2026-08-07T23:30:31+02:00,2026-07-22,,16,NORMAL,
NVDA,NVIDIA Corp,finviz_prefilter,eps_growth,,price_min;market_cap_min;avg_volume_min;revenue_growth;eps_growth;eps_next_year;operating_margin;earnings_window,False,"{'revenue_growth_yoy': 85.22999999999999, 'eps_growth_yoy': 2.1342, 'eps_next_year': 42.0, 'operating_margin': 64.02}",,Finviz via finvizfinance screener views,2026-08-07T23:30:31+02:00,2026-08-26,19,,NORMAL,"{'failed_gate': 'eps_growth', 'actual_value': 2.1342, 'applicable_threshold': 20.0, 'distance_to_threshold': 17.8658, 'distance_to_threshold_pct': 89.32900000000001, 'formula': 'minimo: distance = threshold - actual; pct = distance / abs(threshold) * 100'}"
NWBI,Northwest Bancshares Inc,finviz_prefilter,revenue_growth;eps_next_year,,price_min;market_cap_min;avg_volume_min;revenue_growth;eps_growth;eps_next_year;operating_margin;earnings_window,False,"{'revenue_growth_yoy': 18.310000000000002, 'eps_growth_yoy': 38.519999999999996, 'eps_next_year': 2.93, 'operating_margin': 25.03}",,Finviz via finvizfinance screener views,2026-08-07T23:30:31+02:00,2026-07-27,,11,PEAD_WINDOW,
NWS,News Corp,finviz_prefilter,revenue_growth;eps_growth,,price_min;market_cap_min;avg_volume_min;revenue_growth;eps_growth;eps_next_year;operating_margin;earnings_window,False,"{'revenue_growth_yoy': 10.81, 'eps_growth_yoy': 5.8653, 'eps_next_year': 15.94, 'operating_margin': 12.64}",,Finviz via finvizfinance screener views,2026-08-07T23:30:31+02:00,2026-08-05,,2,PEAD_WINDOW,
NWSA,News Corp,finviz_prefilter,revenue_growth;eps_growth,,price_min;market_cap_min;avg_volume_min;revenue_growth;eps_growth;eps_next_year;operating_margin;earnings_window,False,"{'revenue_growth_yoy': 10.81, 'eps_growth_yoy': 5.8653, 'eps_next_year': 15.94, 'operating_margin': 12.64}",,Finviz via finvizfinance screener views,2026-08-07T23:30:31+02:00,2026-08-05,,2,PEAD_WINDOW,
NXPI,NXP Semiconductors NV,finviz_prefilter,revenue_growth,,price_min;market_cap_min;avg_volume_min;revenue_growth;eps_growth;eps_next_year;operating_margin;earnings_window,False,"{'revenue_growth_yoy': 19.48, 'eps_growth_yoy': 72.23, 'eps_next_year': 20.53, 'operating_margin': 28.7}",,Finviz via finvizfinance screener views,2026-08-07T23:30:31+02:00,2026-07-28,,10,PEAD_WINDOW,"{'failed_gate': 'revenue_growth', 'actual_value': 19.48, 'applicable_threshold': 20.0, 'distance_to_threshold': 0.5199999999999996, 'distance_to_threshold_pct': 2.599999999999998, 'formula': 'minimo: distance = threshold - actual; pct = distance / abs(threshold) * 100'}"
NXT,Nextpower Inc,finviz_prefilter,revenue_growth;eps_growth,,price_min;market_cap_min;avg_volume_min;revenue_growth;eps_growth;eps_next_year;operating_margin;earnings_window,False,"{'revenue_growth_yoy': 8.21, 'eps_growth_yoy': 2.32, 'eps_next_year': 21.74, 'operating_margin': 19.7}",,Finviz via finvizfinance screener views,2026-08-07T23:30:31+02:00,2026-07-30,,8,PEAD_WINDOW,
OCTV,Octave Intelligence Plc,finviz_prefilter,eps_next_year;earnings_window,revenue_growth;eps_growth;operating_margin,price_min;market_cap_min;avg_volume_min;eps_next_year;earnings_window,False,"{'revenue_growth_yoy': None, 'eps_growth_yoy': None, 'eps_next_year': 4.43, 'operating_margin': None}",,Finviz via finvizfinance screener views,2026-08-07T23:30:31+02:00,2026-08-12,5,,PRE_EARNINGS_BLACKOUT,
ODFL,Old Dominion Freight Line Inc,finviz_prefilter,revenue_growth;eps_next_year,,price_min;market_cap_min;avg_volume_min;revenue_growth;eps_growth;eps_next_year;operating_margin;earnings_window,False,"{'revenue_growth_yoy': 10.39, 'eps_growth_yoy': 32.68, 'eps_next_year': 14.2, 'operating_margin': 25.990000000000002}",,Finviz via finvizfinance screener views,2026-08-07T23:30:31+02:00,2026-07-29,,9,PEAD_WINDOW,
OKTA,Okta Inc,finviz_prefilter,revenue_growth;eps_growth;eps_next_year;operating_margin,,price_min;market_cap_min;avg_volume_min;revenue_growth;eps_growth;eps_next_year;operating_margin;earnings_window,False,"{'revenue_growth_yoy': 11.19, 'eps_growth_yoy': 20.1, 'eps_next_year': 10.81, 'operating_margin': 5.67}",,Finviz via finvizfinance screener views,2026-08-07T23:30:31+02:00,2026-05-28,,71,NORMAL,
OLED,Universal Display Corp,finviz_prefilter,revenue_growth;eps_growth;eps_next_year,,price_min;market_cap_min;avg_volume_min;revenue_growth;eps_growth;eps_next_year;operating_margin;earnings_window,False,"{'revenue_growth_yoy': -11.43, 'eps_growth_yoy': -24.92, 'eps_next_year': 12.86, 'operating_margin': 34.4}",,Finviz via finvizfinance screener views,2026-08-07T23:30:31+02:00,2026-07-30,,8,PEAD_WINDOW,
OLLI,Ollies Bargain Outlet Holdings Inc,finviz_prefilter,revenue_growth;eps_growth;eps_next_year,,price_min;market_cap_min;avg_volume_min;revenue_growth;eps_growth;eps_next_year;operating_margin;earnings_window,False,"{'revenue_growth_yoy': 14.249999999999998, 'eps_growth_yoy': 19.79, 'eps_next_year': 13.39, 'operating_margin': 12.31}",,Finviz via finvizfinance screener views,2026-08-07T23:30:31+02:00,2026-06-03,,65,NORMAL,
ON,ON Semiconductor Corp,finviz_prefilter,revenue_growth,,price_min;market_cap_min;avg_volume_min;revenue_growth;eps_growth;eps_next_year;operating_margin;earnings_window,False,"{'revenue_growth_yoy': 9.180000000000001, 'eps_growth_yoy': 36.51, 'eps_next_year': 41.68, 'operating_margin': 18.16}",,Finviz via finvizfinance screener views,2026-08-07T23:30:31+02:00,2026-08-03,,4,PEAD_WINDOW,"{'failed_gate': 'revenue_growth', 'actual_value': 9.180000000000001, 'applicable_threshold': 20.0, 'distance_to_threshold': 10.819999999999999, 'distance_to_threshold_pct': 54.099999999999994, 'formula': 'minimo: distance = threshold - actual; pct = distance / abs(threshold) * 100'}"
ONB,Old National Bancorp,finviz_prefilter,revenue_growth;eps_next_year,,price_min;market_cap_min;avg_volume_min;revenue_growth;eps_growth;eps_next_year;operating_margin;earnings_window,False,"{'revenue_growth_yoy': 9.55, 'eps_growth_yoy': 93.78, 'eps_next_year': 10.92, 'operating_margin': 30.14}",,Finviz via finvizfinance screener views,2026-08-07T23:30:31+02:00,2026-07-22,,16,NORMAL,
OPCH,Option Care Health Inc,finviz_prefilter,revenue_growth;eps_growth;eps_next_year;operating_margin,,price_min;market_cap_min;avg_volume_min;revenue_growth;eps_growth;eps_next_year;operating_margin;earnings_window,False,"{'revenue_growth_yoy': 1.8599999999999999, 'eps_growth_yoy': 14.13, 'eps_next_year': 10.82, 'operating_margin': 5.86}",,Finviz via finvizfinance screener views,2026-08-07T23:30:31+02:00,2026-07-29,,9,PEAD_WINDOW,
ORLY,O'Reilly Automotive Inc,finviz_prefilter,revenue_growth;eps_growth;eps_next_year,,price_min;market_cap_min;avg_volume_min;revenue_growth;eps_growth;eps_next_year;operating_margin;earnings_window,False,"{'revenue_growth_yoy': 8.110000000000001, 'eps_growth_yoy': 10.43, 'eps_next_year': 11.31, 'operating_margin': 19.56}",,Finviz via finvizfinance screener views,2026-08-07T23:30:31+02:00,2026-07-29,,9,PEAD_WINDOW,
OSW,OneSpaWorld Holdings Limited,finviz_prefilter,revenue_growth;eps_growth;eps_next_year,,price_min;market_cap_min;avg_volume_min;revenue_growth;eps_growth;eps_next_year;operating_margin;earnings_window,False,"{'revenue_growth_yoy': 8.52, 'eps_growth_yoy': 17.72, 'eps_next_year': 13.49, 'operating_margin': 9.5}",,Finviz via finvizfinance screener views,2026-08-07T23:30:31+02:00,2026-07-29,,9,PEAD_WINDOW,
OTEX,Open Text Corp,finviz_prefilter,revenue_growth;eps_growth;eps_next_year,,price_min;market_cap_min;avg_volume_min;revenue_growth;eps_growth;eps_next_year;operating_margin;earnings_window,False,"{'revenue_growth_yoy': 2.94, 'eps_growth_yoy': 4.7337, 'eps_next_year': 6.32, 'operating_margin': 23.169999999999998}",,Finviz via finvizfinance screener views,2026-08-07T23:30:31+02:00,2026-08-06,,1,PEAD_WINDOW,
OUST,Ouster Inc,finviz_prefilter,operating_margin,,price_min;market_cap_min;avg_volume_min;revenue_growth;eps_growth;eps_next_year;operating_margin;earnings_window,False,"{'revenue_growth_yoy': 55.86, 'eps_growth_yoy': 27.46, 'eps_next_year': 50.68, 'operating_margin': -38.79}",,Finviz via finvizfinance screener views,2026-08-07T23:30:31+02:00,2026-08-06,,1,PEAD_WINDOW,"{'failed_gate': 'operating_margin', 'actual_value': -38.79, 'applicable_threshold': 8.0, 'distance_to_threshold': 46.79, 'distance_to_threshold_pct': 584.875, 'formula': 'minimo: distance = threshold - actual; pct = distance / abs(threshold) * 100'}"
OZK,Bank OZK,finviz_prefilter,revenue_growth;eps_growth;eps_next_year,,price_min;market_cap_min;avg_volume_min;revenue_growth;eps_growth;eps_next_year;operating_margin;earnings_window,False,"{'revenue_growth_yoy': -3.82, 'eps_growth_yoy': -5.72, 'eps_next_year': 4.67, 'operating_margin': 32.35}",,Finviz via finvizfinance screener views,2026-08-07T23:30:31+02:00,2026-07-21,,17,NORMAL,
PAA,Plains All American Pipeline LP,finviz_prefilter,revenue_growth;eps_growth;eps_next_year;operating_margin;earnings_window,,price_min;market_cap_min;avg_volume_min;revenue_growth;eps_growth;eps_next_year;operating_margin;earnings_window,False,"{'revenue_growth_yoy': 2.8000000000000003, 'eps_growth_yoy': -70.94, 'eps_next_year': 6.28, 'operating_margin': 2.96}",,Finviz via finvizfinance screener views,2026-08-07T23:30:31+02:00,2026-08-07,0,,PRE_EARNINGS_BLACKOUT,
PAGP,Plains GP Holdings LP,finviz_prefilter,revenue_growth;eps_growth;operating_margin;earnings_window,,price_min;market_cap_min;avg_volume_min;revenue_growth;eps_growth;eps_next_year;operating_margin;earnings_window,False,"{'revenue_growth_yoy': 2.8000000000000003, 'eps_growth_yoy': -76.19, 'eps_next_year': 33.31, 'operating_margin': 2.91}",,Finviz via finvizfinance screener views,2026-08-07T23:30:31+02:00,2026-08-07,0,,PRE_EARNINGS_BLACKOUT,
PANW,Palo Alto Networks Inc,finviz_prefilter,eps_growth;eps_next_year;operating_margin,,price_min;market_cap_min;avg_volume_min;revenue_growth;eps_growth;eps_next_year;operating_margin;earnings_window,False,"{'revenue_growth_yoy': 31.15, 'eps_growth_yoy': -1.5965, 'eps_next_year': 8.97, 'operating_margin': 7.39}",,Finviz via finvizfinance screener views,2026-08-07T23:30:31+02:00,2026-06-02,,66,NORMAL,
PAYX,Paychex Inc,finviz_prefilter,revenue_growth;eps_next_year,,price_min;market_cap_min;avg_volume_min;revenue_growth;eps_growth;eps_next_year;operating_margin;earnings_window,False,"{'revenue_growth_yoy': 12.49, 'eps_growth_yoy': 43.14, 'eps_next_year': 7.4, 'operating_margin': 45.08}",,Finviz via finvizfinance screener views,2026-08-07T23:30:31+02:00,2026-06-24,,44,NORMAL,
PCAR,Paccar Inc,finviz_prefilter,revenue_growth;eps_growth,,price_min;market_cap_min;avg_volume_min;revenue_growth;eps_growth;eps_next_year;operating_margin;earnings_window,False,"{'revenue_growth_yoy': 0.5499999999999999, 'eps_growth_yoy': 3.7199999999999998, 'eps_next_year': 20.33, 'operating_margin': 10.37}",,Finviz via finvizfinance screener views,2026-08-07T23:30:31+02:00,2026-07-28,,10,PEAD_WINDOW,
PCTY,Paylocity Holding Corp,finviz_prefilter,revenue_growth;eps_growth;eps_next_year,,price_min;market_cap_min;avg_volume_min;revenue_growth;eps_growth;eps_next_year;operating_margin;earnings_window,False,"{'revenue_growth_yoy': 10.979999999999999, 'eps_growth_yoy': 29.34, 'eps_next_year': 9.69, 'operating_margin': 22.14}",,Finviz via finvizfinance screener views,2026-08-07T23:30:31+02:00,2026-08-04,,3,PEAD_WINDOW,
PDFS,PDF Solutions Inc,finviz_prefilter,revenue_growth;eps_growth,,price_min;market_cap_min;avg_volume_min;revenue_growth;eps_growth;eps_next_year;operating_margin;earnings_window,False,"{'revenue_growth_yoy': 18.95, 'eps_growth_yoy': 2.5, 'eps_next_year': 25.53, 'operating_margin': 8.15}",,Finviz via finvizfinance screener views,2026-08-07T23:30:31+02:00,2026-08-06,,1,PEAD_WINDOW,
PECO,Phillips Edison & Company Inc,finviz_prefilter,revenue_growth;eps_growth;eps_next_year,,price_min;market_cap_min;avg_volume_min;revenue_growth;eps_growth;eps_next_year;operating_margin;earnings_window,False,"{'revenue_growth_yoy': 6.550000000000001, 'eps_growth_yoy': 2.5337, 'eps_next_year': 5.38, 'operating_margin': 28.910000000000004}",,Finviz via finvizfinance screener views,2026-08-07T23:30:31+02:00,2026-07-23,,15,PEAD_WINDOW,
PEGA,Pegasystems Inc,finviz_prefilter,revenue_growth;eps_growth;eps_next_year,,price_min;market_cap_min;avg_volume_min;revenue_growth;eps_growth;eps_next_year;operating_margin;earnings_window,False,"{'revenue_growth_yoy': 9.42, 'eps_growth_yoy': -53.0, 'eps_next_year': 7.83, 'operating_margin': 11.32}",,Finviz via finvizfinance screener views,2026-08-07T23:30:31+02:00,2026-07-21,,17,NORMAL,
PENN,PENN Entertainment Inc,finviz_prefilter,revenue_growth;eps_growth;operating_margin,,price_min;market_cap_min;avg_volume_min;revenue_growth;eps_growth;eps_next_year;operating_margin;earnings_window,False,"{'revenue_growth_yoy': 5.24, 'eps_growth_yoy': 3.0548, 'eps_next_year': 72.87, 'operating_margin': 5.489999999999999}",,Finviz via finvizfinance screener views,2026-08-07T23:30:31+02:00,2026-08-06,,1,PEAD_WINDOW,
PEP,PepsiCo Inc,finviz_prefilter,revenue_growth;eps_next_year,,price_min;market_cap_min;avg_volume_min;revenue_growth;eps_growth;eps_next_year;operating_margin;earnings_window,False,"{'revenue_growth_yoy': 6.41, 'eps_growth_yoy': 136.71, 'eps_next_year': 4.81, 'operating_margin': 15.55}",,Finviz via finvizfinance screener views,2026-08-07T23:30:31+02:00,2026-07-09,,29,NORMAL,
PFG,Principal Financial Group Inc,finviz_prefilter,revenue_growth;eps_growth;eps_next_year,,price_min;market_cap_min;avg_volume_min;revenue_growth;eps_growth;eps_next_year;operating_margin;earnings_window,False,"{'revenue_growth_yoy': 6.39, 'eps_growth_yoy': 2.85, 'eps_next_year': 9.12, 'operating_margin': 11.87}",,Finviz via finvizfinance screener views,2026-08-07T23:30:31+02:00,2026-07-27,,11,PEAD_WINDOW,
PGNY,Progyny Inc,finviz_prefilter,revenue_growth,,price_min;market_cap_min;avg_volume_min;revenue_growth;eps_growth;eps_next_year;operating_margin;earnings_window,False,"{'revenue_growth_yoy': 5.3, 'eps_growth_yoy': 78.10000000000001, 'eps_next_year': 16.87, 'operating_margin': 8.55}",,Finviz via finvizfinance screener views,2026-08-07T23:30:31+02:00,2026-08-06,,1,PEAD_WINDOW,"{'failed_gate': 'revenue_growth', 'actual_value': 5.3, 'applicable_threshold': 20.0, 'distance_to_threshold': 14.7, 'distance_to_threshold_pct': 73.5, 'formula': 'minimo: distance = threshold - actual; pct = distance / abs(threshold) * 100'}"
PLTR,Palantir Technologies Inc,finviz_prefilter,eps_growth,,price_min;market_cap_min;avg_volume_min;revenue_growth;eps_growth;eps_next_year;operating_margin;earnings_window,False,"{'revenue_growth_yoy': 92.83, 'eps_growth_yoy': 2.2157, 'eps_next_year': 42.59, 'operating_margin': 42.8}",,Finviz via finvizfinance screener views,2026-08-07T23:30:31+02:00,2026-08-03,,4,PEAD_WINDOW,"{'failed_gate': 'eps_growth', 'actual_value': 2.2157, 'applicable_threshold': 20.0, 'distance_to_threshold': 17.7843, 'distance_to_threshold_pct': 88.92150000000001, 'formula': 'minimo: distance = threshold - actual; pct = distance / abs(threshold) * 100'}"
PODD,Insulet Corp,finviz_prefilter,eps_growth,,price_min;market_cap_min;avg_volume_min;revenue_growth;eps_growth;eps_next_year;operating_margin;earnings_window,False,"{'revenue_growth_yoy': 23.51, 'eps_growth_yoy': 2.3476, 'eps_next_year': 18.8, 'operating_margin': 16.88}",,Finviz via finvizfinance screener views,2026-08-07T23:30:31+02:00,2026-08-05,,2,PEAD_WINDOW,"{'failed_gate': 'eps_growth', 'actual_value': 2.3476, 'applicable_threshold': 30.0, 'distance_to_threshold': 27.6524, 'distance_to_threshold_pct': 92.17466666666667, 'formula': 'minimo: distance = threshold - actual; pct = distance / abs(threshold) * 100'}"
POOL,Pool Corp,finviz_prefilter,revenue_growth;eps_growth;eps_next_year,,price_min;market_cap_min;avg_volume_min;revenue_growth;eps_growth;eps_next_year;operating_margin;earnings_window,False,"{'revenue_growth_yoy': 2.15, 'eps_growth_yoy': 0.13999999999999999, 'eps_next_year': 7.69, 'operating_margin': 10.76}",,Finviz via finvizfinance screener views,2026-08-07T23:30:31+02:00,2026-07-23,,15,PEAD_WINDOW,
POWI,Power Integrations Inc,finviz_prefilter,revenue_growth;eps_growth;operating_margin,,price_min;market_cap_min;avg_volume_min;revenue_growth;eps_growth;eps_next_year;operating_margin;earnings_window,False,"{'revenue_growth_yoy': 2.6599999999999997, 'eps_growth_yoy': 6.1358, 'eps_next_year': 34.82, 'operating_margin': 7.93}",,Finviz via finvizfinance screener views,2026-08-07T23:30:31+02:00,2026-08-05,,2,PEAD_WINDOW,
POWL,Powell Industries Inc,finviz_prefilter,revenue_growth;eps_growth,,price_min;market_cap_min;avg_volume_min;revenue_growth;eps_growth;eps_next_year;operating_margin;earnings_window,False,"{'revenue_growth_yoy': 8.9, 'eps_growth_yoy': 7.91, 'eps_next_year': 21.79, 'operating_margin': 19.79}",,Finviz via finvizfinance screener views,2026-08-07T23:30:31+02:00,2026-08-03,,4,PEAD_WINDOW,
PPC,Pilgrim's Pride Corp,finviz_prefilter,revenue_growth;eps_growth;operating_margin,,price_min;market_cap_min;avg_volume_min;revenue_growth;eps_growth;eps_next_year;operating_margin;earnings_window,False,"{'revenue_growth_yoy': -2.83, 'eps_growth_yoy': -96.24000000000001, 'eps_next_year': 16.34, 'operating_margin': 6.419999999999999}",,Finviz via finvizfinance screener views,2026-08-07T23:30:31+02:00,2026-07-29,,9,PEAD_WINDOW,
PPLI,People Inc,finviz_prefilter,revenue_growth;eps_growth;eps_next_year;operating_margin,,price_min;market_cap_min;avg_volume_min;revenue_growth;eps_growth;eps_next_year;operating_margin;earnings_window,False,"{'revenue_growth_yoy': -25.590000000000003, 'eps_growth_yoy': 1.609, 'eps_next_year': -79.23, 'operating_margin': 0.9199999999999999}",,Finviz via finvizfinance screener views,2026-08-07T23:30:31+02:00,2026-08-03,,4,PEAD_WINDOW,
PRVA,Privia Health Group Inc,finviz_prefilter,eps_growth;operating_margin,,price_min;market_cap_min;avg_volume_min;revenue_growth;eps_growth;eps_next_year;operating_margin;earnings_window,False,"{'revenue_growth_yoy': 21.39, 'eps_growth_yoy': 2.3493, 'eps_next_year': 68.72, 'operating_margin': 1.9}",,Finviz via finvizfinance screener views,2026-08-07T23:30:31+02:00,2026-08-06,,1,PEAD_WINDOW,
PTC,PTC Inc,finviz_prefilter,revenue_growth;eps_growth;eps_next_year,,price_min;market_cap_min;avg_volume_min;revenue_growth;eps_growth;eps_next_year;operating_margin;earnings_window,False,"{'revenue_growth_yoy': -6.819999999999999, 'eps_growth_yoy': -11.940000000000001, 'eps_next_year': 8.67, 'operating_margin': 39.78}",,Finviz via finvizfinance screener views,2026-08-07T23:30:31+02:00,2026-07-29,,9,PEAD_WINDOW,
PTCT,PTC Therapeutics Inc,finviz_prefilter,eps_growth,,price_min;market_cap_min;avg_volume_min;revenue_growth;eps_growth;eps_next_year;operating_margin;earnings_window,False,"{'revenue_growth_yoy': 101.55000000000001, 'eps_growth_yoy': 2.106, 'eps_next_year': 92.96, 'operating_margin': 11.57}",,Finviz via finvizfinance screener views,2026-08-07T23:30:31+02:00,2026-07-30,,8,PEAD_WINDOW,"{'failed_gate': 'eps_growth', 'actual_value': 2.106, 'applicable_threshold': 20.0, 'distance_to_threshold': 17.894, 'distance_to_threshold_pct': 89.47, 'formula': 'minimo: distance = threshold - actual; pct = distance / abs(threshold) * 100'}"
PTRN,Pattern Group Inc,finviz_prefilter,operating_margin,,price_min;market_cap_min;avg_volume_min;revenue_growth;eps_growth;eps_next_year;operating_margin;earnings_window,False,"{'revenue_growth_yoy': 46.58, 'eps_growth_yoy': 62.529999999999994, 'eps_next_year': 26.59, 'operating_margin': 1.3599999999999999}",,Finviz via finvizfinance screener views,2026-08-07T23:30:31+02:00,2026-08-05,,2,PEAD_WINDOW,"{'failed_gate': 'operating_margin', 'actual_value': 1.3599999999999999, 'applicable_threshold': 8.0, 'distance_to_threshold': 6.640000000000001, 'distance_to_threshold_pct': 83.0, 'formula': 'minimo: distance = threshold - actual; pct = distance / abs(threshold) * 100'}"
PYPL,PayPal Holdings Inc,finviz_prefilter,revenue_growth;eps_growth;eps_next_year,,price_min;market_cap_min;avg_volume_min;revenue_growth;eps_growth;eps_next_year;operating_margin;earnings_window,False,"{'revenue_growth_yoy': 3.8, 'eps_growth_yoy': -3.02, 'eps_next_year': 7.64, 'operating_margin': 18.94}",,Finviz via finvizfinance screener views,2026-08-07T23:30:31+02:00,2026-07-28,,10,PEAD_WINDOW,
QBTS,D-Wave Quantum Inc,finviz_prefilter,revenue_growth;eps_next_year;operating_margin,,price_min;market_cap_min;avg_volume_min;revenue_growth;eps_growth;eps_next_year;operating_margin;earnings_window,False,"{'revenue_growth_yoy': -0.61, 'eps_growth_yoy': 76.6, 'eps_next_year': -29.22, 'operating_margin': -13.7288}",,Finviz via finvizfinance screener views,2026-08-07T23:30:31+02:00,2026-08-06,,1,PEAD_WINDOW,
QCOM,Qualcomm Inc,finviz_prefilter,revenue_growth;eps_growth;eps_next_year,,price_min;market_cap_min;avg_volume_min;revenue_growth;eps_growth;eps_next_year;operating_margin;earnings_window,False,"{'revenue_growth_yoy': -4.03, 'eps_growth_yoy': -22.8, 'eps_next_year': -2.73, 'operating_margin': 23.5}",,Finviz via finvizfinance screener views,2026-08-07T23:30:31+02:00,2026-07-29,,9,PEAD_WINDOW,
QLYS,Qualys Inc,finviz_prefilter,revenue_growth;eps_growth;eps_next_year,,price_min;market_cap_min;avg_volume_min;revenue_growth;eps_growth;eps_next_year;operating_margin;earnings_window,False,"{'revenue_growth_yoy': 11.92, 'eps_growth_yoy': 15.53, 'eps_next_year': 8.19, 'operating_margin': 35.04}",,Finviz via finvizfinance screener views,2026-08-07T23:30:31+02:00,2026-08-04,,3,PEAD_WINDOW,
QNT,Quantinuum Inc,finviz_prefilter,earnings_window,revenue_growth;eps_growth;operating_margin,price_min;market_cap_min;avg_volume_min;eps_next_year;earnings_window,False,"{'revenue_growth_yoy': None, 'eps_growth_yoy': None, 'eps_next_year': None, 'operating_margin': None}",,Finviz via finvizfinance screener views,2026-08-07T23:30:31+02:00,2026-08-11,4,,PRE_EARNINGS_BLACKOUT,"{'failed_gate': 'earnings_window', 'actual_value': 4, 'applicable_threshold': 7, 'distance_to_threshold': 5, 'distance_to_threshold_pct': None, 'days_to_exit_blackout': 5, 'formula': 'days_to_exit_blackout = days_to_earnings + 1 (giorni; nessuna %)'}"
QRVO,Qorvo Inc,finviz_prefilter,revenue_growth;eps_growth;eps_next_year,,price_min;market_cap_min;avg_volume_min;revenue_growth;eps_growth;eps_next_year;operating_margin;earnings_window,False,"{'revenue_growth_yoy': -4.15, 'eps_growth_yoy': 2.5185, 'eps_next_year': 5.21, 'operating_margin': 18.17}",,Finviz via finvizfinance screener views,2026-08-07T23:30:31+02:00,2026-07-28,,10,PEAD_WINDOW,
QURE,uniQure NV,finviz_prefilter,revenue_growth;eps_growth;operating_margin,,price_min;market_cap_min;avg_volume_min;revenue_growth;eps_growth;eps_next_year;operating_margin;earnings_window,False,"{'revenue_growth_yoy': 11.0, 'eps_growth_yoy': -77.81, 'eps_next_year': 23.77, 'operating_margin': -10.9318}",,Finviz via finvizfinance screener views,2026-08-07T23:30:31+02:00,2026-07-29,,9,PEAD_WINDOW,
RARE,Ultragenyx Pharmaceutical Inc,finviz_prefilter,eps_growth;operating_margin,,price_min;market_cap_min;avg_volume_min;revenue_growth;eps_growth;eps_next_year;operating_margin;earnings_window,False,"{'revenue_growth_yoy': 28.53, 'eps_growth_yoy': 22.67, 'eps_next_year': 83.22, 'operating_margin': -73.77}",,Finviz via finvizfinance screener views,2026-08-07T23:30:31+02:00,2026-08-04,,3,PEAD_WINDOW,
RDNT,Radnet Inc,finviz_prefilter,eps_growth;operating_margin;earnings_window,,price_min;market_cap_min;avg_volume_min;revenue_growth;eps_growth;eps_next_year;operating_margin;earnings_window,False,"{'revenue_growth_yoy': 22.11, 'eps_growth_yoy': 14.829999999999998, 'eps_next_year': 85.49, 'operating_margin': 4.26}",,Finviz via finvizfinance screener views,2026-08-07T23:30:31+02:00,2026-08-10,3,,PRE_EARNINGS_BLACKOUT,
REG,Regency Centers Corp,finviz_prefilter,revenue_growth;eps_growth;eps_next_year,,price_min;market_cap_min;avg_volume_min;revenue_growth;eps_growth;eps_next_year;operating_margin;earnings_window,False,"{'revenue_growth_yoy': 8.6, 'eps_growth_yoy': 8.67, 'eps_next_year': 3.14, 'operating_margin': 37.269999999999996}",,Finviz via finvizfinance screener views,2026-08-07T23:30:31+02:00,2026-07-29,,9,PEAD_WINDOW,
REGN,Regeneron Pharmaceuticals Inc,finviz_prefilter,revenue_growth;eps_growth;eps_next_year,,price_min;market_cap_min;avg_volume_min;revenue_growth;eps_growth;eps_next_year;operating_margin;earnings_window,False,"{'revenue_growth_yoy': 16.73, 'eps_growth_yoy': -4.52, 'eps_next_year': 12.49, 'operating_margin': 26.87}",,Finviz via finvizfinance screener views,2026-08-07T23:30:31+02:00,2026-07-30,,8,PEAD_WINDOW,
RELY,Remitly Global Inc,finviz_prefilter,eps_next_year,,price_min;market_cap_min;avg_volume_min;revenue_growth;eps_growth;eps_next_year;operating_margin;earnings_window,False,"{'revenue_growth_yoy': 20.23, 'eps_growth_yoy': 30.2584, 'eps_next_year': -11.91, 'operating_margin': 10.36}",,Finviz via finvizfinance screener views,2026-08-07T23:30:31+02:00,2026-08-05,,2,PEAD_WINDOW,"{'failed_gate': 'eps_next_year', 'actual_value': -11.91, 'applicable_threshold': 15.0, 'distance_to_threshold': 26.91, 'distance_to_threshold_pct': 179.4, 'formula': 'minimo: distance = threshold - actual; pct = distance / abs(threshold) * 100'}"
REYN,Reynolds Consumer Products Inc,finviz_prefilter,revenue_growth;eps_growth;eps_next_year,,price_min;market_cap_min;avg_volume_min;revenue_growth;eps_growth;eps_next_year;operating_margin;earnings_window,False,"{'revenue_growth_yoy': 0.64, 'eps_growth_yoy': 21.0, 'eps_next_year': 4.22, 'operating_margin': 14.13}",,Finviz via finvizfinance screener views,2026-08-07T23:30:31+02:00,2026-07-29,,9,PEAD_WINDOW,
RGEN,Repligen Corp,finviz_prefilter,revenue_growth;eps_growth,,price_min;market_cap_min;avg_volume_min;revenue_growth;eps_growth;eps_next_year;operating_margin;earnings_window,False,"{'revenue_growth_yoy': 11.93, 'eps_growth_yoy': -66.4, 'eps_next_year': 27.28, 'operating_margin': 9.030000000000001}",,Finviz via finvizfinance screener views,2026-08-07T23:30:31+02:00,2026-07-28,,10,PEAD_WINDOW,
RGTI,Rigetti Computing Inc,finviz_prefilter,revenue_growth;eps_growth;eps_next_year;operating_margin,,price_min;market_cap_min;avg_volume_min;revenue_growth;eps_growth;eps_next_year;operating_margin;earnings_window,False,"{'revenue_growth_yoy': 1.8529, 'eps_growth_yoy': -18.72, 'eps_next_year': -2.44, 'operating_margin': -7.2762}",,Finviz via finvizfinance screener views,2026-08-07T23:30:31+02:00,2026-08-06,,1,PEAD_WINDOW,
RIOT,Riot Platforms Inc,finviz_prefilter,revenue_growth;eps_growth;operating_margin,,price_min;market_cap_min;avg_volume_min;revenue_growth;eps_growth;eps_next_year;operating_margin;earnings_window,False,"{'revenue_growth_yoy': 3.61, 'eps_growth_yoy': -60.07, 'eps_next_year': 59.25, 'operating_margin': -70.23}",,Finviz via finvizfinance screener views,2026-08-07T23:30:31+02:00,2026-08-05,,2,PEAD_WINDOW,
RIVN,Rivian Automotive Inc,finviz_prefilter,operating_margin,,price_min;market_cap_min;avg_volume_min;revenue_growth;eps_growth;eps_next_year;operating_margin;earnings_window,False,"{'revenue_growth_yoy': 27.24, 'eps_growth_yoy': 34.99, 'eps_next_year': 17.65, 'operating_margin': -60.050000000000004}",,Finviz via finvizfinance screener views,2026-08-07T23:30:31+02:00,2026-07-30,,8,PEAD_WINDOW,"{'failed_gate': 'operating_margin', 'actual_value': -60.050000000000004, 'applicable_threshold': 8.0, 'distance_to_threshold': 68.05000000000001, 'distance_to_threshold_pct': 850.6250000000001, 'formula': 'minimo: distance = threshold - actual; pct = distance / abs(threshold) * 100'}"
RKLB,Rocket Lab Corp,finviz_prefilter,operating_margin;earnings_window,,price_min;market_cap_min;avg_volume_min;revenue_growth;eps_growth;eps_next_year;operating_margin;earnings_window,False,"{'revenue_growth_yoy': 63.46000000000001, 'eps_growth_yoy': 37.95, 'eps_next_year': 99.47, 'operating_margin': -33.2}",,Finviz via finvizfinance screener views,2026-08-07T23:30:31+02:00,2026-08-10,3,,PRE_EARNINGS_BLACKOUT,
RLAY,Relay Therapeutics Inc,finviz_prefilter,revenue_growth;eps_growth;eps_next_year;operating_margin,,price_min;market_cap_min;avg_volume_min;revenue_growth;eps_growth;eps_next_year;operating_margin;earnings_window,False,"{'revenue_growth_yoy': -48.3, 'eps_growth_yoy': -0.44, 'eps_next_year': -4.58, 'operating_margin': -29.9937}",,Finviz via finvizfinance screener views,2026-08-07T23:30:31+02:00,2026-08-06,,1,PEAD_WINDOW,
RMBS,Rambus Inc,finviz_prefilter,eps_growth,,price_min;market_cap_min;avg_volume_min;revenue_growth;eps_growth;eps_next_year;operating_margin;earnings_window,False,"{'revenue_growth_yoy': 20.43, 'eps_growth_yoy': 15.129999999999999, 'eps_next_year': 23.63, 'operating_margin': 35.949999999999996}",,Finviz via finvizfinance screener views,2026-08-07T23:30:31+02:00,2026-07-27,,11,PEAD_WINDOW,"{'failed_gate': 'eps_growth', 'actual_value': 15.129999999999999, 'applicable_threshold': 30.0, 'distance_to_threshold': 14.870000000000001, 'distance_to_threshold_pct': 49.56666666666667, 'formula': 'minimo: distance = threshold - actual; pct = distance / abs(threshold) * 100'}"
ROAD,Construction Partners Inc,finviz_prefilter,earnings_window,,price_min;market_cap_min;avg_volume_min;revenue_growth;eps_growth;eps_next_year;operating_margin;earnings_window,False,"{'revenue_growth_yoy': 34.56, 'eps_growth_yoy': 115.58999999999999, 'eps_next_year': 25.62, 'operating_margin': 8.63}",,Finviz via finvizfinance screener views,2026-08-07T23:30:31+02:00,2026-08-07,0,,PRE_EARNINGS_BLACKOUT,"{'failed_gate': 'earnings_window', 'actual_value': 0, 'applicable_threshold': 7, 'distance_to_threshold': 1, 'distance_to_threshold_pct': None, 'days_to_exit_blackout': 1, 'formula': 'days_to_exit_blackout = days_to_earnings + 1 (giorni; nessuna %)'}"
ROIV,Roivant Sciences Ltd,finviz_prefilter,revenue_growth;eps_growth;eps_next_year;operating_margin,,price_min;market_cap_min;avg_volume_min;revenue_growth;eps_growth;eps_next_year;operating_margin;earnings_window,False,"{'revenue_growth_yoy': -33.550000000000004, 'eps_growth_yoy': 19.77, 'eps_next_year': 11.65, 'operating_margin': -181.4612}",,Finviz via finvizfinance screener views,2026-08-07T23:30:31+02:00,2026-08-06,,1,PEAD_WINDOW,
ROKU,Roku Inc,finviz_prefilter,eps_growth;operating_margin,,price_min;market_cap_min;avg_volume_min;revenue_growth;eps_growth;eps_next_year;operating_margin;earnings_window,False,"{'revenue_growth_yoy': 21.93, 'eps_growth_yoy': 14.3846, 'eps_next_year': 41.67, 'operating_margin': 5.25}",,Finviz via finvizfinance screener views,2026-08-07T23:30:31+02:00,2026-08-06,,1,PEAD_WINDOW,
ROP,Roper Technologies Inc,finviz_prefilter,revenue_growth;eps_growth;eps_next_year,,price_min;market_cap_min;avg_volume_min;revenue_growth;eps_growth;eps_next_year;operating_margin;earnings_window,False,"{'revenue_growth_yoy': 8.5, 'eps_growth_yoy': 2.3284, 'eps_next_year': 9.48, 'operating_margin': 27.97}",,Finviz via finvizfinance screener views,2026-08-07T23:30:31+02:00,2026-07-23,,15,PEAD_WINDOW,
ROST,Ross Stores Inc,finviz_prefilter,eps_next_year,,price_min;market_cap_min;avg_volume_min;revenue_growth;eps_growth;eps_next_year;operating_margin;earnings_window,False,"{'revenue_growth_yoy': 20.57, 'eps_growth_yoy': 38.06, 'eps_next_year': 9.98, 'operating_margin': 12.22}",,Finviz via finvizfinance screener views,2026-08-07T23:30:31+02:00,2026-08-20,13,,NORMAL,"{'failed_gate': 'eps_next_year', 'actual_value': 9.98, 'applicable_threshold': 15.0, 'distance_to_threshold': 5.02, 'distance_to_threshold_pct': 33.46666666666666, 'formula': 'minimo: distance = threshold - actual; pct = distance / abs(threshold) * 100'}"
RPRX,Royalty Pharma plc,finviz_prefilter,revenue_growth;eps_growth;eps_next_year,,price_min;market_cap_min;avg_volume_min;revenue_growth;eps_growth;eps_next_year;operating_margin;earnings_window,False,"{'revenue_growth_yoy': 16.5, 'eps_growth_yoy': -43.580000000000005, 'eps_next_year': 6.98, 'operating_margin': 62.33}",,Finviz via finvizfinance screener views,2026-08-07T23:30:31+02:00,2026-08-05,,2,PEAD_WINDOW,
RRR,Red Rock Resorts Inc,finviz_prefilter,revenue_growth;eps_growth;eps_next_year,,price_min;market_cap_min;avg_volume_min;revenue_growth;eps_growth;eps_next_year;operating_margin;earnings_window,False,"{'revenue_growth_yoy': -3.04, 'eps_growth_yoy': -29.310000000000002, 'eps_next_year': 3.98, 'operating_margin': 28.449999999999996}",,Finviz via finvizfinance screener views,2026-08-07T23:30:31+02:00,2026-08-04,,3,PEAD_WINDOW,
RYTM,Rhythm Pharmaceuticals Inc,finviz_prefilter,operating_margin,revenue_growth;eps_growth,price_min;market_cap_min;avg_volume_min;eps_next_year;operating_margin;earnings_window,False,"{'revenue_growth_yoy': None, 'eps_growth_yoy': None, 'eps_next_year': 77.78, 'operating_margin': -90.89}",,Finviz via finvizfinance screener views,2026-08-07T23:30:31+02:00,2026-08-04,,3,PEAD_WINDOW,"{'failed_gate': 'operating_margin', 'actual_value': -90.89, 'applicable_threshold': 8.0, 'distance_to_threshold': 98.89, 'distance_to_threshold_pct': 1236.125, 'formula': 'minimo: distance = threshold - actual; pct = distance / abs(threshold) * 100'}"
SAIL,Sailpoint Inc,finviz_prefilter,operating_margin,,price_min;market_cap_min;avg_volume_min;revenue_growth;eps_growth;eps_next_year;operating_margin;earnings_window,False,"{'revenue_growth_yoy': 21.55, 'eps_growth_yoy': 65.12, 'eps_next_year': 24.05, 'operating_margin': -17.91}",,Finviz via finvizfinance screener views,2026-08-07T23:30:31+02:00,2026-06-09,,59,NORMAL,"{'failed_gate': 'operating_margin', 'actual_value': -17.91, 'applicable_threshold': 8.0, 'distance_to_threshold': 25.91, 'distance_to_threshold_pct': 323.875, 'formula': 'minimo: distance = threshold - actual; pct = distance / abs(threshold) * 100'}"
SANM,Sanmina Corp,finviz_prefilter,operating_margin,,price_min;market_cap_min;avg_volume_min;revenue_growth;eps_growth;eps_next_year;operating_margin;earnings_window,False,"{'revenue_growth_yoy': 69.67, 'eps_growth_yoy': 68.72, 'eps_next_year': 15.15, 'operating_margin': 5.489999999999999}",,Finviz via finvizfinance screener views,2026-08-07T23:30:31+02:00,2026-07-27,,11,PEAD_WINDOW,"{'failed_gate': 'operating_margin', 'actual_value': 5.489999999999999, 'applicable_threshold': 8.0, 'distance_to_threshold': 2.5100000000000007, 'distance_to_threshold_pct': 31.375000000000007, 'formula': 'minimo: distance = threshold - actual; pct = distance / abs(threshold) * 100'}"
SBAC,SBA Communications Corp,finviz_prefilter,revenue_growth;eps_growth;eps_next_year,,price_min;market_cap_min;avg_volume_min;revenue_growth;eps_growth;eps_next_year;operating_margin;earnings_window,False,"{'revenue_growth_yoy': 2.33, 'eps_growth_yoy': -10.69, 'eps_next_year': 10.02, 'operating_margin': 53.7}",,Finviz via finvizfinance screener views,2026-08-07T23:30:31+02:00,2026-08-03,,4,PEAD_WINDOW,
SBCF,Seacoast Banking Corp Of Florida,finviz_prefilter,eps_growth;eps_next_year,,price_min;market_cap_min;avg_volume_min;revenue_growth;eps_growth;eps_next_year;operating_margin;earnings_window,False,"{'revenue_growth_yoy': 30.009999999999998, 'eps_growth_yoy': 9.83, 'eps_next_year': 8.06, 'operating_margin': 24.52}",,Finviz via finvizfinance screener views,2026-08-07T23:30:31+02:00,2026-07-28,,10,PEAD_WINDOW,
SBLK,Star Bulk Carriers Corp,finviz_prefilter,eps_next_year,,price_min;market_cap_min;avg_volume_min;revenue_growth;eps_growth;eps_next_year;operating_margin;earnings_window,False,"{'revenue_growth_yoy': 44.46, 'eps_growth_yoy': 4329.0, 'eps_next_year': -9.34, 'operating_margin': 27.839999999999996}",,Finviz via finvizfinance screener views,2026-08-07T23:30:31+02:00,2026-08-05,,2,PEAD_WINDOW,"{'failed_gate': 'eps_next_year', 'actual_value': -9.34, 'applicable_threshold': 15.0, 'distance_to_threshold': 24.34, 'distance_to_threshold_pct': 162.26666666666668, 'formula': 'minimo: distance = threshold - actual; pct = distance / abs(threshold) * 100'}"
SBRA,Sabra Healthcare REIT Inc,finviz_prefilter,eps_growth,,price_min;market_cap_min;avg_volume_min;revenue_growth;eps_growth;eps_next_year;operating_margin;earnings_window,False,"{'revenue_growth_yoy': 25.2, 'eps_growth_yoy': -136.73, 'eps_next_year': 20.1, 'operating_margin': 18.8}",,Finviz via finvizfinance screener views,2026-08-07T23:30:31+02:00,2026-08-03,,4,PEAD_WINDOW,"{'failed_gate': 'eps_growth', 'actual_value': -136.73, 'applicable_threshold': 30.0, 'distance_to_threshold': 166.73, 'distance_to_threshold_pct': 555.7666666666667, 'formula': 'minimo: distance = threshold - actual; pct = distance / abs(threshold) * 100'}"
SBUX,Starbucks Corp,finviz_prefilter,revenue_growth,,price_min;market_cap_min;avg_volume_min;revenue_growth;eps_growth;eps_next_year;operating_margin;earnings_window,False,"{'revenue_growth_yoy': -1.43, 'eps_growth_yoy': 86.59, 'eps_next_year': 20.57, 'operating_margin': 10.01}",,Finviz via finvizfinance screener views,2026-08-07T23:30:31+02:00,2026-07-29,,9,PEAD_WINDOW,"{'failed_gate': 'revenue_growth', 'actual_value': -1.43, 'applicable_threshold': 20.0, 'distance_to_threshold': 21.43, 'distance_to_threshold_pct': 107.14999999999999, 'formula': 'minimo: distance = threshold - actual; pct = distance / abs(threshold) * 100'}"
SFD,Smithfield Foods Inc,finviz_prefilter,revenue_growth;eps_growth;eps_next_year;earnings_window,,price_min;market_cap_min;avg_volume_min;revenue_growth;eps_growth;eps_next_year;operating_margin;earnings_window,False,"{'revenue_growth_yoy': 0.8500000000000001, 'eps_growth_yoy': 8.27, 'eps_next_year': -2.25, 'operating_margin': 8.95}",,Finviz via finvizfinance screener views,2026-08-07T23:30:31+02:00,2026-08-11,4,,PRE_EARNINGS_BLACKOUT,
SFM,Sprouts Farmers Market Inc,finviz_prefilter,revenue_growth;eps_growth;eps_next_year;operating_margin,,price_min;market_cap_min;avg_volume_min;revenue_growth;eps_growth;eps_next_year;operating_margin;earnings_window,False,"{'revenue_growth_yoy': 4.74, 'eps_growth_yoy': 1.09, 'eps_next_year': 6.95, 'operating_margin': 7.489999999999999}",,Finviz via finvizfinance screener views,2026-08-07T23:30:31+02:00,2026-07-29,,9,PEAD_WINDOW,
SFNC,Simmons First National Corp,finviz_prefilter,revenue_growth;eps_growth;eps_next_year;operating_margin,,price_min;market_cap_min;avg_volume_min;revenue_growth;eps_growth;eps_next_year;operating_margin;earnings_window,False,"{'revenue_growth_yoy': -0.69, 'eps_growth_yoy': 5.91, 'eps_next_year': 7.77, 'operating_margin': -74.6}",,Finviz via finvizfinance screener views,2026-08-07T23:30:31+02:00,2026-07-16,,22,NORMAL,
SGRY,Surgery Partners Inc,finviz_prefilter,revenue_growth;eps_growth;earnings_window,,price_min;market_cap_min;avg_volume_min;revenue_growth;eps_growth;eps_next_year;operating_margin;earnings_window,False,"{'revenue_growth_yoy': 4.5, 'eps_growth_yoy': 6.08, 'eps_next_year': 46.38, 'operating_margin': 13.87}",,Finviz via finvizfinance screener views,2026-08-07T23:30:31+02:00,2026-08-10,3,,PRE_EARNINGS_BLACKOUT,
SHC,Sotera Health Co,finviz_prefilter,revenue_growth;eps_growth;eps_next_year,,price_min;market_cap_min;avg_volume_min;revenue_growth;eps_growth;eps_next_year;operating_margin;earnings_window,False,"{'revenue_growth_yoy': 9.180000000000001, 'eps_growth_yoy': 5.6738, 'eps_next_year': 9.15, 'operating_margin': 35.64}",,Finviz via finvizfinance screener views,2026-08-07T23:30:31+02:00,2026-08-06,,1,PEAD_WINDOW,
SHOO,Steven Madden Ltd,finviz_prefilter,revenue_growth;eps_growth,,price_min;market_cap_min;avg_volume_min;revenue_growth;eps_growth;eps_next_year;operating_margin;earnings_window,False,"{'revenue_growth_yoy': 19.12, 'eps_growth_yoy': 1.6898, 'eps_next_year': 26.6, 'operating_margin': 9.030000000000001}",,Finviz via finvizfinance screener views,2026-08-07T23:30:31+02:00,2026-07-30,,8,PEAD_WINDOW,
SIRI,Sirius XM Holdings Inc,finviz_prefilter,revenue_growth;eps_growth;eps_next_year,,price_min;market_cap_min;avg_volume_min;revenue_growth;eps_growth;eps_next_year;operating_margin;earnings_window,False,"{'revenue_growth_yoy': 1.03, 'eps_growth_yoy': 23.51, 'eps_next_year': 8.97, 'operating_margin': 22.53}",,Finviz via finvizfinance screener views,2026-08-07T23:30:31+02:00,2026-07-30,,8,PEAD_WINDOW,
SLDE,Slide Insurance Holdings Inc,finviz_prefilter,eps_next_year,,price_min;market_cap_min;avg_volume_min;revenue_growth;eps_growth;eps_next_year;operating_margin;earnings_window,False,"{'revenue_growth_yoy': 47.86, 'eps_growth_yoy': 90.44, 'eps_next_year': -2.56, 'operating_margin': 53.05}",,Finviz via finvizfinance screener views,2026-08-07T23:30:31+02:00,2026-07-28,,10,PEAD_WINDOW,"{'failed_gate': 'eps_next_year', 'actual_value': -2.56, 'applicable_threshold': 15.0, 'distance_to_threshold': 17.56, 'distance_to_threshold_pct': 117.06666666666665, 'formula': 'minimo: distance = threshold - actual; pct = distance / abs(threshold) * 100'}"
SLM,SLM Corp,finviz_prefilter,revenue_growth;eps_growth;eps_next_year,,price_min;market_cap_min;avg_volume_min;revenue_growth;eps_growth;eps_next_year;operating_margin;earnings_window,False,"{'revenue_growth_yoy': -2.76, 'eps_growth_yoy': -8.559999999999999, 'eps_next_year': 7.32, 'operating_margin': 42.43}",,Finviz via finvizfinance screener views,2026-08-07T23:30:31+02:00,2026-07-23,,15,PEAD_WINDOW,
SMCI,Super Micro Computer Inc,finviz_prefilter,eps_growth;operating_margin;earnings_window,,price_min;market_cap_min;avg_volume_min;revenue_growth;eps_growth;eps_next_year;operating_margin;earnings_window,False,"{'revenue_growth_yoy': 122.67999999999999, 'eps_growth_yoy': 3.1407, 'eps_next_year': 15.55, 'operating_margin': 4.4799999999999995}",,Finviz via finvizfinance screener views,2026-08-07T23:30:31+02:00,2026-08-11,4,,PRE_EARNINGS_BLACKOUT,
SMTC,Semtech Corp,finviz_prefilter,revenue_growth;eps_growth,,price_min;market_cap_min;avg_volume_min;revenue_growth;eps_growth;eps_next_year;operating_margin;earnings_window,False,"{'revenue_growth_yoy': 15.920000000000002, 'eps_growth_yoy': 25.46, 'eps_next_year': 44.63, 'operating_margin': 10.72}",,Finviz via finvizfinance screener views,2026-08-07T23:30:31+02:00,2026-05-26,,73,NORMAL,
SNDK,Sandisk Corp,finviz_prefilter,revenue_growth,,price_min;market_cap_min;avg_volume_min;revenue_growth;eps_growth;eps_next_year;operating_margin;earnings_window,False,"{'revenue_growth_yoy': 3.7159, 'eps_growth_yoy': 280.1746, 'eps_next_year': 25.56, 'operating_margin': 61.58}",,Finviz via finvizfinance screener views,2026-08-07T23:30:31+02:00,2026-08-05,,2,PEAD_WINDOW,"{'failed_gate': 'revenue_growth', 'actual_value': 3.7159, 'applicable_threshold': 20.0, 'distance_to_threshold': 16.2841, 'distance_to_threshold_pct': 81.42049999999999, 'formula': 'minimo: distance = threshold - actual; pct = distance / abs(threshold) * 100'}"
SNEX,StoneX Group Inc,finviz_prefilter,revenue_growth;eps_growth;operating_margin,,price_min;market_cap_min;avg_volume_min;revenue_growth;eps_growth;eps_next_year;operating_margin;earnings_window,False,"{'revenue_growth_yoy': 15.379999999999999, 'eps_growth_yoy': 22.57, 'eps_next_year': 137.0, 'operating_margin': 1.6500000000000001}",,Finviz via finvizfinance screener views,2026-08-07T23:30:31+02:00,2026-08-05,,2,PEAD_WINDOW,
SNPS,Synopsys Inc,finviz_prefilter,eps_growth,,price_min;market_cap_min;avg_volume_min;revenue_growth;eps_growth;eps_next_year;operating_margin;earnings_window,False,"{'revenue_growth_yoy': 41.92, 'eps_growth_yoy': -96.02000000000001, 'eps_next_year': 17.19, 'operating_margin': 12.02}",,Finviz via finvizfinance screener views,2026-08-07T23:30:31+02:00,2026-08-26,19,,NORMAL,"{'failed_gate': 'eps_growth', 'actual_value': -96.02000000000001, 'applicable_threshold': 20.0, 'distance_to_threshold': 116.02000000000001, 'distance_to_threshold_pct': 580.1, 'formula': 'minimo: distance = threshold - actual; pct = distance / abs(threshold) * 100'}"
SOLS,Solstice Advanced Materials Inc,finviz_prefilter,revenue_growth;eps_growth,,price_min;market_cap_min;avg_volume_min;revenue_growth;eps_growth;eps_next_year;operating_margin;earnings_window,False,"{'revenue_growth_yoy': 11.129999999999999, 'eps_growth_yoy': 22.15, 'eps_next_year': 16.8, 'operating_margin': 16.900000000000002}",,Finviz via finvizfinance screener views,2026-08-07T23:30:31+02:00,2026-07-30,,8,PEAD_WINDOW,
SSNC,SS&C Technologies Holdings Inc,finviz_prefilter,revenue_growth;eps_next_year,,price_min;market_cap_min;avg_volume_min;revenue_growth;eps_growth;eps_next_year;operating_margin;earnings_window,False,"{'revenue_growth_yoy': 10.34, 'eps_growth_yoy': 35.33, 'eps_next_year': 9.55, 'operating_margin': 24.36}",,Finviz via finvizfinance screener views,2026-08-07T23:30:31+02:00,2026-07-23,,15,PEAD_WINDOW,
SSRM,SSR Mining Inc,finviz_prefilter,revenue_growth;eps_growth;eps_next_year,,price_min;market_cap_min;avg_volume_min;revenue_growth;eps_growth;eps_next_year;operating_margin;earnings_window,False,"{'revenue_growth_yoy': 9.46, 'eps_growth_yoy': 11.129999999999999, 'eps_next_year': 12.31, 'operating_margin': 42.3}",,Finviz via finvizfinance screener views,2026-08-07T23:30:31+02:00,2026-08-04,,3,PEAD_WINDOW,
STEP,StepStone Group Inc,finviz_prefilter,revenue_growth;eps_growth;operating_margin,,price_min;market_cap_min;avg_volume_min;revenue_growth;eps_growth;eps_next_year;operating_margin;earnings_window,False,"{'revenue_growth_yoy': 3.44, 'eps_growth_yoy': -1.8616, 'eps_next_year': 35.8, 'operating_margin': -54.48}",,Finviz via finvizfinance screener views,2026-08-07T23:30:31+02:00,2026-08-06,,1,PEAD_WINDOW,
STOK,Stoke Therapeutics Inc,finviz_prefilter,revenue_growth;eps_growth;eps_next_year;operating_margin,,price_min;market_cap_min;avg_volume_min;revenue_growth;eps_growth;eps_next_year;operating_margin;earnings_window,False,"{'revenue_growth_yoy': -32.51, 'eps_growth_yoy': -131.96, 'eps_next_year': 2.64, 'operating_margin': -8.0969}",,Finviz via finvizfinance screener views,2026-08-07T23:30:31+02:00,2026-08-03,,4,PEAD_WINDOW,
SUPN,Supernus Pharmaceuticals Inc,finviz_prefilter,eps_growth;operating_margin,,price_min;market_cap_min;avg_volume_min;revenue_growth;eps_growth;eps_next_year;operating_margin;earnings_window,False,"{'revenue_growth_yoy': 32.4, 'eps_growth_yoy': -3.5307, 'eps_next_year': 73.88, 'operating_margin': -7.7299999999999995}",,Finviz via finvizfinance screener views,2026-08-07T23:30:31+02:00,2026-08-03,,4,PEAD_WINDOW,
SWKS,Skyworks Solutions Inc,finviz_prefilter,revenue_growth;eps_growth;eps_next_year,,price_min;market_cap_min;avg_volume_min;revenue_growth;eps_growth;eps_next_year;operating_margin;earnings_window,False,"{'revenue_growth_yoy': -3.1300000000000003, 'eps_growth_yoy': -67.95, 'eps_next_year': -2.2, 'operating_margin': 8.7}",,Finviz via finvizfinance screener views,2026-08-07T23:30:31+02:00,2026-07-28,,10,PEAD_WINDOW,
SYM,Symbotic Inc,finviz_prefilter,eps_growth;operating_margin,,price_min;market_cap_min;avg_volume_min;revenue_growth;eps_growth;eps_next_year;operating_margin;earnings_window,False,"{'revenue_growth_yoy': 21.740000000000002, 'eps_growth_yoy': 2.6162, 'eps_next_year': 51.81, 'operating_margin': 1.43}",,Finviz via finvizfinance screener views,2026-08-07T23:30:31+02:00,2026-08-05,,2,PEAD_WINDOW,
SYNA,Synaptics Inc,finviz_prefilter,revenue_growth;eps_growth;operating_margin,,price_min;market_cap_min;avg_volume_min;revenue_growth;eps_growth;eps_next_year;operating_margin;earnings_window,False,"{'revenue_growth_yoy': 8.91, 'eps_growth_yoy': -93.6708, 'eps_next_year': 25.53, 'operating_margin': -2.93}",,Finviz via finvizfinance screener views,2026-08-07T23:30:31+02:00,2026-08-06,,1,PEAD_WINDOW,
TARS,Tarsus Pharmaceuticals Inc,finviz_prefilter,eps_growth;operating_margin,,price_min;market_cap_min;avg_volume_min;revenue_growth;eps_growth;eps_next_year;operating_margin;earnings_window,False,"{'revenue_growth_yoy': 69.41000000000001, 'eps_growth_yoy': 10.97, 'eps_next_year': 212.05, 'operating_margin': -8.0}",,Finviz via finvizfinance screener views,2026-08-07T23:30:31+02:00,2026-08-06,,1,PEAD_WINDOW,
TEAM,Atlassian Corp,finviz_prefilter,eps_growth;operating_margin,,price_min;market_cap_min;avg_volume_min;revenue_growth;eps_growth;eps_next_year;operating_margin;earnings_window,False,"{'revenue_growth_yoy': 27.6, 'eps_growth_yoy': 7.0374, 'eps_next_year': 20.0, 'operating_margin': 4.53}",,Finviz via finvizfinance screener views,2026-08-07T23:30:31+02:00,2026-08-06,,1,PEAD_WINDOW,
TECH,Bio-Techne Corp,finviz_prefilter,revenue_growth;eps_next_year,,price_min;market_cap_min;avg_volume_min;revenue_growth;eps_growth;eps_next_year;operating_margin;earnings_window,False,"{'revenue_growth_yoy': -1.51, 'eps_growth_yoy': 128.15, 'eps_next_year': 6.73, 'operating_margin': 22.18}",,Finviz via finvizfinance screener views,2026-08-07T23:30:31+02:00,2026-05-06,,93,NORMAL,
TEM,Tempus AI Inc,finviz_prefilter,operating_margin,,price_min;market_cap_min;avg_volume_min;revenue_growth;eps_growth;eps_next_year;operating_margin;earnings_window,False,"{'revenue_growth_yoy': 21.560000000000002, 'eps_growth_yoy': 112.51, 'eps_next_year': 97.35, 'operating_margin': -18.92}",,Finviz via finvizfinance screener views,2026-08-07T23:30:31+02:00,2026-07-30,,8,PEAD_WINDOW,"{'failed_gate': 'operating_margin', 'actual_value': -18.92, 'applicable_threshold': 8.0, 'distance_to_threshold': 26.92, 'distance_to_threshold_pct': 336.5, 'formula': 'minimo: distance = threshold - actual; pct = distance / abs(threshold) * 100'}"
TENB,Tenable Holdings Inc,finviz_prefilter,revenue_growth;eps_next_year;operating_margin,,price_min;market_cap_min;avg_volume_min;revenue_growth;eps_growth;eps_next_year;operating_margin;earnings_window,False,"{'revenue_growth_yoy': 8.58, 'eps_growth_yoy': 127.47, 'eps_next_year': 9.94, 'operating_margin': 4.2}",,Finviz via finvizfinance screener views,2026-08-07T23:30:31+02:00,2026-07-29,,9,PEAD_WINDOW,
TER,Teradyne Inc,finviz_prefilter,eps_growth,,price_min;market_cap_min;avg_volume_min;revenue_growth;eps_growth;eps_next_year;operating_margin;earnings_window,False,"{'revenue_growth_yoy': 103.99000000000001, 'eps_growth_yoy': 3.8531, 'eps_next_year': 27.62, 'operating_margin': 30.880000000000003}",,Finviz via finvizfinance screener views,2026-08-07T23:30:31+02:00,2026-07-28,,10,PEAD_WINDOW,"{'failed_gate': 'eps_growth', 'actual_value': 3.8531, 'applicable_threshold': 20.0, 'distance_to_threshold': 16.1469, 'distance_to_threshold_pct': 80.7345, 'formula': 'minimo: distance = threshold - actual; pct = distance / abs(threshold) * 100'}"
TFSL,TFS Financial Corp,finviz_prefilter,revenue_growth;eps_next_year,,price_min;market_cap_min;avg_volume_min;revenue_growth;eps_growth;eps_next_year;operating_margin;earnings_window,False,"{'revenue_growth_yoy': 5.8999999999999995, 'eps_growth_yoy': 44.18, 'eps_next_year': 8.33, 'operating_margin': 15.659999999999998}",,Finviz via finvizfinance screener views,2026-08-07T23:30:31+02:00,2026-07-30,,8,PEAD_WINDOW,
TGTX,TG Therapeutics Inc,finviz_prefilter,eps_growth,,price_min;market_cap_min;avg_volume_min;revenue_growth;eps_growth;eps_next_year;operating_margin;earnings_window,False,"{'revenue_growth_yoy': 70.27, 'eps_growth_yoy': -71.45, 'eps_next_year': 185.24, 'operating_margin': 17.05}",,Finviz via finvizfinance screener views,2026-08-07T23:30:31+02:00,2026-08-03,,4,PEAD_WINDOW,"{'failed_gate': 'eps_growth', 'actual_value': -71.45, 'applicable_threshold': 20.0, 'distance_to_threshold': 91.45, 'distance_to_threshold_pct': 457.25, 'formula': 'minimo: distance = threshold - actual; pct = distance / abs(threshold) * 100'}"
TIGO,Millicom International Cellular SA,finviz_prefilter,eps_growth,,price_min;market_cap_min;avg_volume_min;revenue_growth;eps_growth;eps_next_year;operating_margin;earnings_window,False,"{'revenue_growth_yoy': 58.81999999999999, 'eps_growth_yoy': -83.91, 'eps_next_year': 53.57, 'operating_margin': 23.01}",,Finviz via finvizfinance screener views,2026-08-07T23:30:31+02:00,2026-08-06,,1,PEAD_WINDOW,"{'failed_gate': 'eps_growth', 'actual_value': -83.91, 'applicable_threshold': 20.0, 'distance_to_threshold': 103.91, 'distance_to_threshold_pct': 519.55, 'formula': 'minimo: distance = threshold - actual; pct = distance / abs(threshold) * 100'}"
TLN,Talen Energy Corp,finviz_prefilter,revenue_growth;eps_growth,,price_min;market_cap_min;avg_volume_min;revenue_growth;eps_growth;eps_next_year;operating_margin;earnings_window,False,"{'revenue_growth_yoy': 3.2300000000000004, 'eps_growth_yoy': -2.3335, 'eps_next_year': 52.03, 'operating_margin': 31.09}",,Finviz via finvizfinance screener views,2026-08-07T23:30:31+02:00,2026-08-05,,2,PEAD_WINDOW,
TMDX,Transmedics Group Inc,finviz_prefilter,eps_growth,,price_min;market_cap_min;avg_volume_min;revenue_growth;eps_growth;eps_next_year;operating_margin;earnings_window,False,"{'revenue_growth_yoy': 20.7, 'eps_growth_yoy': -55.84, 'eps_next_year': 53.57, 'operating_margin': 12.21}",,Finviz via finvizfinance screener views,2026-08-07T23:30:31+02:00,2026-08-04,,3,PEAD_WINDOW,"{'failed_gate': 'eps_growth', 'actual_value': -55.84, 'applicable_threshold': 30.0, 'distance_to_threshold': 85.84, 'distance_to_threshold_pct': 286.1333333333333, 'formula': 'minimo: distance = threshold - actual; pct = distance / abs(threshold) * 100'}"
TMUS,T-Mobile US Inc,finviz_prefilter,revenue_growth;eps_growth,,price_min;market_cap_min;avg_volume_min;revenue_growth;eps_growth;eps_next_year;operating_margin;earnings_window,False,"{'revenue_growth_yoy': 7.85, 'eps_growth_yoy': 5.4, 'eps_next_year': 27.43, 'operating_margin': 21.17}",,Finviz via finvizfinance screener views,2026-08-07T23:30:31+02:00,2026-07-23,,15,PEAD_WINDOW,
TNGX,Tango Therapeutics Inc,finviz_prefilter,revenue_growth;eps_growth;eps_next_year;operating_margin,,price_min;market_cap_min;avg_volume_min;revenue_growth;eps_growth;eps_next_year;operating_margin;earnings_window,False,"{'revenue_growth_yoy': -100.0, 'eps_growth_yoy': 12.31, 'eps_next_year': -15.72, 'operating_margin': -2.0622}",,Finviz via finvizfinance screener views,2026-08-07T23:30:31+02:00,2026-05-13,,86,NORMAL,
TPG,TPG Inc,finviz_prefilter,eps_growth,,price_min;market_cap_min;avg_volume_min;revenue_growth;eps_growth;eps_next_year;operating_margin;earnings_window,False,"{'revenue_growth_yoy': 99.00999999999999, 'eps_growth_yoy': 8.3283, 'eps_next_year': 27.12, 'operating_margin': 15.36}",,Finviz via finvizfinance screener views,2026-08-07T23:30:31+02:00,2026-08-04,,3,PEAD_WINDOW,"{'failed_gate': 'eps_growth', 'actual_value': 8.3283, 'applicable_threshold': 20.0, 'distance_to_threshold': 11.6717, 'distance_to_threshold_pct': 58.3585, 'formula': 'minimo: distance = threshold - actual; pct = distance / abs(threshold) * 100'}"
TRI,Thomson-Reuters Corp,finviz_prefilter,revenue_growth;eps_next_year,,price_min;market_cap_min;avg_volume_min;revenue_growth;eps_growth;eps_next_year;operating_margin;earnings_window,False,"{'revenue_growth_yoy': 9.47, 'eps_growth_yoy': 47.38, 'eps_next_year': 14.37, 'operating_margin': 26.85}",,Finviz via finvizfinance screener views,2026-08-07T23:30:31+02:00,2026-08-05,,2,PEAD_WINDOW,
TRMB,Trimble Inc,finviz_prefilter,revenue_growth;eps_next_year;earnings_window,,price_min;market_cap_min;avg_volume_min;revenue_growth;eps_growth;eps_next_year;operating_margin;earnings_window,False,"{'revenue_growth_yoy': 11.81, 'eps_growth_yoy': 54.120000000000005, 'eps_next_year': 13.63, 'operating_margin': 18.240000000000002}",,Finviz via finvizfinance screener views,2026-08-07T23:30:31+02:00,2026-08-12,5,,PRE_EARNINGS_BLACKOUT,
TRMD,Torm Plc,finviz_prefilter,eps_next_year,,price_min;market_cap_min;avg_volume_min;revenue_growth;eps_growth;eps_next_year;operating_margin;earnings_window,False,"{'revenue_growth_yoy': 22.15, 'eps_growth_yoy': 91.51, 'eps_next_year': -48.7, 'operating_margin': 28.410000000000004}",,Finviz via finvizfinance screener views,2026-08-07T23:30:31+02:00,2026-05-13,,86,NORMAL,"{'failed_gate': 'eps_next_year', 'actual_value': -48.7, 'applicable_threshold': 15.0, 'distance_to_threshold': 63.7, 'distance_to_threshold_pct': 424.6666666666667, 'formula': 'minimo: distance = threshold - actual; pct = distance / abs(threshold) * 100'}"
TROW,T. Rowe Price Group Inc,finviz_prefilter,revenue_growth;eps_growth,,price_min;market_cap_min;avg_volume_min;revenue_growth;eps_growth;eps_next_year;operating_margin;earnings_window,False,"{'revenue_growth_yoy': 10.68, 'eps_growth_yoy': 28.62, 'eps_next_year': 43.0, 'operating_margin': 36.93}",,Finviz via finvizfinance screener views,2026-08-07T23:30:31+02:00,2026-07-31,,7,PEAD_WINDOW,
TSCO,Tractor Supply Co,finviz_prefilter,revenue_growth;eps_growth;eps_next_year,,price_min;market_cap_min;avg_volume_min;revenue_growth;eps_growth;eps_next_year;operating_margin;earnings_window,False,"{'revenue_growth_yoy': 2.29, 'eps_growth_yoy': -14.899999999999999, 'eps_next_year': 6.17, 'operating_margin': 8.91}",,Finviz via finvizfinance screener views,2026-08-07T23:30:31+02:00,2026-07-23,,15,PEAD_WINDOW,
TSLA,Tesla Inc,finviz_prefilter,eps_growth;operating_margin,,price_min;market_cap_min;avg_volume_min;revenue_growth;eps_growth;eps_next_year;operating_margin;earnings_window,False,"{'revenue_growth_yoy': 25.52, 'eps_growth_yoy': -5.5, 'eps_next_year': 32.73, 'operating_margin': 4.61}",,Finviz via finvizfinance screener views,2026-08-07T23:30:31+02:00,2026-07-22,,16,NORMAL,
TTAN,ServiceTitan Inc,finviz_prefilter,operating_margin,,price_min;market_cap_min;avg_volume_min;revenue_growth;eps_growth;eps_next_year;operating_margin;earnings_window,False,"{'revenue_growth_yoy': 24.63, 'eps_growth_yoy': 53.2, 'eps_next_year': 25.03, 'operating_margin': -13.94}",,Finviz via finvizfinance screener views,2026-08-07T23:30:31+02:00,2026-06-04,,64,NORMAL,"{'failed_gate': 'operating_margin', 'actual_value': -13.94, 'applicable_threshold': 8.0, 'distance_to_threshold': 21.939999999999998, 'distance_to_threshold_pct': 274.25, 'formula': 'minimo: distance = threshold - actual; pct = distance / abs(threshold) * 100'}"
TTEK,Tetra Tech Inc,finviz_prefilter,revenue_growth;eps_growth;eps_next_year,,price_min;market_cap_min;avg_volume_min;revenue_growth;eps_growth;eps_next_year;operating_margin;earnings_window,False,"{'revenue_growth_yoy': -4.47, 'eps_growth_yoy': -1.8599999999999999, 'eps_next_year': 10.19, 'operating_margin': 11.73}",,Finviz via finvizfinance screener views,2026-08-07T23:30:31+02:00,2026-07-29,,9,PEAD_WINDOW,
TTWO,Take-Two Interactive Software Inc,finviz_prefilter,revenue_growth;operating_margin;earnings_window,,price_min;market_cap_min;avg_volume_min;revenue_growth;eps_growth;eps_next_year;operating_margin;earnings_window,False,"{'revenue_growth_yoy': 6.15, 'eps_growth_yoy': 98.48, 'eps_next_year': 47.46, 'operating_margin': -1.6500000000000001}",,Finviz via finvizfinance screener views,2026-08-07T23:30:31+02:00,2026-08-07,0,,PRE_EARNINGS_BLACKOUT,
TVTX,Travere Therapeutics Inc,finviz_prefilter,eps_growth;operating_margin,,price_min;market_cap_min;avg_volume_min;revenue_growth;eps_growth;eps_next_year;operating_margin;earnings_window,False,"{'revenue_growth_yoy': 48.17, 'eps_growth_yoy': -1.5955, 'eps_next_year': 9888.53, 'operating_margin': -6.84}",,Finviz via finvizfinance screener views,2026-08-07T23:30:31+02:00,2026-08-04,,3,PEAD_WINDOW,
TW,Tradeweb Markets Inc,finviz_prefilter,revenue_growth;eps_growth;eps_next_year,,price_min;market_cap_min;avg_volume_min;revenue_growth;eps_growth;eps_next_year;operating_margin;earnings_window,False,"{'revenue_growth_yoy': 8.959999999999999, 'eps_growth_yoy': 19.18, 'eps_next_year': 13.44, 'operating_margin': 43.61}",,Finviz via finvizfinance screener views,2026-08-07T23:30:31+02:00,2026-07-30,,8,PEAD_WINDOW,
TWST,Twist Bioscience Corp,finviz_prefilter,eps_growth;operating_margin,,price_min;market_cap_min;avg_volume_min;revenue_growth;eps_growth;eps_next_year;operating_margin;earnings_window,False,"{'revenue_growth_yoy': 23.24, 'eps_growth_yoy': -2.6848, 'eps_next_year': 35.08, 'operating_margin': -31.91}",,Finviz via finvizfinance screener views,2026-08-07T23:30:31+02:00,2026-08-03,,4,PEAD_WINDOW,
TXG,10x Genomics Inc,finviz_prefilter,revenue_growth;eps_growth;eps_next_year;operating_margin,,price_min;market_cap_min;avg_volume_min;revenue_growth;eps_growth;eps_next_year;operating_margin;earnings_window,False,"{'revenue_growth_yoy': -12.65, 'eps_growth_yoy': -149.75, 'eps_next_year': 6.0, 'operating_margin': -14.12}",,Finviz via finvizfinance screener views,2026-08-07T23:30:31+02:00,2026-08-06,,1,PEAD_WINDOW,
TXRH,Texas Roadhouse Inc,finviz_prefilter,revenue_growth;eps_growth,,price_min;market_cap_min;avg_volume_min;revenue_growth;eps_growth;eps_next_year;operating_margin;earnings_window,False,"{'revenue_growth_yoy': 11.110000000000001, 'eps_growth_yoy': -0.7100000000000001, 'eps_next_year': 18.64, 'operating_margin': 8.24}",,Finviz via finvizfinance screener views,2026-08-07T23:30:31+02:00,2026-08-06,,1,PEAD_WINDOW,
UAL,United Airlines Holdings Inc,finviz_prefilter,revenue_growth;eps_growth;operating_margin,,price_min;market_cap_min;avg_volume_min;revenue_growth;eps_growth;eps_next_year;operating_margin;earnings_window,False,"{'revenue_growth_yoy': 15.989999999999998, 'eps_growth_yoy': -17.11, 'eps_next_year': 48.3, 'operating_margin': 6.77}",,Finviz via finvizfinance screener views,2026-08-07T23:30:31+02:00,2026-07-15,,23,NORMAL,
UBSI,United Bankshares Inc,finviz_prefilter,revenue_growth;eps_growth;eps_next_year,,price_min;market_cap_min;avg_volume_min;revenue_growth;eps_growth;eps_next_year;operating_margin;earnings_window,False,"{'revenue_growth_yoy': 0.6799999999999999, 'eps_growth_yoy': 12.24, 'eps_next_year': 4.04, 'operating_margin': 35.02}",,Finviz via finvizfinance screener views,2026-08-07T23:30:31+02:00,2026-07-23,,15,PEAD_WINDOW,
UCTT,Ultra Clean Hldgs Inc,finviz_prefilter,operating_margin,,price_min;market_cap_min;avg_volume_min;revenue_growth;eps_growth;eps_next_year;operating_margin;earnings_window,False,"{'revenue_growth_yoy': 24.310000000000002, 'eps_growth_yoy': 105.25999999999999, 'eps_next_year': 106.91, 'operating_margin': 2.8400000000000003}",,Finviz via finvizfinance screener views,2026-08-07T23:30:31+02:00,2026-08-03,,4,PEAD_WINDOW,"{'failed_gate': 'operating_margin', 'actual_value': 2.8400000000000003, 'applicable_threshold': 8.0, 'distance_to_threshold': 5.16, 'distance_to_threshold_pct': 64.5, 'formula': 'minimo: distance = threshold - actual; pct = distance / abs(threshold) * 100'}"
UPST,Upstart Holdings Inc,finviz_prefilter,eps_growth;operating_margin,,price_min;market_cap_min;avg_volume_min;revenue_growth;eps_growth;eps_next_year;operating_margin;earnings_window,False,"{'revenue_growth_yoy': 41.75, 'eps_growth_yoy': 1.855, 'eps_next_year': 163.29, 'operating_margin': 3.9899999999999998}",,Finviz via finvizfinance screener views,2026-08-07T23:30:31+02:00,2026-08-04,,3,PEAD_WINDOW,
URBN,Urban Outfitters Inc,finviz_prefilter,revenue_growth;eps_growth;eps_next_year,,price_min;market_cap_min;avg_volume_min;revenue_growth;eps_growth;eps_next_year;operating_margin;earnings_window,False,"{'revenue_growth_yoy': 11.42, 'eps_growth_yoy': 12.41, 'eps_next_year': 9.26, 'operating_margin': 9.8}",,Finviz via finvizfinance screener views,2026-08-07T23:30:31+02:00,2026-05-20,,79,NORMAL,
URGN,UroGen Pharma Ltd,finviz_prefilter,revenue_growth;operating_margin,,price_min;market_cap_min;avg_volume_min;revenue_growth;eps_growth;eps_next_year;operating_margin;earnings_window,False,"{'revenue_growth_yoy': 1.9922, 'eps_growth_yoy': 72.78, 'eps_next_year': 1457.4, 'operating_margin': -35.32}",,Finviz via finvizfinance screener views,2026-08-07T23:30:31+02:00,2026-08-05,,2,PEAD_WINDOW,
USAR,USA Rare Earth Inc,finviz_prefilter,operating_margin;earnings_window,revenue_growth;eps_growth,price_min;market_cap_min;avg_volume_min;eps_next_year;operating_margin;earnings_window,False,"{'revenue_growth_yoy': None, 'eps_growth_yoy': -1.5523, 'eps_next_year': 59.38, 'operating_margin': -11.9139}",,Finviz via finvizfinance screener views,2026-08-07T23:30:31+02:00,2026-08-10,3,,PRE_EARNINGS_BLACKOUT,
VCYT,Veracyte Inc,finviz_prefilter,revenue_growth;eps_growth;eps_next_year,,price_min;market_cap_min;avg_volume_min;revenue_growth;eps_growth;eps_next_year;operating_margin;earnings_window,False,"{'revenue_growth_yoy': 15.49, 'eps_growth_yoy': 25.848, 'eps_next_year': 2.14, 'operating_margin': 17.22}",,Finviz via finvizfinance screener views,2026-08-07T23:30:31+02:00,2026-07-30,,8,PEAD_WINDOW,
VECO,Veeco Instruments Inc,finviz_prefilter,revenue_growth;eps_growth;operating_margin,,price_min;market_cap_min;avg_volume_min;revenue_growth;eps_growth;eps_next_year;operating_margin;earnings_window,False,"{'revenue_growth_yoy': 16.48, 'eps_growth_yoy': -9.8, 'eps_next_year': 101.83, 'operating_margin': 4.26}",,Finviz via finvizfinance screener views,2026-08-07T23:30:31+02:00,2026-08-05,,2,PEAD_WINDOW,
VIAV,Viavi Solutions Inc,finviz_prefilter,eps_growth,,price_min;market_cap_min;avg_volume_min;revenue_growth;eps_growth;eps_next_year;operating_margin;earnings_window,False,"{'revenue_growth_yoy': 52.53, 'eps_growth_yoy': 2.6932, 'eps_next_year': 22.72, 'operating_margin': 10.39}",,Finviz via finvizfinance screener views,2026-08-07T23:30:31+02:00,2026-08-05,,2,PEAD_WINDOW,"{'failed_gate': 'eps_growth', 'actual_value': 2.6932, 'applicable_threshold': 20.0, 'distance_to_threshold': 17.3068, 'distance_to_threshold_pct': 86.534, 'formula': 'minimo: distance = threshold - actual; pct = distance / abs(threshold) * 100'}"
VICR,Vicor Corp,finviz_prefilter,eps_growth,,price_min;market_cap_min;avg_volume_min;revenue_growth;eps_growth;eps_next_year;operating_margin;earnings_window,False,"{'revenue_growth_yoy': 49.25, 'eps_growth_yoy': 14.17, 'eps_next_year': 73.22, 'operating_margin': 18.64}",,Finviz via finvizfinance screener views,2026-08-07T23:30:31+02:00,2026-07-21,,17,NORMAL,"{'failed_gate': 'eps_growth', 'actual_value': 14.17, 'applicable_threshold': 20.0, 'distance_to_threshold': 5.83, 'distance_to_threshold_pct': 29.15, 'formula': 'minimo: distance = threshold - actual; pct = distance / abs(threshold) * 100'}"
VNOM,Viper Energy Inc,finviz_prefilter,eps_growth;eps_next_year,,price_min;market_cap_min;avg_volume_min;revenue_growth;eps_growth;eps_next_year;operating_margin;earnings_window,False,"{'revenue_growth_yoy': 129.26999999999998, 'eps_growth_yoy': 1.5799, 'eps_next_year': -11.24, 'operating_margin': 48.86}",,Finviz via finvizfinance screener views,2026-08-07T23:30:31+02:00,2026-08-03,,4,PEAD_WINDOW,
VRDN,Viridian Therapeutics Inc,finviz_prefilter,revenue_growth;eps_growth;operating_margin,,price_min;market_cap_min;avg_volume_min;revenue_growth;eps_growth;eps_next_year;operating_margin;earnings_window,False,"{'revenue_growth_yoy': 2.7867, 'eps_growth_yoy': 4.5600000000000005, 'eps_next_year': 34.0, 'operating_margin': -5.6968}",,Finviz via finvizfinance screener views,2026-08-07T23:30:31+02:00,2026-08-06,,1,PEAD_WINDOW,
VRNS,Varonis Systems Inc,finviz_prefilter,revenue_growth;eps_growth;operating_margin,,price_min;market_cap_min;avg_volume_min;revenue_growth;eps_growth;eps_next_year;operating_margin;earnings_window,False,"{'revenue_growth_yoy': 18.84, 'eps_growth_yoy': -27.529999999999998, 'eps_next_year': 178.96, 'operating_margin': -24.01}",,Finviz via finvizfinance screener views,2026-08-07T23:30:31+02:00,2026-07-28,,10,PEAD_WINDOW,
VRSK,Verisk Analytics Inc,finviz_prefilter,revenue_growth;eps_growth;eps_next_year,,price_min;market_cap_min;avg_volume_min;revenue_growth;eps_growth;eps_next_year;operating_margin;earnings_window,False,"{'revenue_growth_yoy': 4.36, 'eps_growth_yoy': -3.2099999999999995, 'eps_next_year': 12.93, 'operating_margin': 44.81}",,Finviz via finvizfinance screener views,2026-08-07T23:30:31+02:00,2026-07-29,,9,PEAD_WINDOW,
VRSN,Verisign Inc,finviz_prefilter,revenue_growth;eps_growth;eps_next_year,,price_min;market_cap_min;avg_volume_min;revenue_growth;eps_growth;eps_next_year;operating_margin;earnings_window,False,"{'revenue_growth_yoy': 6.03, 'eps_growth_yoy': 7.71, 'eps_next_year': 13.27, 'operating_margin': 67.86}",,Finviz via finvizfinance screener views,2026-08-07T23:30:31+02:00,2026-07-23,,15,PEAD_WINDOW,
VRTX,Vertex Pharmaceuticals Inc,finviz_prefilter,revenue_growth;eps_growth;eps_next_year,,price_min;market_cap_min;avg_volume_min;revenue_growth;eps_growth;eps_next_year;operating_margin;earnings_window,False,"{'revenue_growth_yoy': 11.99, 'eps_growth_yoy': 8.02, 'eps_next_year': 13.32, 'operating_margin': 39.54}",,Finviz via finvizfinance screener views,2026-08-07T23:30:31+02:00,2026-08-03,,4,PEAD_WINDOW,
VSAT,Viasat Inc,finviz_prefilter,revenue_growth;eps_growth;eps_next_year;operating_margin,,price_min;market_cap_min;avg_volume_min;revenue_growth;eps_growth;eps_next_year;operating_margin;earnings_window,False,"{'revenue_growth_yoy': -1.24, 'eps_growth_yoy': 12.030000000000001, 'eps_next_year': -2.2, 'operating_margin': 2.35}",,Finviz via finvizfinance screener views,2026-08-07T23:30:31+02:00,2026-08-04,,3,PEAD_WINDOW,
VSNT,Versant Media Group Inc,finviz_prefilter,revenue_growth;eps_growth,,price_min;market_cap_min;avg_volume_min;revenue_growth;eps_growth;eps_next_year;operating_margin;earnings_window,False,"{'revenue_growth_yoy': -3.75, 'eps_growth_yoy': -28.54, 'eps_next_year': 78.12, 'operating_margin': 19.29}",,Finviz via finvizfinance screener views,2026-08-07T23:30:31+02:00,2026-08-06,,1,PEAD_WINDOW,
VTRS,Viatris Inc,finviz_prefilter,revenue_growth;eps_growth;eps_next_year,,price_min;market_cap_min;avg_volume_min;revenue_growth;eps_growth;eps_next_year;operating_margin;earnings_window,False,"{'revenue_growth_yoy': 5.050000000000001, 'eps_growth_yoy': -25.1795, 'eps_next_year': 7.66, 'operating_margin': 9.69}",,Finviz via finvizfinance screener views,2026-08-07T23:30:31+02:00,2026-08-06,,1,PEAD_WINDOW,
WAY,Waystar Holding Corp,finviz_prefilter,revenue_growth;eps_growth;eps_next_year,,price_min;market_cap_min;avg_volume_min;revenue_growth;eps_growth;eps_next_year;operating_margin;earnings_window,False,"{'revenue_growth_yoy': 18.11, 'eps_growth_yoy': 18.57, 'eps_next_year': 12.63, 'operating_margin': 25.36}",,Finviz via finvizfinance screener views,2026-08-07T23:30:31+02:00,2026-07-29,,9,PEAD_WINDOW,
WBD,Warner Bros. Discovery Inc,finviz_prefilter,revenue_growth;eps_growth;operating_margin,,price_min;market_cap_min;avg_volume_min;revenue_growth;eps_growth;eps_next_year;operating_margin;earnings_window,False,"{'revenue_growth_yoy': -11.07, 'eps_growth_yoy': -90.84, 'eps_next_year': 93.59, 'operating_margin': 7.000000000000001}",,Finviz via finvizfinance screener views,2026-08-07T23:30:31+02:00,2026-08-06,,1,PEAD_WINDOW,
WDAY,Workday Inc,finviz_prefilter,revenue_growth;eps_growth,,price_min;market_cap_min;avg_volume_min;revenue_growth;eps_growth;eps_next_year;operating_margin;earnings_window,False,"{'revenue_growth_yoy': 14.29, 'eps_growth_yoy': 2.4694, 'eps_next_year': 17.34, 'operating_margin': 12.34}",,Finviz via finvizfinance screener views,2026-08-07T23:30:31+02:00,2026-05-21,,78,NORMAL,
WDC,Western Digital Corp,finviz_prefilter,eps_growth,,price_min;market_cap_min;avg_volume_min;revenue_growth;eps_growth;eps_next_year;operating_margin;earnings_window,False,"{'revenue_growth_yoy': 43.84, 'eps_growth_yoy': 9.8514, 'eps_next_year': 62.96, 'operating_margin': 35.58}",,Finviz via finvizfinance screener views,2026-08-07T23:30:31+02:00,2026-08-05,,2,PEAD_WINDOW,"{'failed_gate': 'eps_growth', 'actual_value': 9.8514, 'applicable_threshold': 20.0, 'distance_to_threshold': 10.1486, 'distance_to_threshold_pct': 50.743, 'formula': 'minimo: distance = threshold - actual; pct = distance / abs(threshold) * 100'}"
WERN,Werner Enterprises Inc,finviz_prefilter,eps_growth;operating_margin,,price_min;market_cap_min;avg_volume_min;revenue_growth;eps_growth;eps_next_year;operating_margin;earnings_window,False,"{'revenue_growth_yoy': 24.0, 'eps_growth_yoy': -85.41, 'eps_next_year': 90.57, 'operating_margin': 0.5700000000000001}",,Finviz via finvizfinance screener views,2026-08-07T23:30:31+02:00,2026-07-28,,10,PEAD_WINDOW,
WFRD,Weatherford International plc,finviz_prefilter,revenue_growth;eps_growth,,price_min;market_cap_min;avg_volume_min;revenue_growth;eps_growth;eps_next_year;operating_margin;earnings_window,False,"{'revenue_growth_yoy': -8.219999999999999, 'eps_growth_yoy': -71.24000000000001, 'eps_next_year': 36.68, 'operating_margin': 14.42}",,Finviz via finvizfinance screener views,2026-08-07T23:30:31+02:00,2026-07-21,,17,NORMAL,
WGS,GeneDx Holdings Corp,finviz_prefilter,revenue_growth;eps_growth;operating_margin,,price_min;market_cap_min;avg_volume_min;revenue_growth;eps_growth;eps_next_year;operating_margin;earnings_window,False,"{'revenue_growth_yoy': 11.44, 'eps_growth_yoy': -2.6435, 'eps_next_year': 3516.32, 'operating_margin': -12.49}",,Finviz via finvizfinance screener views,2026-08-07T23:30:31+02:00,2026-08-03,,4,PEAD_WINDOW,
WING,Wingstop Inc,finviz_prefilter,revenue_growth;eps_growth,,price_min;market_cap_min;avg_volume_min;revenue_growth;eps_growth;eps_next_year;operating_margin;earnings_window,False,"{'revenue_growth_yoy': 6.4399999999999995, 'eps_growth_yoy': 20.11, 'eps_next_year': 20.59, 'operating_margin': 28.77}",,Finviz via finvizfinance screener views,2026-08-07T23:30:31+02:00,2026-07-29,,9,PEAD_WINDOW,
WIX,Wix.com Ltd,finviz_prefilter,revenue_growth;eps_growth;operating_margin,,price_min;market_cap_min;avg_volume_min;revenue_growth;eps_growth;eps_next_year;operating_margin;earnings_window,False,"{'revenue_growth_yoy': 14.93, 'eps_growth_yoy': -2.8372, 'eps_next_year': 50.59, 'operating_margin': -3.1399999999999997}",,Finviz via finvizfinance screener views,2026-08-07T23:30:31+02:00,2026-08-04,,3,PEAD_WINDOW,
WMG,Warner Music Group Corp,finviz_prefilter,revenue_growth;eps_growth,,price_min;market_cap_min;avg_volume_min;revenue_growth;eps_growth;eps_next_year;operating_margin;earnings_window,False,"{'revenue_growth_yoy': 10.36, 'eps_growth_yoy': 13.4853, 'eps_next_year': 21.65, 'operating_margin': 18.77}",,Finviz via finvizfinance screener views,2026-08-07T23:30:31+02:00,2026-08-05,,2,PEAD_WINDOW,
WMT,Walmart Inc,finviz_prefilter,revenue_growth;eps_growth;eps_next_year;operating_margin,,price_min;market_cap_min;avg_volume_min;revenue_growth;eps_growth;eps_next_year;operating_margin;earnings_window,False,"{'revenue_growth_yoy': 7.33, 'eps_growth_yoy': 19.56, 'eps_next_year': 13.02, 'operating_margin': 4.16}",,Finviz via finvizfinance screener views,2026-08-07T23:30:31+02:00,2026-08-20,13,,NORMAL,
WSBC,Wesbanco Inc,finviz_prefilter,revenue_growth;eps_next_year,,price_min;market_cap_min;avg_volume_min;revenue_growth;eps_growth;eps_next_year;operating_margin;earnings_window,False,"{'revenue_growth_yoy': 1.24, 'eps_growth_yoy': 59.650000000000006, 'eps_next_year': 8.07, 'operating_margin': 30.669999999999998}",,Finviz via finvizfinance screener views,2026-08-07T23:30:31+02:00,2026-07-21,,17,NORMAL,
WSC,WillScot Holdings Corp,finviz_prefilter,revenue_growth;eps_growth,,price_min;market_cap_min;avg_volume_min;revenue_growth;eps_growth;eps_next_year;operating_margin;earnings_window,False,"{'revenue_growth_yoy': 3.92, 'eps_growth_yoy': -1.11, 'eps_next_year': 19.47, 'operating_margin': 20.549999999999997}",,Finviz via finvizfinance screener views,2026-08-07T23:30:31+02:00,2026-08-06,,1,PEAD_WINDOW,
WULF,TeraWulf Inc,finviz_prefilter,revenue_growth;eps_growth;operating_margin,,price_min;market_cap_min;avg_volume_min;revenue_growth;eps_growth;eps_next_year;operating_margin;earnings_window,False,"{'revenue_growth_yoy': -6.02, 'eps_growth_yoy': -39.7368, 'eps_next_year': 90.31, 'operating_margin': -2.2732}",,Finviz via finvizfinance screener views,2026-08-07T23:30:31+02:00,2026-08-05,,2,PEAD_WINDOW,
WWD,Woodward Inc,finviz_prefilter,eps_next_year,,price_min;market_cap_min;avg_volume_min;revenue_growth;eps_growth;eps_next_year;operating_margin;earnings_window,False,"{'revenue_growth_yoy': 21.22, 'eps_growth_yoy': 36.29, 'eps_next_year': 13.27, 'operating_margin': 15.840000000000002}",,Finviz via finvizfinance screener views,2026-08-07T23:30:31+02:00,2026-07-29,,9,PEAD_WINDOW,"{'failed_gate': 'eps_next_year', 'actual_value': 13.27, 'applicable_threshold': 15.0, 'distance_to_threshold': 1.7300000000000004, 'distance_to_threshold_pct': 11.533333333333335, 'formula': 'minimo: distance = threshold - actual; pct = distance / abs(threshold) * 100'}"
WYNN,Wynn Resorts Ltd,finviz_prefilter,revenue_growth;eps_next_year,,price_min;market_cap_min;avg_volume_min;revenue_growth;eps_growth;eps_next_year;operating_margin;earnings_window,False,"{'revenue_growth_yoy': 6.859999999999999, 'eps_growth_yoy': 106.71, 'eps_next_year': 10.16, 'operating_margin': 16.3}",,Finviz via finvizfinance screener views,2026-08-07T23:30:31+02:00,2026-08-04,,3,PEAD_WINDOW,
XE,X-Energy Inc,finviz_prefilter,earnings_window,revenue_growth;eps_growth;operating_margin,price_min;market_cap_min;avg_volume_min;eps_next_year;earnings_window,False,"{'revenue_growth_yoy': None, 'eps_growth_yoy': None, 'eps_next_year': 137.0, 'operating_margin': None}",,Finviz via finvizfinance screener views,2026-08-07T23:30:31+02:00,2026-08-13,6,,PRE_EARNINGS_BLACKOUT,"{'failed_gate': 'earnings_window', 'actual_value': 6, 'applicable_threshold': 7, 'distance_to_threshold': 7, 'distance_to_threshold_pct': None, 'days_to_exit_blackout': 7, 'formula': 'days_to_exit_blackout = days_to_earnings + 1 (giorni; nessuna %)'}"
XEL,Xcel Energy Inc,finviz_prefilter,revenue_growth;eps_growth;eps_next_year,,price_min;market_cap_min;avg_volume_min;revenue_growth;eps_growth;eps_next_year;operating_margin;earnings_window,False,"{'revenue_growth_yoy': -4.9399999999999995, 'eps_growth_yoy': 23.77, 'eps_next_year': 10.44, 'operating_margin': 21.16}",,Finviz via finvizfinance screener views,2026-08-07T23:30:31+02:00,2026-07-30,,8,PEAD_WINDOW,
XMTR,Xometry Inc,finviz_prefilter,operating_margin,,price_min;market_cap_min;avg_volume_min;revenue_growth;eps_growth;eps_next_year;operating_margin;earnings_window,False,"{'revenue_growth_yoy': 35.88, 'eps_growth_yoy': 66.12, 'eps_next_year': 82.02, 'operating_margin': -4.66}",,Finviz via finvizfinance screener views,2026-08-07T23:30:31+02:00,2026-08-04,,3,PEAD_WINDOW,"{'failed_gate': 'operating_margin', 'actual_value': -4.66, 'applicable_threshold': 8.0, 'distance_to_threshold': 12.66, 'distance_to_threshold_pct': 158.25, 'formula': 'minimo: distance = threshold - actual; pct = distance / abs(threshold) * 100'}"
XP,XP Inc,finviz_prefilter,revenue_growth;eps_growth,,price_min;market_cap_min;avg_volume_min;revenue_growth;eps_growth;eps_next_year;operating_margin;earnings_window,False,"{'revenue_growth_yoy': 19.3, 'eps_growth_yoy': 21.12, 'eps_next_year': 15.28, 'operating_margin': 31.86}",,Finviz via finvizfinance screener views,2026-08-07T23:30:31+02:00,2026-05-18,,81,NORMAL,
Z,Zillow Group Inc,finviz_prefilter,revenue_growth;eps_growth;operating_margin,,price_min;market_cap_min;avg_volume_min;revenue_growth;eps_growth;eps_next_year;operating_margin;earnings_window,False,"{'revenue_growth_yoy': 17.86, 'eps_growth_yoy': -3.2, 'eps_next_year': 30.12, 'operating_margin': 1.78}",,Finviz via finvizfinance screener views,2026-08-07T23:30:31+02:00,2026-08-05,,2,PEAD_WINDOW,
ZBIO,Zenas Biopharma Inc,finviz_prefilter,revenue_growth;eps_growth,operating_margin,price_min;market_cap_min;avg_volume_min;revenue_growth;eps_growth;eps_next_year;earnings_window,False,"{'revenue_growth_yoy': -100.0, 'eps_growth_yoy': -81.27, 'eps_next_year': 90.0, 'operating_margin': None}",,Finviz via finvizfinance screener views,2026-08-07T23:30:31+02:00,2026-05-13,,86,NORMAL,
ZBRA,Zebra Technologies Corp,finviz_prefilter,revenue_growth;eps_next_year,,price_min;market_cap_min;avg_volume_min;revenue_growth;eps_growth;eps_next_year;operating_margin;earnings_window,False,"{'revenue_growth_yoy': 19.07, 'eps_growth_yoy': 121.66, 'eps_next_year': 5.6, 'operating_margin': 17.16}",,Finviz via finvizfinance screener views,2026-08-07T23:30:31+02:00,2026-08-04,,3,PEAD_WINDOW,
ZG,Zillow Group Inc,finviz_prefilter,revenue_growth;eps_growth;operating_margin,,price_min;market_cap_min;avg_volume_min;revenue_growth;eps_growth;eps_next_year;operating_margin;earnings_window,False,"{'revenue_growth_yoy': 17.86, 'eps_growth_yoy': -3.2, 'eps_next_year': 30.8, 'operating_margin': 1.78}",,Finviz via finvizfinance screener views,2026-08-07T23:30:31+02:00,2026-08-05,,2,PEAD_WINDOW,
ZION,Zions Bancorporation N.A,finviz_prefilter,revenue_growth;eps_next_year,,price_min;market_cap_min;avg_volume_min;revenue_growth;eps_growth;eps_next_year;operating_margin;earnings_window,False,"{'revenue_growth_yoy': 19.1, 'eps_growth_yoy': 86.9, 'eps_next_year': -14.23, 'operating_margin': 29.060000000000002}",,Finviz via finvizfinance screener views,2026-08-07T23:30:31+02:00,2026-07-20,,18,NORMAL,
ZM,Zoom Communications Inc,finviz_prefilter,revenue_growth;eps_next_year,,price_min;market_cap_min;avg_volume_min;revenue_growth;eps_growth;eps_next_year;operating_margin;earnings_window,False,"{'revenue_growth_yoy': 5.47, 'eps_growth_yoy': 74.18, 'eps_next_year': 3.95, 'operating_margin': 24.169999999999998}",,Finviz via finvizfinance screener views,2026-08-07T23:30:31+02:00,2026-08-25,18,,NORMAL,
ZS,Zscaler Inc,finviz_prefilter,eps_growth;eps_next_year;operating_margin,,price_min;market_cap_min;avg_volume_min;revenue_growth;eps_growth;eps_next_year;operating_margin;earnings_window,False,"{'revenue_growth_yoy': 25.430000000000003, 'eps_growth_yoy': -2.2481, 'eps_next_year': 11.24, 'operating_margin': -4.47}",,Finviz via finvizfinance screener views,2026-08-07T23:30:31+02:00,2026-05-26,,73,NORMAL,
ADI,Analog Devices Inc,tradingview_gates,price_above_sma50;ema21_above_ema50;rsi14;rvol20;performance_21d,,price_min;market_cap_min;avg_volume_min;price_above_sma50;sma50_above_sma150;sma150_above_sma200;ema21_above_ema50;within_25pct_52w_high;rsi14;atr_pct;rvol20;performance_21d;distance_resistance;no_extended_move_10d;revenue_growth;eps_growth;eps_next_year;operating_margin;earnings_window;market_regime_allows_new_entries,True,"{'price': 389.93, 'price_tv': 389.93, 'price_finviz': 389.93, 'sma50': 395.0096, 'sma150': 361.2636333333333, 'sma200': 334.649275, 'ema21': 378.9019036798636, 'ema50': 385.07954378322546, 'rsi14': 54.33955435281881, 'atr14': 14.718987525530412, 'atr_pct': 3.7747768895777223, 'rvol20': 0.7147540572814337, 'performance_21d_pct': -0.9424855197642468, 'distance_52w_high_pct': 12.554102845865762, 'distance_resistance_pct': 14.356422947708566, 'move_10d_pct': 4.859355671489274, 'structural_trend_pass': False}",pattern;previous_revenue_growth_yoy;shares_change_6m_pct,TradingView MCP + Finviz via finvizfinance screener views,2026-08-07T23:31:05+02:00,2026-08-19,12,,NORMAL,
AEIS,Advanced Energy Industries Inc,tradingview_gates,ema21_above_ema50;rsi14;rvol20,,price_min;market_cap_min;avg_volume_min;price_above_sma50;sma50_above_sma150;sma150_above_sma200;ema21_above_ema50;within_25pct_52w_high;rsi14;atr_pct;rvol20;performance_21d;distance_resistance;no_extended_move_10d;revenue_growth;eps_growth;eps_next_year;operating_margin;earnings_window;market_regime_allows_new_entries,True,"{'price': 325.02, 'price_tv': 325.02, 'price_finviz': 325.02, 'sma50': 319.2057, 'sma150': 316.8750333333333, 'sma200': 290.087675, 'ema21': 308.19183888693857, 'ema50': 316.26992422195053, 'rsi14': 54.35655662181892, 'atr14': 23.018413971332276, 'atr_pct': 7.082153089450581, 'rvol20': 0.6048389888213408, 'performance_21d_pct': 5.092637501212538, 'distance_52w_high_pct': 18.221618357487927, 'distance_resistance_pct': 19.9280044304966, 'move_10d_pct': 6.917990723379042, 'structural_trend_pass': True}",pattern;previous_revenue_growth_yoy;shares_change_6m_pct,TradingView MCP + Finviz via finvizfinance screener views,2026-08-07T23:31:19+02:00,2026-08-03,,4,PEAD_WINDOW,
AFRM,Affirm Holdings Inc,tradingview_gates,sma150_above_sma200;rsi14;rvol20;performance_21d,,price_min;market_cap_min;avg_volume_min;price_above_sma50;sma50_above_sma150;sma150_above_sma200;ema21_above_ema50;within_25pct_52w_high;rsi14;atr_pct;rvol20;performance_21d;distance_resistance;no_extended_move_10d;revenue_growth;eps_growth;eps_next_year;operating_margin;earnings_window;market_regime_allows_new_entries,True,"{'price': 75.25, 'price_tv': 75.25, 'price_finviz': 75.25, 'sma50': 74.9575, 'sma150': 64.50826666666667, 'sma200': 66.25507499999999, 'ema21': 75.62849979833797, 'ema50': 73.86174079492649, 'rsi14': 49.43096510267306, 'atr14': 3.6347806482689644, 'atr_pct': 4.8302732867361655, 'rvol20': 0.8516599037082065, 'performance_21d_pct': -10.181427548340894, 'distance_52w_high_pct': 24.75, 'distance_resistance_pct': 15.34883720930232, 'move_10d_pct': 7.147942474725899, 'structural_trend_pass': False}",pattern;previous_revenue_growth_yoy;shares_change_6m_pct,TradingView MCP + Finviz via finvizfinance screener views,2026-08-07T23:31:33+02:00,2026-05-07,,92,NORMAL,
APP,Applovin Corp,tradingview_gates,price_above_sma50;sma150_above_sma200;ema21_above_ema50;within_25pct_52w_high;rsi14;rvol20;performance_21d,,price_min;market_cap_min;avg_volume_min;price_above_sma50;sma50_above_sma150;sma150_above_sma200;ema21_above_ema50;within_25pct_52w_high;rsi14;atr_pct;rvol20;performance_21d;distance_resistance;no_extended_move_10d;revenue_growth;eps_growth;eps_next_year;operating_margin;earnings_window;market_regime_allows_new_entries,True,"{'price': 346.8, 'price_tv': 346.8, 'price_finviz': 346.8, 'sma50': 478.50440000000003, 'sma150': 475.5701333333334, 'sma200': 515.096175, 'ema21': 415.7931542095547, 'ema50': 449.6561397076151, 'rsi14': 32.19732779767509, 'atr14': 28.56527789094894, 'atr_pct': 8.236816000850329, 'rvol20': 1.0942385935200563, 'performance_21d_pct': -33.36279614933804, 'distance_52w_high_pct': 53.48774828663778, 'distance_resistance_pct': 79.35409457900808, 'move_10d_pct': -11.526098270319917, 'structural_trend_pass': False}",pattern;previous_revenue_growth_yoy;shares_change_6m_pct,TradingView MCP + Finviz via finvizfinance screener views,2026-08-07T23:31:47+02:00,2026-08-05,,2,PEAD_WINDOW,
ARXS,Arxis Inc,tradingview_gates,,price_above_sma50;sma50_above_sma150;sma150_above_sma200;ema21_above_ema50;within_25pct_52w_high;rsi14;atr_pct;rvol20;performance_21d;distance_resistance;no_extended_move_10d;revenue_growth;eps_growth;operating_margin,price_min;market_cap_min;avg_volume_min;eps_next_year;earnings_window;market_regime_allows_new_entries,False,"{'price': None, 'price_tv': None, 'price_finviz': 59.99, 'sma50': None, 'sma150': None, 'sma200': None, 'ema21': None, 'ema50': None, 'rsi14': None, 'atr14': None, 'atr_pct': None, 'rvol20': None, 'performance_21d_pct': None, 'distance_52w_high_pct': None, 'distance_resistance_pct': None, 'move_10d_pct': None, 'structural_trend_pass': False}",atr14;atr_pct;distance_52w_high_pct;distance_resistance_pct;ema21;ema50;eps_growth_yoy;gross_margin;move_10d_pct;operating_margin;pattern;performance_21d_pct;previous_revenue_growth_yoy;price;price_tv;resistance;revenue_growth_yoy;rsi14;rvol20;shares_change_6m_pct;sma150;sma200;sma50;week52_high,TradingView MCP + Finviz via finvizfinance screener views,2026-08-07T23:31:52+02:00,2026-07-29,,9,PEAD_WINDOW,
ASML,ASML Holding NV,tradingview_gates,price_above_sma50;rsi14;rvol20;performance_21d,,price_min;market_cap_min;avg_volume_min;price_above_sma50;sma50_above_sma150;sma150_above_sma200;ema21_above_ema50;within_25pct_52w_high;rsi14;atr_pct;rvol20;performance_21d;distance_resistance;no_extended_move_10d;revenue_growth;eps_growth;eps_next_year;operating_margin;earnings_window;market_regime_allows_new_entries,True,"{'price': 1740.99, 'price_tv': 1740.99, 'price_finviz': 1740.99, 'sma50': 1760.582, 'sma150': 1527.5522666666666, 'sma200': 1409.0513499999997, 'ema21': 1712.0925137935578, 'ema50': 1705.104657570673, 'rsi14': 51.904368686967395, 'atr14': 80.25503681467158, 'atr_pct': 4.609735656992377, 'rvol20': 0.5477726509839105, 'performance_21d_pct': -3.506165996951638, 'distance_52w_high_pct': 12.948758975179505, 'distance_resistance_pct': 14.874870045204167, 'move_10d_pct': -0.9162877257283264, 'structural_trend_pass': False}",pattern;previous_revenue_growth_yoy;shares_change_6m_pct,TradingView MCP + Finviz via finvizfinance screener views,2026-08-07T23:32:06+02:00,2026-07-15,,23,NORMAL,
AVGO,Broadcom Inc,tradingview_gates,rvol20,,price_min;market_cap_min;avg_volume_min;price_above_sma50;sma50_above_sma150;sma150_above_sma200;ema21_above_ema50;within_25pct_52w_high;rsi14;atr_pct;rvol20;performance_21d;distance_resistance;no_extended_move_10d;revenue_growth;eps_growth;eps_next_year;operating_margin;earnings_window;market_regime_allows_new_entries,True,"{'price': 427.76, 'price_tv': 427.76, 'price_finviz': 427.76, 'sma50': 395.04040000000003, 'sma150': 369.55176666666665, 'sma200': 367.589375, 'ema21': 396.95500326414543, 'ema50': 393.13967992734314, 'rsi14': 64.82270395198432, 'atr14': 16.600276893026823, 'atr_pct': 3.8807454864940207, 'rvol20': 0.7603928677677844, 'performance_21d_pct': 6.644062725935518, 'distance_52w_high_pct': 13.583838383838387, 'distance_resistance_pct': 15.71909481952497, 'move_10d_pct': 12.002513615416843, 'structural_trend_pass': True}",pattern;previous_revenue_growth_yoy;shares_change_6m_pct,TradingView MCP + Finviz via finvizfinance screener views,2026-08-07T23:32:11+02:00,2026-06-03,,65,NORMAL,
BLLN,Billiontoone Inc,tradingview_gates,,price_above_sma50;sma50_above_sma150;sma150_above_sma200;ema21_above_ema50;within_25pct_52w_high;rsi14;atr_pct;rvol20;performance_21d;distance_resistance;no_extended_move_10d,price_min;market_cap_min;avg_volume_min;revenue_growth;eps_growth;eps_next_year;operating_margin;earnings_window;market_regime_allows_new_entries,False,"{'price': None, 'price_tv': None, 'price_finviz': 93.39, 'sma50': None, 'sma150': None, 'sma200': None, 'ema21': None, 'ema50': None, 'rsi14': None, 'atr14': None, 'atr_pct': None, 'rvol20': None, 'performance_21d_pct': None, 'distance_52w_high_pct': None, 'distance_resistance_pct': None, 'move_10d_pct': None, 'structural_trend_pass': False}",atr14;atr_pct;distance_52w_high_pct;distance_resistance_pct;ema21;ema50;move_10d_pct;pattern;performance_21d_pct;previous_revenue_growth_yoy;price;price_tv;resistance;rsi14;rvol20;shares_change_6m_pct;sma150;sma200;sma50;week52_high,TradingView MCP + Finviz via finvizfinance screener views,2026-08-07T23:32:25+02:00,2026-08-05,,2,PEAD_WINDOW,
BSP,Bending Spoons S.p.A,tradingview_gates,,price_above_sma50;sma50_above_sma150;sma150_above_sma200;ema21_above_ema50;within_25pct_52w_high;rsi14;atr_pct;rvol20;performance_21d;distance_resistance;no_extended_move_10d;revenue_growth;eps_growth;operating_margin,price_min;market_cap_min;avg_volume_min;eps_next_year;earnings_window;market_regime_allows_new_entries,False,"{'price': None, 'price_tv': None, 'price_finviz': 44.45, 'sma50': None, 'sma150': None, 'sma200': None, 'ema21': None, 'ema50': None, 'rsi14': None, 'atr14': None, 'atr_pct': None, 'rvol20': None, 'performance_21d_pct': None, 'distance_52w_high_pct': None, 'distance_resistance_pct': None, 'move_10d_pct': None, 'structural_trend_pass': False}",atr14;atr_pct;distance_52w_high_pct;distance_resistance_pct;ema21;ema50;eps_growth_yoy;gross_margin;move_10d_pct;operating_margin;pattern;performance_21d_pct;previous_revenue_growth_yoy;price;price_tv;resistance;revenue_growth_yoy;rsi14;rvol20;shares_change_6m_pct;sma150;sma200;sma50;week52_high,TradingView MCP + Finviz via finvizfinance screener views,2026-08-07T23:32:39+02:00,2026-06-03,,65,NORMAL,
CAI,Caris Life Sciences Inc,tradingview_gates,sma50_above_sma150;sma150_above_sma200;ema21_above_ema50;within_25pct_52w_high;rsi14;distance_resistance;no_extended_move_10d,,price_min;market_cap_min;avg_volume_min;price_above_sma50;sma50_above_sma150;sma150_above_sma200;ema21_above_ema50;within_25pct_52w_high;rsi14;atr_pct;rvol20;performance_21d;distance_resistance;no_extended_move_10d;revenue_growth;eps_growth;eps_next_year;operating_margin;earnings_window;market_regime_allows_new_entries,True,"{'price': 22.74, 'price_tv': 22.74, 'price_finviz': 22.74, 'sma50': 17.154, 'sma150': 19.333333333333332, 'sma200': 21.324225000000002, 'ema21': 17.2030986190587, 'ema50': 17.23856252240569, 'rsi14': 78.61727162324843, 'atr14': 1.205241126206126, 'atr_pct': 5.300092903281117, 'rvol20': 2.1402579905297325, 'performance_21d_pct': 27.252378287632894, 'distance_52w_high_pct': 46.49411764705882, 'distance_resistance_pct': -11.565523306948105, 'move_10d_pct': 46.520618556701024, 'structural_trend_pass': False}",pattern;previous_revenue_growth_yoy;shares_change_6m_pct,TradingView MCP + Finviz via finvizfinance screener views,2026-08-07T23:32:53+02:00,2026-08-05,,2,PEAD_WINDOW,
CDNS,Cadence Design Systems Inc,tradingview_gates,price_above_sma50;ema21_above_ema50;rsi14;rvol20;performance_21d,,price_min;market_cap_min;avg_volume_min;price_above_sma50;sma50_above_sma150;sma150_above_sma200;ema21_above_ema50;within_25pct_52w_high;rsi14;atr_pct;rvol20;performance_21d;distance_resistance;no_extended_move_10d;revenue_growth;eps_growth;eps_next_year;operating_margin;earnings_window;market_regime_allows_new_entries,True,"{'price': 339.24, 'price_tv': 339.24, 'price_finviz': 339.24, 'sma50': 368.38239999999996, 'sma150': 329.574, 'sma200': 327.93455, 'ema21': 345.5666532145617, 'ema50': 353.0708465465817, 'rsi14': 43.79158974466654, 'atr14': 14.154199723348393, 'atr_pct': 4.1723262950561235, 'rvol20': 0.8712793171954714, 'performance_21d_pct': -12.102603964244063, 'distance_52w_high_pct': 18.5869591302887, 'distance_resistance_pct': 22.830444523051526, 'move_10d_pct': 3.984796468857277, 'structural_trend_pass': False}",pattern;previous_revenue_growth_yoy;shares_change_6m_pct,TradingView MCP + Finviz via finvizfinance screener views,2026-08-07T23:33:07+02:00,2026-07-27,,11,PEAD_WINDOW,
HALO,Halozyme Therapeutics Inc,tradingview_gates,rsi14;performance_21d;distance_resistance,,price_min;market_cap_min;avg_volume_min;price_above_sma50;sma50_above_sma150;sma150_above_sma200;ema21_above_ema50;within_25pct_52w_high;rsi14;atr_pct;rvol20;performance_21d;distance_resistance;no_extended_move_10d;revenue_growth;eps_growth;eps_next_year;operating_margin;earnings_window;market_regime_allows_new_entries,True,"{'price': 103.12, 'price_tv': 103.12, 'price_finviz': 103.12, 'sma50': 76.21, 'sma150': 71.41593333333333, 'sma200': 70.378325, 'ema21': 82.77647507288229, 'ema50': 77.82103613142257, 'rsi14': 87.51248297260614, 'atr14': 3.397238648793668, 'atr_pct': 3.294451754066784, 'rvol20': 4.518681184162701, 'performance_21d_pct': 31.162554057491732, 'distance_52w_high_pct': 0.17424975798644007, 'distance_resistance_pct': -16.602017067494184, 'move_10d_pct': 25.863542048089826, 'structural_trend_pass': True}",pattern;previous_revenue_growth_yoy;shares_change_6m_pct,TradingView MCP + Finviz via finvizfinance screener views,2026-08-07T23:33:21+02:00,2026-08-06,,1,PEAD_WINDOW,
HAPN,Happen Inc,tradingview_gates,,price_above_sma50;sma50_above_sma150;sma150_above_sma200;ema21_above_ema50;within_25pct_52w_high;rsi14;atr_pct;rvol20;performance_21d;distance_resistance;no_extended_move_10d,price_min;market_cap_min;avg_volume_min;revenue_growth;eps_growth;eps_next_year;operating_margin;earnings_window;market_regime_allows_new_entries,False,"{'price': None, 'price_tv': None, 'price_finviz': 19.37, 'sma50': None, 'sma150': None, 'sma200': None, 'ema21': None, 'ema50': None, 'rsi14': None, 'atr14': None, 'atr_pct': None, 'rvol20': None, 'performance_21d_pct': None, 'distance_52w_high_pct': None, 'distance_resistance_pct': None, 'move_10d_pct': None, 'structural_trend_pass': False}",atr14;atr_pct;distance_52w_high_pct;distance_resistance_pct;ema21;ema50;move_10d_pct;pattern;performance_21d_pct;previous_revenue_growth_yoy;price;price_tv;resistance;rsi14;rvol20;shares_change_6m_pct;sma150;sma200;sma50;week52_high,TradingView MCP + Finviz via finvizfinance screener views,2026-08-07T23:33:26+02:00,2026-07-27,,11,PEAD_WINDOW,
HONA,Honeywell Aerospace Inc,tradingview_gates,,price_above_sma50;sma50_above_sma150;sma150_above_sma200;ema21_above_ema50;within_25pct_52w_high;rsi14;atr_pct;rvol20;performance_21d;distance_resistance;no_extended_move_10d;revenue_growth;eps_growth;operating_margin,price_min;market_cap_min;avg_volume_min;eps_next_year;earnings_window;market_regime_allows_new_entries,False,"{'price': None, 'price_tv': None, 'price_finviz': 168.51, 'sma50': None, 'sma150': None, 'sma200': None, 'ema21': None, 'ema50': None, 'rsi14': None, 'atr14': None, 'atr_pct': None, 'rvol20': None, 'performance_21d_pct': None, 'distance_52w_high_pct': None, 'distance_resistance_pct': None, 'move_10d_pct': None, 'structural_trend_pass': False}",atr14;atr_pct;distance_52w_high_pct;distance_resistance_pct;ema21;ema50;eps_growth_yoy;gross_margin;move_10d_pct;operating_margin;pattern;performance_21d_pct;previous_revenue_growth_yoy;price;price_tv;resistance;revenue_growth_yoy;rsi14;rvol20;shares_change_6m_pct;sma150;sma200;sma50;week52_high,TradingView MCP + Finviz via finvizfinance screener views,2026-08-07T23:33:40+02:00,2026-08-05,,2,PEAD_WINDOW,
HOOD,Robinhood Markets Inc,tradingview_gates,price_above_sma50;sma150_above_sma200;within_25pct_52w_high;rsi14;rvol20;performance_21d,,price_min;market_cap_min;avg_volume_min;price_above_sma50;sma50_above_sma150;sma150_above_sma200;ema21_above_ema50;within_25pct_52w_high;rsi14;atr_pct;rvol20;performance_21d;distance_resistance;no_extended_move_10d;revenue_growth;eps_growth;eps_next_year;operating_margin;earnings_window;market_regime_allows_new_entries,True,"{'price': 93.29, 'price_tv': 93.29, 'price_finviz': 93.29, 'sma50': 98.3362, 'sma150': 88.67616666666666, 'sma200': 98.264125, 'ema21': 96.13147571971506, 'ema50': 95.74746651202503, 'rsi14': 45.67619059177158, 'atr14': 5.866392368821901, 'atr_pct': 6.288339981586345, 'rvol20': 0.7032302637674801, 'performance_21d_pct': -18.955781426461638, 'distance_52w_high_pct': 39.366917565915486, 'distance_resistance_pct': 28.684746489441515, 'move_10d_pct': -1.706880202296901, 'structural_trend_pass': False}",pattern;previous_revenue_growth_yoy;shares_change_6m_pct,TradingView MCP + Finviz via finvizfinance screener views,2026-08-07T23:33:54+02:00,2026-07-29,,9,PEAD_WINDOW,
HYMC,Hycroft Mining Holding Corp,tradingview_gates,sma50_above_sma150;ema21_above_ema50;within_25pct_52w_high;no_extended_move_10d,revenue_growth;eps_growth;operating_margin,price_min;market_cap_min;avg_volume_min;price_above_sma50;sma50_above_sma150;sma150_above_sma200;ema21_above_ema50;within_25pct_52w_high;rsi14;atr_pct;rvol20;performance_21d;distance_resistance;no_extended_move_10d;eps_next_year;earnings_window;market_regime_allows_new_entries,True,"{'price': 26.54, 'price_tv': 26.54, 'price_finviz': 26.54, 'sma50': 23.8139, 'sma150': 33.503433333333334, 'sma200': 28.151075000000002, 'ema21': 22.097857860143478, 'ema50': 24.455516216172846, 'rsi14': 63.74978801773212, 'atr14': 1.8782199602525502, 'atr_pct': 7.076940317454975, 'rvol20': 1.4384391032364652, 'performance_21d_pct': 21.743119266055032, 'distance_52w_high_pct': 54.81007119031362, 'distance_resistance_pct': 74.45365486058779, 'move_10d_pct': 31.25618199802176, 'structural_trend_pass': False}",gross_margin;operating_margin;pattern;previous_revenue_growth_yoy;revenue_growth_yoy;shares_change_6m_pct,TradingView MCP + Finviz via finvizfinance screener views,2026-08-07T23:33:59+02:00,2026-07-28,,10,PEAD_WINDOW,
IBKR,Interactive Brokers Group Inc,tradingview_gates,price_above_sma50;rsi14;performance_21d,,price_min;market_cap_min;avg_volume_min;price_above_sma50;sma50_above_sma150;sma150_above_sma200;ema21_above_ema50;within_25pct_52w_high;rsi14;atr_pct;rvol20;performance_21d;distance_resistance;no_extended_move_10d;revenue_growth;eps_growth;eps_next_year;operating_margin;earnings_window;market_regime_allows_new_entries,True,"{'price': 87.83, 'price_tv': 87.83, 'price_finviz': 87.83, 'sma50': 90.8106, 'sma150': 79.9434, 'sma200': 76.509075, 'ema21': 89.99202208745609, 'ema50': 89.17761328556325, 'rsi14': 45.07011137758997, 'atr14': 3.5098891592987025, 'atr_pct': 3.9962303988371883, 'rvol20': 1.6891271124017802, 'performance_21d_pct': -7.819059613769941, 'distance_52w_high_pct': 10.230989370400659, 'distance_resistance_pct': 11.397016964590692, 'move_10d_pct': -4.262044909526919, 'structural_trend_pass': False}",pattern;previous_revenue_growth_yoy;shares_change_6m_pct,TradingView MCP + Finviz via finvizfinance screener views,2026-08-07T23:34:13+02:00,2026-07-21,,17,NORMAL,
INCY,Incyte Corp,tradingview_gates,rvol20,,price_min;market_cap_min;avg_volume_min;price_above_sma50;sma50_above_sma150;sma150_above_sma200;ema21_above_ema50;within_25pct_52w_high;rsi14;atr_pct;rvol20;performance_21d;distance_resistance;no_extended_move_10d;revenue_growth;eps_growth;eps_next_year;operating_margin;earnings_window;market_regime_allows_new_entries,True,"{'price': 120.56, 'price_tv': 120.56, 'price_finviz': 120.56, 'sma50': 111.367, 'sma150': 102.86593333333333, 'sma200': 102.07095, 'ema21': 118.4487634695117, 'ema50': 112.97652254136538, 'rsi14': 55.82539740084297, 'atr14': 4.228266563533506, 'atr_pct': 3.507188589526796, 'rvol20': 0.7774942089926202, 'performance_21d_pct': 1.7212284846439552, 'distance_52w_high_pct': 9.079939668174957, 'distance_resistance_pct': 9.98672859986728, 'move_10d_pct': 2.4560210758902024, 'structural_trend_pass': True}",pattern;previous_revenue_growth_yoy;shares_change_6m_pct,TradingView MCP + Finviz via finvizfinance screener views,2026-08-07T23:34:27+02:00,2026-07-28,,10,PEAD_WINDOW,
INIO,Innio NV,tradingview_gates,,price_above_sma50;sma50_above_sma150;sma150_above_sma200;ema21_above_ema50;within_25pct_52w_high;rsi14;atr_pct;rvol20;performance_21d;distance_resistance;no_extended_move_10d;revenue_growth;eps_growth;operating_margin,price_min;market_cap_min;avg_volume_min;eps_next_year;earnings_window;market_regime_allows_new_entries,False,"{'price': None, 'price_tv': None, 'price_finviz': 27.35, 'sma50': None, 'sma150': None, 'sma200': None, 'ema21': None, 'ema50': None, 'rsi14': None, 'atr14': None, 'atr_pct': None, 'rvol20': None, 'performance_21d_pct': None, 'distance_52w_high_pct': None, 'distance_resistance_pct': None, 'move_10d_pct': None, 'structural_trend_pass': False}",atr14;atr_pct;distance_52w_high_pct;distance_resistance_pct;ema21;ema50;eps_growth_yoy;gross_margin;move_10d_pct;operating_margin;pattern;performance_21d_pct;previous_revenue_growth_yoy;price;price_tv;resistance;revenue_growth_yoy;rsi14;rvol20;shares_change_6m_pct;sma150;sma200;sma50;week52_high,TradingView MCP + Finviz via finvizfinance screener views,2026-08-07T23:34:32+02:00,2026-07-28,,10,PEAD_WINDOW,
INOD,Innodata Inc,tradingview_gates,price_above_sma50;ema21_above_ema50;within_25pct_52w_high;rsi14;performance_21d,,price_min;market_cap_min;avg_volume_min;price_above_sma50;sma50_above_sma150;sma150_above_sma200;ema21_above_ema50;within_25pct_52w_high;rsi14;atr_pct;rvol20;performance_21d;distance_resistance;no_extended_move_10d;revenue_growth;eps_growth;eps_next_year;operating_margin;earnings_window;market_regime_allows_new_entries,True,"{'price': 62.33, 'price_tv': 62.33, 'price_finviz': 62.33, 'sma50': 79.5632, 'sma150': 62.241, 'sma200': 61.679700000000004, 'ema21': 65.40409214121344, 'ema50': 70.09515939569783, 'rsi14': 43.99074569497967, 'atr14': 6.079706355001967, 'atr_pct': 9.754061214506606, 'rvol20': 4.1873471335745585, 'performance_21d_pct': -9.901705695287665, 'distance_52w_high_pct': 50.19178520057535, 'distance_resistance_pct': 100.7700946574683, 'move_10d_pct': 11.522633744855959, 'structural_trend_pass': False}",pattern;previous_revenue_growth_yoy;shares_change_6m_pct,TradingView MCP + Finviz via finvizfinance screener views,2026-08-07T23:34:46+02:00,2026-08-06,,1,PEAD_WINDOW,
KNSA,Kiniksa Pharmaceuticals International Plc,tradingview_gates,rvol20,,price_min;market_cap_min;avg_volume_min;price_above_sma50;sma50_above_sma150;sma150_above_sma200;ema21_above_ema50;within_25pct_52w_high;rsi14;atr_pct;rvol20;performance_21d;distance_resistance;no_extended_move_10d;revenue_growth;eps_growth;eps_next_year;operating_margin;earnings_window;market_regime_allows_new_entries,True,"{'price': 76.06, 'price_tv': 76.06, 'price_finviz': 76.06, 'sma50': 61.0876, 'sma150': 51.667633333333335, 'sma200': 48.908975, 'ema21': 70.39976605055564, 'ema50': 63.878544703815514, 'rsi14': 63.278536292105514, 'atr14': 3.4920697415376103, 'atr_pct': 4.591203972571142, 'rvol20': 0.2964326850300044, 'performance_21d_pct': 16.33527072499237, 'distance_52w_high_pct': 8.295153122739324, 'distance_resistance_pct': 9.045490402313956, 'move_10d_pct': 21.03755569700827, 'structural_trend_pass': True}",pattern;previous_revenue_growth_yoy;shares_change_6m_pct,TradingView MCP + Finviz via finvizfinance screener views,2026-08-07T23:35:00+02:00,2026-07-28,,10,PEAD_WINDOW,
LPLA,LPL Financial Holdings Inc,tradingview_gates,sma50_above_sma150;sma150_above_sma200;rsi14;atr_pct;rvol20;distance_resistance,,price_min;market_cap_min;avg_volume_min;price_above_sma50;sma50_above_sma150;sma150_above_sma200;ema21_above_ema50;within_25pct_52w_high;rsi14;atr_pct;rvol20;performance_21d;distance_resistance;no_extended_move_10d;revenue_growth;eps_growth;eps_next_year;operating_margin;earnings_window;market_regime_allows_new_entries,True,"{'price': 362.63, 'price_tv': 362.63, 'price_finviz': 362.63, 'sma50': 309.1052, 'sma150': 319.80289999999997, 'sma200': 330.427525, 'ema21': 338.01539232439745, 'ema50': 321.35544129049146, 'rsi14': 72.31794061634201, 'atr14': 10.058792468562716, 'atr_pct': 2.7738445436292407, 'rvol20': 0.9165566398184465, 'performance_21d_pct': 16.425337913763748, 'distance_52w_high_pct': 9.378748500599766, 'distance_resistance_pct': 0.6535587237680293, 'move_10d_pct': 10.322482506845155, 'structural_trend_pass': False}",pattern;previous_revenue_growth_yoy;shares_change_6m_pct,TradingView MCP + Finviz via finvizfinance screener views,2026-08-07T23:35:14+02:00,2026-07-30,,8,PEAD_WINDOW,
LRCX,Lam Research Corp,tradingview_gates,price_above_sma50;ema21_above_ema50;within_25pct_52w_high;rsi14;rvol20;performance_21d,,price_min;market_cap_min;avg_volume_min;price_above_sma50;sma50_above_sma150;sma150_above_sma200;ema21_above_ema50;within_25pct_52w_high;rsi14;atr_pct;rvol20;performance_21d;distance_resistance;no_extended_move_10d;revenue_growth;eps_growth;eps_next_year;operating_margin;earnings_window;market_regime_allows_new_entries,True,"{'price': 311.35, 'price_tv': 311.35, 'price_finviz': 311.35, 'sma50': 337.835, 'sma150': 273.8356, 'sma200': 245.2029, 'ema21': 312.03815266169096, 'ema50': 318.0867436878099, 'rsi14': 48.72180631728805, 'atr14': 24.86305290658533, 'atr_pct': 7.985563804909372, 'rvol20': 0.5874512423293282, 'performance_21d_pct': -11.841322875668936, 'distance_52w_high_pct': 28.99657924743443, 'distance_resistance_pct': 40.83828488838927, 'move_10d_pct': 2.011729628780201, 'structural_trend_pass': False}",pattern;previous_revenue_growth_yoy;shares_change_6m_pct,TradingView MCP + Finviz via finvizfinance screener views,2026-08-07T23:35:28+02:00,2026-07-29,,9,PEAD_WINDOW,
MPWR,Monolithic Power System Inc,tradingview_gates,price_above_sma50;ema21_above_ema50;rsi14;rvol20,,price_min;market_cap_min;avg_volume_min;price_above_sma50;sma50_above_sma150;sma150_above_sma200;ema21_above_ema50;within_25pct_52w_high;rsi14;atr_pct;rvol20;performance_21d;distance_resistance;no_extended_move_10d;revenue_growth;eps_growth;eps_next_year;operating_margin;earnings_window;market_regime_allows_new_entries,True,"{'price': 1401.54, 'price_tv': 1401.54, 'price_finviz': 1401.54, 'sma50': 1421.7198999999998, 'sma150': 1305.9195, 'sma200': 1219.5652, 'ema21': 1357.1248495273137, 'ema50': 1387.5298991403547, 'rsi14': 53.254108549005245, 'atr14': 93.31677184726867, 'atr_pct': 6.65815972767589, 'rvol20': 0.6340089886409226, 'performance_21d_pct': 1.9947166570848385, 'distance_52w_high_pct': 18.23416029695992, 'distance_resistance_pct': 22.300462348559442, 'move_10d_pct': 5.077934638366788, 'structural_trend_pass': False}",pattern;previous_revenue_growth_yoy;shares_change_6m_pct,TradingView MCP + Finviz via finvizfinance screener views,2026-08-07T23:35:42+02:00,2026-07-30,,8,PEAD_WINDOW,
NBIX,Neurocrine Biosciences Inc,tradingview_gates,price_above_sma50;sma150_above_sma200;rsi14;rvol20;performance_21d,,price_min;market_cap_min;avg_volume_min;price_above_sma50;sma50_above_sma150;sma150_above_sma200;ema21_above_ema50;within_25pct_52w_high;rsi14;atr_pct;rvol20;performance_21d;distance_resistance;no_extended_move_10d;revenue_growth;eps_growth;eps_next_year;operating_margin;earnings_window;market_regime_allows_new_entries,True,"{'price': 163.41, 'price_tv': 163.41, 'price_finviz': 163.41, 'sma50': 168.1257, 'sma150': 146.44216666666668, 'sma200': 146.5277, 'ema21': 170.0779207102602, 'ema50': 166.250217112531, 'rsi14': 42.64158125443741, 'atr14': 5.996476758814306, 'atr_pct': 3.6695898407773737, 'rvol20': 0.7017120763171207, 'performance_21d_pct': -9.493215175851578, 'distance_52w_high_pct': 12.201805286911673, 'distance_resistance_pct': 13.897558288966408, 'move_10d_pct': -7.031916709336072, 'structural_trend_pass': False}",pattern;previous_revenue_growth_yoy;shares_change_6m_pct,TradingView MCP + Finviz via finvizfinance screener views,2026-08-07T23:35:56+02:00,2026-07-30,,8,PEAD_WINDOW,
PENG,Penguin Solutions Inc,tradingview_gates,price_above_sma50;within_25pct_52w_high;rsi14;rvol20;performance_21d,eps_growth,price_min;market_cap_min;avg_volume_min;price_above_sma50;sma50_above_sma150;sma150_above_sma200;ema21_above_ema50;within_25pct_52w_high;rsi14;atr_pct;rvol20;performance_21d;distance_resistance;no_extended_move_10d;revenue_growth;eps_next_year;operating_margin;earnings_window;market_regime_allows_new_entries,True,"{'price': 58.43, 'price_tv': 58.43, 'price_finviz': 58.43, 'sma50': 62.897200000000005, 'sma150': 37.642833333333336, 'sma200': 33.396725, 'ema21': 57.758695695552184, 'ema50': 57.302233247242626, 'rsi14': 49.97847406497576, 'atr14': 6.468302057176723, 'atr_pct': 11.070172954264459, 'rvol20': 0.5671256945970361, 'performance_21d_pct': -28.209853790391936, 'distance_52w_high_pct': 34.9766303138215, 'distance_resistance_pct': 53.79086085914769, 'move_10d_pct': 8.505106778087267, 'structural_trend_pass': False}",eps_growth_yoy;pattern;previous_revenue_growth_yoy;shares_change_6m_pct,TradingView MCP + Finviz via finvizfinance screener views,2026-08-07T23:36:10+02:00,2026-07-07,,31,NORMAL,
PPTA,Perpetua Resources Corp,tradingview_gates,sma50_above_sma150;ema21_above_ema50;within_25pct_52w_high;no_extended_move_10d,revenue_growth;eps_growth;operating_margin,price_min;market_cap_min;avg_volume_min;price_above_sma50;sma50_above_sma150;sma150_above_sma200;ema21_above_ema50;within_25pct_52w_high;rsi14;atr_pct;rvol20;performance_21d;distance_resistance;no_extended_move_10d;eps_next_year;earnings_window;market_regime_allows_new_entries,True,"{'price': 24.72, 'price_tv': 24.72, 'price_finviz': 24.72, 'sma50': 21.342, 'sma150': 26.987866666666665, 'sma200': 26.3765, 'ema21': 20.205428100243147, 'ema50': 21.536531267412805, 'rsi14': 69.57012174240526, 'atr14': 1.3653405362811917, 'atr_pct': 5.523222234147216, 'rvol20': 2.029402309964538, 'performance_21d_pct': 24.84848484848483, 'distance_52w_high_pct': 33.85068236553385, 'distance_resistance_pct': 31.027508090614898, 'move_10d_pct': 38.56502242152467, 'structural_trend_pass': False}",gross_margin;operating_margin;pattern;previous_revenue_growth_yoy;revenue_growth_yoy;shares_change_6m_pct,TradingView MCP + Finviz via finvizfinance screener views,2026-08-07T23:36:15+02:00,2026-05-11,,88,NORMAL,
SHOP,Shopify Inc,tradingview_gates,sma50_above_sma150;sma150_above_sma200;distance_resistance;no_extended_move_10d,,price_min;market_cap_min;avg_volume_min;price_above_sma50;sma50_above_sma150;sma150_above_sma200;ema21_above_ema50;within_25pct_52w_high;rsi14;atr_pct;rvol20;performance_21d;distance_resistance;no_extended_move_10d;revenue_growth;eps_growth;eps_next_year;operating_margin;earnings_window;market_regime_allows_new_entries,True,"{'price': 151.57, 'price_tv': 151.57, 'price_finviz': 151.57, 'sma50': 119.25219999999999, 'sma150': 123.08253333333334, 'sma200': 132.63639999999998, 'ema21': 127.62750798523808, 'ema50': 122.00511391889803, 'rsi14': 71.31190289702376, 'atr14': 7.851673924987623, 'atr_pct': 5.180229547395674, 'rvol20': 1.205689313416197, 'performance_21d_pct': 23.05756271819437, 'distance_52w_high_pct': 16.80663044074867, 'distance_resistance_pct': 1.5240482945173863, 'move_10d_pct': 33.24835164835165, 'structural_trend_pass': False}",pattern;previous_revenue_growth_yoy;shares_change_6m_pct,TradingView MCP + Finviz via finvizfinance screener views,2026-08-07T23:36:29+02:00,2026-08-05,,2,PEAD_WINDOW,
SOFI,SoFi Technologies Inc,tradingview_gates,sma50_above_sma150;sma150_above_sma200;within_25pct_52w_high;rvol20;performance_21d;distance_resistance,,price_min;market_cap_min;avg_volume_min;price_above_sma50;sma50_above_sma150;sma150_above_sma200;ema21_above_ema50;within_25pct_52w_high;rsi14;atr_pct;rvol20;performance_21d;distance_resistance;no_extended_move_10d;revenue_growth;eps_growth;eps_next_year;operating_margin;earnings_window;market_regime_allows_new_entries,True,"{'price': 18.38, 'price_tv': 18.38, 'price_finviz': 18.38, 'sma50': 17.4378, 'sma150': 18.7435, 'sma200': 21.079675, 'ema21': 17.501730955683087, 'ema50': 17.428799979052094, 'rsi14': 56.51484715599885, 'atr14': 0.8837457953680651, 'atr_pct': 4.808192575451932, 'rvol20': 0.6163826678456966, 'performance_21d_pct': -1.2889366272824998, 'distance_52w_high_pct': 43.84356859150626, 'distance_resistance_pct': 7.3993471164309, 'move_10d_pct': 11.664641555285527, 'structural_trend_pass': False}",pattern;previous_revenue_growth_yoy;shares_change_6m_pct,TradingView MCP + Finviz via finvizfinance screener views,2026-08-07T23:36:34+02:00,2026-07-29,,9,PEAD_WINDOW,
SPCX,Space Exploration Technologies Corp,tradingview_gates,,price_above_sma50;sma50_above_sma150;sma150_above_sma200;ema21_above_ema50;within_25pct_52w_high;rsi14;atr_pct;rvol20;performance_21d;distance_resistance;no_extended_move_10d;revenue_growth;eps_growth;operating_margin,price_min;market_cap_min;avg_volume_min;eps_next_year;earnings_window;market_regime_allows_new_entries,False,"{'price': None, 'price_tv': None, 'price_finviz': 133.11, 'sma50': None, 'sma150': None, 'sma200': None, 'ema21': None, 'ema50': None, 'rsi14': None, 'atr14': None, 'atr_pct': None, 'rvol20': None, 'performance_21d_pct': None, 'distance_52w_high_pct': None, 'distance_resistance_pct': None, 'move_10d_pct': None, 'structural_trend_pass': False}",atr14;atr_pct;distance_52w_high_pct;distance_resistance_pct;ema21;ema50;eps_growth_yoy;gross_margin;move_10d_pct;operating_margin;pattern;performance_21d_pct;previous_revenue_growth_yoy;price;price_tv;resistance;revenue_growth_yoy;rsi14;rvol20;shares_change_6m_pct;sma150;sma200;sma50;week52_high,TradingView MCP + Finviz via finvizfinance screener views,2026-08-07T23:36:39+02:00,2026-08-04,,3,PEAD_WINDOW,
STLD,Steel Dynamics Inc,tradingview_gates,rvol20,,price_min;market_cap_min;avg_volume_min;price_above_sma50;sma50_above_sma150;sma150_above_sma200;ema21_above_ema50;within_25pct_52w_high;rsi14;atr_pct;rvol20;performance_21d;distance_resistance;no_extended_move_10d;revenue_growth;eps_growth;eps_next_year;operating_margin;earnings_window;market_regime_allows_new_entries,True,"{'price': 262.45, 'price_tv': 262.45, 'price_finviz': 262.45, 'sma50': 250.525, 'sma150': 214.3252, 'sma200': 201.46302500000002, 'ema21': 250.91085054472347, 'ema50': 244.29438313179685, 'rsi14': 62.371337264131, 'atr14': 8.735993233087587, 'atr_pct': 3.32863144716616, 'rvol20': 0.8232915907487689, 'performance_21d_pct': 18.18877780779968, 'distance_52w_high_pct': 9.105077232111942, 'distance_resistance_pct': 10.017146123071068, 'move_10d_pct': 6.207761725547312, 'structural_trend_pass': True}",pattern;previous_revenue_growth_yoy;shares_change_6m_pct,TradingView MCP + Finviz via finvizfinance screener views,2026-08-07T23:36:53+02:00,2026-07-20,,18,NORMAL,
STRC,Strategy Inc - VR PRF PERPETUAL USD 100 - Ser A,tradingview_gates,sma50_above_sma150;sma150_above_sma200;ema21_above_ema50;atr_pct;distance_resistance,revenue_growth;eps_growth;operating_margin;earnings_window,price_min;market_cap_min;avg_volume_min;price_above_sma50;sma50_above_sma150;sma150_above_sma200;ema21_above_ema50;within_25pct_52w_high;rsi14;atr_pct;rvol20;performance_21d;distance_resistance;no_extended_move_10d;eps_next_year;market_regime_allows_new_entries,True,"{'price': 95.01, 'price_tv': 95.01, 'price_finviz': 95.01, 'sma50': 89.70729999999999, 'sma150': 96.30806666666666, 'sma200': 96.775475, 'ema21': 90.0236049553225, 'ema50': 90.62873395145316, 'rsi14': 66.13333249317802, 'atr14': 2.3561448032036743, 'atr_pct': 2.479891383226686, 'rvol20': 1.211030397901894, 'performance_21d_pct': 10.850542527126361, 'distance_52w_high_pct': 5.3856770983745905, 'distance_resistance_pct': 5.262603936427744, 'move_10d_pct': 9.35144156068366, 'structural_trend_pass': False}",eps_growth_yoy;gross_margin;operating_margin;pattern;previous_revenue_growth_yoy;revenue_growth_yoy;shares_change_6m_pct,TradingView MCP + Finviz via finvizfinance screener views,2026-08-07T23:37:07+02:00,,,,UNKNOWN,
STRL,Sterling Infrastructure Inc,tradingview_gates,price_above_sma50;ema21_above_ema50;within_25pct_52w_high;rsi14;rvol20;performance_21d,,price_min;market_cap_min;avg_volume_min;price_above_sma50;sma50_above_sma150;sma150_above_sma200;ema21_above_ema50;within_25pct_52w_high;rsi14;atr_pct;rvol20;performance_21d;distance_resistance;no_extended_move_10d;revenue_growth;eps_growth;eps_next_year;operating_margin;earnings_window;market_regime_allows_new_entries,True,"{'price': 547.06, 'price_tv': 547.06, 'price_finviz': 547.06, 'sma50': 743.6491000000001, 'sma150': 564.2390333333333, 'sma200': 508.59625, 'ema21': 618.2342324283786, 'ema50': 669.9489928153457, 'rsi14': 38.92690512619539, 'atr14': 57.25672427292309, 'atr_pct': 10.466260423522664, 'rvol20': 0.5603518135251998, 'performance_21d_pct': -22.640949135285716, 'distance_52w_high_pct': 45.60298591938074, 'distance_resistance_pct': 83.8336197126458, 'move_10d_pct': -17.22937959103391, 'structural_trend_pass': False}",pattern;previous_revenue_growth_yoy;shares_change_6m_pct,TradingView MCP + Finviz via finvizfinance screener views,2026-08-07T23:37:22+02:00,2026-08-03,,4,PEAD_WINDOW,
STX,Seagate Technology Holdings Plc,tradingview_gates,price_above_sma50;within_25pct_52w_high;rsi14;rvol20;performance_21d,,price_min;market_cap_min;avg_volume_min;price_above_sma50;sma50_above_sma150;sma150_above_sma200;ema21_above_ema50;within_25pct_52w_high;rsi14;atr_pct;rvol20;performance_21d;distance_resistance;no_extended_move_10d;revenue_growth;eps_growth;eps_next_year;operating_margin;earnings_window;market_regime_allows_new_entries,True,"{'price': 812.76, 'price_tv': 812.76, 'price_finviz': 812.76, 'sma50': 892.1482, 'sma150': 622.3032333333333, 'sma200': 533.7365, 'ema21': 844.858253361456, 'ema50': 837.4301624083266, 'rsi14': 46.01523257170296, 'atr14': 81.01384271666961, 'atr_pct': 9.967744809866334, 'rvol20': 1.0496590032823967, 'performance_21d_pct': -8.687885494725256, 'distance_52w_high_pct': 29.016593886462882, 'distance_resistance_pct': 40.877995964368324, 'move_10d_pct': -4.570911951531665, 'structural_trend_pass': False}",pattern;previous_revenue_growth_yoy;shares_change_6m_pct,TradingView MCP + Finviz via finvizfinance screener views,2026-08-07T23:37:36+02:00,2026-07-28,,10,PEAD_WINDOW,
TSEM,Tower Semiconductor Ltd,tradingview_gates,ema21_above_ema50;rsi14;rvol20,,price_min;market_cap_min;avg_volume_min;price_above_sma50;sma50_above_sma150;sma150_above_sma200;ema21_above_ema50;within_25pct_52w_high;rsi14;atr_pct;rvol20;performance_21d;distance_resistance;no_extended_move_10d;revenue_growth;eps_growth;eps_next_year;operating_margin;earnings_window;market_regime_allows_new_entries,True,"{'price': 252.49, 'price_tv': 252.49, 'price_finviz': 252.49, 'sma50': 245.3358, 'sma150': 195.03993333333335, 'sma200': 171.93165000000002, 'ema21': 231.47365568294643, 'ema50': 234.8132896017987, 'rsi14': 54.98383414910075, 'atr14': 25.696987708901368, 'atr_pct': 10.177427901660014, 'rvol20': 0.9568127574738075, 'performance_21d_pct': 11.435254656192061, 'distance_52w_high_pct': 21.082077889604296, 'distance_resistance_pct': 26.713929264525323, 'move_10d_pct': 8.192998243133221, 'structural_trend_pass': True}",pattern;previous_revenue_growth_yoy;shares_change_6m_pct,TradingView MCP + Finviz via finvizfinance screener views,2026-08-07T23:37:50+02:00,2026-08-04,,3,PEAD_WINDOW,
TTMI,TTM Technologies Inc,tradingview_gates,price_above_sma50;ema21_above_ema50;within_25pct_52w_high;rsi14;performance_21d,,price_min;market_cap_min;avg_volume_min;price_above_sma50;sma50_above_sma150;sma150_above_sma200;ema21_above_ema50;within_25pct_52w_high;rsi14;atr_pct;rvol20;performance_21d;distance_resistance;no_extended_move_10d;revenue_growth;eps_growth;eps_next_year;operating_margin;earnings_window;market_regime_allows_new_entries,True,"{'price': 137.21, 'price_tv': 137.21, 'price_finviz': 137.21, 'sma50': 161.7345, 'sma150': 129.90163333333334, 'sma200': 114.27395, 'ema21': 135.28929702560725, 'ema50': 146.891307905461, 'rsi14': 48.823152930897315, 'atr14': 13.62394332906013, 'atr_pct': 9.929264141870222, 'rvol20': 1.211075555179093, 'performance_21d_pct': -8.508368340334727, 'distance_52w_high_pct': 38.69901264352411, 'distance_resistance_pct': 63.12950951096858, 'move_10d_pct': 4.413667148618838, 'structural_trend_pass': False}",pattern;previous_revenue_growth_yoy;shares_change_6m_pct,TradingView MCP + Finviz via finvizfinance screener views,2026-08-07T23:38:04+02:00,2026-08-05,,2,PEAD_WINDOW,
TXN,Texas Instruments Inc,tradingview_gates,price_above_sma50;ema21_above_ema50;rsi14;rvol20;performance_21d,,price_min;market_cap_min;avg_volume_min;price_above_sma50;sma50_above_sma150;sma150_above_sma200;ema21_above_ema50;within_25pct_52w_high;rsi14;atr_pct;rvol20;performance_21d;distance_resistance;no_extended_move_10d;revenue_growth;eps_growth;eps_next_year;operating_margin;earnings_window;market_regime_allows_new_entries,True,"{'price': 286.08, 'price_tv': 286.08, 'price_finviz': 286.08, 'sma50': 294.9497, 'sma150': 249.01386666666667, 'sma200': 229.11235, 'ema21': 284.4842635976952, 'ema50': 286.1544057021056, 'rsi14': 49.961538730577345, 'atr14': 12.317236652593452, 'atr_pct': 4.305521760554199, 'rvol20': 0.9602093247578136, 'performance_21d_pct': -7.276439892392961, 'distance_52w_high_pct': 14.354998054066998, 'distance_resistance_pct': 16.761045861297536, 'move_10d_pct': 2.324915945346584, 'structural_trend_pass': False}",pattern;previous_revenue_growth_yoy;shares_change_6m_pct,TradingView MCP + Finviz via finvizfinance screener views,2026-08-07T23:38:18+02:00,2026-07-22,,16,NORMAL,
