ticker,name,exclusion_stage,failed_gates,unverifiable_gates,gates_evaluated,technical_gates_evaluated,values,missing_fields,source,retrieved_at,earnings_date,days_to_earnings,days_since_earnings,earnings_state,gate_distance
ABVX,Abivax ADR,finviz_prefilter,adr,,,False,"{'industry': 'Biotechnology', 'price_finviz': 114.95}",,Finviz via finvizfinance screener views,2026-08-21T23:30:32+02:00,,,,,
APGE,Apogee Therapeutics Inc,finviz_prefilter,biotech_pre_revenue,,,False,"{'industry': 'Biotechnology', 'price_finviz': 134.75}",,Finviz via finvizfinance screener views,2026-08-21T23:30:32+02:00,,,,,
ARM,Arm Holdings Plc ADR,finviz_prefilter,adr,,,False,"{'industry': 'Semiconductors', 'price_finviz': 243.32}",,Finviz via finvizfinance screener views,2026-08-21T23:30:32+02:00,,,,,
ATAT,Atour Lifestyle Holdings Ltd ADR,finviz_prefilter,adr,,,False,"{'industry': 'Lodging', 'price_finviz': 34.75}",,Finviz via finvizfinance screener views,2026-08-21T23:30:32+02:00,,,,,
BIDU,Baidu Inc ADR,finviz_prefilter,adr,,,False,"{'industry': 'Internet Content & Information', 'price_finviz': 93.21}",,Finviz via finvizfinance screener views,2026-08-21T23:30:32+02:00,,,,,
BILI,Bilibili Inc ADR,finviz_prefilter,adr,,,False,"{'industry': 'Internet Content & Information', 'price_finviz': 17.06}",,Finviz via finvizfinance screener views,2026-08-21T23:30:32+02:00,,,,,
BNTX,BioNTech SE ADR,finviz_prefilter,adr,,,False,"{'industry': 'Biotechnology', 'price_finviz': 116.57}",,Finviz via finvizfinance screener views,2026-08-21T23:30:32+02:00,,,,,
BZ,Kanzhun Ltd ADR,finviz_prefilter,adr,,,False,"{'industry': 'Internet Content & Information', 'price_finviz': 15.95}",,Finviz via finvizfinance screener views,2026-08-21T23:30:32+02:00,,,,,
CELC,Celcuity Inc,finviz_prefilter,biotech_pre_revenue,,,False,"{'industry': 'Biotechnology', 'price_finviz': 93.53}",,Finviz via finvizfinance screener views,2026-08-21T23:30:32+02:00,,,,,
COGT,Cogent Biosciences Inc,finviz_prefilter,biotech_pre_revenue,,,False,"{'industry': 'Biotechnology', 'price_finviz': 36.73}",,Finviz via finvizfinance screener views,2026-08-21T23:30:32+02:00,,,,,
DFTX,Definium Therapeutics Inc,finviz_prefilter,biotech_pre_revenue,,,False,"{'industry': 'Biotechnology', 'price_finviz': 44.91}",,Finviz via finvizfinance screener views,2026-08-21T23:30:32+02:00,,,,,
DYN,Dyne Therapeutics Inc,finviz_prefilter,biotech_pre_revenue,,,False,"{'industry': 'Biotechnology', 'price_finviz': 26.1}",,Finviz via finvizfinance screener views,2026-08-21T23:30:32+02:00,,,,,
ELVN,Enliven Therapeutics Inc,finviz_prefilter,biotech_pre_revenue,,,False,"{'industry': 'Biotechnology', 'price_finviz': 59.82}",,Finviz via finvizfinance screener views,2026-08-21T23:30:32+02:00,,,,,
ERAS,Erasca Inc,finviz_prefilter,biotech_pre_revenue,,,False,"{'industry': 'Biotechnology', 'price_finviz': 17.63}",,Finviz via finvizfinance screener views,2026-08-21T23:30:32+02:00,,,,,
EWTX,Edgewise Therapeutics Inc,finviz_prefilter,biotech_pre_revenue,,,False,"{'industry': 'Biotechnology', 'price_finviz': 44.18}",,Finviz via finvizfinance screener views,2026-08-21T23:30:32+02:00,,,,,
FUTU,Futu Holdings Ltd ADR,finviz_prefilter,adr,,,False,"{'industry': 'Capital Markets', 'price_finviz': 123.64}",,Finviz via finvizfinance screener views,2026-08-21T23:30:32+02:00,,,,,
GDS,GDS Holdings Limited ADR,finviz_prefilter,adr,,,False,"{'industry': 'Information Technology Services', 'price_finviz': 32.85}",,Finviz via finvizfinance screener views,2026-08-21T23:30:32+02:00,,,,,
GENB,Generate Biomedicines Inc,finviz_prefilter,biotech_pre_revenue,,,False,"{'industry': 'Biotechnology', 'price_finviz': 16.12}",,Finviz via finvizfinance screener views,2026-08-21T23:30:32+02:00,,,,,
GGAL,Grupo Financiero Galicia ADR,finviz_prefilter,adr,,,False,"{'industry': 'Banks - Regional', 'price_finviz': 41.45}",,Finviz via finvizfinance screener views,2026-08-21T23:30:32+02:00,,,,,
GMAB,Genmab ADR,finviz_prefilter,adr,,,False,"{'industry': 'Biotechnology', 'price_finviz': 33.45}",,Finviz via finvizfinance screener views,2026-08-21T23:30:32+02:00,,,,,
HSAI,Hesai Group ADR,finviz_prefilter,adr,,,False,"{'industry': 'Auto Parts', 'price_finviz': 19.1}",,Finviz via finvizfinance screener views,2026-08-21T23:30:32+02:00,,,,,
HTHT,H World Group Limited ADR,finviz_prefilter,adr,,,False,"{'industry': 'Lodging', 'price_finviz': 49.16}",,Finviz via finvizfinance screener views,2026-08-21T23:30:32+02:00,,,,,
IMVT,Immunovant Inc,finviz_prefilter,biotech_pre_revenue,,,False,"{'industry': 'Biotechnology', 'price_finviz': 44.37}",,Finviz via finvizfinance screener views,2026-08-21T23:30:32+02:00,,,,,
JD,JD.com Inc ADR,finviz_prefilter,adr,,,False,"{'industry': 'Internet Retail', 'price_finviz': 29.37}",,Finviz via finvizfinance screener views,2026-08-21T23:30:32+02:00,,,,,
LEGN,Legend Biotech Corp ADR,finviz_prefilter,adr,,,False,"{'industry': 'Biotechnology', 'price_finviz': 21.82}",,Finviz via finvizfinance screener views,2026-08-21T23:30:32+02:00,,,,,
MBX,MBX Biosciences Inc,finviz_prefilter,biotech_pre_revenue,,,False,"{'industry': 'Biotechnology', 'price_finviz': 66.33}",,Finviz via finvizfinance screener views,2026-08-21T23:30:32+02:00,,,,,
MLYS,Mineralys Therapeutics Inc,finviz_prefilter,biotech_pre_revenue,,,False,"{'industry': 'Biotechnology', 'price_finviz': 25.65}",,Finviz via finvizfinance screener views,2026-08-21T23:30:32+02:00,,,,,
NTES,NetEase Inc ADR,finviz_prefilter,adr,,,False,"{'industry': 'Electronic Gaming & Multimedia', 'price_finviz': 128.17}",,Finviz via finvizfinance screener views,2026-08-21T23:30:32+02:00,,,,,
ORKA,Oruka Therapeutics Inc,finviz_prefilter,biotech_pre_revenue,,,False,"{'industry': 'Biotechnology', 'price_finviz': 107.96}",,Finviz via finvizfinance screener views,2026-08-21T23:30:32+02:00,,,,,
PAYP,PayPay Corp ADR,finviz_prefilter,adr,,,False,"{'industry': 'Software - Infrastructure', 'price_finviz': 15.41}",,Finviz via finvizfinance screener views,2026-08-21T23:30:32+02:00,,,,,
PCVX,Vaxcyte Inc,finviz_prefilter,biotech_pre_revenue,,,False,"{'industry': 'Biotechnology', 'price_finviz': 62.62}",,Finviz via finvizfinance screener views,2026-08-21T23:30:32+02:00,,,,,
PDD,PDD Holdings Inc ADR,finviz_prefilter,adr,,,False,"{'industry': 'Internet Retail', 'price_finviz': 88.38}",,Finviz via finvizfinance screener views,2026-08-21T23:30:32+02:00,,,,,
RVMD,Revolution Medicines Inc,finviz_prefilter,biotech_pre_revenue,,,False,"{'industry': 'Biotechnology', 'price_finviz': 209.46}",,Finviz via finvizfinance screener views,2026-08-21T23:30:32+02:00,,,,,
RYAAY,Ryanair Holdings Plc ADR,finviz_prefilter,adr,,,False,"{'industry': 'Airlines', 'price_finviz': 55.8}",,Finviz via finvizfinance screener views,2026-08-21T23:30:32+02:00,,,,,
SIMO,Silicon Motion Technology Corp ADR,finviz_prefilter,adr,,,False,"{'industry': 'Semiconductors', 'price_finviz': 258.36}",,Finviz via finvizfinance screener views,2026-08-21T23:30:32+02:00,,,,,
SKHY,SK Hynix Inc ADR,finviz_prefilter,adr,,,False,"{'industry': 'Semiconductors', 'price_finviz': 163.41}",,Finviz via finvizfinance screener views,2026-08-21T23:30:32+02:00,,,,,
SLS,SELLAS Life Sciences Group Inc,finviz_prefilter,biotech_pre_revenue,,,False,"{'industry': 'Biotechnology', 'price_finviz': 15.46}",,Finviz via finvizfinance screener views,2026-08-21T23:30:32+02:00,,,,,
SNY,Sanofi ADR,finviz_prefilter,adr,,,False,"{'industry': 'Drug Manufacturers - General', 'price_finviz': 45.85}",,Finviz via finvizfinance screener views,2026-08-21T23:30:32+02:00,,,,,
SRRK,Scholar Rock Holding Corp,finviz_prefilter,biotech_pre_revenue,,,False,"{'industry': 'Biotechnology', 'price_finviz': 56.5}",,Finviz via finvizfinance screener views,2026-08-21T23:30:32+02:00,,,,,
SYRE,Spyre Therapeutics Inc,finviz_prefilter,biotech_pre_revenue,,,False,"{'industry': 'Biotechnology', 'price_finviz': 106.49}",,Finviz via finvizfinance screener views,2026-08-21T23:30:32+02:00,,,,,
TCOM,Trip.com Group Ltd ADR,finviz_prefilter,adr,,,False,"{'industry': 'Travel Services', 'price_finviz': 46.11}",,Finviz via finvizfinance screener views,2026-08-21T23:30:32+02:00,,,,,
TRVI,Trevi Therapeutics Inc,finviz_prefilter,biotech_pre_revenue,,,False,"{'industry': 'Biotechnology', 'price_finviz': 17.96}",,Finviz via finvizfinance screener views,2026-08-21T23:30:32+02:00,,,,,
VERA,Vera Therapeutics Inc,finviz_prefilter,biotech_pre_revenue,,,False,"{'industry': 'Biotechnology', 'price_finviz': 32.28}",,Finviz via finvizfinance screener views,2026-08-21T23:30:32+02:00,,,,,
VKTX,Viking Therapeutics Inc,finviz_prefilter,biotech_pre_revenue,,,False,"{'industry': 'Biotechnology', 'price_finviz': 33.89}",,Finviz via finvizfinance screener views,2026-08-21T23:30:32+02:00,,,,,
VOD,Vodafone Group plc ADR,finviz_prefilter,adr,,,False,"{'industry': 'Telecom Services', 'price_finviz': 15.96}",,Finviz via finvizfinance screener views,2026-08-21T23:30:32+02:00,,,,,
XENE,Xenon Pharmaceuticals Inc,finviz_prefilter,biotech_pre_revenue,,,False,"{'industry': 'Biotechnology', 'price_finviz': 60.77}",,Finviz via finvizfinance screener views,2026-08-21T23:30:32+02:00,,,,,
ZLAB,Zai Lab Limited ADR,finviz_prefilter,adr,,,False,"{'industry': 'Biotechnology', 'price_finviz': 26.01}",,Finviz via finvizfinance screener views,2026-08-21T23:30:32+02:00,,,,,
AAOI,Applied Optoelectronics Inc,finviz_prefilter,eps_growth;operating_margin,,price_min;market_cap_min;avg_volume_min;revenue_growth;eps_growth;eps_next_year;operating_margin;earnings_window,False,"{'revenue_growth_yoy': 86.42, 'eps_growth_yoy': -74.24, 'eps_next_year': 650.23, 'operating_margin': -11.31}",,Finviz via finvizfinance screener views,2026-08-21T23:30:32+02:00,2026-08-06,,15,PEAD_WINDOW,
AAON,AAON Inc,finviz_prefilter,eps_growth,,price_min;market_cap_min;avg_volume_min;revenue_growth;eps_growth;eps_next_year;operating_margin;earnings_window,False,"{'revenue_growth_yoy': 101.23, 'eps_growth_yoy': 2.6251, 'eps_next_year': 51.16, 'operating_margin': 11.05}",,Finviz via finvizfinance screener views,2026-08-21T23:30:32+02:00,2026-08-10,,11,PEAD_WINDOW,"{'failed_gate': 'eps_growth', 'actual_value': 2.6251, 'applicable_threshold': 20.0, 'distance_to_threshold': 17.3749, 'distance_to_threshold_pct': 86.8745, 'formula': 'minimo: distance = threshold - actual; pct = distance / abs(threshold) * 100'}"
AAPL,Apple Inc,finviz_prefilter,revenue_growth;eps_growth;eps_next_year,,price_min;market_cap_min;avg_volume_min;revenue_growth;eps_growth;eps_next_year;operating_margin;earnings_window,False,"{'revenue_growth_yoy': 16.36, 'eps_growth_yoy': 29.13, 'eps_next_year': 7.81, 'operating_margin': 33.17}",,Finviz via finvizfinance screener views,2026-08-21T23:30:32+02:00,2026-07-30,,22,NORMAL,
ABNB,Airbnb Inc,finviz_prefilter,revenue_growth,,price_min;market_cap_min;avg_volume_min;revenue_growth;eps_growth;eps_next_year;operating_margin;earnings_window,False,"{'revenue_growth_yoy': 16.54, 'eps_growth_yoy': 33.06, 'eps_next_year': 17.45, 'operating_margin': 21.21}",,Finviz via finvizfinance screener views,2026-08-21T23:30:32+02:00,2026-08-06,,15,PEAD_WINDOW,"{'failed_gate': 'revenue_growth', 'actual_value': 16.54, 'applicable_threshold': 20.0, 'distance_to_threshold': 3.460000000000001, 'distance_to_threshold_pct': 17.300000000000004, 'formula': 'minimo: distance = threshold - actual; pct = distance / abs(threshold) * 100'}"
ACAD,Acadia Pharmaceuticals Inc,finviz_prefilter,revenue_growth;eps_growth;operating_margin,,price_min;market_cap_min;avg_volume_min;revenue_growth;eps_growth;eps_next_year;operating_margin;earnings_window,False,"{'revenue_growth_yoy': 16.400000000000002, 'eps_growth_yoy': 15.24, 'eps_next_year': 47.91, 'operating_margin': 7.59}",,Finviz via finvizfinance screener views,2026-08-21T23:30:32+02:00,2026-08-04,,17,NORMAL,
ACGL,Arch Capital Group Ltd,finviz_prefilter,revenue_growth;eps_growth;eps_next_year,,price_min;market_cap_min;avg_volume_min;revenue_growth;eps_growth;eps_next_year;operating_margin;earnings_window,False,"{'revenue_growth_yoy': -11.459999999999999, 'eps_growth_yoy': -7.06, 'eps_next_year': 4.24, 'operating_margin': 25.11}",,Finviz via finvizfinance screener views,2026-08-21T23:30:32+02:00,2026-07-28,,24,NORMAL,
ACHC,Acadia Healthcare Company Inc,finviz_prefilter,revenue_growth;eps_growth,,price_min;market_cap_min;avg_volume_min;revenue_growth;eps_growth;eps_next_year;operating_margin;earnings_window,False,"{'revenue_growth_yoy': -0.38999999999999996, 'eps_growth_yoy': -64.09, 'eps_next_year': 19.31, 'operating_margin': 10.059999999999999}",,Finviz via finvizfinance screener views,2026-08-21T23:30:32+02:00,2026-07-28,,24,NORMAL,
ACIW,ACI Worldwide Inc,finviz_prefilter,revenue_growth;eps_growth;eps_next_year,,price_min;market_cap_min;avg_volume_min;revenue_growth;eps_growth;eps_next_year;operating_margin;earnings_window,False,"{'revenue_growth_yoy': 7.2700000000000005, 'eps_growth_yoy': 1.6934, 'eps_next_year': 13.51, 'operating_margin': 19.02}",,Finviz via finvizfinance screener views,2026-08-21T23:30:32+02:00,2026-08-06,,15,PEAD_WINDOW,
ACMR,ACM Research Inc,finviz_prefilter,eps_growth,,price_min;market_cap_min;avg_volume_min;revenue_growth;eps_growth;eps_next_year;operating_margin;earnings_window,False,"{'revenue_growth_yoy': 36.01, 'eps_growth_yoy': 1.8057, 'eps_next_year': 48.4, 'operating_margin': 13.29}",,Finviz via finvizfinance screener views,2026-08-21T23:30:32+02:00,2026-08-07,,14,PEAD_WINDOW,"{'failed_gate': 'eps_growth', 'actual_value': 1.8057, 'applicable_threshold': 30.0, 'distance_to_threshold': 28.1943, 'distance_to_threshold_pct': 93.981, 'formula': 'minimo: distance = threshold - actual; pct = distance / abs(threshold) * 100'}"
ADBE,Adobe Inc,finviz_prefilter,revenue_growth;eps_growth;eps_next_year,,price_min;market_cap_min;avg_volume_min;revenue_growth;eps_growth;eps_next_year;operating_margin;earnings_window,False,"{'revenue_growth_yoy': 12.690000000000001, 'eps_growth_yoy': 8.04, 'eps_next_year': 12.73, 'operating_margin': 36.74}",,Finviz via finvizfinance screener views,2026-08-21T23:30:32+02:00,2026-09-10,20,,NORMAL,
ADEA,Adeia Inc,finviz_prefilter,revenue_growth;eps_growth;eps_next_year,,price_min;market_cap_min;avg_volume_min;revenue_growth;eps_growth;eps_next_year;operating_margin;earnings_window,False,"{'revenue_growth_yoy': 12.11, 'eps_growth_yoy': 1.81, 'eps_next_year': 13.13, 'operating_margin': 46.81}",,Finviz via finvizfinance screener views,2026-08-21T23:30:32+02:00,2026-08-03,,18,NORMAL,
ADI,Analog Devices Inc,finviz_prefilter,eps_growth,,price_min;market_cap_min;avg_volume_min;revenue_growth;eps_growth;eps_next_year;operating_margin;earnings_window,False,"{'revenue_growth_yoy': 39.629999999999995, 'eps_growth_yoy': 1.6261, 'eps_next_year': 28.37, 'operating_margin': 35.72}",,Finviz via finvizfinance screener views,2026-08-21T23:30:32+02:00,2026-08-19,,2,PEAD_WINDOW,"{'failed_gate': 'eps_growth', 'actual_value': 1.6261, 'applicable_threshold': 30.0, 'distance_to_threshold': 28.3739, 'distance_to_threshold_pct': 94.57966666666667, 'formula': 'minimo: distance = threshold - actual; pct = distance / abs(threshold) * 100'}"
ADP,Automatic Data Processing Inc,finviz_prefilter,revenue_growth;eps_growth;eps_next_year,,price_min;market_cap_min;avg_volume_min;revenue_growth;eps_growth;eps_next_year;operating_margin;earnings_window,False,"{'revenue_growth_yoy': 6.77, 'eps_growth_yoy': 9.62, 'eps_next_year': 9.22, 'operating_margin': 26.41}",,Finviz via finvizfinance screener views,2026-08-21T23:30:32+02:00,2026-07-29,,23,NORMAL,
ADPT,Adaptive Biotechnologies Corp,finviz_prefilter,eps_growth;operating_margin,,price_min;market_cap_min;avg_volume_min;revenue_growth;eps_growth;eps_next_year;operating_margin;earnings_window,False,"{'revenue_growth_yoy': 21.529999999999998, 'eps_growth_yoy': -47.8, 'eps_next_year': 67.66, 'operating_margin': -11.81}",,Finviz via finvizfinance screener views,2026-08-21T23:30:32+02:00,2026-07-29,,23,NORMAL,
ADSK,Autodesk Inc,finviz_prefilter,revenue_growth;eps_growth;eps_next_year;earnings_window,,price_min;market_cap_min;avg_volume_min;revenue_growth;eps_growth;eps_next_year;operating_margin;earnings_window,False,"{'revenue_growth_yoy': 19.63, 'eps_growth_yoy': 2.2912, 'eps_next_year': 12.61, 'operating_margin': 22.48}",,Finviz via finvizfinance screener views,2026-08-21T23:30:32+02:00,2026-08-27,6,,PRE_EARNINGS_BLACKOUT,
AEHR,Aehr Test Systems,finviz_prefilter,operating_margin,,price_min;market_cap_min;avg_volume_min;revenue_growth;eps_growth;eps_next_year;operating_margin;earnings_window,False,"{'revenue_growth_yoy': 33.69, 'eps_growth_yoy': 143.11, 'eps_next_year': None, 'operating_margin': -28.29}",,Finviz via finvizfinance screener views,2026-08-21T23:30:32+02:00,2026-07-14,,38,NORMAL,"{'failed_gate': 'operating_margin', 'actual_value': -28.29, 'applicable_threshold': 8.0, 'distance_to_threshold': 36.29, 'distance_to_threshold_pct': 453.625, 'formula': 'minimo: distance = threshold - actual; pct = distance / abs(threshold) * 100'}"
AEP,American Electric Power Company Inc,finviz_prefilter,revenue_growth;eps_growth;eps_next_year,,price_min;market_cap_min;avg_volume_min;revenue_growth;eps_growth;eps_next_year;operating_margin;earnings_window,False,"{'revenue_growth_yoy': 6.79, 'eps_growth_yoy': -43.33, 'eps_next_year': 7.57, 'operating_margin': 23.330000000000002}",,Finviz via finvizfinance screener views,2026-08-21T23:30:32+02:00,2026-07-30,,22,NORMAL,
AFRM,Affirm Holdings Inc,finviz_prefilter,earnings_window,,price_min;market_cap_min;avg_volume_min;revenue_growth;eps_growth;eps_next_year;operating_margin;earnings_window,False,"{'revenue_growth_yoy': 33.75, 'eps_growth_yoy': 35.4938, 'eps_next_year': 43.54, 'operating_margin': 20.96}",,Finviz via finvizfinance screener views,2026-08-21T23:30:32+02:00,2026-08-27,6,,PRE_EARNINGS_BLACKOUT,"{'failed_gate': 'earnings_window', 'actual_value': 6, 'applicable_threshold': 7, 'distance_to_threshold': 7, 'distance_to_threshold_pct': None, 'days_to_exit_blackout': 7, 'formula': 'days_to_exit_blackout = days_to_earnings + 1 (giorni; nessuna %)'}"
AKAM,Akamai Technologies Inc,finviz_prefilter,revenue_growth;eps_growth;eps_next_year,,price_min;market_cap_min;avg_volume_min;revenue_growth;eps_growth;eps_next_year;operating_margin;earnings_window,False,"{'revenue_growth_yoy': 5.38, 'eps_growth_yoy': -27.57, 'eps_next_year': 6.12, 'operating_margin': 11.92}",,Finviz via finvizfinance screener views,2026-08-21T23:30:32+02:00,2026-08-06,,15,PEAD_WINDOW,
ALAB,Astera Labs Inc,finviz_prefilter,eps_growth,,price_min;market_cap_min;avg_volume_min;revenue_growth;eps_growth;eps_next_year;operating_margin;earnings_window,False,"{'revenue_growth_yoy': 104.45, 'eps_growth_yoy': 1.9033, 'eps_next_year': 61.85, 'operating_margin': 22.75}",,Finviz via finvizfinance screener views,2026-08-21T23:30:32+02:00,2026-08-04,,17,NORMAL,"{'failed_gate': 'eps_growth', 'actual_value': 1.9033, 'applicable_threshold': 20.0, 'distance_to_threshold': 18.0967, 'distance_to_threshold_pct': 90.48349999999999, 'formula': 'minimo: distance = threshold - actual; pct = distance / abs(threshold) * 100'}"
ALGM,Allegro Microsystems Inc,finviz_prefilter,eps_growth;operating_margin,,price_min;market_cap_min;avg_volume_min;revenue_growth;eps_growth;eps_next_year;operating_margin;earnings_window,False,"{'revenue_growth_yoy': 27.450000000000003, 'eps_growth_yoy': 2.1785, 'eps_next_year': 45.97, 'operating_margin': 6.22}",,Finviz via finvizfinance screener views,2026-08-21T23:30:32+02:00,2026-07-30,,22,NORMAL,
ALGN,Align Technology Inc,finviz_prefilter,revenue_growth;eps_growth;eps_next_year,,price_min;market_cap_min;avg_volume_min;revenue_growth;eps_growth;eps_next_year;operating_margin;earnings_window,False,"{'revenue_growth_yoy': 4.32, 'eps_growth_yoy': -11.790000000000001, 'eps_next_year': 11.05, 'operating_margin': 18.38}",,Finviz via finvizfinance screener views,2026-08-21T23:30:32+02:00,2026-07-29,,23,NORMAL,
ALKS,Alkermes plc,finviz_prefilter,eps_growth,,price_min;market_cap_min;avg_volume_min;revenue_growth;eps_growth;eps_next_year;operating_margin;earnings_window,False,"{'revenue_growth_yoy': 26.97, 'eps_growth_yoy': -99.44, 'eps_next_year': 234.61, 'operating_margin': 8.62}",,Finviz via finvizfinance screener views,2026-08-21T23:30:32+02:00,2026-07-28,,24,NORMAL,"{'failed_gate': 'eps_growth', 'actual_value': -99.44, 'applicable_threshold': 30.0, 'distance_to_threshold': 129.44, 'distance_to_threshold_pct': 431.46666666666664, 'formula': 'minimo: distance = threshold - actual; pct = distance / abs(threshold) * 100'}"
ALKT,Alkami Technology Inc,finviz_prefilter,revenue_growth;operating_margin,,price_min;market_cap_min;avg_volume_min;revenue_growth;eps_growth;eps_next_year;operating_margin;earnings_window,False,"{'revenue_growth_yoy': 15.870000000000001, 'eps_growth_yoy': 36.61, 'eps_next_year': 38.14, 'operating_margin': -7.08}",,Finviz via finvizfinance screener views,2026-08-21T23:30:32+02:00,2026-07-29,,23,NORMAL,
ALM,Almonty Industries Inc,finviz_prefilter,revenue_growth;eps_growth;operating_margin,,price_min;market_cap_min;avg_volume_min;revenue_growth;eps_growth;eps_next_year;operating_margin;earnings_window,False,"{'revenue_growth_yoy': 4.9789, 'eps_growth_yoy': 2.3556, 'eps_next_year': 118.16, 'operating_margin': 5.27}",,Finviz via finvizfinance screener views,2026-08-21T23:30:32+02:00,2026-08-11,,10,PEAD_WINDOW,
ALMS,Alumis Inc,finviz_prefilter,revenue_growth;eps_growth;eps_next_year;operating_margin,,price_min;market_cap_min;avg_volume_min;revenue_growth;eps_growth;eps_next_year;operating_margin;earnings_window,False,"{'revenue_growth_yoy': -37.66, 'eps_growth_yoy': -2.4388, 'eps_next_year': 14.0, 'operating_margin': -54.7955}",,Finviz via finvizfinance screener views,2026-08-21T23:30:32+02:00,2026-08-13,,8,PEAD_WINDOW,
ALNY,Alnylam Pharmaceuticals Inc,finviz_prefilter,eps_growth,,price_min;market_cap_min;avg_volume_min;revenue_growth;eps_growth;eps_next_year;operating_margin;earnings_window,False,"{'revenue_growth_yoy': 66.86, 'eps_growth_yoy': 3.3786, 'eps_next_year': 46.96, 'operating_margin': 20.810000000000002}",,Finviz via finvizfinance screener views,2026-08-21T23:30:32+02:00,2026-07-30,,22,NORMAL,"{'failed_gate': 'eps_growth', 'actual_value': 3.3786, 'applicable_threshold': 20.0, 'distance_to_threshold': 16.6214, 'distance_to_threshold_pct': 83.10700000000001, 'formula': 'minimo: distance = threshold - actual; pct = distance / abs(threshold) * 100'}"
AMBA,Ambarella Inc,finviz_prefilter,revenue_growth;eps_growth;operating_margin,,price_min;market_cap_min;avg_volume_min;revenue_growth;eps_growth;eps_next_year;operating_margin;earnings_window,False,"{'revenue_growth_yoy': 16.869999999999997, 'eps_growth_yoy': 27.99, 'eps_next_year': 36.48, 'operating_margin': -18.48}",,Finviz via finvizfinance screener views,2026-08-21T23:30:32+02:00,2026-09-03,13,,NORMAL,
AMD,Advanced Micro Devices Inc,finviz_prefilter,eps_growth,,price_min;market_cap_min;avg_volume_min;revenue_growth;eps_growth;eps_next_year;operating_margin;earnings_window,False,"{'revenue_growth_yoy': 50.11, 'eps_growth_yoy': 1.588, 'eps_next_year': 105.76, 'operating_margin': 15.709999999999999}",,Finviz via finvizfinance screener views,2026-08-21T23:30:32+02:00,2026-08-04,,17,NORMAL,"{'failed_gate': 'eps_growth', 'actual_value': 1.588, 'applicable_threshold': 20.0, 'distance_to_threshold': 18.412, 'distance_to_threshold_pct': 92.06, 'formula': 'minimo: distance = threshold - actual; pct = distance / abs(threshold) * 100'}"
AMGN,AMGEN Inc,finviz_prefilter,revenue_growth;eps_next_year,,price_min;market_cap_min;avg_volume_min;revenue_growth;eps_growth;eps_next_year;operating_margin;earnings_window,False,"{'revenue_growth_yoy': 9.82, 'eps_growth_yoy': 64.92999999999999, 'eps_next_year': 5.8, 'operating_margin': 33.31}",,Finviz via finvizfinance screener views,2026-08-21T23:30:32+02:00,2026-08-04,,17,NORMAL,
AMKR,AMKOR Technology Inc,finviz_prefilter,eps_growth;eps_next_year,,price_min;market_cap_min;avg_volume_min;revenue_growth;eps_growth;eps_next_year;operating_margin;earnings_window,False,"{'revenue_growth_yoy': 25.580000000000002, 'eps_growth_yoy': 2.1653, 'eps_next_year': 8.84, 'operating_margin': 8.92}",,Finviz via finvizfinance screener views,2026-08-21T23:30:32+02:00,2026-07-27,,25,NORMAL,
AMRX,Amneal Pharmaceuticals Inc,finviz_prefilter,revenue_growth;eps_growth,,price_min;market_cap_min;avg_volume_min;revenue_growth;eps_growth;eps_next_year;operating_margin;earnings_window,False,"{'revenue_growth_yoy': 9.89, 'eps_growth_yoy': 1.5281, 'eps_next_year': 17.65, 'operating_margin': 15.299999999999999}",,Finviz via finvizfinance screener views,2026-08-21T23:30:32+02:00,2026-07-30,,22,NORMAL,
AMZN,Amazon.com Inc,finviz_prefilter,revenue_growth;eps_growth;eps_next_year,,price_min;market_cap_min;avg_volume_min;revenue_growth;eps_growth;eps_next_year;operating_margin;earnings_window,False,"{'revenue_growth_yoy': 19.62, 'eps_growth_yoy': 2.4183, 'eps_next_year': -16.06, 'operating_margin': 12.68}",,Finviz via finvizfinance screener views,2026-08-21T23:30:32+02:00,2026-07-30,,22,NORMAL,
APA,APA Corp,finviz_prefilter,revenue_growth;eps_growth;eps_next_year,,price_min;market_cap_min;avg_volume_min;revenue_growth;eps_growth;eps_next_year;operating_margin;earnings_window,False,"{'revenue_growth_yoy': 8.95, 'eps_growth_yoy': 26.33, 'eps_next_year': -29.3, 'operating_margin': 41.32}",,Finviz via finvizfinance screener views,2026-08-21T23:30:32+02:00,2026-08-05,,16,NORMAL,
APLD,Applied Digital Corp,finviz_prefilter,revenue_growth;eps_growth;operating_margin,,price_min;market_cap_min;avg_volume_min;revenue_growth;eps_growth;eps_next_year;operating_margin;earnings_window,False,"{'revenue_growth_yoy': 5.8068, 'eps_growth_yoy': -62.41, 'eps_next_year': 74.77, 'operating_margin': -29.73}",,Finviz via finvizfinance screener views,2026-08-21T23:30:32+02:00,2026-07-27,,25,NORMAL,
APPN,Appian Corp,finviz_prefilter,revenue_growth;eps_growth;operating_margin,,price_min;market_cap_min;avg_volume_min;revenue_growth;eps_growth;eps_next_year;operating_margin;earnings_window,False,"{'revenue_growth_yoy': 19.11, 'eps_growth_yoy': -37.5952, 'eps_next_year': 31.1, 'operating_margin': 4.37}",,Finviz via finvizfinance screener views,2026-08-21T23:30:32+02:00,2026-08-06,,15,PEAD_WINDOW,
ARCC,Ares Capital Corp,finviz_prefilter,revenue_growth;eps_growth,,price_min;market_cap_min;avg_volume_min;revenue_growth;eps_growth;eps_next_year;operating_margin;earnings_window,False,"{'revenue_growth_yoy': -7.3, 'eps_growth_yoy': -54.14, 'eps_next_year': 141.0, 'operating_margin': 58.03}",,Finviz via finvizfinance screener views,2026-08-21T23:30:32+02:00,2026-07-29,,23,NORMAL,
ARQT,Arcutis Biotherapeutics Inc,finviz_prefilter,eps_growth;operating_margin,,price_min;market_cap_min;avg_volume_min;revenue_growth;eps_growth;eps_next_year;operating_margin;earnings_window,False,"{'revenue_growth_yoy': 59.330000000000005, 'eps_growth_yoy': 1.8825, 'eps_next_year': 171.05, 'operating_margin': 7.380000000000001}",,Finviz via finvizfinance screener views,2026-08-21T23:30:32+02:00,2026-08-05,,16,NORMAL,
ARWR,Arrowhead Pharmaceuticals Inc,finviz_prefilter,revenue_growth;eps_growth;eps_next_year;operating_margin,,price_min;market_cap_min;avg_volume_min;revenue_growth;eps_growth;eps_next_year;operating_margin;earnings_window,False,"{'revenue_growth_yoy': 1.7102, 'eps_growth_yoy': -7.51, 'eps_next_year': -34.23, 'operating_margin': -33.82}",,Finviz via finvizfinance screener views,2026-08-21T23:30:32+02:00,2026-08-04,,17,NORMAL,
ASO,Academy Sports and Outdoors Inc,finviz_prefilter,revenue_growth;eps_growth;eps_next_year,,price_min;market_cap_min;avg_volume_min;revenue_growth;eps_growth;eps_next_year;operating_margin;earnings_window,False,"{'revenue_growth_yoy': 6.7, 'eps_growth_yoy': 18.22, 'eps_next_year': 7.8, 'operating_margin': 8.42}",,Finviz via finvizfinance screener views,2026-08-21T23:30:32+02:00,2026-06-09,,73,NORMAL,
ASTS,AST SpaceMobile Inc,finviz_prefilter,eps_growth;operating_margin,,price_min;market_cap_min;avg_volume_min;revenue_growth;eps_growth;eps_next_year;operating_margin;earnings_window,False,"{'revenue_growth_yoy': 26.2664, 'eps_growth_yoy': -88.0, 'eps_next_year': 39.31, 'operating_margin': -4.1026}",,Finviz via finvizfinance screener views,2026-08-21T23:30:32+02:00,2026-08-10,,11,PEAD_WINDOW,
ATRC,Atricure Inc,finviz_prefilter,revenue_growth;eps_growth;operating_margin,,price_min;market_cap_min;avg_volume_min;revenue_growth;eps_growth;eps_next_year;operating_margin;earnings_window,False,"{'revenue_growth_yoy': 12.83, 'eps_growth_yoy': 2.4125, 'eps_next_year': 291.48, 'operating_margin': 2.44}",,Finviz via finvizfinance screener views,2026-08-21T23:30:32+02:00,2026-07-23,,29,NORMAL,
AUGO,Aura Minerals Inc,finviz_prefilter,eps_next_year,,price_min;market_cap_min;avg_volume_min;revenue_growth;eps_growth;eps_next_year;operating_margin;earnings_window,False,"{'revenue_growth_yoy': 76.42, 'eps_growth_yoy': 22.7156, 'eps_next_year': 3.86, 'operating_margin': 53.42}",,Finviz via finvizfinance screener views,2026-08-21T23:30:32+02:00,2026-08-05,,16,NORMAL,"{'failed_gate': 'eps_next_year', 'actual_value': 3.86, 'applicable_threshold': 15.0, 'distance_to_threshold': 11.14, 'distance_to_threshold_pct': 74.26666666666667, 'formula': 'minimo: distance = threshold - actual; pct = distance / abs(threshold) * 100'}"
AUPH,Aurinia Pharmaceuticals Inc,finviz_prefilter,revenue_growth,,price_min;market_cap_min;avg_volume_min;revenue_growth;eps_growth;eps_next_year;operating_margin;earnings_window,False,"{'revenue_growth_yoy': 18.87, 'eps_growth_yoy': 79.16, 'eps_next_year': 24.79, 'operating_margin': 45.15}",,Finviz via finvizfinance screener views,2026-08-21T23:30:32+02:00,2026-08-06,,15,PEAD_WINDOW,"{'failed_gate': 'revenue_growth', 'actual_value': 18.87, 'applicable_threshold': 20.0, 'distance_to_threshold': 1.129999999999999, 'distance_to_threshold_pct': 5.649999999999995, 'formula': 'minimo: distance = threshold - actual; pct = distance / abs(threshold) * 100'}"
AVAV,AeroVironment Inc,finviz_prefilter,operating_margin,,price_min;market_cap_min;avg_volume_min;revenue_growth;eps_growth;eps_next_year;operating_margin;earnings_window,False,"{'revenue_growth_yoy': 133.27, 'eps_growth_yoy': 112.23, 'eps_next_year': 37.62, 'operating_margin': -1.1199999999999999}",,Finviz via finvizfinance screener views,2026-08-21T23:30:32+02:00,2026-06-29,,53,NORMAL,"{'failed_gate': 'operating_margin', 'actual_value': -1.1199999999999999, 'applicable_threshold': 8.0, 'distance_to_threshold': 9.12, 'distance_to_threshold_pct': 113.99999999999999, 'formula': 'minimo: distance = threshold - actual; pct = distance / abs(threshold) * 100'}"
AVT,Avnet Inc,finviz_prefilter,eps_growth;eps_next_year;operating_margin,,price_min;market_cap_min;avg_volume_min;revenue_growth;eps_growth;eps_next_year;operating_margin;earnings_window,False,"{'revenue_growth_yoy': 47.660000000000004, 'eps_growth_yoy': 19.8743, 'eps_next_year': 11.61, 'operating_margin': 3.11}",,Finviz via finvizfinance screener views,2026-08-21T23:30:32+02:00,2026-08-05,,16,NORMAL,
AXGN,Axogen Inc,finviz_prefilter,eps_growth;operating_margin,,price_min;market_cap_min;avg_volume_min;revenue_growth;eps_growth;eps_next_year;operating_margin;earnings_window,False,"{'revenue_growth_yoy': 23.06, 'eps_growth_yoy': -3.3471, 'eps_next_year': 54.87, 'operating_margin': -5.12}",,Finviz via finvizfinance screener views,2026-08-21T23:30:32+02:00,2026-07-29,,23,NORMAL,
AXON,Axon Enterprise Inc,finviz_prefilter,eps_growth;operating_margin,,price_min;market_cap_min;avg_volume_min;revenue_growth;eps_growth;eps_next_year;operating_margin;earnings_window,False,"{'revenue_growth_yoy': 35.28, 'eps_growth_yoy': -19.0, 'eps_next_year': 38.48, 'operating_margin': 1.15}",,Finviz via finvizfinance screener views,2026-08-21T23:30:32+02:00,2026-08-05,,16,NORMAL,
AXSM,Axsome Therapeutics Inc,finviz_prefilter,eps_growth;operating_margin,,price_min;market_cap_min;avg_volume_min;revenue_growth;eps_growth;eps_next_year;operating_margin;earnings_window,False,"{'revenue_growth_yoy': 45.540000000000006, 'eps_growth_yoy': -2.09, 'eps_next_year': 276.98, 'operating_margin': -23.549999999999997}",,Finviz via finvizfinance screener views,2026-08-21T23:30:32+02:00,2026-08-10,,11,PEAD_WINDOW,
AXTI,AXT Inc,finviz_prefilter,revenue_growth;eps_growth;operating_margin,,price_min;market_cap_min;avg_volume_min;revenue_growth;eps_growth;eps_next_year;operating_margin;earnings_window,False,"{'revenue_growth_yoy': 1.6477, 'eps_growth_yoy': 2.0825, 'eps_next_year': 158.88, 'operating_margin': 3.09}",,Finviz via finvizfinance screener views,2026-08-21T23:30:32+02:00,2026-07-30,,22,NORMAL,
BBIO,BridgeBio Pharma Inc,finviz_prefilter,eps_growth;operating_margin,,price_min;market_cap_min;avg_volume_min;revenue_growth;eps_growth;eps_next_year;operating_margin;earnings_window,False,"{'revenue_growth_yoy': 120.39, 'eps_growth_yoy': 18.57, 'eps_next_year': 101.88, 'operating_margin': -67.01}",,Finviz via finvizfinance screener views,2026-08-21T23:30:32+02:00,2026-08-10,,11,PEAD_WINDOW,
BEAM,Beam Therapeutics Inc,finviz_prefilter,revenue_growth;eps_growth;eps_next_year;operating_margin,,price_min;market_cap_min;avg_volume_min;revenue_growth;eps_growth;eps_next_year;operating_margin;earnings_window,False,"{'revenue_growth_yoy': -94.21000000000001, 'eps_growth_yoy': -17.25, 'eps_next_year': -6.99, 'operating_margin': -2.4227}",,Finviz via finvizfinance screener views,2026-08-21T23:30:32+02:00,2026-08-04,,17,NORMAL,
BIIB,Biogen Inc,finviz_prefilter,revenue_growth;eps_growth,,price_min;market_cap_min;avg_volume_min;revenue_growth;eps_growth;eps_next_year;operating_margin;earnings_window,False,"{'revenue_growth_yoy': 2.3800000000000003, 'eps_growth_yoy': -84.85000000000001, 'eps_next_year': 32.75, 'operating_margin': 19.5}",,Finviz via finvizfinance screener views,2026-08-21T23:30:32+02:00,2026-07-29,,23,NORMAL,
BKNG,Booking Holdings Inc,finviz_prefilter,revenue_growth,,price_min;market_cap_min;avg_volume_min;revenue_growth;eps_growth;eps_next_year;operating_margin;earnings_window,False,"{'revenue_growth_yoy': 8.15, 'eps_growth_yoy': 130.75, 'eps_next_year': 18.53, 'operating_margin': 35.17}",,Finviz via finvizfinance screener views,2026-08-21T23:30:32+02:00,2026-08-04,,17,NORMAL,"{'failed_gate': 'revenue_growth', 'actual_value': 8.15, 'applicable_threshold': 20.0, 'distance_to_threshold': 11.85, 'distance_to_threshold_pct': 59.25, 'formula': 'minimo: distance = threshold - actual; pct = distance / abs(threshold) * 100'}"
BKR,Baker Hughes Co,finviz_prefilter,revenue_growth;eps_growth;eps_next_year,,price_min;market_cap_min;avg_volume_min;revenue_growth;eps_growth;eps_next_year;operating_margin;earnings_window,False,"{'revenue_growth_yoy': -2.4299999999999997, 'eps_growth_yoy': -3.44, 'eps_next_year': 14.27, 'operating_margin': 12.959999999999999}",,Finviz via finvizfinance screener views,2026-08-21T23:30:32+02:00,2026-07-26,,26,NORMAL,
BLKB,Blackbaud Inc,finviz_prefilter,revenue_growth;eps_next_year,,price_min;market_cap_min;avg_volume_min;revenue_growth;eps_growth;eps_next_year;operating_margin;earnings_window,False,"{'revenue_growth_yoy': 3.3000000000000003, 'eps_growth_yoy': 46.300000000000004, 'eps_next_year': 13.82, 'operating_margin': 20.18}",,Finviz via finvizfinance screener views,2026-08-21T23:30:32+02:00,2026-07-29,,23,NORMAL,
BMRN,Biomarin Pharmaceutical Inc,finviz_prefilter,eps_growth,,price_min;market_cap_min;avg_volume_min;revenue_growth;eps_growth;eps_next_year;operating_margin;earnings_window,False,"{'revenue_growth_yoy': 20.41, 'eps_growth_yoy': -81.28, 'eps_next_year': 31.56, 'operating_margin': 18.5}",,Finviz via finvizfinance screener views,2026-08-21T23:30:32+02:00,2026-08-06,,15,PEAD_WINDOW,"{'failed_gate': 'eps_growth', 'actual_value': -81.28, 'applicable_threshold': 30.0, 'distance_to_threshold': 111.28, 'distance_to_threshold_pct': 370.93333333333334, 'formula': 'minimo: distance = threshold - actual; pct = distance / abs(threshold) * 100'}"
BRKR,Bruker Corp,finviz_prefilter,revenue_growth;eps_growth;eps_next_year,,price_min;market_cap_min;avg_volume_min;revenue_growth;eps_growth;eps_next_year;operating_margin;earnings_window,False,"{'revenue_growth_yoy': 5.1499999999999995, 'eps_growth_yoy': -9.2435, 'eps_next_year': 13.58, 'operating_margin': 8.540000000000001}",,Finviz via finvizfinance screener views,2026-08-21T23:30:32+02:00,2026-08-04,,17,NORMAL,
BRZE,Braze Inc,finviz_prefilter,eps_growth;operating_margin,,price_min;market_cap_min;avg_volume_min;revenue_growth;eps_growth;eps_next_year;operating_margin;earnings_window,False,"{'revenue_growth_yoy': 30.2, 'eps_growth_yoy': 29.87, 'eps_next_year': 52.11, 'operating_margin': -16.43}",,Finviz via finvizfinance screener views,2026-08-21T23:30:32+02:00,2026-05-27,,86,NORMAL,
BSY,Bentley Systems Inc,finviz_prefilter,revenue_growth;eps_growth;eps_next_year,,price_min;market_cap_min;avg_volume_min;revenue_growth;eps_growth;eps_next_year;operating_margin;earnings_window,False,"{'revenue_growth_yoy': 12.8, 'eps_growth_yoy': 14.85, 'eps_next_year': 12.08, 'operating_margin': 24.37}",,Finviz via finvizfinance screener views,2026-08-21T23:30:32+02:00,2026-08-06,,15,PEAD_WINDOW,
BTSG,BrightSpring Health Services Inc,finviz_prefilter,eps_growth;operating_margin,,price_min;market_cap_min;avg_volume_min;revenue_growth;eps_growth;eps_next_year;operating_margin;earnings_window,False,"{'revenue_growth_yoy': 23.05, 'eps_growth_yoy': 2.0176, 'eps_next_year': 26.86, 'operating_margin': 3.6799999999999997}",,Finviz via finvizfinance screener views,2026-08-21T23:30:32+02:00,2026-07-31,,21,NORMAL,
BUSE,First Busey Corp,finviz_prefilter,revenue_growth;eps_next_year,,price_min;market_cap_min;avg_volume_min;revenue_growth;eps_growth;eps_next_year;operating_margin;earnings_window,False,"{'revenue_growth_yoy': -6.94, 'eps_growth_yoy': 31.97, 'eps_next_year': 7.13, 'operating_margin': 27.32}",,Finviz via finvizfinance screener views,2026-08-21T23:30:32+02:00,2026-07-28,,24,NORMAL,
BWIN,Baldwin Insurance Group Inc,finviz_prefilter,eps_growth;operating_margin,,price_min;market_cap_min;avg_volume_min;revenue_growth;eps_growth;eps_next_year;operating_margin;earnings_window,False,"{'revenue_growth_yoy': 30.130000000000003, 'eps_growth_yoy': -8.0409, 'eps_next_year': 23.61, 'operating_margin': -2.65}",,Finviz via finvizfinance screener views,2026-08-21T23:30:32+02:00,2026-07-30,,22,NORMAL,
CAE,Cae Inc,finviz_prefilter,revenue_growth;eps_growth,,price_min;market_cap_min;avg_volume_min;revenue_growth;eps_growth;eps_next_year;operating_margin;earnings_window,False,"{'revenue_growth_yoy': 6.84, 'eps_growth_yoy': -45.96, 'eps_next_year': 16.9, 'operating_margin': 12.629999999999999}",,Finviz via finvizfinance screener views,2026-08-21T23:30:32+02:00,2026-08-12,,9,PEAD_WINDOW,
CAKE,Cheesecake Factory Inc,finviz_prefilter,revenue_growth;eps_growth;eps_next_year;operating_margin,,price_min;market_cap_min;avg_volume_min;revenue_growth;eps_growth;eps_next_year;operating_margin;earnings_window,False,"{'revenue_growth_yoy': 7.720000000000001, 'eps_growth_yoy': 23.78, 'eps_next_year': 10.62, 'operating_margin': 6.98}",,Finviz via finvizfinance screener views,2026-08-21T23:30:32+02:00,2026-07-28,,24,NORMAL,
CALM,Cal-Maine Foods Inc,finviz_prefilter,revenue_growth;eps_growth,,price_min;market_cap_min;avg_volume_min;revenue_growth;eps_growth;eps_next_year;operating_margin;earnings_window,False,"{'revenue_growth_yoy': -49.93, 'eps_growth_yoy': -110.85000000000001, 'eps_next_year': 135.66, 'operating_margin': 11.790000000000001}",,Finviz via finvizfinance screener views,2026-08-21T23:30:32+02:00,2026-07-22,,30,NORMAL,
CARG,CarGurus Inc,finviz_prefilter,revenue_growth,,price_min;market_cap_min;avg_volume_min;revenue_growth;eps_growth;eps_next_year;operating_margin;earnings_window,False,"{'revenue_growth_yoy': 7.24, 'eps_growth_yoy': 142.2, 'eps_next_year': 15.37, 'operating_margin': 25.71}",,Finviz via finvizfinance screener views,2026-08-21T23:30:32+02:00,2026-08-06,,15,PEAD_WINDOW,"{'failed_gate': 'revenue_growth', 'actual_value': 7.24, 'applicable_threshold': 20.0, 'distance_to_threshold': 12.76, 'distance_to_threshold_pct': 63.800000000000004, 'formula': 'minimo: distance = threshold - actual; pct = distance / abs(threshold) * 100'}"
CART,Maplebear Inc,finviz_prefilter,revenue_growth;eps_growth,,price_min;market_cap_min;avg_volume_min;revenue_growth;eps_growth;eps_next_year;operating_margin;earnings_window,False,"{'revenue_growth_yoy': 14.11, 'eps_growth_yoy': 8.12, 'eps_next_year': 26.82, 'operating_margin': 16.68}",,Finviz via finvizfinance screener views,2026-08-21T23:30:32+02:00,2026-08-06,,15,PEAD_WINDOW,
CBC,Central Bancompany Inc,finviz_prefilter,revenue_growth;eps_growth;eps_next_year,,price_min;market_cap_min;avg_volume_min;revenue_growth;eps_growth;eps_next_year;operating_margin;earnings_window,False,"{'revenue_growth_yoy': 7.109999999999999, 'eps_growth_yoy': 14.59, 'eps_next_year': 6.29, 'operating_margin': 43.47}",,Finviz via finvizfinance screener views,2026-08-21T23:30:32+02:00,2026-08-04,,17,NORMAL,
CBRS,Cerebras Systems Inc,finviz_prefilter,eps_growth;operating_margin,,price_min;market_cap_min;avg_volume_min;revenue_growth;eps_growth;eps_next_year;operating_margin;earnings_window,False,"{'revenue_growth_yoy': 74.32, 'eps_growth_yoy': -2.3728, 'eps_next_year': None, 'operating_margin': -81.17}",,Finviz via finvizfinance screener views,2026-08-21T23:30:32+02:00,2026-08-12,,9,PEAD_WINDOW,
CBSH,Commerce Bancshares Inc,finviz_prefilter,revenue_growth;eps_growth;eps_next_year,,price_min;market_cap_min;avg_volume_min;revenue_growth;eps_growth;eps_next_year;operating_margin;earnings_window,False,"{'revenue_growth_yoy': 14.280000000000001, 'eps_growth_yoy': 1.17, 'eps_next_year': 7.49, 'operating_margin': 33.739999999999995}",,Finviz via finvizfinance screener views,2026-08-21T23:30:32+02:00,2026-07-16,,36,NORMAL,
CCEP,Coca-Cola Europacific Partners Plc,finviz_prefilter,revenue_growth;eps_growth;eps_next_year,,price_min;market_cap_min;avg_volume_min;revenue_growth;eps_growth;eps_next_year;operating_margin;earnings_window,False,"{'revenue_growth_yoy': 1.72, 'eps_growth_yoy': 3.0705, 'eps_next_year': 9.21, 'operating_margin': 13.54}",,Finviz via finvizfinance screener views,2026-08-21T23:30:32+02:00,2026-08-04,,17,NORMAL,
CDNA,Caredx Inc,finviz_prefilter,eps_growth;eps_next_year;operating_margin,,price_min;market_cap_min;avg_volume_min;revenue_growth;eps_growth;eps_next_year;operating_margin;earnings_window,False,"{'revenue_growth_yoy': 52.23, 'eps_growth_yoy': 14.1242, 'eps_next_year': 11.68, 'operating_margin': -0.4}",,Finviz via finvizfinance screener views,2026-08-21T23:30:32+02:00,2026-07-30,,22,NORMAL,
CDNL,Cardinal Infrastructure Group Inc,finviz_prefilter,eps_growth,,price_min;market_cap_min;avg_volume_min;revenue_growth;eps_growth;eps_next_year;operating_margin;earnings_window,False,"{'revenue_growth_yoy': 113.87, 'eps_growth_yoy': -52.32, 'eps_next_year': 28.33, 'operating_margin': 8.24}",,Finviz via finvizfinance screener views,2026-08-21T23:30:32+02:00,2026-08-11,,10,PEAD_WINDOW,"{'failed_gate': 'eps_growth', 'actual_value': -52.32, 'applicable_threshold': 20.0, 'distance_to_threshold': 72.32, 'distance_to_threshold_pct': 361.59999999999997, 'formula': 'minimo: distance = threshold - actual; pct = distance / abs(threshold) * 100'}"
CDW,CDW Corp,finviz_prefilter,revenue_growth;eps_growth;eps_next_year;operating_margin,,price_min;market_cap_min;avg_volume_min;revenue_growth;eps_growth;eps_next_year;operating_margin;earnings_window,False,"{'revenue_growth_yoy': 9.969999999999999, 'eps_growth_yoy': 5.1499999999999995, 'eps_next_year': 9.22, 'operating_margin': 7.17}",,Finviz via finvizfinance screener views,2026-08-21T23:30:32+02:00,2026-08-05,,16,NORMAL,
CECO,Ceco Environmental Corp,finviz_prefilter,eps_growth;operating_margin,,price_min;market_cap_min;avg_volume_min;revenue_growth;eps_growth;eps_next_year;operating_margin;earnings_window,False,"{'revenue_growth_yoy': 53.71, 'eps_growth_yoy': -4.0865, 'eps_next_year': 38.5, 'operating_margin': 5.82}",,Finviz via finvizfinance screener views,2026-08-21T23:30:32+02:00,2026-08-10,,11,PEAD_WINDOW,
CEG,Constellation Energy Corp,finviz_prefilter,eps_growth;eps_next_year,,price_min;market_cap_min;avg_volume_min;revenue_growth;eps_growth;eps_next_year;operating_margin;earnings_window,False,"{'revenue_growth_yoy': 38.56, 'eps_growth_yoy': -46.67, 'eps_next_year': 10.53, 'operating_margin': 14.93}",,Finviz via finvizfinance screener views,2026-08-21T23:30:32+02:00,2026-08-06,,15,PEAD_WINDOW,
CELH,Celsius Holdings Inc,finviz_prefilter,revenue_growth;eps_growth,,price_min;market_cap_min;avg_volume_min;revenue_growth;eps_growth;eps_next_year;operating_margin;earnings_window,False,"{'revenue_growth_yoy': 10.639999999999999, 'eps_growth_yoy': -56.95, 'eps_next_year': 20.31, 'operating_margin': 19.2}",,Finviz via finvizfinance screener views,2026-08-21T23:30:32+02:00,2026-08-06,,15,PEAD_WINDOW,
CENX,Century Aluminum Co,finviz_prefilter,revenue_growth;eps_next_year,,price_min;market_cap_min;avg_volume_min;revenue_growth;eps_growth;eps_next_year;operating_margin;earnings_window,False,"{'revenue_growth_yoy': 19.74, 'eps_growth_yoy': 49.3874, 'eps_next_year': 11.95, 'operating_margin': 14.87}",,Finviz via finvizfinance screener views,2026-08-21T23:30:32+02:00,2026-08-06,,15,PEAD_WINDOW,
CG,Carlyle Group Inc,finviz_prefilter,revenue_growth;eps_growth,,price_min;market_cap_min;avg_volume_min;revenue_growth;eps_growth;eps_next_year;operating_margin;earnings_window,False,"{'revenue_growth_yoy': -43.91, 'eps_growth_yoy': -57.15, 'eps_next_year': 40.99, 'operating_margin': 14.38}",,Finviz via finvizfinance screener views,2026-08-21T23:30:32+02:00,2026-08-05,,16,NORMAL,
CGNX,Cognex Corp,finviz_prefilter,revenue_growth,,price_min;market_cap_min;avg_volume_min;revenue_growth;eps_growth;eps_next_year;operating_margin;earnings_window,False,"{'revenue_growth_yoy': 16.93, 'eps_growth_yoy': 78.11, 'eps_next_year': 19.45, 'operating_margin': 21.9}",,Finviz via finvizfinance screener views,2026-08-21T23:30:32+02:00,2026-08-05,,16,NORMAL,"{'failed_gate': 'revenue_growth', 'actual_value': 16.93, 'applicable_threshold': 20.0, 'distance_to_threshold': 3.0700000000000003, 'distance_to_threshold_pct': 15.350000000000003, 'formula': 'minimo: distance = threshold - actual; pct = distance / abs(threshold) * 100'}"
CGON,Cg Oncology Inc,finviz_prefilter,eps_next_year;operating_margin,revenue_growth;eps_growth,price_min;market_cap_min;avg_volume_min;eps_next_year;operating_margin;earnings_window,False,"{'revenue_growth_yoy': None, 'eps_growth_yoy': -64.91, 'eps_next_year': 5.64, 'operating_margin': -40.5618}",,Finviz via finvizfinance screener views,2026-08-21T23:30:32+02:00,2026-08-06,,15,PEAD_WINDOW,
CHDN,Churchill Downs Inc,finviz_prefilter,revenue_growth;eps_growth;eps_next_year,,price_min;market_cap_min;avg_volume_min;revenue_growth;eps_growth;eps_next_year;operating_margin;earnings_window,False,"{'revenue_growth_yoy': 4.88, 'eps_growth_yoy': 14.499999999999998, 'eps_next_year': 6.27, 'operating_margin': 25.81}",,Finviz via finvizfinance screener views,2026-08-21T23:30:32+02:00,2026-07-29,,23,NORMAL,
CHKP,Check Point Software Technologies Ltd,finviz_prefilter,revenue_growth;eps_growth;eps_next_year,,price_min;market_cap_min;avg_volume_min;revenue_growth;eps_growth;eps_next_year;operating_margin;earnings_window,False,"{'revenue_growth_yoy': 1.26, 'eps_growth_yoy': 1.9300000000000002, 'eps_next_year': 8.05, 'operating_margin': 29.020000000000003}",,Finviz via finvizfinance screener views,2026-08-21T23:30:32+02:00,2026-07-30,,22,NORMAL,
CHRD,Chord Energy Corp,finviz_prefilter,eps_growth;eps_next_year,,price_min;market_cap_min;avg_volume_min;revenue_growth;eps_growth;eps_next_year;operating_margin;earnings_window,False,"{'revenue_growth_yoy': 84.04, 'eps_growth_yoy': 2.3705, 'eps_next_year': -30.46, 'operating_margin': 18.93}",,Finviz via finvizfinance screener views,2026-08-21T23:30:32+02:00,2026-08-05,,16,NORMAL,
CHRW,C.H. Robinson Worldwide Inc,finviz_prefilter,revenue_growth;eps_growth;operating_margin,,price_min;market_cap_min;avg_volume_min;revenue_growth;eps_growth;eps_next_year;operating_margin;earnings_window,False,"{'revenue_growth_yoy': 19.28, 'eps_growth_yoy': 23.810000000000002, 'eps_next_year': 20.44, 'operating_margin': 4.91}",,Finviz via finvizfinance screener views,2026-08-21T23:30:32+02:00,2026-07-29,,23,NORMAL,
CHTR,Charter Communications Inc,finviz_prefilter,revenue_growth;eps_growth;eps_next_year,,price_min;market_cap_min;avg_volume_min;revenue_growth;eps_growth;eps_next_year;operating_margin;earnings_window,False,"{'revenue_growth_yoy': -1.7399999999999998, 'eps_growth_yoy': 16.04, 'eps_next_year': 9.59, 'operating_margin': 23.98}",,Finviz via finvizfinance screener views,2026-08-21T23:30:32+02:00,2026-07-24,,28,NORMAL,
CHYM,Chime Financial Inc,finviz_prefilter,revenue_growth;operating_margin,,price_min;market_cap_min;avg_volume_min;revenue_growth;eps_growth;eps_next_year;operating_margin;earnings_window,False,"{'revenue_growth_yoy': 10.61, 'eps_growth_yoy': 102.84, 'eps_next_year': 102.64, 'operating_margin': -0.83}",,Finviz via finvizfinance screener views,2026-08-21T23:30:32+02:00,2026-08-05,,16,NORMAL,
CIFR,Cipher Digital Inc,finviz_prefilter,revenue_growth;eps_growth;operating_margin,,price_min;market_cap_min;avg_volume_min;revenue_growth;eps_growth;eps_next_year;operating_margin;earnings_window,False,"{'revenue_growth_yoy': -42.99, 'eps_growth_yoy': -4.3522, 'eps_next_year': 78.17, 'operating_margin': -112.79999999999998}",,Finviz via finvizfinance screener views,2026-08-21T23:30:32+02:00,2026-08-04,,17,NORMAL,
CINF,Cincinnati Financial Corp,finviz_prefilter,eps_next_year,,price_min;market_cap_min;avg_volume_min;revenue_growth;eps_growth;eps_next_year;operating_margin;earnings_window,False,"{'revenue_growth_yoy': 31.59, 'eps_growth_yoy': 85.68, 'eps_next_year': 7.2, 'operating_margin': 30.159999999999997}",,Finviz via finvizfinance screener views,2026-08-21T23:30:32+02:00,2026-07-27,,25,NORMAL,"{'failed_gate': 'eps_next_year', 'actual_value': 7.2, 'applicable_threshold': 15.0, 'distance_to_threshold': 7.8, 'distance_to_threshold_pct': 52.0, 'formula': 'minimo: distance = threshold - actual; pct = distance / abs(threshold) * 100'}"
CLDX,Celldex Therapeutics Inc,finviz_prefilter,revenue_growth;eps_growth;eps_next_year;operating_margin,,price_min;market_cap_min;avg_volume_min;revenue_growth;eps_growth;eps_next_year;operating_margin;earnings_window,False,"{'revenue_growth_yoy': -96.99, 'eps_growth_yoy': -10.77, 'eps_next_year': -32.0, 'operating_margin': -2062.2025}",,Finviz via finvizfinance screener views,2026-08-21T23:30:32+02:00,2026-08-06,,15,PEAD_WINDOW,
CLMT,Calumet Inc,finviz_prefilter,operating_margin,,price_min;market_cap_min;avg_volume_min;revenue_growth;eps_growth;eps_next_year;operating_margin;earnings_window,False,"{'revenue_growth_yoy': 40.77, 'eps_growth_yoy': 35.75, 'eps_next_year': 170.04, 'operating_margin': 1.1900000000000002}",,Finviz via finvizfinance screener views,2026-08-21T23:30:32+02:00,2026-08-07,,14,PEAD_WINDOW,"{'failed_gate': 'operating_margin', 'actual_value': 1.1900000000000002, 'applicable_threshold': 8.0, 'distance_to_threshold': 6.81, 'distance_to_threshold_pct': 85.125, 'formula': 'minimo: distance = threshold - actual; pct = distance / abs(threshold) * 100'}"
CMCSA,Comcast Corp,finviz_prefilter,revenue_growth;eps_growth;eps_next_year,,price_min;market_cap_min;avg_volume_min;revenue_growth;eps_growth;eps_next_year;operating_margin;earnings_window,False,"{'revenue_growth_yoy': -1.23, 'eps_growth_yoy': -66.9, 'eps_next_year': 3.17, 'operating_margin': 14.85}",,Finviz via finvizfinance screener views,2026-08-21T23:30:32+02:00,2026-07-23,,29,NORMAL,
CME,CME Group Inc,finviz_prefilter,revenue_growth;eps_growth;eps_next_year,,price_min;market_cap_min;avg_volume_min;revenue_growth;eps_growth;eps_next_year;operating_margin;earnings_window,False,"{'revenue_growth_yoy': 0.84, 'eps_growth_yoy': 2.6599999999999997, 'eps_next_year': 5.41, 'operating_margin': 65.10000000000001}",,Finviz via finvizfinance screener views,2026-08-21T23:30:32+02:00,2026-07-22,,30,NORMAL,
COCO,Vita Coco Company Inc,finviz_prefilter,eps_next_year,,price_min;market_cap_min;avg_volume_min;revenue_growth;eps_growth;eps_next_year;operating_margin;earnings_window,False,"{'revenue_growth_yoy': 28.08, 'eps_growth_yoy': 112.29, 'eps_next_year': 12.67, 'operating_margin': 19.1}",,Finviz via finvizfinance screener views,2026-08-21T23:30:32+02:00,2026-07-23,,29,NORMAL,"{'failed_gate': 'eps_next_year', 'actual_value': 12.67, 'applicable_threshold': 15.0, 'distance_to_threshold': 2.33, 'distance_to_threshold_pct': 15.533333333333335, 'formula': 'minimo: distance = threshold - actual; pct = distance / abs(threshold) * 100'}"
COHU,Cohu Inc,finviz_prefilter,operating_margin,,price_min;market_cap_min;avg_volume_min;revenue_growth;eps_growth;eps_next_year;operating_margin;earnings_window,False,"{'revenue_growth_yoy': 38.37, 'eps_growth_yoy': 99.06, 'eps_next_year': 94.34, 'operating_margin': -6.38}",,Finviz via finvizfinance screener views,2026-08-21T23:30:32+02:00,2026-07-30,,22,NORMAL,"{'failed_gate': 'operating_margin', 'actual_value': -6.38, 'applicable_threshold': 8.0, 'distance_to_threshold': 14.379999999999999, 'distance_to_threshold_pct': 179.75, 'formula': 'minimo: distance = threshold - actual; pct = distance / abs(threshold) * 100'}"
COIN,Coinbase Global Inc,finviz_prefilter,revenue_growth;eps_growth;operating_margin,,price_min;market_cap_min;avg_volume_min;revenue_growth;eps_growth;eps_next_year;operating_margin;earnings_window,False,"{'revenue_growth_yoy': -61.1, 'eps_growth_yoy': -126.57000000000001, 'eps_next_year': 196.07, 'operating_margin': -37.56}",,Finviz via finvizfinance screener views,2026-08-21T23:30:32+02:00,2026-07-30,,22,NORMAL,
COLB,Columbia Banking System Inc,finviz_prefilter,eps_growth;eps_next_year,,price_min;market_cap_min;avg_volume_min;revenue_growth;eps_growth;eps_next_year;operating_margin;earnings_window,False,"{'revenue_growth_yoy': 21.959999999999997, 'eps_growth_yoy': 0.03, 'eps_next_year': 8.28, 'operating_margin': 30.620000000000005}",,Finviz via finvizfinance screener views,2026-08-21T23:30:32+02:00,2026-07-23,,29,NORMAL,
COO,Cooper Companies Inc,finviz_prefilter,revenue_growth;eps_growth;eps_next_year,,price_min;market_cap_min;avg_volume_min;revenue_growth;eps_growth;eps_next_year;operating_margin;earnings_window,False,"{'revenue_growth_yoy': 7.9, 'eps_growth_yoy': -1.9142, 'eps_next_year': 8.1, 'operating_margin': 18.19}",,Finviz via finvizfinance screener views,2026-08-21T23:30:32+02:00,2026-09-09,19,,NORMAL,
CORT,Corcept Therapeutics Inc,finviz_prefilter,eps_growth;operating_margin,,price_min;market_cap_min;avg_volume_min;revenue_growth;eps_growth;eps_next_year;operating_margin;earnings_window,False,"{'revenue_growth_yoy': 31.740000000000002, 'eps_growth_yoy': 23.91, 'eps_next_year': 108.21, 'operating_margin': 0.77}",,Finviz via finvizfinance screener views,2026-08-21T23:30:32+02:00,2026-07-29,,23,NORMAL,
CORZ,Core Scientific Inc,finviz_prefilter,eps_growth;operating_margin,,price_min;market_cap_min;avg_volume_min;revenue_growth;eps_growth;eps_next_year;operating_margin;earnings_window,False,"{'revenue_growth_yoy': 108.83, 'eps_growth_yoy': -78.6882, 'eps_next_year': 107.0, 'operating_margin': -30.620000000000005}",,Finviz via finvizfinance screener views,2026-08-21T23:30:32+02:00,2026-07-28,,24,NORMAL,
COST,Costco Wholesale Corp,finviz_prefilter,revenue_growth;eps_growth;eps_next_year;operating_margin,,price_min;market_cap_min;avg_volume_min;revenue_growth;eps_growth;eps_next_year;operating_margin;earnings_window,False,"{'revenue_growth_yoy': 11.58, 'eps_growth_yoy': 15.27, 'eps_next_year': 10.52, 'operating_margin': 3.82}",,Finviz via finvizfinance screener views,2026-08-21T23:30:32+02:00,2026-05-28,,85,NORMAL,
CPB,Campbells Co,finviz_prefilter,revenue_growth;eps_next_year,,price_min;market_cap_min;avg_volume_min;revenue_growth;eps_growth;eps_next_year;operating_margin;earnings_window,False,"{'revenue_growth_yoy': -4.3999999999999995, 'eps_growth_yoy': 87.9, 'eps_next_year': -13.67, 'operating_margin': 11.95}",,Finviz via finvizfinance screener views,2026-08-21T23:30:32+02:00,2026-09-03,13,,NORMAL,
CPRT,Copart Inc,finviz_prefilter,revenue_growth;eps_growth;eps_next_year,,price_min;market_cap_min;avg_volume_min;revenue_growth;eps_growth;eps_next_year;operating_margin;earnings_window,False,"{'revenue_growth_yoy': 2.09, 'eps_growth_yoy': 2.67, 'eps_next_year': 5.91, 'operating_margin': 36.57}",,Finviz via finvizfinance screener views,2026-08-21T23:30:32+02:00,2026-05-21,,92,NORMAL,
CRDO,Credo Technology Group Holding Ltd,finviz_prefilter,revenue_growth;eps_growth,,price_min;market_cap_min;avg_volume_min;revenue_growth;eps_growth;eps_next_year;operating_margin;earnings_window,False,"{'revenue_growth_yoy': 1.5702, 'eps_growth_yoy': 3.3683, 'eps_next_year': 48.19, 'operating_margin': 34.03}",,Finviz via finvizfinance screener views,2026-08-21T23:30:32+02:00,2026-09-01,11,,NORMAL,
CRNX,Crinetics Pharmaceuticals Inc,finviz_prefilter,eps_growth;eps_next_year;operating_margin,,price_min;market_cap_min;avg_volume_min;revenue_growth;eps_growth;eps_next_year;operating_margin;earnings_window,False,"{'revenue_growth_yoy': 23.3628, 'eps_growth_yoy': 7.140000000000001, 'eps_next_year': 12.04, 'operating_margin': -13.0252}",,Finviz via finvizfinance screener views,2026-08-21T23:30:32+02:00,2026-08-03,,18,NORMAL,
CROX,Crocs Inc,finviz_prefilter,revenue_growth;eps_next_year,,price_min;market_cap_min;avg_volume_min;revenue_growth;eps_growth;eps_next_year;operating_margin;earnings_window,False,"{'revenue_growth_yoy': 2.62, 'eps_growth_yoy': 146.78, 'eps_next_year': 7.17, 'operating_margin': 20.810000000000002}",,Finviz via finvizfinance screener views,2026-08-21T23:30:32+02:00,2026-07-30,,22,NORMAL,
CRSP,CRISPR Therapeutics AG,finviz_prefilter,revenue_growth;operating_margin,,price_min;market_cap_min;avg_volume_min;revenue_growth;eps_growth;eps_next_year;operating_margin;earnings_window,False,"{'revenue_growth_yoy': 10.4137, 'eps_growth_yoy': 60.57, 'eps_next_year': 25.73, 'operating_margin': -39.7153}",,Finviz via finvizfinance screener views,2026-08-21T23:30:32+02:00,2026-08-03,,18,NORMAL,
CRWD,Crowdstrike Holdings Inc,finviz_prefilter,operating_margin;earnings_window,,price_min;market_cap_min;avg_volume_min;revenue_growth;eps_growth;eps_next_year;operating_margin;earnings_window,False,"{'revenue_growth_yoy': 25.569999999999997, 'eps_growth_yoy': 124.25999999999999, 'eps_next_year': 26.53, 'operating_margin': -2.15}",,Finviz via finvizfinance screener views,2026-08-21T23:30:32+02:00,2026-08-26,5,,PRE_EARNINGS_BLACKOUT,
CRWV,CoreWeave Inc,finviz_prefilter,eps_growth;operating_margin,,price_min;market_cap_min;avg_volume_min;revenue_growth;eps_growth;eps_next_year;operating_margin;earnings_window,False,"{'revenue_growth_yoy': 112.32, 'eps_growth_yoy': -79.2, 'eps_next_year': 54.07, 'operating_margin': -3.0300000000000002}",,Finviz via finvizfinance screener views,2026-08-21T23:30:32+02:00,2026-08-11,,10,PEAD_WINDOW,
CSCO,Cisco Systems Inc,finviz_prefilter,revenue_growth;eps_next_year,,price_min;market_cap_min;avg_volume_min;revenue_growth;eps_growth;eps_next_year;operating_margin;earnings_window,False,"{'revenue_growth_yoy': 17.580000000000002, 'eps_growth_yoy': 37.16, 'eps_next_year': 9.26, 'operating_margin': 25.230000000000004}",,Finviz via finvizfinance screener views,2026-08-21T23:30:32+02:00,2026-08-12,,9,PEAD_WINDOW,
CSGP,Costar Group Inc,finviz_prefilter,revenue_growth;eps_growth;operating_margin,,price_min;market_cap_min;avg_volume_min;revenue_growth;eps_growth;eps_next_year;operating_margin;earnings_window,False,"{'revenue_growth_yoy': 18.39, 'eps_growth_yoy': 8.3151, 'eps_next_year': 25.41, 'operating_margin': 2.4299999999999997}",,Finviz via finvizfinance screener views,2026-08-21T23:30:32+02:00,2026-07-28,,24,NORMAL,
CSX,CSX Corp,finviz_prefilter,revenue_growth;eps_growth;eps_next_year,,price_min;market_cap_min;avg_volume_min;revenue_growth;eps_growth;eps_next_year;operating_margin;earnings_window,False,"{'revenue_growth_yoy': 10.100000000000001, 'eps_growth_yoy': 21.78, 'eps_next_year': 13.34, 'operating_margin': 35.27}",,Finviz via finvizfinance screener views,2026-08-21T23:30:32+02:00,2026-07-22,,30,NORMAL,
CTAS,Cintas Corp,finviz_prefilter,revenue_growth;eps_growth;eps_next_year,,price_min;market_cap_min;avg_volume_min;revenue_growth;eps_growth;eps_next_year;operating_margin;earnings_window,False,"{'revenue_growth_yoy': 8.9, 'eps_growth_yoy': 15.559999999999999, 'eps_next_year': 11.39, 'operating_margin': 23.26}",,Finviz via finvizfinance screener views,2026-08-21T23:30:32+02:00,2026-07-15,,37,NORMAL,
CTSH,Cognizant Technology Solutions Corp,finviz_prefilter,revenue_growth;eps_growth;eps_next_year,,price_min;market_cap_min;avg_volume_min;revenue_growth;eps_growth;eps_next_year;operating_margin;earnings_window,False,"{'revenue_growth_yoy': 4.5, 'eps_growth_yoy': 4.1000000000000005, 'eps_next_year': 9.74, 'operating_margin': 16.11}",,Finviz via finvizfinance screener views,2026-08-21T23:30:32+02:00,2026-07-29,,23,NORMAL,
CVBF,CVB Financial Corp,finviz_prefilter,eps_growth,,price_min;market_cap_min;avg_volume_min;revenue_growth;eps_growth;eps_next_year;operating_margin;earnings_window,False,"{'revenue_growth_yoy': 37.86, 'eps_growth_yoy': -21.58, 'eps_next_year': 31.93, 'operating_margin': 43.64}",,Finviz via finvizfinance screener views,2026-08-21T23:30:32+02:00,2026-07-22,,30,NORMAL,"{'failed_gate': 'eps_growth', 'actual_value': -21.58, 'applicable_threshold': 30.0, 'distance_to_threshold': 51.58, 'distance_to_threshold_pct': 171.93333333333334, 'formula': 'minimo: distance = threshold - actual; pct = distance / abs(threshold) * 100'}"
CVLT,Commvault Systems Inc,finviz_prefilter,revenue_growth;eps_growth;eps_next_year,,price_min;market_cap_min;avg_volume_min;revenue_growth;eps_growth;eps_next_year;operating_margin;earnings_window,False,"{'revenue_growth_yoy': 11.4, 'eps_growth_yoy': -2.7, 'eps_next_year': 14.02, 'operating_margin': 9.01}",,Finviz via finvizfinance screener views,2026-08-21T23:30:32+02:00,2026-07-28,,24,NORMAL,
CYTK,Cytokinetics Inc,finviz_prefilter,revenue_growth;eps_growth;operating_margin,,price_min;market_cap_min;avg_volume_min;revenue_growth;eps_growth;eps_next_year;operating_margin;earnings_window,False,"{'revenue_growth_yoy': -57.13, 'eps_growth_yoy': -33.78, 'eps_next_year': 26.07, 'operating_margin': -10.4612}",,Finviz via finvizfinance screener views,2026-08-21T23:30:32+02:00,2026-08-06,,15,PEAD_WINDOW,
CZR,Caesars Entertainment Inc,finviz_prefilter,revenue_growth;eps_growth,,price_min;market_cap_min;avg_volume_min;revenue_growth;eps_growth;eps_next_year;operating_margin;earnings_window,False,"{'revenue_growth_yoy': 2.96, 'eps_growth_yoy': 22.53, 'eps_next_year': 124.6, 'operating_margin': 17.69}",,Finviz via finvizfinance screener views,2026-08-21T23:30:32+02:00,2026-07-28,,24,NORMAL,
DASH,DoorDash Inc,finviz_prefilter,eps_growth;operating_margin,,price_min;market_cap_min;avg_volume_min;revenue_growth;eps_growth;eps_next_year;operating_margin;earnings_window,False,"{'revenue_growth_yoy': 35.63, 'eps_growth_yoy': -29.98, 'eps_next_year': 76.08, 'operating_margin': 5.46}",,Finviz via finvizfinance screener views,2026-08-21T23:30:32+02:00,2026-08-05,,16,NORMAL,
DBX,Dropbox Inc,finviz_prefilter,revenue_growth;eps_growth;eps_next_year,,price_min;market_cap_min;avg_volume_min;revenue_growth;eps_growth;eps_next_year;operating_margin;earnings_window,False,"{'revenue_growth_yoy': 0.9299999999999999, 'eps_growth_yoy': -6.94, 'eps_next_year': 8.34, 'operating_margin': 26.5}",,Finviz via finvizfinance screener views,2026-08-21T23:30:32+02:00,2026-08-06,,15,PEAD_WINDOW,
DDOG,Datadog Inc,finviz_prefilter,eps_growth;operating_margin,,price_min;market_cap_min;avg_volume_min;revenue_growth;eps_growth;eps_next_year;operating_margin;earnings_window,False,"{'revenue_growth_yoy': 35.64, 'eps_growth_yoy': 15.5135, 'eps_next_year': 16.97, 'operating_margin': 0.48}",,Finviz via finvizfinance screener views,2026-08-21T23:30:32+02:00,2026-08-06,,15,PEAD_WINDOW,
DKNG,DraftKings Inc,finviz_prefilter,revenue_growth;eps_growth;operating_margin,,price_min;market_cap_min;avg_volume_min;revenue_growth;eps_growth;eps_next_year;operating_margin;earnings_window,False,"{'revenue_growth_yoy': -4.58, 'eps_growth_yoy': -145.99, 'eps_next_year': 557.0, 'operating_margin': -2.83}",,Finviz via finvizfinance screener views,2026-08-21T23:30:32+02:00,2026-08-06,,15,PEAD_WINDOW,
DLTR,Dollar Tree Inc,finviz_prefilter,revenue_growth;eps_growth;eps_next_year;earnings_window,,price_min;market_cap_min;avg_volume_min;revenue_growth;eps_growth;eps_next_year;operating_margin;earnings_window,False,"{'revenue_growth_yoy': 7.24, 'eps_growth_yoy': 9.59, 'eps_next_year': 10.15, 'operating_margin': 8.44}",,Finviz via finvizfinance screener views,2026-08-21T23:30:32+02:00,2026-08-27,6,,PRE_EARNINGS_BLACKOUT,
DNLI,Denali Therapeutics Inc,finviz_prefilter,eps_next_year;operating_margin,revenue_growth;eps_growth,price_min;market_cap_min;avg_volume_min;eps_next_year;operating_margin;earnings_window,False,"{'revenue_growth_yoy': None, 'eps_growth_yoy': 5.93, 'eps_next_year': -2.43, 'operating_margin': -150.5819}",,Finviz via finvizfinance screener views,2026-08-21T23:30:32+02:00,2026-08-06,,15,PEAD_WINDOW,
DNTH,Dianthus Therapeutics Inc,finviz_prefilter,revenue_growth;eps_growth;eps_next_year;operating_margin,,price_min;market_cap_min;avg_volume_min;revenue_growth;eps_growth;eps_next_year;operating_margin;earnings_window,False,"{'revenue_growth_yoy': 2.943, 'eps_growth_yoy': -1.51, 'eps_next_year': -21.63, 'operating_margin': -114.4139}",,Finviz via finvizfinance screener views,2026-08-21T23:30:32+02:00,2026-08-04,,17,NORMAL,
DOCU,DocuSign Inc,finviz_prefilter,revenue_growth;eps_growth;eps_next_year,,price_min;market_cap_min;avg_volume_min;revenue_growth;eps_growth;eps_next_year;operating_margin;earnings_window,False,"{'revenue_growth_yoy': 8.72, 'eps_growth_yoy': 17.51, 'eps_next_year': 12.57, 'operating_margin': 10.639999999999999}",,Finviz via finvizfinance screener views,2026-08-21T23:30:32+02:00,2026-09-03,13,,NORMAL,
DOX,Amdocs Ltd,finviz_prefilter,revenue_growth;eps_growth;eps_next_year,,price_min;market_cap_min;avg_volume_min;revenue_growth;eps_growth;eps_next_year;operating_margin;earnings_window,False,"{'revenue_growth_yoy': 2.63, 'eps_growth_yoy': -57.53, 'eps_next_year': 8.06, 'operating_margin': 16.86}",,Finviz via finvizfinance screener views,2026-08-21T23:30:32+02:00,2026-08-05,,16,NORMAL,
DPZ,Dominos Pizza Inc,finviz_prefilter,revenue_growth;eps_growth;eps_next_year,,price_min;market_cap_min;avg_volume_min;revenue_growth;eps_growth;eps_next_year;operating_margin;earnings_window,False,"{'revenue_growth_yoy': 4.3, 'eps_growth_yoy': 6.92, 'eps_next_year': 9.82, 'operating_margin': 19.3}",,Finviz via finvizfinance screener views,2026-08-21T23:30:32+02:00,2026-07-20,,32,NORMAL,
DRS,Leonardo DRS Inc,finviz_prefilter,revenue_growth;eps_next_year,,price_min;market_cap_min;avg_volume_min;revenue_growth;eps_growth;eps_next_year;operating_margin;earnings_window,False,"{'revenue_growth_yoy': 10.13, 'eps_growth_yoy': 59.34, 'eps_next_year': 6.05, 'operating_margin': 10.56}",,Finviz via finvizfinance screener views,2026-08-21T23:30:32+02:00,2026-07-30,,22,NORMAL,
DUOL,Duolingo Inc,finviz_prefilter,revenue_growth;eps_growth,,price_min;market_cap_min;avg_volume_min;revenue_growth;eps_growth;eps_next_year;operating_margin;earnings_window,False,"{'revenue_growth_yoy': 18.310000000000002, 'eps_growth_yoy': -27.49, 'eps_next_year': 20.84, 'operating_margin': 14.21}",,Finviz via finvizfinance screener views,2026-08-21T23:30:32+02:00,2026-08-05,,16,NORMAL,
DXCM,Dexcom Inc,finviz_prefilter,revenue_growth,,price_min;market_cap_min;avg_volume_min;revenue_growth;eps_growth;eps_next_year;operating_margin;earnings_window,False,"{'revenue_growth_yoy': 13.08, 'eps_growth_yoy': 43.63, 'eps_next_year': 16.98, 'operating_margin': 22.919999999999998}",,Finviz via finvizfinance screener views,2026-08-21T23:30:32+02:00,2026-07-30,,22,NORMAL,"{'failed_gate': 'revenue_growth', 'actual_value': 13.08, 'applicable_threshold': 20.0, 'distance_to_threshold': 6.92, 'distance_to_threshold_pct': 34.599999999999994, 'formula': 'minimo: distance = threshold - actual; pct = distance / abs(threshold) * 100'}"
EBAY,EBay Inc,finviz_prefilter,revenue_growth;eps_next_year,,price_min;market_cap_min;avg_volume_min;revenue_growth;eps_growth;eps_next_year;operating_margin;earnings_window,False,"{'revenue_growth_yoy': 14.37, 'eps_growth_yoy': 54.379999999999995, 'eps_next_year': 9.91, 'operating_margin': 21.44}",,Finviz via finvizfinance screener views,2026-08-21T23:30:32+02:00,2026-08-05,,16,NORMAL,
EBC,Eastern Bankshares Inc,finviz_prefilter,eps_growth;eps_next_year,,price_min;market_cap_min;avg_volume_min;revenue_growth;eps_growth;eps_next_year;operating_margin;earnings_window,False,"{'revenue_growth_yoy': 26.36, 'eps_growth_yoy': -4.73, 'eps_next_year': 13.86, 'operating_margin': 26.919999999999998}",,Finviz via finvizfinance screener views,2026-08-21T23:30:32+02:00,2026-07-23,,29,NORMAL,
ECHO,EchoStar Corp,finviz_prefilter,revenue_growth;eps_growth;eps_next_year;operating_margin,,price_min;market_cap_min;avg_volume_min;revenue_growth;eps_growth;eps_next_year;operating_margin;earnings_window,False,"{'revenue_growth_yoy': -3.9899999999999998, 'eps_growth_yoy': 23.649, 'eps_next_year': -86.58, 'operating_margin': 7.1499999999999995}",,Finviz via finvizfinance screener views,2026-08-21T23:30:32+02:00,2026-08-03,,18,NORMAL,
ENPH,Enphase Energy Inc,finviz_prefilter,revenue_growth;eps_growth;eps_next_year,,price_min;market_cap_min;avg_volume_min;revenue_growth;eps_growth;eps_next_year;operating_margin;earnings_window,False,"{'revenue_growth_yoy': -19.63, 'eps_growth_yoy': -2.55, 'eps_next_year': 11.84, 'operating_margin': 25.629999999999995}",,Finviz via finvizfinance screener views,2026-08-21T23:30:32+02:00,2026-07-28,,24,NORMAL,
ENSG,Ensign Group Inc,finviz_prefilter,revenue_growth;eps_growth;eps_next_year,,price_min;market_cap_min;avg_volume_min;revenue_growth;eps_growth;eps_next_year;operating_margin;earnings_window,False,"{'revenue_growth_yoy': 17.330000000000002, 'eps_growth_yoy': 16.43, 'eps_next_year': 9.73, 'operating_margin': 8.780000000000001}",,Finviz via finvizfinance screener views,2026-08-21T23:30:32+02:00,2026-07-27,,25,NORMAL,
ENTG,Entegris Inc,finviz_prefilter,revenue_growth,,price_min;market_cap_min;avg_volume_min;revenue_growth;eps_growth;eps_next_year;operating_margin;earnings_window,False,"{'revenue_growth_yoy': 11.459999999999999, 'eps_growth_yoy': 75.32, 'eps_next_year': 29.19, 'operating_margin': 17.09}",,Finviz via finvizfinance screener views,2026-08-21T23:30:32+02:00,2026-08-04,,17,NORMAL,"{'failed_gate': 'revenue_growth', 'actual_value': 11.459999999999999, 'applicable_threshold': 20.0, 'distance_to_threshold': 8.540000000000001, 'distance_to_threshold_pct': 42.7, 'formula': 'minimo: distance = threshold - actual; pct = distance / abs(threshold) * 100'}"
EQPT,Equipmentshare.Com Inc,finviz_prefilter,eps_growth;operating_margin,,price_min;market_cap_min;avg_volume_min;revenue_growth;eps_growth;eps_next_year;operating_margin;earnings_window,False,"{'revenue_growth_yoy': 26.33, 'eps_growth_yoy': 29.24, 'eps_next_year': 70.81, 'operating_margin': 6.84}",,Finviz via finvizfinance screener views,2026-08-21T23:30:32+02:00,2026-08-12,,9,PEAD_WINDOW,
ETOR,Etoro Group Ltd,finviz_prefilter,revenue_growth,,price_min;market_cap_min;avg_volume_min;revenue_growth;eps_growth;eps_next_year;operating_margin;earnings_window,False,"{'revenue_growth_yoy': 10.299999999999999, 'eps_growth_yoy': 87.37, 'eps_next_year': 18.85, 'operating_margin': 31.96}",,Finviz via finvizfinance screener views,2026-08-21T23:30:32+02:00,2026-08-11,,10,PEAD_WINDOW,"{'failed_gate': 'revenue_growth', 'actual_value': 10.299999999999999, 'applicable_threshold': 20.0, 'distance_to_threshold': 9.700000000000001, 'distance_to_threshold_pct': 48.50000000000001, 'formula': 'minimo: distance = threshold - actual; pct = distance / abs(threshold) * 100'}"
EVRG,Evergy Inc,finviz_prefilter,revenue_growth;eps_growth;eps_next_year,,price_min;market_cap_min;avg_volume_min;revenue_growth;eps_growth;eps_next_year;operating_margin;earnings_window,False,"{'revenue_growth_yoy': 4.84, 'eps_growth_yoy': 23.5, 'eps_next_year': 7.16, 'operating_margin': 25.55}",,Finviz via finvizfinance screener views,2026-08-21T23:30:32+02:00,2026-08-06,,15,PEAD_WINDOW,
EWBC,East West Bancorp Inc,finviz_prefilter,revenue_growth;eps_growth;eps_next_year,,price_min;market_cap_min;avg_volume_min;revenue_growth;eps_growth;eps_next_year;operating_margin;earnings_window,False,"{'revenue_growth_yoy': 4.15, 'eps_growth_yoy': 17.64, 'eps_next_year': 6.52, 'operating_margin': 39.68}",,Finviz via finvizfinance screener views,2026-08-21T23:30:32+02:00,2026-07-21,,31,NORMAL,
EXC,Exelon Corp,finviz_prefilter,revenue_growth;eps_growth;eps_next_year,,price_min;market_cap_min;avg_volume_min;revenue_growth;eps_growth;eps_next_year;operating_margin;earnings_window,False,"{'revenue_growth_yoy': 9.950000000000001, 'eps_growth_yoy': -0.31, 'eps_next_year': 6.32, 'operating_margin': 20.79}",,Finviz via finvizfinance screener views,2026-08-21T23:30:32+02:00,2026-07-30,,22,NORMAL,
EXE,Expand Energy Corp,finviz_prefilter,revenue_growth;eps_growth;eps_next_year,,price_min;market_cap_min;avg_volume_min;revenue_growth;eps_growth;eps_next_year;operating_margin;earnings_window,False,"{'revenue_growth_yoy': -10.61, 'eps_growth_yoy': -45.58, 'eps_next_year': -5.0, 'operating_margin': 21.529999999999998}",,Finviz via finvizfinance screener views,2026-08-21T23:30:32+02:00,2026-07-28,,24,NORMAL,
EXEL,Exelixis Inc,finviz_prefilter,revenue_growth;eps_growth;eps_next_year,,price_min;market_cap_min;avg_volume_min;revenue_growth;eps_growth;eps_next_year;operating_margin;earnings_window,False,"{'revenue_growth_yoy': 10.63, 'eps_growth_yoy': 25.629999999999995, 'eps_next_year': 14.41, 'operating_margin': 40.72}",,Finviz via finvizfinance screener views,2026-08-21T23:30:32+02:00,2026-08-05,,16,NORMAL,
EXLS,ExlService Holdings Inc,finviz_prefilter,revenue_growth;eps_growth;eps_next_year,,price_min;market_cap_min;avg_volume_min;revenue_growth;eps_growth;eps_next_year;operating_margin;earnings_window,False,"{'revenue_growth_yoy': 15.61, 'eps_growth_yoy': 4.92, 'eps_next_year': 13.48, 'operating_margin': 14.42}",,Finviz via finvizfinance screener views,2026-08-21T23:30:32+02:00,2026-07-28,,24,NORMAL,
EXPE,Expedia Group Inc,finviz_prefilter,revenue_growth;eps_growth,,price_min;market_cap_min;avg_volume_min;revenue_growth;eps_growth;eps_next_year;operating_margin;earnings_window,False,"{'revenue_growth_yoy': 13.969999999999999, 'eps_growth_yoy': 1.8833, 'eps_next_year': 16.37, 'operating_margin': 16.64}",,Finviz via finvizfinance screener views,2026-08-21T23:30:32+02:00,2026-08-05,,16,NORMAL,
EXTR,Extreme Networks Inc,finviz_prefilter,revenue_growth;eps_growth;operating_margin,,price_min;market_cap_min;avg_volume_min;revenue_growth;eps_growth;eps_next_year;operating_margin;earnings_window,False,"{'revenue_growth_yoy': 10.280000000000001, 'eps_growth_yoy': 3.2959, 'eps_next_year': 16.49, 'operating_margin': 5.050000000000001}",,Finviz via finvizfinance screener views,2026-08-21T23:30:32+02:00,2026-08-05,,16,NORMAL,
FA,First Advantage Corp,finviz_prefilter,revenue_growth,,price_min;market_cap_min;avg_volume_min;revenue_growth;eps_growth;eps_next_year;operating_margin;earnings_window,False,"{'revenue_growth_yoy': 14.879999999999999, 'eps_growth_yoy': 53.2222, 'eps_next_year': 17.96, 'operating_margin': 10.89}",,Finviz via finvizfinance screener views,2026-08-21T23:30:32+02:00,2026-08-06,,15,PEAD_WINDOW,"{'failed_gate': 'revenue_growth', 'actual_value': 14.879999999999999, 'applicable_threshold': 20.0, 'distance_to_threshold': 5.120000000000001, 'distance_to_threshold_pct': 25.600000000000005, 'formula': 'minimo: distance = threshold - actual; pct = distance / abs(threshold) * 100'}"
FANG,Diamondback Energy Inc,finviz_prefilter,eps_growth;eps_next_year,,price_min;market_cap_min;avg_volume_min;revenue_growth;eps_growth;eps_next_year;operating_margin;earnings_window,False,"{'revenue_growth_yoy': 51.22, 'eps_growth_yoy': 1.7968, 'eps_next_year': -11.36, 'operating_margin': 35.05}",,Finviz via finvizfinance screener views,2026-08-21T23:30:32+02:00,2026-08-03,,18,NORMAL,
FAST,Fastenal Co,finviz_prefilter,revenue_growth;eps_growth;eps_next_year,,price_min;market_cap_min;avg_volume_min;revenue_growth;eps_growth;eps_next_year;operating_margin;earnings_window,False,"{'revenue_growth_yoy': 14.74, 'eps_growth_yoy': 15.879999999999999, 'eps_next_year': 10.81, 'operating_margin': 20.29}",,Finviz via finvizfinance screener views,2026-08-21T23:30:32+02:00,2026-07-14,,38,NORMAL,
FER,Ferrovial N. V,finviz_prefilter,revenue_growth;eps_growth,,price_min;market_cap_min;avg_volume_min;revenue_growth;eps_growth;eps_next_year;operating_margin;earnings_window,False,"{'revenue_growth_yoy': 6.64, 'eps_growth_yoy': 9.5324, 'eps_next_year': 18.93, 'operating_margin': 10.42}",,Finviz via finvizfinance screener views,2026-08-21T23:30:32+02:00,2026-07-28,,24,NORMAL,
FFBC,First Financial Bancorp,finviz_prefilter,revenue_growth;eps_growth;eps_next_year,,price_min;market_cap_min;avg_volume_min;revenue_growth;eps_growth;eps_next_year;operating_margin;earnings_window,False,"{'revenue_growth_yoy': 12.98, 'eps_growth_yoy': -0.33999999999999997, 'eps_next_year': 11.57, 'operating_margin': 26.06}",,Finviz via finvizfinance screener views,2026-08-21T23:30:32+02:00,2026-07-21,,31,NORMAL,
FFIN,First Financial Bankshares Inc,finviz_prefilter,revenue_growth;eps_growth;eps_next_year,,price_min;market_cap_min;avg_volume_min;revenue_growth;eps_growth;eps_next_year;operating_margin;earnings_window,False,"{'revenue_growth_yoy': 8.43, 'eps_growth_yoy': 7.61, 'eps_next_year': 5.57, 'operating_margin': 37.86}",,Finviz via finvizfinance screener views,2026-08-21T23:30:32+02:00,2026-07-16,,36,NORMAL,
FHB,First Hawaiian INC,finviz_prefilter,revenue_growth;eps_growth;eps_next_year,,price_min;market_cap_min;avg_volume_min;revenue_growth;eps_growth;eps_next_year;operating_margin;earnings_window,False,"{'revenue_growth_yoy': 0.7100000000000001, 'eps_growth_yoy': 3.04, 'eps_next_year': 7.12, 'operating_margin': 31.730000000000004}",,Finviz via finvizfinance screener views,2026-08-21T23:30:32+02:00,2026-07-24,,28,NORMAL,
FIBK,First Interstate BancSystem Inc,finviz_prefilter,revenue_growth;eps_growth;eps_next_year,,price_min;market_cap_min;avg_volume_min;revenue_growth;eps_growth;eps_next_year;operating_margin;earnings_window,False,"{'revenue_growth_yoy': -7.8, 'eps_growth_yoy': 24.97, 'eps_next_year': -57.99999999999999, 'operating_margin': 29.409999999999997}",,Finviz via finvizfinance screener views,2026-08-21T23:30:32+02:00,2026-07-23,,29,NORMAL,
FIGR,Figure Technology Solutions Inc,finviz_prefilter,eps_growth,,price_min;market_cap_min;avg_volume_min;revenue_growth;eps_growth;eps_next_year;operating_margin;earnings_window,False,"{'revenue_growth_yoy': 84.85000000000001, 'eps_growth_yoy': 1.5025, 'eps_next_year': 21.59, 'operating_margin': 42.11}",,Finviz via finvizfinance screener views,2026-08-21T23:30:32+02:00,2026-08-13,,8,PEAD_WINDOW,"{'failed_gate': 'eps_growth', 'actual_value': 1.5025, 'applicable_threshold': 20.0, 'distance_to_threshold': 18.4975, 'distance_to_threshold_pct': 92.48749999999998, 'formula': 'minimo: distance = threshold - actual; pct = distance / abs(threshold) * 100'}"
FISV,Fiserv Inc,finviz_prefilter,revenue_growth;eps_growth;eps_next_year,,price_min;market_cap_min;avg_volume_min;revenue_growth;eps_growth;eps_next_year;operating_margin;earnings_window,False,"{'revenue_growth_yoy': -4.06, 'eps_growth_yoy': -36.71, 'eps_next_year': 9.93, 'operating_margin': 21.57}",,Finviz via finvizfinance screener views,2026-08-21T23:30:32+02:00,2026-08-06,,15,PEAD_WINDOW,
FIVE,Five Below Inc,finviz_prefilter,eps_growth;eps_next_year,,price_min;market_cap_min;avg_volume_min;revenue_growth;eps_growth;eps_next_year;operating_margin;earnings_window,False,"{'revenue_growth_yoy': 32.46, 'eps_growth_yoy': 1.9681, 'eps_next_year': 7.68, 'operating_margin': 11.04}",,Finviz via finvizfinance screener views,2026-08-21T23:30:32+02:00,2026-09-02,12,,NORMAL,
FIVN,Five9 Inc,finviz_prefilter,revenue_growth;eps_growth;operating_margin,,price_min;market_cap_min;avg_volume_min;revenue_growth;eps_growth;eps_next_year;operating_margin;earnings_window,False,"{'revenue_growth_yoy': 10.299999999999999, 'eps_growth_yoy': 2.0308, 'eps_next_year': 18.03, 'operating_margin': 6.05}",,Finviz via finvizfinance screener views,2026-08-21T23:30:32+02:00,2026-08-06,,15,PEAD_WINDOW,
FLEX,Flex Ltd,finviz_prefilter,operating_margin,,price_min;market_cap_min;avg_volume_min;revenue_growth;eps_growth;eps_next_year;operating_margin;earnings_window,False,"{'revenue_growth_yoy': 20.580000000000002, 'eps_growth_yoy': 51.22, 'eps_next_year': 51.51, 'operating_margin': 5.58}",,Finviz via finvizfinance screener views,2026-08-21T23:30:32+02:00,2026-07-29,,23,NORMAL,"{'failed_gate': 'operating_margin', 'actual_value': 5.58, 'applicable_threshold': 8.0, 'distance_to_threshold': 2.42, 'distance_to_threshold_pct': 30.25, 'formula': 'minimo: distance = threshold - actual; pct = distance / abs(threshold) * 100'}"
FLY,Firefly Aerospace Inc,finviz_prefilter,revenue_growth;eps_growth;operating_margin,,price_min;market_cap_min;avg_volume_min;revenue_growth;eps_growth;eps_next_year;operating_margin;earnings_window,False,"{'revenue_growth_yoy': 6.5685, 'eps_growth_yoy': -2.13, 'eps_next_year': 22.41, 'operating_margin': -116.39999999999999}",,Finviz via finvizfinance screener views,2026-08-21T23:30:32+02:00,2026-08-11,,10,PEAD_WINDOW,
FLYW,Flywire Corp,finviz_prefilter,operating_margin,,price_min;market_cap_min;avg_volume_min;revenue_growth;eps_growth;eps_next_year;operating_margin;earnings_window,False,"{'revenue_growth_yoy': 27.18, 'eps_growth_yoy': 32.39, 'eps_next_year': 69.52, 'operating_margin': 5.94}",,Finviz via finvizfinance screener views,2026-08-21T23:30:32+02:00,2026-08-04,,17,NORMAL,"{'failed_gate': 'operating_margin', 'actual_value': 5.94, 'applicable_threshold': 8.0, 'distance_to_threshold': 2.0599999999999996, 'distance_to_threshold_pct': 25.749999999999996, 'formula': 'minimo: distance = threshold - actual; pct = distance / abs(threshold) * 100'}"
FORM,FormFactor Inc,finviz_prefilter,eps_growth,,price_min;market_cap_min;avg_volume_min;revenue_growth;eps_growth;eps_next_year;operating_margin;earnings_window,False,"{'revenue_growth_yoy': 31.89, 'eps_growth_yoy': 5.0247, 'eps_next_year': 22.96, 'operating_margin': 15.06}",,Finviz via finvizfinance screener views,2026-08-21T23:30:32+02:00,2026-07-29,,23,NORMAL,"{'failed_gate': 'eps_growth', 'actual_value': 5.0247, 'applicable_threshold': 30.0, 'distance_to_threshold': 24.9753, 'distance_to_threshold_pct': 83.25099999999999, 'formula': 'minimo: distance = threshold - actual; pct = distance / abs(threshold) * 100'}"
FOX,Fox Corp,finviz_prefilter,eps_growth;eps_next_year,,price_min;market_cap_min;avg_volume_min;revenue_growth;eps_growth;eps_next_year;operating_margin;earnings_window,False,"{'revenue_growth_yoy': 28.139999999999997, 'eps_growth_yoy': 2.91, 'eps_next_year': -134.0, 'operating_margin': 20.41}",,Finviz via finvizfinance screener views,2026-08-21T23:30:32+02:00,2026-08-06,,15,PEAD_WINDOW,
FOXA,Fox Corp,finviz_prefilter,eps_growth;eps_next_year,,price_min;market_cap_min;avg_volume_min;revenue_growth;eps_growth;eps_next_year;operating_margin;earnings_window,False,"{'revenue_growth_yoy': 28.139999999999997, 'eps_growth_yoy': 2.91, 'eps_next_year': -1.59, 'operating_margin': 20.41}",,Finviz via finvizfinance screener views,2026-08-21T23:30:32+02:00,2026-08-06,,15,PEAD_WINDOW,
FROG,JFrog Ltd,finviz_prefilter,operating_margin,,price_min;market_cap_min;avg_volume_min;revenue_growth;eps_growth;eps_next_year;operating_margin;earnings_window,False,"{'revenue_growth_yoy': 28.73, 'eps_growth_yoy': 81.82000000000001, 'eps_next_year': 16.76, 'operating_margin': -12.93}",,Finviz via finvizfinance screener views,2026-08-21T23:30:32+02:00,2026-08-06,,15,PEAD_WINDOW,"{'failed_gate': 'operating_margin', 'actual_value': -12.93, 'applicable_threshold': 8.0, 'distance_to_threshold': 20.93, 'distance_to_threshold_pct': 261.625, 'formula': 'minimo: distance = threshold - actual; pct = distance / abs(threshold) * 100'}"
FRPT,Freshpet Inc,finviz_prefilter,revenue_growth;eps_growth;eps_next_year,,price_min;market_cap_min;avg_volume_min;revenue_growth;eps_growth;eps_next_year;operating_margin;earnings_window,False,"{'revenue_growth_yoy': 15.45, 'eps_growth_yoy': 19.15, 'eps_next_year': -3.7, 'operating_margin': 8.260000000000002}",,Finviz via finvizfinance screener views,2026-08-21T23:30:32+02:00,2026-08-05,,16,NORMAL,
FSLR,First Solar Inc,finviz_prefilter,revenue_growth;eps_growth,,price_min;market_cap_min;avg_volume_min;revenue_growth;eps_growth;eps_next_year;operating_margin;earnings_window,False,"{'revenue_growth_yoy': -3.73, 'eps_growth_yoy': 23.36, 'eps_next_year': 34.41, 'operating_margin': 34.98}",,Finviz via finvizfinance screener views,2026-08-21T23:30:32+02:00,2026-07-30,,22,NORMAL,
FSLY,Fastly Inc,finviz_prefilter,eps_next_year;operating_margin,,price_min;market_cap_min;avg_volume_min;revenue_growth;eps_growth;eps_next_year;operating_margin;earnings_window,False,"{'revenue_growth_yoy': 23.27, 'eps_growth_yoy': 61.59, 'eps_next_year': 11.25, 'operating_margin': -11.959999999999999}",,Finviz via finvizfinance screener views,2026-08-21T23:30:32+02:00,2026-08-05,,16,NORMAL,
FTAI,FTAI Aviation Ltd,finviz_prefilter,eps_growth,,price_min;market_cap_min;avg_volume_min;revenue_growth;eps_growth;eps_next_year;operating_margin;earnings_window,False,"{'revenue_growth_yoy': 40.79, 'eps_growth_yoy': -27.900000000000002, 'eps_next_year': 118.13, 'operating_margin': 25.119999999999997}",,Finviz via finvizfinance screener views,2026-08-21T23:30:32+02:00,2026-07-29,,23,NORMAL,"{'failed_gate': 'eps_growth', 'actual_value': -27.900000000000002, 'applicable_threshold': 20.0, 'distance_to_threshold': 47.900000000000006, 'distance_to_threshold_pct': 239.50000000000006, 'formula': 'minimo: distance = threshold - actual; pct = distance / abs(threshold) * 100'}"
FTNT,Fortinet Inc,finviz_prefilter,eps_next_year,,price_min;market_cap_min;avg_volume_min;revenue_growth;eps_growth;eps_next_year;operating_margin;earnings_window,False,"{'revenue_growth_yoy': 25.64, 'eps_growth_yoy': 43.86, 'eps_next_year': 9.42, 'operating_margin': 32.37}",,Finviz via finvizfinance screener views,2026-08-21T23:30:32+02:00,2026-07-29,,23,NORMAL,"{'failed_gate': 'eps_next_year', 'actual_value': 9.42, 'applicable_threshold': 15.0, 'distance_to_threshold': 5.58, 'distance_to_threshold_pct': 37.2, 'formula': 'minimo: distance = threshold - actual; pct = distance / abs(threshold) * 100'}"
FULT,Fulton Financial Corp,finviz_prefilter,revenue_growth;eps_growth;eps_next_year,,price_min;market_cap_min;avg_volume_min;revenue_growth;eps_growth;eps_next_year;operating_margin;earnings_window,False,"{'revenue_growth_yoy': 7.580000000000001, 'eps_growth_yoy': -1.58, 'eps_next_year': 10.09, 'operating_margin': 26.540000000000003}",,Finviz via finvizfinance screener views,2026-08-21T23:30:32+02:00,2026-07-22,,30,NORMAL,
FWONK,Liberty Media Corp,finviz_prefilter,revenue_growth;eps_growth,,price_min;market_cap_min;avg_volume_min;revenue_growth;eps_growth;eps_next_year;operating_margin;earnings_window,False,"{'revenue_growth_yoy': -30.349999999999998, 'eps_growth_yoy': -98.69, 'eps_next_year': 21.85, 'operating_margin': 12.45}",,Finviz via finvizfinance screener views,2026-08-21T23:30:32+02:00,2026-08-06,,15,PEAD_WINDOW,
GEHC,GE HealthCare Technologies Inc,finviz_prefilter,revenue_growth;eps_growth;eps_next_year,,price_min;market_cap_min;avg_volume_min;revenue_growth;eps_growth;eps_next_year;operating_margin;earnings_window,False,"{'revenue_growth_yoy': 5.75, 'eps_growth_yoy': 16.45, 'eps_next_year': 10.4, 'operating_margin': 13.73}",,Finviz via finvizfinance screener views,2026-08-21T23:30:32+02:00,2026-07-29,,23,NORMAL,
GEN,Gen Digital Inc,finviz_prefilter,revenue_growth;eps_next_year,,price_min;market_cap_min;avg_volume_min;revenue_growth;eps_growth;eps_next_year;operating_margin;earnings_window,False,"{'revenue_growth_yoy': 6.279999999999999, 'eps_growth_yoy': 64.79, 'eps_next_year': 12.82, 'operating_margin': 42.8}",,Finviz via finvizfinance screener views,2026-08-21T23:30:32+02:00,2026-08-06,,15,PEAD_WINDOW,
GFS,GlobalFoundries Inc,finviz_prefilter,revenue_growth;eps_growth,,price_min;market_cap_min;avg_volume_min;revenue_growth;eps_growth;eps_next_year;operating_margin;earnings_window,False,"{'revenue_growth_yoy': 5.81, 'eps_growth_yoy': -27.05, 'eps_next_year': 30.46, 'operating_margin': 11.59}",,Finviz via finvizfinance screener views,2026-08-21T23:30:32+02:00,2026-08-05,,16,NORMAL,
GH,Guardant Health Inc,finviz_prefilter,eps_growth;operating_margin,,price_min;market_cap_min;avg_volume_min;revenue_growth;eps_growth;eps_next_year;operating_margin;earnings_window,False,"{'revenue_growth_yoy': 44.330000000000005, 'eps_growth_yoy': -12.34, 'eps_next_year': 39.43, 'operating_margin': -39.7}",,Finviz via finvizfinance screener views,2026-08-21T23:30:32+02:00,2026-07-30,,22,NORMAL,
GILD,Gilead Sciences Inc,finviz_prefilter,revenue_growth;eps_growth,,price_min;market_cap_min;avg_volume_min;revenue_growth;eps_growth;eps_next_year;operating_margin;earnings_window,False,"{'revenue_growth_yoy': 10.73, 'eps_growth_yoy': -6.4066, 'eps_next_year': 2217.45, 'operating_margin': 39.050000000000004}",,Finviz via finvizfinance screener views,2026-08-21T23:30:32+02:00,2026-08-04,,17,NORMAL,
GLBE,Global E Online Ltd,finviz_prefilter,eps_growth,,price_min;market_cap_min;avg_volume_min;revenue_growth;eps_growth;eps_next_year;operating_margin;earnings_window,False,"{'revenue_growth_yoy': 39.15, 'eps_growth_yoy': 3.4094, 'eps_next_year': 35.24, 'operating_margin': 14.280000000000001}",,Finviz via finvizfinance screener views,2026-08-21T23:30:32+02:00,2026-08-12,,9,PEAD_WINDOW,"{'failed_gate': 'eps_growth', 'actual_value': 3.4094, 'applicable_threshold': 30.0, 'distance_to_threshold': 26.5906, 'distance_to_threshold_pct': 88.63533333333334, 'formula': 'minimo: distance = threshold - actual; pct = distance / abs(threshold) * 100'}"
GLNG,Golar Lng,finviz_prefilter,eps_next_year,,price_min;market_cap_min;avg_volume_min;revenue_growth;eps_growth;eps_next_year;operating_margin;earnings_window,False,"{'revenue_growth_yoy': 72.42, 'eps_growth_yoy': 145.13, 'eps_next_year': -56.27, 'operating_margin': 45.51}",,Finviz via finvizfinance screener views,2026-08-21T23:30:32+02:00,2026-08-13,,8,PEAD_WINDOW,"{'failed_gate': 'eps_next_year', 'actual_value': -56.27, 'applicable_threshold': 15.0, 'distance_to_threshold': 71.27000000000001, 'distance_to_threshold_pct': 475.1333333333334, 'formula': 'minimo: distance = threshold - actual; pct = distance / abs(threshold) * 100'}"
GLPI,Gaming and Leisure Properties Inc,finviz_prefilter,revenue_growth;eps_next_year,,price_min;market_cap_min;avg_volume_min;revenue_growth;eps_growth;eps_next_year;operating_margin;earnings_window,False,"{'revenue_growth_yoy': 9.030000000000001, 'eps_growth_yoy': 46.54, 'eps_next_year': 3.27, 'operating_margin': 82.62}",,Finviz via finvizfinance screener views,2026-08-21T23:30:32+02:00,2026-07-30,,22,NORMAL,
GLXY,Galaxy Digital Inc,finviz_prefilter,revenue_growth;eps_growth;operating_margin,,price_min;market_cap_min;avg_volume_min;revenue_growth;eps_growth;eps_next_year;operating_margin;earnings_window,False,"{'revenue_growth_yoy': -5.43, 'eps_growth_yoy': -1.9171, 'eps_next_year': 76.09, 'operating_margin': 0.62}",,Finviz via finvizfinance screener views,2026-08-21T23:30:32+02:00,2026-08-05,,16,NORMAL,
GNTX,Gentex Corp,finviz_prefilter,revenue_growth;eps_growth;eps_next_year,,price_min;market_cap_min;avg_volume_min;revenue_growth;eps_growth;eps_next_year;operating_margin;earnings_window,False,"{'revenue_growth_yoy': -1.0, 'eps_growth_yoy': 25.53, 'eps_next_year': 5.89, 'operating_margin': 19.55}",,Finviz via finvizfinance screener views,2026-08-21T23:30:32+02:00,2026-07-24,,28,NORMAL,
GOOG,Alphabet Inc,finviz_prefilter,eps_growth;eps_next_year,,price_min;market_cap_min;avg_volume_min;revenue_growth;eps_growth;eps_next_year;operating_margin;earnings_window,False,"{'revenue_growth_yoy': 23.98, 'eps_growth_yoy': 2.9402, 'eps_next_year': -26.72, 'operating_margin': 33.96}",,Finviz via finvizfinance screener views,2026-08-21T23:30:32+02:00,2026-07-22,,30,NORMAL,
GOOGL,Alphabet Inc,finviz_prefilter,eps_growth;eps_next_year,,price_min;market_cap_min;avg_volume_min;revenue_growth;eps_growth;eps_next_year;operating_margin;earnings_window,False,"{'revenue_growth_yoy': 23.98, 'eps_growth_yoy': 2.9402, 'eps_next_year': -26.67, 'operating_margin': 33.96}",,Finviz via finvizfinance screener views,2026-08-21T23:30:32+02:00,2026-07-22,,30,NORMAL,
GSAT,Globalstar Inc,finviz_prefilter,revenue_growth;eps_growth;operating_margin,,price_min;market_cap_min;avg_volume_min;revenue_growth;eps_growth;eps_next_year;operating_margin;earnings_window,False,"{'revenue_growth_yoy': -3.54, 'eps_growth_yoy': -2.7438, 'eps_next_year': 66.97, 'operating_margin': 4.79}",,Finviz via finvizfinance screener views,2026-08-21T23:30:32+02:00,2026-08-06,,15,PEAD_WINDOW,
GTLB,Gitlab Inc,finviz_prefilter,operating_margin,,price_min;market_cap_min;avg_volume_min;revenue_growth;eps_growth;eps_next_year;operating_margin;earnings_window,False,"{'revenue_growth_yoy': 23.150000000000002, 'eps_growth_yoy': 86.57000000000001, 'eps_next_year': 25.2, 'operating_margin': -4.4799999999999995}",,Finviz via finvizfinance screener views,2026-08-21T23:30:32+02:00,2026-09-01,11,,NORMAL,"{'failed_gate': 'operating_margin', 'actual_value': -4.4799999999999995, 'applicable_threshold': 8.0, 'distance_to_threshold': 12.48, 'distance_to_threshold_pct': 156.0, 'formula': 'minimo: distance = threshold - actual; pct = distance / abs(threshold) * 100'}"
GTX,Garrett Motion Inc,finviz_prefilter,revenue_growth;eps_growth;eps_next_year,,price_min;market_cap_min;avg_volume_min;revenue_growth;eps_growth;eps_next_year;operating_margin;earnings_window,False,"{'revenue_growth_yoy': 6.9, 'eps_growth_yoy': 25.009999999999998, 'eps_next_year': 13.54, 'operating_margin': 14.81}",,Finviz via finvizfinance screener views,2026-08-21T23:30:32+02:00,2026-07-29,,23,NORMAL,
HAS,Hasbro Inc,finviz_prefilter,revenue_growth;eps_next_year,,price_min;market_cap_min;avg_volume_min;revenue_growth;eps_growth;eps_next_year;operating_margin;earnings_window,False,"{'revenue_growth_yoy': 16.189999999999998, 'eps_growth_yoy': 118.42999999999999, 'eps_next_year': 5.86, 'operating_margin': 28.13}",,Finviz via finvizfinance screener views,2026-08-21T23:30:32+02:00,2026-07-21,,31,NORMAL,
HBAN,Huntington Bancshares Inc,finviz_prefilter,eps_growth,,price_min;market_cap_min;avg_volume_min;revenue_growth;eps_growth;eps_next_year;operating_margin;earnings_window,False,"{'revenue_growth_yoy': 38.019999999999996, 'eps_growth_yoy': -2.56, 'eps_next_year': 35.57, 'operating_margin': 20.51}",,Finviz via finvizfinance screener views,2026-08-21T23:30:32+02:00,2026-07-23,,29,NORMAL,"{'failed_gate': 'eps_growth', 'actual_value': -2.56, 'applicable_threshold': 30.0, 'distance_to_threshold': 32.56, 'distance_to_threshold_pct': 108.53333333333335, 'formula': 'minimo: distance = threshold - actual; pct = distance / abs(threshold) * 100'}"
HLNE,Hamilton Lane Inc,finviz_prefilter,eps_next_year,,price_min;market_cap_min;avg_volume_min;revenue_growth;eps_growth;eps_next_year;operating_margin;earnings_window,False,"{'revenue_growth_yoy': 56.48, 'eps_growth_yoy': 50.480000000000004, 'eps_next_year': 2.87, 'operating_margin': 54.620000000000005}",,Finviz via finvizfinance screener views,2026-08-21T23:30:32+02:00,2026-08-04,,17,NORMAL,"{'failed_gate': 'eps_next_year', 'actual_value': 2.87, 'applicable_threshold': 15.0, 'distance_to_threshold': 12.129999999999999, 'distance_to_threshold_pct': 80.86666666666666, 'formula': 'minimo: distance = threshold - actual; pct = distance / abs(threshold) * 100'}"
HON,Honeywell International Inc,finviz_prefilter,revenue_growth;eps_growth,,price_min;market_cap_min;avg_volume_min;revenue_growth;eps_growth;eps_next_year;operating_margin;earnings_window,False,"{'revenue_growth_yoy': -6.12, 'eps_growth_yoy': 2.6401, 'eps_next_year': 20.08, 'operating_margin': 19.17}",,Finviz via finvizfinance screener views,2026-08-21T23:30:32+02:00,2026-07-23,,29,NORMAL,
HQY,Healthequity Inc,finviz_prefilter,revenue_growth;earnings_window,,price_min;market_cap_min;avg_volume_min;revenue_growth;eps_growth;eps_next_year;operating_margin;earnings_window,False,"{'revenue_growth_yoy': 7.13, 'eps_growth_yoy': 33.910000000000004, 'eps_next_year': 15.42, 'operating_margin': 25.95}",,Finviz via finvizfinance screener views,2026-08-21T23:30:32+02:00,2026-08-27,6,,PRE_EARNINGS_BLACKOUT,
HRMY,Harmony Biosciences Holdings Inc,finviz_prefilter,eps_next_year,,price_min;market_cap_min;avg_volume_min;revenue_growth;eps_growth;eps_next_year;operating_margin;earnings_window,False,"{'revenue_growth_yoy': 30.320000000000004, 'eps_growth_yoy': 88.57000000000001, 'eps_next_year': 8.56, 'operating_margin': 24.03}",,Finviz via finvizfinance screener views,2026-08-21T23:30:32+02:00,2026-08-04,,17,NORMAL,"{'failed_gate': 'eps_next_year', 'actual_value': 8.56, 'applicable_threshold': 15.0, 'distance_to_threshold': 6.4399999999999995, 'distance_to_threshold_pct': 42.93333333333333, 'formula': 'minimo: distance = threshold - actual; pct = distance / abs(threshold) * 100'}"
HSIC,Henry Schein Inc,finviz_prefilter,revenue_growth;eps_growth;eps_next_year;operating_margin,,price_min;market_cap_min;avg_volume_min;revenue_growth;eps_growth;eps_next_year;operating_margin;earnings_window,False,"{'revenue_growth_yoy': 6.7299999999999995, 'eps_growth_yoy': 17.18, 'eps_next_year': 11.63, 'operating_margin': 5.9799999999999995}",,Finviz via finvizfinance screener views,2026-08-21T23:30:32+02:00,2026-08-04,,17,NORMAL,
HST,Host Hotels & Resorts Inc,finviz_prefilter,revenue_growth;eps_growth;eps_next_year,,price_min;market_cap_min;avg_volume_min;revenue_growth;eps_growth;eps_next_year;operating_margin;earnings_window,False,"{'revenue_growth_yoy': 3.4000000000000004, 'eps_growth_yoy': 8.32, 'eps_next_year': -22.78, 'operating_margin': 14.360000000000001}",,Finviz via finvizfinance screener views,2026-08-21T23:30:32+02:00,2026-08-05,,16,NORMAL,
HTFL,Heartflow Inc,finviz_prefilter,eps_growth;operating_margin,,price_min;market_cap_min;avg_volume_min;revenue_growth;eps_growth;eps_next_year;operating_margin;earnings_window,False,"{'revenue_growth_yoy': 47.57, 'eps_growth_yoy': -65.19, 'eps_next_year': 36.94, 'operating_margin': -34.31}",,Finviz via finvizfinance screener views,2026-08-21T23:30:32+02:00,2026-08-13,,8,PEAD_WINDOW,
HUBG,Hub Group Inc,finviz_prefilter,revenue_growth;eps_growth;operating_margin,,price_min;market_cap_min;avg_volume_min;revenue_growth;eps_growth;eps_next_year;operating_margin;earnings_window,False,"{'revenue_growth_yoy': -5.3100000000000005, 'eps_growth_yoy': 22.21, 'eps_next_year': 45.99, 'operating_margin': 3.81}",,Finviz via finvizfinance screener views,2026-08-21T23:30:32+02:00,2026-04-23,,120,NORMAL,
HUT,Hut 8 Corp,finviz_prefilter,eps_growth;operating_margin,,price_min;market_cap_min;avg_volume_min;revenue_growth;eps_growth;eps_next_year;operating_margin;earnings_window,False,"{'revenue_growth_yoy': 81.44, 'eps_growth_yoy': -2.0787, 'eps_next_year': 23.97, 'operating_margin': -54.09}",,Finviz via finvizfinance screener views,2026-08-21T23:30:32+02:00,2026-08-04,,17,NORMAL,
HWC,Hancock Whitney Corp,finviz_prefilter,revenue_growth;eps_growth;eps_next_year,,price_min;market_cap_min;avg_volume_min;revenue_growth;eps_growth;eps_next_year;operating_margin;earnings_window,False,"{'revenue_growth_yoy': 4.44, 'eps_growth_yoy': 18.14, 'eps_next_year': 12.25, 'operating_margin': 27.36}",,Finviz via finvizfinance screener views,2026-08-21T23:30:32+02:00,2026-07-21,,31,NORMAL,
ICHR,Ichor Holdings Ltd,finviz_prefilter,operating_margin,,price_min;market_cap_min;avg_volume_min;revenue_growth;eps_growth;eps_next_year;operating_margin;earnings_window,False,"{'revenue_growth_yoy': 22.68, 'eps_growth_yoy': 109.99000000000001, 'eps_next_year': 108.2, 'operating_margin': 1.06}",,Finviz via finvizfinance screener views,2026-08-21T23:30:32+02:00,2026-08-03,,18,NORMAL,"{'failed_gate': 'operating_margin', 'actual_value': 1.06, 'applicable_threshold': 8.0, 'distance_to_threshold': 6.9399999999999995, 'distance_to_threshold_pct': 86.75, 'formula': 'minimo: distance = threshold - actual; pct = distance / abs(threshold) * 100'}"
ICLR,Icon Plc,finviz_prefilter,revenue_growth;eps_growth;eps_next_year,,price_min;market_cap_min;avg_volume_min;revenue_growth;eps_growth;eps_next_year;operating_margin;earnings_window,False,"{'revenue_growth_yoy': 1.2, 'eps_growth_yoy': -63.33, 'eps_next_year': 12.66, 'operating_margin': 10.14}",,Finviz via finvizfinance screener views,2026-08-21T23:30:32+02:00,2026-07-29,,23,NORMAL,
IDYA,Ideaya Biosciences Inc,finviz_prefilter,eps_next_year;operating_margin,revenue_growth;eps_growth,price_min;market_cap_min;avg_volume_min;eps_next_year;operating_margin;earnings_window,False,"{'revenue_growth_yoy': None, 'eps_growth_yoy': -39.46, 'eps_next_year': 10.0, 'operating_margin': -92.66}",,Finviz via finvizfinance screener views,2026-08-21T23:30:32+02:00,2026-08-04,,17,NORMAL,
ILMN,Illumina Inc,finviz_prefilter,revenue_growth;eps_growth;eps_next_year,,price_min;market_cap_min;avg_volume_min;revenue_growth;eps_growth;eps_next_year;operating_margin;earnings_window,False,"{'revenue_growth_yoy': 9.84, 'eps_growth_yoy': -9.610000000000001, 'eps_next_year': 13.53, 'operating_margin': 19.869999999999997}",,Finviz via finvizfinance screener views,2026-08-21T23:30:32+02:00,2026-07-30,,22,NORMAL,
IMNM,Immunome Inc,finviz_prefilter,revenue_growth;eps_growth;eps_next_year,operating_margin,price_min;market_cap_min;avg_volume_min;revenue_growth;eps_growth;eps_next_year;earnings_window,False,"{'revenue_growth_yoy': -100.0, 'eps_growth_yoy': -29.43, 'eps_next_year': -6.21, 'operating_margin': None}",,Finviz via finvizfinance screener views,2026-08-21T23:30:32+02:00,2026-08-11,,10,PEAD_WINDOW,
INDV,Indivior Pharmaceuticals Inc,finviz_prefilter,revenue_growth;eps_growth;eps_next_year,,price_min;market_cap_min;avg_volume_min;revenue_growth;eps_growth;eps_next_year;operating_margin;earnings_window,False,"{'revenue_growth_yoy': 13.58, 'eps_growth_yoy': 5.8852, 'eps_next_year': 9.44, 'operating_margin': 39.94}",,Finviz via finvizfinance screener views,2026-08-21T23:30:32+02:00,2026-08-03,,18,NORMAL,
INSM,Insmed Inc,finviz_prefilter,revenue_growth;operating_margin,,price_min;market_cap_min;avg_volume_min;revenue_growth;eps_growth;eps_next_year;operating_margin;earnings_window,False,"{'revenue_growth_yoy': 2.9611, 'eps_growth_yoy': 96.41999999999999, 'eps_next_year': 156.28, 'operating_margin': -71.43}",,Finviz via finvizfinance screener views,2026-08-21T23:30:32+02:00,2026-08-06,,15,PEAD_WINDOW,
INTA,Intapp Inc,finviz_prefilter,revenue_growth;eps_growth;operating_margin,,price_min;market_cap_min;avg_volume_min;revenue_growth;eps_growth;eps_next_year;operating_margin;earnings_window,False,"{'revenue_growth_yoy': 12.950000000000001, 'eps_growth_yoy': -10.0923, 'eps_next_year': 22.3, 'operating_margin': -6.0600000000000005}",,Finviz via finvizfinance screener views,2026-08-21T23:30:32+02:00,2026-08-04,,17,NORMAL,
INTC,Intel Corp,finviz_prefilter,eps_growth,,price_min;market_cap_min;avg_volume_min;revenue_growth;eps_growth;eps_next_year;operating_margin;earnings_window,False,"{'revenue_growth_yoy': 25.419999999999998, 'eps_growth_yoy': -2.2364, 'eps_next_year': 38.08, 'operating_margin': 8.03}",,Finviz via finvizfinance screener views,2026-08-21T23:30:32+02:00,2026-07-23,,29,NORMAL,"{'failed_gate': 'eps_growth', 'actual_value': -2.2364, 'applicable_threshold': 30.0, 'distance_to_threshold': 32.2364, 'distance_to_threshold_pct': 107.45466666666668, 'formula': 'minimo: distance = threshold - actual; pct = distance / abs(threshold) * 100'}"
INTU,Intuit Inc,finviz_prefilter,revenue_growth;eps_growth;eps_next_year;earnings_window,,price_min;market_cap_min;avg_volume_min;revenue_growth;eps_growth;eps_next_year;operating_margin;earnings_window,False,"{'revenue_growth_yoy': 10.37, 'eps_growth_yoy': 11.01, 'eps_next_year': 14.71, 'operating_margin': 27.47}",,Finviz via finvizfinance screener views,2026-08-21T23:30:32+02:00,2026-08-25,4,,PRE_EARNINGS_BLACKOUT,
IONS,Ionis Pharmaceuticals Inc,finviz_prefilter,revenue_growth;eps_growth;operating_margin,,price_min;market_cap_min;avg_volume_min;revenue_growth;eps_growth;eps_next_year;operating_margin;earnings_window,False,"{'revenue_growth_yoy': -40.73, 'eps_growth_yoy': -2.0229, 'eps_next_year': 47.16, 'operating_margin': -68.08999999999999}",,Finviz via finvizfinance screener views,2026-08-21T23:30:32+02:00,2026-07-29,,23,NORMAL,
IRDM,Iridium Communications Inc,finviz_prefilter,revenue_growth;eps_growth,,price_min;market_cap_min;avg_volume_min;revenue_growth;eps_growth;eps_next_year;operating_margin;earnings_window,False,"{'revenue_growth_yoy': 3.84, 'eps_growth_yoy': -56.08, 'eps_next_year': 41.72, 'operating_margin': 23.76}",,Finviz via finvizfinance screener views,2026-08-21T23:30:32+02:00,2026-07-22,,30,NORMAL,
IREN,IREN Ltd,finviz_prefilter,revenue_growth;eps_growth;operating_margin;earnings_window,,price_min;market_cap_min;avg_volume_min;revenue_growth;eps_growth;eps_next_year;operating_margin;earnings_window,False,"{'revenue_growth_yoy': 2.3, 'eps_growth_yoy': -8.0255, 'eps_next_year': 34.31, 'operating_margin': -29.82}",,Finviz via finvizfinance screener views,2026-08-21T23:30:32+02:00,2026-08-27,6,,PRE_EARNINGS_BLACKOUT,
ISRG,Intuitive Surgical Inc,finviz_prefilter,revenue_growth;eps_growth;eps_next_year,,price_min;market_cap_min;avg_volume_min;revenue_growth;eps_growth;eps_next_year;operating_margin;earnings_window,False,"{'revenue_growth_yoy': 18.54, 'eps_growth_yoy': 26.619999999999997, 'eps_next_year': 11.87, 'operating_margin': 31.28}",,Finviz via finvizfinance screener views,2026-08-21T23:30:32+02:00,2026-07-16,,36,NORMAL,
ITRI,Itron Inc,finviz_prefilter,revenue_growth;eps_growth;eps_next_year,,price_min;market_cap_min;avg_volume_min;revenue_growth;eps_growth;eps_next_year;operating_margin;earnings_window,False,"{'revenue_growth_yoy': -7.23, 'eps_growth_yoy': -18.95, 'eps_next_year': 7.18, 'operating_margin': 13.87}",,Finviz via finvizfinance screener views,2026-08-21T23:30:32+02:00,2026-07-28,,24,NORMAL,
JAZZ,Jazz Pharmaceuticals plc,finviz_prefilter,revenue_growth;eps_next_year,,price_min;market_cap_min;avg_volume_min;revenue_growth;eps_growth;eps_next_year;operating_margin;earnings_window,False,"{'revenue_growth_yoy': 15.55, 'eps_growth_yoy': 123.66, 'eps_next_year': 3.38, 'operating_margin': 20.76}",,Finviz via finvizfinance screener views,2026-08-21T23:30:32+02:00,2026-08-03,,18,NORMAL,
JBHT,J.B. Hunt Transport Services Inc,finviz_prefilter,revenue_growth;operating_margin,,price_min;market_cap_min;avg_volume_min;revenue_growth;eps_growth;eps_next_year;operating_margin;earnings_window,False,"{'revenue_growth_yoy': 19.37, 'eps_growth_yoy': 45.25, 'eps_next_year': 29.59, 'operating_margin': 7.59}",,Finviz via finvizfinance screener views,2026-08-21T23:30:32+02:00,2026-07-15,,37,NORMAL,
JKHY,Jack Henry & Associates Inc,finviz_prefilter,revenue_growth;eps_growth;eps_next_year,,price_min;market_cap_min;avg_volume_min;revenue_growth;eps_growth;eps_next_year;operating_margin;earnings_window,False,"{'revenue_growth_yoy': 2.88, 'eps_growth_yoy': -10.209999999999999, 'eps_next_year': 9.08, 'operating_margin': 24.91}",,Finviz via finvizfinance screener views,2026-08-21T23:30:32+02:00,2026-08-18,,3,PEAD_WINDOW,
KDP,Keurig Dr Pepper Inc,finviz_prefilter,eps_growth;eps_next_year,,price_min;market_cap_min;avg_volume_min;revenue_growth;eps_growth;eps_next_year;operating_margin;earnings_window,False,"{'revenue_growth_yoy': 75.57000000000001, 'eps_growth_yoy': -89.03999999999999, 'eps_next_year': 10.48, 'operating_margin': 16.950000000000003}",,Finviz via finvizfinance screener views,2026-08-21T23:30:32+02:00,2026-08-06,,15,PEAD_WINDOW,
KHC,Kraft Heinz Co,finviz_prefilter,revenue_growth,,price_min;market_cap_min;avg_volume_min;revenue_growth;eps_growth;eps_next_year;operating_margin;earnings_window,False,"{'revenue_growth_yoy': -1.4200000000000002, 'eps_growth_yoy': 30.270000000000003, 'eps_next_year': 82.0, 'operating_margin': 17.119999999999997}",,Finviz via finvizfinance screener views,2026-08-21T23:30:32+02:00,2026-08-05,,16,NORMAL,"{'failed_gate': 'revenue_growth', 'actual_value': -1.4200000000000002, 'applicable_threshold': 20.0, 'distance_to_threshold': 21.42, 'distance_to_threshold_pct': 107.10000000000002, 'formula': 'minimo: distance = threshold - actual; pct = distance / abs(threshold) * 100'}"
KLAC,KLA Corp,finviz_prefilter,revenue_growth;eps_growth,,price_min;market_cap_min;avg_volume_min;revenue_growth;eps_growth;eps_next_year;operating_margin;earnings_window,False,"{'revenue_growth_yoy': 15.18, 'eps_growth_yoy': 14.39, 'eps_next_year': 21.46, 'operating_margin': 41.68}",,Finviz via finvizfinance screener views,2026-08-21T23:30:32+02:00,2026-07-28,,24,NORMAL,
KLIC,Kulicke & Soffa Industries Inc,finviz_prefilter,eps_growth,,price_min;market_cap_min;avg_volume_min;revenue_growth;eps_growth;eps_next_year;operating_margin;earnings_window,False,"{'revenue_growth_yoy': 122.63, 'eps_growth_yoy': 18.2212, 'eps_next_year': 52.8, 'operating_margin': 13.059999999999999}",,Finviz via finvizfinance screener views,2026-08-21T23:30:32+02:00,2026-08-05,,16,NORMAL,"{'failed_gate': 'eps_growth', 'actual_value': 18.2212, 'applicable_threshold': 20.0, 'distance_to_threshold': 1.7788000000000004, 'distance_to_threshold_pct': 8.894000000000002, 'formula': 'minimo: distance = threshold - actual; pct = distance / abs(threshold) * 100'}"
KMB,Kimberly-Clark Corp,finviz_prefilter,revenue_growth;eps_growth;eps_next_year,,price_min;market_cap_min;avg_volume_min;revenue_growth;eps_growth;eps_next_year;operating_margin;earnings_window,False,"{'revenue_growth_yoy': 0.62, 'eps_growth_yoy': -32.22, 'eps_next_year': -8.0, 'operating_margin': 14.24}",,Finviz via finvizfinance screener views,2026-08-21T23:30:32+02:00,2026-08-04,,17,NORMAL,
KTOS,Kratos Defense & Security Solutions Inc,finviz_prefilter,eps_growth;operating_margin,,price_min;market_cap_min;avg_volume_min;revenue_growth;eps_growth;eps_next_year;operating_margin;earnings_window,False,"{'revenue_growth_yoy': 30.53, 'eps_growth_yoy': 26.090000000000003, 'eps_next_year': 34.45, 'operating_margin': 1.6}",,Finviz via finvizfinance screener views,2026-08-21T23:30:32+02:00,2026-08-04,,17,NORMAL,
KYMR,Kymera Therapeutics Inc,finviz_prefilter,revenue_growth;eps_next_year;operating_margin,,price_min;market_cap_min;avg_volume_min;revenue_growth;eps_growth;eps_next_year;operating_margin;earnings_window,False,"{'revenue_growth_yoy': 4.664, 'eps_growth_yoy': 34.53, 'eps_next_year': -30.68, 'operating_margin': -3.2983}",,Finviz via finvizfinance screener views,2026-08-21T23:30:32+02:00,2026-08-05,,16,NORMAL,
LASR,nLIGHT Inc,finviz_prefilter,operating_margin,,price_min;market_cap_min;avg_volume_min;revenue_growth;eps_growth;eps_next_year;operating_margin;earnings_window,False,"{'revenue_growth_yoy': 33.78, 'eps_growth_yoy': 67.54, 'eps_next_year': 27.13, 'operating_margin': -4.62}",,Finviz via finvizfinance screener views,2026-08-21T23:30:32+02:00,2026-08-06,,15,PEAD_WINDOW,"{'failed_gate': 'operating_margin', 'actual_value': -4.62, 'applicable_threshold': 8.0, 'distance_to_threshold': 12.620000000000001, 'distance_to_threshold_pct': 157.75, 'formula': 'minimo: distance = threshold - actual; pct = distance / abs(threshold) * 100'}"
LAUR,Laureate Education Inc,finviz_prefilter,revenue_growth;eps_next_year,,price_min;market_cap_min;avg_volume_min;revenue_growth;eps_growth;eps_next_year;operating_margin;earnings_window,False,"{'revenue_growth_yoy': 17.5, 'eps_growth_yoy': 51.23, 'eps_next_year': 14.88, 'operating_margin': 24.42}",,Finviz via finvizfinance screener views,2026-08-21T23:30:32+02:00,2026-07-30,,22,NORMAL,
LBRDK,Liberty Broadband Corp,finviz_prefilter,revenue_growth;eps_growth,operating_margin,price_min;market_cap_min;avg_volume_min;revenue_growth;eps_growth;eps_next_year;earnings_window,False,"{'revenue_growth_yoy': -100.0, 'eps_growth_yoy': -6.5483, 'eps_next_year': None, 'operating_margin': None}",,Finviz via finvizfinance screener views,2026-08-21T23:30:32+02:00,2026-08-06,,15,PEAD_WINDOW,
LGN,Legence Corp,finviz_prefilter,eps_growth;operating_margin,,price_min;market_cap_min;avg_volume_min;revenue_growth;eps_growth;eps_next_year;operating_margin;earnings_window,False,"{'revenue_growth_yoy': 110.74, 'eps_growth_yoy': -3.0644, 'eps_next_year': 108.58, 'operating_margin': 3.04}",,Finviz via finvizfinance screener views,2026-08-21T23:30:32+02:00,2026-08-13,,8,PEAD_WINDOW,
LIF,Life360 Inc,finviz_prefilter,eps_growth;operating_margin,,price_min;market_cap_min;avg_volume_min;revenue_growth;eps_growth;eps_next_year;operating_margin;earnings_window,False,"{'revenue_growth_yoy': 37.769999999999996, 'eps_growth_yoy': -28.71, 'eps_next_year': 45.24, 'operating_margin': 1.1400000000000001}",,Finviz via finvizfinance screener views,2026-08-21T23:30:32+02:00,2026-08-10,,11,PEAD_WINDOW,
LIFE,Ethos Technologies Inc,finviz_prefilter,eps_growth;operating_margin,,price_min;market_cap_min;avg_volume_min;revenue_growth;eps_growth;eps_next_year;operating_margin;earnings_window,False,"{'revenue_growth_yoy': 113.35, 'eps_growth_yoy': 4.25, 'eps_next_year': 145.66, 'operating_margin': -17.669999999999998}",,Finviz via finvizfinance screener views,2026-08-21T23:30:32+02:00,2026-08-03,,18,NORMAL,
LIN,Linde Plc,finviz_prefilter,revenue_growth;eps_growth;eps_next_year,,price_min;market_cap_min;avg_volume_min;revenue_growth;eps_growth;eps_next_year;operating_margin;earnings_window,False,"{'revenue_growth_yoy': 9.35, 'eps_growth_yoy': 11.3, 'eps_next_year': 9.53, 'operating_margin': 27.1}",,Finviz via finvizfinance screener views,2026-08-21T23:30:32+02:00,2026-07-31,,21,NORMAL,
LIND,Lindblad Expeditions Holdings Inc,finviz_prefilter,revenue_growth;operating_margin,,price_min;market_cap_min;avg_volume_min;revenue_growth;eps_growth;eps_next_year;operating_margin;earnings_window,False,"{'revenue_growth_yoy': 18.64, 'eps_growth_yoy': 87.94999999999999, 'eps_next_year': 176.35, 'operating_margin': 6.99}",,Finviz via finvizfinance screener views,2026-08-21T23:30:32+02:00,2026-08-03,,18,NORMAL,
LINE,Lineage Inc,finviz_prefilter,revenue_growth;eps_growth;operating_margin,,price_min;market_cap_min;avg_volume_min;revenue_growth;eps_growth;eps_next_year;operating_margin;earnings_window,False,"{'revenue_growth_yoy': 0.8099999999999999, 'eps_growth_yoy': -3.855, 'eps_next_year': 25.6, 'operating_margin': 4.32}",,Finviz via finvizfinance screener views,2026-08-21T23:30:32+02:00,2026-08-05,,16,NORMAL,
LITE,Lumentum Holdings Inc,finviz_prefilter,eps_growth,,price_min;market_cap_min;avg_volume_min;revenue_growth;eps_growth;eps_next_year;operating_margin;earnings_window,False,"{'revenue_growth_yoy': 109.33999999999999, 'eps_growth_yoy': -29.5751, 'eps_next_year': 55.33, 'operating_margin': 17.89}",,Finviz via finvizfinance screener views,2026-08-21T23:30:32+02:00,2026-08-11,,10,PEAD_WINDOW,"{'failed_gate': 'eps_growth', 'actual_value': -29.5751, 'applicable_threshold': 20.0, 'distance_to_threshold': 49.5751, 'distance_to_threshold_pct': 247.87550000000002, 'formula': 'minimo: distance = threshold - actual; pct = distance / abs(threshold) * 100'}"
LKQ,LKQ Corp,finviz_prefilter,revenue_growth;eps_growth;operating_margin,,price_min;market_cap_min;avg_volume_min;revenue_growth;eps_growth;eps_next_year;operating_margin;earnings_window,False,"{'revenue_growth_yoy': -6.43, 'eps_growth_yoy': -27.63, 'eps_next_year': 15.2, 'operating_margin': 7.24}",,Finviz via finvizfinance screener views,2026-08-21T23:30:32+02:00,2026-07-30,,22,NORMAL,
LNT,Alliant Energy Corp,finviz_prefilter,revenue_growth;eps_growth;eps_next_year,,price_min;market_cap_min;avg_volume_min;revenue_growth;eps_growth;eps_next_year;operating_margin;earnings_window,False,"{'revenue_growth_yoy': 1.04, 'eps_growth_yoy': -3.64, 'eps_next_year': 7.49, 'operating_margin': 22.1}",,Finviz via finvizfinance screener views,2026-08-21T23:30:32+02:00,2026-07-30,,22,NORMAL,
LNTH,Lantheus Holdings Inc,finviz_prefilter,revenue_growth;eps_growth,,price_min;market_cap_min;avg_volume_min;revenue_growth;eps_growth;eps_next_year;operating_margin;earnings_window,False,"{'revenue_growth_yoy': 2.68, 'eps_growth_yoy': -0.79, 'eps_next_year': 18.12, 'operating_margin': 19.45}",,Finviz via finvizfinance screener views,2026-08-21T23:30:32+02:00,2026-08-06,,15,PEAD_WINDOW,
LOGI,Logitech International SA,finviz_prefilter,revenue_growth;eps_next_year,,price_min;market_cap_min;avg_volume_min;revenue_growth;eps_growth;eps_next_year;operating_margin;earnings_window,False,"{'revenue_growth_yoy': 6.93, 'eps_growth_yoy': 65.89, 'eps_next_year': 7.7, 'operating_margin': 18.14}",,Finviz via finvizfinance screener views,2026-08-21T23:30:32+02:00,2026-07-28,,24,NORMAL,
LQDA,Liquidia Corp,finviz_prefilter,revenue_growth;eps_growth,,price_min;market_cap_min;avg_volume_min;revenue_growth;eps_growth;eps_next_year;operating_margin;earnings_window,False,"{'revenue_growth_yoy': 18.4273, 'eps_growth_yoy': 2.5169, 'eps_next_year': 81.46, 'operating_margin': 37.39}",,Finviz via finvizfinance screener views,2026-08-21T23:30:32+02:00,2026-08-12,,9,PEAD_WINDOW,
LSCC,Lattice Semiconductor Corp,finviz_prefilter,eps_growth,,price_min;market_cap_min;avg_volume_min;revenue_growth;eps_growth;eps_next_year;operating_margin;earnings_window,False,"{'revenue_growth_yoy': 62.2, 'eps_growth_yoy': 5.5094, 'eps_next_year': 50.72, 'operating_margin': 8.469999999999999}",,Finviz via finvizfinance screener views,2026-08-21T23:30:32+02:00,2026-08-04,,17,NORMAL,"{'failed_gate': 'eps_growth', 'actual_value': 5.5094, 'applicable_threshold': 20.0, 'distance_to_threshold': 14.4906, 'distance_to_threshold_pct': 72.453, 'formula': 'minimo: distance = threshold - actual; pct = distance / abs(threshold) * 100'}"
LULU,Lululemon Athletica Inc,finviz_prefilter,revenue_growth;eps_growth;eps_next_year,,price_min;market_cap_min;avg_volume_min;revenue_growth;eps_growth;eps_next_year;operating_margin;earnings_window,False,"{'revenue_growth_yoy': 4.26, 'eps_growth_yoy': -35.120000000000005, 'eps_next_year': 3.27, 'operating_margin': 18.47}",,Finviz via finvizfinance screener views,2026-08-21T23:30:32+02:00,2026-06-04,,78,NORMAL,
LUNR,Intuitive Machines Inc,finviz_prefilter,revenue_growth;eps_growth;operating_margin,,price_min;market_cap_min;avg_volume_min;revenue_growth;eps_growth;eps_next_year;operating_margin;earnings_window,False,"{'revenue_growth_yoy': 3.0977, 'eps_growth_yoy': -33.239999999999995, 'eps_next_year': 69.21, 'operating_margin': -19.62}",,Finviz via finvizfinance screener views,2026-08-21T23:30:32+02:00,2026-08-13,,8,PEAD_WINDOW,
LYFT,Lyft Inc,finviz_prefilter,revenue_growth;operating_margin,,price_min;market_cap_min;avg_volume_min;revenue_growth;eps_growth;eps_next_year;operating_margin;earnings_window,False,"{'revenue_growth_yoy': 16.08, 'eps_growth_yoy': 36.620000000000005, 'eps_next_year': 76.63, 'operating_margin': -1.67}",,Finviz via finvizfinance screener views,2026-08-21T23:30:32+02:00,2026-08-06,,15,PEAD_WINDOW,
MANH,Manhattan Associates Inc,finviz_prefilter,revenue_growth;eps_growth;eps_next_year,,price_min;market_cap_min;avg_volume_min;revenue_growth;eps_growth;eps_next_year;operating_margin;earnings_window,False,"{'revenue_growth_yoy': 9.31, 'eps_growth_yoy': -8.200000000000001, 'eps_next_year': 11.5, 'operating_margin': 25.06}",,Finviz via finvizfinance screener views,2026-08-21T23:30:32+02:00,2026-07-28,,24,NORMAL,
MAR,Marriott International Inc,finviz_prefilter,revenue_growth;eps_growth;eps_next_year,,price_min;market_cap_min;avg_volume_min;revenue_growth;eps_growth;eps_next_year;operating_margin;earnings_window,False,"{'revenue_growth_yoy': 4.8500000000000005, 'eps_growth_yoy': 4.26, 'eps_next_year': 11.97, 'operating_margin': 15.73}",,Finviz via finvizfinance screener views,2026-08-21T23:30:32+02:00,2026-08-03,,18,NORMAL,
MCHP,Microchip Technology Inc,finviz_prefilter,eps_growth,,price_min;market_cap_min;avg_volume_min;revenue_growth;eps_growth;eps_next_year;operating_margin;earnings_window,False,"{'revenue_growth_yoy': 38.05, 'eps_growth_yoy': 5.2663, 'eps_next_year': 25.62, 'operating_margin': 16.23}",,Finviz via finvizfinance screener views,2026-08-21T23:30:32+02:00,2026-08-06,,15,PEAD_WINDOW,"{'failed_gate': 'eps_growth', 'actual_value': 5.2663, 'applicable_threshold': 30.0, 'distance_to_threshold': 24.7337, 'distance_to_threshold_pct': 82.44566666666667, 'formula': 'minimo: distance = threshold - actual; pct = distance / abs(threshold) * 100'}"
MDB,MongoDB Inc,finviz_prefilter,operating_margin,,price_min;market_cap_min;avg_volume_min;revenue_growth;eps_growth;eps_next_year;operating_margin;earnings_window,False,"{'revenue_growth_yoy': 25.25, 'eps_growth_yoy': 111.72, 'eps_next_year': 19.63, 'operating_margin': -4.18}",,Finviz via finvizfinance screener views,2026-08-21T23:30:32+02:00,2026-09-01,11,,NORMAL,"{'failed_gate': 'operating_margin', 'actual_value': -4.18, 'applicable_threshold': 8.0, 'distance_to_threshold': 12.18, 'distance_to_threshold_pct': 152.25, 'formula': 'minimo: distance = threshold - actual; pct = distance / abs(threshold) * 100'}"
MDLN,Medline Inc,finviz_prefilter,revenue_growth;eps_growth;eps_next_year;operating_margin,,price_min;market_cap_min;avg_volume_min;revenue_growth;eps_growth;eps_next_year;operating_margin;earnings_window,False,"{'revenue_growth_yoy': 11.600000000000001, 'eps_growth_yoy': -83.26, 'eps_next_year': 4.32, 'operating_margin': 6.5}",,Finviz via finvizfinance screener views,2026-08-21T23:30:32+02:00,2026-08-05,,16,NORMAL,
MDLZ,Mondelez International Inc,finviz_prefilter,revenue_growth;eps_next_year,,price_min;market_cap_min;avg_volume_min;revenue_growth;eps_growth;eps_next_year;operating_margin;earnings_window,False,"{'revenue_growth_yoy': 4.130000000000001, 'eps_growth_yoy': 143.73, 'eps_next_year': 10.28, 'operating_margin': 15.840000000000002}",,Finviz via finvizfinance screener views,2026-08-21T23:30:32+02:00,2026-07-28,,24,NORMAL,
MEOH,Methanex Corp,finviz_prefilter,eps_growth;eps_next_year,,price_min;market_cap_min;avg_volume_min;revenue_growth;eps_growth;eps_next_year;operating_margin;earnings_window,False,"{'revenue_growth_yoy': 75.17, 'eps_growth_yoy': 1.688, 'eps_next_year': -37.77, 'operating_margin': 17.37}",,Finviz via finvizfinance screener views,2026-08-21T23:30:32+02:00,2026-07-28,,24,NORMAL,
META,Meta Platforms Inc,finviz_prefilter,eps_growth;eps_next_year,,price_min;market_cap_min;avg_volume_min;revenue_growth;eps_growth;eps_next_year;operating_margin;earnings_window,False,"{'revenue_growth_yoy': 27.96, 'eps_growth_yoy': -13.44, 'eps_next_year': 6.9, 'operating_margin': 38.080000000000005}",,Finviz via finvizfinance screener views,2026-08-21T23:30:32+02:00,2026-07-29,,23,NORMAL,
MGNI,Magnite Inc,finviz_prefilter,revenue_growth,,price_min;market_cap_min;avg_volume_min;revenue_growth;eps_growth;eps_next_year;operating_margin;earnings_window,False,"{'revenue_growth_yoy': 11.24, 'eps_growth_yoy': 75.22999999999999, 'eps_next_year': 18.5, 'operating_margin': 15.65}",,Finviz via finvizfinance screener views,2026-08-21T23:30:32+02:00,2026-08-05,,16,NORMAL,"{'failed_gate': 'revenue_growth', 'actual_value': 11.24, 'applicable_threshold': 20.0, 'distance_to_threshold': 8.76, 'distance_to_threshold_pct': 43.8, 'formula': 'minimo: distance = threshold - actual; pct = distance / abs(threshold) * 100'}"
MIRM,Mirum Pharmaceuticals Inc,finviz_prefilter,eps_growth;operating_margin,,price_min;market_cap_min;avg_volume_min;revenue_growth;eps_growth;eps_next_year;operating_margin;earnings_window,False,"{'revenue_growth_yoy': 37.92, 'eps_growth_yoy': -7.9975, 'eps_next_year': 94.97, 'operating_margin': -14.760000000000002}",,Finviz via finvizfinance screener views,2026-08-21T23:30:32+02:00,2026-08-05,,16,NORMAL,
MKSI,MKS Inc,finviz_prefilter,eps_growth,,price_min;market_cap_min;avg_volume_min;revenue_growth;eps_growth;eps_next_year;operating_margin;earnings_window,False,"{'revenue_growth_yoy': 28.26, 'eps_growth_yoy': 1.6168, 'eps_next_year': 33.27, 'operating_margin': 16.72}",,Finviz via finvizfinance screener views,2026-08-21T23:30:32+02:00,2026-08-05,,16,NORMAL,"{'failed_gate': 'eps_growth', 'actual_value': 1.6168, 'applicable_threshold': 30.0, 'distance_to_threshold': 28.3832, 'distance_to_threshold_pct': 94.61066666666666, 'formula': 'minimo: distance = threshold - actual; pct = distance / abs(threshold) * 100'}"
MKTX,MarketAxess Holdings Inc,finviz_prefilter,revenue_growth;eps_growth;eps_next_year,,price_min;market_cap_min;avg_volume_min;revenue_growth;eps_growth;eps_next_year;operating_margin;earnings_window,False,"{'revenue_growth_yoy': -2.75, 'eps_growth_yoy': 1.31, 'eps_next_year': 9.03, 'operating_margin': 40.28}",,Finviz via finvizfinance screener views,2026-08-21T23:30:32+02:00,2026-07-30,,22,NORMAL,
MMED,MiniMed Group Inc,finviz_prefilter,eps_next_year,revenue_growth;eps_growth;operating_margin,price_min;market_cap_min;avg_volume_min;eps_next_year;earnings_window,False,"{'revenue_growth_yoy': None, 'eps_growth_yoy': None, 'eps_next_year': 4.61, 'operating_margin': None}",,Finviz via finvizfinance screener views,2026-08-21T23:30:32+02:00,2026-09-01,11,,NORMAL,"{'failed_gate': 'eps_next_year', 'actual_value': 4.61, 'applicable_threshold': 15.0, 'distance_to_threshold': 10.39, 'distance_to_threshold_pct': 69.26666666666667, 'formula': 'minimo: distance = threshold - actual; pct = distance / abs(threshold) * 100'}"
MMSI,Merit Medical Systems Inc,finviz_prefilter,revenue_growth;eps_growth;eps_next_year,,price_min;market_cap_min;avg_volume_min;revenue_growth;eps_growth;eps_next_year;operating_margin;earnings_window,False,"{'revenue_growth_yoy': 9.83, 'eps_growth_yoy': 20.3, 'eps_next_year': 7.19, 'operating_margin': 12.690000000000001}",,Finviz via finvizfinance screener views,2026-08-21T23:30:32+02:00,2026-07-30,,22,NORMAL,
MMYT,MakeMyTrip Ltd,finviz_prefilter,revenue_growth;eps_growth,,price_min;market_cap_min;avg_volume_min;revenue_growth;eps_growth;eps_next_year;operating_margin;earnings_window,False,"{'revenue_growth_yoy': 6.22, 'eps_growth_yoy': -61.53999999999999, 'eps_next_year': 97.7, 'operating_margin': 14.95}",,Finviz via finvizfinance screener views,2026-08-21T23:30:32+02:00,2026-08-03,,18,NORMAL,
MNDY,Monday.Com Ltd,finviz_prefilter,eps_growth;operating_margin,,price_min;market_cap_min;avg_volume_min;revenue_growth;eps_growth;eps_next_year;operating_margin;earnings_window,False,"{'revenue_growth_yoy': 21.94, 'eps_growth_yoy': 1.6373, 'eps_next_year': 22.27, 'operating_margin': 2.9000000000000004}",,Finviz via finvizfinance screener views,2026-08-21T23:30:32+02:00,2026-08-10,,11,PEAD_WINDOW,
MNST,Monster Beverage Corp,finviz_prefilter,eps_growth;eps_next_year,,price_min;market_cap_min;avg_volume_min;revenue_growth;eps_growth;eps_next_year;operating_margin;earnings_window,False,"{'revenue_growth_yoy': 20.169999999999998, 'eps_growth_yoy': 19.040000000000003, 'eps_next_year': 13.02, 'operating_margin': 29.160000000000004}",,Finviz via finvizfinance screener views,2026-08-21T23:30:32+02:00,2026-08-06,,15,PEAD_WINDOW,
MRNA,Moderna Inc,finviz_prefilter,revenue_growth;eps_growth;operating_margin,,price_min;market_cap_min;avg_volume_min;revenue_growth;eps_growth;eps_next_year;operating_margin;earnings_window,False,"{'revenue_growth_yoy': 2.11, 'eps_growth_yoy': 7.6, 'eps_next_year': 42.58, 'operating_margin': -149.01}",,Finviz via finvizfinance screener views,2026-08-21T23:30:32+02:00,2026-07-31,,21,NORMAL,
MRVL,Marvell Technology Inc,finviz_prefilter,eps_growth;earnings_window,,price_min;market_cap_min;avg_volume_min;revenue_growth;eps_growth;eps_next_year;operating_margin;earnings_window,False,"{'revenue_growth_yoy': 27.57, 'eps_growth_yoy': -81.0, 'eps_next_year': 55.02, 'operating_margin': 16.41}",,Finviz via finvizfinance screener views,2026-08-21T23:30:32+02:00,2026-08-27,6,,PRE_EARNINGS_BLACKOUT,
MRX,Marex Group Ltd,finviz_prefilter,eps_next_year,,price_min;market_cap_min;avg_volume_min;revenue_growth;eps_growth;eps_next_year;operating_margin;earnings_window,False,"{'revenue_growth_yoy': 33.95, 'eps_growth_yoy': 105.96000000000001, 'eps_next_year': 11.99, 'operating_margin': 32.190000000000005}",,Finviz via finvizfinance screener views,2026-08-21T23:30:32+02:00,2026-08-12,,9,PEAD_WINDOW,"{'failed_gate': 'eps_next_year', 'actual_value': 11.99, 'applicable_threshold': 15.0, 'distance_to_threshold': 3.01, 'distance_to_threshold_pct': 20.066666666666666, 'formula': 'minimo: distance = threshold - actual; pct = distance / abs(threshold) * 100'}"
MSFT,Microsoft Corp,finviz_prefilter,revenue_growth,,price_min;market_cap_min;avg_volume_min;revenue_growth;eps_growth;eps_next_year;operating_margin;earnings_window,False,"{'revenue_growth_yoy': 17.75, 'eps_growth_yoy': 31.65, 'eps_next_year': 19.04, 'operating_margin': 46.78}",,Finviz via finvizfinance screener views,2026-08-21T23:30:32+02:00,2026-07-29,,23,NORMAL,"{'failed_gate': 'revenue_growth', 'actual_value': 17.75, 'applicable_threshold': 20.0, 'distance_to_threshold': 2.25, 'distance_to_threshold_pct': 11.25, 'formula': 'minimo: distance = threshold - actual; pct = distance / abs(threshold) * 100'}"
MSTR,Strategy Inc,finviz_prefilter,revenue_growth;eps_growth;operating_margin,,price_min;market_cap_min;avg_volume_min;revenue_growth;eps_growth;eps_next_year;operating_margin;earnings_window,False,"{'revenue_growth_yoy': 6.88, 'eps_growth_yoy': -1.7502, 'eps_next_year': 141.3, 'operating_margin': -8.129999999999999}",,Finviz via finvizfinance screener views,2026-08-21T23:30:32+02:00,2026-07-30,,22,NORMAL,
MTCH,Match Group Inc,finviz_prefilter,revenue_growth,,price_min;market_cap_min;avg_volume_min;revenue_growth;eps_growth;eps_next_year;operating_margin;earnings_window,False,"{'revenue_growth_yoy': -1.23, 'eps_growth_yoy': 43.47, 'eps_next_year': 16.78, 'operating_margin': 28.15}",,Finviz via finvizfinance screener views,2026-08-21T23:30:32+02:00,2026-08-04,,17,NORMAL,"{'failed_gate': 'revenue_growth', 'actual_value': -1.23, 'applicable_threshold': 20.0, 'distance_to_threshold': 21.23, 'distance_to_threshold_pct': 106.15, 'formula': 'minimo: distance = threshold - actual; pct = distance / abs(threshold) * 100'}"
MTSI,MACOM Technology Solutions Holdings Inc,finviz_prefilter,eps_growth,,price_min;market_cap_min;avg_volume_min;revenue_growth;eps_growth;eps_next_year;operating_margin;earnings_window,False,"{'revenue_growth_yoy': 35.77, 'eps_growth_yoy': 1.6669, 'eps_next_year': 53.79, 'operating_margin': 18.11}",,Finviz via finvizfinance screener views,2026-08-21T23:30:32+02:00,2026-08-06,,15,PEAD_WINDOW,"{'failed_gate': 'eps_growth', 'actual_value': 1.6669, 'applicable_threshold': 30.0, 'distance_to_threshold': 28.3331, 'distance_to_threshold_pct': 94.44366666666667, 'formula': 'minimo: distance = threshold - actual; pct = distance / abs(threshold) * 100'}"
MU,Micron Technology Inc,finviz_prefilter,revenue_growth;eps_growth,,price_min;market_cap_min;avg_volume_min;revenue_growth;eps_growth;eps_next_year;operating_margin;earnings_window,False,"{'revenue_growth_yoy': 3.4572, 'eps_growth_yoy': 13.7209, 'eps_next_year': 111.17, 'operating_margin': 65.75}",,Finviz via finvizfinance screener views,2026-08-21T23:30:32+02:00,2026-06-24,,58,NORMAL,
MXL,MaxLinear Inc,finviz_prefilter,operating_margin,,price_min;market_cap_min;avg_volume_min;revenue_growth;eps_growth;eps_next_year;operating_margin;earnings_window,False,"{'revenue_growth_yoy': 55.169999999999995, 'eps_growth_yoy': 105.89999999999999, 'eps_next_year': 54.03, 'operating_margin': -11.600000000000001}",,Finviz via finvizfinance screener views,2026-08-21T23:30:32+02:00,2026-07-23,,29,NORMAL,"{'failed_gate': 'operating_margin', 'actual_value': -11.600000000000001, 'applicable_threshold': 8.0, 'distance_to_threshold': 19.6, 'distance_to_threshold_pct': 245.00000000000003, 'formula': 'minimo: distance = threshold - actual; pct = distance / abs(threshold) * 100'}"
NAMS,NewAmsterdam Pharma Company NV,finviz_prefilter,revenue_growth;eps_growth;operating_margin,,price_min;market_cap_min;avg_volume_min;revenue_growth;eps_growth;eps_next_year;operating_margin;earnings_window,False,"{'revenue_growth_yoy': -80.67, 'eps_growth_yoy': -2.5488, 'eps_next_year': 17.44, 'operating_margin': -34.322}",,Finviz via finvizfinance screener views,2026-08-21T23:30:32+02:00,2026-08-05,,16,NORMAL,
NAVN,Navan Inc,finviz_prefilter,operating_margin,,price_min;market_cap_min;avg_volume_min;revenue_growth;eps_growth;eps_next_year;operating_margin;earnings_window,False,"{'revenue_growth_yoy': 39.86, 'eps_growth_yoy': 66.82000000000001, 'eps_next_year': 51.81, 'operating_margin': -24.89}",,Finviz via finvizfinance screener views,2026-08-21T23:30:32+02:00,2026-06-10,,72,NORMAL,"{'failed_gate': 'operating_margin', 'actual_value': -24.89, 'applicable_threshold': 8.0, 'distance_to_threshold': 32.89, 'distance_to_threshold_pct': 411.125, 'formula': 'minimo: distance = threshold - actual; pct = distance / abs(threshold) * 100'}"
NBIS,Nebius Group NV,finviz_prefilter,revenue_growth;eps_growth;eps_next_year;operating_margin,,price_min;market_cap_min;avg_volume_min;revenue_growth;eps_growth;eps_next_year;operating_margin;earnings_window,False,"{'revenue_growth_yoy': 4.5404, 'eps_growth_yoy': -127.74000000000001, 'eps_next_year': -54.08, 'operating_margin': -49.34}",,Finviz via finvizfinance screener views,2026-08-21T23:30:32+02:00,2026-08-12,,9,PEAD_WINDOW,
NCNO,Ncino Inc,finviz_prefilter,revenue_growth;eps_growth;operating_margin;earnings_window,,price_min;market_cap_min;avg_volume_min;revenue_growth;eps_growth;eps_next_year;operating_margin;earnings_window,False,"{'revenue_growth_yoy': 10.6, 'eps_growth_yoy': 1.6122, 'eps_next_year': 17.26, 'operating_margin': 7.000000000000001}",,Finviz via finvizfinance screener views,2026-08-21T23:30:32+02:00,2026-08-25,4,,PRE_EARNINGS_BLACKOUT,
NDAQ,Nasdaq Inc,finviz_prefilter,eps_growth;eps_next_year,,price_min;market_cap_min;avg_volume_min;revenue_growth;eps_growth;eps_next_year;operating_margin;earnings_window,False,"{'revenue_growth_yoy': 21.15, 'eps_growth_yoy': 14.38, 'eps_next_year': 13.12, 'operating_margin': 30.78}",,Finviz via finvizfinance screener views,2026-08-21T23:30:32+02:00,2026-07-23,,29,NORMAL,
NEO,Neogenomics Inc,finviz_prefilter,revenue_growth;operating_margin,,price_min;market_cap_min;avg_volume_min;revenue_growth;eps_growth;eps_next_year;operating_margin;earnings_window,False,"{'revenue_growth_yoy': 11.21, 'eps_growth_yoy': 104.85, 'eps_next_year': 85.08, 'operating_margin': -7.03}",,Finviz via finvizfinance screener views,2026-08-21T23:30:32+02:00,2026-07-28,,24,NORMAL,
NESR,National Energy Services Reunited Corp,finviz_prefilter,eps_growth,,price_min;market_cap_min;avg_volume_min;revenue_growth;eps_growth;eps_next_year;operating_margin;earnings_window,False,"{'revenue_growth_yoy': 59.07, 'eps_growth_yoy': 1.7386, 'eps_next_year': 59.37, 'operating_margin': 9.34}",,Finviz via finvizfinance screener views,2026-08-21T23:30:32+02:00,2026-08-10,,11,PEAD_WINDOW,"{'failed_gate': 'eps_growth', 'actual_value': 1.7386, 'applicable_threshold': 20.0, 'distance_to_threshold': 18.261400000000002, 'distance_to_threshold_pct': 91.307, 'formula': 'minimo: distance = threshold - actual; pct = distance / abs(threshold) * 100'}"
NFLX,Netflix Inc,finviz_prefilter,revenue_growth;eps_growth;eps_next_year,,price_min;market_cap_min;avg_volume_min;revenue_growth;eps_growth;eps_next_year;operating_margin;earnings_window,False,"{'revenue_growth_yoy': 13.41, 'eps_growth_yoy': 11.06, 'eps_next_year': 5.98, 'operating_margin': 30.25}",,Finviz via finvizfinance screener views,2026-08-21T23:30:32+02:00,2026-07-16,,36,NORMAL,
NKTR,Nektar Therapeutics,finviz_prefilter,revenue_growth;eps_next_year;operating_margin,,price_min;market_cap_min;avg_volume_min;revenue_growth;eps_growth;eps_next_year;operating_margin;earnings_window,False,"{'revenue_growth_yoy': -9.34, 'eps_growth_yoy': 58.379999999999995, 'eps_next_year': -28.83, 'operating_margin': -2.3932}",,Finviz via finvizfinance screener views,2026-08-21T23:30:32+02:00,2026-08-13,,8,PEAD_WINDOW,
NMRK,Newmark Group Inc,finviz_prefilter,revenue_growth;eps_growth;eps_next_year;operating_margin,,price_min;market_cap_min;avg_volume_min;revenue_growth;eps_growth;eps_next_year;operating_margin;earnings_window,False,"{'revenue_growth_yoy': 18.91, 'eps_growth_yoy': -5.36, 'eps_next_year': 13.07, 'operating_margin': 7.59}",,Finviz via finvizfinance screener views,2026-08-21T23:30:32+02:00,2026-07-29,,23,NORMAL,
NN,NextNav Inc,finviz_prefilter,revenue_growth;eps_next_year;operating_margin,,price_min;market_cap_min;avg_volume_min;revenue_growth;eps_growth;eps_next_year;operating_margin;earnings_window,False,"{'revenue_growth_yoy': -4.33, 'eps_growth_yoy': 50.1, 'eps_next_year': -8.57, 'operating_margin': -19.0043}",,Finviz via finvizfinance screener views,2026-08-21T23:30:32+02:00,2026-08-11,,10,PEAD_WINDOW,
NRIX,Nurix Therapeutics Inc,finviz_prefilter,revenue_growth;eps_growth;operating_margin,,price_min;market_cap_min;avg_volume_min;revenue_growth;eps_growth;eps_next_year;operating_margin;earnings_window,False,"{'revenue_growth_yoy': -79.47, 'eps_growth_yoy': -55.54, 'eps_next_year': 26.0, 'operating_margin': -9.8237}",,Finviz via finvizfinance screener views,2026-08-21T23:30:32+02:00,2026-07-09,,43,NORMAL,
NTAP,Netapp Inc,finviz_prefilter,revenue_growth;eps_growth;eps_next_year,,price_min;market_cap_min;avg_volume_min;revenue_growth;eps_growth;eps_next_year;operating_margin;earnings_window,False,"{'revenue_growth_yoy': 12.46, 'eps_growth_yoy': 23.01, 'eps_next_year': 11.15, 'operating_margin': 24.45}",,Finviz via finvizfinance screener views,2026-08-21T23:30:32+02:00,2026-09-02,12,,NORMAL,
NTNX,Nutanix Inc,finviz_prefilter,revenue_growth;eps_growth;eps_next_year;earnings_window,,price_min;market_cap_min;avg_volume_min;revenue_growth;eps_growth;eps_next_year;operating_margin;earnings_window,False,"{'revenue_growth_yoy': 10.03, 'eps_growth_yoy': 19.25, 'eps_next_year': 14.07, 'operating_margin': 8.74}",,Finviz via finvizfinance screener views,2026-08-21T23:30:32+02:00,2026-08-26,5,,PRE_EARNINGS_BLACKOUT,
NTRA,Natera Inc,finviz_prefilter,operating_margin,,price_min;market_cap_min;avg_volume_min;revenue_growth;eps_growth;eps_next_year;operating_margin;earnings_window,False,"{'revenue_growth_yoy': 37.71, 'eps_growth_yoy': 36.85, 'eps_next_year': 87.98, 'operating_margin': -10.56}",,Finviz via finvizfinance screener views,2026-08-21T23:30:32+02:00,2026-08-06,,15,PEAD_WINDOW,"{'failed_gate': 'operating_margin', 'actual_value': -10.56, 'applicable_threshold': 8.0, 'distance_to_threshold': 18.560000000000002, 'distance_to_threshold_pct': 232.00000000000003, 'formula': 'minimo: distance = threshold - actual; pct = distance / abs(threshold) * 100'}"
NTRS,Northern Trust Corp,finviz_prefilter,revenue_growth;eps_next_year,,price_min;market_cap_min;avg_volume_min;revenue_growth;eps_growth;eps_next_year;operating_margin;earnings_window,False,"{'revenue_growth_yoy': 17.18, 'eps_growth_yoy': 98.21, 'eps_next_year': 9.29, 'operating_margin': 13.389999999999999}",,Finviz via finvizfinance screener views,2026-08-21T23:30:32+02:00,2026-07-22,,30,NORMAL,
NVDA,NVIDIA Corp,finviz_prefilter,eps_growth;earnings_window,,price_min;market_cap_min;avg_volume_min;revenue_growth;eps_growth;eps_next_year;operating_margin;earnings_window,False,"{'revenue_growth_yoy': 85.22999999999999, 'eps_growth_yoy': 2.1342, 'eps_next_year': 42.18, 'operating_margin': 64.02}",,Finviz via finvizfinance screener views,2026-08-21T23:30:32+02:00,2026-08-26,5,,PRE_EARNINGS_BLACKOUT,
NWBI,Northwest Bancshares Inc,finviz_prefilter,revenue_growth;eps_next_year,,price_min;market_cap_min;avg_volume_min;revenue_growth;eps_growth;eps_next_year;operating_margin;earnings_window,False,"{'revenue_growth_yoy': 18.310000000000002, 'eps_growth_yoy': 38.519999999999996, 'eps_next_year': 2.93, 'operating_margin': 25.03}",,Finviz via finvizfinance screener views,2026-08-21T23:30:32+02:00,2026-07-27,,25,NORMAL,
NWS,News Corp,finviz_prefilter,revenue_growth;eps_growth,,price_min;market_cap_min;avg_volume_min;revenue_growth;eps_growth;eps_next_year;operating_margin;earnings_window,False,"{'revenue_growth_yoy': 10.81, 'eps_growth_yoy': 5.8653, 'eps_next_year': 16.36, 'operating_margin': 12.64}",,Finviz via finvizfinance screener views,2026-08-21T23:30:32+02:00,2026-08-05,,16,NORMAL,
NWSA,News Corp,finviz_prefilter,revenue_growth;eps_growth,,price_min;market_cap_min;avg_volume_min;revenue_growth;eps_growth;eps_next_year;operating_margin;earnings_window,False,"{'revenue_growth_yoy': 10.81, 'eps_growth_yoy': 5.8653, 'eps_next_year': 16.36, 'operating_margin': 12.64}",,Finviz via finvizfinance screener views,2026-08-21T23:30:32+02:00,2026-08-05,,16,NORMAL,
NXPI,NXP Semiconductors NV,finviz_prefilter,revenue_growth,,price_min;market_cap_min;avg_volume_min;revenue_growth;eps_growth;eps_next_year;operating_margin;earnings_window,False,"{'revenue_growth_yoy': 19.48, 'eps_growth_yoy': 72.23, 'eps_next_year': 20.53, 'operating_margin': 28.7}",,Finviz via finvizfinance screener views,2026-08-21T23:30:32+02:00,2026-07-28,,24,NORMAL,"{'failed_gate': 'revenue_growth', 'actual_value': 19.48, 'applicable_threshold': 20.0, 'distance_to_threshold': 0.5199999999999996, 'distance_to_threshold_pct': 2.599999999999998, 'formula': 'minimo: distance = threshold - actual; pct = distance / abs(threshold) * 100'}"
NXT,Nextpower Inc,finviz_prefilter,revenue_growth;eps_growth,,price_min;market_cap_min;avg_volume_min;revenue_growth;eps_growth;eps_next_year;operating_margin;earnings_window,False,"{'revenue_growth_yoy': 8.21, 'eps_growth_yoy': 2.32, 'eps_next_year': 22.41, 'operating_margin': 19.7}",,Finviz via finvizfinance screener views,2026-08-21T23:30:32+02:00,2026-07-30,,22,NORMAL,
OCTV,Octave Intelligence Plc,finviz_prefilter,eps_next_year,revenue_growth;eps_growth;operating_margin,price_min;market_cap_min;avg_volume_min;eps_next_year;earnings_window,False,"{'revenue_growth_yoy': None, 'eps_growth_yoy': None, 'eps_next_year': 2.66, 'operating_margin': None}",,Finviz via finvizfinance screener views,2026-08-21T23:30:32+02:00,2026-08-12,,9,PEAD_WINDOW,"{'failed_gate': 'eps_next_year', 'actual_value': 2.66, 'applicable_threshold': 15.0, 'distance_to_threshold': 12.34, 'distance_to_threshold_pct': 82.26666666666667, 'formula': 'minimo: distance = threshold - actual; pct = distance / abs(threshold) * 100'}"
ODFL,Old Dominion Freight Line Inc,finviz_prefilter,revenue_growth;eps_next_year,,price_min;market_cap_min;avg_volume_min;revenue_growth;eps_growth;eps_next_year;operating_margin;earnings_window,False,"{'revenue_growth_yoy': 10.39, 'eps_growth_yoy': 32.68, 'eps_next_year': 14.21, 'operating_margin': 25.990000000000002}",,Finviz via finvizfinance screener views,2026-08-21T23:30:32+02:00,2026-07-29,,23,NORMAL,
OKTA,Okta Inc,finviz_prefilter,revenue_growth;eps_growth;eps_next_year;operating_margin;earnings_window,,price_min;market_cap_min;avg_volume_min;revenue_growth;eps_growth;eps_next_year;operating_margin;earnings_window,False,"{'revenue_growth_yoy': 11.19, 'eps_growth_yoy': 20.1, 'eps_next_year': 10.89, 'operating_margin': 5.67}",,Finviz via finvizfinance screener views,2026-08-21T23:30:32+02:00,2026-08-26,5,,PRE_EARNINGS_BLACKOUT,
OLLI,Ollies Bargain Outlet Holdings Inc,finviz_prefilter,revenue_growth;eps_growth;eps_next_year,,price_min;market_cap_min;avg_volume_min;revenue_growth;eps_growth;eps_next_year;operating_margin;earnings_window,False,"{'revenue_growth_yoy': 14.249999999999998, 'eps_growth_yoy': 19.79, 'eps_next_year': 13.41, 'operating_margin': 12.31}",,Finviz via finvizfinance screener views,2026-08-21T23:30:32+02:00,2026-09-02,12,,NORMAL,
ON,ON Semiconductor Corp,finviz_prefilter,revenue_growth,,price_min;market_cap_min;avg_volume_min;revenue_growth;eps_growth;eps_next_year;operating_margin;earnings_window,False,"{'revenue_growth_yoy': 9.180000000000001, 'eps_growth_yoy': 36.51, 'eps_next_year': 40.6, 'operating_margin': 18.16}",,Finviz via finvizfinance screener views,2026-08-21T23:30:32+02:00,2026-08-03,,18,NORMAL,"{'failed_gate': 'revenue_growth', 'actual_value': 9.180000000000001, 'applicable_threshold': 20.0, 'distance_to_threshold': 10.819999999999999, 'distance_to_threshold_pct': 54.099999999999994, 'formula': 'minimo: distance = threshold - actual; pct = distance / abs(threshold) * 100'}"
ONB,Old National Bancorp,finviz_prefilter,revenue_growth;eps_next_year,,price_min;market_cap_min;avg_volume_min;revenue_growth;eps_growth;eps_next_year;operating_margin;earnings_window,False,"{'revenue_growth_yoy': 9.55, 'eps_growth_yoy': 93.78, 'eps_next_year': 10.92, 'operating_margin': 30.14}",,Finviz via finvizfinance screener views,2026-08-21T23:30:32+02:00,2026-07-22,,30,NORMAL,
OPCH,Option Care Health Inc,finviz_prefilter,revenue_growth;eps_growth;eps_next_year;operating_margin,,price_min;market_cap_min;avg_volume_min;revenue_growth;eps_growth;eps_next_year;operating_margin;earnings_window,False,"{'revenue_growth_yoy': 1.8599999999999999, 'eps_growth_yoy': 14.13, 'eps_next_year': 10.83, 'operating_margin': 5.86}",,Finviz via finvizfinance screener views,2026-08-21T23:30:32+02:00,2026-07-29,,23,NORMAL,
ORLY,O'Reilly Automotive Inc,finviz_prefilter,revenue_growth;eps_growth;eps_next_year,,price_min;market_cap_min;avg_volume_min;revenue_growth;eps_growth;eps_next_year;operating_margin;earnings_window,False,"{'revenue_growth_yoy': 8.110000000000001, 'eps_growth_yoy': 10.77, 'eps_next_year': 11.3, 'operating_margin': 19.56}",,Finviz via finvizfinance screener views,2026-08-21T23:30:32+02:00,2026-07-29,,23,NORMAL,
OSW,OneSpaWorld Holdings Limited,finviz_prefilter,revenue_growth;eps_growth;eps_next_year,,price_min;market_cap_min;avg_volume_min;revenue_growth;eps_growth;eps_next_year;operating_margin;earnings_window,False,"{'revenue_growth_yoy': 8.52, 'eps_growth_yoy': 17.72, 'eps_next_year': 13.49, 'operating_margin': 9.5}",,Finviz via finvizfinance screener views,2026-08-21T23:30:32+02:00,2026-07-29,,23,NORMAL,
OTEX,Open Text Corp,finviz_prefilter,revenue_growth;eps_growth;eps_next_year,,price_min;market_cap_min;avg_volume_min;revenue_growth;eps_growth;eps_next_year;operating_margin;earnings_window,False,"{'revenue_growth_yoy': 2.94, 'eps_growth_yoy': 4.7337, 'eps_next_year': 7.84, 'operating_margin': 23.169999999999998}",,Finviz via finvizfinance screener views,2026-08-21T23:30:32+02:00,2026-08-06,,15,PEAD_WINDOW,
OUST,Ouster Inc,finviz_prefilter,operating_margin,,price_min;market_cap_min;avg_volume_min;revenue_growth;eps_growth;eps_next_year;operating_margin;earnings_window,False,"{'revenue_growth_yoy': 55.86, 'eps_growth_yoy': 27.46, 'eps_next_year': 102.86, 'operating_margin': -34.410000000000004}",,Finviz via finvizfinance screener views,2026-08-21T23:30:32+02:00,2026-08-06,,15,PEAD_WINDOW,"{'failed_gate': 'operating_margin', 'actual_value': -34.410000000000004, 'applicable_threshold': 8.0, 'distance_to_threshold': 42.410000000000004, 'distance_to_threshold_pct': 530.125, 'formula': 'minimo: distance = threshold - actual; pct = distance / abs(threshold) * 100'}"
OZK,Bank OZK,finviz_prefilter,revenue_growth;eps_growth;eps_next_year,,price_min;market_cap_min;avg_volume_min;revenue_growth;eps_growth;eps_next_year;operating_margin;earnings_window,False,"{'revenue_growth_yoy': -3.82, 'eps_growth_yoy': -5.72, 'eps_next_year': 4.66, 'operating_margin': 32.35}",,Finviz via finvizfinance screener views,2026-08-21T23:30:32+02:00,2026-07-21,,31,NORMAL,
PAA,Plains All American Pipeline LP,finviz_prefilter,eps_growth;eps_next_year;operating_margin,,price_min;market_cap_min;avg_volume_min;revenue_growth;eps_growth;eps_next_year;operating_margin;earnings_window,False,"{'revenue_growth_yoy': 65.47, 'eps_growth_yoy': 9.8111, 'eps_next_year': 2.27, 'operating_margin': 2.78}",,Finviz via finvizfinance screener views,2026-08-21T23:30:32+02:00,2026-08-07,,14,PEAD_WINDOW,
PAGP,Plains GP Holdings LP,finviz_prefilter,eps_growth;eps_next_year;operating_margin,,price_min;market_cap_min;avg_volume_min;revenue_growth;eps_growth;eps_next_year;operating_margin;earnings_window,False,"{'revenue_growth_yoy': 65.47, 'eps_growth_yoy': 11.9677, 'eps_next_year': -15.84, 'operating_margin': 2.83}",,Finviz via finvizfinance screener views,2026-08-21T23:30:32+02:00,2026-08-07,,14,PEAD_WINDOW,
PANW,Palo Alto Networks Inc,finviz_prefilter,eps_growth;eps_next_year;operating_margin,,price_min;market_cap_min;avg_volume_min;revenue_growth;eps_growth;eps_next_year;operating_margin;earnings_window,False,"{'revenue_growth_yoy': 31.15, 'eps_growth_yoy': -1.5965, 'eps_next_year': 8.75, 'operating_margin': 7.39}",,Finviz via finvizfinance screener views,2026-08-21T23:30:32+02:00,2026-09-01,11,,NORMAL,
PAYX,Paychex Inc,finviz_prefilter,revenue_growth;eps_next_year,,price_min;market_cap_min;avg_volume_min;revenue_growth;eps_growth;eps_next_year;operating_margin;earnings_window,False,"{'revenue_growth_yoy': 12.49, 'eps_growth_yoy': 43.14, 'eps_next_year': 7.4, 'operating_margin': 45.08}",,Finviz via finvizfinance screener views,2026-08-21T23:30:32+02:00,2026-06-24,,58,NORMAL,
PCAR,Paccar Inc,finviz_prefilter,revenue_growth;eps_growth,,price_min;market_cap_min;avg_volume_min;revenue_growth;eps_growth;eps_next_year;operating_margin;earnings_window,False,"{'revenue_growth_yoy': 0.5499999999999999, 'eps_growth_yoy': 3.7199999999999998, 'eps_next_year': 20.1, 'operating_margin': 10.37}",,Finviz via finvizfinance screener views,2026-08-21T23:30:32+02:00,2026-07-28,,24,NORMAL,
PCTY,Paylocity Holding Corp,finviz_prefilter,revenue_growth;eps_growth;eps_next_year,,price_min;market_cap_min;avg_volume_min;revenue_growth;eps_growth;eps_next_year;operating_margin;earnings_window,False,"{'revenue_growth_yoy': 10.979999999999999, 'eps_growth_yoy': 29.34, 'eps_next_year': 9.69, 'operating_margin': 22.14}",,Finviz via finvizfinance screener views,2026-08-21T23:30:32+02:00,2026-08-04,,17,NORMAL,
PECO,Phillips Edison & Company Inc,finviz_prefilter,revenue_growth;eps_growth;eps_next_year,,price_min;market_cap_min;avg_volume_min;revenue_growth;eps_growth;eps_next_year;operating_margin;earnings_window,False,"{'revenue_growth_yoy': 6.550000000000001, 'eps_growth_yoy': 2.5337, 'eps_next_year': 1.87, 'operating_margin': 28.910000000000004}",,Finviz via finvizfinance screener views,2026-08-21T23:30:32+02:00,2026-07-23,,29,NORMAL,
PEGA,Pegasystems Inc,finviz_prefilter,revenue_growth;eps_growth;eps_next_year,,price_min;market_cap_min;avg_volume_min;revenue_growth;eps_growth;eps_next_year;operating_margin;earnings_window,False,"{'revenue_growth_yoy': 9.42, 'eps_growth_yoy': -53.0, 'eps_next_year': 7.83, 'operating_margin': 11.32}",,Finviz via finvizfinance screener views,2026-08-21T23:30:32+02:00,2026-07-21,,31,NORMAL,
PENN,PENN Entertainment Inc,finviz_prefilter,revenue_growth;eps_growth;operating_margin,,price_min;market_cap_min;avg_volume_min;revenue_growth;eps_growth;eps_next_year;operating_margin;earnings_window,False,"{'revenue_growth_yoy': 5.24, 'eps_growth_yoy': 3.0856, 'eps_next_year': 71.69, 'operating_margin': 6.03}",,Finviz via finvizfinance screener views,2026-08-21T23:30:32+02:00,2026-08-06,,15,PEAD_WINDOW,
PEP,PepsiCo Inc,finviz_prefilter,revenue_growth;eps_next_year,,price_min;market_cap_min;avg_volume_min;revenue_growth;eps_growth;eps_next_year;operating_margin;earnings_window,False,"{'revenue_growth_yoy': 6.41, 'eps_growth_yoy': 136.71, 'eps_next_year': 4.82, 'operating_margin': 15.55}",,Finviz via finvizfinance screener views,2026-08-21T23:30:32+02:00,2026-07-09,,43,NORMAL,
PFG,Principal Financial Group Inc,finviz_prefilter,revenue_growth;eps_growth;eps_next_year,,price_min;market_cap_min;avg_volume_min;revenue_growth;eps_growth;eps_next_year;operating_margin;earnings_window,False,"{'revenue_growth_yoy': 6.39, 'eps_growth_yoy': 2.85, 'eps_next_year': 8.74, 'operating_margin': 11.87}",,Finviz via finvizfinance screener views,2026-08-21T23:30:32+02:00,2026-07-27,,25,NORMAL,
PLTR,Palantir Technologies Inc,finviz_prefilter,eps_growth,,price_min;market_cap_min;avg_volume_min;revenue_growth;eps_growth;eps_next_year;operating_margin;earnings_window,False,"{'revenue_growth_yoy': 92.83, 'eps_growth_yoy': 2.2157, 'eps_next_year': 42.63, 'operating_margin': 42.8}",,Finviz via finvizfinance screener views,2026-08-21T23:30:32+02:00,2026-08-03,,18,NORMAL,"{'failed_gate': 'eps_growth', 'actual_value': 2.2157, 'applicable_threshold': 20.0, 'distance_to_threshold': 17.7843, 'distance_to_threshold_pct': 88.92150000000001, 'formula': 'minimo: distance = threshold - actual; pct = distance / abs(threshold) * 100'}"
PODD,Insulet Corp,finviz_prefilter,eps_growth,,price_min;market_cap_min;avg_volume_min;revenue_growth;eps_growth;eps_next_year;operating_margin;earnings_window,False,"{'revenue_growth_yoy': 23.51, 'eps_growth_yoy': 2.3476, 'eps_next_year': 18.65, 'operating_margin': 16.88}",,Finviz via finvizfinance screener views,2026-08-21T23:30:32+02:00,2026-08-05,,16,NORMAL,"{'failed_gate': 'eps_growth', 'actual_value': 2.3476, 'applicable_threshold': 30.0, 'distance_to_threshold': 27.6524, 'distance_to_threshold_pct': 92.17466666666667, 'formula': 'minimo: distance = threshold - actual; pct = distance / abs(threshold) * 100'}"
POOL,Pool Corp,finviz_prefilter,revenue_growth;eps_growth;eps_next_year,,price_min;market_cap_min;avg_volume_min;revenue_growth;eps_growth;eps_next_year;operating_margin;earnings_window,False,"{'revenue_growth_yoy': 2.15, 'eps_growth_yoy': 0.13999999999999999, 'eps_next_year': 7.68, 'operating_margin': 10.76}",,Finviz via finvizfinance screener views,2026-08-21T23:30:32+02:00,2026-07-23,,29,NORMAL,
POWI,Power Integrations Inc,finviz_prefilter,revenue_growth;eps_growth;operating_margin,,price_min;market_cap_min;avg_volume_min;revenue_growth;eps_growth;eps_next_year;operating_margin;earnings_window,False,"{'revenue_growth_yoy': 2.6599999999999997, 'eps_growth_yoy': 6.1358, 'eps_next_year': 32.86, 'operating_margin': 7.93}",,Finviz via finvizfinance screener views,2026-08-21T23:30:32+02:00,2026-08-05,,16,NORMAL,
PPC,Pilgrim's Pride Corp,finviz_prefilter,revenue_growth;eps_growth;operating_margin,,price_min;market_cap_min;avg_volume_min;revenue_growth;eps_growth;eps_next_year;operating_margin;earnings_window,False,"{'revenue_growth_yoy': -2.83, 'eps_growth_yoy': -96.24000000000001, 'eps_next_year': 19.37, 'operating_margin': 6.419999999999999}",,Finviz via finvizfinance screener views,2026-08-21T23:30:32+02:00,2026-07-29,,23,NORMAL,
PPLI,People Inc,finviz_prefilter,revenue_growth;eps_growth;eps_next_year;operating_margin,,price_min;market_cap_min;avg_volume_min;revenue_growth;eps_growth;eps_next_year;operating_margin;earnings_window,False,"{'revenue_growth_yoy': -25.590000000000003, 'eps_growth_yoy': 1.609, 'eps_next_year': -79.23, 'operating_margin': 0.9199999999999999}",,Finviz via finvizfinance screener views,2026-08-21T23:30:32+02:00,2026-08-03,,18,NORMAL,
PRVA,Privia Health Group Inc,finviz_prefilter,eps_growth;operating_margin,,price_min;market_cap_min;avg_volume_min;revenue_growth;eps_growth;eps_next_year;operating_margin;earnings_window,False,"{'revenue_growth_yoy': 21.39, 'eps_growth_yoy': 2.2823, 'eps_next_year': 59.48, 'operating_margin': 1.9}",,Finviz via finvizfinance screener views,2026-08-21T23:30:32+02:00,2026-08-06,,15,PEAD_WINDOW,
PTC,PTC Inc,finviz_prefilter,revenue_growth;eps_growth;eps_next_year,,price_min;market_cap_min;avg_volume_min;revenue_growth;eps_growth;eps_next_year;operating_margin;earnings_window,False,"{'revenue_growth_yoy': -6.819999999999999, 'eps_growth_yoy': -11.940000000000001, 'eps_next_year': 8.67, 'operating_margin': 39.78}",,Finviz via finvizfinance screener views,2026-08-21T23:30:32+02:00,2026-07-29,,23,NORMAL,
PTCT,PTC Therapeutics Inc,finviz_prefilter,eps_growth,,price_min;market_cap_min;avg_volume_min;revenue_growth;eps_growth;eps_next_year;operating_margin;earnings_window,False,"{'revenue_growth_yoy': 101.55000000000001, 'eps_growth_yoy': 2.106, 'eps_next_year': 114.77, 'operating_margin': 11.57}",,Finviz via finvizfinance screener views,2026-08-21T23:30:32+02:00,2026-07-30,,22,NORMAL,"{'failed_gate': 'eps_growth', 'actual_value': 2.106, 'applicable_threshold': 20.0, 'distance_to_threshold': 17.894, 'distance_to_threshold_pct': 89.47, 'formula': 'minimo: distance = threshold - actual; pct = distance / abs(threshold) * 100'}"
PTRN,Pattern Group Inc,finviz_prefilter,operating_margin,,price_min;market_cap_min;avg_volume_min;revenue_growth;eps_growth;eps_next_year;operating_margin;earnings_window,False,"{'revenue_growth_yoy': 46.58, 'eps_growth_yoy': 62.529999999999994, 'eps_next_year': 25.35, 'operating_margin': 1.3599999999999999}",,Finviz via finvizfinance screener views,2026-08-21T23:30:32+02:00,2026-08-05,,16,NORMAL,"{'failed_gate': 'operating_margin', 'actual_value': 1.3599999999999999, 'applicable_threshold': 8.0, 'distance_to_threshold': 6.640000000000001, 'distance_to_threshold_pct': 83.0, 'formula': 'minimo: distance = threshold - actual; pct = distance / abs(threshold) * 100'}"
PYPL,PayPal Holdings Inc,finviz_prefilter,revenue_growth;eps_growth;eps_next_year,,price_min;market_cap_min;avg_volume_min;revenue_growth;eps_growth;eps_next_year;operating_margin;earnings_window,False,"{'revenue_growth_yoy': 3.8, 'eps_growth_yoy': -3.02, 'eps_next_year': 7.55, 'operating_margin': 18.94}",,Finviz via finvizfinance screener views,2026-08-21T23:30:32+02:00,2026-07-28,,24,NORMAL,
QBTS,D-Wave Quantum Inc,finviz_prefilter,revenue_growth;eps_next_year;operating_margin,,price_min;market_cap_min;avg_volume_min;revenue_growth;eps_growth;eps_next_year;operating_margin;earnings_window,False,"{'revenue_growth_yoy': -0.61, 'eps_growth_yoy': 76.6, 'eps_next_year': -27.29, 'operating_margin': -13.7288}",,Finviz via finvizfinance screener views,2026-08-21T23:30:32+02:00,2026-08-06,,15,PEAD_WINDOW,
QCOM,Qualcomm Inc,finviz_prefilter,revenue_growth;eps_growth;eps_next_year,,price_min;market_cap_min;avg_volume_min;revenue_growth;eps_growth;eps_next_year;operating_margin;earnings_window,False,"{'revenue_growth_yoy': -4.03, 'eps_growth_yoy': -22.8, 'eps_next_year': -3.39, 'operating_margin': 23.5}",,Finviz via finvizfinance screener views,2026-08-21T23:30:32+02:00,2026-07-29,,23,NORMAL,
QLYS,Qualys Inc,finviz_prefilter,revenue_growth;eps_growth;eps_next_year,,price_min;market_cap_min;avg_volume_min;revenue_growth;eps_growth;eps_next_year;operating_margin;earnings_window,False,"{'revenue_growth_yoy': 11.92, 'eps_growth_yoy': 15.53, 'eps_next_year': 8.23, 'operating_margin': 35.04}",,Finviz via finvizfinance screener views,2026-08-21T23:30:32+02:00,2026-08-04,,17,NORMAL,
QRVO,Qorvo Inc,finviz_prefilter,revenue_growth;eps_growth;eps_next_year,,price_min;market_cap_min;avg_volume_min;revenue_growth;eps_growth;eps_next_year;operating_margin;earnings_window,False,"{'revenue_growth_yoy': -4.15, 'eps_growth_yoy': 2.5185, 'eps_next_year': 5.04, 'operating_margin': 18.17}",,Finviz via finvizfinance screener views,2026-08-21T23:30:32+02:00,2026-07-28,,24,NORMAL,
QURE,uniQure NV,finviz_prefilter,revenue_growth;eps_growth;operating_margin,,price_min;market_cap_min;avg_volume_min;revenue_growth;eps_growth;eps_next_year;operating_margin;earnings_window,False,"{'revenue_growth_yoy': 11.0, 'eps_growth_yoy': -77.81, 'eps_next_year': 23.77, 'operating_margin': -10.9318}",,Finviz via finvizfinance screener views,2026-08-21T23:30:32+02:00,2026-07-29,,23,NORMAL,
RARE,Ultragenyx Pharmaceutical Inc,finviz_prefilter,eps_growth;operating_margin,,price_min;market_cap_min;avg_volume_min;revenue_growth;eps_growth;eps_next_year;operating_margin;earnings_window,False,"{'revenue_growth_yoy': 28.53, 'eps_growth_yoy': 22.67, 'eps_next_year': 84.49, 'operating_margin': -73.77}",,Finviz via finvizfinance screener views,2026-08-21T23:30:32+02:00,2026-08-04,,17,NORMAL,
RDNT,Radnet Inc,finviz_prefilter,eps_growth;operating_margin,,price_min;market_cap_min;avg_volume_min;revenue_growth;eps_growth;eps_next_year;operating_margin;earnings_window,False,"{'revenue_growth_yoy': 24.990000000000002, 'eps_growth_yoy': -50.05, 'eps_next_year': 72.41, 'operating_margin': 4.63}",,Finviz via finvizfinance screener views,2026-08-21T23:30:32+02:00,2026-08-09,,12,PEAD_WINDOW,
REG,Regency Centers Corp,finviz_prefilter,revenue_growth;eps_growth;eps_next_year,,price_min;market_cap_min;avg_volume_min;revenue_growth;eps_growth;eps_next_year;operating_margin;earnings_window,False,"{'revenue_growth_yoy': 8.6, 'eps_growth_yoy': 8.67, 'eps_next_year': 3.86, 'operating_margin': 37.269999999999996}",,Finviz via finvizfinance screener views,2026-08-21T23:30:32+02:00,2026-07-29,,23,NORMAL,
REGN,Regeneron Pharmaceuticals Inc,finviz_prefilter,revenue_growth;eps_growth;eps_next_year,,price_min;market_cap_min;avg_volume_min;revenue_growth;eps_growth;eps_next_year;operating_margin;earnings_window,False,"{'revenue_growth_yoy': 16.73, 'eps_growth_yoy': -4.52, 'eps_next_year': 12.24, 'operating_margin': 26.87}",,Finviz via finvizfinance screener views,2026-08-21T23:30:32+02:00,2026-07-30,,22,NORMAL,
RELY,Remitly Global Inc,finviz_prefilter,eps_next_year,,price_min;market_cap_min;avg_volume_min;revenue_growth;eps_growth;eps_next_year;operating_margin;earnings_window,False,"{'revenue_growth_yoy': 20.23, 'eps_growth_yoy': 30.2584, 'eps_next_year': -23.35, 'operating_margin': 10.36}",,Finviz via finvizfinance screener views,2026-08-21T23:30:32+02:00,2026-08-05,,16,NORMAL,"{'failed_gate': 'eps_next_year', 'actual_value': -23.35, 'applicable_threshold': 15.0, 'distance_to_threshold': 38.35, 'distance_to_threshold_pct': 255.66666666666666, 'formula': 'minimo: distance = threshold - actual; pct = distance / abs(threshold) * 100'}"
REYN,Reynolds Consumer Products Inc,finviz_prefilter,revenue_growth;eps_growth;eps_next_year,,price_min;market_cap_min;avg_volume_min;revenue_growth;eps_growth;eps_next_year;operating_margin;earnings_window,False,"{'revenue_growth_yoy': 0.64, 'eps_growth_yoy': 21.0, 'eps_next_year': 4.22, 'operating_margin': 14.13}",,Finviz via finvizfinance screener views,2026-08-21T23:30:32+02:00,2026-07-29,,23,NORMAL,
RGEN,Repligen Corp,finviz_prefilter,revenue_growth;eps_growth,,price_min;market_cap_min;avg_volume_min;revenue_growth;eps_growth;eps_next_year;operating_margin;earnings_window,False,"{'revenue_growth_yoy': 11.93, 'eps_growth_yoy': -66.4, 'eps_next_year': 27.28, 'operating_margin': 9.030000000000001}",,Finviz via finvizfinance screener views,2026-08-21T23:30:32+02:00,2026-07-28,,24,NORMAL,
RGTI,Rigetti Computing Inc,finviz_prefilter,revenue_growth;eps_growth;eps_next_year;operating_margin,,price_min;market_cap_min;avg_volume_min;revenue_growth;eps_growth;eps_next_year;operating_margin;earnings_window,False,"{'revenue_growth_yoy': 1.8529, 'eps_growth_yoy': -18.72, 'eps_next_year': -4.35, 'operating_margin': -7.2762}",,Finviz via finvizfinance screener views,2026-08-21T23:30:32+02:00,2026-08-06,,15,PEAD_WINDOW,
RIOT,Riot Platforms Inc,finviz_prefilter,revenue_growth;eps_growth;operating_margin,,price_min;market_cap_min;avg_volume_min;revenue_growth;eps_growth;eps_next_year;operating_margin;earnings_window,False,"{'revenue_growth_yoy': 13.889999999999999, 'eps_growth_yoy': -2.1777, 'eps_next_year': 55.39, 'operating_margin': -74.16}",,Finviz via finvizfinance screener views,2026-08-21T23:30:32+02:00,2026-08-10,,11,PEAD_WINDOW,
RIVN,Rivian Automotive Inc,finviz_prefilter,operating_margin,,price_min;market_cap_min;avg_volume_min;revenue_growth;eps_growth;eps_next_year;operating_margin;earnings_window,False,"{'revenue_growth_yoy': 27.24, 'eps_growth_yoy': 34.99, 'eps_next_year': 17.36, 'operating_margin': -60.050000000000004}",,Finviz via finvizfinance screener views,2026-08-21T23:30:32+02:00,2026-07-30,,22,NORMAL,"{'failed_gate': 'operating_margin', 'actual_value': -60.050000000000004, 'applicable_threshold': 8.0, 'distance_to_threshold': 68.05000000000001, 'distance_to_threshold_pct': 850.6250000000001, 'formula': 'minimo: distance = threshold - actual; pct = distance / abs(threshold) * 100'}"
RKLB,Rocket Lab Corp,finviz_prefilter,operating_margin,,price_min;market_cap_min;avg_volume_min;revenue_growth;eps_growth;eps_next_year;operating_margin;earnings_window,False,"{'revenue_growth_yoy': 61.99, 'eps_growth_yoy': 39.33, 'eps_next_year': 84.63, 'operating_margin': -29.060000000000002}",,Finviz via finvizfinance screener views,2026-08-21T23:30:32+02:00,2026-08-10,,11,PEAD_WINDOW,"{'failed_gate': 'operating_margin', 'actual_value': -29.060000000000002, 'applicable_threshold': 8.0, 'distance_to_threshold': 37.06, 'distance_to_threshold_pct': 463.25, 'formula': 'minimo: distance = threshold - actual; pct = distance / abs(threshold) * 100'}"
RLAY,Relay Therapeutics Inc,finviz_prefilter,revenue_growth;eps_growth;eps_next_year;operating_margin,,price_min;market_cap_min;avg_volume_min;revenue_growth;eps_growth;eps_next_year;operating_margin;earnings_window,False,"{'revenue_growth_yoy': -48.3, 'eps_growth_yoy': -0.44, 'eps_next_year': -83.0, 'operating_margin': -29.9937}",,Finviz via finvizfinance screener views,2026-08-21T23:30:32+02:00,2026-08-06,,15,PEAD_WINDOW,
RMBS,Rambus Inc,finviz_prefilter,eps_growth,,price_min;market_cap_min;avg_volume_min;revenue_growth;eps_growth;eps_next_year;operating_margin;earnings_window,False,"{'revenue_growth_yoy': 20.43, 'eps_growth_yoy': 15.129999999999999, 'eps_next_year': 23.63, 'operating_margin': 35.949999999999996}",,Finviz via finvizfinance screener views,2026-08-21T23:30:32+02:00,2026-07-27,,25,NORMAL,"{'failed_gate': 'eps_growth', 'actual_value': 15.129999999999999, 'applicable_threshold': 30.0, 'distance_to_threshold': 14.870000000000001, 'distance_to_threshold_pct': 49.56666666666667, 'formula': 'minimo: distance = threshold - actual; pct = distance / abs(threshold) * 100'}"
ROIV,Roivant Sciences Ltd,finviz_prefilter,revenue_growth;eps_growth;eps_next_year;operating_margin,,price_min;market_cap_min;avg_volume_min;revenue_growth;eps_growth;eps_next_year;operating_margin;earnings_window,False,"{'revenue_growth_yoy': -33.550000000000004, 'eps_growth_yoy': 19.77, 'eps_next_year': 6.28, 'operating_margin': -181.4612}",,Finviz via finvizfinance screener views,2026-08-21T23:30:32+02:00,2026-08-06,,15,PEAD_WINDOW,
ROKU,Roku Inc,finviz_prefilter,eps_growth;operating_margin,,price_min;market_cap_min;avg_volume_min;revenue_growth;eps_growth;eps_next_year;operating_margin;earnings_window,False,"{'revenue_growth_yoy': 21.93, 'eps_growth_yoy': 14.4003, 'eps_next_year': 38.03, 'operating_margin': 5.25}",,Finviz via finvizfinance screener views,2026-08-21T23:30:32+02:00,2026-08-06,,15,PEAD_WINDOW,
ROP,Roper Technologies Inc,finviz_prefilter,revenue_growth;eps_growth;eps_next_year,,price_min;market_cap_min;avg_volume_min;revenue_growth;eps_growth;eps_next_year;operating_margin;earnings_window,False,"{'revenue_growth_yoy': 8.5, 'eps_growth_yoy': 2.3284, 'eps_next_year': 9.53, 'operating_margin': 27.97}",,Finviz via finvizfinance screener views,2026-08-21T23:30:32+02:00,2026-07-23,,29,NORMAL,
ROST,Ross Stores Inc,finviz_prefilter,revenue_growth;eps_next_year,,price_min;market_cap_min;avg_volume_min;revenue_growth;eps_growth;eps_next_year;operating_margin;earnings_window,False,"{'revenue_growth_yoy': 13.309999999999999, 'eps_growth_yoy': 70.08, 'eps_next_year': 6.49, 'operating_margin': 13.750000000000002}",,Finviz via finvizfinance screener views,2026-08-21T23:30:32+02:00,2026-08-20,,1,PEAD_WINDOW,
RPRX,Royalty Pharma plc,finviz_prefilter,revenue_growth;eps_growth;eps_next_year,,price_min;market_cap_min;avg_volume_min;revenue_growth;eps_growth;eps_next_year;operating_margin;earnings_window,False,"{'revenue_growth_yoy': 16.5, 'eps_growth_yoy': -43.580000000000005, 'eps_next_year': 7.65, 'operating_margin': 62.33}",,Finviz via finvizfinance screener views,2026-08-21T23:30:32+02:00,2026-08-05,,16,NORMAL,
RRR,Red Rock Resorts Inc,finviz_prefilter,revenue_growth;eps_growth;eps_next_year,,price_min;market_cap_min;avg_volume_min;revenue_growth;eps_growth;eps_next_year;operating_margin;earnings_window,False,"{'revenue_growth_yoy': -3.04, 'eps_growth_yoy': -29.330000000000002, 'eps_next_year': 8.9, 'operating_margin': 28.58}",,Finviz via finvizfinance screener views,2026-08-21T23:30:32+02:00,2026-08-04,,17,NORMAL,
RYTM,Rhythm Pharmaceuticals Inc,finviz_prefilter,eps_growth;operating_margin,,price_min;market_cap_min;avg_volume_min;revenue_growth;eps_growth;eps_next_year;operating_margin;earnings_window,False,"{'revenue_growth_yoy': 46.910000000000004, 'eps_growth_yoy': 2.55, 'eps_next_year': 77.78, 'operating_margin': -83.62}",,Finviz via finvizfinance screener views,2026-08-21T23:30:32+02:00,2026-08-04,,17,NORMAL,
SAIL,Sailpoint Inc,finviz_prefilter,operating_margin,,price_min;market_cap_min;avg_volume_min;revenue_growth;eps_growth;eps_next_year;operating_margin;earnings_window,False,"{'revenue_growth_yoy': 21.55, 'eps_growth_yoy': 65.12, 'eps_next_year': 24.35, 'operating_margin': -17.91}",,Finviz via finvizfinance screener views,2026-08-21T23:30:32+02:00,2026-09-09,19,,NORMAL,"{'failed_gate': 'operating_margin', 'actual_value': -17.91, 'applicable_threshold': 8.0, 'distance_to_threshold': 25.91, 'distance_to_threshold_pct': 323.875, 'formula': 'minimo: distance = threshold - actual; pct = distance / abs(threshold) * 100'}"
SANM,Sanmina Corp,finviz_prefilter,operating_margin,,price_min;market_cap_min;avg_volume_min;revenue_growth;eps_growth;eps_next_year;operating_margin;earnings_window,False,"{'revenue_growth_yoy': 69.67, 'eps_growth_yoy': 68.72, 'eps_next_year': 15.15, 'operating_margin': 5.489999999999999}",,Finviz via finvizfinance screener views,2026-08-21T23:30:32+02:00,2026-07-27,,25,NORMAL,"{'failed_gate': 'operating_margin', 'actual_value': 5.489999999999999, 'applicable_threshold': 8.0, 'distance_to_threshold': 2.5100000000000007, 'distance_to_threshold_pct': 31.375000000000007, 'formula': 'minimo: distance = threshold - actual; pct = distance / abs(threshold) * 100'}"
SBAC,SBA Communications Corp,finviz_prefilter,revenue_growth;eps_growth;eps_next_year,,price_min;market_cap_min;avg_volume_min;revenue_growth;eps_growth;eps_next_year;operating_margin;earnings_window,False,"{'revenue_growth_yoy': 2.33, 'eps_growth_yoy': -10.69, 'eps_next_year': 9.29, 'operating_margin': 53.7}",,Finviz via finvizfinance screener views,2026-08-21T23:30:32+02:00,2026-08-03,,18,NORMAL,
SBCF,Seacoast Banking Corp Of Florida,finviz_prefilter,eps_growth;eps_next_year,,price_min;market_cap_min;avg_volume_min;revenue_growth;eps_growth;eps_next_year;operating_margin;earnings_window,False,"{'revenue_growth_yoy': 30.009999999999998, 'eps_growth_yoy': 9.83, 'eps_next_year': 8.7, 'operating_margin': 24.52}",,Finviz via finvizfinance screener views,2026-08-21T23:30:32+02:00,2026-07-28,,24,NORMAL,
SBLK,Star Bulk Carriers Corp,finviz_prefilter,eps_next_year,,price_min;market_cap_min;avg_volume_min;revenue_growth;eps_growth;eps_next_year;operating_margin;earnings_window,False,"{'revenue_growth_yoy': 44.46, 'eps_growth_yoy': 4329.0, 'eps_next_year': -6.42, 'operating_margin': 27.839999999999996}",,Finviz via finvizfinance screener views,2026-08-21T23:30:32+02:00,2026-08-05,,16,NORMAL,"{'failed_gate': 'eps_next_year', 'actual_value': -6.42, 'applicable_threshold': 15.0, 'distance_to_threshold': 21.42, 'distance_to_threshold_pct': 142.8, 'formula': 'minimo: distance = threshold - actual; pct = distance / abs(threshold) * 100'}"
SBRA,Sabra Healthcare REIT Inc,finviz_prefilter,eps_growth,,price_min;market_cap_min;avg_volume_min;revenue_growth;eps_growth;eps_next_year;operating_margin;earnings_window,False,"{'revenue_growth_yoy': 25.2, 'eps_growth_yoy': -136.73, 'eps_next_year': 40.48, 'operating_margin': 18.8}",,Finviz via finvizfinance screener views,2026-08-21T23:30:32+02:00,2026-08-03,,18,NORMAL,"{'failed_gate': 'eps_growth', 'actual_value': -136.73, 'applicable_threshold': 30.0, 'distance_to_threshold': 166.73, 'distance_to_threshold_pct': 555.7666666666667, 'formula': 'minimo: distance = threshold - actual; pct = distance / abs(threshold) * 100'}"
SBUX,Starbucks Corp,finviz_prefilter,revenue_growth,,price_min;market_cap_min;avg_volume_min;revenue_growth;eps_growth;eps_next_year;operating_margin;earnings_window,False,"{'revenue_growth_yoy': -1.43, 'eps_growth_yoy': 86.59, 'eps_next_year': 20.62, 'operating_margin': 10.01}",,Finviz via finvizfinance screener views,2026-08-21T23:30:32+02:00,2026-07-29,,23,NORMAL,"{'failed_gate': 'revenue_growth', 'actual_value': -1.43, 'applicable_threshold': 20.0, 'distance_to_threshold': 21.43, 'distance_to_threshold_pct': 107.14999999999999, 'formula': 'minimo: distance = threshold - actual; pct = distance / abs(threshold) * 100'}"
SFD,Smithfield Foods Inc,finviz_prefilter,revenue_growth;eps_growth;eps_next_year,,price_min;market_cap_min;avg_volume_min;revenue_growth;eps_growth;eps_next_year;operating_margin;earnings_window,False,"{'revenue_growth_yoy': -3.7800000000000002, 'eps_growth_yoy': 25.759999999999998, 'eps_next_year': -1.6, 'operating_margin': 8.559999999999999}",,Finviz via finvizfinance screener views,2026-08-21T23:30:32+02:00,2026-08-11,,10,PEAD_WINDOW,
SFM,Sprouts Farmers Market Inc,finviz_prefilter,revenue_growth;eps_growth;eps_next_year;operating_margin,,price_min;market_cap_min;avg_volume_min;revenue_growth;eps_growth;eps_next_year;operating_margin;earnings_window,False,"{'revenue_growth_yoy': 4.74, 'eps_growth_yoy': 1.09, 'eps_next_year': 7.41, 'operating_margin': 7.489999999999999}",,Finviz via finvizfinance screener views,2026-08-21T23:30:32+02:00,2026-07-29,,23,NORMAL,
SFNC,Simmons First National Corp,finviz_prefilter,revenue_growth;eps_growth;eps_next_year;operating_margin,,price_min;market_cap_min;avg_volume_min;revenue_growth;eps_growth;eps_next_year;operating_margin;earnings_window,False,"{'revenue_growth_yoy': -0.69, 'eps_growth_yoy': 5.91, 'eps_next_year': 7.77, 'operating_margin': -74.6}",,Finviz via finvizfinance screener views,2026-08-21T23:30:32+02:00,2026-07-16,,36,NORMAL,
SHC,Sotera Health Co,finviz_prefilter,revenue_growth;eps_growth;eps_next_year,,price_min;market_cap_min;avg_volume_min;revenue_growth;eps_growth;eps_next_year;operating_margin;earnings_window,False,"{'revenue_growth_yoy': 9.180000000000001, 'eps_growth_yoy': 5.6738, 'eps_next_year': 9.16, 'operating_margin': 36.9}",,Finviz via finvizfinance screener views,2026-08-21T23:30:32+02:00,2026-08-06,,15,PEAD_WINDOW,
SHOO,Steven Madden Ltd,finviz_prefilter,revenue_growth;eps_growth,,price_min;market_cap_min;avg_volume_min;revenue_growth;eps_growth;eps_next_year;operating_margin;earnings_window,False,"{'revenue_growth_yoy': 19.12, 'eps_growth_yoy': 1.6898, 'eps_next_year': 26.6, 'operating_margin': 9.030000000000001}",,Finviz via finvizfinance screener views,2026-08-21T23:30:32+02:00,2026-07-30,,22,NORMAL,
SIRI,Sirius XM Holdings Inc,finviz_prefilter,revenue_growth;eps_growth;eps_next_year,,price_min;market_cap_min;avg_volume_min;revenue_growth;eps_growth;eps_next_year;operating_margin;earnings_window,False,"{'revenue_growth_yoy': 1.03, 'eps_growth_yoy': 23.51, 'eps_next_year': 8.81, 'operating_margin': 22.53}",,Finviz via finvizfinance screener views,2026-08-21T23:30:32+02:00,2026-07-30,,22,NORMAL,
SLDE,Slide Insurance Holdings Inc,finviz_prefilter,eps_next_year,,price_min;market_cap_min;avg_volume_min;revenue_growth;eps_growth;eps_next_year;operating_margin;earnings_window,False,"{'revenue_growth_yoy': 47.86, 'eps_growth_yoy': 90.44, 'eps_next_year': -148.0, 'operating_margin': 53.05}",,Finviz via finvizfinance screener views,2026-08-21T23:30:32+02:00,2026-07-28,,24,NORMAL,"{'failed_gate': 'eps_next_year', 'actual_value': -148.0, 'applicable_threshold': 15.0, 'distance_to_threshold': 163.0, 'distance_to_threshold_pct': 1086.6666666666667, 'formula': 'minimo: distance = threshold - actual; pct = distance / abs(threshold) * 100'}"
SLM,SLM Corp,finviz_prefilter,revenue_growth;eps_growth;eps_next_year,,price_min;market_cap_min;avg_volume_min;revenue_growth;eps_growth;eps_next_year;operating_margin;earnings_window,False,"{'revenue_growth_yoy': -2.76, 'eps_growth_yoy': -8.559999999999999, 'eps_next_year': 7.63, 'operating_margin': 42.43}",,Finviz via finvizfinance screener views,2026-08-21T23:30:32+02:00,2026-07-23,,29,NORMAL,
SMCI,Super Micro Computer Inc,finviz_prefilter,eps_growth;operating_margin,,price_min;market_cap_min;avg_volume_min;revenue_growth;eps_growth;eps_next_year;operating_margin;earnings_window,False,"{'revenue_growth_yoy': 93.16, 'eps_growth_yoy': 4.1857, 'eps_next_year': 23.27, 'operating_margin': 7.090000000000001}",,Finviz via finvizfinance screener views,2026-08-21T23:30:32+02:00,2026-08-11,,10,PEAD_WINDOW,
SMTC,Semtech Corp,finviz_prefilter,revenue_growth;eps_growth;earnings_window,,price_min;market_cap_min;avg_volume_min;revenue_growth;eps_growth;eps_next_year;operating_margin;earnings_window,False,"{'revenue_growth_yoy': 15.920000000000002, 'eps_growth_yoy': 25.46, 'eps_next_year': 44.08, 'operating_margin': 10.72}",,Finviz via finvizfinance screener views,2026-08-21T23:30:32+02:00,2026-08-25,4,,PRE_EARNINGS_BLACKOUT,
SNDK,Sandisk Corp,finviz_prefilter,revenue_growth,,price_min;market_cap_min;avg_volume_min;revenue_growth;eps_growth;eps_next_year;operating_margin;earnings_window,False,"{'revenue_growth_yoy': 3.7159, 'eps_growth_yoy': 280.1632, 'eps_next_year': 22.06, 'operating_margin': 61.58}",,Finviz via finvizfinance screener views,2026-08-21T23:30:32+02:00,2026-08-05,,16,NORMAL,"{'failed_gate': 'revenue_growth', 'actual_value': 3.7159, 'applicable_threshold': 20.0, 'distance_to_threshold': 16.2841, 'distance_to_threshold_pct': 81.42049999999999, 'formula': 'minimo: distance = threshold - actual; pct = distance / abs(threshold) * 100'}"
SNEX,StoneX Group Inc,finviz_prefilter,revenue_growth;eps_growth;operating_margin,,price_min;market_cap_min;avg_volume_min;revenue_growth;eps_growth;eps_next_year;operating_margin;earnings_window,False,"{'revenue_growth_yoy': 15.379999999999999, 'eps_growth_yoy': 22.57, 'eps_next_year': 137.0, 'operating_margin': 1.6500000000000001}",,Finviz via finvizfinance screener views,2026-08-21T23:30:32+02:00,2026-08-05,,16,NORMAL,
SNPS,Synopsys Inc,finviz_prefilter,eps_growth;earnings_window,,price_min;market_cap_min;avg_volume_min;revenue_growth;eps_growth;eps_next_year;operating_margin;earnings_window,False,"{'revenue_growth_yoy': 41.92, 'eps_growth_yoy': -96.02000000000001, 'eps_next_year': 17.04, 'operating_margin': 12.02}",,Finviz via finvizfinance screener views,2026-08-21T23:30:32+02:00,2026-08-26,5,,PRE_EARNINGS_BLACKOUT,
SOLS,Solstice Advanced Materials Inc,finviz_prefilter,revenue_growth;eps_growth,,price_min;market_cap_min;avg_volume_min;revenue_growth;eps_growth;eps_next_year;operating_margin;earnings_window,False,"{'revenue_growth_yoy': 11.129999999999999, 'eps_growth_yoy': 22.15, 'eps_next_year': 16.11, 'operating_margin': 16.900000000000002}",,Finviz via finvizfinance screener views,2026-08-21T23:30:32+02:00,2026-07-30,,22,NORMAL,
SSNC,SS&C Technologies Holdings Inc,finviz_prefilter,revenue_growth;eps_next_year,,price_min;market_cap_min;avg_volume_min;revenue_growth;eps_growth;eps_next_year;operating_margin;earnings_window,False,"{'revenue_growth_yoy': 10.34, 'eps_growth_yoy': 35.33, 'eps_next_year': 9.55, 'operating_margin': 24.36}",,Finviz via finvizfinance screener views,2026-08-21T23:30:32+02:00,2026-07-23,,29,NORMAL,
SSRM,SSR Mining Inc,finviz_prefilter,revenue_growth;eps_growth;eps_next_year,,price_min;market_cap_min;avg_volume_min;revenue_growth;eps_growth;eps_next_year;operating_margin;earnings_window,False,"{'revenue_growth_yoy': 9.46, 'eps_growth_yoy': 11.129999999999999, 'eps_next_year': 12.91, 'operating_margin': 42.3}",,Finviz via finvizfinance screener views,2026-08-21T23:30:32+02:00,2026-08-04,,17,NORMAL,
STEP,StepStone Group Inc,finviz_prefilter,revenue_growth;eps_growth;operating_margin,,price_min;market_cap_min;avg_volume_min;revenue_growth;eps_growth;eps_next_year;operating_margin;earnings_window,False,"{'revenue_growth_yoy': 13.200000000000001, 'eps_growth_yoy': -1.8616, 'eps_next_year': 37.32, 'operating_margin': -53.39}",,Finviz via finvizfinance screener views,2026-08-21T23:30:32+02:00,2026-08-06,,15,PEAD_WINDOW,
STOK,Stoke Therapeutics Inc,finviz_prefilter,revenue_growth;eps_growth;eps_next_year;operating_margin,,price_min;market_cap_min;avg_volume_min;revenue_growth;eps_growth;eps_next_year;operating_margin;earnings_window,False,"{'revenue_growth_yoy': -32.51, 'eps_growth_yoy': -131.96, 'eps_next_year': 2.2, 'operating_margin': -8.0969}",,Finviz via finvizfinance screener views,2026-08-21T23:30:32+02:00,2026-08-03,,18,NORMAL,
SUPN,Supernus Pharmaceuticals Inc,finviz_prefilter,eps_growth;operating_margin,,price_min;market_cap_min;avg_volume_min;revenue_growth;eps_growth;eps_next_year;operating_margin;earnings_window,False,"{'revenue_growth_yoy': 32.4, 'eps_growth_yoy': -3.5307, 'eps_next_year': 73.88, 'operating_margin': -7.7299999999999995}",,Finviz via finvizfinance screener views,2026-08-21T23:30:32+02:00,2026-08-03,,18,NORMAL,
SWKS,Skyworks Solutions Inc,finviz_prefilter,revenue_growth;eps_growth;eps_next_year,,price_min;market_cap_min;avg_volume_min;revenue_growth;eps_growth;eps_next_year;operating_margin;earnings_window,False,"{'revenue_growth_yoy': -3.1300000000000003, 'eps_growth_yoy': -67.95, 'eps_next_year': -1.57, 'operating_margin': 8.7}",,Finviz via finvizfinance screener views,2026-08-21T23:30:32+02:00,2026-07-28,,24,NORMAL,
SYM,Symbotic Inc,finviz_prefilter,eps_growth;operating_margin,,price_min;market_cap_min;avg_volume_min;revenue_growth;eps_growth;eps_next_year;operating_margin;earnings_window,False,"{'revenue_growth_yoy': 21.740000000000002, 'eps_growth_yoy': 2.6162, 'eps_next_year': 35.77, 'operating_margin': 1.43}",,Finviz via finvizfinance screener views,2026-08-21T23:30:32+02:00,2026-08-05,,16,NORMAL,
SYNA,Synaptics Inc,finviz_prefilter,revenue_growth;eps_growth;operating_margin,,price_min;market_cap_min;avg_volume_min;revenue_growth;eps_growth;eps_next_year;operating_margin;earnings_window,False,"{'revenue_growth_yoy': 8.91, 'eps_growth_yoy': -93.6708, 'eps_next_year': 25.53, 'operating_margin': -2.93}",,Finviz via finvizfinance screener views,2026-08-21T23:30:32+02:00,2026-08-06,,15,PEAD_WINDOW,
TARS,Tarsus Pharmaceuticals Inc,finviz_prefilter,eps_growth;operating_margin,,price_min;market_cap_min;avg_volume_min;revenue_growth;eps_growth;eps_next_year;operating_margin;earnings_window,False,"{'revenue_growth_yoy': 69.41000000000001, 'eps_growth_yoy': 10.97, 'eps_next_year': 162.34, 'operating_margin': -8.0}",,Finviz via finvizfinance screener views,2026-08-21T23:30:32+02:00,2026-08-06,,15,PEAD_WINDOW,
TEAM,Atlassian Corp,finviz_prefilter,eps_growth;operating_margin,,price_min;market_cap_min;avg_volume_min;revenue_growth;eps_growth;eps_next_year;operating_margin;earnings_window,False,"{'revenue_growth_yoy': 27.6, 'eps_growth_yoy': 7.0374, 'eps_next_year': 21.63, 'operating_margin': 4.22}",,Finviz via finvizfinance screener views,2026-08-21T23:30:32+02:00,2026-08-06,,15,PEAD_WINDOW,
TECH,Bio-Techne Corp,finviz_prefilter,revenue_growth;eps_growth;eps_next_year,,price_min;market_cap_min;avg_volume_min;revenue_growth;eps_growth;eps_next_year;operating_margin;earnings_window,False,"{'revenue_growth_yoy': 1.3299999999999998, 'eps_growth_yoy': 4.0437, 'eps_next_year': 13.85, 'operating_margin': 22.05}",,Finviz via finvizfinance screener views,2026-08-21T23:30:32+02:00,2026-08-12,,9,PEAD_WINDOW,
TEM,Tempus AI Inc,finviz_prefilter,operating_margin,,price_min;market_cap_min;avg_volume_min;revenue_growth;eps_growth;eps_next_year;operating_margin;earnings_window,False,"{'revenue_growth_yoy': 21.560000000000002, 'eps_growth_yoy': 112.51, 'eps_next_year': 113.46, 'operating_margin': -18.92}",,Finviz via finvizfinance screener views,2026-08-21T23:30:32+02:00,2026-07-30,,22,NORMAL,"{'failed_gate': 'operating_margin', 'actual_value': -18.92, 'applicable_threshold': 8.0, 'distance_to_threshold': 26.92, 'distance_to_threshold_pct': 336.5, 'formula': 'minimo: distance = threshold - actual; pct = distance / abs(threshold) * 100'}"
TENB,Tenable Holdings Inc,finviz_prefilter,revenue_growth;eps_next_year;operating_margin,,price_min;market_cap_min;avg_volume_min;revenue_growth;eps_growth;eps_next_year;operating_margin;earnings_window,False,"{'revenue_growth_yoy': 8.58, 'eps_growth_yoy': 127.47, 'eps_next_year': 9.93, 'operating_margin': 4.2}",,Finviz via finvizfinance screener views,2026-08-21T23:30:32+02:00,2026-07-29,,23,NORMAL,
TER,Teradyne Inc,finviz_prefilter,eps_growth,,price_min;market_cap_min;avg_volume_min;revenue_growth;eps_growth;eps_next_year;operating_margin;earnings_window,False,"{'revenue_growth_yoy': 103.99000000000001, 'eps_growth_yoy': 3.8531, 'eps_next_year': 27.62, 'operating_margin': 30.880000000000003}",,Finviz via finvizfinance screener views,2026-08-21T23:30:32+02:00,2026-07-28,,24,NORMAL,"{'failed_gate': 'eps_growth', 'actual_value': 3.8531, 'applicable_threshold': 20.0, 'distance_to_threshold': 16.1469, 'distance_to_threshold_pct': 80.7345, 'formula': 'minimo: distance = threshold - actual; pct = distance / abs(threshold) * 100'}"
TFSL,TFS Financial Corp,finviz_prefilter,revenue_growth;eps_next_year,,price_min;market_cap_min;avg_volume_min;revenue_growth;eps_growth;eps_next_year;operating_margin;earnings_window,False,"{'revenue_growth_yoy': 5.8999999999999995, 'eps_growth_yoy': 44.18, 'eps_next_year': 8.33, 'operating_margin': 15.659999999999998}",,Finviz via finvizfinance screener views,2026-08-21T23:30:32+02:00,2026-07-30,,22,NORMAL,
TGTX,TG Therapeutics Inc,finviz_prefilter,eps_growth,,price_min;market_cap_min;avg_volume_min;revenue_growth;eps_growth;eps_next_year;operating_margin;earnings_window,False,"{'revenue_growth_yoy': 70.27, 'eps_growth_yoy': -71.45, 'eps_next_year': 185.24, 'operating_margin': 17.05}",,Finviz via finvizfinance screener views,2026-08-21T23:30:32+02:00,2026-08-03,,18,NORMAL,"{'failed_gate': 'eps_growth', 'actual_value': -71.45, 'applicable_threshold': 20.0, 'distance_to_threshold': 91.45, 'distance_to_threshold_pct': 457.25, 'formula': 'minimo: distance = threshold - actual; pct = distance / abs(threshold) * 100'}"
TIGO,Millicom International Cellular SA,finviz_prefilter,eps_growth,,price_min;market_cap_min;avg_volume_min;revenue_growth;eps_growth;eps_next_year;operating_margin;earnings_window,False,"{'revenue_growth_yoy': 58.81999999999999, 'eps_growth_yoy': -83.91, 'eps_next_year': 47.35, 'operating_margin': 23.01}",,Finviz via finvizfinance screener views,2026-08-21T23:30:32+02:00,2026-08-06,,15,PEAD_WINDOW,"{'failed_gate': 'eps_growth', 'actual_value': -83.91, 'applicable_threshold': 20.0, 'distance_to_threshold': 103.91, 'distance_to_threshold_pct': 519.55, 'formula': 'minimo: distance = threshold - actual; pct = distance / abs(threshold) * 100'}"
TLN,Talen Energy Corp,finviz_prefilter,revenue_growth;eps_growth,,price_min;market_cap_min;avg_volume_min;revenue_growth;eps_growth;eps_next_year;operating_margin;earnings_window,False,"{'revenue_growth_yoy': 3.2300000000000004, 'eps_growth_yoy': -2.3335, 'eps_next_year': 52.91, 'operating_margin': 31.09}",,Finviz via finvizfinance screener views,2026-08-21T23:30:32+02:00,2026-08-05,,16,NORMAL,
TMDX,Transmedics Group Inc,finviz_prefilter,eps_growth,,price_min;market_cap_min;avg_volume_min;revenue_growth;eps_growth;eps_next_year;operating_margin;earnings_window,False,"{'revenue_growth_yoy': 20.7, 'eps_growth_yoy': -55.84, 'eps_next_year': 54.47, 'operating_margin': 12.21}",,Finviz via finvizfinance screener views,2026-08-21T23:30:32+02:00,2026-08-04,,17,NORMAL,"{'failed_gate': 'eps_growth', 'actual_value': -55.84, 'applicable_threshold': 30.0, 'distance_to_threshold': 85.84, 'distance_to_threshold_pct': 286.1333333333333, 'formula': 'minimo: distance = threshold - actual; pct = distance / abs(threshold) * 100'}"
TMUS,T-Mobile US Inc,finviz_prefilter,revenue_growth;eps_growth,,price_min;market_cap_min;avg_volume_min;revenue_growth;eps_growth;eps_next_year;operating_margin;earnings_window,False,"{'revenue_growth_yoy': 7.85, 'eps_growth_yoy': 5.4, 'eps_next_year': 27.43, 'operating_margin': 21.17}",,Finviz via finvizfinance screener views,2026-08-21T23:30:32+02:00,2026-07-23,,29,NORMAL,
TNGX,Tango Therapeutics Inc,finviz_prefilter,revenue_growth;eps_growth;eps_next_year;operating_margin,,price_min;market_cap_min;avg_volume_min;revenue_growth;eps_growth;eps_next_year;operating_margin;earnings_window,False,"{'revenue_growth_yoy': -100.0, 'eps_growth_yoy': -5.04, 'eps_next_year': -18.0, 'operating_margin': -2.5338}",,Finviz via finvizfinance screener views,2026-08-21T23:30:32+02:00,2026-08-11,,10,PEAD_WINDOW,
TPG,TPG Inc,finviz_prefilter,eps_growth,,price_min;market_cap_min;avg_volume_min;revenue_growth;eps_growth;eps_next_year;operating_margin;earnings_window,False,"{'revenue_growth_yoy': 99.00999999999999, 'eps_growth_yoy': 8.3283, 'eps_next_year': 26.83, 'operating_margin': 15.36}",,Finviz via finvizfinance screener views,2026-08-21T23:30:32+02:00,2026-08-04,,17,NORMAL,"{'failed_gate': 'eps_growth', 'actual_value': 8.3283, 'applicable_threshold': 20.0, 'distance_to_threshold': 11.6717, 'distance_to_threshold_pct': 58.3585, 'formula': 'minimo: distance = threshold - actual; pct = distance / abs(threshold) * 100'}"
TRI,Thomson-Reuters Corp,finviz_prefilter,revenue_growth;eps_next_year,,price_min;market_cap_min;avg_volume_min;revenue_growth;eps_growth;eps_next_year;operating_margin;earnings_window,False,"{'revenue_growth_yoy': 9.47, 'eps_growth_yoy': 47.38, 'eps_next_year': 14.33, 'operating_margin': 26.85}",,Finviz via finvizfinance screener views,2026-08-21T23:30:32+02:00,2026-08-05,,16,NORMAL,
TRMB,Trimble Inc,finviz_prefilter,revenue_growth;eps_growth;eps_next_year,,price_min;market_cap_min;avg_volume_min;revenue_growth;eps_growth;eps_next_year;operating_margin;earnings_window,False,"{'revenue_growth_yoy': 11.0, 'eps_growth_yoy': -6.4378, 'eps_next_year': 12.37, 'operating_margin': 18.67}",,Finviz via finvizfinance screener views,2026-08-21T23:30:32+02:00,2026-08-12,,9,PEAD_WINDOW,
TROW,T. Rowe Price Group Inc,finviz_prefilter,revenue_growth;eps_growth,,price_min;market_cap_min;avg_volume_min;revenue_growth;eps_growth;eps_next_year;operating_margin;earnings_window,False,"{'revenue_growth_yoy': 10.68, 'eps_growth_yoy': 28.62, 'eps_next_year': 28.000000000000004, 'operating_margin': 36.93}",,Finviz via finvizfinance screener views,2026-08-21T23:30:32+02:00,2026-07-31,,21,NORMAL,
TSCO,Tractor Supply Co,finviz_prefilter,revenue_growth;eps_growth;eps_next_year,,price_min;market_cap_min;avg_volume_min;revenue_growth;eps_growth;eps_next_year;operating_margin;earnings_window,False,"{'revenue_growth_yoy': 2.29, 'eps_growth_yoy': -14.899999999999999, 'eps_next_year': 6.03, 'operating_margin': 8.91}",,Finviz via finvizfinance screener views,2026-08-21T23:30:32+02:00,2026-07-23,,29,NORMAL,
TSLA,Tesla Inc,finviz_prefilter,eps_growth;operating_margin,,price_min;market_cap_min;avg_volume_min;revenue_growth;eps_growth;eps_next_year;operating_margin;earnings_window,False,"{'revenue_growth_yoy': 25.52, 'eps_growth_yoy': -5.5, 'eps_next_year': 33.04, 'operating_margin': 4.61}",,Finviz via finvizfinance screener views,2026-08-21T23:30:32+02:00,2026-07-22,,30,NORMAL,
TTAN,ServiceTitan Inc,finviz_prefilter,operating_margin,,price_min;market_cap_min;avg_volume_min;revenue_growth;eps_growth;eps_next_year;operating_margin;earnings_window,False,"{'revenue_growth_yoy': 24.63, 'eps_growth_yoy': 53.2, 'eps_next_year': 25.18, 'operating_margin': -13.94}",,Finviz via finvizfinance screener views,2026-08-21T23:30:32+02:00,2026-09-08,18,,NORMAL,"{'failed_gate': 'operating_margin', 'actual_value': -13.94, 'applicable_threshold': 8.0, 'distance_to_threshold': 21.939999999999998, 'distance_to_threshold_pct': 274.25, 'formula': 'minimo: distance = threshold - actual; pct = distance / abs(threshold) * 100'}"
TTEK,Tetra Tech Inc,finviz_prefilter,revenue_growth;eps_growth;eps_next_year,,price_min;market_cap_min;avg_volume_min;revenue_growth;eps_growth;eps_next_year;operating_margin;earnings_window,False,"{'revenue_growth_yoy': -4.47, 'eps_growth_yoy': -1.8599999999999999, 'eps_next_year': 10.19, 'operating_margin': 11.73}",,Finviz via finvizfinance screener views,2026-08-21T23:30:32+02:00,2026-07-29,,23,NORMAL,
TTWO,Take-Two Interactive Software Inc,finviz_prefilter,revenue_growth;eps_growth;operating_margin,,price_min;market_cap_min;avg_volume_min;revenue_growth;eps_growth;eps_next_year;operating_margin;earnings_window,False,"{'revenue_growth_yoy': 2.0, 'eps_growth_yoy': -1.7827, 'eps_next_year': 49.23, 'operating_margin': -0.96}",,Finviz via finvizfinance screener views,2026-08-21T23:30:32+02:00,2026-08-07,,14,PEAD_WINDOW,
TVTX,Travere Therapeutics Inc,finviz_prefilter,eps_growth;operating_margin,,price_min;market_cap_min;avg_volume_min;revenue_growth;eps_growth;eps_next_year;operating_margin;earnings_window,False,"{'revenue_growth_yoy': 48.17, 'eps_growth_yoy': -1.5955, 'eps_next_year': 9888.53, 'operating_margin': -6.84}",,Finviz via finvizfinance screener views,2026-08-21T23:30:32+02:00,2026-08-04,,17,NORMAL,
TW,Tradeweb Markets Inc,finviz_prefilter,revenue_growth;eps_growth;eps_next_year,,price_min;market_cap_min;avg_volume_min;revenue_growth;eps_growth;eps_next_year;operating_margin;earnings_window,False,"{'revenue_growth_yoy': 8.959999999999999, 'eps_growth_yoy': 19.18, 'eps_next_year': 13.59, 'operating_margin': 43.61}",,Finviz via finvizfinance screener views,2026-08-21T23:30:32+02:00,2026-07-30,,22,NORMAL,
TWST,Twist Bioscience Corp,finviz_prefilter,eps_growth;operating_margin,,price_min;market_cap_min;avg_volume_min;revenue_growth;eps_growth;eps_next_year;operating_margin;earnings_window,False,"{'revenue_growth_yoy': 23.24, 'eps_growth_yoy': -2.6848, 'eps_next_year': 35.08, 'operating_margin': -31.91}",,Finviz via finvizfinance screener views,2026-08-21T23:30:32+02:00,2026-08-03,,18,NORMAL,
TXG,10x Genomics Inc,finviz_prefilter,revenue_growth;eps_growth;eps_next_year;operating_margin,,price_min;market_cap_min;avg_volume_min;revenue_growth;eps_growth;eps_next_year;operating_margin;earnings_window,False,"{'revenue_growth_yoy': -12.65, 'eps_growth_yoy': -149.75, 'eps_next_year': 3.63, 'operating_margin': -14.12}",,Finviz via finvizfinance screener views,2026-08-21T23:30:32+02:00,2026-08-06,,15,PEAD_WINDOW,
TXRH,Texas Roadhouse Inc,finviz_prefilter,revenue_growth;eps_growth,,price_min;market_cap_min;avg_volume_min;revenue_growth;eps_growth;eps_next_year;operating_margin;earnings_window,False,"{'revenue_growth_yoy': 11.110000000000001, 'eps_growth_yoy': -0.72, 'eps_next_year': 18.34, 'operating_margin': 8.24}",,Finviz via finvizfinance screener views,2026-08-21T23:30:32+02:00,2026-08-06,,15,PEAD_WINDOW,
UAL,United Airlines Holdings Inc,finviz_prefilter,revenue_growth;eps_growth;operating_margin,,price_min;market_cap_min;avg_volume_min;revenue_growth;eps_growth;eps_next_year;operating_margin;earnings_window,False,"{'revenue_growth_yoy': 15.989999999999998, 'eps_growth_yoy': -17.11, 'eps_next_year': 46.9, 'operating_margin': 6.77}",,Finviz via finvizfinance screener views,2026-08-21T23:30:32+02:00,2026-07-15,,37,NORMAL,
UBSI,United Bankshares Inc,finviz_prefilter,revenue_growth;eps_growth;eps_next_year,,price_min;market_cap_min;avg_volume_min;revenue_growth;eps_growth;eps_next_year;operating_margin;earnings_window,False,"{'revenue_growth_yoy': 0.9199999999999999, 'eps_growth_yoy': 12.11, 'eps_next_year': 4.04, 'operating_margin': 35.0}",,Finviz via finvizfinance screener views,2026-08-21T23:30:32+02:00,2026-07-23,,29,NORMAL,
UCTT,Ultra Clean Hldgs Inc,finviz_prefilter,operating_margin,,price_min;market_cap_min;avg_volume_min;revenue_growth;eps_growth;eps_next_year;operating_margin;earnings_window,False,"{'revenue_growth_yoy': 24.310000000000002, 'eps_growth_yoy': 105.25999999999999, 'eps_next_year': 106.91, 'operating_margin': 2.8400000000000003}",,Finviz via finvizfinance screener views,2026-08-21T23:30:32+02:00,2026-08-03,,18,NORMAL,"{'failed_gate': 'operating_margin', 'actual_value': 2.8400000000000003, 'applicable_threshold': 8.0, 'distance_to_threshold': 5.16, 'distance_to_threshold_pct': 64.5, 'formula': 'minimo: distance = threshold - actual; pct = distance / abs(threshold) * 100'}"
UPST,Upstart Holdings Inc,finviz_prefilter,eps_growth;operating_margin,,price_min;market_cap_min;avg_volume_min;revenue_growth;eps_growth;eps_next_year;operating_margin;earnings_window,False,"{'revenue_growth_yoy': 41.75, 'eps_growth_yoy': 1.855, 'eps_next_year': 163.29, 'operating_margin': 3.9899999999999998}",,Finviz via finvizfinance screener views,2026-08-21T23:30:32+02:00,2026-08-04,,17,NORMAL,
URBN,Urban Outfitters Inc,finviz_prefilter,revenue_growth;eps_growth;eps_next_year;earnings_window,,price_min;market_cap_min;avg_volume_min;revenue_growth;eps_growth;eps_next_year;operating_margin;earnings_window,False,"{'revenue_growth_yoy': 11.42, 'eps_growth_yoy': 12.41, 'eps_next_year': 9.7, 'operating_margin': 9.8}",,Finviz via finvizfinance screener views,2026-08-21T23:30:32+02:00,2026-08-26,5,,PRE_EARNINGS_BLACKOUT,
URGN,UroGen Pharma Ltd,finviz_prefilter,revenue_growth;operating_margin,,price_min;market_cap_min;avg_volume_min;revenue_growth;eps_growth;eps_next_year;operating_margin;earnings_window,False,"{'revenue_growth_yoy': 1.9922, 'eps_growth_yoy': 72.78, 'eps_next_year': 1223.7, 'operating_margin': -35.32}",,Finviz via finvizfinance screener views,2026-08-21T23:30:32+02:00,2026-08-05,,16,NORMAL,
USAR,USA Rare Earth Inc,finviz_prefilter,operating_margin,revenue_growth;eps_growth,price_min;market_cap_min;avg_volume_min;eps_next_year;operating_margin;earnings_window,False,"{'revenue_growth_yoy': None, 'eps_growth_yoy': 96.87, 'eps_next_year': 76.57, 'operating_margin': -9.4948}",,Finviz via finvizfinance screener views,2026-08-21T23:30:32+02:00,2026-08-10,,11,PEAD_WINDOW,"{'failed_gate': 'operating_margin', 'actual_value': -9.4948, 'applicable_threshold': 8.0, 'distance_to_threshold': 17.494799999999998, 'distance_to_threshold_pct': 218.68499999999997, 'formula': 'minimo: distance = threshold - actual; pct = distance / abs(threshold) * 100'}"
VCYT,Veracyte Inc,finviz_prefilter,revenue_growth;eps_growth;eps_next_year,,price_min;market_cap_min;avg_volume_min;revenue_growth;eps_growth;eps_next_year;operating_margin;earnings_window,False,"{'revenue_growth_yoy': 15.49, 'eps_growth_yoy': 25.848, 'eps_next_year': 2.14, 'operating_margin': 17.22}",,Finviz via finvizfinance screener views,2026-08-21T23:30:32+02:00,2026-07-30,,22,NORMAL,
VECO,Veeco Instruments Inc,finviz_prefilter,revenue_growth;eps_growth;operating_margin,,price_min;market_cap_min;avg_volume_min;revenue_growth;eps_growth;eps_next_year;operating_margin;earnings_window,False,"{'revenue_growth_yoy': 16.48, 'eps_growth_yoy': -9.8, 'eps_next_year': 111.2, 'operating_margin': 4.26}",,Finviz via finvizfinance screener views,2026-08-21T23:30:32+02:00,2026-08-05,,16,NORMAL,
VIAV,Viavi Solutions Inc,finviz_prefilter,eps_growth,,price_min;market_cap_min;avg_volume_min;revenue_growth;eps_growth;eps_next_year;operating_margin;earnings_window,False,"{'revenue_growth_yoy': 52.53, 'eps_growth_yoy': 2.5597, 'eps_next_year': 18.68, 'operating_margin': 10.97}",,Finviz via finvizfinance screener views,2026-08-21T23:30:32+02:00,2026-08-05,,16,NORMAL,"{'failed_gate': 'eps_growth', 'actual_value': 2.5597, 'applicable_threshold': 20.0, 'distance_to_threshold': 17.4403, 'distance_to_threshold_pct': 87.2015, 'formula': 'minimo: distance = threshold - actual; pct = distance / abs(threshold) * 100'}"
VICR,Vicor Corp,finviz_prefilter,eps_growth,,price_min;market_cap_min;avg_volume_min;revenue_growth;eps_growth;eps_next_year;operating_margin;earnings_window,False,"{'revenue_growth_yoy': 49.25, 'eps_growth_yoy': 14.17, 'eps_next_year': 73.22, 'operating_margin': 18.64}",,Finviz via finvizfinance screener views,2026-08-21T23:30:32+02:00,2026-07-21,,31,NORMAL,"{'failed_gate': 'eps_growth', 'actual_value': 14.17, 'applicable_threshold': 20.0, 'distance_to_threshold': 5.83, 'distance_to_threshold_pct': 29.15, 'formula': 'minimo: distance = threshold - actual; pct = distance / abs(threshold) * 100'}"
VNOM,Viper Energy Inc,finviz_prefilter,eps_growth;eps_next_year,,price_min;market_cap_min;avg_volume_min;revenue_growth;eps_growth;eps_next_year;operating_margin;earnings_window,False,"{'revenue_growth_yoy': 129.26999999999998, 'eps_growth_yoy': 1.5799, 'eps_next_year': -7.99, 'operating_margin': 48.86}",,Finviz via finvizfinance screener views,2026-08-21T23:30:32+02:00,2026-08-03,,18,NORMAL,
VRDN,Viridian Therapeutics Inc,finviz_prefilter,revenue_growth;eps_growth;operating_margin,,price_min;market_cap_min;avg_volume_min;revenue_growth;eps_growth;eps_next_year;operating_margin;earnings_window,False,"{'revenue_growth_yoy': 2.7867, 'eps_growth_yoy': 4.5600000000000005, 'eps_next_year': 34.08, 'operating_margin': -5.6968}",,Finviz via finvizfinance screener views,2026-08-21T23:30:32+02:00,2026-08-06,,15,PEAD_WINDOW,
VRNS,Varonis Systems Inc,finviz_prefilter,revenue_growth;eps_growth;operating_margin,,price_min;market_cap_min;avg_volume_min;revenue_growth;eps_growth;eps_next_year;operating_margin;earnings_window,False,"{'revenue_growth_yoy': 18.84, 'eps_growth_yoy': -27.529999999999998, 'eps_next_year': 178.96, 'operating_margin': -24.01}",,Finviz via finvizfinance screener views,2026-08-21T23:30:32+02:00,2026-07-28,,24,NORMAL,
VRSK,Verisk Analytics Inc,finviz_prefilter,revenue_growth;eps_growth;eps_next_year,,price_min;market_cap_min;avg_volume_min;revenue_growth;eps_growth;eps_next_year;operating_margin;earnings_window,False,"{'revenue_growth_yoy': 4.36, 'eps_growth_yoy': -3.2099999999999995, 'eps_next_year': 12.67, 'operating_margin': 44.81}",,Finviz via finvizfinance screener views,2026-08-21T23:30:32+02:00,2026-07-29,,23,NORMAL,
VRSN,Verisign Inc,finviz_prefilter,revenue_growth;eps_growth;eps_next_year,,price_min;market_cap_min;avg_volume_min;revenue_growth;eps_growth;eps_next_year;operating_margin;earnings_window,False,"{'revenue_growth_yoy': 6.03, 'eps_growth_yoy': 7.71, 'eps_next_year': 13.27, 'operating_margin': 67.86}",,Finviz via finvizfinance screener views,2026-08-21T23:30:32+02:00,2026-07-23,,29,NORMAL,
VRTX,Vertex Pharmaceuticals Inc,finviz_prefilter,revenue_growth;eps_growth;eps_next_year,,price_min;market_cap_min;avg_volume_min;revenue_growth;eps_growth;eps_next_year;operating_margin;earnings_window,False,"{'revenue_growth_yoy': 11.99, 'eps_growth_yoy': 8.02, 'eps_next_year': 14.19, 'operating_margin': 39.54}",,Finviz via finvizfinance screener views,2026-08-21T23:30:32+02:00,2026-08-03,,18,NORMAL,
VSAT,Viasat Inc,finviz_prefilter,revenue_growth;eps_growth;eps_next_year;operating_margin,,price_min;market_cap_min;avg_volume_min;revenue_growth;eps_growth;eps_next_year;operating_margin;earnings_window,False,"{'revenue_growth_yoy': -1.24, 'eps_growth_yoy': 12.030000000000001, 'eps_next_year': -149.0, 'operating_margin': 2.35}",,Finviz via finvizfinance screener views,2026-08-21T23:30:32+02:00,2026-08-04,,17,NORMAL,
VSNT,Versant Media Group Inc,finviz_prefilter,revenue_growth;eps_growth,,price_min;market_cap_min;avg_volume_min;revenue_growth;eps_growth;eps_next_year;operating_margin;earnings_window,False,"{'revenue_growth_yoy': -3.75, 'eps_growth_yoy': -28.54, 'eps_next_year': 63.27, 'operating_margin': 19.29}",,Finviz via finvizfinance screener views,2026-08-21T23:30:32+02:00,2026-08-06,,15,PEAD_WINDOW,
VTRS,Viatris Inc,finviz_prefilter,revenue_growth;eps_growth;eps_next_year,,price_min;market_cap_min;avg_volume_min;revenue_growth;eps_growth;eps_next_year;operating_margin;earnings_window,False,"{'revenue_growth_yoy': 5.050000000000001, 'eps_growth_yoy': -25.1795, 'eps_next_year': 7.02, 'operating_margin': 9.69}",,Finviz via finvizfinance screener views,2026-08-21T23:30:32+02:00,2026-08-06,,15,PEAD_WINDOW,
WAY,Waystar Holding Corp,finviz_prefilter,revenue_growth;eps_growth;eps_next_year,,price_min;market_cap_min;avg_volume_min;revenue_growth;eps_growth;eps_next_year;operating_margin;earnings_window,False,"{'revenue_growth_yoy': 18.11, 'eps_growth_yoy': 18.57, 'eps_next_year': 12.48, 'operating_margin': 25.36}",,Finviz via finvizfinance screener views,2026-08-21T23:30:32+02:00,2026-07-29,,23,NORMAL,
WBD,Warner Bros. Discovery Inc,finviz_prefilter,revenue_growth;eps_growth;operating_margin,,price_min;market_cap_min;avg_volume_min;revenue_growth;eps_growth;eps_next_year;operating_margin;earnings_window,False,"{'revenue_growth_yoy': -11.07, 'eps_growth_yoy': -90.84, 'eps_next_year': 101.21, 'operating_margin': 7.000000000000001}",,Finviz via finvizfinance screener views,2026-08-21T23:30:32+02:00,2026-08-06,,15,PEAD_WINDOW,
WDAY,Workday Inc,finviz_prefilter,revenue_growth;eps_growth;earnings_window,,price_min;market_cap_min;avg_volume_min;revenue_growth;eps_growth;eps_next_year;operating_margin;earnings_window,False,"{'revenue_growth_yoy': 14.29, 'eps_growth_yoy': 2.4694, 'eps_next_year': 17.27, 'operating_margin': 12.34}",,Finviz via finvizfinance screener views,2026-08-21T23:30:32+02:00,2026-08-27,6,,PRE_EARNINGS_BLACKOUT,
WDC,Western Digital Corp,finviz_prefilter,eps_growth,,price_min;market_cap_min;avg_volume_min;revenue_growth;eps_growth;eps_next_year;operating_margin;earnings_window,False,"{'revenue_growth_yoy': 43.84, 'eps_growth_yoy': 9.8072, 'eps_next_year': 60.29, 'operating_margin': 35.58}",,Finviz via finvizfinance screener views,2026-08-21T23:30:32+02:00,2026-08-05,,16,NORMAL,"{'failed_gate': 'eps_growth', 'actual_value': 9.8072, 'applicable_threshold': 20.0, 'distance_to_threshold': 10.1928, 'distance_to_threshold_pct': 50.964, 'formula': 'minimo: distance = threshold - actual; pct = distance / abs(threshold) * 100'}"
WERN,Werner Enterprises Inc,finviz_prefilter,eps_growth;operating_margin,,price_min;market_cap_min;avg_volume_min;revenue_growth;eps_growth;eps_next_year;operating_margin;earnings_window,False,"{'revenue_growth_yoy': 24.0, 'eps_growth_yoy': -85.41, 'eps_next_year': 90.64, 'operating_margin': 0.7000000000000001}",,Finviz via finvizfinance screener views,2026-08-21T23:30:32+02:00,2026-07-28,,24,NORMAL,
WFRD,Weatherford International plc,finviz_prefilter,revenue_growth;eps_growth,,price_min;market_cap_min;avg_volume_min;revenue_growth;eps_growth;eps_next_year;operating_margin;earnings_window,False,"{'revenue_growth_yoy': -8.219999999999999, 'eps_growth_yoy': -71.24000000000001, 'eps_next_year': 37.89, 'operating_margin': 14.42}",,Finviz via finvizfinance screener views,2026-08-21T23:30:32+02:00,2026-07-21,,31,NORMAL,
WGS,GeneDx Holdings Corp,finviz_prefilter,revenue_growth;eps_growth;operating_margin,,price_min;market_cap_min;avg_volume_min;revenue_growth;eps_growth;eps_next_year;operating_margin;earnings_window,False,"{'revenue_growth_yoy': 11.44, 'eps_growth_yoy': -2.6435, 'eps_next_year': 1068.75, 'operating_margin': -12.49}",,Finviz via finvizfinance screener views,2026-08-21T23:30:32+02:00,2026-08-03,,18,NORMAL,
WING,Wingstop Inc,finviz_prefilter,revenue_growth;eps_growth,,price_min;market_cap_min;avg_volume_min;revenue_growth;eps_growth;eps_next_year;operating_margin;earnings_window,False,"{'revenue_growth_yoy': 6.4399999999999995, 'eps_growth_yoy': 20.11, 'eps_next_year': 20.78, 'operating_margin': 28.77}",,Finviz via finvizfinance screener views,2026-08-21T23:30:32+02:00,2026-07-29,,23,NORMAL,
WIX,Wix.com Ltd,finviz_prefilter,revenue_growth;eps_growth;operating_margin,,price_min;market_cap_min;avg_volume_min;revenue_growth;eps_growth;eps_next_year;operating_margin;earnings_window,False,"{'revenue_growth_yoy': 14.93, 'eps_growth_yoy': -2.8372, 'eps_next_year': 51.76, 'operating_margin': -3.1399999999999997}",,Finviz via finvizfinance screener views,2026-08-21T23:30:32+02:00,2026-08-04,,17,NORMAL,
WMG,Warner Music Group Corp,finviz_prefilter,revenue_growth;eps_growth,,price_min;market_cap_min;avg_volume_min;revenue_growth;eps_growth;eps_next_year;operating_margin;earnings_window,False,"{'revenue_growth_yoy': 10.36, 'eps_growth_yoy': 13.4853, 'eps_next_year': 21.8, 'operating_margin': 18.77}",,Finviz via finvizfinance screener views,2026-08-21T23:30:32+02:00,2026-08-05,,16,NORMAL,
WMT,Walmart Inc,finviz_prefilter,revenue_growth;eps_growth;eps_next_year;operating_margin,,price_min;market_cap_min;avg_volume_min;revenue_growth;eps_growth;eps_next_year;operating_margin;earnings_window,False,"{'revenue_growth_yoy': 5.94, 'eps_growth_yoy': -8.73, 'eps_next_year': 11.76, 'operating_margin': 4.390000000000001}",,Finviz via finvizfinance screener views,2026-08-21T23:30:32+02:00,2026-08-20,,1,PEAD_WINDOW,
WSBC,Wesbanco Inc,finviz_prefilter,revenue_growth;eps_next_year,,price_min;market_cap_min;avg_volume_min;revenue_growth;eps_growth;eps_next_year;operating_margin;earnings_window,False,"{'revenue_growth_yoy': 1.24, 'eps_growth_yoy': 59.650000000000006, 'eps_next_year': 8.05, 'operating_margin': 30.669999999999998}",,Finviz via finvizfinance screener views,2026-08-21T23:30:32+02:00,2026-07-21,,31,NORMAL,
WSC,WillScot Holdings Corp,finviz_prefilter,revenue_growth;eps_growth,,price_min;market_cap_min;avg_volume_min;revenue_growth;eps_growth;eps_next_year;operating_margin;earnings_window,False,"{'revenue_growth_yoy': 3.92, 'eps_growth_yoy': -1.11, 'eps_next_year': 16.28, 'operating_margin': 20.549999999999997}",,Finviz via finvizfinance screener views,2026-08-21T23:30:32+02:00,2026-08-06,,15,PEAD_WINDOW,
WULF,TeraWulf Inc,finviz_prefilter,revenue_growth;eps_growth;operating_margin,,price_min;market_cap_min;avg_volume_min;revenue_growth;eps_growth;eps_next_year;operating_margin;earnings_window,False,"{'revenue_growth_yoy': -6.02, 'eps_growth_yoy': -39.7368, 'eps_next_year': 92.66, 'operating_margin': -2.2732}",,Finviz via finvizfinance screener views,2026-08-21T23:30:32+02:00,2026-08-05,,16,NORMAL,
WYNN,Wynn Resorts Ltd,finviz_prefilter,revenue_growth;eps_next_year,,price_min;market_cap_min;avg_volume_min;revenue_growth;eps_growth;eps_next_year;operating_margin;earnings_window,False,"{'revenue_growth_yoy': 6.859999999999999, 'eps_growth_yoy': 106.71, 'eps_next_year': 7.79, 'operating_margin': 16.3}",,Finviz via finvizfinance screener views,2026-08-21T23:30:32+02:00,2026-08-04,,17,NORMAL,
XE,X-Energy Inc,finviz_prefilter,eps_next_year,revenue_growth;eps_growth;operating_margin,price_min;market_cap_min;avg_volume_min;eps_next_year;earnings_window,False,"{'revenue_growth_yoy': None, 'eps_growth_yoy': None, 'eps_next_year': 12.94, 'operating_margin': None}",,Finviz via finvizfinance screener views,2026-08-21T23:30:32+02:00,2026-08-13,,8,PEAD_WINDOW,"{'failed_gate': 'eps_next_year', 'actual_value': 12.94, 'applicable_threshold': 15.0, 'distance_to_threshold': 2.0600000000000005, 'distance_to_threshold_pct': 13.733333333333336, 'formula': 'minimo: distance = threshold - actual; pct = distance / abs(threshold) * 100'}"
XEL,Xcel Energy Inc,finviz_prefilter,revenue_growth;eps_growth;eps_next_year,,price_min;market_cap_min;avg_volume_min;revenue_growth;eps_growth;eps_next_year;operating_margin;earnings_window,False,"{'revenue_growth_yoy': -4.9399999999999995, 'eps_growth_yoy': 23.77, 'eps_next_year': 10.57, 'operating_margin': 21.16}",,Finviz via finvizfinance screener views,2026-08-21T23:30:32+02:00,2026-07-30,,22,NORMAL,
XMTR,Xometry Inc,finviz_prefilter,operating_margin,,price_min;market_cap_min;avg_volume_min;revenue_growth;eps_growth;eps_next_year;operating_margin;earnings_window,False,"{'revenue_growth_yoy': 41.05, 'eps_growth_yoy': 81.2, 'eps_next_year': 84.43, 'operating_margin': -3.7600000000000002}",,Finviz via finvizfinance screener views,2026-08-21T23:30:32+02:00,2026-08-04,,17,NORMAL,"{'failed_gate': 'operating_margin', 'actual_value': -3.7600000000000002, 'applicable_threshold': 8.0, 'distance_to_threshold': 11.76, 'distance_to_threshold_pct': 147.0, 'formula': 'minimo: distance = threshold - actual; pct = distance / abs(threshold) * 100'}"
XNCR,Xencor Inc,finviz_prefilter,revenue_growth;eps_next_year;operating_margin,,price_min;market_cap_min;avg_volume_min;revenue_growth;eps_growth;eps_next_year;operating_margin;earnings_window,False,"{'revenue_growth_yoy': 17.46, 'eps_growth_yoy': 30.990000000000002, 'eps_next_year': -7.31, 'operating_margin': -2.0584}",,Finviz via finvizfinance screener views,2026-08-21T23:30:32+02:00,2026-08-05,,16,NORMAL,
XP,XP Inc,finviz_prefilter,eps_growth;eps_next_year,,price_min;market_cap_min;avg_volume_min;revenue_growth;eps_growth;eps_next_year;operating_margin;earnings_window,False,"{'revenue_growth_yoy': 20.82, 'eps_growth_yoy': 21.83, 'eps_next_year': 13.83, 'operating_margin': 31.869999999999997}",,Finviz via finvizfinance screener views,2026-08-21T23:30:32+02:00,2026-08-17,,4,PEAD_WINDOW,
Z,Zillow Group Inc,finviz_prefilter,revenue_growth;eps_growth;operating_margin,,price_min;market_cap_min;avg_volume_min;revenue_growth;eps_growth;eps_next_year;operating_margin;earnings_window,False,"{'revenue_growth_yoy': 17.86, 'eps_growth_yoy': -3.2, 'eps_next_year': 28.87, 'operating_margin': 1.78}",,Finviz via finvizfinance screener views,2026-08-21T23:30:32+02:00,2026-08-05,,16,NORMAL,
ZBIO,Zenas Biopharma Inc,finviz_prefilter,eps_next_year;operating_margin,revenue_growth;eps_growth,price_min;market_cap_min;avg_volume_min;eps_next_year;operating_margin;earnings_window,False,"{'revenue_growth_yoy': None, 'eps_growth_yoy': -41.57, 'eps_next_year': 10.88, 'operating_margin': -273.901}",,Finviz via finvizfinance screener views,2026-08-21T23:30:32+02:00,2026-08-13,,8,PEAD_WINDOW,
ZBRA,Zebra Technologies Corp,finviz_prefilter,revenue_growth;eps_next_year,,price_min;market_cap_min;avg_volume_min;revenue_growth;eps_growth;eps_next_year;operating_margin;earnings_window,False,"{'revenue_growth_yoy': 19.07, 'eps_growth_yoy': 121.66, 'eps_next_year': 5.09, 'operating_margin': 17.16}",,Finviz via finvizfinance screener views,2026-08-21T23:30:32+02:00,2026-08-04,,17,NORMAL,
ZG,Zillow Group Inc,finviz_prefilter,revenue_growth;eps_growth;operating_margin,,price_min;market_cap_min;avg_volume_min;revenue_growth;eps_growth;eps_next_year;operating_margin;earnings_window,False,"{'revenue_growth_yoy': 17.86, 'eps_growth_yoy': -3.2, 'eps_next_year': 29.61, 'operating_margin': 1.78}",,Finviz via finvizfinance screener views,2026-08-21T23:30:32+02:00,2026-08-05,,16,NORMAL,
ZION,Zions Bancorporation N.A,finviz_prefilter,revenue_growth;eps_next_year,,price_min;market_cap_min;avg_volume_min;revenue_growth;eps_growth;eps_next_year;operating_margin;earnings_window,False,"{'revenue_growth_yoy': 19.1, 'eps_growth_yoy': 86.9, 'eps_next_year': -14.23, 'operating_margin': 29.060000000000002}",,Finviz via finvizfinance screener views,2026-08-21T23:30:32+02:00,2026-07-20,,32,NORMAL,
ZM,Zoom Communications Inc,finviz_prefilter,revenue_growth;eps_next_year;earnings_window,,price_min;market_cap_min;avg_volume_min;revenue_growth;eps_growth;eps_next_year;operating_margin;earnings_window,False,"{'revenue_growth_yoy': 5.47, 'eps_growth_yoy': 74.18, 'eps_next_year': 4.03, 'operating_margin': 24.169999999999998}",,Finviz via finvizfinance screener views,2026-08-21T23:30:32+02:00,2026-08-25,4,,PRE_EARNINGS_BLACKOUT,
ZS,Zscaler Inc,finviz_prefilter,eps_growth;eps_next_year;operating_margin,,price_min;market_cap_min;avg_volume_min;revenue_growth;eps_growth;eps_next_year;operating_margin;earnings_window,False,"{'revenue_growth_yoy': 25.430000000000003, 'eps_growth_yoy': -2.2481, 'eps_next_year': 11.2, 'operating_margin': -4.47}",,Finviz via finvizfinance screener views,2026-08-21T23:30:32+02:00,2026-09-03,13,,NORMAL,
AEIS,Advanced Energy Industries Inc,tradingview_gates,price_above_sma50;sma50_above_sma150;ema21_above_ema50;within_25pct_52w_high;rsi14;performance_21d;market_regime_allows_new_entries,,price_min;market_cap_min;avg_volume_min;price_above_sma50;sma50_above_sma150;sma150_above_sma200;ema21_above_ema50;within_25pct_52w_high;rsi14;atr_pct;rvol20_data_available;performance_21d;distance_resistance_hard;no_extended_move_10d;revenue_growth;eps_growth;eps_next_year;operating_margin;earnings_window;market_regime_allows_new_entries,True,"{'price': 285.83, 'price_tv': 285.83, 'price_finviz': 285.83, 'sma50': 320.8993, 'sma150': 322.7683666666666, 'sma200': 295.863725, 'ema21': 311.53155031782, 'ema50': 316.1635793888275, 'rsi14': 42.11210786662536, 'atr14': 20.97738995983186, 'atr_pct': 7.339114144712543, 'rvol20': 0.5574740476699277, 'performance_21d_pct': -9.300628292187596, 'distance_52w_high_pct': 28.08222624798712, 'distance_resistance_pct': 36.37126963579752, 'move_10d_pct': -12.057719524952315, 'structural_trend_pass': False}",pattern;previous_revenue_growth_yoy;shares_change_6m_pct,TradingView MCP + Finviz via finvizfinance screener views,2026-08-21T23:31:06+02:00,2026-08-03,,18,NORMAL,
AMAT,Applied Materials Inc,tradingview_gates,price_above_sma50;ema21_above_ema50;within_25pct_52w_high;rsi14;performance_21d;market_regime_allows_new_entries,,price_min;market_cap_min;avg_volume_min;price_above_sma50;sma50_above_sma150;sma150_above_sma200;ema21_above_ema50;within_25pct_52w_high;rsi14;atr_pct;rvol20_data_available;performance_21d;distance_resistance_hard;no_extended_move_10d;revenue_growth;eps_growth;eps_next_year;operating_margin;earnings_window;market_regime_allows_new_entries,True,"{'price': 492.32, 'price_tv': 492.32, 'price_finviz': 492.32, 'sma50': 560.7108000000001, 'sma150': 441.2781666666667, 'sma200': 395.51175, 'ema21': 522.1072797242606, 'ema50': 524.6043416994085, 'rsi14': 43.1087518669032, 'atr14': 32.408414816952124, 'atr_pct': 6.582794689826155, 'rvol20': 0.6863177082541446, 'performance_21d_pct': -12.523098791755505, 'distance_52w_high_pct': 33.440588370489536, 'distance_resistance_pct': 50.241712707182316, 'move_10d_pct': -8.684200764179995, 'structural_trend_pass': False}",pattern;previous_revenue_growth_yoy;shares_change_6m_pct,TradingView MCP + Finviz via finvizfinance screener views,2026-08-21T23:31:20+02:00,2026-08-13,,8,PEAD_WINDOW,
AMLX,Amylyx Pharmaceuticals Inc,tradingview_gates,rsi14;performance_21d;no_extended_move_10d;market_regime_allows_new_entries,revenue_growth;eps_growth;operating_margin,price_min;market_cap_min;avg_volume_min;price_above_sma50;sma50_above_sma150;sma150_above_sma200;ema21_above_ema50;within_25pct_52w_high;rsi14;atr_pct;rvol20_data_available;performance_21d;distance_resistance_hard;no_extended_move_10d;eps_next_year;earnings_window;market_regime_allows_new_entries,True,"{'price': 38.66, 'price_tv': 38.66, 'price_finviz': 38.66, 'sma50': 20.267, 'sma150': 16.6414, 'sma200': 15.735050000000001, 'ema21': 26.43969655182317, 'ema50': 21.85197694604099, 'rsi14': 82.13438628084572, 'atr14': 2.421105731516564, 'atr_pct': 6.262560091869022, 'rvol20': 1.2168462529046449, 'performance_21d_pct': 119.78396816372938, 'distance_52w_high_pct': 6.028196402527962, 'distance_resistance_pct': 4.601138127263331, 'move_10d_pct': 69.41279579316388, 'structural_trend_pass': True}",gross_margin;operating_margin;pattern;previous_revenue_growth_yoy;revenue_growth_yoy;shares_change_6m_pct,TradingView MCP + Finviz via finvizfinance screener views,2026-08-21T23:31:34+02:00,2026-08-06,,15,PEAD_WINDOW,
APP,Applovin Corp,tradingview_gates,price_above_sma50;sma50_above_sma150;sma150_above_sma200;ema21_above_ema50;within_25pct_52w_high;rsi14;performance_21d;market_regime_allows_new_entries,,price_min;market_cap_min;avg_volume_min;price_above_sma50;sma50_above_sma150;sma150_above_sma200;ema21_above_ema50;within_25pct_52w_high;rsi14;atr_pct;rvol20_data_available;performance_21d;distance_resistance_hard;no_extended_move_10d;revenue_growth;eps_growth;eps_next_year;operating_margin;earnings_window;market_regime_allows_new_entries,True,"{'price': 305.77, 'price_tv': 305.77, 'price_finviz': 305.77, 'sma50': 427.25239999999997, 'sma150': 454.3464666666667, 'sma200': 500.17492500000003, 'ema21': 351.9359716327721, 'ema50': 404.5085536424518, 'rsi14': 29.615567722069443, 'atr14': 20.43171444342175, 'atr_pct': 6.682053322242782, 'rvol20': 0.7482980462170782, 'performance_21d_pct': -23.339016196159058, 'distance_52w_high_pct': 58.990625125735974, 'distance_resistance_pct': 103.42087189717763, 'move_10d_pct': -11.83102652825837, 'structural_trend_pass': False}",pattern;previous_revenue_growth_yoy;shares_change_6m_pct,TradingView MCP + Finviz via finvizfinance screener views,2026-08-21T23:31:48+02:00,2026-08-05,,16,NORMAL,
ARXS,Arxis Inc,tradingview_gates,market_regime_allows_new_entries,price_above_sma50;sma50_above_sma150;sma150_above_sma200;ema21_above_ema50;within_25pct_52w_high;rsi14;atr_pct;rvol20_data_available;performance_21d;distance_resistance_hard;no_extended_move_10d;revenue_growth;eps_growth;operating_margin,price_min;market_cap_min;avg_volume_min;eps_next_year;earnings_window;market_regime_allows_new_entries,False,"{'price': None, 'price_tv': None, 'price_finviz': 53.26, 'sma50': None, 'sma150': None, 'sma200': None, 'ema21': None, 'ema50': None, 'rsi14': None, 'atr14': None, 'atr_pct': None, 'rvol20': None, 'performance_21d_pct': None, 'distance_52w_high_pct': None, 'distance_resistance_pct': None, 'move_10d_pct': None, 'structural_trend_pass': False}",atr14;atr_pct;distance_52w_high_pct;distance_resistance_pct;ema21;ema50;eps_growth_yoy;gross_margin;move_10d_pct;operating_margin;pattern;performance_21d_pct;previous_revenue_growth_yoy;price;price_tv;resistance;revenue_growth_yoy;rsi14;rvol20;shares_change_6m_pct;sma150;sma200;sma50;week52_high,TradingView MCP + Finviz via finvizfinance screener views,2026-08-21T23:31:54+02:00,2026-07-29,,23,NORMAL,
ASML,ASML Holding NV,tradingview_gates,price_above_sma50;rsi14;performance_21d;market_regime_allows_new_entries,,price_min;market_cap_min;avg_volume_min;price_above_sma50;sma50_above_sma150;sma150_above_sma200;ema21_above_ema50;within_25pct_52w_high;rsi14;atr_pct;rvol20_data_available;performance_21d;distance_resistance_hard;no_extended_move_10d;revenue_growth;eps_growth;eps_next_year;operating_margin;earnings_window;market_regime_allows_new_entries,True,"{'price': 1763.76, 'price_tv': 1763.76, 'price_finviz': 1763.76, 'sma50': 1781.5374, 'sma150': 1564.2807333333333, 'sma200': 1446.5309250000003, 'ema21': 1763.2698144689627, 'ema50': 1735.587411174418, 'rsi14': 50.47536469655159, 'atr14': 67.1689570545557, 'atr_pct': 3.8082821389846524, 'rvol20': 0.5535713555037833, 'performance_21d_pct': -2.176372712146424, 'distance_52w_high_pct': 11.810236204724097, 'distance_resistance_pct': 13.391844695423416, 'move_10d_pct': 1.3078765529957126, 'structural_trend_pass': False}",pattern;previous_revenue_growth_yoy;shares_change_6m_pct,TradingView MCP + Finviz via finvizfinance screener views,2026-08-21T23:32:08+02:00,2026-07-15,,37,NORMAL,
AVGO,Broadcom Inc,tradingview_gates,price_above_sma50;ema21_above_ema50;within_25pct_52w_high;rsi14;performance_21d;market_regime_allows_new_entries,,price_min;market_cap_min;avg_volume_min;price_above_sma50;sma50_above_sma150;sma150_above_sma200;ema21_above_ema50;within_25pct_52w_high;rsi14;atr_pct;rvol20_data_available;performance_21d;distance_resistance_hard;no_extended_move_10d;revenue_growth;eps_growth;eps_next_year;operating_margin;earnings_window;market_regime_allows_new_entries,True,"{'price': 368.45, 'price_tv': 368.45, 'price_finviz': 368.45, 'sma50': 388.50260000000003, 'sma150': 372.8000333333333, 'sma200': 369.197875, 'ema21': 391.14317719159646, 'ema50': 392.37336141586985, 'rsi14': 38.71404642738215, 'atr14': 15.280859368200328, 'atr_pct': 4.147335966399872, 'rvol20': 0.9619515761886765, 'performance_21d_pct': -6.12021300991159, 'distance_52w_high_pct': 25.565656565656568, 'distance_resistance_pct': 34.346587053874345, 'move_10d_pct': -13.865251542921264, 'structural_trend_pass': False}",pattern;previous_revenue_growth_yoy;shares_change_6m_pct,TradingView MCP + Finviz via finvizfinance screener views,2026-08-21T23:32:13+02:00,2026-09-02,12,,NORMAL,
BLLN,Billiontoone Inc,tradingview_gates,market_regime_allows_new_entries,price_above_sma50;sma50_above_sma150;sma150_above_sma200;ema21_above_ema50;within_25pct_52w_high;rsi14;atr_pct;rvol20_data_available;performance_21d;distance_resistance_hard;no_extended_move_10d,price_min;market_cap_min;avg_volume_min;revenue_growth;eps_growth;eps_next_year;operating_margin;earnings_window;market_regime_allows_new_entries,False,"{'price': None, 'price_tv': None, 'price_finviz': 95.03, 'sma50': None, 'sma150': None, 'sma200': None, 'ema21': None, 'ema50': None, 'rsi14': None, 'atr14': None, 'atr_pct': None, 'rvol20': None, 'performance_21d_pct': None, 'distance_52w_high_pct': None, 'distance_resistance_pct': None, 'move_10d_pct': None, 'structural_trend_pass': False}",atr14;atr_pct;distance_52w_high_pct;distance_resistance_pct;ema21;ema50;move_10d_pct;pattern;performance_21d_pct;previous_revenue_growth_yoy;price;price_tv;resistance;rsi14;rvol20;shares_change_6m_pct;sma150;sma200;sma50;week52_high,TradingView MCP + Finviz via finvizfinance screener views,2026-08-21T23:32:27+02:00,2026-08-05,,16,NORMAL,
BSP,Bending Spoons S.p.A,tradingview_gates,market_regime_allows_new_entries,price_above_sma50;sma50_above_sma150;sma150_above_sma200;ema21_above_ema50;within_25pct_52w_high;rsi14;atr_pct;rvol20_data_available;performance_21d;distance_resistance_hard;no_extended_move_10d;revenue_growth;eps_growth;operating_margin,price_min;market_cap_min;avg_volume_min;eps_next_year;earnings_window;market_regime_allows_new_entries,False,"{'price': None, 'price_tv': None, 'price_finviz': 41.35, 'sma50': None, 'sma150': None, 'sma200': None, 'ema21': None, 'ema50': None, 'rsi14': None, 'atr14': None, 'atr_pct': None, 'rvol20': None, 'performance_21d_pct': None, 'distance_52w_high_pct': None, 'distance_resistance_pct': None, 'move_10d_pct': None, 'structural_trend_pass': False}",atr14;atr_pct;distance_52w_high_pct;distance_resistance_pct;ema21;ema50;eps_growth_yoy;gross_margin;move_10d_pct;operating_margin;pattern;performance_21d_pct;previous_revenue_growth_yoy;price;price_tv;resistance;revenue_growth_yoy;rsi14;rvol20;shares_change_6m_pct;sma150;sma200;sma50;week52_high,TradingView MCP + Finviz via finvizfinance screener views,2026-08-21T23:32:41+02:00,2026-08-13,,8,PEAD_WINDOW,
CAI,Caris Life Sciences Inc,tradingview_gates,sma50_above_sma150;sma150_above_sma200;within_25pct_52w_high;rsi14;performance_21d;distance_resistance_hard;market_regime_allows_new_entries,,price_min;market_cap_min;avg_volume_min;price_above_sma50;sma50_above_sma150;sma150_above_sma200;ema21_above_ema50;within_25pct_52w_high;rsi14;atr_pct;rvol20_data_available;performance_21d;distance_resistance_hard;no_extended_move_10d;revenue_growth;eps_growth;eps_next_year;operating_margin;earnings_window;market_regime_allows_new_entries,True,"{'price': 26.27, 'price_tv': 26.27, 'price_finviz': 26.27, 'sma50': 18.4164, 'sma150': 19.04093333333333, 'sma200': 20.941425, 'ema21': 20.828167019640365, 'ema50': 19.13006767184677, 'rsi14': 77.2674014978078, 'atr14': 1.2842847636061374, 'atr_pct': 4.888788593856633, 'rvol20': 1.2206928056226596, 'performance_21d_pct': 67.8594249201278, 'distance_52w_high_pct': 38.18823529411765, 'distance_resistance_pct': -5.72896840502474, 'move_10d_pct': 15.523306948109061, 'structural_trend_pass': False}",pattern;previous_revenue_growth_yoy;shares_change_6m_pct,TradingView MCP + Finviz via finvizfinance screener views,2026-08-21T23:32:55+02:00,2026-08-05,,16,NORMAL,
CDNS,Cadence Design Systems Inc,tradingview_gates,price_above_sma50;ema21_above_ema50;rsi14;performance_21d;market_regime_allows_new_entries,,price_min;market_cap_min;avg_volume_min;price_above_sma50;sma50_above_sma150;sma150_above_sma200;ema21_above_ema50;within_25pct_52w_high;rsi14;atr_pct;rvol20_data_available;performance_21d;distance_resistance_hard;no_extended_move_10d;revenue_growth;eps_growth;eps_next_year;operating_margin;earnings_window;market_regime_allows_new_entries,True,"{'price': 319.02, 'price_tv': 319.02, 'price_finviz': 319.02, 'sma50': 353.8478, 'sma150': 329.8639333333333, 'sma200': 327.075, 'ema21': 330.2289010106242, 'ema50': 342.604205367435, 'rsi14': 37.230905377552, 'atr14': 11.030044913295725, 'atr_pct': 3.457477560433743, 'rvol20': 0.9001108824926874, 'performance_21d_pct': -3.461841070023608, 'distance_52w_high_pct': 23.439487388706237, 'distance_resistance_pct': 30.61563538336155, 'move_10d_pct': -5.960382030420952, 'structural_trend_pass': False}",pattern;previous_revenue_growth_yoy;shares_change_6m_pct,TradingView MCP + Finviz via finvizfinance screener views,2026-08-21T23:33:09+02:00,2026-07-27,,25,NORMAL,
DLO,DLocal Limited,tradingview_gates,sma150_above_sma200;market_regime_allows_new_entries,,price_min;market_cap_min;avg_volume_min;price_above_sma50;sma50_above_sma150;sma150_above_sma200;ema21_above_ema50;within_25pct_52w_high;rsi14;atr_pct;rvol20_data_available;performance_21d;distance_resistance_hard;no_extended_move_10d;revenue_growth;eps_growth;eps_next_year;operating_margin;earnings_window;market_regime_allows_new_entries,True,"{'price': 15.17, 'price_tv': 15.17, 'price_finviz': 15.17, 'sma50': 14.1096, 'sma150': 13.1883, 'sma200': 13.356425, 'ema21': 14.455386486349285, 'ema50': 14.111622602234645, 'rsi14': 58.943820070336855, 'atr14': 0.590029599187582, 'atr_pct': 3.889450225363098, 'rvol20': 1.8489998238387662, 'performance_21d_pct': 7.741477272727271, 'distance_52w_high_pct': 9.594755661501795, 'distance_resistance_pct': 3.164139749505606, 'move_10d_pct': 5.310656022214522, 'structural_trend_pass': False}",pattern;previous_revenue_growth_yoy;shares_change_6m_pct,TradingView MCP + Finviz via finvizfinance screener views,2026-08-21T23:33:23+02:00,2026-08-13,,8,PEAD_WINDOW,
FRVO,Fervo Energy Co,tradingview_gates,market_regime_allows_new_entries,price_above_sma50;sma50_above_sma150;sma150_above_sma200;ema21_above_ema50;within_25pct_52w_high;rsi14;atr_pct;rvol20_data_available;performance_21d;distance_resistance_hard;no_extended_move_10d;revenue_growth;eps_growth;operating_margin,price_min;market_cap_min;avg_volume_min;eps_next_year;earnings_window;market_regime_allows_new_entries,False,"{'price': None, 'price_tv': None, 'price_finviz': 16.92, 'sma50': None, 'sma150': None, 'sma200': None, 'ema21': None, 'ema50': None, 'rsi14': None, 'atr14': None, 'atr_pct': None, 'rvol20': None, 'performance_21d_pct': None, 'distance_52w_high_pct': None, 'distance_resistance_pct': None, 'move_10d_pct': None, 'structural_trend_pass': False}",atr14;atr_pct;distance_52w_high_pct;distance_resistance_pct;ema21;ema50;eps_growth_yoy;gross_margin;move_10d_pct;operating_margin;pattern;performance_21d_pct;previous_revenue_growth_yoy;price;price_tv;resistance;revenue_growth_yoy;rsi14;rvol20;shares_change_6m_pct;sma150;sma200;sma50;week52_high,TradingView MCP + Finviz via finvizfinance screener views,2026-08-21T23:33:28+02:00,2026-08-12,,9,PEAD_WINDOW,
HALO,Halozyme Therapeutics Inc,tradingview_gates,rsi14;atr_pct;performance_21d;distance_resistance_hard;market_regime_allows_new_entries,,price_min;market_cap_min;avg_volume_min;price_above_sma50;sma50_above_sma150;sma150_above_sma200;ema21_above_ema50;within_25pct_52w_high;rsi14;atr_pct;rvol20_data_available;performance_21d;distance_resistance_hard;no_extended_move_10d;revenue_growth;eps_growth;eps_next_year;operating_margin;earnings_window;market_regime_allows_new_entries,True,"{'price': 108.17, 'price_tv': 108.17, 'price_finviz': 108.17, 'sma50': 83.0372, 'sma150': 73.5022, 'sma200': 72.26805, 'ema21': 95.95524262179366, 'ema50': 86.40786432699605, 'rsi14': 78.38801035510122, 'atr14': 3.2143697822833888, 'atr_pct': 2.9715908128717654, 'rvol20': 0.46948530987321, 'performance_21d_pct': 33.80752102919347, 'distance_52w_high_pct': 0.294958060650745, 'distance_resistance_pct': -0.1941388555052306, 'move_10d_pct': 4.89720713731574, 'structural_trend_pass': True}",pattern;previous_revenue_growth_yoy;shares_change_6m_pct,TradingView MCP + Finviz via finvizfinance screener views,2026-08-21T23:33:42+02:00,2026-08-06,,15,PEAD_WINDOW,
HAPN,Happen Inc,tradingview_gates,market_regime_allows_new_entries,price_above_sma50;sma50_above_sma150;sma150_above_sma200;ema21_above_ema50;within_25pct_52w_high;rsi14;atr_pct;rvol20_data_available;performance_21d;distance_resistance_hard;no_extended_move_10d,price_min;market_cap_min;avg_volume_min;revenue_growth;eps_growth;eps_next_year;operating_margin;earnings_window;market_regime_allows_new_entries,False,"{'price': None, 'price_tv': None, 'price_finviz': 18.42, 'sma50': None, 'sma150': None, 'sma200': None, 'ema21': None, 'ema50': None, 'rsi14': None, 'atr14': None, 'atr_pct': None, 'rvol20': None, 'performance_21d_pct': None, 'distance_52w_high_pct': None, 'distance_resistance_pct': None, 'move_10d_pct': None, 'structural_trend_pass': False}",atr14;atr_pct;distance_52w_high_pct;distance_resistance_pct;ema21;ema50;move_10d_pct;pattern;performance_21d_pct;previous_revenue_growth_yoy;price;price_tv;resistance;rsi14;rvol20;shares_change_6m_pct;sma150;sma200;sma50;week52_high,TradingView MCP + Finviz via finvizfinance screener views,2026-08-21T23:33:47+02:00,2026-07-27,,25,NORMAL,
HONA,Honeywell Aerospace Inc,tradingview_gates,market_regime_allows_new_entries,price_above_sma50;sma50_above_sma150;sma150_above_sma200;ema21_above_ema50;within_25pct_52w_high;rsi14;atr_pct;rvol20_data_available;performance_21d;distance_resistance_hard;no_extended_move_10d;revenue_growth;eps_growth;operating_margin,price_min;market_cap_min;avg_volume_min;eps_next_year;earnings_window;market_regime_allows_new_entries,False,"{'price': None, 'price_tv': None, 'price_finviz': 164.73, 'sma50': None, 'sma150': None, 'sma200': None, 'ema21': None, 'ema50': None, 'rsi14': None, 'atr14': None, 'atr_pct': None, 'rvol20': None, 'performance_21d_pct': None, 'distance_52w_high_pct': None, 'distance_resistance_pct': None, 'move_10d_pct': None, 'structural_trend_pass': False}",atr14;atr_pct;distance_52w_high_pct;distance_resistance_pct;ema21;ema50;eps_growth_yoy;gross_margin;move_10d_pct;operating_margin;pattern;performance_21d_pct;previous_revenue_growth_yoy;price;price_tv;resistance;revenue_growth_yoy;rsi14;rvol20;shares_change_6m_pct;sma150;sma200;sma50;week52_high,TradingView MCP + Finviz via finvizfinance screener views,2026-08-21T23:34:01+02:00,2026-08-05,,16,NORMAL,
HOOD,Robinhood Markets Inc,tradingview_gates,sma150_above_sma200;within_25pct_52w_high;market_regime_allows_new_entries,,price_min;market_cap_min;avg_volume_min;price_above_sma50;sma50_above_sma150;sma150_above_sma200;ema21_above_ema50;within_25pct_52w_high;rsi14;atr_pct;rvol20_data_available;performance_21d;distance_resistance_hard;no_extended_move_10d;revenue_growth;eps_growth;eps_next_year;operating_margin;earnings_window;market_regime_allows_new_entries,True,"{'price': 108.13, 'price_tv': 108.13, 'price_finviz': 108.13, 'sma50': 100.30959999999999, 'sma150': 87.27590000000001, 'sma200': 96.081625, 'ema21': 96.7434563744676, 'ema50': 96.08803094734799, 'rsi14': 62.49522457856902, 'atr14': 6.121896581569102, 'atr_pct': 5.661607862359292, 'rvol20': 2.7321925890781156, 'performance_21d_pct': 6.448119708604061, 'distance_52w_high_pct': 29.721779359014278, 'distance_resistance_pct': 11.023767687043376, 'move_10d_pct': 15.907385571872634, 'structural_trend_pass': False}",pattern;previous_revenue_growth_yoy;shares_change_6m_pct,TradingView MCP + Finviz via finvizfinance screener views,2026-08-21T23:34:15+02:00,2026-07-29,,23,NORMAL,
HYMC,Hycroft Mining Holding Corp,tradingview_gates,sma50_above_sma150;ema21_above_ema50;within_25pct_52w_high;performance_21d;market_regime_allows_new_entries,revenue_growth;eps_growth;operating_margin,price_min;market_cap_min;avg_volume_min;price_above_sma50;sma50_above_sma150;sma150_above_sma200;ema21_above_ema50;within_25pct_52w_high;rsi14;atr_pct;rvol20_data_available;performance_21d;distance_resistance_hard;no_extended_move_10d;eps_next_year;earnings_window;market_regime_allows_new_entries,True,"{'price': 27.07, 'price_tv': 27.07, 'price_finviz': 27.07, 'sma50': 23.245700000000003, 'sma150': 33.28803333333333, 'sma200': 29.111075, 'ema21': 24.915306431205014, 'ema50': 25.20227926518914, 'rsi14': 57.57515306073846, 'atr14': 1.943282529351772, 'atr_pct': 7.1787311760316665, 'rvol20': 1.5953681069955676, 'performance_21d_pct': 32.177734375, 'distance_52w_high_pct': 53.90763478228296, 'distance_resistance_pct': 28.186183967491697, 'move_10d_pct': 1.9969856819894494, 'structural_trend_pass': False}",gross_margin;operating_margin;pattern;previous_revenue_growth_yoy;revenue_growth_yoy;shares_change_6m_pct,TradingView MCP + Finviz via finvizfinance screener views,2026-08-21T23:34:20+02:00,2026-07-28,,24,NORMAL,
IBKR,Interactive Brokers Group Inc,tradingview_gates,market_regime_allows_new_entries,,price_min;market_cap_min;avg_volume_min;price_above_sma50;sma50_above_sma150;sma150_above_sma200;ema21_above_ema50;within_25pct_52w_high;rsi14;atr_pct;rvol20_data_available;performance_21d;distance_resistance_hard;no_extended_move_10d;revenue_growth;eps_growth;eps_next_year;operating_margin;earnings_window;market_regime_allows_new_entries,True,"{'price': 93.87, 'price_tv': 93.87, 'price_finviz': 93.87, 'sma50': 91.80120000000001, 'sma150': 81.30786666666667, 'sma200': 77.651525, 'ema21': 90.96673035958227, 'ema50': 89.94954887117126, 'rsi14': 56.347762401635315, 'atr14': 3.191334719073802, 'atr_pct': 3.3997387014741682, 'rvol20': 1.119293987124881, 'performance_21d_pct': 2.299476896251096, 'distance_52w_high_pct': 4.057645134914145, 'distance_resistance_pct': 4.229253222541812, 'move_10d_pct': 6.876921325287499, 'structural_trend_pass': True}",pattern;previous_revenue_growth_yoy;shares_change_6m_pct,TradingView MCP + Finviz via finvizfinance screener views,2026-08-21T23:34:34+02:00,2026-07-21,,31,NORMAL,
INCY,Incyte Corp,tradingview_gates,atr_pct;market_regime_allows_new_entries,,price_min;market_cap_min;avg_volume_min;price_above_sma50;sma50_above_sma150;sma150_above_sma200;ema21_above_ema50;within_25pct_52w_high;rsi14;atr_pct;rvol20_data_available;performance_21d;distance_resistance_hard;no_extended_move_10d;revenue_growth;eps_growth;eps_next_year;operating_margin;earnings_window;market_regime_allows_new_entries,True,"{'price': 127.81, 'price_tv': 127.81, 'price_finviz': 127.81, 'sma50': 116.1992, 'sma150': 104.06833333333333, 'sma200': 103.65115, 'ema21': 121.97609167700722, 'ema50': 116.53165214404179, 'rsi14': 65.40651055112275, 'atr14': 3.7685021339560305, 'atr_pct': 2.948519000043839, 'rvol20': 0.7275269238802546, 'performance_21d_pct': 9.529522666895197, 'distance_52w_high_pct': 3.6123680241327243, 'distance_resistance_pct': 3.7477505672482527, 'move_10d_pct': 6.0136031851360405, 'structural_trend_pass': True}",pattern;previous_revenue_growth_yoy;shares_change_6m_pct,TradingView MCP + Finviz via finvizfinance screener views,2026-08-21T23:34:48+02:00,2026-07-28,,24,NORMAL,
INIO,Innio NV,tradingview_gates,market_regime_allows_new_entries,price_above_sma50;sma50_above_sma150;sma150_above_sma200;ema21_above_ema50;within_25pct_52w_high;rsi14;atr_pct;rvol20_data_available;performance_21d;distance_resistance_hard;no_extended_move_10d;revenue_growth;eps_growth;operating_margin,price_min;market_cap_min;avg_volume_min;eps_next_year;earnings_window;market_regime_allows_new_entries,False,"{'price': None, 'price_tv': None, 'price_finviz': 23.16, 'sma50': None, 'sma150': None, 'sma200': None, 'ema21': None, 'ema50': None, 'rsi14': None, 'atr14': None, 'atr_pct': None, 'rvol20': None, 'performance_21d_pct': None, 'distance_52w_high_pct': None, 'distance_resistance_pct': None, 'move_10d_pct': None, 'structural_trend_pass': False}",atr14;atr_pct;distance_52w_high_pct;distance_resistance_pct;ema21;ema50;eps_growth_yoy;gross_margin;move_10d_pct;operating_margin;pattern;performance_21d_pct;previous_revenue_growth_yoy;price;price_tv;resistance;revenue_growth_yoy;rsi14;rvol20;shares_change_6m_pct;sma150;sma200;sma50;week52_high,TradingView MCP + Finviz via finvizfinance screener views,2026-08-21T23:34:54+02:00,2026-07-28,,24,NORMAL,
INOD,Innodata Inc,tradingview_gates,price_above_sma50;ema21_above_ema50;within_25pct_52w_high;rsi14;market_regime_allows_new_entries,,price_min;market_cap_min;avg_volume_min;price_above_sma50;sma50_above_sma150;sma150_above_sma200;ema21_above_ema50;within_25pct_52w_high;rsi14;atr_pct;rvol20_data_available;performance_21d;distance_resistance_hard;no_extended_move_10d;revenue_growth;eps_growth;eps_next_year;operating_margin;earnings_window;market_regime_allows_new_entries,True,"{'price': 64.21, 'price_tv': 64.21, 'price_finviz': 64.21, 'sma50': 70.7837, 'sma150': 62.30936666666667, 'sma200': 61.04582500000001, 'ema21': 63.87924267258359, 'ema50': 67.70850993854944, 'rsi14': 48.804127676474664, 'atr14': 4.775386824050359, 'atr_pct': 7.437138800888271, 'rvol20': 0.6159894133895136, 'performance_21d_pct': 6.998833527745374, 'distance_52w_high_pct': 48.689467796068406, 'distance_resistance_pct': 94.89176140788041, 'move_10d_pct': 3.016204075084228, 'structural_trend_pass': False}",pattern;previous_revenue_growth_yoy;shares_change_6m_pct,TradingView MCP + Finviz via finvizfinance screener views,2026-08-21T23:35:08+02:00,2026-08-06,,15,PEAD_WINDOW,
IOND,Ionic Digital Inc,tradingview_gates,market_regime_allows_new_entries,price_above_sma50;sma50_above_sma150;sma150_above_sma200;ema21_above_ema50;within_25pct_52w_high;rsi14;atr_pct;rvol20_data_available;performance_21d;distance_resistance_hard;no_extended_move_10d;revenue_growth;eps_growth;operating_margin,price_min;market_cap_min;avg_volume_min;eps_next_year;earnings_window;market_regime_allows_new_entries,False,"{'price': None, 'price_tv': None, 'price_finviz': 68.73, 'sma50': None, 'sma150': None, 'sma200': None, 'ema21': None, 'ema50': None, 'rsi14': None, 'atr14': None, 'atr_pct': None, 'rvol20': None, 'performance_21d_pct': None, 'distance_52w_high_pct': None, 'distance_resistance_pct': None, 'move_10d_pct': None, 'structural_trend_pass': False}",atr14;atr_pct;distance_52w_high_pct;distance_resistance_pct;ema21;ema50;eps_growth_yoy;gross_margin;move_10d_pct;operating_margin;pattern;performance_21d_pct;previous_revenue_growth_yoy;price;price_tv;resistance;revenue_growth_yoy;rsi14;rvol20;shares_change_6m_pct;sma150;sma200;sma50;week52_high,TradingView MCP + Finviz via finvizfinance screener views,2026-08-21T23:35:22+02:00,2026-08-19,,2,PEAD_WINDOW,
KNSA,Kiniksa Pharmaceuticals International Plc,tradingview_gates,market_regime_allows_new_entries,,price_min;market_cap_min;avg_volume_min;price_above_sma50;sma50_above_sma150;sma150_above_sma200;ema21_above_ema50;within_25pct_52w_high;rsi14;atr_pct;rvol20_data_available;performance_21d;distance_resistance_hard;no_extended_move_10d;revenue_growth;eps_growth;eps_next_year;operating_margin;earnings_window;market_regime_allows_new_entries,True,"{'price': 79.03, 'price_tv': 79.03, 'price_finviz': 79.03, 'sma50': 67.0266, 'sma150': 54.162733333333335, 'sma200': 50.905975, 'ema21': 75.45022387228543, 'ema50': 68.6984560750184, 'rsi14': 62.50262904650968, 'atr14': 2.9083900585351232, 'atr_pct': 3.680108893502623, 'rvol20': 0.3762688329439376, 'performance_21d_pct': 25.344964314036478, 'distance_52w_high_pct': 4.7142512659754, 'distance_resistance_pct': 4.947488295583951, 'move_10d_pct': 3.9048119905337852, 'structural_trend_pass': True}",pattern;previous_revenue_growth_yoy;shares_change_6m_pct,TradingView MCP + Finviz via finvizfinance screener views,2026-08-21T23:35:36+02:00,2026-07-28,,24,NORMAL,
LFTO,Liftoff Mobile Inc,tradingview_gates,market_regime_allows_new_entries,price_above_sma50;sma50_above_sma150;sma150_above_sma200;ema21_above_ema50;within_25pct_52w_high;rsi14;atr_pct;rvol20_data_available;performance_21d;distance_resistance_hard;no_extended_move_10d,price_min;market_cap_min;avg_volume_min;revenue_growth;eps_growth;eps_next_year;operating_margin;earnings_window;market_regime_allows_new_entries,False,"{'price': None, 'price_tv': None, 'price_finviz': 18.97, 'sma50': None, 'sma150': None, 'sma200': None, 'ema21': None, 'ema50': None, 'rsi14': None, 'atr14': None, 'atr_pct': None, 'rvol20': None, 'performance_21d_pct': None, 'distance_52w_high_pct': None, 'distance_resistance_pct': None, 'move_10d_pct': None, 'structural_trend_pass': False}",atr14;atr_pct;distance_52w_high_pct;distance_resistance_pct;ema21;ema50;move_10d_pct;pattern;performance_21d_pct;previous_revenue_growth_yoy;price;price_tv;resistance;rsi14;rvol20;shares_change_6m_pct;sma150;sma200;sma50;week52_high,TradingView MCP + Finviz via finvizfinance screener views,2026-08-21T23:35:50+02:00,2026-08-12,,9,PEAD_WINDOW,
LPLA,LPL Financial Holdings Inc,tradingview_gates,sma150_above_sma200;atr_pct;market_regime_allows_new_entries,,price_min;market_cap_min;avg_volume_min;price_above_sma50;sma50_above_sma150;sma150_above_sma200;ema21_above_ema50;within_25pct_52w_high;rsi14;atr_pct;rvol20_data_available;performance_21d;distance_resistance_hard;no_extended_move_10d;revenue_growth;eps_growth;eps_next_year;operating_margin;earnings_window;market_regime_allows_new_entries,True,"{'price': 361.35, 'price_tv': 361.35, 'price_finviz': 361.35, 'sma50': 326.4205, 'sma150': 319.8618666666667, 'sma200': 331.40925000000004, 'ema21': 355.2894068715882, 'ema50': 336.4228384023775, 'rsi14': 58.45501418887206, 'atr14': 9.59565333379796, 'atr_pct': 2.6555011301502587, 'rvol20': 0.7000789637768899, 'performance_21d_pct': 11.762340715081043, 'distance_52w_high_pct': 9.698620551779289, 'distance_resistance_pct': 4.884461048844604, 'move_10d_pct': -0.3529768634696451, 'structural_trend_pass': False}",pattern;previous_revenue_growth_yoy;shares_change_6m_pct,TradingView MCP + Finviz via finvizfinance screener views,2026-08-21T23:36:04+02:00,2026-07-30,,22,NORMAL,
LRCX,Lam Research Corp,tradingview_gates,price_above_sma50;ema21_above_ema50;within_25pct_52w_high;rsi14;performance_21d;market_regime_allows_new_entries,,price_min;market_cap_min;avg_volume_min;price_above_sma50;sma50_above_sma150;sma150_above_sma200;ema21_above_ema50;within_25pct_52w_high;rsi14;atr_pct;rvol20_data_available;performance_21d;distance_resistance_hard;no_extended_move_10d;revenue_growth;eps_growth;eps_next_year;operating_margin;earnings_window;market_regime_allows_new_entries,True,"{'price': 314, 'price_tv': 314, 'price_finviz': 314.0, 'sma50': 337.2796, 'sma150': 281.4791333333333, 'sma200': 253.59459999999999, 'ema21': 317.6265192331243, 'ema50': 319.21913658595093, 'rsi14': 48.41921293322883, 'atr14': 20.660524917313325, 'atr_pct': 6.5797850055137985, 'rvol20': 0.5525283837786225, 'performance_21d_pct': -1.8074926511976952, 'distance_52w_high_pct': 28.39224629418472, 'distance_resistance_pct': 39.64968152866242, 'move_10d_pct': 0.8511321663722482, 'structural_trend_pass': False}",pattern;previous_revenue_growth_yoy;shares_change_6m_pct,TradingView MCP + Finviz via finvizfinance screener views,2026-08-21T23:36:17+02:00,2026-07-29,,23,NORMAL,
MFP,Midera Food Processing Inc,tradingview_gates,market_regime_allows_new_entries,price_above_sma50;sma50_above_sma150;sma150_above_sma200;ema21_above_ema50;within_25pct_52w_high;rsi14;atr_pct;rvol20_data_available;performance_21d;distance_resistance_hard;no_extended_move_10d;revenue_growth;eps_growth;operating_margin,price_min;market_cap_min;avg_volume_min;eps_next_year;earnings_window;market_regime_allows_new_entries,False,"{'price': None, 'price_tv': None, 'price_finviz': 50.71, 'sma50': None, 'sma150': None, 'sma200': None, 'ema21': None, 'ema50': None, 'rsi14': None, 'atr14': None, 'atr_pct': None, 'rvol20': None, 'performance_21d_pct': None, 'distance_52w_high_pct': None, 'distance_resistance_pct': None, 'move_10d_pct': None, 'structural_trend_pass': False}",atr14;atr_pct;distance_52w_high_pct;distance_resistance_pct;ema21;ema50;eps_growth_yoy;gross_margin;move_10d_pct;operating_margin;pattern;performance_21d_pct;previous_revenue_growth_yoy;price;price_tv;resistance;revenue_growth_yoy;rsi14;rvol20;shares_change_6m_pct;sma150;sma200;sma50;week52_high,TradingView MCP + Finviz via finvizfinance screener views,2026-08-21T23:36:32+02:00,2026-08-13,,8,PEAD_WINDOW,
MPWR,Monolithic Power System Inc,tradingview_gates,price_above_sma50;ema21_above_ema50;rsi14;performance_21d;market_regime_allows_new_entries,,price_min;market_cap_min;avg_volume_min;price_above_sma50;sma50_above_sma150;sma150_above_sma200;ema21_above_ema50;within_25pct_52w_high;rsi14;atr_pct;rvol20_data_available;performance_21d;distance_resistance_hard;no_extended_move_10d;revenue_growth;eps_growth;eps_next_year;operating_margin;earnings_window;market_regime_allows_new_entries,True,"{'price': 1316.28, 'price_tv': 1316.28, 'price_finviz': 1316.28, 'sma50': 1379.6092999999998, 'sma150': 1332.1297, 'sma200': 1235.02125, 'ema21': 1356.1159871395396, 'ema50': 1378.7785034174788, 'rsi14': 45.296547399941, 'atr14': 75.1961409400018, 'atr_pct': 5.712776988178944, 'rvol20': 0.6300236912148831, 'performance_21d_pct': -5.788211716709024, 'distance_52w_high_pct': 23.208228459895828, 'distance_resistance_pct': 29.73075637402376, 'move_10d_pct': -6.0833083608031195, 'structural_trend_pass': False}",pattern;previous_revenue_growth_yoy;shares_change_6m_pct,TradingView MCP + Finviz via finvizfinance screener views,2026-08-21T23:36:45+02:00,2026-07-30,,22,NORMAL,
MWH,SOLV Energy Inc,tradingview_gates,market_regime_allows_new_entries,price_above_sma50;sma50_above_sma150;sma150_above_sma200;ema21_above_ema50;within_25pct_52w_high;rsi14;atr_pct;rvol20_data_available;performance_21d;distance_resistance_hard;no_extended_move_10d;operating_margin,price_min;market_cap_min;avg_volume_min;revenue_growth;eps_growth;eps_next_year;earnings_window;market_regime_allows_new_entries,False,"{'price': None, 'price_tv': None, 'price_finviz': 28.34, 'sma50': None, 'sma150': None, 'sma200': None, 'ema21': None, 'ema50': None, 'rsi14': None, 'atr14': None, 'atr_pct': None, 'rvol20': None, 'performance_21d_pct': None, 'distance_52w_high_pct': None, 'distance_resistance_pct': None, 'move_10d_pct': None, 'structural_trend_pass': False}",atr14;atr_pct;distance_52w_high_pct;distance_resistance_pct;ema21;ema50;gross_margin;move_10d_pct;operating_margin;pattern;performance_21d_pct;previous_revenue_growth_yoy;price;price_tv;resistance;rsi14;rvol20;shares_change_6m_pct;sma150;sma200;sma50;week52_high,TradingView MCP + Finviz via finvizfinance screener views,2026-08-21T23:36:59+02:00,2026-08-13,,8,PEAD_WINDOW,
NBIX,Neurocrine Biosciences Inc,tradingview_gates,price_above_sma50;ema21_above_ema50;rsi14;performance_21d;market_regime_allows_new_entries,,price_min;market_cap_min;avg_volume_min;price_above_sma50;sma50_above_sma150;sma150_above_sma200;ema21_above_ema50;within_25pct_52w_high;rsi14;atr_pct;rvol20_data_available;performance_21d;distance_resistance_hard;no_extended_move_10d;revenue_growth;eps_growth;eps_next_year;operating_margin;earnings_window;market_regime_allows_new_entries,True,"{'price': 152.57, 'price_tv': 152.57, 'price_finviz': 152.57, 'sma50': 166.93689999999998, 'sma150': 147.75636666666668, 'sma200': 147.16424999999998, 'ema21': 160.78061179346736, 'ema50': 162.6543247838041, 'rsi14': 36.64372091215428, 'atr14': 4.891649947577657, 'atr_pct': 3.2061676263863523, 'rvol20': 0.8430848965125681, 'performance_21d_pct': -12.391616422624185, 'distance_52w_high_pct': 18.026004728132396, 'distance_resistance_pct': 21.98990627253065, 'move_10d_pct': -6.63362095343002, 'structural_trend_pass': False}",pattern;previous_revenue_growth_yoy;shares_change_6m_pct,TradingView MCP + Finviz via finvizfinance screener views,2026-08-21T23:37:13+02:00,2026-07-30,,22,NORMAL,
PENG,Penguin Solutions Inc,tradingview_gates,price_above_sma50;ema21_above_ema50;within_25pct_52w_high;rsi14;performance_21d;market_regime_allows_new_entries,eps_growth,price_min;market_cap_min;avg_volume_min;price_above_sma50;sma50_above_sma150;sma150_above_sma200;ema21_above_ema50;within_25pct_52w_high;rsi14;atr_pct;rvol20_data_available;performance_21d;distance_resistance_hard;no_extended_move_10d;revenue_growth;eps_next_year;operating_margin;earnings_window;market_regime_allows_new_entries,True,"{'price': 52.62, 'price_tv': 52.62, 'price_finviz': 52.62, 'sma50': 61.8284, 'sma150': 40.135999999999996, 'sma200': 35.152875, 'ema21': 57.184664253332464, 'ema50': 57.263404073804615, 'rsi14': 43.55292473730128, 'atr14': 5.176785165064179, 'atr_pct': 9.838056185982856, 'rvol20': 0.49007885984461935, 'performance_21d_pct': -9.912686183872621, 'distance_52w_high_pct': 41.442243489873135, 'distance_resistance_pct': 70.77156974534398, 'move_10d_pct': -9.9435221632723, 'structural_trend_pass': False}",eps_growth_yoy;pattern;previous_revenue_growth_yoy;shares_change_6m_pct,TradingView MCP + Finviz via finvizfinance screener views,2026-08-21T23:37:27+02:00,2026-07-07,,45,NORMAL,
PPTA,Perpetua Resources Corp,tradingview_gates,sma50_above_sma150;within_25pct_52w_high;performance_21d;market_regime_allows_new_entries,revenue_growth;eps_growth;operating_margin,price_min;market_cap_min;avg_volume_min;price_above_sma50;sma50_above_sma150;sma150_above_sma200;ema21_above_ema50;within_25pct_52w_high;rsi14;atr_pct;rvol20_data_available;performance_21d;distance_resistance_hard;no_extended_move_10d;eps_next_year;earnings_window;market_regime_allows_new_entries,True,"{'price': 25.7, 'price_tv': 25.7, 'price_finviz': 25.7, 'sma50': 21.448, 'sma150': 26.707466666666665, 'sma200': 26.429699999999997, 'ema21': 23.187649900306067, 'ema50': 22.692246796920088, 'rsi14': 64.01828062761611, 'atr14': 1.280801478812616, 'atr_pct': 4.9836633416833305, 'rvol20': 1.6376948323289313, 'performance_21d_pct': 44.05829596412556, 'distance_52w_high_pct': 31.228257960931227, 'distance_resistance_pct': 8.32684824902724, 'move_10d_pct': 3.9644012944983764, 'structural_trend_pass': False}",gross_margin;operating_margin;pattern;previous_revenue_growth_yoy;revenue_growth_yoy;shares_change_6m_pct,TradingView MCP + Finviz via finvizfinance screener views,2026-08-21T23:37:32+02:00,2026-08-15,,6,PEAD_WINDOW,
QNT,Quantinuum Inc,tradingview_gates,market_regime_allows_new_entries,price_above_sma50;sma50_above_sma150;sma150_above_sma200;ema21_above_ema50;within_25pct_52w_high;rsi14;atr_pct;rvol20_data_available;performance_21d;distance_resistance_hard;no_extended_move_10d;revenue_growth;eps_growth;operating_margin,price_min;market_cap_min;avg_volume_min;eps_next_year;earnings_window;market_regime_allows_new_entries,False,"{'price': None, 'price_tv': None, 'price_finviz': 56.6, 'sma50': None, 'sma150': None, 'sma200': None, 'ema21': None, 'ema50': None, 'rsi14': None, 'atr14': None, 'atr_pct': None, 'rvol20': None, 'performance_21d_pct': None, 'distance_52w_high_pct': None, 'distance_resistance_pct': None, 'move_10d_pct': None, 'structural_trend_pass': False}",atr14;atr_pct;distance_52w_high_pct;distance_resistance_pct;ema21;ema50;eps_growth_yoy;gross_margin;move_10d_pct;operating_margin;pattern;performance_21d_pct;previous_revenue_growth_yoy;price;price_tv;resistance;revenue_growth_yoy;rsi14;rvol20;shares_change_6m_pct;sma150;sma200;sma50;week52_high,TradingView MCP + Finviz via finvizfinance screener views,2026-08-21T23:37:46+02:00,2026-08-11,,10,PEAD_WINDOW,
ROAD,Construction Partners Inc,tradingview_gates,sma50_above_sma150;within_25pct_52w_high;rsi14;market_regime_allows_new_entries,,price_min;market_cap_min;avg_volume_min;price_above_sma50;sma50_above_sma150;sma150_above_sma200;ema21_above_ema50;within_25pct_52w_high;rsi14;atr_pct;rvol20_data_available;performance_21d;distance_resistance_hard;no_extended_move_10d;revenue_growth;eps_growth;eps_next_year;operating_margin;earnings_window;market_regime_allows_new_entries,True,"{'price': 112.17, 'price_tv': 112.17, 'price_finviz': 112.17, 'sma50': 110.8783, 'sma150': 116.71653333333333, 'sma200': 114.890275, 'ema21': 112.74640304554988, 'ema50': 111.82639242383414, 'rsi14': 50.083988536589366, 'atr14': 5.4497315686257535, 'atr_pct': 4.858457313564904, 'rvol20': 0.49866096212465033, 'performance_21d_pct': 7.814302191464817, 'distance_52w_high_pct': 25.715231788079468, 'distance_resistance_pct': 15.819737897833635, 'move_10d_pct': -6.322031067312506, 'structural_trend_pass': False}",pattern;previous_revenue_growth_yoy;shares_change_6m_pct,TradingView MCP + Finviz via finvizfinance screener views,2026-08-21T23:38:01+02:00,2026-08-07,,14,PEAD_WINDOW,
SHAZ,SharonAI Holdings Inc,tradingview_gates,market_regime_allows_new_entries,price_above_sma50;sma50_above_sma150;sma150_above_sma200;ema21_above_ema50;within_25pct_52w_high;rsi14;atr_pct;rvol20_data_available;performance_21d;distance_resistance_hard;no_extended_move_10d;revenue_growth;eps_growth;operating_margin,price_min;market_cap_min;avg_volume_min;eps_next_year;earnings_window;market_regime_allows_new_entries,False,"{'price': None, 'price_tv': None, 'price_finviz': 59.07, 'sma50': None, 'sma150': None, 'sma200': None, 'ema21': None, 'ema50': None, 'rsi14': None, 'atr14': None, 'atr_pct': None, 'rvol20': None, 'performance_21d_pct': None, 'distance_52w_high_pct': None, 'distance_resistance_pct': None, 'move_10d_pct': None, 'structural_trend_pass': False}",atr14;atr_pct;distance_52w_high_pct;distance_resistance_pct;ema21;ema50;gross_margin;move_10d_pct;operating_margin;pattern;performance_21d_pct;previous_revenue_growth_yoy;price;price_tv;resistance;revenue_growth_yoy;rsi14;rvol20;shares_change_6m_pct;sma150;sma200;sma50;week52_high,TradingView MCP + Finviz via finvizfinance screener views,2026-08-21T23:38:15+02:00,2026-08-06,,15,PEAD_WINDOW,
SHOP,Shopify Inc,tradingview_gates,sma150_above_sma200;performance_21d;market_regime_allows_new_entries,,price_min;market_cap_min;avg_volume_min;price_above_sma50;sma50_above_sma150;sma150_above_sma200;ema21_above_ema50;within_25pct_52w_high;rsi14;atr_pct;rvol20_data_available;performance_21d;distance_resistance_hard;no_extended_move_10d;revenue_growth;eps_growth;eps_next_year;operating_margin;earnings_window;market_regime_allows_new_entries,True,"{'price': 149.25, 'price_tv': 149.25, 'price_finviz': 149.25, 'sma50': 126.5822, 'sma150': 122.19626666666666, 'sma200': 131.5925, 'ema21': 141.5099358417564, 'ema50': 131.44189158051725, 'rsi14': 60.92614515708375, 'atr14': 6.410416919594028, 'atr_pct': 4.295086713295832, 'rvol20': 0.46582003289583723, 'performance_21d_pct': 33.258928571428584, 'distance_52w_high_pct': 18.08002634612218, 'distance_resistance_pct': 6.445561139028479, 'move_10d_pct': -1.53064590618196, 'structural_trend_pass': False}",pattern;previous_revenue_growth_yoy;shares_change_6m_pct,TradingView MCP + Finviz via finvizfinance screener views,2026-08-21T23:38:29+02:00,2026-08-05,,16,NORMAL,
SOFI,SoFi Technologies Inc,tradingview_gates,sma50_above_sma150;sma150_above_sma200;within_25pct_52w_high;market_regime_allows_new_entries,,price_min;market_cap_min;avg_volume_min;price_above_sma50;sma50_above_sma150;sma150_above_sma200;ema21_above_ema50;within_25pct_52w_high;rsi14;atr_pct;rvol20_data_available;performance_21d;distance_resistance_hard;no_extended_move_10d;revenue_growth;eps_growth;eps_next_year;operating_margin;earnings_window;market_regime_allows_new_entries,True,"{'price': 18.91, 'price_tv': 18.91, 'price_finviz': 18.91, 'sma50': 17.673199999999998, 'sma150': 18.138766666666665, 'sma200': 20.514924999999998, 'ema21': 17.95100756429203, 'ema50': 17.687063169396, 'rsi14': 58.182419593987724, 'atr14': 0.8620840217006711, 'atr_pct': 4.55887901481053, 'rvol20': 0.9727700184661517, 'performance_21d_pct': 13.573573573573583, 'distance_52w_high_pct': 42.22425908952031, 'distance_resistance_pct': 4.38921205711263, 'move_10d_pct': 2.883569096844396, 'structural_trend_pass': False}",pattern;previous_revenue_growth_yoy;shares_change_6m_pct,TradingView MCP + Finviz via finvizfinance screener views,2026-08-21T23:38:34+02:00,2026-07-29,,23,NORMAL,
SPCX,Space Exploration Technologies Corp,tradingview_gates,market_regime_allows_new_entries,price_above_sma50;sma50_above_sma150;sma150_above_sma200;ema21_above_ema50;within_25pct_52w_high;rsi14;atr_pct;rvol20_data_available;performance_21d;distance_resistance_hard;no_extended_move_10d;revenue_growth;eps_growth;operating_margin,price_min;market_cap_min;avg_volume_min;eps_next_year;earnings_window;market_regime_allows_new_entries,False,"{'price': None, 'price_tv': None, 'price_finviz': 136.97, 'sma50': None, 'sma150': None, 'sma200': None, 'ema21': None, 'ema50': None, 'rsi14': None, 'atr14': None, 'atr_pct': None, 'rvol20': None, 'performance_21d_pct': None, 'distance_52w_high_pct': None, 'distance_resistance_pct': None, 'move_10d_pct': None, 'structural_trend_pass': False}",atr14;atr_pct;distance_52w_high_pct;distance_resistance_pct;ema21;ema50;eps_growth_yoy;gross_margin;move_10d_pct;operating_margin;pattern;performance_21d_pct;previous_revenue_growth_yoy;price;price_tv;resistance;revenue_growth_yoy;rsi14;rvol20;shares_change_6m_pct;sma150;sma200;sma50;week52_high,TradingView MCP + Finviz via finvizfinance screener views,2026-08-21T23:38:39+02:00,2026-08-04,,17,NORMAL,
STLD,Steel Dynamics Inc,tradingview_gates,price_above_sma50;rsi14;performance_21d;market_regime_allows_new_entries,,price_min;market_cap_min;avg_volume_min;price_above_sma50;sma50_above_sma150;sma150_above_sma200;ema21_above_ema50;within_25pct_52w_high;rsi14;atr_pct;rvol20_data_available;performance_21d;distance_resistance_hard;no_extended_move_10d;revenue_growth;eps_growth;eps_next_year;operating_margin;earnings_window;market_regime_allows_new_entries,True,"{'price': 228.68, 'price_tv': 228.68, 'price_finviz': 228.68, 'sma50': 246.89919999999998, 'sma150': 219.54813333333334, 'sma200': 206.157375, 'ema21': 247.69656860412965, 'ema50': 245.54954496477168, 'rsi14': 37.715673920174474, 'atr14': 10.103712221170884, 'atr_pct': 4.41827541593969, 'rvol20': 1.7053968378509532, 'performance_21d_pct': -4.942428399218512, 'distance_52w_high_pct': 20.80072037126827, 'distance_resistance_pct': 26.26377470701417, 'move_10d_pct': -12.867212802438555, 'structural_trend_pass': False}",pattern;previous_revenue_growth_yoy;shares_change_6m_pct,TradingView MCP + Finviz via finvizfinance screener views,2026-08-21T23:38:53+02:00,2026-07-20,,32,NORMAL,
STRC,Strategy Inc - VR PRF PERPETUAL USD 100 - Ser A,tradingview_gates,sma50_above_sma150;sma150_above_sma200;atr_pct;market_regime_allows_new_entries,revenue_growth;eps_growth;operating_margin;earnings_window,price_min;market_cap_min;avg_volume_min;price_above_sma50;sma50_above_sma150;sma150_above_sma200;ema21_above_ema50;within_25pct_52w_high;rsi14;atr_pct;rvol20_data_available;performance_21d;distance_resistance_hard;no_extended_move_10d;eps_next_year;market_regime_allows_new_entries,True,"{'price': 96.18, 'price_tv': 96.18, 'price_finviz': 96.18, 'sma50': 89.4272, 'sma150': 95.9807, 'sma200': 96.58957500000001, 'ema21': 93.15555217243694, 'ema50': 92.09845934519515, 'rsi14': 65.10540583908508, 'atr14': 1.6932300727381977, 'atr_pct': 1.7604804249721333, 'rvol20': 1.3077390445559696, 'performance_21d_pct': 13.232870261360974, 'distance_52w_high_pct': 4.220549661316367, 'distance_resistance_pct': 3.4414639218132543, 'move_10d_pct': 1.2314493211240896, 'structural_trend_pass': False}",eps_growth_yoy;gross_margin;operating_margin;pattern;previous_revenue_growth_yoy;revenue_growth_yoy;shares_change_6m_pct,TradingView MCP + Finviz via finvizfinance screener views,2026-08-21T23:39:07+02:00,,,,UNKNOWN,
STRL,Sterling Infrastructure Inc,tradingview_gates,price_above_sma50;ema21_above_ema50;within_25pct_52w_high;rsi14;performance_21d;market_regime_allows_new_entries,,price_min;market_cap_min;avg_volume_min;price_above_sma50;sma50_above_sma150;sma150_above_sma200;ema21_above_ema50;within_25pct_52w_high;rsi14;atr_pct;rvol20_data_available;performance_21d;distance_resistance_hard;no_extended_move_10d;revenue_growth;eps_growth;eps_next_year;operating_margin;earnings_window;market_regime_allows_new_entries,True,"{'price': 516.81, 'price_tv': 516.81, 'price_finviz': 516.81, 'sma50': 677.8135000000001, 'sma150': 579.5978333333334, 'sma200': 517.249375, 'ema21': 573.4018736642619, 'ema50': 629.2274098530656, 'rsi14': 38.61700362432604, 'atr14': 42.96481318452525, 'atr_pct': 8.313463977965839, 'rvol20': 0.49215781659308716, 'performance_21d_pct': -27.954665848830405, 'distance_52w_high_pct': 48.610900363753814, 'distance_resistance_pct': 94.59379655966411, 'move_10d_pct': -5.529558000950541, 'structural_trend_pass': False}",pattern;previous_revenue_growth_yoy;shares_change_6m_pct,TradingView MCP + Finviz via finvizfinance screener views,2026-08-21T23:39:21+02:00,2026-08-03,,18,NORMAL,
STX,Seagate Technology Holdings Plc,tradingview_gates,price_above_sma50;within_25pct_52w_high;rsi14;performance_21d;market_regime_allows_new_entries,,price_min;market_cap_min;avg_volume_min;price_above_sma50;sma50_above_sma150;sma150_above_sma200;ema21_above_ema50;within_25pct_52w_high;rsi14;atr_pct;rvol20_data_available;performance_21d;distance_resistance_hard;no_extended_move_10d;revenue_growth;eps_growth;eps_next_year;operating_margin;earnings_window;market_regime_allows_new_entries,True,"{'price': 850, 'price_tv': 850, 'price_finviz': 850.0, 'sma50': 891.438, 'sma150': 660.6282333333334, 'sma200': 565.871225, 'ema21': 868.1904174120182, 'ema50': 852.4783631072218, 'rsi14': 48.23471033685537, 'atr14': 69.56033938321139, 'atr_pct': 8.18356933920134, 'rvol20': 0.5279974469412295, 'performance_21d_pct': -6.937023736533243, 'distance_52w_high_pct': 25.76419213973799, 'distance_resistance_pct': 34.705882352941174, 'move_10d_pct': 4.581918401496132, 'structural_trend_pass': False}",pattern;previous_revenue_growth_yoy;shares_change_6m_pct,TradingView MCP + Finviz via finvizfinance screener views,2026-08-21T23:39:35+02:00,2026-07-28,,24,NORMAL,
TSEM,Tower Semiconductor Ltd,tradingview_gates,price_above_sma50;within_25pct_52w_high;rsi14;performance_21d;market_regime_allows_new_entries,,price_min;market_cap_min;avg_volume_min;price_above_sma50;sma50_above_sma150;sma150_above_sma200;ema21_above_ema50;within_25pct_52w_high;rsi14;atr_pct;rvol20_data_available;performance_21d;distance_resistance_hard;no_extended_move_10d;revenue_growth;eps_growth;eps_next_year;operating_margin;earnings_window;market_regime_allows_new_entries,True,"{'price': 222.59, 'price_tv': 222.59, 'price_finviz': 222.59, 'sma50': 243.96880000000002, 'sma150': 203.31866666666667, 'sma200': 180.25185000000002, 'ema21': 238.2236719966672, 'ema50': 237.98712389962992, 'rsi14': 44.50669283765952, 'atr14': 20.695160929318767, 'atr_pct': 9.297435162998683, 'rvol20': 0.3953259761066707, 'performance_21d_pct': -14.526534060364027, 'distance_52w_high_pct': 30.427580171282116, 'distance_resistance_pct': 43.735118379082614, 'move_10d_pct': -11.842053150619824, 'structural_trend_pass': False}",pattern;previous_revenue_growth_yoy;shares_change_6m_pct,TradingView MCP + Finviz via finvizfinance screener views,2026-08-21T23:39:49+02:00,2026-08-04,,17,NORMAL,
TTMI,TTM Technologies Inc,tradingview_gates,price_above_sma50;ema21_above_ema50;within_25pct_52w_high;rsi14;performance_21d;market_regime_allows_new_entries,,price_min;market_cap_min;avg_volume_min;price_above_sma50;sma50_above_sma150;sma150_above_sma200;ema21_above_ema50;within_25pct_52w_high;rsi14;atr_pct;rvol20_data_available;performance_21d;distance_resistance_hard;no_extended_move_10d;revenue_growth;eps_growth;eps_next_year;operating_margin;earnings_window;market_regime_allows_new_entries,True,"{'price': 110.54, 'price_tv': 110.54, 'price_finviz': 110.54, 'sma50': 151.85049999999998, 'sma150': 133.21676666666667, 'sma200': 117.65180000000001, 'ema21': 129.77721794264923, 'ema50': 140.55334251144507, 'rsi14': 34.9280052570559, 'atr14': 11.490084861532807, 'atr_pct': 10.3945041265902, 'rvol20': 0.7110281395201848, 'performance_21d_pct': -23.686572316189157, 'distance_52w_high_pct': 50.6143054997096, 'distance_resistance_pct': 102.4877872263434, 'move_10d_pct': -19.437358793090887, 'structural_trend_pass': False}",pattern;previous_revenue_growth_yoy;shares_change_6m_pct,TradingView MCP + Finviz via finvizfinance screener views,2026-08-21T23:40:03+02:00,2026-08-05,,16,NORMAL,
TXN,Texas Instruments Inc,tradingview_gates,price_above_sma50;ema21_above_ema50;rsi14;performance_21d;market_regime_allows_new_entries,,price_min;market_cap_min;avg_volume_min;price_above_sma50;sma50_above_sma150;sma150_above_sma200;ema21_above_ema50;within_25pct_52w_high;rsi14;atr_pct;rvol20_data_available;performance_21d;distance_resistance_hard;no_extended_move_10d;revenue_growth;eps_growth;eps_next_year;operating_margin;earnings_window;market_regime_allows_new_entries,True,"{'price': 264.36, 'price_tv': 264.36, 'price_finviz': 264.36, 'sma50': 290.1563, 'sma150': 254.82993333333332, 'sma200': 234.46715, 'ema21': 277.3743667042132, 'ema50': 282.0725659656089, 'rsi14': 39.035622553650086, 'atr14': 10.586123271133243, 'atr_pct': 4.004434585842503, 'rvol20': 0.7669945693977412, 'performance_21d_pct': -7.2388504859819625, 'distance_52w_high_pct': 20.85740801724395, 'distance_resistance_pct': 26.354213950673305, 'move_10d_pct': -7.592281879194617, 'structural_trend_pass': False}",pattern;previous_revenue_growth_yoy;shares_change_6m_pct,TradingView MCP + Finviz via finvizfinance screener views,2026-08-21T23:40:17+02:00,2026-07-22,,30,NORMAL,
