ticker,name,exclusion_stage,failed_gates,unverifiable_gates,gates_evaluated,technical_gates_evaluated,values,missing_fields,source,retrieved_at,earnings_date,days_to_earnings,days_since_earnings,earnings_state,gate_distance
ABVX,Abivax ADR,finviz_prefilter,adr,,,False,"{'industry': 'Biotechnology', 'price_finviz': 117.93}",,Finviz via finvizfinance screener views,2026-08-25T23:30:26+02:00,,,,,
APGE,Apogee Therapeutics Inc,finviz_prefilter,biotech_pre_revenue,,,False,"{'industry': 'Biotechnology', 'price_finviz': 134.85}",,Finviz via finvizfinance screener views,2026-08-25T23:30:26+02:00,,,,,
ARM,Arm Holdings Plc ADR,finviz_prefilter,adr,,,False,"{'industry': 'Semiconductors', 'price_finviz': 241.56}",,Finviz via finvizfinance screener views,2026-08-25T23:30:26+02:00,,,,,
ATAT,Atour Lifestyle Holdings Ltd ADR,finviz_prefilter,adr,,,False,"{'industry': 'Lodging', 'price_finviz': 35.65}",,Finviz via finvizfinance screener views,2026-08-25T23:30:26+02:00,,,,,
BIDU,Baidu Inc ADR,finviz_prefilter,adr,,,False,"{'industry': 'Internet Content & Information', 'price_finviz': 93.43}",,Finviz via finvizfinance screener views,2026-08-25T23:30:26+02:00,,,,,
BILI,Bilibili Inc ADR,finviz_prefilter,adr,,,False,"{'industry': 'Internet Content & Information', 'price_finviz': 16.57}",,Finviz via finvizfinance screener views,2026-08-25T23:30:26+02:00,,,,,
BNTX,BioNTech SE ADR,finviz_prefilter,adr,,,False,"{'industry': 'Biotechnology', 'price_finviz': 114.05}",,Finviz via finvizfinance screener views,2026-08-25T23:30:26+02:00,,,,,
BZ,Kanzhun Ltd ADR,finviz_prefilter,adr,,,False,"{'industry': 'Internet Content & Information', 'price_finviz': 16.29}",,Finviz via finvizfinance screener views,2026-08-25T23:30:26+02:00,,,,,
CELC,Celcuity Inc,finviz_prefilter,biotech_pre_revenue,,,False,"{'industry': 'Biotechnology', 'price_finviz': 92.27}",,Finviz via finvizfinance screener views,2026-08-25T23:30:26+02:00,,,,,
COGT,Cogent Biosciences Inc,finviz_prefilter,biotech_pre_revenue,,,False,"{'industry': 'Biotechnology', 'price_finviz': 36.8}",,Finviz via finvizfinance screener views,2026-08-25T23:30:26+02:00,,,,,
DFTX,Definium Therapeutics Inc,finviz_prefilter,biotech_pre_revenue,,,False,"{'industry': 'Biotechnology', 'price_finviz': 44.81}",,Finviz via finvizfinance screener views,2026-08-25T23:30:26+02:00,,,,,
DYN,Dyne Therapeutics Inc,finviz_prefilter,biotech_pre_revenue,,,False,"{'industry': 'Biotechnology', 'price_finviz': 26.34}",,Finviz via finvizfinance screener views,2026-08-25T23:30:26+02:00,,,,,
ELVN,Enliven Therapeutics Inc,finviz_prefilter,biotech_pre_revenue,,,False,"{'industry': 'Biotechnology', 'price_finviz': 61.01}",,Finviz via finvizfinance screener views,2026-08-25T23:30:26+02:00,,,,,
ERAS,Erasca Inc,finviz_prefilter,biotech_pre_revenue,,,False,"{'industry': 'Biotechnology', 'price_finviz': 17.76}",,Finviz via finvizfinance screener views,2026-08-25T23:30:26+02:00,,,,,
EWTX,Edgewise Therapeutics Inc,finviz_prefilter,biotech_pre_revenue,,,False,"{'industry': 'Biotechnology', 'price_finviz': 44.21}",,Finviz via finvizfinance screener views,2026-08-25T23:30:26+02:00,,,,,
FUTU,Futu Holdings Ltd ADR,finviz_prefilter,adr,,,False,"{'industry': 'Capital Markets', 'price_finviz': 125.63}",,Finviz via finvizfinance screener views,2026-08-25T23:30:26+02:00,,,,,
GDS,GDS Holdings Limited ADR,finviz_prefilter,adr,,,False,"{'industry': 'Information Technology Services', 'price_finviz': 32.99}",,Finviz via finvizfinance screener views,2026-08-25T23:30:26+02:00,,,,,
GENB,Generate Biomedicines Inc,finviz_prefilter,biotech_pre_revenue,,,False,"{'industry': 'Biotechnology', 'price_finviz': 20.38}",,Finviz via finvizfinance screener views,2026-08-25T23:30:26+02:00,,,,,
GGAL,Grupo Financiero Galicia ADR,finviz_prefilter,adr,,,False,"{'industry': 'Banks - Regional', 'price_finviz': 44.2}",,Finviz via finvizfinance screener views,2026-08-25T23:30:26+02:00,,,,,
GMAB,Genmab ADR,finviz_prefilter,adr,,,False,"{'industry': 'Biotechnology', 'price_finviz': 34.36}",,Finviz via finvizfinance screener views,2026-08-25T23:30:26+02:00,,,,,
HSAI,Hesai Group ADR,finviz_prefilter,adr,,,False,"{'industry': 'Auto Parts', 'price_finviz': 18.3}",,Finviz via finvizfinance screener views,2026-08-25T23:30:26+02:00,,,,,
HTHT,H World Group Limited ADR,finviz_prefilter,adr,,,False,"{'industry': 'Lodging', 'price_finviz': 49.47}",,Finviz via finvizfinance screener views,2026-08-25T23:30:26+02:00,,,,,
IMVT,Immunovant Inc,finviz_prefilter,biotech_pre_revenue,,,False,"{'industry': 'Biotechnology', 'price_finviz': 43.5}",,Finviz via finvizfinance screener views,2026-08-25T23:30:26+02:00,,,,,
JD,JD.com Inc ADR,finviz_prefilter,adr,,,False,"{'industry': 'Internet Retail', 'price_finviz': 29.36}",,Finviz via finvizfinance screener views,2026-08-25T23:30:26+02:00,,,,,
LEGN,Legend Biotech Corp ADR,finviz_prefilter,adr,,,False,"{'industry': 'Biotechnology', 'price_finviz': 21.3}",,Finviz via finvizfinance screener views,2026-08-25T23:30:26+02:00,,,,,
MBX,MBX Biosciences Inc,finviz_prefilter,biotech_pre_revenue,,,False,"{'industry': 'Biotechnology', 'price_finviz': 68.62}",,Finviz via finvizfinance screener views,2026-08-25T23:30:26+02:00,,,,,
MLYS,Mineralys Therapeutics Inc,finviz_prefilter,biotech_pre_revenue,,,False,"{'industry': 'Biotechnology', 'price_finviz': 26.34}",,Finviz via finvizfinance screener views,2026-08-25T23:30:26+02:00,,,,,
NTES,NetEase Inc ADR,finviz_prefilter,adr,,,False,"{'industry': 'Electronic Gaming & Multimedia', 'price_finviz': 128.8}",,Finviz via finvizfinance screener views,2026-08-25T23:30:26+02:00,,,,,
ORKA,Oruka Therapeutics Inc,finviz_prefilter,biotech_pre_revenue,,,False,"{'industry': 'Biotechnology', 'price_finviz': 101.82}",,Finviz via finvizfinance screener views,2026-08-25T23:30:26+02:00,,,,,
PAYP,PayPay Corp ADR,finviz_prefilter,adr,,,False,"{'industry': 'Software - Infrastructure', 'price_finviz': 16.17}",,Finviz via finvizfinance screener views,2026-08-25T23:30:26+02:00,,,,,
PCVX,Vaxcyte Inc,finviz_prefilter,biotech_pre_revenue,,,False,"{'industry': 'Biotechnology', 'price_finviz': 61.09}",,Finviz via finvizfinance screener views,2026-08-25T23:30:26+02:00,,,,,
PDD,PDD Holdings Inc ADR,finviz_prefilter,adr,,,False,"{'industry': 'Internet Retail', 'price_finviz': 87.75}",,Finviz via finvizfinance screener views,2026-08-25T23:30:26+02:00,,,,,
RVMD,Revolution Medicines Inc,finviz_prefilter,biotech_pre_revenue,,,False,"{'industry': 'Biotechnology', 'price_finviz': 211.38}",,Finviz via finvizfinance screener views,2026-08-25T23:30:26+02:00,,,,,
RYAAY,Ryanair Holdings Plc ADR,finviz_prefilter,adr,,,False,"{'industry': 'Airlines', 'price_finviz': 57.28}",,Finviz via finvizfinance screener views,2026-08-25T23:30:26+02:00,,,,,
SIMO,Silicon Motion Technology Corp ADR,finviz_prefilter,adr,,,False,"{'industry': 'Semiconductors', 'price_finviz': 241.83}",,Finviz via finvizfinance screener views,2026-08-25T23:30:26+02:00,,,,,
SKHY,SK Hynix Inc ADR,finviz_prefilter,adr,,,False,"{'industry': 'Semiconductors', 'price_finviz': 159.53}",,Finviz via finvizfinance screener views,2026-08-25T23:30:26+02:00,,,,,
SNY,Sanofi ADR,finviz_prefilter,adr,,,False,"{'industry': 'Drug Manufacturers - General', 'price_finviz': 46.02}",,Finviz via finvizfinance screener views,2026-08-25T23:30:26+02:00,,,,,
SRRK,Scholar Rock Holding Corp,finviz_prefilter,biotech_pre_revenue,,,False,"{'industry': 'Biotechnology', 'price_finviz': 58.25}",,Finviz via finvizfinance screener views,2026-08-25T23:30:26+02:00,,,,,
SYRE,Spyre Therapeutics Inc,finviz_prefilter,biotech_pre_revenue,,,False,"{'industry': 'Biotechnology', 'price_finviz': 107.36}",,Finviz via finvizfinance screener views,2026-08-25T23:30:26+02:00,,,,,
TCOM,Trip.com Group Ltd ADR,finviz_prefilter,adr,,,False,"{'industry': 'Travel Services', 'price_finviz': 45.98}",,Finviz via finvizfinance screener views,2026-08-25T23:30:26+02:00,,,,,
TRVI,Trevi Therapeutics Inc,finviz_prefilter,biotech_pre_revenue,,,False,"{'industry': 'Biotechnology', 'price_finviz': 17.95}",,Finviz via finvizfinance screener views,2026-08-25T23:30:26+02:00,,,,,
VERA,Vera Therapeutics Inc,finviz_prefilter,biotech_pre_revenue,,,False,"{'industry': 'Biotechnology', 'price_finviz': 35.28}",,Finviz via finvizfinance screener views,2026-08-25T23:30:26+02:00,,,,,
VKTX,Viking Therapeutics Inc,finviz_prefilter,biotech_pre_revenue,,,False,"{'industry': 'Biotechnology', 'price_finviz': 34.17}",,Finviz via finvizfinance screener views,2026-08-25T23:30:26+02:00,,,,,
VOD,Vodafone Group plc ADR,finviz_prefilter,adr,,,False,"{'industry': 'Telecom Services', 'price_finviz': 16.13}",,Finviz via finvizfinance screener views,2026-08-25T23:30:26+02:00,,,,,
XENE,Xenon Pharmaceuticals Inc,finviz_prefilter,biotech_pre_revenue,,,False,"{'industry': 'Biotechnology', 'price_finviz': 60.42}",,Finviz via finvizfinance screener views,2026-08-25T23:30:26+02:00,,,,,
ZLAB,Zai Lab Limited ADR,finviz_prefilter,adr,,,False,"{'industry': 'Biotechnology', 'price_finviz': 26.17}",,Finviz via finvizfinance screener views,2026-08-25T23:30:26+02:00,,,,,
AAOI,Applied Optoelectronics Inc,finviz_prefilter,eps_growth;operating_margin,,price_min;market_cap_min;avg_volume_min;revenue_growth;eps_growth;eps_next_year;operating_margin;earnings_window,False,"{'revenue_growth_yoy': 86.42, 'eps_growth_yoy': -74.24, 'eps_next_year': 650.23, 'operating_margin': -11.31}",,Finviz via finvizfinance screener views,2026-08-25T23:30:26+02:00,2026-08-06,,19,NORMAL,
AAON,AAON Inc,finviz_prefilter,eps_growth,,price_min;market_cap_min;avg_volume_min;revenue_growth;eps_growth;eps_next_year;operating_margin;earnings_window,False,"{'revenue_growth_yoy': 101.23, 'eps_growth_yoy': 2.6251, 'eps_next_year': 51.16, 'operating_margin': 11.05}",,Finviz via finvizfinance screener views,2026-08-25T23:30:26+02:00,2026-08-10,,15,PEAD_WINDOW,"{'failed_gate': 'eps_growth', 'actual_value': 2.6251, 'applicable_threshold': 20.0, 'distance_to_threshold': 17.3749, 'distance_to_threshold_pct': 86.8745, 'formula': 'minimo: distance = threshold - actual; pct = distance / abs(threshold) * 100'}"
AAPL,Apple Inc,finviz_prefilter,revenue_growth;eps_growth;eps_next_year,,price_min;market_cap_min;avg_volume_min;revenue_growth;eps_growth;eps_next_year;operating_margin;earnings_window,False,"{'revenue_growth_yoy': 16.36, 'eps_growth_yoy': 29.13, 'eps_next_year': 7.81, 'operating_margin': 33.17}",,Finviz via finvizfinance screener views,2026-08-25T23:30:26+02:00,2026-07-30,,26,NORMAL,
ABNB,Airbnb Inc,finviz_prefilter,revenue_growth,,price_min;market_cap_min;avg_volume_min;revenue_growth;eps_growth;eps_next_year;operating_margin;earnings_window,False,"{'revenue_growth_yoy': 16.54, 'eps_growth_yoy': 33.06, 'eps_next_year': 17.45, 'operating_margin': 21.21}",,Finviz via finvizfinance screener views,2026-08-25T23:30:26+02:00,2026-08-06,,19,NORMAL,"{'failed_gate': 'revenue_growth', 'actual_value': 16.54, 'applicable_threshold': 20.0, 'distance_to_threshold': 3.460000000000001, 'distance_to_threshold_pct': 17.300000000000004, 'formula': 'minimo: distance = threshold - actual; pct = distance / abs(threshold) * 100'}"
ACAD,Acadia Pharmaceuticals Inc,finviz_prefilter,revenue_growth;eps_growth;operating_margin,,price_min;market_cap_min;avg_volume_min;revenue_growth;eps_growth;eps_next_year;operating_margin;earnings_window,False,"{'revenue_growth_yoy': 16.400000000000002, 'eps_growth_yoy': 15.24, 'eps_next_year': 48.25, 'operating_margin': 7.59}",,Finviz via finvizfinance screener views,2026-08-25T23:30:26+02:00,2026-08-04,,21,NORMAL,
ACGL,Arch Capital Group Ltd,finviz_prefilter,revenue_growth;eps_growth;eps_next_year,,price_min;market_cap_min;avg_volume_min;revenue_growth;eps_growth;eps_next_year;operating_margin;earnings_window,False,"{'revenue_growth_yoy': -11.459999999999999, 'eps_growth_yoy': -7.06, 'eps_next_year': 4.24, 'operating_margin': 25.11}",,Finviz via finvizfinance screener views,2026-08-25T23:30:26+02:00,2026-07-28,,28,NORMAL,
ACHC,Acadia Healthcare Company Inc,finviz_prefilter,revenue_growth;eps_growth,,price_min;market_cap_min;avg_volume_min;revenue_growth;eps_growth;eps_next_year;operating_margin;earnings_window,False,"{'revenue_growth_yoy': -0.38999999999999996, 'eps_growth_yoy': -64.09, 'eps_next_year': 19.31, 'operating_margin': 10.059999999999999}",,Finviz via finvizfinance screener views,2026-08-25T23:30:26+02:00,2026-07-28,,28,NORMAL,
ACIW,ACI Worldwide Inc,finviz_prefilter,revenue_growth;eps_growth;eps_next_year,,price_min;market_cap_min;avg_volume_min;revenue_growth;eps_growth;eps_next_year;operating_margin;earnings_window,False,"{'revenue_growth_yoy': 7.2700000000000005, 'eps_growth_yoy': 1.6934, 'eps_next_year': 13.51, 'operating_margin': 19.02}",,Finviz via finvizfinance screener views,2026-08-25T23:30:26+02:00,2026-08-06,,19,NORMAL,
ACMR,ACM Research Inc,finviz_prefilter,eps_growth,,price_min;market_cap_min;avg_volume_min;revenue_growth;eps_growth;eps_next_year;operating_margin;earnings_window,False,"{'revenue_growth_yoy': 36.01, 'eps_growth_yoy': 1.8057, 'eps_next_year': 44.07, 'operating_margin': 13.29}",,Finviz via finvizfinance screener views,2026-08-25T23:30:26+02:00,2026-08-07,,18,NORMAL,"{'failed_gate': 'eps_growth', 'actual_value': 1.8057, 'applicable_threshold': 30.0, 'distance_to_threshold': 28.1943, 'distance_to_threshold_pct': 93.981, 'formula': 'minimo: distance = threshold - actual; pct = distance / abs(threshold) * 100'}"
ADBE,Adobe Inc,finviz_prefilter,revenue_growth;eps_growth;eps_next_year,,price_min;market_cap_min;avg_volume_min;revenue_growth;eps_growth;eps_next_year;operating_margin;earnings_window,False,"{'revenue_growth_yoy': 12.690000000000001, 'eps_growth_yoy': 8.04, 'eps_next_year': 12.73, 'operating_margin': 36.74}",,Finviz via finvizfinance screener views,2026-08-25T23:30:26+02:00,2026-09-10,16,,NORMAL,
ADEA,Adeia Inc,finviz_prefilter,revenue_growth;eps_growth;eps_next_year,,price_min;market_cap_min;avg_volume_min;revenue_growth;eps_growth;eps_next_year;operating_margin;earnings_window,False,"{'revenue_growth_yoy': 12.11, 'eps_growth_yoy': 1.81, 'eps_next_year': 13.13, 'operating_margin': 46.81}",,Finviz via finvizfinance screener views,2026-08-25T23:30:26+02:00,2026-08-03,,22,NORMAL,
ADI,Analog Devices Inc,finviz_prefilter,eps_growth,,price_min;market_cap_min;avg_volume_min;revenue_growth;eps_growth;eps_next_year;operating_margin;earnings_window,False,"{'revenue_growth_yoy': 39.629999999999995, 'eps_growth_yoy': 1.6261, 'eps_next_year': 28.97, 'operating_margin': 35.72}",,Finviz via finvizfinance screener views,2026-08-25T23:30:26+02:00,2026-08-19,,6,PEAD_WINDOW,"{'failed_gate': 'eps_growth', 'actual_value': 1.6261, 'applicable_threshold': 30.0, 'distance_to_threshold': 28.3739, 'distance_to_threshold_pct': 94.57966666666667, 'formula': 'minimo: distance = threshold - actual; pct = distance / abs(threshold) * 100'}"
ADP,Automatic Data Processing Inc,finviz_prefilter,revenue_growth;eps_growth;eps_next_year,,price_min;market_cap_min;avg_volume_min;revenue_growth;eps_growth;eps_next_year;operating_margin;earnings_window,False,"{'revenue_growth_yoy': 6.77, 'eps_growth_yoy': 9.62, 'eps_next_year': 9.22, 'operating_margin': 26.41}",,Finviz via finvizfinance screener views,2026-08-25T23:30:26+02:00,2026-07-29,,27,NORMAL,
ADPT,Adaptive Biotechnologies Corp,finviz_prefilter,eps_growth;operating_margin,,price_min;market_cap_min;avg_volume_min;revenue_growth;eps_growth;eps_next_year;operating_margin;earnings_window,False,"{'revenue_growth_yoy': 21.529999999999998, 'eps_growth_yoy': -47.8, 'eps_next_year': 67.66, 'operating_margin': -11.81}",,Finviz via finvizfinance screener views,2026-08-25T23:30:26+02:00,2026-07-29,,27,NORMAL,
ADSK,Autodesk Inc,finviz_prefilter,revenue_growth;eps_growth;eps_next_year;earnings_window,,price_min;market_cap_min;avg_volume_min;revenue_growth;eps_growth;eps_next_year;operating_margin;earnings_window,False,"{'revenue_growth_yoy': 19.63, 'eps_growth_yoy': 2.2912, 'eps_next_year': 12.61, 'operating_margin': 22.48}",,Finviz via finvizfinance screener views,2026-08-25T23:30:26+02:00,2026-08-27,2,,PRE_EARNINGS_BLACKOUT,
AEHR,Aehr Test Systems,finviz_prefilter,operating_margin,,price_min;market_cap_min;avg_volume_min;revenue_growth;eps_growth;eps_next_year;operating_margin;earnings_window,False,"{'revenue_growth_yoy': 33.69, 'eps_growth_yoy': 143.11, 'eps_next_year': None, 'operating_margin': -28.29}",,Finviz via finvizfinance screener views,2026-08-25T23:30:26+02:00,2026-07-14,,42,NORMAL,"{'failed_gate': 'operating_margin', 'actual_value': -28.29, 'applicable_threshold': 8.0, 'distance_to_threshold': 36.29, 'distance_to_threshold_pct': 453.625, 'formula': 'minimo: distance = threshold - actual; pct = distance / abs(threshold) * 100'}"
AEP,American Electric Power Company Inc,finviz_prefilter,revenue_growth;eps_growth;eps_next_year,,price_min;market_cap_min;avg_volume_min;revenue_growth;eps_growth;eps_next_year;operating_margin;earnings_window,False,"{'revenue_growth_yoy': 6.79, 'eps_growth_yoy': -43.33, 'eps_next_year': 7.57, 'operating_margin': 23.330000000000002}",,Finviz via finvizfinance screener views,2026-08-25T23:30:26+02:00,2026-07-30,,26,NORMAL,
AFRM,Affirm Holdings Inc,finviz_prefilter,earnings_window,,price_min;market_cap_min;avg_volume_min;revenue_growth;eps_growth;eps_next_year;operating_margin;earnings_window,False,"{'revenue_growth_yoy': 33.75, 'eps_growth_yoy': 35.4938, 'eps_next_year': 43.06, 'operating_margin': 20.96}",,Finviz via finvizfinance screener views,2026-08-25T23:30:26+02:00,2026-08-27,2,,PRE_EARNINGS_BLACKOUT,"{'failed_gate': 'earnings_window', 'actual_value': 2, 'applicable_threshold': 7, 'distance_to_threshold': 3, 'distance_to_threshold_pct': None, 'days_to_exit_blackout': 3, 'formula': 'days_to_exit_blackout = days_to_earnings + 1 (giorni; nessuna %)'}"
AGIO,Agios Pharmaceuticals Inc,finviz_prefilter,revenue_growth;eps_growth;operating_margin,,price_min;market_cap_min;avg_volume_min;revenue_growth;eps_growth;eps_next_year;operating_margin;earnings_window,False,"{'revenue_growth_yoy': 2.5925, 'eps_growth_yoy': 12.45, 'eps_next_year': 35.07, 'operating_margin': -4.6678}",,Finviz via finvizfinance screener views,2026-08-25T23:30:26+02:00,2026-07-30,,26,NORMAL,
AKAM,Akamai Technologies Inc,finviz_prefilter,revenue_growth;eps_growth;eps_next_year,,price_min;market_cap_min;avg_volume_min;revenue_growth;eps_growth;eps_next_year;operating_margin;earnings_window,False,"{'revenue_growth_yoy': 5.38, 'eps_growth_yoy': -27.57, 'eps_next_year': 6.14, 'operating_margin': 11.92}",,Finviz via finvizfinance screener views,2026-08-25T23:30:26+02:00,2026-08-06,,19,NORMAL,
ALAB,Astera Labs Inc,finviz_prefilter,eps_growth,,price_min;market_cap_min;avg_volume_min;revenue_growth;eps_growth;eps_next_year;operating_margin;earnings_window,False,"{'revenue_growth_yoy': 104.45, 'eps_growth_yoy': 1.9033, 'eps_next_year': 62.43, 'operating_margin': 22.75}",,Finviz via finvizfinance screener views,2026-08-25T23:30:26+02:00,2026-08-04,,21,NORMAL,"{'failed_gate': 'eps_growth', 'actual_value': 1.9033, 'applicable_threshold': 20.0, 'distance_to_threshold': 18.0967, 'distance_to_threshold_pct': 90.48349999999999, 'formula': 'minimo: distance = threshold - actual; pct = distance / abs(threshold) * 100'}"
ALGM,Allegro Microsystems Inc,finviz_prefilter,eps_growth;operating_margin,,price_min;market_cap_min;avg_volume_min;revenue_growth;eps_growth;eps_next_year;operating_margin;earnings_window,False,"{'revenue_growth_yoy': 27.450000000000003, 'eps_growth_yoy': 2.1785, 'eps_next_year': 45.97, 'operating_margin': 6.22}",,Finviz via finvizfinance screener views,2026-08-25T23:30:26+02:00,2026-07-30,,26,NORMAL,
ALGN,Align Technology Inc,finviz_prefilter,revenue_growth;eps_growth;eps_next_year,,price_min;market_cap_min;avg_volume_min;revenue_growth;eps_growth;eps_next_year;operating_margin;earnings_window,False,"{'revenue_growth_yoy': 4.32, 'eps_growth_yoy': -11.790000000000001, 'eps_next_year': 11.05, 'operating_margin': 18.38}",,Finviz via finvizfinance screener views,2026-08-25T23:30:26+02:00,2026-07-29,,27,NORMAL,
ALKS,Alkermes plc,finviz_prefilter,eps_growth,,price_min;market_cap_min;avg_volume_min;revenue_growth;eps_growth;eps_next_year;operating_margin;earnings_window,False,"{'revenue_growth_yoy': 26.97, 'eps_growth_yoy': -99.44, 'eps_next_year': 234.61, 'operating_margin': 8.62}",,Finviz via finvizfinance screener views,2026-08-25T23:30:26+02:00,2026-07-28,,28,NORMAL,"{'failed_gate': 'eps_growth', 'actual_value': -99.44, 'applicable_threshold': 30.0, 'distance_to_threshold': 129.44, 'distance_to_threshold_pct': 431.46666666666664, 'formula': 'minimo: distance = threshold - actual; pct = distance / abs(threshold) * 100'}"
ALKT,Alkami Technology Inc,finviz_prefilter,revenue_growth;operating_margin,,price_min;market_cap_min;avg_volume_min;revenue_growth;eps_growth;eps_next_year;operating_margin;earnings_window,False,"{'revenue_growth_yoy': 15.870000000000001, 'eps_growth_yoy': 36.61, 'eps_next_year': 38.22, 'operating_margin': -7.08}",,Finviz via finvizfinance screener views,2026-08-25T23:30:26+02:00,2026-07-29,,27,NORMAL,
ALM,Almonty Industries Inc,finviz_prefilter,revenue_growth;eps_growth;operating_margin,,price_min;market_cap_min;avg_volume_min;revenue_growth;eps_growth;eps_next_year;operating_margin;earnings_window,False,"{'revenue_growth_yoy': 4.9789, 'eps_growth_yoy': 2.3556, 'eps_next_year': 106.03, 'operating_margin': 5.27}",,Finviz via finvizfinance screener views,2026-08-25T23:30:26+02:00,2026-08-11,,14,PEAD_WINDOW,
ALMS,Alumis Inc,finviz_prefilter,revenue_growth;eps_growth;eps_next_year;operating_margin,,price_min;market_cap_min;avg_volume_min;revenue_growth;eps_growth;eps_next_year;operating_margin;earnings_window,False,"{'revenue_growth_yoy': -37.66, 'eps_growth_yoy': -2.4388, 'eps_next_year': 14.0, 'operating_margin': -54.7955}",,Finviz via finvizfinance screener views,2026-08-25T23:30:26+02:00,2026-08-13,,12,PEAD_WINDOW,
ALNY,Alnylam Pharmaceuticals Inc,finviz_prefilter,eps_growth,,price_min;market_cap_min;avg_volume_min;revenue_growth;eps_growth;eps_next_year;operating_margin;earnings_window,False,"{'revenue_growth_yoy': 66.86, 'eps_growth_yoy': 3.3786, 'eps_next_year': 46.96, 'operating_margin': 20.810000000000002}",,Finviz via finvizfinance screener views,2026-08-25T23:30:26+02:00,2026-07-30,,26,NORMAL,"{'failed_gate': 'eps_growth', 'actual_value': 3.3786, 'applicable_threshold': 20.0, 'distance_to_threshold': 16.6214, 'distance_to_threshold_pct': 83.10700000000001, 'formula': 'minimo: distance = threshold - actual; pct = distance / abs(threshold) * 100'}"
AMBA,Ambarella Inc,finviz_prefilter,revenue_growth;eps_growth;operating_margin,,price_min;market_cap_min;avg_volume_min;revenue_growth;eps_growth;eps_next_year;operating_margin;earnings_window,False,"{'revenue_growth_yoy': 16.869999999999997, 'eps_growth_yoy': 27.99, 'eps_next_year': 36.48, 'operating_margin': -18.48}",,Finviz via finvizfinance screener views,2026-08-25T23:30:26+02:00,2026-09-03,9,,NORMAL,
AMD,Advanced Micro Devices Inc,finviz_prefilter,eps_growth,,price_min;market_cap_min;avg_volume_min;revenue_growth;eps_growth;eps_next_year;operating_margin;earnings_window,False,"{'revenue_growth_yoy': 50.11, 'eps_growth_yoy': 1.588, 'eps_next_year': 105.89, 'operating_margin': 15.709999999999999}",,Finviz via finvizfinance screener views,2026-08-25T23:30:26+02:00,2026-08-04,,21,NORMAL,"{'failed_gate': 'eps_growth', 'actual_value': 1.588, 'applicable_threshold': 20.0, 'distance_to_threshold': 18.412, 'distance_to_threshold_pct': 92.06, 'formula': 'minimo: distance = threshold - actual; pct = distance / abs(threshold) * 100'}"
AMGN,AMGEN Inc,finviz_prefilter,revenue_growth;eps_next_year,,price_min;market_cap_min;avg_volume_min;revenue_growth;eps_growth;eps_next_year;operating_margin;earnings_window,False,"{'revenue_growth_yoy': 9.82, 'eps_growth_yoy': 64.92999999999999, 'eps_next_year': 5.8, 'operating_margin': 33.31}",,Finviz via finvizfinance screener views,2026-08-25T23:30:26+02:00,2026-08-04,,21,NORMAL,
AMKR,AMKOR Technology Inc,finviz_prefilter,eps_growth;eps_next_year,,price_min;market_cap_min;avg_volume_min;revenue_growth;eps_growth;eps_next_year;operating_margin;earnings_window,False,"{'revenue_growth_yoy': 25.580000000000002, 'eps_growth_yoy': 2.1653, 'eps_next_year': 8.84, 'operating_margin': 8.92}",,Finviz via finvizfinance screener views,2026-08-25T23:30:26+02:00,2026-07-27,,29,NORMAL,
AMRX,Amneal Pharmaceuticals Inc,finviz_prefilter,revenue_growth;eps_growth,,price_min;market_cap_min;avg_volume_min;revenue_growth;eps_growth;eps_next_year;operating_margin;earnings_window,False,"{'revenue_growth_yoy': 9.89, 'eps_growth_yoy': 1.5281, 'eps_next_year': 17.65, 'operating_margin': 15.299999999999999}",,Finviz via finvizfinance screener views,2026-08-25T23:30:26+02:00,2026-07-30,,26,NORMAL,
AMZN,Amazon.com Inc,finviz_prefilter,revenue_growth;eps_growth;eps_next_year,,price_min;market_cap_min;avg_volume_min;revenue_growth;eps_growth;eps_next_year;operating_margin;earnings_window,False,"{'revenue_growth_yoy': 19.62, 'eps_growth_yoy': 2.4183, 'eps_next_year': -16.06, 'operating_margin': 12.68}",,Finviz via finvizfinance screener views,2026-08-25T23:30:26+02:00,2026-07-30,,26,NORMAL,
APA,APA Corp,finviz_prefilter,revenue_growth;eps_growth;eps_next_year,,price_min;market_cap_min;avg_volume_min;revenue_growth;eps_growth;eps_next_year;operating_margin;earnings_window,False,"{'revenue_growth_yoy': 8.95, 'eps_growth_yoy': 26.33, 'eps_next_year': -28.9, 'operating_margin': 41.32}",,Finviz via finvizfinance screener views,2026-08-25T23:30:26+02:00,2026-08-05,,20,NORMAL,
APLD,Applied Digital Corp,finviz_prefilter,revenue_growth;eps_growth;operating_margin,,price_min;market_cap_min;avg_volume_min;revenue_growth;eps_growth;eps_next_year;operating_margin;earnings_window,False,"{'revenue_growth_yoy': 5.8068, 'eps_growth_yoy': -62.41, 'eps_next_year': 74.77, 'operating_margin': -29.73}",,Finviz via finvizfinance screener views,2026-08-25T23:30:26+02:00,2026-07-27,,29,NORMAL,
APPN,Appian Corp,finviz_prefilter,revenue_growth;eps_growth;operating_margin,,price_min;market_cap_min;avg_volume_min;revenue_growth;eps_growth;eps_next_year;operating_margin;earnings_window,False,"{'revenue_growth_yoy': 19.11, 'eps_growth_yoy': -37.5952, 'eps_next_year': 31.1, 'operating_margin': 4.37}",,Finviz via finvizfinance screener views,2026-08-25T23:30:26+02:00,2026-08-06,,19,NORMAL,
ARCC,Ares Capital Corp,finviz_prefilter,revenue_growth;eps_growth,,price_min;market_cap_min;avg_volume_min;revenue_growth;eps_growth;eps_next_year;operating_margin;earnings_window,False,"{'revenue_growth_yoy': -7.3, 'eps_growth_yoy': -54.14, 'eps_next_year': 141.0, 'operating_margin': 58.03}",,Finviz via finvizfinance screener views,2026-08-25T23:30:26+02:00,2026-07-29,,27,NORMAL,
ARQT,Arcutis Biotherapeutics Inc,finviz_prefilter,eps_growth;operating_margin,,price_min;market_cap_min;avg_volume_min;revenue_growth;eps_growth;eps_next_year;operating_margin;earnings_window,False,"{'revenue_growth_yoy': 59.330000000000005, 'eps_growth_yoy': 1.8825, 'eps_next_year': 171.05, 'operating_margin': 7.380000000000001}",,Finviz via finvizfinance screener views,2026-08-25T23:30:26+02:00,2026-08-05,,20,NORMAL,
ARWR,Arrowhead Pharmaceuticals Inc,finviz_prefilter,revenue_growth;eps_growth;eps_next_year;operating_margin,,price_min;market_cap_min;avg_volume_min;revenue_growth;eps_growth;eps_next_year;operating_margin;earnings_window,False,"{'revenue_growth_yoy': 1.7102, 'eps_growth_yoy': -7.51, 'eps_next_year': -34.23, 'operating_margin': -33.82}",,Finviz via finvizfinance screener views,2026-08-25T23:30:26+02:00,2026-08-04,,21,NORMAL,
ASO,Academy Sports and Outdoors Inc,finviz_prefilter,revenue_growth;eps_growth;eps_next_year,,price_min;market_cap_min;avg_volume_min;revenue_growth;eps_growth;eps_next_year;operating_margin;earnings_window,False,"{'revenue_growth_yoy': 6.7, 'eps_growth_yoy': 18.22, 'eps_next_year': 7.77, 'operating_margin': 8.42}",,Finviz via finvizfinance screener views,2026-08-25T23:30:26+02:00,2026-06-09,,77,NORMAL,
ASTS,AST SpaceMobile Inc,finviz_prefilter,eps_growth;operating_margin,,price_min;market_cap_min;avg_volume_min;revenue_growth;eps_growth;eps_next_year;operating_margin;earnings_window,False,"{'revenue_growth_yoy': 26.2664, 'eps_growth_yoy': -88.0, 'eps_next_year': 39.31, 'operating_margin': -4.1026}",,Finviz via finvizfinance screener views,2026-08-25T23:30:26+02:00,2026-08-10,,15,PEAD_WINDOW,
ATRC,Atricure Inc,finviz_prefilter,revenue_growth;eps_growth;operating_margin,,price_min;market_cap_min;avg_volume_min;revenue_growth;eps_growth;eps_next_year;operating_margin;earnings_window,False,"{'revenue_growth_yoy': 12.83, 'eps_growth_yoy': 2.4125, 'eps_next_year': 291.48, 'operating_margin': 2.44}",,Finviz via finvizfinance screener views,2026-08-25T23:30:26+02:00,2026-07-23,,33,NORMAL,
AUGO,Aura Minerals Inc,finviz_prefilter,eps_next_year,,price_min;market_cap_min;avg_volume_min;revenue_growth;eps_growth;eps_next_year;operating_margin;earnings_window,False,"{'revenue_growth_yoy': 76.42, 'eps_growth_yoy': 22.7156, 'eps_next_year': 3.86, 'operating_margin': 53.42}",,Finviz via finvizfinance screener views,2026-08-25T23:30:26+02:00,2026-08-05,,20,NORMAL,"{'failed_gate': 'eps_next_year', 'actual_value': 3.86, 'applicable_threshold': 15.0, 'distance_to_threshold': 11.14, 'distance_to_threshold_pct': 74.26666666666667, 'formula': 'minimo: distance = threshold - actual; pct = distance / abs(threshold) * 100'}"
AUPH,Aurinia Pharmaceuticals Inc,finviz_prefilter,revenue_growth,,price_min;market_cap_min;avg_volume_min;revenue_growth;eps_growth;eps_next_year;operating_margin;earnings_window,False,"{'revenue_growth_yoy': 18.87, 'eps_growth_yoy': 79.16, 'eps_next_year': 24.79, 'operating_margin': 45.15}",,Finviz via finvizfinance screener views,2026-08-25T23:30:26+02:00,2026-08-06,,19,NORMAL,"{'failed_gate': 'revenue_growth', 'actual_value': 18.87, 'applicable_threshold': 20.0, 'distance_to_threshold': 1.129999999999999, 'distance_to_threshold_pct': 5.649999999999995, 'formula': 'minimo: distance = threshold - actual; pct = distance / abs(threshold) * 100'}"
AVAV,AeroVironment Inc,finviz_prefilter,operating_margin,,price_min;market_cap_min;avg_volume_min;revenue_growth;eps_growth;eps_next_year;operating_margin;earnings_window,False,"{'revenue_growth_yoy': 133.27, 'eps_growth_yoy': 112.23, 'eps_next_year': 37.24, 'operating_margin': -1.1199999999999999}",,Finviz via finvizfinance screener views,2026-08-25T23:30:26+02:00,2026-06-29,,57,NORMAL,"{'failed_gate': 'operating_margin', 'actual_value': -1.1199999999999999, 'applicable_threshold': 8.0, 'distance_to_threshold': 9.12, 'distance_to_threshold_pct': 113.99999999999999, 'formula': 'minimo: distance = threshold - actual; pct = distance / abs(threshold) * 100'}"
AVT,Avnet Inc,finviz_prefilter,eps_growth;eps_next_year;operating_margin,,price_min;market_cap_min;avg_volume_min;revenue_growth;eps_growth;eps_next_year;operating_margin;earnings_window,False,"{'revenue_growth_yoy': 47.660000000000004, 'eps_growth_yoy': 19.8743, 'eps_next_year': 11.61, 'operating_margin': 3.11}",,Finviz via finvizfinance screener views,2026-08-25T23:30:26+02:00,2026-08-05,,20,NORMAL,
AXGN,Axogen Inc,finviz_prefilter,eps_growth;operating_margin,,price_min;market_cap_min;avg_volume_min;revenue_growth;eps_growth;eps_next_year;operating_margin;earnings_window,False,"{'revenue_growth_yoy': 23.06, 'eps_growth_yoy': -3.3471, 'eps_next_year': 54.87, 'operating_margin': -5.12}",,Finviz via finvizfinance screener views,2026-08-25T23:30:26+02:00,2026-07-29,,27,NORMAL,
AXON,Axon Enterprise Inc,finviz_prefilter,eps_growth;operating_margin,,price_min;market_cap_min;avg_volume_min;revenue_growth;eps_growth;eps_next_year;operating_margin;earnings_window,False,"{'revenue_growth_yoy': 35.28, 'eps_growth_yoy': -19.0, 'eps_next_year': 38.48, 'operating_margin': 1.15}",,Finviz via finvizfinance screener views,2026-08-25T23:30:26+02:00,2026-08-05,,20,NORMAL,
AXSM,Axsome Therapeutics Inc,finviz_prefilter,eps_growth;operating_margin,,price_min;market_cap_min;avg_volume_min;revenue_growth;eps_growth;eps_next_year;operating_margin;earnings_window,False,"{'revenue_growth_yoy': 45.540000000000006, 'eps_growth_yoy': -2.09, 'eps_next_year': 274.15, 'operating_margin': -23.549999999999997}",,Finviz via finvizfinance screener views,2026-08-25T23:30:26+02:00,2026-08-10,,15,PEAD_WINDOW,
AXTI,AXT Inc,finviz_prefilter,revenue_growth;eps_growth;operating_margin,,price_min;market_cap_min;avg_volume_min;revenue_growth;eps_growth;eps_next_year;operating_margin;earnings_window,False,"{'revenue_growth_yoy': 1.6477, 'eps_growth_yoy': 2.0825, 'eps_next_year': 158.88, 'operating_margin': 3.09}",,Finviz via finvizfinance screener views,2026-08-25T23:30:26+02:00,2026-07-30,,26,NORMAL,
BBIO,BridgeBio Pharma Inc,finviz_prefilter,eps_growth;operating_margin,,price_min;market_cap_min;avg_volume_min;revenue_growth;eps_growth;eps_next_year;operating_margin;earnings_window,False,"{'revenue_growth_yoy': 120.39, 'eps_growth_yoy': 18.57, 'eps_next_year': 101.88, 'operating_margin': -67.01}",,Finviz via finvizfinance screener views,2026-08-25T23:30:26+02:00,2026-08-10,,15,PEAD_WINDOW,
BEAM,Beam Therapeutics Inc,finviz_prefilter,revenue_growth;eps_growth;eps_next_year;operating_margin,,price_min;market_cap_min;avg_volume_min;revenue_growth;eps_growth;eps_next_year;operating_margin;earnings_window,False,"{'revenue_growth_yoy': -94.21000000000001, 'eps_growth_yoy': -17.25, 'eps_next_year': -6.99, 'operating_margin': -2.4227}",,Finviz via finvizfinance screener views,2026-08-25T23:30:26+02:00,2026-08-04,,21,NORMAL,
BIIB,Biogen Inc,finviz_prefilter,revenue_growth;eps_growth,,price_min;market_cap_min;avg_volume_min;revenue_growth;eps_growth;eps_next_year;operating_margin;earnings_window,False,"{'revenue_growth_yoy': 2.3800000000000003, 'eps_growth_yoy': -84.85000000000001, 'eps_next_year': 32.75, 'operating_margin': 19.5}",,Finviz via finvizfinance screener views,2026-08-25T23:30:26+02:00,2026-07-29,,27,NORMAL,
BKNG,Booking Holdings Inc,finviz_prefilter,revenue_growth,,price_min;market_cap_min;avg_volume_min;revenue_growth;eps_growth;eps_next_year;operating_margin;earnings_window,False,"{'revenue_growth_yoy': 8.15, 'eps_growth_yoy': 130.75, 'eps_next_year': 18.53, 'operating_margin': 35.17}",,Finviz via finvizfinance screener views,2026-08-25T23:30:26+02:00,2026-08-04,,21,NORMAL,"{'failed_gate': 'revenue_growth', 'actual_value': 8.15, 'applicable_threshold': 20.0, 'distance_to_threshold': 11.85, 'distance_to_threshold_pct': 59.25, 'formula': 'minimo: distance = threshold - actual; pct = distance / abs(threshold) * 100'}"
BKR,Baker Hughes Co,finviz_prefilter,revenue_growth;eps_growth;eps_next_year,,price_min;market_cap_min;avg_volume_min;revenue_growth;eps_growth;eps_next_year;operating_margin;earnings_window,False,"{'revenue_growth_yoy': -2.4299999999999997, 'eps_growth_yoy': -3.44, 'eps_next_year': 14.58, 'operating_margin': 12.959999999999999}",,Finviz via finvizfinance screener views,2026-08-25T23:30:26+02:00,2026-07-26,,30,NORMAL,
BLKB,Blackbaud Inc,finviz_prefilter,revenue_growth;eps_next_year,,price_min;market_cap_min;avg_volume_min;revenue_growth;eps_growth;eps_next_year;operating_margin;earnings_window,False,"{'revenue_growth_yoy': 3.3000000000000003, 'eps_growth_yoy': 46.300000000000004, 'eps_next_year': 13.82, 'operating_margin': 20.18}",,Finviz via finvizfinance screener views,2026-08-25T23:30:26+02:00,2026-07-29,,27,NORMAL,
BMRN,Biomarin Pharmaceutical Inc,finviz_prefilter,eps_growth,,price_min;market_cap_min;avg_volume_min;revenue_growth;eps_growth;eps_next_year;operating_margin;earnings_window,False,"{'revenue_growth_yoy': 20.41, 'eps_growth_yoy': -81.28, 'eps_next_year': 31.56, 'operating_margin': 18.5}",,Finviz via finvizfinance screener views,2026-08-25T23:30:26+02:00,2026-08-06,,19,NORMAL,"{'failed_gate': 'eps_growth', 'actual_value': -81.28, 'applicable_threshold': 30.0, 'distance_to_threshold': 111.28, 'distance_to_threshold_pct': 370.93333333333334, 'formula': 'minimo: distance = threshold - actual; pct = distance / abs(threshold) * 100'}"
BRKR,Bruker Corp,finviz_prefilter,revenue_growth;eps_growth;eps_next_year,,price_min;market_cap_min;avg_volume_min;revenue_growth;eps_growth;eps_next_year;operating_margin;earnings_window,False,"{'revenue_growth_yoy': 5.1499999999999995, 'eps_growth_yoy': -9.2435, 'eps_next_year': 13.58, 'operating_margin': 8.540000000000001}",,Finviz via finvizfinance screener views,2026-08-25T23:30:26+02:00,2026-08-04,,21,NORMAL,
BRZE,Braze Inc,finviz_prefilter,eps_growth;operating_margin,,price_min;market_cap_min;avg_volume_min;revenue_growth;eps_growth;eps_next_year;operating_margin;earnings_window,False,"{'revenue_growth_yoy': 30.2, 'eps_growth_yoy': 29.87, 'eps_next_year': 52.13, 'operating_margin': -16.43}",,Finviz via finvizfinance screener views,2026-08-25T23:30:26+02:00,2026-09-08,14,,NORMAL,
BSY,Bentley Systems Inc,finviz_prefilter,revenue_growth;eps_growth;eps_next_year,,price_min;market_cap_min;avg_volume_min;revenue_growth;eps_growth;eps_next_year;operating_margin;earnings_window,False,"{'revenue_growth_yoy': 12.8, 'eps_growth_yoy': 14.85, 'eps_next_year': 12.08, 'operating_margin': 24.37}",,Finviz via finvizfinance screener views,2026-08-25T23:30:26+02:00,2026-08-06,,19,NORMAL,
BTSG,BrightSpring Health Services Inc,finviz_prefilter,eps_growth;operating_margin,,price_min;market_cap_min;avg_volume_min;revenue_growth;eps_growth;eps_next_year;operating_margin;earnings_window,False,"{'revenue_growth_yoy': 23.05, 'eps_growth_yoy': 2.0176, 'eps_next_year': 26.86, 'operating_margin': 3.6799999999999997}",,Finviz via finvizfinance screener views,2026-08-25T23:30:26+02:00,2026-07-31,,25,NORMAL,
BUSE,First Busey Corp,finviz_prefilter,revenue_growth;eps_next_year,,price_min;market_cap_min;avg_volume_min;revenue_growth;eps_growth;eps_next_year;operating_margin;earnings_window,False,"{'revenue_growth_yoy': -6.94, 'eps_growth_yoy': 31.97, 'eps_next_year': 7.13, 'operating_margin': 27.32}",,Finviz via finvizfinance screener views,2026-08-25T23:30:26+02:00,2026-07-28,,28,NORMAL,
BWIN,Baldwin Insurance Group Inc,finviz_prefilter,eps_growth;operating_margin,,price_min;market_cap_min;avg_volume_min;revenue_growth;eps_growth;eps_next_year;operating_margin;earnings_window,False,"{'revenue_growth_yoy': 30.130000000000003, 'eps_growth_yoy': -8.0409, 'eps_next_year': 23.4, 'operating_margin': -2.65}",,Finviz via finvizfinance screener views,2026-08-25T23:30:26+02:00,2026-07-30,,26,NORMAL,
CAKE,Cheesecake Factory Inc,finviz_prefilter,revenue_growth;eps_growth;eps_next_year;operating_margin,,price_min;market_cap_min;avg_volume_min;revenue_growth;eps_growth;eps_next_year;operating_margin;earnings_window,False,"{'revenue_growth_yoy': 7.720000000000001, 'eps_growth_yoy': 23.78, 'eps_next_year': 10.62, 'operating_margin': 6.98}",,Finviz via finvizfinance screener views,2026-08-25T23:30:26+02:00,2026-07-28,,28,NORMAL,
CALM,Cal-Maine Foods Inc,finviz_prefilter,revenue_growth;eps_growth,,price_min;market_cap_min;avg_volume_min;revenue_growth;eps_growth;eps_next_year;operating_margin;earnings_window,False,"{'revenue_growth_yoy': -49.93, 'eps_growth_yoy': -110.85000000000001, 'eps_next_year': 135.66, 'operating_margin': 11.790000000000001}",,Finviz via finvizfinance screener views,2026-08-25T23:30:26+02:00,2026-07-22,,34,NORMAL,
CARG,CarGurus Inc,finviz_prefilter,revenue_growth,,price_min;market_cap_min;avg_volume_min;revenue_growth;eps_growth;eps_next_year;operating_margin;earnings_window,False,"{'revenue_growth_yoy': 7.24, 'eps_growth_yoy': 142.2, 'eps_next_year': 15.37, 'operating_margin': 25.71}",,Finviz via finvizfinance screener views,2026-08-25T23:30:26+02:00,2026-08-06,,19,NORMAL,"{'failed_gate': 'revenue_growth', 'actual_value': 7.24, 'applicable_threshold': 20.0, 'distance_to_threshold': 12.76, 'distance_to_threshold_pct': 63.800000000000004, 'formula': 'minimo: distance = threshold - actual; pct = distance / abs(threshold) * 100'}"
CART,Maplebear Inc,finviz_prefilter,revenue_growth;eps_growth,,price_min;market_cap_min;avg_volume_min;revenue_growth;eps_growth;eps_next_year;operating_margin;earnings_window,False,"{'revenue_growth_yoy': 14.11, 'eps_growth_yoy': 8.12, 'eps_next_year': 26.81, 'operating_margin': 16.68}",,Finviz via finvizfinance screener views,2026-08-25T23:30:26+02:00,2026-08-06,,19,NORMAL,
CBC,Central Bancompany Inc,finviz_prefilter,revenue_growth;eps_growth;eps_next_year,,price_min;market_cap_min;avg_volume_min;revenue_growth;eps_growth;eps_next_year;operating_margin;earnings_window,False,"{'revenue_growth_yoy': 7.109999999999999, 'eps_growth_yoy': 14.59, 'eps_next_year': 6.29, 'operating_margin': 43.47}",,Finviz via finvizfinance screener views,2026-08-25T23:30:26+02:00,2026-08-04,,21,NORMAL,
CBRS,Cerebras Systems Inc,finviz_prefilter,eps_growth;operating_margin,,price_min;market_cap_min;avg_volume_min;revenue_growth;eps_growth;eps_next_year;operating_margin;earnings_window,False,"{'revenue_growth_yoy': 74.32, 'eps_growth_yoy': -2.3728, 'eps_next_year': None, 'operating_margin': -81.17}",,Finviz via finvizfinance screener views,2026-08-25T23:30:26+02:00,2026-08-12,,13,PEAD_WINDOW,
CBSH,Commerce Bancshares Inc,finviz_prefilter,revenue_growth;eps_growth;eps_next_year,,price_min;market_cap_min;avg_volume_min;revenue_growth;eps_growth;eps_next_year;operating_margin;earnings_window,False,"{'revenue_growth_yoy': 14.280000000000001, 'eps_growth_yoy': 1.17, 'eps_next_year': 7.49, 'operating_margin': 33.739999999999995}",,Finviz via finvizfinance screener views,2026-08-25T23:30:26+02:00,2026-07-16,,40,NORMAL,
CCEP,Coca-Cola Europacific Partners Plc,finviz_prefilter,revenue_growth;eps_growth;eps_next_year,,price_min;market_cap_min;avg_volume_min;revenue_growth;eps_growth;eps_next_year;operating_margin;earnings_window,False,"{'revenue_growth_yoy': 1.72, 'eps_growth_yoy': 3.0705, 'eps_next_year': 9.21, 'operating_margin': 13.54}",,Finviz via finvizfinance screener views,2026-08-25T23:30:26+02:00,2026-08-04,,21,NORMAL,
CDNA,Caredx Inc,finviz_prefilter,eps_growth;eps_next_year;operating_margin,,price_min;market_cap_min;avg_volume_min;revenue_growth;eps_growth;eps_next_year;operating_margin;earnings_window,False,"{'revenue_growth_yoy': 52.23, 'eps_growth_yoy': 14.1242, 'eps_next_year': 11.68, 'operating_margin': -0.4}",,Finviz via finvizfinance screener views,2026-08-25T23:30:26+02:00,2026-07-30,,26,NORMAL,
CDNL,Cardinal Infrastructure Group Inc,finviz_prefilter,eps_growth,,price_min;market_cap_min;avg_volume_min;revenue_growth;eps_growth;eps_next_year;operating_margin;earnings_window,False,"{'revenue_growth_yoy': 113.87, 'eps_growth_yoy': -52.32, 'eps_next_year': 28.33, 'operating_margin': 8.24}",,Finviz via finvizfinance screener views,2026-08-25T23:30:26+02:00,2026-08-11,,14,PEAD_WINDOW,"{'failed_gate': 'eps_growth', 'actual_value': -52.32, 'applicable_threshold': 20.0, 'distance_to_threshold': 72.32, 'distance_to_threshold_pct': 361.59999999999997, 'formula': 'minimo: distance = threshold - actual; pct = distance / abs(threshold) * 100'}"
CDW,CDW Corp,finviz_prefilter,revenue_growth;eps_growth;eps_next_year;operating_margin,,price_min;market_cap_min;avg_volume_min;revenue_growth;eps_growth;eps_next_year;operating_margin;earnings_window,False,"{'revenue_growth_yoy': 9.969999999999999, 'eps_growth_yoy': 5.1499999999999995, 'eps_next_year': 9.22, 'operating_margin': 7.17}",,Finviz via finvizfinance screener views,2026-08-25T23:30:26+02:00,2026-08-05,,20,NORMAL,
CECO,Ceco Environmental Corp,finviz_prefilter,eps_growth;operating_margin,,price_min;market_cap_min;avg_volume_min;revenue_growth;eps_growth;eps_next_year;operating_margin;earnings_window,False,"{'revenue_growth_yoy': 53.71, 'eps_growth_yoy': -4.0865, 'eps_next_year': 38.5, 'operating_margin': 5.82}",,Finviz via finvizfinance screener views,2026-08-25T23:30:26+02:00,2026-08-10,,15,PEAD_WINDOW,
CEG,Constellation Energy Corp,finviz_prefilter,eps_growth;eps_next_year,,price_min;market_cap_min;avg_volume_min;revenue_growth;eps_growth;eps_next_year;operating_margin;earnings_window,False,"{'revenue_growth_yoy': 38.56, 'eps_growth_yoy': -46.67, 'eps_next_year': 10.14, 'operating_margin': 14.93}",,Finviz via finvizfinance screener views,2026-08-25T23:30:26+02:00,2026-08-06,,19,NORMAL,
CELH,Celsius Holdings Inc,finviz_prefilter,revenue_growth;eps_growth,,price_min;market_cap_min;avg_volume_min;revenue_growth;eps_growth;eps_next_year;operating_margin;earnings_window,False,"{'revenue_growth_yoy': 10.639999999999999, 'eps_growth_yoy': -56.95, 'eps_next_year': 20.31, 'operating_margin': 19.2}",,Finviz via finvizfinance screener views,2026-08-25T23:30:26+02:00,2026-08-06,,19,NORMAL,
CENX,Century Aluminum Co,finviz_prefilter,revenue_growth;eps_next_year,,price_min;market_cap_min;avg_volume_min;revenue_growth;eps_growth;eps_next_year;operating_margin;earnings_window,False,"{'revenue_growth_yoy': 19.74, 'eps_growth_yoy': 49.3874, 'eps_next_year': 11.95, 'operating_margin': 14.87}",,Finviz via finvizfinance screener views,2026-08-25T23:30:26+02:00,2026-08-06,,19,NORMAL,
CG,Carlyle Group Inc,finviz_prefilter,revenue_growth;eps_growth,,price_min;market_cap_min;avg_volume_min;revenue_growth;eps_growth;eps_next_year;operating_margin;earnings_window,False,"{'revenue_growth_yoy': -43.91, 'eps_growth_yoy': -57.15, 'eps_next_year': 40.99, 'operating_margin': 14.38}",,Finviz via finvizfinance screener views,2026-08-25T23:30:26+02:00,2026-08-05,,20,NORMAL,
CGNX,Cognex Corp,finviz_prefilter,revenue_growth,,price_min;market_cap_min;avg_volume_min;revenue_growth;eps_growth;eps_next_year;operating_margin;earnings_window,False,"{'revenue_growth_yoy': 16.93, 'eps_growth_yoy': 78.11, 'eps_next_year': 19.45, 'operating_margin': 21.9}",,Finviz via finvizfinance screener views,2026-08-25T23:30:26+02:00,2026-08-05,,20,NORMAL,"{'failed_gate': 'revenue_growth', 'actual_value': 16.93, 'applicable_threshold': 20.0, 'distance_to_threshold': 3.0700000000000003, 'distance_to_threshold_pct': 15.350000000000003, 'formula': 'minimo: distance = threshold - actual; pct = distance / abs(threshold) * 100'}"
CGON,Cg Oncology Inc,finviz_prefilter,eps_next_year;operating_margin,revenue_growth;eps_growth,price_min;market_cap_min;avg_volume_min;eps_next_year;operating_margin;earnings_window,False,"{'revenue_growth_yoy': None, 'eps_growth_yoy': -64.91, 'eps_next_year': 5.64, 'operating_margin': -40.5618}",,Finviz via finvizfinance screener views,2026-08-25T23:30:26+02:00,2026-08-06,,19,NORMAL,
CHDN,Churchill Downs Inc,finviz_prefilter,revenue_growth;eps_growth;eps_next_year,,price_min;market_cap_min;avg_volume_min;revenue_growth;eps_growth;eps_next_year;operating_margin;earnings_window,False,"{'revenue_growth_yoy': 4.88, 'eps_growth_yoy': 14.499999999999998, 'eps_next_year': 6.27, 'operating_margin': 25.81}",,Finviz via finvizfinance screener views,2026-08-25T23:30:26+02:00,2026-07-29,,27,NORMAL,
CHKP,Check Point Software Technologies Ltd,finviz_prefilter,revenue_growth;eps_growth;eps_next_year,,price_min;market_cap_min;avg_volume_min;revenue_growth;eps_growth;eps_next_year;operating_margin;earnings_window,False,"{'revenue_growth_yoy': 1.26, 'eps_growth_yoy': 1.9300000000000002, 'eps_next_year': 8.05, 'operating_margin': 29.020000000000003}",,Finviz via finvizfinance screener views,2026-08-25T23:30:26+02:00,2026-07-30,,26,NORMAL,
CHRD,Chord Energy Corp,finviz_prefilter,eps_growth;eps_next_year,,price_min;market_cap_min;avg_volume_min;revenue_growth;eps_growth;eps_next_year;operating_margin;earnings_window,False,"{'revenue_growth_yoy': 84.04, 'eps_growth_yoy': 2.3705, 'eps_next_year': -30.07, 'operating_margin': 18.93}",,Finviz via finvizfinance screener views,2026-08-25T23:30:26+02:00,2026-08-05,,20,NORMAL,
CHRW,C.H. Robinson Worldwide Inc,finviz_prefilter,revenue_growth;eps_growth;operating_margin,,price_min;market_cap_min;avg_volume_min;revenue_growth;eps_growth;eps_next_year;operating_margin;earnings_window,False,"{'revenue_growth_yoy': 19.28, 'eps_growth_yoy': 23.810000000000002, 'eps_next_year': 20.44, 'operating_margin': 4.91}",,Finviz via finvizfinance screener views,2026-08-25T23:30:26+02:00,2026-07-29,,27,NORMAL,
CHTR,Charter Communications Inc,finviz_prefilter,revenue_growth;eps_growth;eps_next_year,,price_min;market_cap_min;avg_volume_min;revenue_growth;eps_growth;eps_next_year;operating_margin;earnings_window,False,"{'revenue_growth_yoy': -1.7399999999999998, 'eps_growth_yoy': 16.04, 'eps_next_year': 9.59, 'operating_margin': 23.98}",,Finviz via finvizfinance screener views,2026-08-25T23:30:26+02:00,2026-07-24,,32,NORMAL,
CHYM,Chime Financial Inc,finviz_prefilter,revenue_growth;operating_margin,,price_min;market_cap_min;avg_volume_min;revenue_growth;eps_growth;eps_next_year;operating_margin;earnings_window,False,"{'revenue_growth_yoy': 10.61, 'eps_growth_yoy': 102.84, 'eps_next_year': 102.93, 'operating_margin': -0.83}",,Finviz via finvizfinance screener views,2026-08-25T23:30:26+02:00,2026-08-05,,20,NORMAL,
CIFR,Cipher Digital Inc,finviz_prefilter,revenue_growth;eps_growth;operating_margin,,price_min;market_cap_min;avg_volume_min;revenue_growth;eps_growth;eps_next_year;operating_margin;earnings_window,False,"{'revenue_growth_yoy': -42.99, 'eps_growth_yoy': -4.3522, 'eps_next_year': 78.17, 'operating_margin': -112.79999999999998}",,Finviz via finvizfinance screener views,2026-08-25T23:30:26+02:00,2026-08-04,,21,NORMAL,
CINF,Cincinnati Financial Corp,finviz_prefilter,eps_next_year,,price_min;market_cap_min;avg_volume_min;revenue_growth;eps_growth;eps_next_year;operating_margin;earnings_window,False,"{'revenue_growth_yoy': 31.59, 'eps_growth_yoy': 85.68, 'eps_next_year': 7.2, 'operating_margin': 30.159999999999997}",,Finviz via finvizfinance screener views,2026-08-25T23:30:26+02:00,2026-07-27,,29,NORMAL,"{'failed_gate': 'eps_next_year', 'actual_value': 7.2, 'applicable_threshold': 15.0, 'distance_to_threshold': 7.8, 'distance_to_threshold_pct': 52.0, 'formula': 'minimo: distance = threshold - actual; pct = distance / abs(threshold) * 100'}"
CLDX,Celldex Therapeutics Inc,finviz_prefilter,revenue_growth;eps_growth;eps_next_year;operating_margin,,price_min;market_cap_min;avg_volume_min;revenue_growth;eps_growth;eps_next_year;operating_margin;earnings_window,False,"{'revenue_growth_yoy': -96.99, 'eps_growth_yoy': -10.77, 'eps_next_year': -32.0, 'operating_margin': -2062.2025}",,Finviz via finvizfinance screener views,2026-08-25T23:30:26+02:00,2026-08-06,,19,NORMAL,
CLMT,Calumet Inc,finviz_prefilter,operating_margin,,price_min;market_cap_min;avg_volume_min;revenue_growth;eps_growth;eps_next_year;operating_margin;earnings_window,False,"{'revenue_growth_yoy': 40.77, 'eps_growth_yoy': 35.75, 'eps_next_year': 176.22, 'operating_margin': 1.1900000000000002}",,Finviz via finvizfinance screener views,2026-08-25T23:30:26+02:00,2026-08-07,,18,NORMAL,"{'failed_gate': 'operating_margin', 'actual_value': 1.1900000000000002, 'applicable_threshold': 8.0, 'distance_to_threshold': 6.81, 'distance_to_threshold_pct': 85.125, 'formula': 'minimo: distance = threshold - actual; pct = distance / abs(threshold) * 100'}"
CMCSA,Comcast Corp,finviz_prefilter,revenue_growth;eps_growth;eps_next_year,,price_min;market_cap_min;avg_volume_min;revenue_growth;eps_growth;eps_next_year;operating_margin;earnings_window,False,"{'revenue_growth_yoy': -1.23, 'eps_growth_yoy': -66.9, 'eps_next_year': 3.17, 'operating_margin': 14.85}",,Finviz via finvizfinance screener views,2026-08-25T23:30:26+02:00,2026-07-23,,33,NORMAL,
CME,CME Group Inc,finviz_prefilter,revenue_growth;eps_growth;eps_next_year,,price_min;market_cap_min;avg_volume_min;revenue_growth;eps_growth;eps_next_year;operating_margin;earnings_window,False,"{'revenue_growth_yoy': 0.84, 'eps_growth_yoy': 2.6599999999999997, 'eps_next_year': 5.41, 'operating_margin': 65.10000000000001}",,Finviz via finvizfinance screener views,2026-08-25T23:30:26+02:00,2026-07-22,,34,NORMAL,
COCO,Vita Coco Company Inc,finviz_prefilter,eps_next_year,,price_min;market_cap_min;avg_volume_min;revenue_growth;eps_growth;eps_next_year;operating_margin;earnings_window,False,"{'revenue_growth_yoy': 28.08, 'eps_growth_yoy': 112.29, 'eps_next_year': 12.67, 'operating_margin': 19.1}",,Finviz via finvizfinance screener views,2026-08-25T23:30:26+02:00,2026-07-23,,33,NORMAL,"{'failed_gate': 'eps_next_year', 'actual_value': 12.67, 'applicable_threshold': 15.0, 'distance_to_threshold': 2.33, 'distance_to_threshold_pct': 15.533333333333335, 'formula': 'minimo: distance = threshold - actual; pct = distance / abs(threshold) * 100'}"
COHU,Cohu Inc,finviz_prefilter,operating_margin,,price_min;market_cap_min;avg_volume_min;revenue_growth;eps_growth;eps_next_year;operating_margin;earnings_window,False,"{'revenue_growth_yoy': 38.37, 'eps_growth_yoy': 99.06, 'eps_next_year': 94.34, 'operating_margin': -6.38}",,Finviz via finvizfinance screener views,2026-08-25T23:30:26+02:00,2026-07-30,,26,NORMAL,"{'failed_gate': 'operating_margin', 'actual_value': -6.38, 'applicable_threshold': 8.0, 'distance_to_threshold': 14.379999999999999, 'distance_to_threshold_pct': 179.75, 'formula': 'minimo: distance = threshold - actual; pct = distance / abs(threshold) * 100'}"
COIN,Coinbase Global Inc,finviz_prefilter,revenue_growth;eps_growth;operating_margin,,price_min;market_cap_min;avg_volume_min;revenue_growth;eps_growth;eps_next_year;operating_margin;earnings_window,False,"{'revenue_growth_yoy': -61.1, 'eps_growth_yoy': -126.57000000000001, 'eps_next_year': 191.96, 'operating_margin': -37.56}",,Finviz via finvizfinance screener views,2026-08-25T23:30:26+02:00,2026-07-30,,26,NORMAL,
COLB,Columbia Banking System Inc,finviz_prefilter,eps_growth;eps_next_year,,price_min;market_cap_min;avg_volume_min;revenue_growth;eps_growth;eps_next_year;operating_margin;earnings_window,False,"{'revenue_growth_yoy': 21.959999999999997, 'eps_growth_yoy': 0.03, 'eps_next_year': 8.28, 'operating_margin': 30.620000000000005}",,Finviz via finvizfinance screener views,2026-08-25T23:30:26+02:00,2026-07-23,,33,NORMAL,
COO,Cooper Companies Inc,finviz_prefilter,revenue_growth;eps_growth;eps_next_year,,price_min;market_cap_min;avg_volume_min;revenue_growth;eps_growth;eps_next_year;operating_margin;earnings_window,False,"{'revenue_growth_yoy': 7.9, 'eps_growth_yoy': -1.9142, 'eps_next_year': 8.1, 'operating_margin': 18.19}",,Finviz via finvizfinance screener views,2026-08-25T23:30:26+02:00,2026-09-09,15,,NORMAL,
CORT,Corcept Therapeutics Inc,finviz_prefilter,eps_growth;operating_margin,,price_min;market_cap_min;avg_volume_min;revenue_growth;eps_growth;eps_next_year;operating_margin;earnings_window,False,"{'revenue_growth_yoy': 31.740000000000002, 'eps_growth_yoy': 23.91, 'eps_next_year': 108.21, 'operating_margin': 0.77}",,Finviz via finvizfinance screener views,2026-08-25T23:30:26+02:00,2026-07-29,,27,NORMAL,
CORZ,Core Scientific Inc,finviz_prefilter,eps_growth;operating_margin,,price_min;market_cap_min;avg_volume_min;revenue_growth;eps_growth;eps_next_year;operating_margin;earnings_window,False,"{'revenue_growth_yoy': 108.83, 'eps_growth_yoy': -78.6882, 'eps_next_year': 107.0, 'operating_margin': -30.620000000000005}",,Finviz via finvizfinance screener views,2026-08-25T23:30:26+02:00,2026-07-28,,28,NORMAL,
COST,Costco Wholesale Corp,finviz_prefilter,revenue_growth;eps_growth;eps_next_year;operating_margin,,price_min;market_cap_min;avg_volume_min;revenue_growth;eps_growth;eps_next_year;operating_margin;earnings_window,False,"{'revenue_growth_yoy': 11.58, 'eps_growth_yoy': 15.27, 'eps_next_year': 10.53, 'operating_margin': 3.82}",,Finviz via finvizfinance screener views,2026-08-25T23:30:26+02:00,2026-05-28,,89,NORMAL,
CPB,Campbells Co,finviz_prefilter,revenue_growth;eps_next_year,,price_min;market_cap_min;avg_volume_min;revenue_growth;eps_growth;eps_next_year;operating_margin;earnings_window,False,"{'revenue_growth_yoy': -4.3999999999999995, 'eps_growth_yoy': 87.9, 'eps_next_year': -13.76, 'operating_margin': 11.95}",,Finviz via finvizfinance screener views,2026-08-25T23:30:26+02:00,2026-09-03,9,,NORMAL,
CPRT,Copart Inc,finviz_prefilter,revenue_growth;eps_growth;eps_next_year,,price_min;market_cap_min;avg_volume_min;revenue_growth;eps_growth;eps_next_year;operating_margin;earnings_window,False,"{'revenue_growth_yoy': 2.09, 'eps_growth_yoy': 2.67, 'eps_next_year': 5.59, 'operating_margin': 36.57}",,Finviz via finvizfinance screener views,2026-08-25T23:30:26+02:00,2026-05-21,,96,NORMAL,
CRDO,Credo Technology Group Holding Ltd,finviz_prefilter,revenue_growth;eps_growth;earnings_window,,price_min;market_cap_min;avg_volume_min;revenue_growth;eps_growth;eps_next_year;operating_margin;earnings_window,False,"{'revenue_growth_yoy': 1.5702, 'eps_growth_yoy': 3.3683, 'eps_next_year': 48.19, 'operating_margin': 34.03}",,Finviz via finvizfinance screener views,2026-08-25T23:30:26+02:00,2026-09-01,7,,PRE_EARNINGS_BLACKOUT,
CRNX,Crinetics Pharmaceuticals Inc,finviz_prefilter,eps_growth;eps_next_year;operating_margin,,price_min;market_cap_min;avg_volume_min;revenue_growth;eps_growth;eps_next_year;operating_margin;earnings_window,False,"{'revenue_growth_yoy': 23.3628, 'eps_growth_yoy': 7.140000000000001, 'eps_next_year': 12.04, 'operating_margin': -13.0252}",,Finviz via finvizfinance screener views,2026-08-25T23:30:26+02:00,2026-08-03,,22,NORMAL,
CROX,Crocs Inc,finviz_prefilter,revenue_growth;eps_next_year,,price_min;market_cap_min;avg_volume_min;revenue_growth;eps_growth;eps_next_year;operating_margin;earnings_window,False,"{'revenue_growth_yoy': 2.62, 'eps_growth_yoy': 146.78, 'eps_next_year': 7.17, 'operating_margin': 20.810000000000002}",,Finviz via finvizfinance screener views,2026-08-25T23:30:26+02:00,2026-07-30,,26,NORMAL,
CRSP,CRISPR Therapeutics AG,finviz_prefilter,revenue_growth;operating_margin,,price_min;market_cap_min;avg_volume_min;revenue_growth;eps_growth;eps_next_year;operating_margin;earnings_window,False,"{'revenue_growth_yoy': 10.4137, 'eps_growth_yoy': 60.57, 'eps_next_year': 25.73, 'operating_margin': -39.7153}",,Finviz via finvizfinance screener views,2026-08-25T23:30:26+02:00,2026-08-03,,22,NORMAL,
CRWD,Crowdstrike Holdings Inc,finviz_prefilter,operating_margin;earnings_window,,price_min;market_cap_min;avg_volume_min;revenue_growth;eps_growth;eps_next_year;operating_margin;earnings_window,False,"{'revenue_growth_yoy': 25.569999999999997, 'eps_growth_yoy': 124.25999999999999, 'eps_next_year': 26.54, 'operating_margin': -2.15}",,Finviz via finvizfinance screener views,2026-08-25T23:30:26+02:00,2026-08-26,1,,PRE_EARNINGS_BLACKOUT,
CRWV,CoreWeave Inc,finviz_prefilter,eps_growth;operating_margin,,price_min;market_cap_min;avg_volume_min;revenue_growth;eps_growth;eps_next_year;operating_margin;earnings_window,False,"{'revenue_growth_yoy': 112.32, 'eps_growth_yoy': -79.2, 'eps_next_year': 51.84, 'operating_margin': -3.0300000000000002}",,Finviz via finvizfinance screener views,2026-08-25T23:30:26+02:00,2026-08-11,,14,PEAD_WINDOW,
CSCO,Cisco Systems Inc,finviz_prefilter,revenue_growth;eps_next_year,,price_min;market_cap_min;avg_volume_min;revenue_growth;eps_growth;eps_next_year;operating_margin;earnings_window,False,"{'revenue_growth_yoy': 17.580000000000002, 'eps_growth_yoy': 37.16, 'eps_next_year': 9.2, 'operating_margin': 25.230000000000004}",,Finviz via finvizfinance screener views,2026-08-25T23:30:26+02:00,2026-08-12,,13,PEAD_WINDOW,
CSGP,Costar Group Inc,finviz_prefilter,revenue_growth;eps_growth;operating_margin,,price_min;market_cap_min;avg_volume_min;revenue_growth;eps_growth;eps_next_year;operating_margin;earnings_window,False,"{'revenue_growth_yoy': 18.39, 'eps_growth_yoy': 8.3151, 'eps_next_year': 25.66, 'operating_margin': 2.4299999999999997}",,Finviz via finvizfinance screener views,2026-08-25T23:30:26+02:00,2026-07-28,,28,NORMAL,
CSX,CSX Corp,finviz_prefilter,revenue_growth;eps_growth;eps_next_year,,price_min;market_cap_min;avg_volume_min;revenue_growth;eps_growth;eps_next_year;operating_margin;earnings_window,False,"{'revenue_growth_yoy': 10.100000000000001, 'eps_growth_yoy': 21.78, 'eps_next_year': 13.34, 'operating_margin': 35.27}",,Finviz via finvizfinance screener views,2026-08-25T23:30:26+02:00,2026-07-22,,34,NORMAL,
CTAS,Cintas Corp,finviz_prefilter,revenue_growth;eps_growth;eps_next_year,,price_min;market_cap_min;avg_volume_min;revenue_growth;eps_growth;eps_next_year;operating_margin;earnings_window,False,"{'revenue_growth_yoy': 8.9, 'eps_growth_yoy': 15.559999999999999, 'eps_next_year': 11.39, 'operating_margin': 23.26}",,Finviz via finvizfinance screener views,2026-08-25T23:30:26+02:00,2026-07-15,,41,NORMAL,
CTSH,Cognizant Technology Solutions Corp,finviz_prefilter,revenue_growth;eps_growth;eps_next_year,,price_min;market_cap_min;avg_volume_min;revenue_growth;eps_growth;eps_next_year;operating_margin;earnings_window,False,"{'revenue_growth_yoy': 4.5, 'eps_growth_yoy': 4.1000000000000005, 'eps_next_year': 9.75, 'operating_margin': 16.11}",,Finviz via finvizfinance screener views,2026-08-25T23:30:26+02:00,2026-07-29,,27,NORMAL,
CVBF,CVB Financial Corp,finviz_prefilter,eps_growth,,price_min;market_cap_min;avg_volume_min;revenue_growth;eps_growth;eps_next_year;operating_margin;earnings_window,False,"{'revenue_growth_yoy': 37.86, 'eps_growth_yoy': -21.58, 'eps_next_year': 31.93, 'operating_margin': 43.64}",,Finviz via finvizfinance screener views,2026-08-25T23:30:26+02:00,2026-07-22,,34,NORMAL,"{'failed_gate': 'eps_growth', 'actual_value': -21.58, 'applicable_threshold': 30.0, 'distance_to_threshold': 51.58, 'distance_to_threshold_pct': 171.93333333333334, 'formula': 'minimo: distance = threshold - actual; pct = distance / abs(threshold) * 100'}"
CYTK,Cytokinetics Inc,finviz_prefilter,revenue_growth;eps_growth;operating_margin,,price_min;market_cap_min;avg_volume_min;revenue_growth;eps_growth;eps_next_year;operating_margin;earnings_window,False,"{'revenue_growth_yoy': -57.13, 'eps_growth_yoy': -33.78, 'eps_next_year': 26.07, 'operating_margin': -10.4612}",,Finviz via finvizfinance screener views,2026-08-25T23:30:26+02:00,2026-08-06,,19,NORMAL,
CZR,Caesars Entertainment Inc,finviz_prefilter,revenue_growth;eps_growth,,price_min;market_cap_min;avg_volume_min;revenue_growth;eps_growth;eps_next_year;operating_margin;earnings_window,False,"{'revenue_growth_yoy': 2.96, 'eps_growth_yoy': 22.53, 'eps_next_year': 124.6, 'operating_margin': 17.69}",,Finviz via finvizfinance screener views,2026-08-25T23:30:26+02:00,2026-07-28,,28,NORMAL,
DASH,DoorDash Inc,finviz_prefilter,eps_growth;operating_margin,,price_min;market_cap_min;avg_volume_min;revenue_growth;eps_growth;eps_next_year;operating_margin;earnings_window,False,"{'revenue_growth_yoy': 35.63, 'eps_growth_yoy': -29.98, 'eps_next_year': 79.36, 'operating_margin': 5.46}",,Finviz via finvizfinance screener views,2026-08-25T23:30:26+02:00,2026-08-05,,20,NORMAL,
DBX,Dropbox Inc,finviz_prefilter,revenue_growth;eps_growth;eps_next_year,,price_min;market_cap_min;avg_volume_min;revenue_growth;eps_growth;eps_next_year;operating_margin;earnings_window,False,"{'revenue_growth_yoy': 0.9299999999999999, 'eps_growth_yoy': -6.94, 'eps_next_year': 8.34, 'operating_margin': 26.5}",,Finviz via finvizfinance screener views,2026-08-25T23:30:26+02:00,2026-08-06,,19,NORMAL,
DDOG,Datadog Inc,finviz_prefilter,eps_growth;operating_margin,,price_min;market_cap_min;avg_volume_min;revenue_growth;eps_growth;eps_next_year;operating_margin;earnings_window,False,"{'revenue_growth_yoy': 35.64, 'eps_growth_yoy': 15.5135, 'eps_next_year': 16.96, 'operating_margin': 0.48}",,Finviz via finvizfinance screener views,2026-08-25T23:30:26+02:00,2026-08-06,,19,NORMAL,
DKNG,DraftKings Inc,finviz_prefilter,revenue_growth;eps_growth;operating_margin,,price_min;market_cap_min;avg_volume_min;revenue_growth;eps_growth;eps_next_year;operating_margin;earnings_window,False,"{'revenue_growth_yoy': -4.58, 'eps_growth_yoy': -145.99, 'eps_next_year': 525.73, 'operating_margin': -2.83}",,Finviz via finvizfinance screener views,2026-08-25T23:30:26+02:00,2026-08-06,,19,NORMAL,
DLTR,Dollar Tree Inc,finviz_prefilter,revenue_growth;eps_growth;eps_next_year;earnings_window,,price_min;market_cap_min;avg_volume_min;revenue_growth;eps_growth;eps_next_year;operating_margin;earnings_window,False,"{'revenue_growth_yoy': 7.24, 'eps_growth_yoy': 9.59, 'eps_next_year': 10.13, 'operating_margin': 8.44}",,Finviz via finvizfinance screener views,2026-08-25T23:30:26+02:00,2026-08-27,2,,PRE_EARNINGS_BLACKOUT,
DNLI,Denali Therapeutics Inc,finviz_prefilter,eps_next_year;operating_margin,revenue_growth;eps_growth,price_min;market_cap_min;avg_volume_min;eps_next_year;operating_margin;earnings_window,False,"{'revenue_growth_yoy': None, 'eps_growth_yoy': 5.93, 'eps_next_year': -68.0, 'operating_margin': -150.5819}",,Finviz via finvizfinance screener views,2026-08-25T23:30:26+02:00,2026-08-06,,19,NORMAL,
DNTH,Dianthus Therapeutics Inc,finviz_prefilter,revenue_growth;eps_growth;eps_next_year;operating_margin,,price_min;market_cap_min;avg_volume_min;revenue_growth;eps_growth;eps_next_year;operating_margin;earnings_window,False,"{'revenue_growth_yoy': 2.943, 'eps_growth_yoy': -1.51, 'eps_next_year': -21.63, 'operating_margin': -114.4139}",,Finviz via finvizfinance screener views,2026-08-25T23:30:26+02:00,2026-08-04,,21,NORMAL,
DOCU,DocuSign Inc,finviz_prefilter,revenue_growth;eps_growth;eps_next_year,,price_min;market_cap_min;avg_volume_min;revenue_growth;eps_growth;eps_next_year;operating_margin;earnings_window,False,"{'revenue_growth_yoy': 8.72, 'eps_growth_yoy': 17.51, 'eps_next_year': 12.57, 'operating_margin': 10.639999999999999}",,Finviz via finvizfinance screener views,2026-08-25T23:30:26+02:00,2026-09-03,9,,NORMAL,
DOX,Amdocs Ltd,finviz_prefilter,revenue_growth;eps_growth;eps_next_year,,price_min;market_cap_min;avg_volume_min;revenue_growth;eps_growth;eps_next_year;operating_margin;earnings_window,False,"{'revenue_growth_yoy': 2.63, 'eps_growth_yoy': -57.53, 'eps_next_year': 8.06, 'operating_margin': 16.86}",,Finviz via finvizfinance screener views,2026-08-25T23:30:26+02:00,2026-08-05,,20,NORMAL,
DPZ,Dominos Pizza Inc,finviz_prefilter,revenue_growth;eps_growth;eps_next_year,,price_min;market_cap_min;avg_volume_min;revenue_growth;eps_growth;eps_next_year;operating_margin;earnings_window,False,"{'revenue_growth_yoy': 4.3, 'eps_growth_yoy': 6.92, 'eps_next_year': 9.82, 'operating_margin': 19.3}",,Finviz via finvizfinance screener views,2026-08-25T23:30:26+02:00,2026-07-20,,36,NORMAL,
DRS,Leonardo DRS Inc,finviz_prefilter,revenue_growth;eps_next_year,,price_min;market_cap_min;avg_volume_min;revenue_growth;eps_growth;eps_next_year;operating_margin;earnings_window,False,"{'revenue_growth_yoy': 10.13, 'eps_growth_yoy': 59.34, 'eps_next_year': 6.05, 'operating_margin': 10.56}",,Finviz via finvizfinance screener views,2026-08-25T23:30:26+02:00,2026-07-30,,26,NORMAL,
DUOL,Duolingo Inc,finviz_prefilter,revenue_growth;eps_growth,,price_min;market_cap_min;avg_volume_min;revenue_growth;eps_growth;eps_next_year;operating_margin;earnings_window,False,"{'revenue_growth_yoy': 18.310000000000002, 'eps_growth_yoy': -27.49, 'eps_next_year': 20.84, 'operating_margin': 14.21}",,Finviz via finvizfinance screener views,2026-08-25T23:30:26+02:00,2026-08-05,,20,NORMAL,
DXCM,Dexcom Inc,finviz_prefilter,revenue_growth,,price_min;market_cap_min;avg_volume_min;revenue_growth;eps_growth;eps_next_year;operating_margin;earnings_window,False,"{'revenue_growth_yoy': 13.08, 'eps_growth_yoy': 43.63, 'eps_next_year': 16.98, 'operating_margin': 22.919999999999998}",,Finviz via finvizfinance screener views,2026-08-25T23:30:26+02:00,2026-07-30,,26,NORMAL,"{'failed_gate': 'revenue_growth', 'actual_value': 13.08, 'applicable_threshold': 20.0, 'distance_to_threshold': 6.92, 'distance_to_threshold_pct': 34.599999999999994, 'formula': 'minimo: distance = threshold - actual; pct = distance / abs(threshold) * 100'}"
EBAY,EBay Inc,finviz_prefilter,revenue_growth;eps_next_year,,price_min;market_cap_min;avg_volume_min;revenue_growth;eps_growth;eps_next_year;operating_margin;earnings_window,False,"{'revenue_growth_yoy': 14.37, 'eps_growth_yoy': 54.379999999999995, 'eps_next_year': 9.91, 'operating_margin': 21.44}",,Finviz via finvizfinance screener views,2026-08-25T23:30:26+02:00,2026-08-05,,20,NORMAL,
EBC,Eastern Bankshares Inc,finviz_prefilter,eps_growth;eps_next_year,,price_min;market_cap_min;avg_volume_min;revenue_growth;eps_growth;eps_next_year;operating_margin;earnings_window,False,"{'revenue_growth_yoy': 26.36, 'eps_growth_yoy': -4.73, 'eps_next_year': 13.86, 'operating_margin': 26.919999999999998}",,Finviz via finvizfinance screener views,2026-08-25T23:30:26+02:00,2026-07-23,,33,NORMAL,
ECHO,EchoStar Corp,finviz_prefilter,revenue_growth;eps_growth;eps_next_year;operating_margin,,price_min;market_cap_min;avg_volume_min;revenue_growth;eps_growth;eps_next_year;operating_margin;earnings_window,False,"{'revenue_growth_yoy': -3.9899999999999998, 'eps_growth_yoy': 23.649, 'eps_next_year': -86.58, 'operating_margin': 7.1499999999999995}",,Finviz via finvizfinance screener views,2026-08-25T23:30:26+02:00,2026-08-03,,22,NORMAL,
ENPH,Enphase Energy Inc,finviz_prefilter,revenue_growth;eps_growth;eps_next_year,,price_min;market_cap_min;avg_volume_min;revenue_growth;eps_growth;eps_next_year;operating_margin;earnings_window,False,"{'revenue_growth_yoy': -19.63, 'eps_growth_yoy': -2.55, 'eps_next_year': 11.84, 'operating_margin': 25.629999999999995}",,Finviz via finvizfinance screener views,2026-08-25T23:30:26+02:00,2026-07-28,,28,NORMAL,
ENTG,Entegris Inc,finviz_prefilter,revenue_growth,,price_min;market_cap_min;avg_volume_min;revenue_growth;eps_growth;eps_next_year;operating_margin;earnings_window,False,"{'revenue_growth_yoy': 11.459999999999999, 'eps_growth_yoy': 75.32, 'eps_next_year': 29.19, 'operating_margin': 17.09}",,Finviz via finvizfinance screener views,2026-08-25T23:30:26+02:00,2026-08-04,,21,NORMAL,"{'failed_gate': 'revenue_growth', 'actual_value': 11.459999999999999, 'applicable_threshold': 20.0, 'distance_to_threshold': 8.540000000000001, 'distance_to_threshold_pct': 42.7, 'formula': 'minimo: distance = threshold - actual; pct = distance / abs(threshold) * 100'}"
EQPT,Equipmentshare.Com Inc,finviz_prefilter,eps_growth;operating_margin,,price_min;market_cap_min;avg_volume_min;revenue_growth;eps_growth;eps_next_year;operating_margin;earnings_window,False,"{'revenue_growth_yoy': 26.33, 'eps_growth_yoy': 29.24, 'eps_next_year': 59.61, 'operating_margin': 6.84}",,Finviz via finvizfinance screener views,2026-08-25T23:30:26+02:00,2026-08-12,,13,PEAD_WINDOW,
ETOR,Etoro Group Ltd,finviz_prefilter,revenue_growth,,price_min;market_cap_min;avg_volume_min;revenue_growth;eps_growth;eps_next_year;operating_margin;earnings_window,False,"{'revenue_growth_yoy': 10.299999999999999, 'eps_growth_yoy': 87.37, 'eps_next_year': 18.8, 'operating_margin': 31.96}",,Finviz via finvizfinance screener views,2026-08-25T23:30:26+02:00,2026-08-11,,14,PEAD_WINDOW,"{'failed_gate': 'revenue_growth', 'actual_value': 10.299999999999999, 'applicable_threshold': 20.0, 'distance_to_threshold': 9.700000000000001, 'distance_to_threshold_pct': 48.50000000000001, 'formula': 'minimo: distance = threshold - actual; pct = distance / abs(threshold) * 100'}"
EVRG,Evergy Inc,finviz_prefilter,revenue_growth;eps_growth;eps_next_year,,price_min;market_cap_min;avg_volume_min;revenue_growth;eps_growth;eps_next_year;operating_margin;earnings_window,False,"{'revenue_growth_yoy': 4.84, 'eps_growth_yoy': 23.5, 'eps_next_year': 7.16, 'operating_margin': 25.55}",,Finviz via finvizfinance screener views,2026-08-25T23:30:26+02:00,2026-08-06,,19,NORMAL,
EWBC,East West Bancorp Inc,finviz_prefilter,revenue_growth;eps_growth;eps_next_year,,price_min;market_cap_min;avg_volume_min;revenue_growth;eps_growth;eps_next_year;operating_margin;earnings_window,False,"{'revenue_growth_yoy': 4.15, 'eps_growth_yoy': 17.64, 'eps_next_year': 6.52, 'operating_margin': 39.68}",,Finviz via finvizfinance screener views,2026-08-25T23:30:26+02:00,2026-07-21,,35,NORMAL,
EXC,Exelon Corp,finviz_prefilter,revenue_growth;eps_growth;eps_next_year,,price_min;market_cap_min;avg_volume_min;revenue_growth;eps_growth;eps_next_year;operating_margin;earnings_window,False,"{'revenue_growth_yoy': 9.950000000000001, 'eps_growth_yoy': -0.31, 'eps_next_year': 6.32, 'operating_margin': 20.79}",,Finviz via finvizfinance screener views,2026-08-25T23:30:26+02:00,2026-07-30,,26,NORMAL,
EXE,Expand Energy Corp,finviz_prefilter,revenue_growth;eps_growth;eps_next_year,,price_min;market_cap_min;avg_volume_min;revenue_growth;eps_growth;eps_next_year;operating_margin;earnings_window,False,"{'revenue_growth_yoy': -10.61, 'eps_growth_yoy': -45.58, 'eps_next_year': -5.1, 'operating_margin': 21.529999999999998}",,Finviz via finvizfinance screener views,2026-08-25T23:30:26+02:00,2026-07-28,,28,NORMAL,
EXEL,Exelixis Inc,finviz_prefilter,revenue_growth;eps_growth;eps_next_year,,price_min;market_cap_min;avg_volume_min;revenue_growth;eps_growth;eps_next_year;operating_margin;earnings_window,False,"{'revenue_growth_yoy': 10.63, 'eps_growth_yoy': 25.629999999999995, 'eps_next_year': 14.41, 'operating_margin': 40.72}",,Finviz via finvizfinance screener views,2026-08-25T23:30:26+02:00,2026-08-05,,20,NORMAL,
EXLS,ExlService Holdings Inc,finviz_prefilter,revenue_growth;eps_growth;eps_next_year,,price_min;market_cap_min;avg_volume_min;revenue_growth;eps_growth;eps_next_year;operating_margin;earnings_window,False,"{'revenue_growth_yoy': 15.61, 'eps_growth_yoy': 4.92, 'eps_next_year': 13.48, 'operating_margin': 14.42}",,Finviz via finvizfinance screener views,2026-08-25T23:30:26+02:00,2026-07-28,,28,NORMAL,
EXPE,Expedia Group Inc,finviz_prefilter,revenue_growth;eps_growth,,price_min;market_cap_min;avg_volume_min;revenue_growth;eps_growth;eps_next_year;operating_margin;earnings_window,False,"{'revenue_growth_yoy': 13.969999999999999, 'eps_growth_yoy': 1.8833, 'eps_next_year': 16.37, 'operating_margin': 16.64}",,Finviz via finvizfinance screener views,2026-08-25T23:30:26+02:00,2026-08-05,,20,NORMAL,
EXTR,Extreme Networks Inc,finviz_prefilter,revenue_growth;eps_growth;operating_margin,,price_min;market_cap_min;avg_volume_min;revenue_growth;eps_growth;eps_next_year;operating_margin;earnings_window,False,"{'revenue_growth_yoy': 10.280000000000001, 'eps_growth_yoy': 3.2959, 'eps_next_year': 16.49, 'operating_margin': 5.050000000000001}",,Finviz via finvizfinance screener views,2026-08-25T23:30:26+02:00,2026-08-05,,20,NORMAL,
EZPW,EZCorp Inc,finviz_prefilter,eps_next_year,,price_min;market_cap_min;avg_volume_min;revenue_growth;eps_growth;eps_next_year;operating_margin;earnings_window,False,"{'revenue_growth_yoy': 34.65, 'eps_growth_yoy': 39.519999999999996, 'eps_next_year': 6.69, 'operating_margin': 13.969999999999999}",,Finviz via finvizfinance screener views,2026-08-25T23:30:26+02:00,2026-08-05,,20,NORMAL,"{'failed_gate': 'eps_next_year', 'actual_value': 6.69, 'applicable_threshold': 15.0, 'distance_to_threshold': 8.309999999999999, 'distance_to_threshold_pct': 55.39999999999999, 'formula': 'minimo: distance = threshold - actual; pct = distance / abs(threshold) * 100'}"
FA,First Advantage Corp,finviz_prefilter,revenue_growth,,price_min;market_cap_min;avg_volume_min;revenue_growth;eps_growth;eps_next_year;operating_margin;earnings_window,False,"{'revenue_growth_yoy': 14.879999999999999, 'eps_growth_yoy': 53.2222, 'eps_next_year': 17.96, 'operating_margin': 10.89}",,Finviz via finvizfinance screener views,2026-08-25T23:30:26+02:00,2026-08-06,,19,NORMAL,"{'failed_gate': 'revenue_growth', 'actual_value': 14.879999999999999, 'applicable_threshold': 20.0, 'distance_to_threshold': 5.120000000000001, 'distance_to_threshold_pct': 25.600000000000005, 'formula': 'minimo: distance = threshold - actual; pct = distance / abs(threshold) * 100'}"
FANG,Diamondback Energy Inc,finviz_prefilter,eps_growth;eps_next_year,,price_min;market_cap_min;avg_volume_min;revenue_growth;eps_growth;eps_next_year;operating_margin;earnings_window,False,"{'revenue_growth_yoy': 51.22, 'eps_growth_yoy': 1.7968, 'eps_next_year': -11.11, 'operating_margin': 35.05}",,Finviz via finvizfinance screener views,2026-08-25T23:30:26+02:00,2026-08-03,,22,NORMAL,
FAST,Fastenal Co,finviz_prefilter,revenue_growth;eps_growth;eps_next_year,,price_min;market_cap_min;avg_volume_min;revenue_growth;eps_growth;eps_next_year;operating_margin;earnings_window,False,"{'revenue_growth_yoy': 14.74, 'eps_growth_yoy': 15.879999999999999, 'eps_next_year': 10.81, 'operating_margin': 20.29}",,Finviz via finvizfinance screener views,2026-08-25T23:30:26+02:00,2026-07-14,,42,NORMAL,
FER,Ferrovial N. V,finviz_prefilter,revenue_growth;eps_growth,,price_min;market_cap_min;avg_volume_min;revenue_growth;eps_growth;eps_next_year;operating_margin;earnings_window,False,"{'revenue_growth_yoy': 6.64, 'eps_growth_yoy': 9.5324, 'eps_next_year': 18.93, 'operating_margin': 10.42}",,Finviz via finvizfinance screener views,2026-08-25T23:30:26+02:00,2026-07-28,,28,NORMAL,
FFBC,First Financial Bancorp,finviz_prefilter,revenue_growth;eps_growth;eps_next_year,,price_min;market_cap_min;avg_volume_min;revenue_growth;eps_growth;eps_next_year;operating_margin;earnings_window,False,"{'revenue_growth_yoy': 12.98, 'eps_growth_yoy': -0.33999999999999997, 'eps_next_year': 11.57, 'operating_margin': 26.06}",,Finviz via finvizfinance screener views,2026-08-25T23:30:26+02:00,2026-07-21,,35,NORMAL,
FFIN,First Financial Bankshares Inc,finviz_prefilter,revenue_growth;eps_growth;eps_next_year,,price_min;market_cap_min;avg_volume_min;revenue_growth;eps_growth;eps_next_year;operating_margin;earnings_window,False,"{'revenue_growth_yoy': 8.43, 'eps_growth_yoy': 7.61, 'eps_next_year': 5.57, 'operating_margin': 37.86}",,Finviz via finvizfinance screener views,2026-08-25T23:30:26+02:00,2026-07-16,,40,NORMAL,
FHB,First Hawaiian INC,finviz_prefilter,revenue_growth;eps_growth;eps_next_year,,price_min;market_cap_min;avg_volume_min;revenue_growth;eps_growth;eps_next_year;operating_margin;earnings_window,False,"{'revenue_growth_yoy': 0.7100000000000001, 'eps_growth_yoy': 3.04, 'eps_next_year': 7.12, 'operating_margin': 31.730000000000004}",,Finviz via finvizfinance screener views,2026-08-25T23:30:26+02:00,2026-07-24,,32,NORMAL,
FIBK,First Interstate BancSystem Inc,finviz_prefilter,revenue_growth;eps_growth;eps_next_year,,price_min;market_cap_min;avg_volume_min;revenue_growth;eps_growth;eps_next_year;operating_margin;earnings_window,False,"{'revenue_growth_yoy': -7.8, 'eps_growth_yoy': 24.97, 'eps_next_year': -57.99999999999999, 'operating_margin': 29.409999999999997}",,Finviz via finvizfinance screener views,2026-08-25T23:30:26+02:00,2026-07-23,,33,NORMAL,
FIGR,Figure Technology Solutions Inc,finviz_prefilter,eps_growth,,price_min;market_cap_min;avg_volume_min;revenue_growth;eps_growth;eps_next_year;operating_margin;earnings_window,False,"{'revenue_growth_yoy': 84.85000000000001, 'eps_growth_yoy': 1.7901, 'eps_next_year': 22.46, 'operating_margin': 42.11}",,Finviz via finvizfinance screener views,2026-08-25T23:30:26+02:00,2026-08-13,,12,PEAD_WINDOW,"{'failed_gate': 'eps_growth', 'actual_value': 1.7901, 'applicable_threshold': 20.0, 'distance_to_threshold': 18.2099, 'distance_to_threshold_pct': 91.04950000000001, 'formula': 'minimo: distance = threshold - actual; pct = distance / abs(threshold) * 100'}"
FISV,Fiserv Inc,finviz_prefilter,revenue_growth;eps_growth;eps_next_year,,price_min;market_cap_min;avg_volume_min;revenue_growth;eps_growth;eps_next_year;operating_margin;earnings_window,False,"{'revenue_growth_yoy': -4.06, 'eps_growth_yoy': -36.71, 'eps_next_year': 10.01, 'operating_margin': 21.57}",,Finviz via finvizfinance screener views,2026-08-25T23:30:26+02:00,2026-08-06,,19,NORMAL,
FIVE,Five Below Inc,finviz_prefilter,eps_growth;eps_next_year,,price_min;market_cap_min;avg_volume_min;revenue_growth;eps_growth;eps_next_year;operating_margin;earnings_window,False,"{'revenue_growth_yoy': 32.46, 'eps_growth_yoy': 1.9681, 'eps_next_year': 7.57, 'operating_margin': 11.04}",,Finviz via finvizfinance screener views,2026-08-25T23:30:26+02:00,2026-09-02,8,,NORMAL,
FIVN,Five9 Inc,finviz_prefilter,revenue_growth;eps_growth;operating_margin,,price_min;market_cap_min;avg_volume_min;revenue_growth;eps_growth;eps_next_year;operating_margin;earnings_window,False,"{'revenue_growth_yoy': 10.299999999999999, 'eps_growth_yoy': 2.0308, 'eps_next_year': 18.03, 'operating_margin': 6.05}",,Finviz via finvizfinance screener views,2026-08-25T23:30:26+02:00,2026-08-06,,19,NORMAL,
FLEX,Flex Ltd,finviz_prefilter,operating_margin,,price_min;market_cap_min;avg_volume_min;revenue_growth;eps_growth;eps_next_year;operating_margin;earnings_window,False,"{'revenue_growth_yoy': 20.580000000000002, 'eps_growth_yoy': 51.22, 'eps_next_year': 51.51, 'operating_margin': 5.58}",,Finviz via finvizfinance screener views,2026-08-25T23:30:26+02:00,2026-07-29,,27,NORMAL,"{'failed_gate': 'operating_margin', 'actual_value': 5.58, 'applicable_threshold': 8.0, 'distance_to_threshold': 2.42, 'distance_to_threshold_pct': 30.25, 'formula': 'minimo: distance = threshold - actual; pct = distance / abs(threshold) * 100'}"
FLY,Firefly Aerospace Inc,finviz_prefilter,revenue_growth;eps_growth;operating_margin,,price_min;market_cap_min;avg_volume_min;revenue_growth;eps_growth;eps_next_year;operating_margin;earnings_window,False,"{'revenue_growth_yoy': 6.5685, 'eps_growth_yoy': -2.13, 'eps_next_year': 22.41, 'operating_margin': -116.39999999999999}",,Finviz via finvizfinance screener views,2026-08-25T23:30:26+02:00,2026-08-11,,14,PEAD_WINDOW,
FLYW,Flywire Corp,finviz_prefilter,operating_margin,,price_min;market_cap_min;avg_volume_min;revenue_growth;eps_growth;eps_next_year;operating_margin;earnings_window,False,"{'revenue_growth_yoy': 27.18, 'eps_growth_yoy': 32.39, 'eps_next_year': 69.52, 'operating_margin': 5.94}",,Finviz via finvizfinance screener views,2026-08-25T23:30:26+02:00,2026-08-04,,21,NORMAL,"{'failed_gate': 'operating_margin', 'actual_value': 5.94, 'applicable_threshold': 8.0, 'distance_to_threshold': 2.0599999999999996, 'distance_to_threshold_pct': 25.749999999999996, 'formula': 'minimo: distance = threshold - actual; pct = distance / abs(threshold) * 100'}"
FORM,FormFactor Inc,finviz_prefilter,eps_growth,,price_min;market_cap_min;avg_volume_min;revenue_growth;eps_growth;eps_next_year;operating_margin;earnings_window,False,"{'revenue_growth_yoy': 31.89, 'eps_growth_yoy': 5.0247, 'eps_next_year': 22.96, 'operating_margin': 15.06}",,Finviz via finvizfinance screener views,2026-08-25T23:30:26+02:00,2026-07-29,,27,NORMAL,"{'failed_gate': 'eps_growth', 'actual_value': 5.0247, 'applicable_threshold': 30.0, 'distance_to_threshold': 24.9753, 'distance_to_threshold_pct': 83.25099999999999, 'formula': 'minimo: distance = threshold - actual; pct = distance / abs(threshold) * 100'}"
FOX,Fox Corp,finviz_prefilter,eps_growth;eps_next_year,,price_min;market_cap_min;avg_volume_min;revenue_growth;eps_growth;eps_next_year;operating_margin;earnings_window,False,"{'revenue_growth_yoy': 28.139999999999997, 'eps_growth_yoy': 2.91, 'eps_next_year': -134.0, 'operating_margin': 20.41}",,Finviz via finvizfinance screener views,2026-08-25T23:30:26+02:00,2026-08-06,,19,NORMAL,
FOXA,Fox Corp,finviz_prefilter,eps_growth;eps_next_year,,price_min;market_cap_min;avg_volume_min;revenue_growth;eps_growth;eps_next_year;operating_margin;earnings_window,False,"{'revenue_growth_yoy': 28.139999999999997, 'eps_growth_yoy': 2.91, 'eps_next_year': -1.59, 'operating_margin': 20.41}",,Finviz via finvizfinance screener views,2026-08-25T23:30:26+02:00,2026-08-06,,19,NORMAL,
FROG,JFrog Ltd,finviz_prefilter,operating_margin,,price_min;market_cap_min;avg_volume_min;revenue_growth;eps_growth;eps_next_year;operating_margin;earnings_window,False,"{'revenue_growth_yoy': 28.73, 'eps_growth_yoy': 81.82000000000001, 'eps_next_year': 16.76, 'operating_margin': -12.93}",,Finviz via finvizfinance screener views,2026-08-25T23:30:26+02:00,2026-08-06,,19,NORMAL,"{'failed_gate': 'operating_margin', 'actual_value': -12.93, 'applicable_threshold': 8.0, 'distance_to_threshold': 20.93, 'distance_to_threshold_pct': 261.625, 'formula': 'minimo: distance = threshold - actual; pct = distance / abs(threshold) * 100'}"
FRPT,Freshpet Inc,finviz_prefilter,revenue_growth;eps_growth;eps_next_year,,price_min;market_cap_min;avg_volume_min;revenue_growth;eps_growth;eps_next_year;operating_margin;earnings_window,False,"{'revenue_growth_yoy': 15.45, 'eps_growth_yoy': 19.15, 'eps_next_year': -3.91, 'operating_margin': 8.260000000000002}",,Finviz via finvizfinance screener views,2026-08-25T23:30:26+02:00,2026-08-05,,20,NORMAL,
FSLR,First Solar Inc,finviz_prefilter,revenue_growth;eps_growth,,price_min;market_cap_min;avg_volume_min;revenue_growth;eps_growth;eps_next_year;operating_margin;earnings_window,False,"{'revenue_growth_yoy': -3.73, 'eps_growth_yoy': 23.36, 'eps_next_year': 34.41, 'operating_margin': 34.98}",,Finviz via finvizfinance screener views,2026-08-25T23:30:26+02:00,2026-07-30,,26,NORMAL,
FSLY,Fastly Inc,finviz_prefilter,eps_next_year;operating_margin,,price_min;market_cap_min;avg_volume_min;revenue_growth;eps_growth;eps_next_year;operating_margin;earnings_window,False,"{'revenue_growth_yoy': 23.27, 'eps_growth_yoy': 61.59, 'eps_next_year': 11.25, 'operating_margin': -11.959999999999999}",,Finviz via finvizfinance screener views,2026-08-25T23:30:26+02:00,2026-08-05,,20,NORMAL,
FTAI,FTAI Aviation Ltd,finviz_prefilter,eps_growth,,price_min;market_cap_min;avg_volume_min;revenue_growth;eps_growth;eps_next_year;operating_margin;earnings_window,False,"{'revenue_growth_yoy': 40.79, 'eps_growth_yoy': -27.900000000000002, 'eps_next_year': 118.13, 'operating_margin': 25.119999999999997}",,Finviz via finvizfinance screener views,2026-08-25T23:30:26+02:00,2026-07-29,,27,NORMAL,"{'failed_gate': 'eps_growth', 'actual_value': -27.900000000000002, 'applicable_threshold': 20.0, 'distance_to_threshold': 47.900000000000006, 'distance_to_threshold_pct': 239.50000000000006, 'formula': 'minimo: distance = threshold - actual; pct = distance / abs(threshold) * 100'}"
FTNT,Fortinet Inc,finviz_prefilter,eps_next_year,,price_min;market_cap_min;avg_volume_min;revenue_growth;eps_growth;eps_next_year;operating_margin;earnings_window,False,"{'revenue_growth_yoy': 25.64, 'eps_growth_yoy': 43.86, 'eps_next_year': 9.42, 'operating_margin': 32.37}",,Finviz via finvizfinance screener views,2026-08-25T23:30:26+02:00,2026-07-29,,27,NORMAL,"{'failed_gate': 'eps_next_year', 'actual_value': 9.42, 'applicable_threshold': 15.0, 'distance_to_threshold': 5.58, 'distance_to_threshold_pct': 37.2, 'formula': 'minimo: distance = threshold - actual; pct = distance / abs(threshold) * 100'}"
FULT,Fulton Financial Corp,finviz_prefilter,revenue_growth;eps_growth;eps_next_year,,price_min;market_cap_min;avg_volume_min;revenue_growth;eps_growth;eps_next_year;operating_margin;earnings_window,False,"{'revenue_growth_yoy': 7.580000000000001, 'eps_growth_yoy': -1.58, 'eps_next_year': 10.09, 'operating_margin': 26.540000000000003}",,Finviz via finvizfinance screener views,2026-08-25T23:30:26+02:00,2026-07-22,,34,NORMAL,
FWONK,Liberty Media Corp,finviz_prefilter,revenue_growth;eps_growth,,price_min;market_cap_min;avg_volume_min;revenue_growth;eps_growth;eps_next_year;operating_margin;earnings_window,False,"{'revenue_growth_yoy': -30.349999999999998, 'eps_growth_yoy': -98.69, 'eps_next_year': 21.85, 'operating_margin': 12.45}",,Finviz via finvizfinance screener views,2026-08-25T23:30:26+02:00,2026-08-06,,19,NORMAL,
GEHC,GE HealthCare Technologies Inc,finviz_prefilter,revenue_growth;eps_growth;eps_next_year,,price_min;market_cap_min;avg_volume_min;revenue_growth;eps_growth;eps_next_year;operating_margin;earnings_window,False,"{'revenue_growth_yoy': 5.75, 'eps_growth_yoy': 16.45, 'eps_next_year': 10.4, 'operating_margin': 13.73}",,Finviz via finvizfinance screener views,2026-08-25T23:30:26+02:00,2026-07-29,,27,NORMAL,
GEN,Gen Digital Inc,finviz_prefilter,revenue_growth;eps_next_year,,price_min;market_cap_min;avg_volume_min;revenue_growth;eps_growth;eps_next_year;operating_margin;earnings_window,False,"{'revenue_growth_yoy': 6.279999999999999, 'eps_growth_yoy': 64.79, 'eps_next_year': 12.82, 'operating_margin': 42.8}",,Finviz via finvizfinance screener views,2026-08-25T23:30:26+02:00,2026-08-06,,19,NORMAL,
GFS,GlobalFoundries Inc,finviz_prefilter,revenue_growth;eps_growth,,price_min;market_cap_min;avg_volume_min;revenue_growth;eps_growth;eps_next_year;operating_margin;earnings_window,False,"{'revenue_growth_yoy': 5.81, 'eps_growth_yoy': -27.05, 'eps_next_year': 30.46, 'operating_margin': 11.59}",,Finviz via finvizfinance screener views,2026-08-25T23:30:26+02:00,2026-08-05,,20,NORMAL,
GH,Guardant Health Inc,finviz_prefilter,eps_growth;operating_margin,,price_min;market_cap_min;avg_volume_min;revenue_growth;eps_growth;eps_next_year;operating_margin;earnings_window,False,"{'revenue_growth_yoy': 44.330000000000005, 'eps_growth_yoy': -12.34, 'eps_next_year': 39.43, 'operating_margin': -39.7}",,Finviz via finvizfinance screener views,2026-08-25T23:30:26+02:00,2026-07-30,,26,NORMAL,
GILD,Gilead Sciences Inc,finviz_prefilter,revenue_growth;eps_growth,,price_min;market_cap_min;avg_volume_min;revenue_growth;eps_growth;eps_next_year;operating_margin;earnings_window,False,"{'revenue_growth_yoy': 10.73, 'eps_growth_yoy': -6.4066, 'eps_next_year': 2217.45, 'operating_margin': 39.050000000000004}",,Finviz via finvizfinance screener views,2026-08-25T23:30:26+02:00,2026-08-04,,21,NORMAL,
GLBE,Global E Online Ltd,finviz_prefilter,eps_growth,,price_min;market_cap_min;avg_volume_min;revenue_growth;eps_growth;eps_next_year;operating_margin;earnings_window,False,"{'revenue_growth_yoy': 39.15, 'eps_growth_yoy': 3.4094, 'eps_next_year': 35.02, 'operating_margin': 14.280000000000001}",,Finviz via finvizfinance screener views,2026-08-25T23:30:26+02:00,2026-08-12,,13,PEAD_WINDOW,"{'failed_gate': 'eps_growth', 'actual_value': 3.4094, 'applicable_threshold': 30.0, 'distance_to_threshold': 26.5906, 'distance_to_threshold_pct': 88.63533333333334, 'formula': 'minimo: distance = threshold - actual; pct = distance / abs(threshold) * 100'}"
GLNG,Golar Lng,finviz_prefilter,eps_next_year,,price_min;market_cap_min;avg_volume_min;revenue_growth;eps_growth;eps_next_year;operating_margin;earnings_window,False,"{'revenue_growth_yoy': 72.42, 'eps_growth_yoy': 145.13, 'eps_next_year': -55.25, 'operating_margin': 45.51}",,Finviz via finvizfinance screener views,2026-08-25T23:30:26+02:00,2026-08-13,,12,PEAD_WINDOW,"{'failed_gate': 'eps_next_year', 'actual_value': -55.25, 'applicable_threshold': 15.0, 'distance_to_threshold': 70.25, 'distance_to_threshold_pct': 468.33333333333337, 'formula': 'minimo: distance = threshold - actual; pct = distance / abs(threshold) * 100'}"
GLPI,Gaming and Leisure Properties Inc,finviz_prefilter,revenue_growth;eps_next_year,,price_min;market_cap_min;avg_volume_min;revenue_growth;eps_growth;eps_next_year;operating_margin;earnings_window,False,"{'revenue_growth_yoy': 9.030000000000001, 'eps_growth_yoy': 46.54, 'eps_next_year': 3.27, 'operating_margin': 82.62}",,Finviz via finvizfinance screener views,2026-08-25T23:30:26+02:00,2026-07-30,,26,NORMAL,
GLXY,Galaxy Digital Inc,finviz_prefilter,revenue_growth;eps_growth,,price_min;market_cap_min;avg_volume_min;revenue_growth;eps_growth;eps_next_year;operating_margin;earnings_window,False,"{'revenue_growth_yoy': -73.19, 'eps_growth_yoy': -1.9171, 'eps_next_year': 74.51, 'operating_margin': 29.720000000000002}",,Finviz via finvizfinance screener views,2026-08-25T23:30:26+02:00,2026-08-05,,20,NORMAL,
GNTX,Gentex Corp,finviz_prefilter,revenue_growth;eps_growth;eps_next_year,,price_min;market_cap_min;avg_volume_min;revenue_growth;eps_growth;eps_next_year;operating_margin;earnings_window,False,"{'revenue_growth_yoy': -1.0, 'eps_growth_yoy': 25.53, 'eps_next_year': 5.89, 'operating_margin': 19.55}",,Finviz via finvizfinance screener views,2026-08-25T23:30:26+02:00,2026-07-24,,32,NORMAL,
GOOG,Alphabet Inc,finviz_prefilter,eps_growth;eps_next_year,,price_min;market_cap_min;avg_volume_min;revenue_growth;eps_growth;eps_next_year;operating_margin;earnings_window,False,"{'revenue_growth_yoy': 23.98, 'eps_growth_yoy': 2.9402, 'eps_next_year': -26.69, 'operating_margin': 33.96}",,Finviz via finvizfinance screener views,2026-08-25T23:30:26+02:00,2026-07-22,,34,NORMAL,
GOOGL,Alphabet Inc,finviz_prefilter,eps_growth;eps_next_year,,price_min;market_cap_min;avg_volume_min;revenue_growth;eps_growth;eps_next_year;operating_margin;earnings_window,False,"{'revenue_growth_yoy': 23.98, 'eps_growth_yoy': 2.9402, 'eps_next_year': -26.64, 'operating_margin': 33.96}",,Finviz via finvizfinance screener views,2026-08-25T23:30:26+02:00,2026-07-22,,34,NORMAL,
GSAT,Globalstar Inc,finviz_prefilter,revenue_growth;eps_growth;operating_margin,,price_min;market_cap_min;avg_volume_min;revenue_growth;eps_growth;eps_next_year;operating_margin;earnings_window,False,"{'revenue_growth_yoy': -3.54, 'eps_growth_yoy': -2.7438, 'eps_next_year': 83.29, 'operating_margin': 4.79}",,Finviz via finvizfinance screener views,2026-08-25T23:30:26+02:00,2026-08-06,,19,NORMAL,
GTLB,Gitlab Inc,finviz_prefilter,operating_margin;earnings_window,,price_min;market_cap_min;avg_volume_min;revenue_growth;eps_growth;eps_next_year;operating_margin;earnings_window,False,"{'revenue_growth_yoy': 23.150000000000002, 'eps_growth_yoy': 86.57000000000001, 'eps_next_year': 25.2, 'operating_margin': -4.4799999999999995}",,Finviz via finvizfinance screener views,2026-08-25T23:30:26+02:00,2026-09-01,7,,PRE_EARNINGS_BLACKOUT,
GTX,Garrett Motion Inc,finviz_prefilter,revenue_growth;eps_growth;eps_next_year,,price_min;market_cap_min;avg_volume_min;revenue_growth;eps_growth;eps_next_year;operating_margin;earnings_window,False,"{'revenue_growth_yoy': 6.9, 'eps_growth_yoy': 25.009999999999998, 'eps_next_year': 13.54, 'operating_margin': 14.81}",,Finviz via finvizfinance screener views,2026-08-25T23:30:26+02:00,2026-07-29,,27,NORMAL,
HAS,Hasbro Inc,finviz_prefilter,revenue_growth;eps_next_year,,price_min;market_cap_min;avg_volume_min;revenue_growth;eps_growth;eps_next_year;operating_margin;earnings_window,False,"{'revenue_growth_yoy': 16.189999999999998, 'eps_growth_yoy': 118.42999999999999, 'eps_next_year': 5.86, 'operating_margin': 28.13}",,Finviz via finvizfinance screener views,2026-08-25T23:30:26+02:00,2026-07-21,,35,NORMAL,
HBAN,Huntington Bancshares Inc,finviz_prefilter,eps_growth,,price_min;market_cap_min;avg_volume_min;revenue_growth;eps_growth;eps_next_year;operating_margin;earnings_window,False,"{'revenue_growth_yoy': 38.019999999999996, 'eps_growth_yoy': -2.56, 'eps_next_year': 35.57, 'operating_margin': 20.51}",,Finviz via finvizfinance screener views,2026-08-25T23:30:26+02:00,2026-07-23,,33,NORMAL,"{'failed_gate': 'eps_growth', 'actual_value': -2.56, 'applicable_threshold': 30.0, 'distance_to_threshold': 32.56, 'distance_to_threshold_pct': 108.53333333333335, 'formula': 'minimo: distance = threshold - actual; pct = distance / abs(threshold) * 100'}"
HLNE,Hamilton Lane Inc,finviz_prefilter,eps_next_year,,price_min;market_cap_min;avg_volume_min;revenue_growth;eps_growth;eps_next_year;operating_margin;earnings_window,False,"{'revenue_growth_yoy': 56.48, 'eps_growth_yoy': 50.480000000000004, 'eps_next_year': 2.87, 'operating_margin': 54.620000000000005}",,Finviz via finvizfinance screener views,2026-08-25T23:30:26+02:00,2026-08-04,,21,NORMAL,"{'failed_gate': 'eps_next_year', 'actual_value': 2.87, 'applicable_threshold': 15.0, 'distance_to_threshold': 12.129999999999999, 'distance_to_threshold_pct': 80.86666666666666, 'formula': 'minimo: distance = threshold - actual; pct = distance / abs(threshold) * 100'}"
HON,Honeywell International Inc,finviz_prefilter,revenue_growth;eps_growth,,price_min;market_cap_min;avg_volume_min;revenue_growth;eps_growth;eps_next_year;operating_margin;earnings_window,False,"{'revenue_growth_yoy': -6.12, 'eps_growth_yoy': 2.6401, 'eps_next_year': 20.21, 'operating_margin': 19.17}",,Finviz via finvizfinance screener views,2026-08-25T23:30:26+02:00,2026-07-23,,33,NORMAL,
HQY,Healthequity Inc,finviz_prefilter,revenue_growth;earnings_window,,price_min;market_cap_min;avg_volume_min;revenue_growth;eps_growth;eps_next_year;operating_margin;earnings_window,False,"{'revenue_growth_yoy': 7.13, 'eps_growth_yoy': 33.910000000000004, 'eps_next_year': 15.42, 'operating_margin': 25.95}",,Finviz via finvizfinance screener views,2026-08-25T23:30:26+02:00,2026-08-27,2,,PRE_EARNINGS_BLACKOUT,
HRMY,Harmony Biosciences Holdings Inc,finviz_prefilter,eps_next_year,,price_min;market_cap_min;avg_volume_min;revenue_growth;eps_growth;eps_next_year;operating_margin;earnings_window,False,"{'revenue_growth_yoy': 30.320000000000004, 'eps_growth_yoy': 88.57000000000001, 'eps_next_year': 8.56, 'operating_margin': 24.03}",,Finviz via finvizfinance screener views,2026-08-25T23:30:26+02:00,2026-08-04,,21,NORMAL,"{'failed_gate': 'eps_next_year', 'actual_value': 8.56, 'applicable_threshold': 15.0, 'distance_to_threshold': 6.4399999999999995, 'distance_to_threshold_pct': 42.93333333333333, 'formula': 'minimo: distance = threshold - actual; pct = distance / abs(threshold) * 100'}"
HSIC,Henry Schein Inc,finviz_prefilter,revenue_growth;eps_growth;eps_next_year;operating_margin,,price_min;market_cap_min;avg_volume_min;revenue_growth;eps_growth;eps_next_year;operating_margin;earnings_window,False,"{'revenue_growth_yoy': 6.7299999999999995, 'eps_growth_yoy': 17.18, 'eps_next_year': 11.63, 'operating_margin': 5.9799999999999995}",,Finviz via finvizfinance screener views,2026-08-25T23:30:26+02:00,2026-08-04,,21,NORMAL,
HST,Host Hotels & Resorts Inc,finviz_prefilter,revenue_growth;eps_growth;eps_next_year,,price_min;market_cap_min;avg_volume_min;revenue_growth;eps_growth;eps_next_year;operating_margin;earnings_window,False,"{'revenue_growth_yoy': 3.4000000000000004, 'eps_growth_yoy': 8.32, 'eps_next_year': -22.87, 'operating_margin': 14.360000000000001}",,Finviz via finvizfinance screener views,2026-08-25T23:30:26+02:00,2026-08-05,,20,NORMAL,
HTFL,Heartflow Inc,finviz_prefilter,eps_growth;operating_margin,,price_min;market_cap_min;avg_volume_min;revenue_growth;eps_growth;eps_next_year;operating_margin;earnings_window,False,"{'revenue_growth_yoy': 47.57, 'eps_growth_yoy': -65.19, 'eps_next_year': 36.64, 'operating_margin': -34.31}",,Finviz via finvizfinance screener views,2026-08-25T23:30:26+02:00,2026-08-13,,12,PEAD_WINDOW,
HUBG,Hub Group Inc,finviz_prefilter,revenue_growth;eps_growth;operating_margin,,price_min;market_cap_min;avg_volume_min;revenue_growth;eps_growth;eps_next_year;operating_margin;earnings_window,False,"{'revenue_growth_yoy': -5.3100000000000005, 'eps_growth_yoy': 22.21, 'eps_next_year': 41.79, 'operating_margin': 3.81}",,Finviz via finvizfinance screener views,2026-08-25T23:30:26+02:00,2026-04-23,,124,NORMAL,
HUT,Hut 8 Corp,finviz_prefilter,eps_growth;operating_margin,,price_min;market_cap_min;avg_volume_min;revenue_growth;eps_growth;eps_next_year;operating_margin;earnings_window,False,"{'revenue_growth_yoy': 81.44, 'eps_growth_yoy': -2.0787, 'eps_next_year': 23.97, 'operating_margin': -54.09}",,Finviz via finvizfinance screener views,2026-08-25T23:30:26+02:00,2026-08-04,,21,NORMAL,
HWC,Hancock Whitney Corp,finviz_prefilter,revenue_growth;eps_growth;eps_next_year,,price_min;market_cap_min;avg_volume_min;revenue_growth;eps_growth;eps_next_year;operating_margin;earnings_window,False,"{'revenue_growth_yoy': 4.44, 'eps_growth_yoy': 18.14, 'eps_next_year': 12.39, 'operating_margin': 27.36}",,Finviz via finvizfinance screener views,2026-08-25T23:30:26+02:00,2026-07-21,,35,NORMAL,
ICHR,Ichor Holdings Ltd,finviz_prefilter,operating_margin,,price_min;market_cap_min;avg_volume_min;revenue_growth;eps_growth;eps_next_year;operating_margin;earnings_window,False,"{'revenue_growth_yoy': 22.68, 'eps_growth_yoy': 109.99000000000001, 'eps_next_year': 108.2, 'operating_margin': 1.06}",,Finviz via finvizfinance screener views,2026-08-25T23:30:26+02:00,2026-08-03,,22,NORMAL,"{'failed_gate': 'operating_margin', 'actual_value': 1.06, 'applicable_threshold': 8.0, 'distance_to_threshold': 6.9399999999999995, 'distance_to_threshold_pct': 86.75, 'formula': 'minimo: distance = threshold - actual; pct = distance / abs(threshold) * 100'}"
ICLR,Icon Plc,finviz_prefilter,revenue_growth;eps_growth;eps_next_year,,price_min;market_cap_min;avg_volume_min;revenue_growth;eps_growth;eps_next_year;operating_margin;earnings_window,False,"{'revenue_growth_yoy': 1.2, 'eps_growth_yoy': -63.33, 'eps_next_year': 12.66, 'operating_margin': 10.14}",,Finviz via finvizfinance screener views,2026-08-25T23:30:26+02:00,2026-07-29,,27,NORMAL,
IDYA,Ideaya Biosciences Inc,finviz_prefilter,eps_next_year;operating_margin,revenue_growth;eps_growth,price_min;market_cap_min;avg_volume_min;eps_next_year;operating_margin;earnings_window,False,"{'revenue_growth_yoy': None, 'eps_growth_yoy': -39.46, 'eps_next_year': 10.0, 'operating_margin': -92.66}",,Finviz via finvizfinance screener views,2026-08-25T23:30:26+02:00,2026-08-04,,21,NORMAL,
ILMN,Illumina Inc,finviz_prefilter,revenue_growth;eps_growth;eps_next_year,,price_min;market_cap_min;avg_volume_min;revenue_growth;eps_growth;eps_next_year;operating_margin;earnings_window,False,"{'revenue_growth_yoy': 9.84, 'eps_growth_yoy': -9.610000000000001, 'eps_next_year': 13.53, 'operating_margin': 19.869999999999997}",,Finviz via finvizfinance screener views,2026-08-25T23:30:26+02:00,2026-07-30,,26,NORMAL,
IMNM,Immunome Inc,finviz_prefilter,revenue_growth;eps_growth;eps_next_year,operating_margin,price_min;market_cap_min;avg_volume_min;revenue_growth;eps_growth;eps_next_year;earnings_window,False,"{'revenue_growth_yoy': -100.0, 'eps_growth_yoy': -29.43, 'eps_next_year': -6.21, 'operating_margin': None}",,Finviz via finvizfinance screener views,2026-08-25T23:30:26+02:00,2026-08-11,,14,PEAD_WINDOW,
INDV,Indivior Pharmaceuticals Inc,finviz_prefilter,revenue_growth;eps_growth;eps_next_year,,price_min;market_cap_min;avg_volume_min;revenue_growth;eps_growth;eps_next_year;operating_margin;earnings_window,False,"{'revenue_growth_yoy': 13.58, 'eps_growth_yoy': 5.8852, 'eps_next_year': 9.44, 'operating_margin': 39.94}",,Finviz via finvizfinance screener views,2026-08-25T23:30:26+02:00,2026-08-03,,22,NORMAL,
INSM,Insmed Inc,finviz_prefilter,revenue_growth;operating_margin,,price_min;market_cap_min;avg_volume_min;revenue_growth;eps_growth;eps_next_year;operating_margin;earnings_window,False,"{'revenue_growth_yoy': 2.9611, 'eps_growth_yoy': 96.41999999999999, 'eps_next_year': 160.09, 'operating_margin': -71.43}",,Finviz via finvizfinance screener views,2026-08-25T23:30:26+02:00,2026-08-06,,19,NORMAL,
INTA,Intapp Inc,finviz_prefilter,revenue_growth;eps_growth;operating_margin,,price_min;market_cap_min;avg_volume_min;revenue_growth;eps_growth;eps_next_year;operating_margin;earnings_window,False,"{'revenue_growth_yoy': 12.950000000000001, 'eps_growth_yoy': -10.0923, 'eps_next_year': 22.3, 'operating_margin': -6.0600000000000005}",,Finviz via finvizfinance screener views,2026-08-25T23:30:26+02:00,2026-08-04,,21,NORMAL,
INTC,Intel Corp,finviz_prefilter,eps_growth,,price_min;market_cap_min;avg_volume_min;revenue_growth;eps_growth;eps_next_year;operating_margin;earnings_window,False,"{'revenue_growth_yoy': 25.419999999999998, 'eps_growth_yoy': -2.2364, 'eps_next_year': 38.13, 'operating_margin': 8.03}",,Finviz via finvizfinance screener views,2026-08-25T23:30:26+02:00,2026-07-23,,33,NORMAL,"{'failed_gate': 'eps_growth', 'actual_value': -2.2364, 'applicable_threshold': 30.0, 'distance_to_threshold': 32.2364, 'distance_to_threshold_pct': 107.45466666666668, 'formula': 'minimo: distance = threshold - actual; pct = distance / abs(threshold) * 100'}"
INTU,Intuit Inc,finviz_prefilter,revenue_growth;eps_growth;eps_next_year;earnings_window,,price_min;market_cap_min;avg_volume_min;revenue_growth;eps_growth;eps_next_year;operating_margin;earnings_window,False,"{'revenue_growth_yoy': 10.37, 'eps_growth_yoy': 11.01, 'eps_next_year': 14.74, 'operating_margin': 27.47}",,Finviz via finvizfinance screener views,2026-08-25T23:30:26+02:00,2026-08-25,0,,PRE_EARNINGS_BLACKOUT,
IONS,Ionis Pharmaceuticals Inc,finviz_prefilter,revenue_growth;eps_growth;operating_margin,,price_min;market_cap_min;avg_volume_min;revenue_growth;eps_growth;eps_next_year;operating_margin;earnings_window,False,"{'revenue_growth_yoy': -40.73, 'eps_growth_yoy': -2.0229, 'eps_next_year': 47.16, 'operating_margin': -68.08999999999999}",,Finviz via finvizfinance screener views,2026-08-25T23:30:26+02:00,2026-07-29,,27,NORMAL,
IRDM,Iridium Communications Inc,finviz_prefilter,revenue_growth;eps_growth,,price_min;market_cap_min;avg_volume_min;revenue_growth;eps_growth;eps_next_year;operating_margin;earnings_window,False,"{'revenue_growth_yoy': 3.84, 'eps_growth_yoy': -56.08, 'eps_next_year': 41.72, 'operating_margin': 23.76}",,Finviz via finvizfinance screener views,2026-08-25T23:30:26+02:00,2026-07-22,,34,NORMAL,
IREN,IREN Ltd,finviz_prefilter,revenue_growth;eps_growth;operating_margin;earnings_window,,price_min;market_cap_min;avg_volume_min;revenue_growth;eps_growth;eps_next_year;operating_margin;earnings_window,False,"{'revenue_growth_yoy': 2.3, 'eps_growth_yoy': -8.0255, 'eps_next_year': 34.31, 'operating_margin': -29.82}",,Finviz via finvizfinance screener views,2026-08-25T23:30:26+02:00,2026-08-27,2,,PRE_EARNINGS_BLACKOUT,
ISRG,Intuitive Surgical Inc,finviz_prefilter,revenue_growth;eps_growth;eps_next_year,,price_min;market_cap_min;avg_volume_min;revenue_growth;eps_growth;eps_next_year;operating_margin;earnings_window,False,"{'revenue_growth_yoy': 18.54, 'eps_growth_yoy': 26.619999999999997, 'eps_next_year': 11.87, 'operating_margin': 31.28}",,Finviz via finvizfinance screener views,2026-08-25T23:30:26+02:00,2026-07-16,,40,NORMAL,
ITRI,Itron Inc,finviz_prefilter,revenue_growth;eps_growth;eps_next_year,,price_min;market_cap_min;avg_volume_min;revenue_growth;eps_growth;eps_next_year;operating_margin;earnings_window,False,"{'revenue_growth_yoy': -7.23, 'eps_growth_yoy': -18.95, 'eps_next_year': 8.03, 'operating_margin': 13.87}",,Finviz via finvizfinance screener views,2026-08-25T23:30:26+02:00,2026-07-28,,28,NORMAL,
JAZZ,Jazz Pharmaceuticals plc,finviz_prefilter,revenue_growth;eps_next_year,,price_min;market_cap_min;avg_volume_min;revenue_growth;eps_growth;eps_next_year;operating_margin;earnings_window,False,"{'revenue_growth_yoy': 15.55, 'eps_growth_yoy': 123.66, 'eps_next_year': 3.38, 'operating_margin': 20.76}",,Finviz via finvizfinance screener views,2026-08-25T23:30:26+02:00,2026-08-03,,22,NORMAL,
JBHT,J.B. Hunt Transport Services Inc,finviz_prefilter,revenue_growth;operating_margin,,price_min;market_cap_min;avg_volume_min;revenue_growth;eps_growth;eps_next_year;operating_margin;earnings_window,False,"{'revenue_growth_yoy': 19.37, 'eps_growth_yoy': 45.25, 'eps_next_year': 29.59, 'operating_margin': 7.59}",,Finviz via finvizfinance screener views,2026-08-25T23:30:26+02:00,2026-07-15,,41,NORMAL,
JKHY,Jack Henry & Associates Inc,finviz_prefilter,revenue_growth;eps_growth;eps_next_year,,price_min;market_cap_min;avg_volume_min;revenue_growth;eps_growth;eps_next_year;operating_margin;earnings_window,False,"{'revenue_growth_yoy': 2.88, 'eps_growth_yoy': -10.209999999999999, 'eps_next_year': 9.08, 'operating_margin': 24.91}",,Finviz via finvizfinance screener views,2026-08-25T23:30:26+02:00,2026-08-18,,7,PEAD_WINDOW,
KDP,Keurig Dr Pepper Inc,finviz_prefilter,eps_growth;eps_next_year,,price_min;market_cap_min;avg_volume_min;revenue_growth;eps_growth;eps_next_year;operating_margin;earnings_window,False,"{'revenue_growth_yoy': 75.57000000000001, 'eps_growth_yoy': -89.03999999999999, 'eps_next_year': 10.48, 'operating_margin': 16.950000000000003}",,Finviz via finvizfinance screener views,2026-08-25T23:30:26+02:00,2026-08-06,,19,NORMAL,
KHC,Kraft Heinz Co,finviz_prefilter,revenue_growth,,price_min;market_cap_min;avg_volume_min;revenue_growth;eps_growth;eps_next_year;operating_margin;earnings_window,False,"{'revenue_growth_yoy': -1.4200000000000002, 'eps_growth_yoy': 30.270000000000003, 'eps_next_year': 82.0, 'operating_margin': 17.119999999999997}",,Finviz via finvizfinance screener views,2026-08-25T23:30:26+02:00,2026-08-05,,20,NORMAL,"{'failed_gate': 'revenue_growth', 'actual_value': -1.4200000000000002, 'applicable_threshold': 20.0, 'distance_to_threshold': 21.42, 'distance_to_threshold_pct': 107.10000000000002, 'formula': 'minimo: distance = threshold - actual; pct = distance / abs(threshold) * 100'}"
KLAC,KLA Corp,finviz_prefilter,revenue_growth;eps_growth,,price_min;market_cap_min;avg_volume_min;revenue_growth;eps_growth;eps_next_year;operating_margin;earnings_window,False,"{'revenue_growth_yoy': 15.18, 'eps_growth_yoy': 14.39, 'eps_next_year': 21.46, 'operating_margin': 41.68}",,Finviz via finvizfinance screener views,2026-08-25T23:30:26+02:00,2026-07-28,,28,NORMAL,
KLIC,Kulicke & Soffa Industries Inc,finviz_prefilter,eps_growth,,price_min;market_cap_min;avg_volume_min;revenue_growth;eps_growth;eps_next_year;operating_margin;earnings_window,False,"{'revenue_growth_yoy': 122.63, 'eps_growth_yoy': 18.2212, 'eps_next_year': 52.8, 'operating_margin': 13.059999999999999}",,Finviz via finvizfinance screener views,2026-08-25T23:30:26+02:00,2026-08-05,,20,NORMAL,"{'failed_gate': 'eps_growth', 'actual_value': 18.2212, 'applicable_threshold': 20.0, 'distance_to_threshold': 1.7788000000000004, 'distance_to_threshold_pct': 8.894000000000002, 'formula': 'minimo: distance = threshold - actual; pct = distance / abs(threshold) * 100'}"
KMB,Kimberly-Clark Corp,finviz_prefilter,revenue_growth;eps_growth;eps_next_year,,price_min;market_cap_min;avg_volume_min;revenue_growth;eps_growth;eps_next_year;operating_margin;earnings_window,False,"{'revenue_growth_yoy': 0.62, 'eps_growth_yoy': -32.22, 'eps_next_year': 13.0, 'operating_margin': 14.24}",,Finviz via finvizfinance screener views,2026-08-25T23:30:26+02:00,2026-08-04,,21,NORMAL,
KTOS,Kratos Defense & Security Solutions Inc,finviz_prefilter,eps_growth;operating_margin,,price_min;market_cap_min;avg_volume_min;revenue_growth;eps_growth;eps_next_year;operating_margin;earnings_window,False,"{'revenue_growth_yoy': 30.53, 'eps_growth_yoy': 26.090000000000003, 'eps_next_year': 34.4, 'operating_margin': 1.6}",,Finviz via finvizfinance screener views,2026-08-25T23:30:26+02:00,2026-08-04,,21,NORMAL,
KYMR,Kymera Therapeutics Inc,finviz_prefilter,revenue_growth;eps_next_year;operating_margin,,price_min;market_cap_min;avg_volume_min;revenue_growth;eps_growth;eps_next_year;operating_margin;earnings_window,False,"{'revenue_growth_yoy': 4.664, 'eps_growth_yoy': 34.53, 'eps_next_year': -30.69, 'operating_margin': -3.2983}",,Finviz via finvizfinance screener views,2026-08-25T23:30:26+02:00,2026-08-05,,20,NORMAL,
LASR,nLIGHT Inc,finviz_prefilter,operating_margin,,price_min;market_cap_min;avg_volume_min;revenue_growth;eps_growth;eps_next_year;operating_margin;earnings_window,False,"{'revenue_growth_yoy': 33.78, 'eps_growth_yoy': 67.54, 'eps_next_year': 27.13, 'operating_margin': -4.62}",,Finviz via finvizfinance screener views,2026-08-25T23:30:26+02:00,2026-08-06,,19,NORMAL,"{'failed_gate': 'operating_margin', 'actual_value': -4.62, 'applicable_threshold': 8.0, 'distance_to_threshold': 12.620000000000001, 'distance_to_threshold_pct': 157.75, 'formula': 'minimo: distance = threshold - actual; pct = distance / abs(threshold) * 100'}"
LAUR,Laureate Education Inc,finviz_prefilter,revenue_growth;eps_next_year,,price_min;market_cap_min;avg_volume_min;revenue_growth;eps_growth;eps_next_year;operating_margin;earnings_window,False,"{'revenue_growth_yoy': 17.5, 'eps_growth_yoy': 51.23, 'eps_next_year': 14.88, 'operating_margin': 24.42}",,Finviz via finvizfinance screener views,2026-08-25T23:30:26+02:00,2026-07-30,,26,NORMAL,
LBRDK,Liberty Broadband Corp,finviz_prefilter,revenue_growth;eps_growth,operating_margin,price_min;market_cap_min;avg_volume_min;revenue_growth;eps_growth;eps_next_year;earnings_window,False,"{'revenue_growth_yoy': -100.0, 'eps_growth_yoy': -6.5483, 'eps_next_year': None, 'operating_margin': None}",,Finviz via finvizfinance screener views,2026-08-25T23:30:26+02:00,2026-08-06,,19,NORMAL,
LGN,Legence Corp,finviz_prefilter,eps_growth;operating_margin,,price_min;market_cap_min;avg_volume_min;revenue_growth;eps_growth;eps_next_year;operating_margin;earnings_window,False,"{'revenue_growth_yoy': 110.74, 'eps_growth_yoy': -3.0644, 'eps_next_year': 112.32, 'operating_margin': 3.04}",,Finviz via finvizfinance screener views,2026-08-25T23:30:26+02:00,2026-08-13,,12,PEAD_WINDOW,
LIF,Life360 Inc,finviz_prefilter,eps_growth;operating_margin,,price_min;market_cap_min;avg_volume_min;revenue_growth;eps_growth;eps_next_year;operating_margin;earnings_window,False,"{'revenue_growth_yoy': 37.769999999999996, 'eps_growth_yoy': -28.71, 'eps_next_year': 45.24, 'operating_margin': 1.1400000000000001}",,Finviz via finvizfinance screener views,2026-08-25T23:30:26+02:00,2026-08-10,,15,PEAD_WINDOW,
LIFE,Ethos Technologies Inc,finviz_prefilter,eps_growth;operating_margin,,price_min;market_cap_min;avg_volume_min;revenue_growth;eps_growth;eps_next_year;operating_margin;earnings_window,False,"{'revenue_growth_yoy': 113.35, 'eps_growth_yoy': 4.25, 'eps_next_year': 145.66, 'operating_margin': -17.669999999999998}",,Finviz via finvizfinance screener views,2026-08-25T23:30:26+02:00,2026-08-03,,22,NORMAL,
LIN,Linde Plc,finviz_prefilter,revenue_growth;eps_growth;eps_next_year,,price_min;market_cap_min;avg_volume_min;revenue_growth;eps_growth;eps_next_year;operating_margin;earnings_window,False,"{'revenue_growth_yoy': 9.35, 'eps_growth_yoy': 11.3, 'eps_next_year': 9.56, 'operating_margin': 27.1}",,Finviz via finvizfinance screener views,2026-08-25T23:30:26+02:00,2026-07-31,,25,NORMAL,
LIND,Lindblad Expeditions Holdings Inc,finviz_prefilter,revenue_growth;operating_margin,,price_min;market_cap_min;avg_volume_min;revenue_growth;eps_growth;eps_next_year;operating_margin;earnings_window,False,"{'revenue_growth_yoy': 18.64, 'eps_growth_yoy': 87.94999999999999, 'eps_next_year': 176.35, 'operating_margin': 6.99}",,Finviz via finvizfinance screener views,2026-08-25T23:30:26+02:00,2026-08-03,,22,NORMAL,
LINE,Lineage Inc,finviz_prefilter,revenue_growth;eps_growth;operating_margin,,price_min;market_cap_min;avg_volume_min;revenue_growth;eps_growth;eps_next_year;operating_margin;earnings_window,False,"{'revenue_growth_yoy': 0.8099999999999999, 'eps_growth_yoy': -3.855, 'eps_next_year': 24.63, 'operating_margin': 4.32}",,Finviz via finvizfinance screener views,2026-08-25T23:30:26+02:00,2026-08-05,,20,NORMAL,
LITE,Lumentum Holdings Inc,finviz_prefilter,eps_growth,,price_min;market_cap_min;avg_volume_min;revenue_growth;eps_growth;eps_next_year;operating_margin;earnings_window,False,"{'revenue_growth_yoy': 109.33999999999999, 'eps_growth_yoy': -29.5751, 'eps_next_year': 55.33, 'operating_margin': 17.89}",,Finviz via finvizfinance screener views,2026-08-25T23:30:26+02:00,2026-08-11,,14,PEAD_WINDOW,"{'failed_gate': 'eps_growth', 'actual_value': -29.5751, 'applicable_threshold': 20.0, 'distance_to_threshold': 49.5751, 'distance_to_threshold_pct': 247.87550000000002, 'formula': 'minimo: distance = threshold - actual; pct = distance / abs(threshold) * 100'}"
LKQ,LKQ Corp,finviz_prefilter,revenue_growth;eps_growth;operating_margin,,price_min;market_cap_min;avg_volume_min;revenue_growth;eps_growth;eps_next_year;operating_margin;earnings_window,False,"{'revenue_growth_yoy': -6.43, 'eps_growth_yoy': -27.63, 'eps_next_year': 15.2, 'operating_margin': 7.24}",,Finviz via finvizfinance screener views,2026-08-25T23:30:26+02:00,2026-07-30,,26,NORMAL,
LNT,Alliant Energy Corp,finviz_prefilter,revenue_growth;eps_growth;eps_next_year,,price_min;market_cap_min;avg_volume_min;revenue_growth;eps_growth;eps_next_year;operating_margin;earnings_window,False,"{'revenue_growth_yoy': 1.04, 'eps_growth_yoy': -3.64, 'eps_next_year': 7.49, 'operating_margin': 22.1}",,Finviz via finvizfinance screener views,2026-08-25T23:30:26+02:00,2026-07-30,,26,NORMAL,
LNTH,Lantheus Holdings Inc,finviz_prefilter,revenue_growth;eps_growth,,price_min;market_cap_min;avg_volume_min;revenue_growth;eps_growth;eps_next_year;operating_margin;earnings_window,False,"{'revenue_growth_yoy': 2.68, 'eps_growth_yoy': -0.79, 'eps_next_year': 18.12, 'operating_margin': 19.45}",,Finviz via finvizfinance screener views,2026-08-25T23:30:26+02:00,2026-08-06,,19,NORMAL,
LOGI,Logitech International SA,finviz_prefilter,revenue_growth;eps_next_year,,price_min;market_cap_min;avg_volume_min;revenue_growth;eps_growth;eps_next_year;operating_margin;earnings_window,False,"{'revenue_growth_yoy': 6.93, 'eps_growth_yoy': 65.89, 'eps_next_year': 7.7, 'operating_margin': 18.14}",,Finviz via finvizfinance screener views,2026-08-25T23:30:26+02:00,2026-07-28,,28,NORMAL,
LQDA,Liquidia Corp,finviz_prefilter,revenue_growth;eps_growth,,price_min;market_cap_min;avg_volume_min;revenue_growth;eps_growth;eps_next_year;operating_margin;earnings_window,False,"{'revenue_growth_yoy': 18.4273, 'eps_growth_yoy': 2.5169, 'eps_next_year': 81.46, 'operating_margin': 37.39}",,Finviz via finvizfinance screener views,2026-08-25T23:30:26+02:00,2026-08-12,,13,PEAD_WINDOW,
LSCC,Lattice Semiconductor Corp,finviz_prefilter,eps_growth,,price_min;market_cap_min;avg_volume_min;revenue_growth;eps_growth;eps_next_year;operating_margin;earnings_window,False,"{'revenue_growth_yoy': 62.2, 'eps_growth_yoy': 5.5094, 'eps_next_year': 50.72, 'operating_margin': 8.469999999999999}",,Finviz via finvizfinance screener views,2026-08-25T23:30:26+02:00,2026-08-04,,21,NORMAL,"{'failed_gate': 'eps_growth', 'actual_value': 5.5094, 'applicable_threshold': 20.0, 'distance_to_threshold': 14.4906, 'distance_to_threshold_pct': 72.453, 'formula': 'minimo: distance = threshold - actual; pct = distance / abs(threshold) * 100'}"
LULU,Lululemon Athletica Inc,finviz_prefilter,revenue_growth;eps_growth;eps_next_year,,price_min;market_cap_min;avg_volume_min;revenue_growth;eps_growth;eps_next_year;operating_margin;earnings_window,False,"{'revenue_growth_yoy': 4.26, 'eps_growth_yoy': -35.120000000000005, 'eps_next_year': 3.27, 'operating_margin': 18.47}",,Finviz via finvizfinance screener views,2026-08-25T23:30:26+02:00,2026-09-03,9,,NORMAL,
LUNR,Intuitive Machines Inc,finviz_prefilter,revenue_growth;eps_growth;operating_margin,,price_min;market_cap_min;avg_volume_min;revenue_growth;eps_growth;eps_next_year;operating_margin;earnings_window,False,"{'revenue_growth_yoy': 3.0977, 'eps_growth_yoy': -33.239999999999995, 'eps_next_year': 69.21, 'operating_margin': -19.62}",,Finviz via finvizfinance screener views,2026-08-25T23:30:26+02:00,2026-08-13,,12,PEAD_WINDOW,
LYFT,Lyft Inc,finviz_prefilter,revenue_growth;operating_margin,,price_min;market_cap_min;avg_volume_min;revenue_growth;eps_growth;eps_next_year;operating_margin;earnings_window,False,"{'revenue_growth_yoy': 16.08, 'eps_growth_yoy': 36.620000000000005, 'eps_next_year': 79.03, 'operating_margin': -1.67}",,Finviz via finvizfinance screener views,2026-08-25T23:30:26+02:00,2026-08-06,,19,NORMAL,
MANH,Manhattan Associates Inc,finviz_prefilter,revenue_growth;eps_growth;eps_next_year,,price_min;market_cap_min;avg_volume_min;revenue_growth;eps_growth;eps_next_year;operating_margin;earnings_window,False,"{'revenue_growth_yoy': 9.31, 'eps_growth_yoy': -8.200000000000001, 'eps_next_year': 11.5, 'operating_margin': 25.06}",,Finviz via finvizfinance screener views,2026-08-25T23:30:26+02:00,2026-07-28,,28,NORMAL,
MAR,Marriott International Inc,finviz_prefilter,revenue_growth;eps_growth;eps_next_year,,price_min;market_cap_min;avg_volume_min;revenue_growth;eps_growth;eps_next_year;operating_margin;earnings_window,False,"{'revenue_growth_yoy': 4.8500000000000005, 'eps_growth_yoy': 4.26, 'eps_next_year': 11.97, 'operating_margin': 15.73}",,Finviz via finvizfinance screener views,2026-08-25T23:30:26+02:00,2026-08-03,,22,NORMAL,
MAT,Mattel Inc,finviz_prefilter,revenue_growth;eps_growth,,price_min;market_cap_min;avg_volume_min;revenue_growth;eps_growth;eps_next_year;operating_margin;earnings_window,False,"{'revenue_growth_yoy': 10.48, 'eps_growth_yoy': -138.44, 'eps_next_year': 21.29, 'operating_margin': 8.68}",,Finviz via finvizfinance screener views,2026-08-25T23:30:26+02:00,2026-08-04,,21,NORMAL,
MCHP,Microchip Technology Inc,finviz_prefilter,eps_growth,,price_min;market_cap_min;avg_volume_min;revenue_growth;eps_growth;eps_next_year;operating_margin;earnings_window,False,"{'revenue_growth_yoy': 38.05, 'eps_growth_yoy': 5.2663, 'eps_next_year': 25.62, 'operating_margin': 16.23}",,Finviz via finvizfinance screener views,2026-08-25T23:30:26+02:00,2026-08-06,,19,NORMAL,"{'failed_gate': 'eps_growth', 'actual_value': 5.2663, 'applicable_threshold': 30.0, 'distance_to_threshold': 24.7337, 'distance_to_threshold_pct': 82.44566666666667, 'formula': 'minimo: distance = threshold - actual; pct = distance / abs(threshold) * 100'}"
MDB,MongoDB Inc,finviz_prefilter,operating_margin;earnings_window,,price_min;market_cap_min;avg_volume_min;revenue_growth;eps_growth;eps_next_year;operating_margin;earnings_window,False,"{'revenue_growth_yoy': 25.25, 'eps_growth_yoy': 111.72, 'eps_next_year': 19.65, 'operating_margin': -4.18}",,Finviz via finvizfinance screener views,2026-08-25T23:30:26+02:00,2026-09-01,7,,PRE_EARNINGS_BLACKOUT,
MDLN,Medline Inc,finviz_prefilter,revenue_growth;eps_growth;eps_next_year;operating_margin,,price_min;market_cap_min;avg_volume_min;revenue_growth;eps_growth;eps_next_year;operating_margin;earnings_window,False,"{'revenue_growth_yoy': 11.600000000000001, 'eps_growth_yoy': -83.26, 'eps_next_year': 4.32, 'operating_margin': 6.5}",,Finviz via finvizfinance screener views,2026-08-25T23:30:26+02:00,2026-08-05,,20,NORMAL,
MDLZ,Mondelez International Inc,finviz_prefilter,revenue_growth;eps_next_year,,price_min;market_cap_min;avg_volume_min;revenue_growth;eps_growth;eps_next_year;operating_margin;earnings_window,False,"{'revenue_growth_yoy': 4.130000000000001, 'eps_growth_yoy': 143.73, 'eps_next_year': 10.28, 'operating_margin': 15.840000000000002}",,Finviz via finvizfinance screener views,2026-08-25T23:30:26+02:00,2026-07-28,,28,NORMAL,
MEOH,Methanex Corp,finviz_prefilter,eps_growth;eps_next_year,,price_min;market_cap_min;avg_volume_min;revenue_growth;eps_growth;eps_next_year;operating_margin;earnings_window,False,"{'revenue_growth_yoy': 75.17, 'eps_growth_yoy': 1.688, 'eps_next_year': -37.77, 'operating_margin': 17.37}",,Finviz via finvizfinance screener views,2026-08-25T23:30:26+02:00,2026-07-28,,28,NORMAL,
META,Meta Platforms Inc,finviz_prefilter,eps_growth;eps_next_year,,price_min;market_cap_min;avg_volume_min;revenue_growth;eps_growth;eps_next_year;operating_margin;earnings_window,False,"{'revenue_growth_yoy': 27.96, 'eps_growth_yoy': -13.44, 'eps_next_year': 6.89, 'operating_margin': 38.080000000000005}",,Finviz via finvizfinance screener views,2026-08-25T23:30:26+02:00,2026-07-29,,27,NORMAL,
MGNI,Magnite Inc,finviz_prefilter,revenue_growth,,price_min;market_cap_min;avg_volume_min;revenue_growth;eps_growth;eps_next_year;operating_margin;earnings_window,False,"{'revenue_growth_yoy': 11.24, 'eps_growth_yoy': 75.22999999999999, 'eps_next_year': 18.5, 'operating_margin': 15.65}",,Finviz via finvizfinance screener views,2026-08-25T23:30:26+02:00,2026-08-05,,20,NORMAL,"{'failed_gate': 'revenue_growth', 'actual_value': 11.24, 'applicable_threshold': 20.0, 'distance_to_threshold': 8.76, 'distance_to_threshold_pct': 43.8, 'formula': 'minimo: distance = threshold - actual; pct = distance / abs(threshold) * 100'}"
MIRM,Mirum Pharmaceuticals Inc,finviz_prefilter,eps_growth;operating_margin,,price_min;market_cap_min;avg_volume_min;revenue_growth;eps_growth;eps_next_year;operating_margin;earnings_window,False,"{'revenue_growth_yoy': 37.92, 'eps_growth_yoy': -7.9975, 'eps_next_year': 94.97, 'operating_margin': -14.760000000000002}",,Finviz via finvizfinance screener views,2026-08-25T23:30:26+02:00,2026-08-05,,20,NORMAL,
MKSI,MKS Inc,finviz_prefilter,eps_growth,,price_min;market_cap_min;avg_volume_min;revenue_growth;eps_growth;eps_next_year;operating_margin;earnings_window,False,"{'revenue_growth_yoy': 28.26, 'eps_growth_yoy': 1.6168, 'eps_next_year': 33.27, 'operating_margin': 16.72}",,Finviz via finvizfinance screener views,2026-08-25T23:30:26+02:00,2026-08-05,,20,NORMAL,"{'failed_gate': 'eps_growth', 'actual_value': 1.6168, 'applicable_threshold': 30.0, 'distance_to_threshold': 28.3832, 'distance_to_threshold_pct': 94.61066666666666, 'formula': 'minimo: distance = threshold - actual; pct = distance / abs(threshold) * 100'}"
MKTX,MarketAxess Holdings Inc,finviz_prefilter,revenue_growth;eps_growth;eps_next_year,,price_min;market_cap_min;avg_volume_min;revenue_growth;eps_growth;eps_next_year;operating_margin;earnings_window,False,"{'revenue_growth_yoy': -2.75, 'eps_growth_yoy': 1.31, 'eps_next_year': 9.03, 'operating_margin': 40.28}",,Finviz via finvizfinance screener views,2026-08-25T23:30:26+02:00,2026-07-30,,26,NORMAL,
MMED,MiniMed Group Inc,finviz_prefilter,eps_next_year;earnings_window,revenue_growth;eps_growth;operating_margin,price_min;market_cap_min;avg_volume_min;eps_next_year;earnings_window,False,"{'revenue_growth_yoy': None, 'eps_growth_yoy': None, 'eps_next_year': 4.77, 'operating_margin': None}",,Finviz via finvizfinance screener views,2026-08-25T23:30:26+02:00,2026-09-01,7,,PRE_EARNINGS_BLACKOUT,
MMSI,Merit Medical Systems Inc,finviz_prefilter,revenue_growth;eps_growth;eps_next_year,,price_min;market_cap_min;avg_volume_min;revenue_growth;eps_growth;eps_next_year;operating_margin;earnings_window,False,"{'revenue_growth_yoy': 9.83, 'eps_growth_yoy': 20.3, 'eps_next_year': 7.19, 'operating_margin': 12.690000000000001}",,Finviz via finvizfinance screener views,2026-08-25T23:30:26+02:00,2026-07-30,,26,NORMAL,
MMYT,MakeMyTrip Ltd,finviz_prefilter,revenue_growth;eps_growth,,price_min;market_cap_min;avg_volume_min;revenue_growth;eps_growth;eps_next_year;operating_margin;earnings_window,False,"{'revenue_growth_yoy': 6.22, 'eps_growth_yoy': -61.53999999999999, 'eps_next_year': 97.7, 'operating_margin': 14.95}",,Finviz via finvizfinance screener views,2026-08-25T23:30:26+02:00,2026-08-03,,22,NORMAL,
MNDY,Monday.Com Ltd,finviz_prefilter,eps_growth;operating_margin,,price_min;market_cap_min;avg_volume_min;revenue_growth;eps_growth;eps_next_year;operating_margin;earnings_window,False,"{'revenue_growth_yoy': 21.94, 'eps_growth_yoy': 1.6373, 'eps_next_year': 22.27, 'operating_margin': 2.9000000000000004}",,Finviz via finvizfinance screener views,2026-08-25T23:30:26+02:00,2026-08-10,,15,PEAD_WINDOW,
MNST,Monster Beverage Corp,finviz_prefilter,eps_growth;eps_next_year,,price_min;market_cap_min;avg_volume_min;revenue_growth;eps_growth;eps_next_year;operating_margin;earnings_window,False,"{'revenue_growth_yoy': 20.169999999999998, 'eps_growth_yoy': 19.040000000000003, 'eps_next_year': 12.89, 'operating_margin': 29.160000000000004}",,Finviz via finvizfinance screener views,2026-08-25T23:30:26+02:00,2026-08-06,,19,NORMAL,
MRCY,Mercury Systems Inc,finviz_prefilter,revenue_growth;eps_growth;operating_margin,,price_min;market_cap_min;avg_volume_min;revenue_growth;eps_growth;eps_next_year;operating_margin;earnings_window,False,"{'revenue_growth_yoy': 6.11, 'eps_growth_yoy': -95.27, 'eps_next_year': 33.66, 'operating_margin': 2.13}",,Finviz via finvizfinance screener views,2026-08-25T23:30:26+02:00,2026-08-18,,7,PEAD_WINDOW,
MRNA,Moderna Inc,finviz_prefilter,revenue_growth;eps_growth;operating_margin,,price_min;market_cap_min;avg_volume_min;revenue_growth;eps_growth;eps_next_year;operating_margin;earnings_window,False,"{'revenue_growth_yoy': 2.11, 'eps_growth_yoy': 7.6, 'eps_next_year': 41.78, 'operating_margin': -149.01}",,Finviz via finvizfinance screener views,2026-08-25T23:30:26+02:00,2026-07-31,,25,NORMAL,
MRVL,Marvell Technology Inc,finviz_prefilter,eps_growth;earnings_window,,price_min;market_cap_min;avg_volume_min;revenue_growth;eps_growth;eps_next_year;operating_margin;earnings_window,False,"{'revenue_growth_yoy': 27.57, 'eps_growth_yoy': -81.0, 'eps_next_year': 55.55, 'operating_margin': 16.41}",,Finviz via finvizfinance screener views,2026-08-25T23:30:26+02:00,2026-08-27,2,,PRE_EARNINGS_BLACKOUT,
MRX,Marex Group Ltd,finviz_prefilter,eps_next_year,,price_min;market_cap_min;avg_volume_min;revenue_growth;eps_growth;eps_next_year;operating_margin;earnings_window,False,"{'revenue_growth_yoy': 33.95, 'eps_growth_yoy': 105.96000000000001, 'eps_next_year': 11.99, 'operating_margin': 32.190000000000005}",,Finviz via finvizfinance screener views,2026-08-25T23:30:26+02:00,2026-08-12,,13,PEAD_WINDOW,"{'failed_gate': 'eps_next_year', 'actual_value': 11.99, 'applicable_threshold': 15.0, 'distance_to_threshold': 3.01, 'distance_to_threshold_pct': 20.066666666666666, 'formula': 'minimo: distance = threshold - actual; pct = distance / abs(threshold) * 100'}"
MSFT,Microsoft Corp,finviz_prefilter,revenue_growth,,price_min;market_cap_min;avg_volume_min;revenue_growth;eps_growth;eps_next_year;operating_margin;earnings_window,False,"{'revenue_growth_yoy': 17.75, 'eps_growth_yoy': 31.65, 'eps_next_year': 19.04, 'operating_margin': 46.78}",,Finviz via finvizfinance screener views,2026-08-25T23:30:26+02:00,2026-07-29,,27,NORMAL,"{'failed_gate': 'revenue_growth', 'actual_value': 17.75, 'applicable_threshold': 20.0, 'distance_to_threshold': 2.25, 'distance_to_threshold_pct': 11.25, 'formula': 'minimo: distance = threshold - actual; pct = distance / abs(threshold) * 100'}"
MSTR,Strategy Inc,finviz_prefilter,revenue_growth;eps_growth;operating_margin,,price_min;market_cap_min;avg_volume_min;revenue_growth;eps_growth;eps_next_year;operating_margin;earnings_window,False,"{'revenue_growth_yoy': 6.88, 'eps_growth_yoy': -1.7502, 'eps_next_year': 137.98, 'operating_margin': -8.129999999999999}",,Finviz via finvizfinance screener views,2026-08-25T23:30:26+02:00,2026-07-30,,26,NORMAL,
MTCH,Match Group Inc,finviz_prefilter,revenue_growth,,price_min;market_cap_min;avg_volume_min;revenue_growth;eps_growth;eps_next_year;operating_margin;earnings_window,False,"{'revenue_growth_yoy': -1.23, 'eps_growth_yoy': 43.47, 'eps_next_year': 16.0, 'operating_margin': 28.15}",,Finviz via finvizfinance screener views,2026-08-25T23:30:26+02:00,2026-08-04,,21,NORMAL,"{'failed_gate': 'revenue_growth', 'actual_value': -1.23, 'applicable_threshold': 20.0, 'distance_to_threshold': 21.23, 'distance_to_threshold_pct': 106.15, 'formula': 'minimo: distance = threshold - actual; pct = distance / abs(threshold) * 100'}"
MTSI,MACOM Technology Solutions Holdings Inc,finviz_prefilter,eps_growth,,price_min;market_cap_min;avg_volume_min;revenue_growth;eps_growth;eps_next_year;operating_margin;earnings_window,False,"{'revenue_growth_yoy': 35.77, 'eps_growth_yoy': 1.6669, 'eps_next_year': 53.79, 'operating_margin': 18.11}",,Finviz via finvizfinance screener views,2026-08-25T23:30:26+02:00,2026-08-06,,19,NORMAL,"{'failed_gate': 'eps_growth', 'actual_value': 1.6669, 'applicable_threshold': 30.0, 'distance_to_threshold': 28.3331, 'distance_to_threshold_pct': 94.44366666666667, 'formula': 'minimo: distance = threshold - actual; pct = distance / abs(threshold) * 100'}"
MU,Micron Technology Inc,finviz_prefilter,revenue_growth;eps_growth,,price_min;market_cap_min;avg_volume_min;revenue_growth;eps_growth;eps_next_year;operating_margin;earnings_window,False,"{'revenue_growth_yoy': 3.4572, 'eps_growth_yoy': 13.7209, 'eps_next_year': 112.19, 'operating_margin': 65.75}",,Finviz via finvizfinance screener views,2026-08-25T23:30:26+02:00,2026-06-24,,62,NORMAL,
MXL,MaxLinear Inc,finviz_prefilter,operating_margin,,price_min;market_cap_min;avg_volume_min;revenue_growth;eps_growth;eps_next_year;operating_margin;earnings_window,False,"{'revenue_growth_yoy': 55.169999999999995, 'eps_growth_yoy': 105.89999999999999, 'eps_next_year': 54.03, 'operating_margin': -11.600000000000001}",,Finviz via finvizfinance screener views,2026-08-25T23:30:26+02:00,2026-07-23,,33,NORMAL,"{'failed_gate': 'operating_margin', 'actual_value': -11.600000000000001, 'applicable_threshold': 8.0, 'distance_to_threshold': 19.6, 'distance_to_threshold_pct': 245.00000000000003, 'formula': 'minimo: distance = threshold - actual; pct = distance / abs(threshold) * 100'}"
NAMS,NewAmsterdam Pharma Company NV,finviz_prefilter,revenue_growth;eps_growth;operating_margin,,price_min;market_cap_min;avg_volume_min;revenue_growth;eps_growth;eps_next_year;operating_margin;earnings_window,False,"{'revenue_growth_yoy': -80.67, 'eps_growth_yoy': -2.5488, 'eps_next_year': 17.44, 'operating_margin': -34.322}",,Finviz via finvizfinance screener views,2026-08-25T23:30:26+02:00,2026-08-05,,20,NORMAL,
NAVN,Navan Inc,finviz_prefilter,operating_margin,,price_min;market_cap_min;avg_volume_min;revenue_growth;eps_growth;eps_next_year;operating_margin;earnings_window,False,"{'revenue_growth_yoy': 39.86, 'eps_growth_yoy': 66.82000000000001, 'eps_next_year': 51.81, 'operating_margin': -24.89}",,Finviz via finvizfinance screener views,2026-08-25T23:30:26+02:00,2026-06-10,,76,NORMAL,"{'failed_gate': 'operating_margin', 'actual_value': -24.89, 'applicable_threshold': 8.0, 'distance_to_threshold': 32.89, 'distance_to_threshold_pct': 411.125, 'formula': 'minimo: distance = threshold - actual; pct = distance / abs(threshold) * 100'}"
NBIS,Nebius Group NV,finviz_prefilter,revenue_growth;eps_growth;eps_next_year;operating_margin,,price_min;market_cap_min;avg_volume_min;revenue_growth;eps_growth;eps_next_year;operating_margin;earnings_window,False,"{'revenue_growth_yoy': 4.5404, 'eps_growth_yoy': -127.74000000000001, 'eps_next_year': -54.08, 'operating_margin': -49.34}",,Finviz via finvizfinance screener views,2026-08-25T23:30:26+02:00,2026-08-12,,13,PEAD_WINDOW,
NCNO,Ncino Inc,finviz_prefilter,revenue_growth;eps_growth;operating_margin;earnings_window,,price_min;market_cap_min;avg_volume_min;revenue_growth;eps_growth;eps_next_year;operating_margin;earnings_window,False,"{'revenue_growth_yoy': 10.6, 'eps_growth_yoy': 1.6122, 'eps_next_year': 17.26, 'operating_margin': 7.000000000000001}",,Finviz via finvizfinance screener views,2026-08-25T23:30:26+02:00,2026-08-25,0,,PRE_EARNINGS_BLACKOUT,
NDAQ,Nasdaq Inc,finviz_prefilter,eps_growth;eps_next_year,,price_min;market_cap_min;avg_volume_min;revenue_growth;eps_growth;eps_next_year;operating_margin;earnings_window,False,"{'revenue_growth_yoy': 21.15, 'eps_growth_yoy': 14.38, 'eps_next_year': 13.12, 'operating_margin': 30.78}",,Finviz via finvizfinance screener views,2026-08-25T23:30:26+02:00,2026-07-23,,33,NORMAL,
NEO,Neogenomics Inc,finviz_prefilter,revenue_growth;operating_margin,,price_min;market_cap_min;avg_volume_min;revenue_growth;eps_growth;eps_next_year;operating_margin;earnings_window,False,"{'revenue_growth_yoy': 11.21, 'eps_growth_yoy': 104.85, 'eps_next_year': 85.08, 'operating_margin': -7.03}",,Finviz via finvizfinance screener views,2026-08-25T23:30:26+02:00,2026-07-28,,28,NORMAL,
NESR,National Energy Services Reunited Corp,finviz_prefilter,eps_growth,,price_min;market_cap_min;avg_volume_min;revenue_growth;eps_growth;eps_next_year;operating_margin;earnings_window,False,"{'revenue_growth_yoy': 59.07, 'eps_growth_yoy': 1.7386, 'eps_next_year': 59.37, 'operating_margin': 9.34}",,Finviz via finvizfinance screener views,2026-08-25T23:30:26+02:00,2026-08-10,,15,PEAD_WINDOW,"{'failed_gate': 'eps_growth', 'actual_value': 1.7386, 'applicable_threshold': 20.0, 'distance_to_threshold': 18.261400000000002, 'distance_to_threshold_pct': 91.307, 'formula': 'minimo: distance = threshold - actual; pct = distance / abs(threshold) * 100'}"
NFLX,Netflix Inc,finviz_prefilter,revenue_growth;eps_growth;eps_next_year,,price_min;market_cap_min;avg_volume_min;revenue_growth;eps_growth;eps_next_year;operating_margin;earnings_window,False,"{'revenue_growth_yoy': 13.41, 'eps_growth_yoy': 11.06, 'eps_next_year': 5.98, 'operating_margin': 30.25}",,Finviz via finvizfinance screener views,2026-08-25T23:30:26+02:00,2026-07-16,,40,NORMAL,
NKTR,Nektar Therapeutics,finviz_prefilter,revenue_growth;eps_next_year;operating_margin,,price_min;market_cap_min;avg_volume_min;revenue_growth;eps_growth;eps_next_year;operating_margin;earnings_window,False,"{'revenue_growth_yoy': -9.34, 'eps_growth_yoy': 58.379999999999995, 'eps_next_year': -28.83, 'operating_margin': -2.3932}",,Finviz via finvizfinance screener views,2026-08-25T23:30:26+02:00,2026-08-13,,12,PEAD_WINDOW,
NMRK,Newmark Group Inc,finviz_prefilter,revenue_growth;eps_growth;eps_next_year;operating_margin,,price_min;market_cap_min;avg_volume_min;revenue_growth;eps_growth;eps_next_year;operating_margin;earnings_window,False,"{'revenue_growth_yoy': 18.91, 'eps_growth_yoy': -5.36, 'eps_next_year': 13.07, 'operating_margin': 7.59}",,Finviz via finvizfinance screener views,2026-08-25T23:30:26+02:00,2026-07-29,,27,NORMAL,
NN,NextNav Inc,finviz_prefilter,revenue_growth;eps_next_year;operating_margin,,price_min;market_cap_min;avg_volume_min;revenue_growth;eps_growth;eps_next_year;operating_margin;earnings_window,False,"{'revenue_growth_yoy': -4.33, 'eps_growth_yoy': 50.1, 'eps_next_year': 0.0, 'operating_margin': -19.0043}",,Finviz via finvizfinance screener views,2026-08-25T23:30:26+02:00,2026-08-11,,14,PEAD_WINDOW,
NRIX,Nurix Therapeutics Inc,finviz_prefilter,revenue_growth;eps_growth;operating_margin,,price_min;market_cap_min;avg_volume_min;revenue_growth;eps_growth;eps_next_year;operating_margin;earnings_window,False,"{'revenue_growth_yoy': -79.47, 'eps_growth_yoy': -55.54, 'eps_next_year': 26.0, 'operating_margin': -9.8237}",,Finviz via finvizfinance screener views,2026-08-25T23:30:26+02:00,2026-07-09,,47,NORMAL,
NTAP,Netapp Inc,finviz_prefilter,revenue_growth;eps_growth;eps_next_year,,price_min;market_cap_min;avg_volume_min;revenue_growth;eps_growth;eps_next_year;operating_margin;earnings_window,False,"{'revenue_growth_yoy': 12.46, 'eps_growth_yoy': 23.01, 'eps_next_year': 11.2, 'operating_margin': 24.45}",,Finviz via finvizfinance screener views,2026-08-25T23:30:26+02:00,2026-09-02,8,,NORMAL,
NTNX,Nutanix Inc,finviz_prefilter,revenue_growth;eps_growth;eps_next_year;earnings_window,,price_min;market_cap_min;avg_volume_min;revenue_growth;eps_growth;eps_next_year;operating_margin;earnings_window,False,"{'revenue_growth_yoy': 10.03, 'eps_growth_yoy': 19.25, 'eps_next_year': 14.28, 'operating_margin': 8.74}",,Finviz via finvizfinance screener views,2026-08-25T23:30:26+02:00,2026-08-26,1,,PRE_EARNINGS_BLACKOUT,
NTRA,Natera Inc,finviz_prefilter,operating_margin,,price_min;market_cap_min;avg_volume_min;revenue_growth;eps_growth;eps_next_year;operating_margin;earnings_window,False,"{'revenue_growth_yoy': 37.71, 'eps_growth_yoy': 36.85, 'eps_next_year': 87.98, 'operating_margin': -10.56}",,Finviz via finvizfinance screener views,2026-08-25T23:30:26+02:00,2026-08-06,,19,NORMAL,"{'failed_gate': 'operating_margin', 'actual_value': -10.56, 'applicable_threshold': 8.0, 'distance_to_threshold': 18.560000000000002, 'distance_to_threshold_pct': 232.00000000000003, 'formula': 'minimo: distance = threshold - actual; pct = distance / abs(threshold) * 100'}"
NTRS,Northern Trust Corp,finviz_prefilter,revenue_growth;eps_next_year,,price_min;market_cap_min;avg_volume_min;revenue_growth;eps_growth;eps_next_year;operating_margin;earnings_window,False,"{'revenue_growth_yoy': 17.18, 'eps_growth_yoy': 98.21, 'eps_next_year': 9.29, 'operating_margin': 13.389999999999999}",,Finviz via finvizfinance screener views,2026-08-25T23:30:26+02:00,2026-07-22,,34,NORMAL,
NVCR,NovoCure Ltd,finviz_prefilter,revenue_growth;operating_margin,,price_min;market_cap_min;avg_volume_min;revenue_growth;eps_growth;eps_next_year;operating_margin;earnings_window,False,"{'revenue_growth_yoy': 15.6, 'eps_growth_yoy': 62.480000000000004, 'eps_next_year': 34.73, 'operating_margin': -22.08}",,Finviz via finvizfinance screener views,2026-08-25T23:30:26+02:00,2026-07-23,,33,NORMAL,
NVDA,NVIDIA Corp,finviz_prefilter,eps_growth;earnings_window,,price_min;market_cap_min;avg_volume_min;revenue_growth;eps_growth;eps_next_year;operating_margin;earnings_window,False,"{'revenue_growth_yoy': 85.22999999999999, 'eps_growth_yoy': 2.1342, 'eps_next_year': 41.93, 'operating_margin': 64.02}",,Finviz via finvizfinance screener views,2026-08-25T23:30:26+02:00,2026-08-26,1,,PRE_EARNINGS_BLACKOUT,
NWBI,Northwest Bancshares Inc,finviz_prefilter,revenue_growth;eps_next_year,,price_min;market_cap_min;avg_volume_min;revenue_growth;eps_growth;eps_next_year;operating_margin;earnings_window,False,"{'revenue_growth_yoy': 18.310000000000002, 'eps_growth_yoy': 38.519999999999996, 'eps_next_year': 2.93, 'operating_margin': 25.03}",,Finviz via finvizfinance screener views,2026-08-25T23:30:26+02:00,2026-07-27,,29,NORMAL,
NWS,News Corp,finviz_prefilter,revenue_growth;eps_growth,,price_min;market_cap_min;avg_volume_min;revenue_growth;eps_growth;eps_next_year;operating_margin;earnings_window,False,"{'revenue_growth_yoy': 10.81, 'eps_growth_yoy': 5.8653, 'eps_next_year': 16.36, 'operating_margin': 12.64}",,Finviz via finvizfinance screener views,2026-08-25T23:30:26+02:00,2026-08-05,,20,NORMAL,
NWSA,News Corp,finviz_prefilter,revenue_growth;eps_growth,,price_min;market_cap_min;avg_volume_min;revenue_growth;eps_growth;eps_next_year;operating_margin;earnings_window,False,"{'revenue_growth_yoy': 10.81, 'eps_growth_yoy': 5.8653, 'eps_next_year': 16.36, 'operating_margin': 12.64}",,Finviz via finvizfinance screener views,2026-08-25T23:30:26+02:00,2026-08-05,,20,NORMAL,
NXPI,NXP Semiconductors NV,finviz_prefilter,revenue_growth,,price_min;market_cap_min;avg_volume_min;revenue_growth;eps_growth;eps_next_year;operating_margin;earnings_window,False,"{'revenue_growth_yoy': 19.48, 'eps_growth_yoy': 72.23, 'eps_next_year': 20.53, 'operating_margin': 28.7}",,Finviz via finvizfinance screener views,2026-08-25T23:30:26+02:00,2026-07-28,,28,NORMAL,"{'failed_gate': 'revenue_growth', 'actual_value': 19.48, 'applicable_threshold': 20.0, 'distance_to_threshold': 0.5199999999999996, 'distance_to_threshold_pct': 2.599999999999998, 'formula': 'minimo: distance = threshold - actual; pct = distance / abs(threshold) * 100'}"
NXT,Nextpower Inc,finviz_prefilter,revenue_growth;eps_growth,,price_min;market_cap_min;avg_volume_min;revenue_growth;eps_growth;eps_next_year;operating_margin;earnings_window,False,"{'revenue_growth_yoy': 8.21, 'eps_growth_yoy': 2.32, 'eps_next_year': 22.41, 'operating_margin': 19.7}",,Finviz via finvizfinance screener views,2026-08-25T23:30:26+02:00,2026-07-30,,26,NORMAL,
OCTV,Octave Intelligence Plc,finviz_prefilter,eps_next_year,revenue_growth;eps_growth;operating_margin,price_min;market_cap_min;avg_volume_min;eps_next_year;earnings_window,False,"{'revenue_growth_yoy': None, 'eps_growth_yoy': None, 'eps_next_year': 2.66, 'operating_margin': None}",,Finviz via finvizfinance screener views,2026-08-25T23:30:26+02:00,2026-08-12,,13,PEAD_WINDOW,"{'failed_gate': 'eps_next_year', 'actual_value': 2.66, 'applicable_threshold': 15.0, 'distance_to_threshold': 12.34, 'distance_to_threshold_pct': 82.26666666666667, 'formula': 'minimo: distance = threshold - actual; pct = distance / abs(threshold) * 100'}"
ODFL,Old Dominion Freight Line Inc,finviz_prefilter,revenue_growth;eps_next_year,,price_min;market_cap_min;avg_volume_min;revenue_growth;eps_growth;eps_next_year;operating_margin;earnings_window,False,"{'revenue_growth_yoy': 10.39, 'eps_growth_yoy': 32.68, 'eps_next_year': 14.21, 'operating_margin': 25.990000000000002}",,Finviz via finvizfinance screener views,2026-08-25T23:30:26+02:00,2026-07-29,,27,NORMAL,
OKTA,Okta Inc,finviz_prefilter,revenue_growth;eps_growth;eps_next_year;operating_margin;earnings_window,,price_min;market_cap_min;avg_volume_min;revenue_growth;eps_growth;eps_next_year;operating_margin;earnings_window,False,"{'revenue_growth_yoy': 11.19, 'eps_growth_yoy': 20.1, 'eps_next_year': 10.89, 'operating_margin': 5.67}",,Finviz via finvizfinance screener views,2026-08-25T23:30:26+02:00,2026-08-26,1,,PRE_EARNINGS_BLACKOUT,
OLLI,Ollies Bargain Outlet Holdings Inc,finviz_prefilter,revenue_growth;eps_growth;eps_next_year,,price_min;market_cap_min;avg_volume_min;revenue_growth;eps_growth;eps_next_year;operating_margin;earnings_window,False,"{'revenue_growth_yoy': 14.249999999999998, 'eps_growth_yoy': 19.79, 'eps_next_year': 13.41, 'operating_margin': 12.31}",,Finviz via finvizfinance screener views,2026-08-25T23:30:26+02:00,2026-09-02,8,,NORMAL,
ON,ON Semiconductor Corp,finviz_prefilter,revenue_growth,,price_min;market_cap_min;avg_volume_min;revenue_growth;eps_growth;eps_next_year;operating_margin;earnings_window,False,"{'revenue_growth_yoy': 9.180000000000001, 'eps_growth_yoy': 36.51, 'eps_next_year': 40.6, 'operating_margin': 18.16}",,Finviz via finvizfinance screener views,2026-08-25T23:30:26+02:00,2026-08-03,,22,NORMAL,"{'failed_gate': 'revenue_growth', 'actual_value': 9.180000000000001, 'applicable_threshold': 20.0, 'distance_to_threshold': 10.819999999999999, 'distance_to_threshold_pct': 54.099999999999994, 'formula': 'minimo: distance = threshold - actual; pct = distance / abs(threshold) * 100'}"
ONB,Old National Bancorp,finviz_prefilter,revenue_growth;eps_next_year,,price_min;market_cap_min;avg_volume_min;revenue_growth;eps_growth;eps_next_year;operating_margin;earnings_window,False,"{'revenue_growth_yoy': 9.55, 'eps_growth_yoy': 93.78, 'eps_next_year': 10.92, 'operating_margin': 30.14}",,Finviz via finvizfinance screener views,2026-08-25T23:30:26+02:00,2026-07-22,,34,NORMAL,
OPCH,Option Care Health Inc,finviz_prefilter,revenue_growth;eps_growth;eps_next_year;operating_margin,,price_min;market_cap_min;avg_volume_min;revenue_growth;eps_growth;eps_next_year;operating_margin;earnings_window,False,"{'revenue_growth_yoy': 1.8599999999999999, 'eps_growth_yoy': 14.13, 'eps_next_year': 10.83, 'operating_margin': 5.86}",,Finviz via finvizfinance screener views,2026-08-25T23:30:26+02:00,2026-07-29,,27,NORMAL,
ORLY,O'Reilly Automotive Inc,finviz_prefilter,revenue_growth;eps_growth;eps_next_year,,price_min;market_cap_min;avg_volume_min;revenue_growth;eps_growth;eps_next_year;operating_margin;earnings_window,False,"{'revenue_growth_yoy': 8.110000000000001, 'eps_growth_yoy': 10.77, 'eps_next_year': 11.36, 'operating_margin': 19.56}",,Finviz via finvizfinance screener views,2026-08-25T23:30:26+02:00,2026-07-29,,27,NORMAL,
OSW,OneSpaWorld Holdings Limited,finviz_prefilter,revenue_growth;eps_growth;eps_next_year,,price_min;market_cap_min;avg_volume_min;revenue_growth;eps_growth;eps_next_year;operating_margin;earnings_window,False,"{'revenue_growth_yoy': 8.52, 'eps_growth_yoy': 17.72, 'eps_next_year': 13.49, 'operating_margin': 9.5}",,Finviz via finvizfinance screener views,2026-08-25T23:30:26+02:00,2026-07-29,,27,NORMAL,
OTEX,Open Text Corp,finviz_prefilter,revenue_growth;eps_growth;eps_next_year,,price_min;market_cap_min;avg_volume_min;revenue_growth;eps_growth;eps_next_year;operating_margin;earnings_window,False,"{'revenue_growth_yoy': 2.94, 'eps_growth_yoy': 4.7337, 'eps_next_year': 7.84, 'operating_margin': 23.169999999999998}",,Finviz via finvizfinance screener views,2026-08-25T23:30:26+02:00,2026-08-06,,19,NORMAL,
OUST,Ouster Inc,finviz_prefilter,operating_margin,,price_min;market_cap_min;avg_volume_min;revenue_growth;eps_growth;eps_next_year;operating_margin;earnings_window,False,"{'revenue_growth_yoy': 55.86, 'eps_growth_yoy': 27.46, 'eps_next_year': 102.86, 'operating_margin': -34.410000000000004}",,Finviz via finvizfinance screener views,2026-08-25T23:30:26+02:00,2026-08-06,,19,NORMAL,"{'failed_gate': 'operating_margin', 'actual_value': -34.410000000000004, 'applicable_threshold': 8.0, 'distance_to_threshold': 42.410000000000004, 'distance_to_threshold_pct': 530.125, 'formula': 'minimo: distance = threshold - actual; pct = distance / abs(threshold) * 100'}"
OZK,Bank OZK,finviz_prefilter,revenue_growth;eps_growth;eps_next_year,,price_min;market_cap_min;avg_volume_min;revenue_growth;eps_growth;eps_next_year;operating_margin;earnings_window,False,"{'revenue_growth_yoy': -3.82, 'eps_growth_yoy': -5.72, 'eps_next_year': 4.66, 'operating_margin': 32.35}",,Finviz via finvizfinance screener views,2026-08-25T23:30:26+02:00,2026-07-21,,35,NORMAL,
PAA,Plains All American Pipeline LP,finviz_prefilter,eps_growth;eps_next_year;operating_margin,,price_min;market_cap_min;avg_volume_min;revenue_growth;eps_growth;eps_next_year;operating_margin;earnings_window,False,"{'revenue_growth_yoy': 65.47, 'eps_growth_yoy': 9.8111, 'eps_next_year': 2.27, 'operating_margin': 2.78}",,Finviz via finvizfinance screener views,2026-08-25T23:30:26+02:00,2026-08-07,,18,NORMAL,
PAGP,Plains GP Holdings LP,finviz_prefilter,eps_growth;eps_next_year;operating_margin,,price_min;market_cap_min;avg_volume_min;revenue_growth;eps_growth;eps_next_year;operating_margin;earnings_window,False,"{'revenue_growth_yoy': 65.47, 'eps_growth_yoy': 11.9677, 'eps_next_year': -15.84, 'operating_margin': 2.83}",,Finviz via finvizfinance screener views,2026-08-25T23:30:26+02:00,2026-08-07,,18,NORMAL,
PANW,Palo Alto Networks Inc,finviz_prefilter,eps_growth;eps_next_year;operating_margin;earnings_window,,price_min;market_cap_min;avg_volume_min;revenue_growth;eps_growth;eps_next_year;operating_margin;earnings_window,False,"{'revenue_growth_yoy': 31.15, 'eps_growth_yoy': -1.5965, 'eps_next_year': 8.85, 'operating_margin': 7.39}",,Finviz via finvizfinance screener views,2026-08-25T23:30:26+02:00,2026-09-01,7,,PRE_EARNINGS_BLACKOUT,
PAYX,Paychex Inc,finviz_prefilter,revenue_growth;eps_next_year,,price_min;market_cap_min;avg_volume_min;revenue_growth;eps_growth;eps_next_year;operating_margin;earnings_window,False,"{'revenue_growth_yoy': 12.49, 'eps_growth_yoy': 43.14, 'eps_next_year': 7.46, 'operating_margin': 45.08}",,Finviz via finvizfinance screener views,2026-08-25T23:30:26+02:00,2026-06-24,,62,NORMAL,
PCAR,Paccar Inc,finviz_prefilter,revenue_growth;eps_growth,,price_min;market_cap_min;avg_volume_min;revenue_growth;eps_growth;eps_next_year;operating_margin;earnings_window,False,"{'revenue_growth_yoy': 0.5499999999999999, 'eps_growth_yoy': 3.7199999999999998, 'eps_next_year': 20.1, 'operating_margin': 10.37}",,Finviz via finvizfinance screener views,2026-08-25T23:30:26+02:00,2026-07-28,,28,NORMAL,
PCTY,Paylocity Holding Corp,finviz_prefilter,revenue_growth;eps_growth;eps_next_year,,price_min;market_cap_min;avg_volume_min;revenue_growth;eps_growth;eps_next_year;operating_margin;earnings_window,False,"{'revenue_growth_yoy': 10.979999999999999, 'eps_growth_yoy': 29.34, 'eps_next_year': 9.69, 'operating_margin': 22.14}",,Finviz via finvizfinance screener views,2026-08-25T23:30:26+02:00,2026-08-04,,21,NORMAL,
PECO,Phillips Edison & Company Inc,finviz_prefilter,revenue_growth;eps_growth;eps_next_year,,price_min;market_cap_min;avg_volume_min;revenue_growth;eps_growth;eps_next_year;operating_margin;earnings_window,False,"{'revenue_growth_yoy': 6.550000000000001, 'eps_growth_yoy': 2.5337, 'eps_next_year': 1.87, 'operating_margin': 28.910000000000004}",,Finviz via finvizfinance screener views,2026-08-25T23:30:26+02:00,2026-07-23,,33,NORMAL,
PEGA,Pegasystems Inc,finviz_prefilter,revenue_growth;eps_growth;eps_next_year,,price_min;market_cap_min;avg_volume_min;revenue_growth;eps_growth;eps_next_year;operating_margin;earnings_window,False,"{'revenue_growth_yoy': 9.42, 'eps_growth_yoy': -53.0, 'eps_next_year': 7.83, 'operating_margin': 11.32}",,Finviz via finvizfinance screener views,2026-08-25T23:30:26+02:00,2026-07-21,,35,NORMAL,
PENN,PENN Entertainment Inc,finviz_prefilter,revenue_growth;eps_growth;operating_margin,,price_min;market_cap_min;avg_volume_min;revenue_growth;eps_growth;eps_next_year;operating_margin;earnings_window,False,"{'revenue_growth_yoy': 5.24, 'eps_growth_yoy': 3.0856, 'eps_next_year': 71.69, 'operating_margin': 6.03}",,Finviz via finvizfinance screener views,2026-08-25T23:30:26+02:00,2026-08-06,,19,NORMAL,
PEP,PepsiCo Inc,finviz_prefilter,revenue_growth;eps_next_year,,price_min;market_cap_min;avg_volume_min;revenue_growth;eps_growth;eps_next_year;operating_margin;earnings_window,False,"{'revenue_growth_yoy': 6.41, 'eps_growth_yoy': 136.71, 'eps_next_year': 4.82, 'operating_margin': 15.55}",,Finviz via finvizfinance screener views,2026-08-25T23:30:26+02:00,2026-07-09,,47,NORMAL,
PFG,Principal Financial Group Inc,finviz_prefilter,revenue_growth;eps_growth;eps_next_year,,price_min;market_cap_min;avg_volume_min;revenue_growth;eps_growth;eps_next_year;operating_margin;earnings_window,False,"{'revenue_growth_yoy': 6.39, 'eps_growth_yoy': 2.85, 'eps_next_year': 8.65, 'operating_margin': 11.87}",,Finviz via finvizfinance screener views,2026-08-25T23:30:26+02:00,2026-07-27,,29,NORMAL,
PLTR,Palantir Technologies Inc,finviz_prefilter,eps_growth,,price_min;market_cap_min;avg_volume_min;revenue_growth;eps_growth;eps_next_year;operating_margin;earnings_window,False,"{'revenue_growth_yoy': 92.83, 'eps_growth_yoy': 2.2157, 'eps_next_year': 42.62, 'operating_margin': 42.8}",,Finviz via finvizfinance screener views,2026-08-25T23:30:26+02:00,2026-08-03,,22,NORMAL,"{'failed_gate': 'eps_growth', 'actual_value': 2.2157, 'applicable_threshold': 20.0, 'distance_to_threshold': 17.7843, 'distance_to_threshold_pct': 88.92150000000001, 'formula': 'minimo: distance = threshold - actual; pct = distance / abs(threshold) * 100'}"
PODD,Insulet Corp,finviz_prefilter,eps_growth,,price_min;market_cap_min;avg_volume_min;revenue_growth;eps_growth;eps_next_year;operating_margin;earnings_window,False,"{'revenue_growth_yoy': 23.51, 'eps_growth_yoy': 2.3476, 'eps_next_year': 18.65, 'operating_margin': 16.88}",,Finviz via finvizfinance screener views,2026-08-25T23:30:26+02:00,2026-08-05,,20,NORMAL,"{'failed_gate': 'eps_growth', 'actual_value': 2.3476, 'applicable_threshold': 30.0, 'distance_to_threshold': 27.6524, 'distance_to_threshold_pct': 92.17466666666667, 'formula': 'minimo: distance = threshold - actual; pct = distance / abs(threshold) * 100'}"
POOL,Pool Corp,finviz_prefilter,revenue_growth;eps_growth;eps_next_year,,price_min;market_cap_min;avg_volume_min;revenue_growth;eps_growth;eps_next_year;operating_margin;earnings_window,False,"{'revenue_growth_yoy': 2.15, 'eps_growth_yoy': 0.13999999999999999, 'eps_next_year': 7.65, 'operating_margin': 10.76}",,Finviz via finvizfinance screener views,2026-08-25T23:30:26+02:00,2026-07-23,,33,NORMAL,
POWI,Power Integrations Inc,finviz_prefilter,revenue_growth;eps_growth;operating_margin,,price_min;market_cap_min;avg_volume_min;revenue_growth;eps_growth;eps_next_year;operating_margin;earnings_window,False,"{'revenue_growth_yoy': 2.6599999999999997, 'eps_growth_yoy': 6.1358, 'eps_next_year': 32.86, 'operating_margin': 7.93}",,Finviz via finvizfinance screener views,2026-08-25T23:30:26+02:00,2026-08-05,,20,NORMAL,
PPC,Pilgrim's Pride Corp,finviz_prefilter,revenue_growth;eps_growth;operating_margin,,price_min;market_cap_min;avg_volume_min;revenue_growth;eps_growth;eps_next_year;operating_margin;earnings_window,False,"{'revenue_growth_yoy': -2.83, 'eps_growth_yoy': -96.24000000000001, 'eps_next_year': 19.37, 'operating_margin': 6.419999999999999}",,Finviz via finvizfinance screener views,2026-08-25T23:30:26+02:00,2026-07-29,,27,NORMAL,
PPLI,People Inc,finviz_prefilter,revenue_growth;eps_growth;eps_next_year;operating_margin,,price_min;market_cap_min;avg_volume_min;revenue_growth;eps_growth;eps_next_year;operating_margin;earnings_window,False,"{'revenue_growth_yoy': -25.590000000000003, 'eps_growth_yoy': 1.609, 'eps_next_year': -79.23, 'operating_margin': 0.9199999999999999}",,Finviz via finvizfinance screener views,2026-08-25T23:30:26+02:00,2026-08-03,,22,NORMAL,
PRVA,Privia Health Group Inc,finviz_prefilter,eps_growth;operating_margin,,price_min;market_cap_min;avg_volume_min;revenue_growth;eps_growth;eps_next_year;operating_margin;earnings_window,False,"{'revenue_growth_yoy': 21.39, 'eps_growth_yoy': 2.2823, 'eps_next_year': 59.48, 'operating_margin': 1.9}",,Finviz via finvizfinance screener views,2026-08-25T23:30:26+02:00,2026-08-06,,19,NORMAL,
PTC,PTC Inc,finviz_prefilter,revenue_growth;eps_growth;eps_next_year,,price_min;market_cap_min;avg_volume_min;revenue_growth;eps_growth;eps_next_year;operating_margin;earnings_window,False,"{'revenue_growth_yoy': -6.819999999999999, 'eps_growth_yoy': -11.940000000000001, 'eps_next_year': 8.67, 'operating_margin': 39.78}",,Finviz via finvizfinance screener views,2026-08-25T23:30:26+02:00,2026-07-29,,27,NORMAL,
PTCT,PTC Therapeutics Inc,finviz_prefilter,eps_growth,,price_min;market_cap_min;avg_volume_min;revenue_growth;eps_growth;eps_next_year;operating_margin;earnings_window,False,"{'revenue_growth_yoy': 101.55000000000001, 'eps_growth_yoy': 2.106, 'eps_next_year': 114.77, 'operating_margin': 11.57}",,Finviz via finvizfinance screener views,2026-08-25T23:30:26+02:00,2026-07-30,,26,NORMAL,"{'failed_gate': 'eps_growth', 'actual_value': 2.106, 'applicable_threshold': 20.0, 'distance_to_threshold': 17.894, 'distance_to_threshold_pct': 89.47, 'formula': 'minimo: distance = threshold - actual; pct = distance / abs(threshold) * 100'}"
PTRN,Pattern Group Inc,finviz_prefilter,operating_margin,,price_min;market_cap_min;avg_volume_min;revenue_growth;eps_growth;eps_next_year;operating_margin;earnings_window,False,"{'revenue_growth_yoy': 46.58, 'eps_growth_yoy': 62.529999999999994, 'eps_next_year': 25.35, 'operating_margin': 1.3599999999999999}",,Finviz via finvizfinance screener views,2026-08-25T23:30:26+02:00,2026-08-05,,20,NORMAL,"{'failed_gate': 'operating_margin', 'actual_value': 1.3599999999999999, 'applicable_threshold': 8.0, 'distance_to_threshold': 6.640000000000001, 'distance_to_threshold_pct': 83.0, 'formula': 'minimo: distance = threshold - actual; pct = distance / abs(threshold) * 100'}"
PYPL,PayPal Holdings Inc,finviz_prefilter,revenue_growth;eps_growth;eps_next_year,,price_min;market_cap_min;avg_volume_min;revenue_growth;eps_growth;eps_next_year;operating_margin;earnings_window,False,"{'revenue_growth_yoy': 3.8, 'eps_growth_yoy': -3.02, 'eps_next_year': 7.55, 'operating_margin': 18.94}",,Finviz via finvizfinance screener views,2026-08-25T23:30:26+02:00,2026-07-28,,28,NORMAL,
QBTS,D-Wave Quantum Inc,finviz_prefilter,revenue_growth;eps_next_year;operating_margin,,price_min;market_cap_min;avg_volume_min;revenue_growth;eps_growth;eps_next_year;operating_margin;earnings_window,False,"{'revenue_growth_yoy': -0.61, 'eps_growth_yoy': 76.6, 'eps_next_year': -27.29, 'operating_margin': -13.7288}",,Finviz via finvizfinance screener views,2026-08-25T23:30:26+02:00,2026-08-06,,19,NORMAL,
QCOM,Qualcomm Inc,finviz_prefilter,revenue_growth;eps_growth;eps_next_year,,price_min;market_cap_min;avg_volume_min;revenue_growth;eps_growth;eps_next_year;operating_margin;earnings_window,False,"{'revenue_growth_yoy': -4.03, 'eps_growth_yoy': -22.8, 'eps_next_year': -3.39, 'operating_margin': 23.5}",,Finviz via finvizfinance screener views,2026-08-25T23:30:26+02:00,2026-07-29,,27,NORMAL,
QLYS,Qualys Inc,finviz_prefilter,revenue_growth;eps_growth;eps_next_year,,price_min;market_cap_min;avg_volume_min;revenue_growth;eps_growth;eps_next_year;operating_margin;earnings_window,False,"{'revenue_growth_yoy': 11.92, 'eps_growth_yoy': 15.53, 'eps_next_year': 8.23, 'operating_margin': 35.04}",,Finviz via finvizfinance screener views,2026-08-25T23:30:26+02:00,2026-08-04,,21,NORMAL,
QRVO,Qorvo Inc,finviz_prefilter,revenue_growth;eps_growth;eps_next_year,,price_min;market_cap_min;avg_volume_min;revenue_growth;eps_growth;eps_next_year;operating_margin;earnings_window,False,"{'revenue_growth_yoy': -4.15, 'eps_growth_yoy': 2.5185, 'eps_next_year': 5.04, 'operating_margin': 18.17}",,Finviz via finvizfinance screener views,2026-08-25T23:30:26+02:00,2026-07-28,,28,NORMAL,
QURE,uniQure NV,finviz_prefilter,revenue_growth;eps_growth;operating_margin,,price_min;market_cap_min;avg_volume_min;revenue_growth;eps_growth;eps_next_year;operating_margin;earnings_window,False,"{'revenue_growth_yoy': 11.0, 'eps_growth_yoy': -77.81, 'eps_next_year': 23.77, 'operating_margin': -10.9318}",,Finviz via finvizfinance screener views,2026-08-25T23:30:26+02:00,2026-07-29,,27,NORMAL,
RARE,Ultragenyx Pharmaceutical Inc,finviz_prefilter,eps_growth;operating_margin,,price_min;market_cap_min;avg_volume_min;revenue_growth;eps_growth;eps_next_year;operating_margin;earnings_window,False,"{'revenue_growth_yoy': 28.53, 'eps_growth_yoy': 22.67, 'eps_next_year': 84.68, 'operating_margin': -73.77}",,Finviz via finvizfinance screener views,2026-08-25T23:30:26+02:00,2026-08-04,,21,NORMAL,
RDNT,Radnet Inc,finviz_prefilter,eps_growth;operating_margin,,price_min;market_cap_min;avg_volume_min;revenue_growth;eps_growth;eps_next_year;operating_margin;earnings_window,False,"{'revenue_growth_yoy': 24.990000000000002, 'eps_growth_yoy': -50.05, 'eps_next_year': 72.41, 'operating_margin': 4.63}",,Finviz via finvizfinance screener views,2026-08-25T23:30:26+02:00,2026-08-09,,16,NORMAL,
REG,Regency Centers Corp,finviz_prefilter,revenue_growth;eps_growth;eps_next_year,,price_min;market_cap_min;avg_volume_min;revenue_growth;eps_growth;eps_next_year;operating_margin;earnings_window,False,"{'revenue_growth_yoy': 8.6, 'eps_growth_yoy': 8.67, 'eps_next_year': 3.86, 'operating_margin': 37.269999999999996}",,Finviz via finvizfinance screener views,2026-08-25T23:30:26+02:00,2026-07-29,,27,NORMAL,
REGN,Regeneron Pharmaceuticals Inc,finviz_prefilter,revenue_growth;eps_growth;eps_next_year,,price_min;market_cap_min;avg_volume_min;revenue_growth;eps_growth;eps_next_year;operating_margin;earnings_window,False,"{'revenue_growth_yoy': 16.73, 'eps_growth_yoy': -4.52, 'eps_next_year': 12.24, 'operating_margin': 26.87}",,Finviz via finvizfinance screener views,2026-08-25T23:30:26+02:00,2026-07-30,,26,NORMAL,
RELY,Remitly Global Inc,finviz_prefilter,eps_next_year,,price_min;market_cap_min;avg_volume_min;revenue_growth;eps_growth;eps_next_year;operating_margin;earnings_window,False,"{'revenue_growth_yoy': 20.23, 'eps_growth_yoy': 30.2584, 'eps_next_year': -23.35, 'operating_margin': 10.36}",,Finviz via finvizfinance screener views,2026-08-25T23:30:26+02:00,2026-08-05,,20,NORMAL,"{'failed_gate': 'eps_next_year', 'actual_value': -23.35, 'applicable_threshold': 15.0, 'distance_to_threshold': 38.35, 'distance_to_threshold_pct': 255.66666666666666, 'formula': 'minimo: distance = threshold - actual; pct = distance / abs(threshold) * 100'}"
REYN,Reynolds Consumer Products Inc,finviz_prefilter,revenue_growth;eps_growth;eps_next_year,,price_min;market_cap_min;avg_volume_min;revenue_growth;eps_growth;eps_next_year;operating_margin;earnings_window,False,"{'revenue_growth_yoy': 0.64, 'eps_growth_yoy': 21.0, 'eps_next_year': 4.22, 'operating_margin': 14.13}",,Finviz via finvizfinance screener views,2026-08-25T23:30:26+02:00,2026-07-29,,27,NORMAL,
RGEN,Repligen Corp,finviz_prefilter,revenue_growth;eps_growth,,price_min;market_cap_min;avg_volume_min;revenue_growth;eps_growth;eps_next_year;operating_margin;earnings_window,False,"{'revenue_growth_yoy': 11.93, 'eps_growth_yoy': -66.4, 'eps_next_year': 27.28, 'operating_margin': 9.030000000000001}",,Finviz via finvizfinance screener views,2026-08-25T23:30:26+02:00,2026-07-28,,28,NORMAL,
RGTI,Rigetti Computing Inc,finviz_prefilter,revenue_growth;eps_growth;eps_next_year;operating_margin,,price_min;market_cap_min;avg_volume_min;revenue_growth;eps_growth;eps_next_year;operating_margin;earnings_window,False,"{'revenue_growth_yoy': 1.8529, 'eps_growth_yoy': -18.72, 'eps_next_year': -4.35, 'operating_margin': -7.2762}",,Finviz via finvizfinance screener views,2026-08-25T23:30:26+02:00,2026-08-06,,19,NORMAL,
RIOT,Riot Platforms Inc,finviz_prefilter,revenue_growth;eps_growth;operating_margin,,price_min;market_cap_min;avg_volume_min;revenue_growth;eps_growth;eps_next_year;operating_margin;earnings_window,False,"{'revenue_growth_yoy': 13.889999999999999, 'eps_growth_yoy': -2.1777, 'eps_next_year': 55.39, 'operating_margin': -74.16}",,Finviz via finvizfinance screener views,2026-08-25T23:30:26+02:00,2026-08-10,,15,PEAD_WINDOW,
RIVN,Rivian Automotive Inc,finviz_prefilter,operating_margin,,price_min;market_cap_min;avg_volume_min;revenue_growth;eps_growth;eps_next_year;operating_margin;earnings_window,False,"{'revenue_growth_yoy': 27.24, 'eps_growth_yoy': 34.99, 'eps_next_year': 17.59, 'operating_margin': -60.050000000000004}",,Finviz via finvizfinance screener views,2026-08-25T23:30:26+02:00,2026-07-30,,26,NORMAL,"{'failed_gate': 'operating_margin', 'actual_value': -60.050000000000004, 'applicable_threshold': 8.0, 'distance_to_threshold': 68.05000000000001, 'distance_to_threshold_pct': 850.6250000000001, 'formula': 'minimo: distance = threshold - actual; pct = distance / abs(threshold) * 100'}"
RKLB,Rocket Lab Corp,finviz_prefilter,operating_margin,,price_min;market_cap_min;avg_volume_min;revenue_growth;eps_growth;eps_next_year;operating_margin;earnings_window,False,"{'revenue_growth_yoy': 61.99, 'eps_growth_yoy': 39.33, 'eps_next_year': 84.63, 'operating_margin': -29.060000000000002}",,Finviz via finvizfinance screener views,2026-08-25T23:30:26+02:00,2026-08-10,,15,PEAD_WINDOW,"{'failed_gate': 'operating_margin', 'actual_value': -29.060000000000002, 'applicable_threshold': 8.0, 'distance_to_threshold': 37.06, 'distance_to_threshold_pct': 463.25, 'formula': 'minimo: distance = threshold - actual; pct = distance / abs(threshold) * 100'}"
RLAY,Relay Therapeutics Inc,finviz_prefilter,revenue_growth;eps_growth;eps_next_year;operating_margin,,price_min;market_cap_min;avg_volume_min;revenue_growth;eps_growth;eps_next_year;operating_margin;earnings_window,False,"{'revenue_growth_yoy': -48.3, 'eps_growth_yoy': -0.44, 'eps_next_year': -83.0, 'operating_margin': -29.9937}",,Finviz via finvizfinance screener views,2026-08-25T23:30:26+02:00,2026-08-06,,19,NORMAL,
RMBS,Rambus Inc,finviz_prefilter,eps_growth,,price_min;market_cap_min;avg_volume_min;revenue_growth;eps_growth;eps_next_year;operating_margin;earnings_window,False,"{'revenue_growth_yoy': 20.43, 'eps_growth_yoy': 15.129999999999999, 'eps_next_year': 23.63, 'operating_margin': 35.949999999999996}",,Finviz via finvizfinance screener views,2026-08-25T23:30:26+02:00,2026-07-27,,29,NORMAL,"{'failed_gate': 'eps_growth', 'actual_value': 15.129999999999999, 'applicable_threshold': 30.0, 'distance_to_threshold': 14.870000000000001, 'distance_to_threshold_pct': 49.56666666666667, 'formula': 'minimo: distance = threshold - actual; pct = distance / abs(threshold) * 100'}"
ROIV,Roivant Sciences Ltd,finviz_prefilter,revenue_growth;eps_growth;eps_next_year;operating_margin,,price_min;market_cap_min;avg_volume_min;revenue_growth;eps_growth;eps_next_year;operating_margin;earnings_window,False,"{'revenue_growth_yoy': -33.550000000000004, 'eps_growth_yoy': 19.77, 'eps_next_year': 6.24, 'operating_margin': -181.4612}",,Finviz via finvizfinance screener views,2026-08-25T23:30:26+02:00,2026-08-06,,19,NORMAL,
ROKU,Roku Inc,finviz_prefilter,eps_growth;operating_margin,,price_min;market_cap_min;avg_volume_min;revenue_growth;eps_growth;eps_next_year;operating_margin;earnings_window,False,"{'revenue_growth_yoy': 21.93, 'eps_growth_yoy': 14.4003, 'eps_next_year': 36.96, 'operating_margin': 5.25}",,Finviz via finvizfinance screener views,2026-08-25T23:30:26+02:00,2026-08-06,,19,NORMAL,
ROP,Roper Technologies Inc,finviz_prefilter,revenue_growth;eps_growth;eps_next_year,,price_min;market_cap_min;avg_volume_min;revenue_growth;eps_growth;eps_next_year;operating_margin;earnings_window,False,"{'revenue_growth_yoy': 8.5, 'eps_growth_yoy': 2.3284, 'eps_next_year': 9.53, 'operating_margin': 27.97}",,Finviz via finvizfinance screener views,2026-08-25T23:30:26+02:00,2026-07-23,,33,NORMAL,
ROST,Ross Stores Inc,finviz_prefilter,revenue_growth;eps_next_year,,price_min;market_cap_min;avg_volume_min;revenue_growth;eps_growth;eps_next_year;operating_margin;earnings_window,False,"{'revenue_growth_yoy': 13.309999999999999, 'eps_growth_yoy': 70.08, 'eps_next_year': 6.49, 'operating_margin': 13.750000000000002}",,Finviz via finvizfinance screener views,2026-08-25T23:30:26+02:00,2026-08-20,,5,PEAD_WINDOW,
RPRX,Royalty Pharma plc,finviz_prefilter,revenue_growth;eps_growth;eps_next_year,,price_min;market_cap_min;avg_volume_min;revenue_growth;eps_growth;eps_next_year;operating_margin;earnings_window,False,"{'revenue_growth_yoy': 16.5, 'eps_growth_yoy': -43.580000000000005, 'eps_next_year': 7.65, 'operating_margin': 62.33}",,Finviz via finvizfinance screener views,2026-08-25T23:30:26+02:00,2026-08-05,,20,NORMAL,
RRR,Red Rock Resorts Inc,finviz_prefilter,revenue_growth;eps_growth;eps_next_year,,price_min;market_cap_min;avg_volume_min;revenue_growth;eps_growth;eps_next_year;operating_margin;earnings_window,False,"{'revenue_growth_yoy': -3.04, 'eps_growth_yoy': -29.330000000000002, 'eps_next_year': 8.9, 'operating_margin': 28.58}",,Finviz via finvizfinance screener views,2026-08-25T23:30:26+02:00,2026-08-04,,21,NORMAL,
RYTM,Rhythm Pharmaceuticals Inc,finviz_prefilter,eps_growth;operating_margin,,price_min;market_cap_min;avg_volume_min;revenue_growth;eps_growth;eps_next_year;operating_margin;earnings_window,False,"{'revenue_growth_yoy': 46.910000000000004, 'eps_growth_yoy': 2.55, 'eps_next_year': 77.78, 'operating_margin': -83.62}",,Finviz via finvizfinance screener views,2026-08-25T23:30:26+02:00,2026-08-04,,21,NORMAL,
SAIL,Sailpoint Inc,finviz_prefilter,operating_margin,,price_min;market_cap_min;avg_volume_min;revenue_growth;eps_growth;eps_next_year;operating_margin;earnings_window,False,"{'revenue_growth_yoy': 21.55, 'eps_growth_yoy': 65.12, 'eps_next_year': 24.35, 'operating_margin': -17.91}",,Finviz via finvizfinance screener views,2026-08-25T23:30:26+02:00,2026-09-09,15,,NORMAL,"{'failed_gate': 'operating_margin', 'actual_value': -17.91, 'applicable_threshold': 8.0, 'distance_to_threshold': 25.91, 'distance_to_threshold_pct': 323.875, 'formula': 'minimo: distance = threshold - actual; pct = distance / abs(threshold) * 100'}"
SANM,Sanmina Corp,finviz_prefilter,operating_margin,,price_min;market_cap_min;avg_volume_min;revenue_growth;eps_growth;eps_next_year;operating_margin;earnings_window,False,"{'revenue_growth_yoy': 69.67, 'eps_growth_yoy': 68.72, 'eps_next_year': 15.15, 'operating_margin': 5.489999999999999}",,Finviz via finvizfinance screener views,2026-08-25T23:30:26+02:00,2026-07-27,,29,NORMAL,"{'failed_gate': 'operating_margin', 'actual_value': 5.489999999999999, 'applicable_threshold': 8.0, 'distance_to_threshold': 2.5100000000000007, 'distance_to_threshold_pct': 31.375000000000007, 'formula': 'minimo: distance = threshold - actual; pct = distance / abs(threshold) * 100'}"
SBAC,SBA Communications Corp,finviz_prefilter,revenue_growth;eps_growth;eps_next_year,,price_min;market_cap_min;avg_volume_min;revenue_growth;eps_growth;eps_next_year;operating_margin;earnings_window,False,"{'revenue_growth_yoy': 2.33, 'eps_growth_yoy': -10.69, 'eps_next_year': 9.29, 'operating_margin': 53.7}",,Finviz via finvizfinance screener views,2026-08-25T23:30:26+02:00,2026-08-03,,22,NORMAL,
SBCF,Seacoast Banking Corp Of Florida,finviz_prefilter,eps_growth;eps_next_year,,price_min;market_cap_min;avg_volume_min;revenue_growth;eps_growth;eps_next_year;operating_margin;earnings_window,False,"{'revenue_growth_yoy': 30.009999999999998, 'eps_growth_yoy': 9.83, 'eps_next_year': 8.7, 'operating_margin': 24.52}",,Finviz via finvizfinance screener views,2026-08-25T23:30:26+02:00,2026-07-28,,28,NORMAL,
SBLK,Star Bulk Carriers Corp,finviz_prefilter,eps_next_year,,price_min;market_cap_min;avg_volume_min;revenue_growth;eps_growth;eps_next_year;operating_margin;earnings_window,False,"{'revenue_growth_yoy': 44.46, 'eps_growth_yoy': 4329.0, 'eps_next_year': -6.42, 'operating_margin': 27.839999999999996}",,Finviz via finvizfinance screener views,2026-08-25T23:30:26+02:00,2026-08-05,,20,NORMAL,"{'failed_gate': 'eps_next_year', 'actual_value': -6.42, 'applicable_threshold': 15.0, 'distance_to_threshold': 21.42, 'distance_to_threshold_pct': 142.8, 'formula': 'minimo: distance = threshold - actual; pct = distance / abs(threshold) * 100'}"
SBRA,Sabra Healthcare REIT Inc,finviz_prefilter,eps_growth,,price_min;market_cap_min;avg_volume_min;revenue_growth;eps_growth;eps_next_year;operating_margin;earnings_window,False,"{'revenue_growth_yoy': 25.2, 'eps_growth_yoy': -136.73, 'eps_next_year': 40.48, 'operating_margin': 18.8}",,Finviz via finvizfinance screener views,2026-08-25T23:30:26+02:00,2026-08-03,,22,NORMAL,"{'failed_gate': 'eps_growth', 'actual_value': -136.73, 'applicable_threshold': 30.0, 'distance_to_threshold': 166.73, 'distance_to_threshold_pct': 555.7666666666667, 'formula': 'minimo: distance = threshold - actual; pct = distance / abs(threshold) * 100'}"
SBUX,Starbucks Corp,finviz_prefilter,revenue_growth,,price_min;market_cap_min;avg_volume_min;revenue_growth;eps_growth;eps_next_year;operating_margin;earnings_window,False,"{'revenue_growth_yoy': -1.43, 'eps_growth_yoy': 86.59, 'eps_next_year': 20.62, 'operating_margin': 10.01}",,Finviz via finvizfinance screener views,2026-08-25T23:30:26+02:00,2026-07-29,,27,NORMAL,"{'failed_gate': 'revenue_growth', 'actual_value': -1.43, 'applicable_threshold': 20.0, 'distance_to_threshold': 21.43, 'distance_to_threshold_pct': 107.14999999999999, 'formula': 'minimo: distance = threshold - actual; pct = distance / abs(threshold) * 100'}"
SFD,Smithfield Foods Inc,finviz_prefilter,revenue_growth;eps_growth;eps_next_year,,price_min;market_cap_min;avg_volume_min;revenue_growth;eps_growth;eps_next_year;operating_margin;earnings_window,False,"{'revenue_growth_yoy': -3.7800000000000002, 'eps_growth_yoy': 25.759999999999998, 'eps_next_year': -135.0, 'operating_margin': 8.559999999999999}",,Finviz via finvizfinance screener views,2026-08-25T23:30:26+02:00,2026-08-11,,14,PEAD_WINDOW,
SFM,Sprouts Farmers Market Inc,finviz_prefilter,revenue_growth;eps_growth;eps_next_year;operating_margin,,price_min;market_cap_min;avg_volume_min;revenue_growth;eps_growth;eps_next_year;operating_margin;earnings_window,False,"{'revenue_growth_yoy': 4.74, 'eps_growth_yoy': 1.09, 'eps_next_year': 7.41, 'operating_margin': 7.489999999999999}",,Finviz via finvizfinance screener views,2026-08-25T23:30:26+02:00,2026-07-29,,27,NORMAL,
SFNC,Simmons First National Corp,finviz_prefilter,revenue_growth;eps_growth;eps_next_year;operating_margin,,price_min;market_cap_min;avg_volume_min;revenue_growth;eps_growth;eps_next_year;operating_margin;earnings_window,False,"{'revenue_growth_yoy': -0.69, 'eps_growth_yoy': 5.91, 'eps_next_year': 7.77, 'operating_margin': -74.6}",,Finviz via finvizfinance screener views,2026-08-25T23:30:26+02:00,2026-07-16,,40,NORMAL,
SHC,Sotera Health Co,finviz_prefilter,revenue_growth;eps_growth;eps_next_year,,price_min;market_cap_min;avg_volume_min;revenue_growth;eps_growth;eps_next_year;operating_margin;earnings_window,False,"{'revenue_growth_yoy': 9.180000000000001, 'eps_growth_yoy': 5.6738, 'eps_next_year': 9.16, 'operating_margin': 36.9}",,Finviz via finvizfinance screener views,2026-08-25T23:30:26+02:00,2026-08-06,,19,NORMAL,
SHOO,Steven Madden Ltd,finviz_prefilter,revenue_growth;eps_growth,,price_min;market_cap_min;avg_volume_min;revenue_growth;eps_growth;eps_next_year;operating_margin;earnings_window,False,"{'revenue_growth_yoy': 19.12, 'eps_growth_yoy': 1.6898, 'eps_next_year': 26.6, 'operating_margin': 9.030000000000001}",,Finviz via finvizfinance screener views,2026-08-25T23:30:26+02:00,2026-07-30,,26,NORMAL,
SIRI,Sirius XM Holdings Inc,finviz_prefilter,revenue_growth;eps_growth;eps_next_year,,price_min;market_cap_min;avg_volume_min;revenue_growth;eps_growth;eps_next_year;operating_margin;earnings_window,False,"{'revenue_growth_yoy': 1.03, 'eps_growth_yoy': 23.51, 'eps_next_year': 8.98, 'operating_margin': 22.53}",,Finviz via finvizfinance screener views,2026-08-25T23:30:26+02:00,2026-07-30,,26,NORMAL,
SLDE,Slide Insurance Holdings Inc,finviz_prefilter,eps_next_year,,price_min;market_cap_min;avg_volume_min;revenue_growth;eps_growth;eps_next_year;operating_margin;earnings_window,False,"{'revenue_growth_yoy': 47.86, 'eps_growth_yoy': 90.44, 'eps_next_year': -148.0, 'operating_margin': 53.05}",,Finviz via finvizfinance screener views,2026-08-25T23:30:26+02:00,2026-07-28,,28,NORMAL,"{'failed_gate': 'eps_next_year', 'actual_value': -148.0, 'applicable_threshold': 15.0, 'distance_to_threshold': 163.0, 'distance_to_threshold_pct': 1086.6666666666667, 'formula': 'minimo: distance = threshold - actual; pct = distance / abs(threshold) * 100'}"
SLM,SLM Corp,finviz_prefilter,revenue_growth;eps_growth;eps_next_year,,price_min;market_cap_min;avg_volume_min;revenue_growth;eps_growth;eps_next_year;operating_margin;earnings_window,False,"{'revenue_growth_yoy': -2.76, 'eps_growth_yoy': -8.559999999999999, 'eps_next_year': 7.63, 'operating_margin': 42.43}",,Finviz via finvizfinance screener views,2026-08-25T23:30:26+02:00,2026-07-23,,33,NORMAL,
SMCI,Super Micro Computer Inc,finviz_prefilter,eps_growth;operating_margin,,price_min;market_cap_min;avg_volume_min;revenue_growth;eps_growth;eps_next_year;operating_margin;earnings_window,False,"{'revenue_growth_yoy': 93.16, 'eps_growth_yoy': 4.1857, 'eps_next_year': 23.27, 'operating_margin': 7.090000000000001}",,Finviz via finvizfinance screener views,2026-08-25T23:30:26+02:00,2026-08-11,,14,PEAD_WINDOW,
SMTC,Semtech Corp,finviz_prefilter,revenue_growth;eps_growth;earnings_window,,price_min;market_cap_min;avg_volume_min;revenue_growth;eps_growth;eps_next_year;operating_margin;earnings_window,False,"{'revenue_growth_yoy': 15.920000000000002, 'eps_growth_yoy': 25.46, 'eps_next_year': 44.08, 'operating_margin': 10.72}",,Finviz via finvizfinance screener views,2026-08-25T23:30:26+02:00,2026-08-25,0,,PRE_EARNINGS_BLACKOUT,
SNDK,Sandisk Corp,finviz_prefilter,revenue_growth,,price_min;market_cap_min;avg_volume_min;revenue_growth;eps_growth;eps_next_year;operating_margin;earnings_window,False,"{'revenue_growth_yoy': 3.7159, 'eps_growth_yoy': 280.1632, 'eps_next_year': 22.06, 'operating_margin': 61.58}",,Finviz via finvizfinance screener views,2026-08-25T23:30:26+02:00,2026-08-05,,20,NORMAL,"{'failed_gate': 'revenue_growth', 'actual_value': 3.7159, 'applicable_threshold': 20.0, 'distance_to_threshold': 16.2841, 'distance_to_threshold_pct': 81.42049999999999, 'formula': 'minimo: distance = threshold - actual; pct = distance / abs(threshold) * 100'}"
SNEX,StoneX Group Inc,finviz_prefilter,revenue_growth;eps_growth;operating_margin,,price_min;market_cap_min;avg_volume_min;revenue_growth;eps_growth;eps_next_year;operating_margin;earnings_window,False,"{'revenue_growth_yoy': 15.379999999999999, 'eps_growth_yoy': 22.57, 'eps_next_year': 137.0, 'operating_margin': 1.6500000000000001}",,Finviz via finvizfinance screener views,2026-08-25T23:30:26+02:00,2026-08-05,,20,NORMAL,
SNPS,Synopsys Inc,finviz_prefilter,eps_growth;earnings_window,,price_min;market_cap_min;avg_volume_min;revenue_growth;eps_growth;eps_next_year;operating_margin;earnings_window,False,"{'revenue_growth_yoy': 41.92, 'eps_growth_yoy': -96.02000000000001, 'eps_next_year': 16.93, 'operating_margin': 12.02}",,Finviz via finvizfinance screener views,2026-08-25T23:30:26+02:00,2026-08-26,1,,PRE_EARNINGS_BLACKOUT,
SOLS,Solstice Advanced Materials Inc,finviz_prefilter,revenue_growth;eps_growth,,price_min;market_cap_min;avg_volume_min;revenue_growth;eps_growth;eps_next_year;operating_margin;earnings_window,False,"{'revenue_growth_yoy': 11.129999999999999, 'eps_growth_yoy': 22.15, 'eps_next_year': 16.11, 'operating_margin': 16.900000000000002}",,Finviz via finvizfinance screener views,2026-08-25T23:30:26+02:00,2026-07-30,,26,NORMAL,
SSNC,SS&C Technologies Holdings Inc,finviz_prefilter,revenue_growth;eps_next_year,,price_min;market_cap_min;avg_volume_min;revenue_growth;eps_growth;eps_next_year;operating_margin;earnings_window,False,"{'revenue_growth_yoy': 10.34, 'eps_growth_yoy': 35.33, 'eps_next_year': 9.55, 'operating_margin': 24.36}",,Finviz via finvizfinance screener views,2026-08-25T23:30:26+02:00,2026-07-23,,33,NORMAL,
SSRM,SSR Mining Inc,finviz_prefilter,revenue_growth;eps_growth;eps_next_year,,price_min;market_cap_min;avg_volume_min;revenue_growth;eps_growth;eps_next_year;operating_margin;earnings_window,False,"{'revenue_growth_yoy': 9.46, 'eps_growth_yoy': 11.129999999999999, 'eps_next_year': 13.06, 'operating_margin': 42.3}",,Finviz via finvizfinance screener views,2026-08-25T23:30:26+02:00,2026-08-04,,21,NORMAL,
STEP,StepStone Group Inc,finviz_prefilter,revenue_growth;eps_growth;operating_margin,,price_min;market_cap_min;avg_volume_min;revenue_growth;eps_growth;eps_next_year;operating_margin;earnings_window,False,"{'revenue_growth_yoy': 13.200000000000001, 'eps_growth_yoy': -1.8616, 'eps_next_year': 37.32, 'operating_margin': -53.39}",,Finviz via finvizfinance screener views,2026-08-25T23:30:26+02:00,2026-08-06,,19,NORMAL,
STLD,Steel Dynamics Inc,finviz_prefilter,eps_next_year,,price_min;market_cap_min;avg_volume_min;revenue_growth;eps_growth;eps_next_year;operating_margin;earnings_window,False,"{'revenue_growth_yoy': 33.44, 'eps_growth_yoy': 84.19, 'eps_next_year': 14.98, 'operating_margin': 10.01}",,Finviz via finvizfinance screener views,2026-08-25T23:30:26+02:00,2026-07-20,,36,NORMAL,"{'failed_gate': 'eps_next_year', 'actual_value': 14.98, 'applicable_threshold': 15.0, 'distance_to_threshold': 0.019999999999999574, 'distance_to_threshold_pct': 0.1333333333333305, 'formula': 'minimo: distance = threshold - actual; pct = distance / abs(threshold) * 100'}"
STOK,Stoke Therapeutics Inc,finviz_prefilter,revenue_growth;eps_growth;eps_next_year;operating_margin,,price_min;market_cap_min;avg_volume_min;revenue_growth;eps_growth;eps_next_year;operating_margin;earnings_window,False,"{'revenue_growth_yoy': -32.51, 'eps_growth_yoy': -131.96, 'eps_next_year': 2.2, 'operating_margin': -8.0969}",,Finviz via finvizfinance screener views,2026-08-25T23:30:26+02:00,2026-08-03,,22,NORMAL,
SUPN,Supernus Pharmaceuticals Inc,finviz_prefilter,eps_growth;operating_margin,,price_min;market_cap_min;avg_volume_min;revenue_growth;eps_growth;eps_next_year;operating_margin;earnings_window,False,"{'revenue_growth_yoy': 32.4, 'eps_growth_yoy': -3.5307, 'eps_next_year': 73.88, 'operating_margin': -7.7299999999999995}",,Finviz via finvizfinance screener views,2026-08-25T23:30:26+02:00,2026-08-03,,22,NORMAL,
SWKS,Skyworks Solutions Inc,finviz_prefilter,revenue_growth;eps_growth;eps_next_year,,price_min;market_cap_min;avg_volume_min;revenue_growth;eps_growth;eps_next_year;operating_margin;earnings_window,False,"{'revenue_growth_yoy': -3.1300000000000003, 'eps_growth_yoy': -67.95, 'eps_next_year': -1.57, 'operating_margin': 8.7}",,Finviz via finvizfinance screener views,2026-08-25T23:30:26+02:00,2026-07-28,,28,NORMAL,
SYM,Symbotic Inc,finviz_prefilter,eps_growth;operating_margin,,price_min;market_cap_min;avg_volume_min;revenue_growth;eps_growth;eps_next_year;operating_margin;earnings_window,False,"{'revenue_growth_yoy': 21.740000000000002, 'eps_growth_yoy': 2.6162, 'eps_next_year': 35.77, 'operating_margin': 1.43}",,Finviz via finvizfinance screener views,2026-08-25T23:30:26+02:00,2026-08-05,,20,NORMAL,
SYNA,Synaptics Inc,finviz_prefilter,revenue_growth;eps_growth;operating_margin,,price_min;market_cap_min;avg_volume_min;revenue_growth;eps_growth;eps_next_year;operating_margin;earnings_window,False,"{'revenue_growth_yoy': 8.91, 'eps_growth_yoy': -93.6708, 'eps_next_year': 25.53, 'operating_margin': -2.93}",,Finviz via finvizfinance screener views,2026-08-25T23:30:26+02:00,2026-08-06,,19,NORMAL,
TARS,Tarsus Pharmaceuticals Inc,finviz_prefilter,eps_growth;operating_margin,,price_min;market_cap_min;avg_volume_min;revenue_growth;eps_growth;eps_next_year;operating_margin;earnings_window,False,"{'revenue_growth_yoy': 69.41000000000001, 'eps_growth_yoy': 10.97, 'eps_next_year': 162.34, 'operating_margin': -8.0}",,Finviz via finvizfinance screener views,2026-08-25T23:30:26+02:00,2026-08-06,,19,NORMAL,
TEAM,Atlassian Corp,finviz_prefilter,eps_growth;operating_margin,,price_min;market_cap_min;avg_volume_min;revenue_growth;eps_growth;eps_next_year;operating_margin;earnings_window,False,"{'revenue_growth_yoy': 27.6, 'eps_growth_yoy': 7.0374, 'eps_next_year': 21.63, 'operating_margin': 4.22}",,Finviz via finvizfinance screener views,2026-08-25T23:30:26+02:00,2026-08-06,,19,NORMAL,
TECH,Bio-Techne Corp,finviz_prefilter,revenue_growth;eps_growth;eps_next_year,,price_min;market_cap_min;avg_volume_min;revenue_growth;eps_growth;eps_next_year;operating_margin;earnings_window,False,"{'revenue_growth_yoy': 1.3299999999999998, 'eps_growth_yoy': 4.0446, 'eps_next_year': 13.85, 'operating_margin': 22.42}",,Finviz via finvizfinance screener views,2026-08-25T23:30:26+02:00,2026-08-12,,13,PEAD_WINDOW,
TEM,Tempus AI Inc,finviz_prefilter,operating_margin,,price_min;market_cap_min;avg_volume_min;revenue_growth;eps_growth;eps_next_year;operating_margin;earnings_window,False,"{'revenue_growth_yoy': 21.560000000000002, 'eps_growth_yoy': 112.51, 'eps_next_year': 113.46, 'operating_margin': -18.92}",,Finviz via finvizfinance screener views,2026-08-25T23:30:26+02:00,2026-07-30,,26,NORMAL,"{'failed_gate': 'operating_margin', 'actual_value': -18.92, 'applicable_threshold': 8.0, 'distance_to_threshold': 26.92, 'distance_to_threshold_pct': 336.5, 'formula': 'minimo: distance = threshold - actual; pct = distance / abs(threshold) * 100'}"
TENB,Tenable Holdings Inc,finviz_prefilter,revenue_growth;eps_next_year;operating_margin,,price_min;market_cap_min;avg_volume_min;revenue_growth;eps_growth;eps_next_year;operating_margin;earnings_window,False,"{'revenue_growth_yoy': 8.58, 'eps_growth_yoy': 127.47, 'eps_next_year': 9.93, 'operating_margin': 4.2}",,Finviz via finvizfinance screener views,2026-08-25T23:30:26+02:00,2026-07-29,,27,NORMAL,
TER,Teradyne Inc,finviz_prefilter,eps_growth,,price_min;market_cap_min;avg_volume_min;revenue_growth;eps_growth;eps_next_year;operating_margin;earnings_window,False,"{'revenue_growth_yoy': 103.99000000000001, 'eps_growth_yoy': 3.8531, 'eps_next_year': 27.62, 'operating_margin': 30.880000000000003}",,Finviz via finvizfinance screener views,2026-08-25T23:30:26+02:00,2026-07-28,,28,NORMAL,"{'failed_gate': 'eps_growth', 'actual_value': 3.8531, 'applicable_threshold': 20.0, 'distance_to_threshold': 16.1469, 'distance_to_threshold_pct': 80.7345, 'formula': 'minimo: distance = threshold - actual; pct = distance / abs(threshold) * 100'}"
TFSL,TFS Financial Corp,finviz_prefilter,revenue_growth;eps_next_year,,price_min;market_cap_min;avg_volume_min;revenue_growth;eps_growth;eps_next_year;operating_margin;earnings_window,False,"{'revenue_growth_yoy': 5.8999999999999995, 'eps_growth_yoy': 44.18, 'eps_next_year': 8.33, 'operating_margin': 15.659999999999998}",,Finviz via finvizfinance screener views,2026-08-25T23:30:26+02:00,2026-07-30,,26,NORMAL,
TGTX,TG Therapeutics Inc,finviz_prefilter,eps_growth,,price_min;market_cap_min;avg_volume_min;revenue_growth;eps_growth;eps_next_year;operating_margin;earnings_window,False,"{'revenue_growth_yoy': 70.27, 'eps_growth_yoy': -71.45, 'eps_next_year': 185.24, 'operating_margin': 17.05}",,Finviz via finvizfinance screener views,2026-08-25T23:30:26+02:00,2026-08-03,,22,NORMAL,"{'failed_gate': 'eps_growth', 'actual_value': -71.45, 'applicable_threshold': 20.0, 'distance_to_threshold': 91.45, 'distance_to_threshold_pct': 457.25, 'formula': 'minimo: distance = threshold - actual; pct = distance / abs(threshold) * 100'}"
TIGO,Millicom International Cellular SA,finviz_prefilter,eps_growth,,price_min;market_cap_min;avg_volume_min;revenue_growth;eps_growth;eps_next_year;operating_margin;earnings_window,False,"{'revenue_growth_yoy': 58.81999999999999, 'eps_growth_yoy': -83.91, 'eps_next_year': 47.35, 'operating_margin': 23.01}",,Finviz via finvizfinance screener views,2026-08-25T23:30:26+02:00,2026-08-06,,19,NORMAL,"{'failed_gate': 'eps_growth', 'actual_value': -83.91, 'applicable_threshold': 20.0, 'distance_to_threshold': 103.91, 'distance_to_threshold_pct': 519.55, 'formula': 'minimo: distance = threshold - actual; pct = distance / abs(threshold) * 100'}"
TLN,Talen Energy Corp,finviz_prefilter,revenue_growth;eps_growth,,price_min;market_cap_min;avg_volume_min;revenue_growth;eps_growth;eps_next_year;operating_margin;earnings_window,False,"{'revenue_growth_yoy': 3.2300000000000004, 'eps_growth_yoy': -2.3335, 'eps_next_year': 48.37, 'operating_margin': 31.09}",,Finviz via finvizfinance screener views,2026-08-25T23:30:26+02:00,2026-08-05,,20,NORMAL,
TMDX,Transmedics Group Inc,finviz_prefilter,eps_growth,,price_min;market_cap_min;avg_volume_min;revenue_growth;eps_growth;eps_next_year;operating_margin;earnings_window,False,"{'revenue_growth_yoy': 20.7, 'eps_growth_yoy': -55.84, 'eps_next_year': 53.71, 'operating_margin': 12.21}",,Finviz via finvizfinance screener views,2026-08-25T23:30:26+02:00,2026-08-04,,21,NORMAL,"{'failed_gate': 'eps_growth', 'actual_value': -55.84, 'applicable_threshold': 30.0, 'distance_to_threshold': 85.84, 'distance_to_threshold_pct': 286.1333333333333, 'formula': 'minimo: distance = threshold - actual; pct = distance / abs(threshold) * 100'}"
TMUS,T-Mobile US Inc,finviz_prefilter,revenue_growth;eps_growth,,price_min;market_cap_min;avg_volume_min;revenue_growth;eps_growth;eps_next_year;operating_margin;earnings_window,False,"{'revenue_growth_yoy': 7.85, 'eps_growth_yoy': 5.4, 'eps_next_year': 27.43, 'operating_margin': 21.17}",,Finviz via finvizfinance screener views,2026-08-25T23:30:26+02:00,2026-07-23,,33,NORMAL,
TNGX,Tango Therapeutics Inc,finviz_prefilter,revenue_growth;eps_growth;eps_next_year;operating_margin,,price_min;market_cap_min;avg_volume_min;revenue_growth;eps_growth;eps_next_year;operating_margin;earnings_window,False,"{'revenue_growth_yoy': -100.0, 'eps_growth_yoy': -5.04, 'eps_next_year': -18.0, 'operating_margin': -2.5338}",,Finviz via finvizfinance screener views,2026-08-25T23:30:26+02:00,2026-08-11,,14,PEAD_WINDOW,
TPG,TPG Inc,finviz_prefilter,eps_growth,,price_min;market_cap_min;avg_volume_min;revenue_growth;eps_growth;eps_next_year;operating_margin;earnings_window,False,"{'revenue_growth_yoy': 99.00999999999999, 'eps_growth_yoy': 8.3283, 'eps_next_year': 26.83, 'operating_margin': 15.36}",,Finviz via finvizfinance screener views,2026-08-25T23:30:26+02:00,2026-08-04,,21,NORMAL,"{'failed_gate': 'eps_growth', 'actual_value': 8.3283, 'applicable_threshold': 20.0, 'distance_to_threshold': 11.6717, 'distance_to_threshold_pct': 58.3585, 'formula': 'minimo: distance = threshold - actual; pct = distance / abs(threshold) * 100'}"
TRI,Thomson-Reuters Corp,finviz_prefilter,revenue_growth;eps_next_year,,price_min;market_cap_min;avg_volume_min;revenue_growth;eps_growth;eps_next_year;operating_margin;earnings_window,False,"{'revenue_growth_yoy': 9.47, 'eps_growth_yoy': 47.38, 'eps_next_year': 14.33, 'operating_margin': 26.85}",,Finviz via finvizfinance screener views,2026-08-25T23:30:26+02:00,2026-08-05,,20,NORMAL,
TRMB,Trimble Inc,finviz_prefilter,revenue_growth;eps_growth;eps_next_year,,price_min;market_cap_min;avg_volume_min;revenue_growth;eps_growth;eps_next_year;operating_margin;earnings_window,False,"{'revenue_growth_yoy': 11.0, 'eps_growth_yoy': -6.4378, 'eps_next_year': 12.37, 'operating_margin': 18.67}",,Finviz via finvizfinance screener views,2026-08-25T23:30:26+02:00,2026-08-12,,13,PEAD_WINDOW,
TROW,T. Rowe Price Group Inc,finviz_prefilter,revenue_growth;eps_growth,,price_min;market_cap_min;avg_volume_min;revenue_growth;eps_growth;eps_next_year;operating_margin;earnings_window,False,"{'revenue_growth_yoy': 10.68, 'eps_growth_yoy': 28.62, 'eps_next_year': 28.000000000000004, 'operating_margin': 36.93}",,Finviz via finvizfinance screener views,2026-08-25T23:30:26+02:00,2026-07-31,,25,NORMAL,
TSCO,Tractor Supply Co,finviz_prefilter,revenue_growth;eps_growth;eps_next_year,,price_min;market_cap_min;avg_volume_min;revenue_growth;eps_growth;eps_next_year;operating_margin;earnings_window,False,"{'revenue_growth_yoy': 2.29, 'eps_growth_yoy': -14.899999999999999, 'eps_next_year': 6.03, 'operating_margin': 8.91}",,Finviz via finvizfinance screener views,2026-08-25T23:30:26+02:00,2026-07-23,,33,NORMAL,
TSLA,Tesla Inc,finviz_prefilter,eps_growth;operating_margin,,price_min;market_cap_min;avg_volume_min;revenue_growth;eps_growth;eps_next_year;operating_margin;earnings_window,False,"{'revenue_growth_yoy': 25.52, 'eps_growth_yoy': -5.5, 'eps_next_year': 33.03, 'operating_margin': 4.61}",,Finviz via finvizfinance screener views,2026-08-25T23:30:26+02:00,2026-07-22,,34,NORMAL,
TTAN,ServiceTitan Inc,finviz_prefilter,operating_margin,,price_min;market_cap_min;avg_volume_min;revenue_growth;eps_growth;eps_next_year;operating_margin;earnings_window,False,"{'revenue_growth_yoy': 24.63, 'eps_growth_yoy': 53.2, 'eps_next_year': 25.18, 'operating_margin': -13.94}",,Finviz via finvizfinance screener views,2026-08-25T23:30:26+02:00,2026-09-08,14,,NORMAL,"{'failed_gate': 'operating_margin', 'actual_value': -13.94, 'applicable_threshold': 8.0, 'distance_to_threshold': 21.939999999999998, 'distance_to_threshold_pct': 274.25, 'formula': 'minimo: distance = threshold - actual; pct = distance / abs(threshold) * 100'}"
TTEK,Tetra Tech Inc,finviz_prefilter,revenue_growth;eps_growth;eps_next_year,,price_min;market_cap_min;avg_volume_min;revenue_growth;eps_growth;eps_next_year;operating_margin;earnings_window,False,"{'revenue_growth_yoy': -4.47, 'eps_growth_yoy': -1.8599999999999999, 'eps_next_year': 10.19, 'operating_margin': 11.73}",,Finviz via finvizfinance screener views,2026-08-25T23:30:26+02:00,2026-07-29,,27,NORMAL,
TTWO,Take-Two Interactive Software Inc,finviz_prefilter,revenue_growth;eps_growth;operating_margin,,price_min;market_cap_min;avg_volume_min;revenue_growth;eps_growth;eps_next_year;operating_margin;earnings_window,False,"{'revenue_growth_yoy': 2.0, 'eps_growth_yoy': -1.7827, 'eps_next_year': 48.84, 'operating_margin': -0.96}",,Finviz via finvizfinance screener views,2026-08-25T23:30:26+02:00,2026-08-07,,18,NORMAL,
TVTX,Travere Therapeutics Inc,finviz_prefilter,eps_growth;operating_margin,,price_min;market_cap_min;avg_volume_min;revenue_growth;eps_growth;eps_next_year;operating_margin;earnings_window,False,"{'revenue_growth_yoy': 48.17, 'eps_growth_yoy': -1.5955, 'eps_next_year': 9888.53, 'operating_margin': -6.84}",,Finviz via finvizfinance screener views,2026-08-25T23:30:26+02:00,2026-08-04,,21,NORMAL,
TW,Tradeweb Markets Inc,finviz_prefilter,revenue_growth;eps_growth;eps_next_year,,price_min;market_cap_min;avg_volume_min;revenue_growth;eps_growth;eps_next_year;operating_margin;earnings_window,False,"{'revenue_growth_yoy': 8.959999999999999, 'eps_growth_yoy': 19.18, 'eps_next_year': 13.59, 'operating_margin': 43.61}",,Finviz via finvizfinance screener views,2026-08-25T23:30:26+02:00,2026-07-30,,26,NORMAL,
TWST,Twist Bioscience Corp,finviz_prefilter,eps_growth;operating_margin,,price_min;market_cap_min;avg_volume_min;revenue_growth;eps_growth;eps_next_year;operating_margin;earnings_window,False,"{'revenue_growth_yoy': 23.24, 'eps_growth_yoy': -2.6848, 'eps_next_year': 35.08, 'operating_margin': -31.91}",,Finviz via finvizfinance screener views,2026-08-25T23:30:26+02:00,2026-08-03,,22,NORMAL,
TXG,10x Genomics Inc,finviz_prefilter,revenue_growth;eps_growth;eps_next_year;operating_margin,,price_min;market_cap_min;avg_volume_min;revenue_growth;eps_growth;eps_next_year;operating_margin;earnings_window,False,"{'revenue_growth_yoy': -12.65, 'eps_growth_yoy': -149.75, 'eps_next_year': 3.63, 'operating_margin': -14.12}",,Finviz via finvizfinance screener views,2026-08-25T23:30:26+02:00,2026-08-06,,19,NORMAL,
TXRH,Texas Roadhouse Inc,finviz_prefilter,revenue_growth;eps_growth,,price_min;market_cap_min;avg_volume_min;revenue_growth;eps_growth;eps_next_year;operating_margin;earnings_window,False,"{'revenue_growth_yoy': 11.110000000000001, 'eps_growth_yoy': -0.72, 'eps_next_year': 18.11, 'operating_margin': 8.24}",,Finviz via finvizfinance screener views,2026-08-25T23:30:26+02:00,2026-08-06,,19,NORMAL,
UAL,United Airlines Holdings Inc,finviz_prefilter,revenue_growth;eps_growth;operating_margin,,price_min;market_cap_min;avg_volume_min;revenue_growth;eps_growth;eps_next_year;operating_margin;earnings_window,False,"{'revenue_growth_yoy': 15.989999999999998, 'eps_growth_yoy': -17.11, 'eps_next_year': 48.09, 'operating_margin': 6.77}",,Finviz via finvizfinance screener views,2026-08-25T23:30:26+02:00,2026-07-15,,41,NORMAL,
UBSI,United Bankshares Inc,finviz_prefilter,revenue_growth;eps_growth;eps_next_year,,price_min;market_cap_min;avg_volume_min;revenue_growth;eps_growth;eps_next_year;operating_margin;earnings_window,False,"{'revenue_growth_yoy': 0.9199999999999999, 'eps_growth_yoy': 12.11, 'eps_next_year': 4.04, 'operating_margin': 35.0}",,Finviz via finvizfinance screener views,2026-08-25T23:30:26+02:00,2026-07-23,,33,NORMAL,
UCTT,Ultra Clean Hldgs Inc,finviz_prefilter,operating_margin,,price_min;market_cap_min;avg_volume_min;revenue_growth;eps_growth;eps_next_year;operating_margin;earnings_window,False,"{'revenue_growth_yoy': 24.310000000000002, 'eps_growth_yoy': 105.25999999999999, 'eps_next_year': 106.91, 'operating_margin': 2.8400000000000003}",,Finviz via finvizfinance screener views,2026-08-25T23:30:26+02:00,2026-08-03,,22,NORMAL,"{'failed_gate': 'operating_margin', 'actual_value': 2.8400000000000003, 'applicable_threshold': 8.0, 'distance_to_threshold': 5.16, 'distance_to_threshold_pct': 64.5, 'formula': 'minimo: distance = threshold - actual; pct = distance / abs(threshold) * 100'}"
UPST,Upstart Holdings Inc,finviz_prefilter,eps_growth;operating_margin,,price_min;market_cap_min;avg_volume_min;revenue_growth;eps_growth;eps_next_year;operating_margin;earnings_window,False,"{'revenue_growth_yoy': 41.75, 'eps_growth_yoy': 1.855, 'eps_next_year': 163.29, 'operating_margin': 3.9899999999999998}",,Finviz via finvizfinance screener views,2026-08-25T23:30:26+02:00,2026-08-04,,21,NORMAL,
URBN,Urban Outfitters Inc,finviz_prefilter,revenue_growth;eps_growth;eps_next_year;earnings_window,,price_min;market_cap_min;avg_volume_min;revenue_growth;eps_growth;eps_next_year;operating_margin;earnings_window,False,"{'revenue_growth_yoy': 11.42, 'eps_growth_yoy': 12.41, 'eps_next_year': 9.71, 'operating_margin': 9.8}",,Finviz via finvizfinance screener views,2026-08-25T23:30:26+02:00,2026-08-26,1,,PRE_EARNINGS_BLACKOUT,
URGN,UroGen Pharma Ltd,finviz_prefilter,revenue_growth;operating_margin,,price_min;market_cap_min;avg_volume_min;revenue_growth;eps_growth;eps_next_year;operating_margin;earnings_window,False,"{'revenue_growth_yoy': 1.9922, 'eps_growth_yoy': 72.78, 'eps_next_year': 1223.7, 'operating_margin': -35.32}",,Finviz via finvizfinance screener views,2026-08-25T23:30:26+02:00,2026-08-05,,20,NORMAL,
USAR,USA Rare Earth Inc,finviz_prefilter,operating_margin,revenue_growth;eps_growth,price_min;market_cap_min;avg_volume_min;eps_next_year;operating_margin;earnings_window,False,"{'revenue_growth_yoy': None, 'eps_growth_yoy': 96.87, 'eps_next_year': 83.38, 'operating_margin': -9.4948}",,Finviz via finvizfinance screener views,2026-08-25T23:30:26+02:00,2026-08-10,,15,PEAD_WINDOW,"{'failed_gate': 'operating_margin', 'actual_value': -9.4948, 'applicable_threshold': 8.0, 'distance_to_threshold': 17.494799999999998, 'distance_to_threshold_pct': 218.68499999999997, 'formula': 'minimo: distance = threshold - actual; pct = distance / abs(threshold) * 100'}"
VCYT,Veracyte Inc,finviz_prefilter,revenue_growth;eps_growth;eps_next_year,,price_min;market_cap_min;avg_volume_min;revenue_growth;eps_growth;eps_next_year;operating_margin;earnings_window,False,"{'revenue_growth_yoy': 15.49, 'eps_growth_yoy': 25.848, 'eps_next_year': 2.14, 'operating_margin': 17.22}",,Finviz via finvizfinance screener views,2026-08-25T23:30:26+02:00,2026-07-30,,26,NORMAL,
VECO,Veeco Instruments Inc,finviz_prefilter,revenue_growth;eps_growth;operating_margin,,price_min;market_cap_min;avg_volume_min;revenue_growth;eps_growth;eps_next_year;operating_margin;earnings_window,False,"{'revenue_growth_yoy': 16.48, 'eps_growth_yoy': -9.8, 'eps_next_year': 111.2, 'operating_margin': 4.26}",,Finviz via finvizfinance screener views,2026-08-25T23:30:26+02:00,2026-08-05,,20,NORMAL,
VIAV,Viavi Solutions Inc,finviz_prefilter,eps_growth,,price_min;market_cap_min;avg_volume_min;revenue_growth;eps_growth;eps_next_year;operating_margin;earnings_window,False,"{'revenue_growth_yoy': 52.53, 'eps_growth_yoy': 2.5597, 'eps_next_year': 18.68, 'operating_margin': 10.97}",,Finviz via finvizfinance screener views,2026-08-25T23:30:26+02:00,2026-08-05,,20,NORMAL,"{'failed_gate': 'eps_growth', 'actual_value': 2.5597, 'applicable_threshold': 20.0, 'distance_to_threshold': 17.4403, 'distance_to_threshold_pct': 87.2015, 'formula': 'minimo: distance = threshold - actual; pct = distance / abs(threshold) * 100'}"
VICR,Vicor Corp,finviz_prefilter,eps_growth,,price_min;market_cap_min;avg_volume_min;revenue_growth;eps_growth;eps_next_year;operating_margin;earnings_window,False,"{'revenue_growth_yoy': 49.25, 'eps_growth_yoy': 14.17, 'eps_next_year': 73.22, 'operating_margin': 18.64}",,Finviz via finvizfinance screener views,2026-08-25T23:30:26+02:00,2026-07-21,,35,NORMAL,"{'failed_gate': 'eps_growth', 'actual_value': 14.17, 'applicable_threshold': 20.0, 'distance_to_threshold': 5.83, 'distance_to_threshold_pct': 29.15, 'formula': 'minimo: distance = threshold - actual; pct = distance / abs(threshold) * 100'}"
VNOM,Viper Energy Inc,finviz_prefilter,eps_growth;eps_next_year,,price_min;market_cap_min;avg_volume_min;revenue_growth;eps_growth;eps_next_year;operating_margin;earnings_window,False,"{'revenue_growth_yoy': 129.26999999999998, 'eps_growth_yoy': 1.5799, 'eps_next_year': -7.45, 'operating_margin': 48.86}",,Finviz via finvizfinance screener views,2026-08-25T23:30:26+02:00,2026-08-03,,22,NORMAL,
VRDN,Viridian Therapeutics Inc,finviz_prefilter,revenue_growth;eps_growth;operating_margin,,price_min;market_cap_min;avg_volume_min;revenue_growth;eps_growth;eps_next_year;operating_margin;earnings_window,False,"{'revenue_growth_yoy': 2.7867, 'eps_growth_yoy': 4.5600000000000005, 'eps_next_year': 34.08, 'operating_margin': -5.6968}",,Finviz via finvizfinance screener views,2026-08-25T23:30:26+02:00,2026-08-06,,19,NORMAL,
VRNS,Varonis Systems Inc,finviz_prefilter,revenue_growth;eps_growth;operating_margin,,price_min;market_cap_min;avg_volume_min;revenue_growth;eps_growth;eps_next_year;operating_margin;earnings_window,False,"{'revenue_growth_yoy': 18.84, 'eps_growth_yoy': -27.529999999999998, 'eps_next_year': 178.96, 'operating_margin': -24.01}",,Finviz via finvizfinance screener views,2026-08-25T23:30:26+02:00,2026-07-28,,28,NORMAL,
VRSK,Verisk Analytics Inc,finviz_prefilter,revenue_growth;eps_growth;eps_next_year,,price_min;market_cap_min;avg_volume_min;revenue_growth;eps_growth;eps_next_year;operating_margin;earnings_window,False,"{'revenue_growth_yoy': 4.36, 'eps_growth_yoy': -3.2099999999999995, 'eps_next_year': 12.67, 'operating_margin': 44.81}",,Finviz via finvizfinance screener views,2026-08-25T23:30:26+02:00,2026-07-29,,27,NORMAL,
VRSN,Verisign Inc,finviz_prefilter,revenue_growth;eps_growth;eps_next_year,,price_min;market_cap_min;avg_volume_min;revenue_growth;eps_growth;eps_next_year;operating_margin;earnings_window,False,"{'revenue_growth_yoy': 6.03, 'eps_growth_yoy': 7.71, 'eps_next_year': 13.27, 'operating_margin': 67.86}",,Finviz via finvizfinance screener views,2026-08-25T23:30:26+02:00,2026-07-23,,33,NORMAL,
VRTX,Vertex Pharmaceuticals Inc,finviz_prefilter,revenue_growth;eps_growth;eps_next_year,,price_min;market_cap_min;avg_volume_min;revenue_growth;eps_growth;eps_next_year;operating_margin;earnings_window,False,"{'revenue_growth_yoy': 11.99, 'eps_growth_yoy': 8.02, 'eps_next_year': 14.26, 'operating_margin': 39.54}",,Finviz via finvizfinance screener views,2026-08-25T23:30:26+02:00,2026-08-03,,22,NORMAL,
VSAT,Viasat Inc,finviz_prefilter,revenue_growth;eps_growth;eps_next_year;operating_margin,,price_min;market_cap_min;avg_volume_min;revenue_growth;eps_growth;eps_next_year;operating_margin;earnings_window,False,"{'revenue_growth_yoy': -1.24, 'eps_growth_yoy': 12.030000000000001, 'eps_next_year': -149.0, 'operating_margin': 2.35}",,Finviz via finvizfinance screener views,2026-08-25T23:30:26+02:00,2026-08-04,,21,NORMAL,
VSNT,Versant Media Group Inc,finviz_prefilter,revenue_growth;eps_growth,,price_min;market_cap_min;avg_volume_min;revenue_growth;eps_growth;eps_next_year;operating_margin;earnings_window,False,"{'revenue_growth_yoy': -3.75, 'eps_growth_yoy': -28.54, 'eps_next_year': 63.27, 'operating_margin': 19.29}",,Finviz via finvizfinance screener views,2026-08-25T23:30:26+02:00,2026-08-06,,19,NORMAL,
VTRS,Viatris Inc,finviz_prefilter,revenue_growth;eps_growth;eps_next_year,,price_min;market_cap_min;avg_volume_min;revenue_growth;eps_growth;eps_next_year;operating_margin;earnings_window,False,"{'revenue_growth_yoy': 5.050000000000001, 'eps_growth_yoy': -25.1795, 'eps_next_year': 7.02, 'operating_margin': 9.69}",,Finviz via finvizfinance screener views,2026-08-25T23:30:26+02:00,2026-08-06,,19,NORMAL,
WAY,Waystar Holding Corp,finviz_prefilter,revenue_growth;eps_growth;eps_next_year,,price_min;market_cap_min;avg_volume_min;revenue_growth;eps_growth;eps_next_year;operating_margin;earnings_window,False,"{'revenue_growth_yoy': 18.11, 'eps_growth_yoy': 18.57, 'eps_next_year': 12.48, 'operating_margin': 25.36}",,Finviz via finvizfinance screener views,2026-08-25T23:30:26+02:00,2026-07-29,,27,NORMAL,
WBD,Warner Bros. Discovery Inc,finviz_prefilter,revenue_growth;eps_growth;operating_margin,,price_min;market_cap_min;avg_volume_min;revenue_growth;eps_growth;eps_next_year;operating_margin;earnings_window,False,"{'revenue_growth_yoy': -11.07, 'eps_growth_yoy': -90.84, 'eps_next_year': 101.21, 'operating_margin': 7.000000000000001}",,Finviz via finvizfinance screener views,2026-08-25T23:30:26+02:00,2026-08-06,,19,NORMAL,
WDAY,Workday Inc,finviz_prefilter,revenue_growth;eps_growth;earnings_window,,price_min;market_cap_min;avg_volume_min;revenue_growth;eps_growth;eps_next_year;operating_margin;earnings_window,False,"{'revenue_growth_yoy': 14.29, 'eps_growth_yoy': 2.4694, 'eps_next_year': 17.27, 'operating_margin': 12.34}",,Finviz via finvizfinance screener views,2026-08-25T23:30:26+02:00,2026-08-27,2,,PRE_EARNINGS_BLACKOUT,
WDC,Western Digital Corp,finviz_prefilter,eps_growth,,price_min;market_cap_min;avg_volume_min;revenue_growth;eps_growth;eps_next_year;operating_margin;earnings_window,False,"{'revenue_growth_yoy': 43.84, 'eps_growth_yoy': 9.8072, 'eps_next_year': 60.29, 'operating_margin': 35.58}",,Finviz via finvizfinance screener views,2026-08-25T23:30:26+02:00,2026-08-05,,20,NORMAL,"{'failed_gate': 'eps_growth', 'actual_value': 9.8072, 'applicable_threshold': 20.0, 'distance_to_threshold': 10.1928, 'distance_to_threshold_pct': 50.964, 'formula': 'minimo: distance = threshold - actual; pct = distance / abs(threshold) * 100'}"
WERN,Werner Enterprises Inc,finviz_prefilter,eps_growth;operating_margin,,price_min;market_cap_min;avg_volume_min;revenue_growth;eps_growth;eps_next_year;operating_margin;earnings_window,False,"{'revenue_growth_yoy': 24.0, 'eps_growth_yoy': -85.41, 'eps_next_year': 90.64, 'operating_margin': 0.7000000000000001}",,Finviz via finvizfinance screener views,2026-08-25T23:30:26+02:00,2026-07-28,,28,NORMAL,
WFRD,Weatherford International plc,finviz_prefilter,revenue_growth;eps_growth,,price_min;market_cap_min;avg_volume_min;revenue_growth;eps_growth;eps_next_year;operating_margin;earnings_window,False,"{'revenue_growth_yoy': -8.219999999999999, 'eps_growth_yoy': -71.24000000000001, 'eps_next_year': 37.89, 'operating_margin': 14.42}",,Finviz via finvizfinance screener views,2026-08-25T23:30:26+02:00,2026-07-21,,35,NORMAL,
WGS,GeneDx Holdings Corp,finviz_prefilter,revenue_growth;eps_growth;operating_margin,,price_min;market_cap_min;avg_volume_min;revenue_growth;eps_growth;eps_next_year;operating_margin;earnings_window,False,"{'revenue_growth_yoy': 11.44, 'eps_growth_yoy': -2.6435, 'eps_next_year': 1068.75, 'operating_margin': -12.49}",,Finviz via finvizfinance screener views,2026-08-25T23:30:26+02:00,2026-08-03,,22,NORMAL,
WING,Wingstop Inc,finviz_prefilter,revenue_growth;eps_growth,,price_min;market_cap_min;avg_volume_min;revenue_growth;eps_growth;eps_next_year;operating_margin;earnings_window,False,"{'revenue_growth_yoy': 6.4399999999999995, 'eps_growth_yoy': 20.11, 'eps_next_year': 20.77, 'operating_margin': 28.77}",,Finviz via finvizfinance screener views,2026-08-25T23:30:26+02:00,2026-07-29,,27,NORMAL,
WIX,Wix.com Ltd,finviz_prefilter,revenue_growth;eps_growth;operating_margin,,price_min;market_cap_min;avg_volume_min;revenue_growth;eps_growth;eps_next_year;operating_margin;earnings_window,False,"{'revenue_growth_yoy': 14.93, 'eps_growth_yoy': -2.8372, 'eps_next_year': 51.76, 'operating_margin': -3.1399999999999997}",,Finviz via finvizfinance screener views,2026-08-25T23:30:26+02:00,2026-08-04,,21,NORMAL,
WMG,Warner Music Group Corp,finviz_prefilter,revenue_growth;eps_growth,,price_min;market_cap_min;avg_volume_min;revenue_growth;eps_growth;eps_next_year;operating_margin;earnings_window,False,"{'revenue_growth_yoy': 10.36, 'eps_growth_yoy': 13.4853, 'eps_next_year': 20.79, 'operating_margin': 18.77}",,Finviz via finvizfinance screener views,2026-08-25T23:30:26+02:00,2026-08-05,,20,NORMAL,
WMT,Walmart Inc,finviz_prefilter,revenue_growth;eps_growth;eps_next_year;operating_margin,,price_min;market_cap_min;avg_volume_min;revenue_growth;eps_growth;eps_next_year;operating_margin;earnings_window,False,"{'revenue_growth_yoy': 5.94, 'eps_growth_yoy': -8.73, 'eps_next_year': 11.71, 'operating_margin': 4.390000000000001}",,Finviz via finvizfinance screener views,2026-08-25T23:30:26+02:00,2026-08-20,,5,PEAD_WINDOW,
WSBC,Wesbanco Inc,finviz_prefilter,revenue_growth;eps_next_year,,price_min;market_cap_min;avg_volume_min;revenue_growth;eps_growth;eps_next_year;operating_margin;earnings_window,False,"{'revenue_growth_yoy': 1.24, 'eps_growth_yoy': 59.650000000000006, 'eps_next_year': 8.05, 'operating_margin': 30.669999999999998}",,Finviz via finvizfinance screener views,2026-08-25T23:30:26+02:00,2026-07-21,,35,NORMAL,
WSC,WillScot Holdings Corp,finviz_prefilter,revenue_growth;eps_growth,,price_min;market_cap_min;avg_volume_min;revenue_growth;eps_growth;eps_next_year;operating_margin;earnings_window,False,"{'revenue_growth_yoy': 3.92, 'eps_growth_yoy': -1.11, 'eps_next_year': 16.28, 'operating_margin': 20.549999999999997}",,Finviz via finvizfinance screener views,2026-08-25T23:30:26+02:00,2026-08-06,,19,NORMAL,
WULF,TeraWulf Inc,finviz_prefilter,revenue_growth;eps_growth;operating_margin,,price_min;market_cap_min;avg_volume_min;revenue_growth;eps_growth;eps_next_year;operating_margin;earnings_window,False,"{'revenue_growth_yoy': -6.02, 'eps_growth_yoy': -39.7368, 'eps_next_year': 92.66, 'operating_margin': -2.2732}",,Finviz via finvizfinance screener views,2026-08-25T23:30:26+02:00,2026-08-05,,20,NORMAL,
WYNN,Wynn Resorts Ltd,finviz_prefilter,revenue_growth;eps_next_year,,price_min;market_cap_min;avg_volume_min;revenue_growth;eps_growth;eps_next_year;operating_margin;earnings_window,False,"{'revenue_growth_yoy': 6.859999999999999, 'eps_growth_yoy': 106.71, 'eps_next_year': 7.79, 'operating_margin': 16.3}",,Finviz via finvizfinance screener views,2026-08-25T23:30:26+02:00,2026-08-04,,21,NORMAL,
XE,X-Energy Inc,finviz_prefilter,eps_next_year,revenue_growth;eps_growth;operating_margin,price_min;market_cap_min;avg_volume_min;eps_next_year;earnings_window,False,"{'revenue_growth_yoy': None, 'eps_growth_yoy': None, 'eps_next_year': 12.94, 'operating_margin': None}",,Finviz via finvizfinance screener views,2026-08-25T23:30:26+02:00,2026-08-13,,12,PEAD_WINDOW,"{'failed_gate': 'eps_next_year', 'actual_value': 12.94, 'applicable_threshold': 15.0, 'distance_to_threshold': 2.0600000000000005, 'distance_to_threshold_pct': 13.733333333333336, 'formula': 'minimo: distance = threshold - actual; pct = distance / abs(threshold) * 100'}"
XEL,Xcel Energy Inc,finviz_prefilter,revenue_growth;eps_growth;eps_next_year,,price_min;market_cap_min;avg_volume_min;revenue_growth;eps_growth;eps_next_year;operating_margin;earnings_window,False,"{'revenue_growth_yoy': -4.9399999999999995, 'eps_growth_yoy': 23.77, 'eps_next_year': 10.57, 'operating_margin': 21.16}",,Finviz via finvizfinance screener views,2026-08-25T23:30:26+02:00,2026-07-30,,26,NORMAL,
XMTR,Xometry Inc,finviz_prefilter,operating_margin,,price_min;market_cap_min;avg_volume_min;revenue_growth;eps_growth;eps_next_year;operating_margin;earnings_window,False,"{'revenue_growth_yoy': 41.05, 'eps_growth_yoy': 81.2, 'eps_next_year': 83.45, 'operating_margin': -3.7600000000000002}",,Finviz via finvizfinance screener views,2026-08-25T23:30:26+02:00,2026-08-04,,21,NORMAL,"{'failed_gate': 'operating_margin', 'actual_value': -3.7600000000000002, 'applicable_threshold': 8.0, 'distance_to_threshold': 11.76, 'distance_to_threshold_pct': 147.0, 'formula': 'minimo: distance = threshold - actual; pct = distance / abs(threshold) * 100'}"
XNCR,Xencor Inc,finviz_prefilter,revenue_growth;eps_next_year;operating_margin,,price_min;market_cap_min;avg_volume_min;revenue_growth;eps_growth;eps_next_year;operating_margin;earnings_window,False,"{'revenue_growth_yoy': 17.46, 'eps_growth_yoy': 30.990000000000002, 'eps_next_year': -7.31, 'operating_margin': -2.0584}",,Finviz via finvizfinance screener views,2026-08-25T23:30:26+02:00,2026-08-05,,20,NORMAL,
XP,XP Inc,finviz_prefilter,eps_growth;eps_next_year,,price_min;market_cap_min;avg_volume_min;revenue_growth;eps_growth;eps_next_year;operating_margin;earnings_window,False,"{'revenue_growth_yoy': 20.82, 'eps_growth_yoy': 21.83, 'eps_next_year': 13.83, 'operating_margin': 31.869999999999997}",,Finviz via finvizfinance screener views,2026-08-25T23:30:26+02:00,2026-08-17,,8,PEAD_WINDOW,
Z,Zillow Group Inc,finviz_prefilter,revenue_growth;eps_growth;operating_margin,,price_min;market_cap_min;avg_volume_min;revenue_growth;eps_growth;eps_next_year;operating_margin;earnings_window,False,"{'revenue_growth_yoy': 17.86, 'eps_growth_yoy': -3.2, 'eps_next_year': 28.88, 'operating_margin': 1.78}",,Finviz via finvizfinance screener views,2026-08-25T23:30:26+02:00,2026-08-05,,20,NORMAL,
ZBIO,Zenas Biopharma Inc,finviz_prefilter,eps_next_year;operating_margin,revenue_growth;eps_growth,price_min;market_cap_min;avg_volume_min;eps_next_year;operating_margin;earnings_window,False,"{'revenue_growth_yoy': None, 'eps_growth_yoy': -41.57, 'eps_next_year': 10.88, 'operating_margin': -273.901}",,Finviz via finvizfinance screener views,2026-08-25T23:30:26+02:00,2026-08-13,,12,PEAD_WINDOW,
ZBRA,Zebra Technologies Corp,finviz_prefilter,revenue_growth;eps_next_year,,price_min;market_cap_min;avg_volume_min;revenue_growth;eps_growth;eps_next_year;operating_margin;earnings_window,False,"{'revenue_growth_yoy': 19.07, 'eps_growth_yoy': 121.66, 'eps_next_year': 5.09, 'operating_margin': 17.16}",,Finviz via finvizfinance screener views,2026-08-25T23:30:26+02:00,2026-08-04,,21,NORMAL,
ZG,Zillow Group Inc,finviz_prefilter,revenue_growth;eps_growth;operating_margin,,price_min;market_cap_min;avg_volume_min;revenue_growth;eps_growth;eps_next_year;operating_margin;earnings_window,False,"{'revenue_growth_yoy': 17.86, 'eps_growth_yoy': -3.2, 'eps_next_year': 29.63, 'operating_margin': 1.78}",,Finviz via finvizfinance screener views,2026-08-25T23:30:26+02:00,2026-08-05,,20,NORMAL,
ZION,Zions Bancorporation N.A,finviz_prefilter,revenue_growth;eps_next_year,,price_min;market_cap_min;avg_volume_min;revenue_growth;eps_growth;eps_next_year;operating_margin;earnings_window,False,"{'revenue_growth_yoy': 19.1, 'eps_growth_yoy': 86.9, 'eps_next_year': -14.23, 'operating_margin': 29.060000000000002}",,Finviz via finvizfinance screener views,2026-08-25T23:30:26+02:00,2026-07-20,,36,NORMAL,
ZM,Zoom Communications Inc,finviz_prefilter,revenue_growth;eps_next_year;earnings_window,,price_min;market_cap_min;avg_volume_min;revenue_growth;eps_growth;eps_next_year;operating_margin;earnings_window,False,"{'revenue_growth_yoy': 5.47, 'eps_growth_yoy': 74.18, 'eps_next_year': 4.03, 'operating_margin': 24.169999999999998}",,Finviz via finvizfinance screener views,2026-08-25T23:30:26+02:00,2026-08-25,0,,PRE_EARNINGS_BLACKOUT,
ZS,Zscaler Inc,finviz_prefilter,eps_growth;eps_next_year;operating_margin,,price_min;market_cap_min;avg_volume_min;revenue_growth;eps_growth;eps_next_year;operating_margin;earnings_window,False,"{'revenue_growth_yoy': 25.430000000000003, 'eps_growth_yoy': -2.2481, 'eps_next_year': 11.2, 'operating_margin': -4.47}",,Finviz via finvizfinance screener views,2026-08-25T23:30:26+02:00,2026-09-03,9,,NORMAL,
AEIS,Advanced Energy Industries Inc,tradingview_gates,price_above_sma50;sma50_above_sma150;ema21_above_ema50;within_25pct_52w_high;rsi14;performance_21d;market_regime_allows_new_entries,,price_min;market_cap_min;avg_volume_min;price_above_sma50;sma50_above_sma150;sma150_above_sma200;ema21_above_ema50;within_25pct_52w_high;rsi14;atr_pct;rvol20_data_available;performance_21d;distance_resistance_hard;no_extended_move_10d;revenue_growth;eps_growth;eps_next_year;operating_margin;earnings_window;market_regime_allows_new_entries,True,"{'price': 275.43, 'price_tv': 275.43, 'price_finviz': 275.43, 'sma50': 318.0059, 'sma150': 323.0703, 'sma200': 296.509975, 'ema21': 305.2031820808441, 'ema50': 313.00280371589355, 'rsi14': 39.75857964698139, 'atr14': 20.010657669398814, 'atr_pct': 7.265242591365796, 'rvol20': 0.5613448345949684, 'performance_21d_pct': -5.658503168350737, 'distance_52w_high_pct': 30.698973429951685, 'distance_resistance_pct': 41.5205315325128, 'move_10d_pct': -15.92234195183002, 'structural_trend_pass': False}",pattern;previous_revenue_growth_yoy;shares_change_6m_pct,TradingView MCP + Finviz via finvizfinance screener views,2026-08-25T23:31:02+02:00,2026-08-03,,22,NORMAL,
AMAT,Applied Materials Inc,tradingview_gates,price_above_sma50;ema21_above_ema50;within_25pct_52w_high;rsi14;performance_21d;market_regime_allows_new_entries,,price_min;market_cap_min;avg_volume_min;price_above_sma50;sma50_above_sma150;sma150_above_sma200;ema21_above_ema50;within_25pct_52w_high;rsi14;atr_pct;rvol20_data_available;performance_21d;distance_resistance_hard;no_extended_move_10d;revenue_growth;eps_growth;eps_next_year;operating_margin;earnings_window;market_regime_allows_new_entries,True,"{'price': 480.04, 'price_tv': 480.04, 'price_finviz': 480.04, 'sma50': 557.5976, 'sma150': 443.40476666666666, 'sma200': 397.9775, 'ema21': 515.1493220861659, 'ema50': 521.3340469610647, 'rsi14': 40.984580719837574, 'atr14': 30.353837265578655, 'atr_pct': 6.323189164565172, 'rvol20': 0.6360936588348445, 'performance_21d_pct': -7.129176420514993, 'distance_52w_high_pct': 35.100788189327666, 'distance_resistance_pct': 54.08507624364635, 'move_10d_pct': -8.669926371263859, 'structural_trend_pass': False}",pattern;previous_revenue_growth_yoy;shares_change_6m_pct,TradingView MCP + Finviz via finvizfinance screener views,2026-08-25T23:31:16+02:00,2026-08-13,,12,PEAD_WINDOW,
AMLX,Amylyx Pharmaceuticals Inc,tradingview_gates,rsi14;performance_21d;no_extended_move_10d;market_regime_allows_new_entries,revenue_growth;eps_growth;operating_margin,price_min;market_cap_min;avg_volume_min;price_above_sma50;sma50_above_sma150;sma150_above_sma200;ema21_above_ema50;within_25pct_52w_high;rsi14;atr_pct;rvol20_data_available;performance_21d;distance_resistance_hard;no_extended_move_10d;eps_next_year;earnings_window;market_regime_allows_new_entries,True,"{'price': 37.46, 'price_tv': 37.46, 'price_finviz': 37.46, 'sma50': 21.2092, 'sma150': 16.939799999999998, 'sma200': 15.9782, 'ema21': 28.409335993242074, 'ema50': 23.078131087816374, 'rsi14': 77.55710372639737, 'atr14': 2.3613105542386514, 'atr_pct': 6.303551933365327, 'rvol20': 0.5331785585247695, 'performance_21d_pct': 92.2011287839918, 'distance_52w_high_pct': 8.945065629557607, 'distance_resistance_pct': 9.823812066203951, 'move_10d_pct': 58.52729581041049, 'structural_trend_pass': True}",gross_margin;operating_margin;pattern;previous_revenue_growth_yoy;revenue_growth_yoy;shares_change_6m_pct,TradingView MCP + Finviz via finvizfinance screener views,2026-08-25T23:31:30+02:00,2026-08-06,,19,NORMAL,
APP,Applovin Corp,tradingview_gates,price_above_sma50;sma50_above_sma150;sma150_above_sma200;ema21_above_ema50;within_25pct_52w_high;rsi14;performance_21d;market_regime_allows_new_entries,,price_min;market_cap_min;avg_volume_min;price_above_sma50;sma50_above_sma150;sma150_above_sma200;ema21_above_ema50;within_25pct_52w_high;rsi14;atr_pct;rvol20_data_available;performance_21d;distance_resistance_hard;no_extended_move_10d;revenue_growth;eps_growth;eps_next_year;operating_margin;earnings_window;market_regime_allows_new_entries,True,"{'price': 310.54, 'price_tv': 310.54, 'price_finviz': 310.54, 'sma50': 419.9282, 'sma150': 450.8454666666667, 'sma200': 497.09192499999995, 'ema21': 343.7639434981504, 'ema50': 396.8325998039902, 'rsi14': 33.71244350078605, 'atr14': 19.125100719317725, 'atr_pct': 6.158659341572012, 'rvol20': 0.5451645619431934, 'performance_21d_pct': -24.75952802073995, 'distance_52w_high_pct': 58.35088048711793, 'distance_resistance_pct': 100.2962581309976, 'move_10d_pct': -2.5542864315300617, 'structural_trend_pass': False}",pattern;previous_revenue_growth_yoy;shares_change_6m_pct,TradingView MCP + Finviz via finvizfinance screener views,2026-08-25T23:31:44+02:00,2026-08-05,,20,NORMAL,
ARXS,Arxis Inc,tradingview_gates,market_regime_allows_new_entries,price_above_sma50;sma50_above_sma150;sma150_above_sma200;ema21_above_ema50;within_25pct_52w_high;rsi14;atr_pct;rvol20_data_available;performance_21d;distance_resistance_hard;no_extended_move_10d;revenue_growth;eps_growth;operating_margin,price_min;market_cap_min;avg_volume_min;eps_next_year;earnings_window;market_regime_allows_new_entries,False,"{'price': None, 'price_tv': None, 'price_finviz': 52.98, 'sma50': None, 'sma150': None, 'sma200': None, 'ema21': None, 'ema50': None, 'rsi14': None, 'atr14': None, 'atr_pct': None, 'rvol20': None, 'performance_21d_pct': None, 'distance_52w_high_pct': None, 'distance_resistance_pct': None, 'move_10d_pct': None, 'structural_trend_pass': False}",atr14;atr_pct;distance_52w_high_pct;distance_resistance_pct;ema21;ema50;eps_growth_yoy;gross_margin;move_10d_pct;operating_margin;pattern;performance_21d_pct;previous_revenue_growth_yoy;price;price_tv;resistance;revenue_growth_yoy;rsi14;rvol20;shares_change_6m_pct;sma150;sma200;sma50;week52_high,TradingView MCP + Finviz via finvizfinance screener views,2026-08-25T23:31:50+02:00,2026-07-29,,27,NORMAL,
ASML,ASML Holding NV,tradingview_gates,price_above_sma50;rsi14;market_regime_allows_new_entries,,price_min;market_cap_min;avg_volume_min;price_above_sma50;sma50_above_sma150;sma150_above_sma200;ema21_above_ema50;within_25pct_52w_high;rsi14;atr_pct;rvol20_data_available;performance_21d;distance_resistance_hard;no_extended_move_10d;revenue_growth;eps_growth;eps_next_year;operating_margin;earnings_window;market_regime_allows_new_entries,True,"{'price': 1744.16, 'price_tv': 1744.16, 'price_finviz': 1744.16, 'sma50': 1775.9626, 'sma150': 1569.6117333333334, 'sma200': 1453.5829250000002, 'ema21': 1759.620177247082, 'ema50': 1736.094704160928, 'rsi14': 48.60685621280508, 'atr14': 62.75359052136687, 'atr_pct': 3.5979262522570674, 'rvol20': 0.5454446341360676, 'performance_21d_pct': 5.370757464084197, 'distance_52w_high_pct': 12.790255805116098, 'distance_resistance_pct': 14.66608568021282, 'move_10d_pct': -3.0688348208827487, 'structural_trend_pass': False}",pattern;previous_revenue_growth_yoy;shares_change_6m_pct,TradingView MCP + Finviz via finvizfinance screener views,2026-08-25T23:32:04+02:00,2026-07-15,,41,NORMAL,
AVGO,Broadcom Inc,tradingview_gates,price_above_sma50;ema21_above_ema50;within_25pct_52w_high;rsi14;performance_21d;market_regime_allows_new_entries,,price_min;market_cap_min;avg_volume_min;price_above_sma50;sma50_above_sma150;sma150_above_sma200;ema21_above_ema50;within_25pct_52w_high;rsi14;atr_pct;rvol20_data_available;performance_21d;distance_resistance_hard;no_extended_move_10d;revenue_growth;eps_growth;eps_next_year;operating_margin;earnings_window;market_regime_allows_new_entries,True,"{'price': 356.74, 'price_tv': 356.74, 'price_finviz': 356.74, 'sma50': 387.45980000000003, 'sma150': 373.0079666666667, 'sma200': 369.220775, 'ema21': 385.3393199930547, 'ema50': 389.7095280907481, 'rsi14': 34.747363488539435, 'atr14': 14.370434863467198, 'atr_pct': 4.0282656454188475, 'rvol20': 0.8998571838989754, 'performance_21d_pct': -6.909869004749236, 'distance_52w_high_pct': 27.93131313131313, 'distance_resistance_pct': 38.75651735157257, 'move_10d_pct': -14.261680446068059, 'structural_trend_pass': False}",pattern;previous_revenue_growth_yoy;shares_change_6m_pct,TradingView MCP + Finviz via finvizfinance screener views,2026-08-25T23:32:09+02:00,2026-09-02,8,,NORMAL,
BLLN,Billiontoone Inc,tradingview_gates,price_above_sma50;sma150_above_sma200;ema21_above_ema50;within_25pct_52w_high;rsi14;performance_21d;market_regime_allows_new_entries,,price_min;market_cap_min;avg_volume_min;price_above_sma50;sma50_above_sma150;sma150_above_sma200;ema21_above_ema50;within_25pct_52w_high;rsi14;atr_pct;rvol20_data_available;performance_21d;distance_resistance_hard;no_extended_move_10d;revenue_growth;eps_growth;eps_next_year;operating_margin;earnings_window;market_regime_allows_new_entries,True,"{'price': 100.075, 'price_tv': 100.075, 'price_finviz': 100.07, 'sma50': 115.1919, 'sma150': 94.13069999999999, 'sma200': 95.373575, 'ema21': 104.59430822562759, 'ema50': 108.4412951990069, 'rsi14': 44.14868172838383, 'atr14': 7.354553111542076, 'atr_pct': 7.349041330544168, 'rvol20': 1.0722349338642, 'performance_21d_pct': -21.804188154399128, 'distance_52w_high_pct': 33.478463174687576, 'distance_resistance_pct': 50.32725455908068, 'move_10d_pct': 2.17990606493772, 'structural_trend_pass': False}",pattern;previous_revenue_growth_yoy;shares_change_6m_pct,TradingView MCP + Finviz via finvizfinance screener views,2026-08-25T23:32:24+02:00,2026-08-05,,20,NORMAL,
BSP,Bending Spoons S.p.A,tradingview_gates,market_regime_allows_new_entries,price_above_sma50;sma50_above_sma150;sma150_above_sma200;ema21_above_ema50;within_25pct_52w_high;rsi14;atr_pct;rvol20_data_available;performance_21d;distance_resistance_hard;no_extended_move_10d;revenue_growth;eps_growth;operating_margin,price_min;market_cap_min;avg_volume_min;eps_next_year;earnings_window;market_regime_allows_new_entries,False,"{'price': None, 'price_tv': None, 'price_finviz': 42.47, 'sma50': None, 'sma150': None, 'sma200': None, 'ema21': None, 'ema50': None, 'rsi14': None, 'atr14': None, 'atr_pct': None, 'rvol20': None, 'performance_21d_pct': None, 'distance_52w_high_pct': None, 'distance_resistance_pct': None, 'move_10d_pct': None, 'structural_trend_pass': False}",atr14;atr_pct;distance_52w_high_pct;distance_resistance_pct;ema21;ema50;eps_growth_yoy;gross_margin;move_10d_pct;operating_margin;pattern;performance_21d_pct;previous_revenue_growth_yoy;price;price_tv;resistance;revenue_growth_yoy;rsi14;rvol20;shares_change_6m_pct;sma150;sma200;sma50;week52_high,TradingView MCP + Finviz via finvizfinance screener views,2026-08-25T23:32:38+02:00,2026-08-13,,12,PEAD_WINDOW,
CAI,Caris Life Sciences Inc,tradingview_gates,sma50_above_sma150;sma150_above_sma200;within_25pct_52w_high;rsi14;performance_21d;distance_resistance_hard;market_regime_allows_new_entries,,price_min;market_cap_min;avg_volume_min;price_above_sma50;sma50_above_sma150;sma150_above_sma200;ema21_above_ema50;within_25pct_52w_high;rsi14;atr_pct;rvol20_data_available;performance_21d;distance_resistance_hard;no_extended_move_10d;revenue_growth;eps_growth;eps_next_year;operating_margin;earnings_window;market_regime_allows_new_entries,True,"{'price': 28.01, 'price_tv': 28.01, 'price_finviz': 28.01, 'sma50': 18.7798, 'sma150': 19.0482, 'sma200': 20.910175, 'ema21': 21.91922894185154, 'ema50': 19.7420424760108, 'rsi14': 79.92700254837206, 'atr14': 1.373082270660394, 'atr_pct': 4.902114497180985, 'rvol20': 1.257682445658172, 'performance_21d_pct': 79.20665387076136, 'distance_52w_high_pct': 30.668316831683164, 'distance_resistance_pct': -4.819707247411643, 'move_10d_pct': 21.045808124459818, 'structural_trend_pass': False}",pattern;previous_revenue_growth_yoy;shares_change_6m_pct,TradingView MCP + Finviz via finvizfinance screener views,2026-08-25T23:32:52+02:00,2026-08-05,,20,NORMAL,
CDNS,Cadence Design Systems Inc,tradingview_gates,price_above_sma50;ema21_above_ema50;rsi14;performance_21d;market_regime_allows_new_entries,,price_min;market_cap_min;avg_volume_min;price_above_sma50;sma50_above_sma150;sma150_above_sma200;ema21_above_ema50;within_25pct_52w_high;rsi14;atr_pct;rvol20_data_available;performance_21d;distance_resistance_hard;no_extended_move_10d;revenue_growth;eps_growth;eps_next_year;operating_margin;earnings_window;market_regime_allows_new_entries,True,"{'price': 331.9, 'price_tv': 331.9, 'price_finviz': 331.9, 'sma50': 351.43019999999996, 'sma150': 330.0197333333333, 'sma200': 327.00985000000003, 'ema21': 329.19826529803606, 'ema50': 341.1790493195315, 'rsi14': 49.354699937080454, 'atr14': 11.258304032439293, 'atr_pct': 3.39207714143998, 'rvol20': 1.3377441848958365, 'performance_21d_pct': -1.9816307846785453, 'distance_52w_high_pct': 20.348460486212776, 'distance_resistance_pct': 25.546851461283527, 'move_10d_pct': 1.334228925594605, 'structural_trend_pass': False}",pattern;previous_revenue_growth_yoy;shares_change_6m_pct,TradingView MCP + Finviz via finvizfinance screener views,2026-08-25T23:33:06+02:00,2026-07-27,,29,NORMAL,
DLO,DLocal Limited,tradingview_gates,sma150_above_sma200;distance_resistance_hard;market_regime_allows_new_entries,,price_min;market_cap_min;avg_volume_min;price_above_sma50;sma50_above_sma150;sma150_above_sma200;ema21_above_ema50;within_25pct_52w_high;rsi14;atr_pct;rvol20_data_available;performance_21d;distance_resistance_hard;no_extended_move_10d;revenue_growth;eps_growth;eps_next_year;operating_margin;earnings_window;market_regime_allows_new_entries,True,"{'price': 15.53, 'price_tv': 15.53, 'price_finviz': 15.53, 'sma50': 14.230799999999999, 'sma150': 13.208966666666667, 'sma200': 13.368425, 'ema21': 14.608005360619424, 'ema50': 14.205235756649698, 'rsi14': 62.1318715591086, 'atr14': 0.5762500115460026, 'atr_pct': 3.7105602803992443, 'rvol20': 1.0719816336788555, 'performance_21d_pct': 3.810160427807485, 'distance_52w_high_pct': 7.449344457687733, 'distance_resistance_pct': 0.7726980038634965, 'move_10d_pct': 10.063784549964572, 'structural_trend_pass': False}",pattern;previous_revenue_growth_yoy;shares_change_6m_pct,TradingView MCP + Finviz via finvizfinance screener views,2026-08-25T23:33:21+02:00,2026-08-13,,12,PEAD_WINDOW,
FRVO,Fervo Energy Co,tradingview_gates,market_regime_allows_new_entries,price_above_sma50;sma50_above_sma150;sma150_above_sma200;ema21_above_ema50;within_25pct_52w_high;rsi14;atr_pct;rvol20_data_available;performance_21d;distance_resistance_hard;no_extended_move_10d;revenue_growth;eps_growth;operating_margin,price_min;market_cap_min;avg_volume_min;eps_next_year;earnings_window;market_regime_allows_new_entries,False,"{'price': None, 'price_tv': None, 'price_finviz': 16.45, 'sma50': None, 'sma150': None, 'sma200': None, 'ema21': None, 'ema50': None, 'rsi14': None, 'atr14': None, 'atr_pct': None, 'rvol20': None, 'performance_21d_pct': None, 'distance_52w_high_pct': None, 'distance_resistance_pct': None, 'move_10d_pct': None, 'structural_trend_pass': False}",atr14;atr_pct;distance_52w_high_pct;distance_resistance_pct;ema21;ema50;eps_growth_yoy;gross_margin;move_10d_pct;operating_margin;pattern;performance_21d_pct;previous_revenue_growth_yoy;price;price_tv;resistance;revenue_growth_yoy;rsi14;rvol20;shares_change_6m_pct;sma150;sma200;sma50;week52_high,TradingView MCP + Finviz via finvizfinance screener views,2026-08-25T23:33:26+02:00,2026-08-12,,13,PEAD_WINDOW,
HALO,Halozyme Therapeutics Inc,tradingview_gates,rsi14;atr_pct;performance_21d;distance_resistance_hard;market_regime_allows_new_entries,,price_min;market_cap_min;avg_volume_min;price_above_sma50;sma50_above_sma150;sma150_above_sma200;ema21_above_ema50;within_25pct_52w_high;rsi14;atr_pct;rvol20_data_available;performance_21d;distance_resistance_hard;no_extended_move_10d;revenue_growth;eps_growth;eps_next_year;operating_margin;earnings_window;market_regime_allows_new_entries,True,"{'price': 109.32, 'price_tv': 109.32, 'price_finviz': 109.32, 'sma50': 84.5918, 'sma150': 74.011, 'sma200': 72.67609999999999, 'ema21': 98.2185476213163, 'ema50': 88.14402276142347, 'rsi14': 79.33548629997804, 'atr14': 3.062332108225589, 'atr_pct': 2.8012551301002464, 'rvol20': 0.6501063454382171, 'performance_21d_pct': 34.16789396170839, 'distance_52w_high_pct': 0.20985870365924633, 'distance_resistance_pct': -0.20124405415294444, 'move_10d_pct': 6.528941726758908, 'structural_trend_pass': True}",pattern;previous_revenue_growth_yoy;shares_change_6m_pct,TradingView MCP + Finviz via finvizfinance screener views,2026-08-25T23:33:40+02:00,2026-08-06,,19,NORMAL,
HAPN,Happen Inc,tradingview_gates,market_regime_allows_new_entries,price_above_sma50;sma50_above_sma150;sma150_above_sma200;ema21_above_ema50;within_25pct_52w_high;rsi14;atr_pct;rvol20_data_available;performance_21d;distance_resistance_hard;no_extended_move_10d,price_min;market_cap_min;avg_volume_min;revenue_growth;eps_growth;eps_next_year;operating_margin;earnings_window;market_regime_allows_new_entries,False,"{'price': None, 'price_tv': None, 'price_finviz': 18.26, 'sma50': None, 'sma150': None, 'sma200': None, 'ema21': None, 'ema50': None, 'rsi14': None, 'atr14': None, 'atr_pct': None, 'rvol20': None, 'performance_21d_pct': None, 'distance_52w_high_pct': None, 'distance_resistance_pct': None, 'move_10d_pct': None, 'structural_trend_pass': False}",atr14;atr_pct;distance_52w_high_pct;distance_resistance_pct;ema21;ema50;move_10d_pct;pattern;performance_21d_pct;previous_revenue_growth_yoy;price;price_tv;resistance;rsi14;rvol20;shares_change_6m_pct;sma150;sma200;sma50;week52_high,TradingView MCP + Finviz via finvizfinance screener views,2026-08-25T23:33:46+02:00,2026-07-27,,29,NORMAL,
HONA,Honeywell Aerospace Inc,tradingview_gates,market_regime_allows_new_entries,price_above_sma50;sma50_above_sma150;sma150_above_sma200;ema21_above_ema50;within_25pct_52w_high;rsi14;atr_pct;rvol20_data_available;performance_21d;distance_resistance_hard;no_extended_move_10d;revenue_growth;eps_growth;operating_margin,price_min;market_cap_min;avg_volume_min;eps_next_year;earnings_window;market_regime_allows_new_entries,False,"{'price': None, 'price_tv': None, 'price_finviz': 160.36, 'sma50': None, 'sma150': None, 'sma200': None, 'ema21': None, 'ema50': None, 'rsi14': None, 'atr14': None, 'atr_pct': None, 'rvol20': None, 'performance_21d_pct': None, 'distance_52w_high_pct': None, 'distance_resistance_pct': None, 'move_10d_pct': None, 'structural_trend_pass': False}",atr14;atr_pct;distance_52w_high_pct;distance_resistance_pct;ema21;ema50;eps_growth_yoy;gross_margin;move_10d_pct;operating_margin;pattern;performance_21d_pct;previous_revenue_growth_yoy;price;price_tv;resistance;revenue_growth_yoy;rsi14;rvol20;shares_change_6m_pct;sma150;sma200;sma50;week52_high,TradingView MCP + Finviz via finvizfinance screener views,2026-08-25T23:34:00+02:00,2026-08-05,,20,NORMAL,
HOOD,Robinhood Markets Inc,tradingview_gates,sma150_above_sma200;within_25pct_52w_high;market_regime_allows_new_entries,,price_min;market_cap_min;avg_volume_min;price_above_sma50;sma50_above_sma150;sma150_above_sma200;ema21_above_ema50;within_25pct_52w_high;rsi14;atr_pct;rvol20_data_available;performance_21d;distance_resistance_hard;no_extended_move_10d;revenue_growth;eps_growth;eps_next_year;operating_margin;earnings_window;market_regime_allows_new_entries,True,"{'price': 112.09, 'price_tv': 112.09, 'price_finviz': 112.09, 'sma50': 100.9154, 'sma150': 87.28383333333333, 'sma200': 95.76377500000001, 'ema21': 98.70690609460156, 'ema50': 96.99937614265251, 'rsi14': 63.5215571080879, 'atr14': 6.364824093449778, 'atr_pct': 5.678315722588793, 'rvol20': 1.2327530491785939, 'performance_21d_pct': 17.18766335598536, 'distance_52w_high_pct': 27.14800932536678, 'distance_resistance_pct': 7.101436345793553, 'move_10d_pct': 18.76456876456878, 'structural_trend_pass': False}",pattern;previous_revenue_growth_yoy;shares_change_6m_pct,TradingView MCP + Finviz via finvizfinance screener views,2026-08-25T23:34:14+02:00,2026-07-29,,27,NORMAL,
HYMC,Hycroft Mining Holding Corp,tradingview_gates,sma50_above_sma150;ema21_above_ema50;within_25pct_52w_high;rsi14;market_regime_allows_new_entries,revenue_growth;eps_growth;operating_margin,price_min;market_cap_min;avg_volume_min;price_above_sma50;sma50_above_sma150;sma150_above_sma200;ema21_above_ema50;within_25pct_52w_high;rsi14;atr_pct;rvol20_data_available;performance_21d;distance_resistance_hard;no_extended_move_10d;eps_next_year;earnings_window;market_regime_allows_new_entries,True,"{'price': 26.08, 'price_tv': 26.08, 'price_finviz': 26.08, 'sma50': 23.263099999999998, 'sma150': 33.1175, 'sma200': 29.294975, 'ema21': 25.089344158020577, 'ema50': 25.256959400245417, 'rsi14': 54.128843956767376, 'atr14': 1.9257385074488593, 'atr_pct': 7.383966669665871, 'rvol20': 0.8297077559669781, 'performance_21d_pct': 27.65540871267742, 'distance_52w_high_pct': 55.593317884076086, 'distance_resistance_pct': 33.052147239263824, 'move_10d_pct': -5.266981474754829, 'structural_trend_pass': False}",gross_margin;operating_margin;pattern;previous_revenue_growth_yoy;revenue_growth_yoy;shares_change_6m_pct,TradingView MCP + Finviz via finvizfinance screener views,2026-08-25T23:34:20+02:00,2026-07-28,,28,NORMAL,
IBKR,Interactive Brokers Group Inc,tradingview_gates,distance_resistance_hard;market_regime_allows_new_entries,,price_min;market_cap_min;avg_volume_min;price_above_sma50;sma50_above_sma150;sma150_above_sma200;ema21_above_ema50;within_25pct_52w_high;rsi14;atr_pct;rvol20_data_available;performance_21d;distance_resistance_hard;no_extended_move_10d;revenue_growth;eps_growth;eps_next_year;operating_margin;earnings_window;market_regime_allows_new_entries,True,"{'price': 98.19, 'price_tv': 98.19, 'price_finviz': 98.19, 'sma50': 92.0332, 'sma150': 81.61699999999999, 'sma200': 77.896175, 'ema21': 91.79556228064645, 'ema50': 90.38953320169753, 'rsi14': 62.9101078793269, 'atr14': 3.3285998343148675, 'atr_pct': 3.3899580754810748, 'rvol20': 1.114369775224783, 'performance_21d_pct': 6.415953180882195, 'distance_52w_high_pct': 0.567088607594939, 'distance_resistance_pct': -0.3564517771667118, 'move_10d_pct': 9.367342392515043, 'structural_trend_pass': True}",pattern;previous_revenue_growth_yoy;shares_change_6m_pct,TradingView MCP + Finviz via finvizfinance screener views,2026-08-25T23:34:34+02:00,2026-07-21,,35,NORMAL,
INCY,Incyte Corp,tradingview_gates,atr_pct;distance_resistance_hard;market_regime_allows_new_entries,,price_min;market_cap_min;avg_volume_min;price_above_sma50;sma50_above_sma150;sma150_above_sma200;ema21_above_ema50;within_25pct_52w_high;rsi14;atr_pct;rvol20_data_available;performance_21d;distance_resistance_hard;no_extended_move_10d;revenue_growth;eps_growth;eps_next_year;operating_margin;earnings_window;market_regime_allows_new_entries,True,"{'price': 129.72, 'price_tv': 129.72, 'price_finviz': 129.72, 'sma50': 117.02600000000001, 'sma150': 104.39413333333333, 'sma200': 103.89655, 'ema21': 123.17627411322916, 'ema50': 117.48018214385218, 'rsi14': 68.2562578474074, 'atr14': 3.6210554113810454, 'atr_pct': 2.791439570907374, 'rvol20': 0.6488289556210806, 'performance_21d_pct': 9.12761840666274, 'distance_52w_high_pct': 2.171945701357463, 'distance_resistance_pct': 2.220166512488433, 'move_10d_pct': 7.144627075245724, 'structural_trend_pass': True}",pattern;previous_revenue_growth_yoy;shares_change_6m_pct,TradingView MCP + Finviz via finvizfinance screener views,2026-08-25T23:34:48+02:00,2026-07-28,,28,NORMAL,
INIO,Innio NV,tradingview_gates,market_regime_allows_new_entries,price_above_sma50;sma50_above_sma150;sma150_above_sma200;ema21_above_ema50;within_25pct_52w_high;rsi14;atr_pct;rvol20_data_available;performance_21d;distance_resistance_hard;no_extended_move_10d;revenue_growth;eps_growth;operating_margin,price_min;market_cap_min;avg_volume_min;eps_next_year;earnings_window;market_regime_allows_new_entries,False,"{'price': None, 'price_tv': None, 'price_finviz': 21.96, 'sma50': None, 'sma150': None, 'sma200': None, 'ema21': None, 'ema50': None, 'rsi14': None, 'atr14': None, 'atr_pct': None, 'rvol20': None, 'performance_21d_pct': None, 'distance_52w_high_pct': None, 'distance_resistance_pct': None, 'move_10d_pct': None, 'structural_trend_pass': False}",atr14;atr_pct;distance_52w_high_pct;distance_resistance_pct;ema21;ema50;eps_growth_yoy;gross_margin;move_10d_pct;operating_margin;pattern;performance_21d_pct;previous_revenue_growth_yoy;price;price_tv;resistance;revenue_growth_yoy;rsi14;rvol20;shares_change_6m_pct;sma150;sma200;sma50;week52_high,TradingView MCP + Finviz via finvizfinance screener views,2026-08-25T23:34:54+02:00,2026-07-28,,28,NORMAL,
IOND,Ionic Digital Inc,tradingview_gates,market_regime_allows_new_entries,price_above_sma50;sma50_above_sma150;sma150_above_sma200;ema21_above_ema50;within_25pct_52w_high;rsi14;atr_pct;rvol20_data_available;performance_21d;distance_resistance_hard;no_extended_move_10d;revenue_growth;eps_growth;operating_margin,price_min;market_cap_min;avg_volume_min;eps_next_year;earnings_window;market_regime_allows_new_entries,False,"{'price': None, 'price_tv': None, 'price_finviz': 70.0, 'sma50': None, 'sma150': None, 'sma200': None, 'ema21': None, 'ema50': None, 'rsi14': None, 'atr14': None, 'atr_pct': None, 'rvol20': None, 'performance_21d_pct': None, 'distance_52w_high_pct': None, 'distance_resistance_pct': None, 'move_10d_pct': None, 'structural_trend_pass': False}",atr14;atr_pct;distance_52w_high_pct;distance_resistance_pct;ema21;ema50;eps_growth_yoy;gross_margin;move_10d_pct;operating_margin;pattern;performance_21d_pct;previous_revenue_growth_yoy;price;price_tv;resistance;revenue_growth_yoy;rsi14;rvol20;shares_change_6m_pct;sma150;sma200;sma50;week52_high,TradingView MCP + Finviz via finvizfinance screener views,2026-08-25T23:35:08+02:00,2026-08-19,,6,PEAD_WINDOW,
LFTO,Liftoff Mobile Inc,tradingview_gates,market_regime_allows_new_entries,price_above_sma50;sma50_above_sma150;sma150_above_sma200;ema21_above_ema50;within_25pct_52w_high;rsi14;atr_pct;rvol20_data_available;performance_21d;distance_resistance_hard;no_extended_move_10d,price_min;market_cap_min;avg_volume_min;revenue_growth;eps_growth;eps_next_year;operating_margin;earnings_window;market_regime_allows_new_entries,False,"{'price': None, 'price_tv': None, 'price_finviz': 18.7, 'sma50': None, 'sma150': None, 'sma200': None, 'ema21': None, 'ema50': None, 'rsi14': None, 'atr14': None, 'atr_pct': None, 'rvol20': None, 'performance_21d_pct': None, 'distance_52w_high_pct': None, 'distance_resistance_pct': None, 'move_10d_pct': None, 'structural_trend_pass': False}",atr14;atr_pct;distance_52w_high_pct;distance_resistance_pct;ema21;ema50;move_10d_pct;pattern;performance_21d_pct;previous_revenue_growth_yoy;price;price_tv;resistance;rsi14;rvol20;shares_change_6m_pct;sma150;sma200;sma50;week52_high,TradingView MCP + Finviz via finvizfinance screener views,2026-08-25T23:35:22+02:00,2026-08-12,,13,PEAD_WINDOW,
LPLA,LPL Financial Holdings Inc,tradingview_gates,sma150_above_sma200;atr_pct;market_regime_allows_new_entries,,price_min;market_cap_min;avg_volume_min;price_above_sma50;sma50_above_sma150;sma150_above_sma200;ema21_above_ema50;within_25pct_52w_high;rsi14;atr_pct;rvol20_data_available;performance_21d;distance_resistance_hard;no_extended_move_10d;revenue_growth;eps_growth;eps_next_year;operating_margin;earnings_window;market_regime_allows_new_entries,True,"{'price': 361.88, 'price_tv': 361.88, 'price_finviz': 361.88, 'sma50': 329.3197, 'sma150': 319.73193333333336, 'sma200': 331.2944, 'ema21': 356.6233114641233, 'ema50': 338.46699674393335, 'rsi14': 58.066193268597786, 'atr14': 9.38333731336389, 'atr_pct': 2.5929416694384577, 'rvol20': 0.47060946406337023, 'performance_21d_pct': 9.092005305679486, 'distance_52w_high_pct': 9.566173530587772, 'distance_resistance_pct': 4.730850005526696, 'move_10d_pct': -2.5081494652334335, 'structural_trend_pass': False}",pattern;previous_revenue_growth_yoy;shares_change_6m_pct,TradingView MCP + Finviz via finvizfinance screener views,2026-08-25T23:35:36+02:00,2026-07-30,,26,NORMAL,
LRCX,Lam Research Corp,tradingview_gates,price_above_sma50;ema21_above_ema50;within_25pct_52w_high;rsi14;market_regime_allows_new_entries,,price_min;market_cap_min;avg_volume_min;price_above_sma50;sma50_above_sma150;sma150_above_sma200;ema21_above_ema50;within_25pct_52w_high;rsi14;atr_pct;rvol20_data_available;performance_21d;distance_resistance_hard;no_extended_move_10d;revenue_growth;eps_growth;eps_next_year;operating_margin;earnings_window;market_regime_allows_new_entries,True,"{'price': 314.66, 'price_tv': 314.66, 'price_finviz': 314.66, 'sma50': 335.1896, 'sma150': 282.67553333333336, 'sma200': 255.1146, 'ema21': 316.7405944075412, 'ema50': 318.6994018801972, 'rsi14': 48.82661733959855, 'atr14': 19.658105668387634, 'atr_pct': 6.247411704184717, 'rvol20': 0.4866852826289926, 'performance_21d_pct': 7.904392853468667, 'distance_52w_high_pct': 28.24173318129988, 'distance_resistance_pct': 39.35676603317866, 'move_10d_pct': 1.0436402170771686, 'structural_trend_pass': False}",pattern;previous_revenue_growth_yoy;shares_change_6m_pct,TradingView MCP + Finviz via finvizfinance screener views,2026-08-25T23:35:50+02:00,2026-07-29,,27,NORMAL,
MFP,Midera Food Processing Inc,tradingview_gates,market_regime_allows_new_entries,price_above_sma50;sma50_above_sma150;sma150_above_sma200;ema21_above_ema50;within_25pct_52w_high;rsi14;atr_pct;rvol20_data_available;performance_21d;distance_resistance_hard;no_extended_move_10d;revenue_growth;eps_growth;operating_margin,price_min;market_cap_min;avg_volume_min;eps_next_year;earnings_window;market_regime_allows_new_entries,False,"{'price': None, 'price_tv': None, 'price_finviz': 51.47, 'sma50': None, 'sma150': None, 'sma200': None, 'ema21': None, 'ema50': None, 'rsi14': None, 'atr14': None, 'atr_pct': None, 'rvol20': None, 'performance_21d_pct': None, 'distance_52w_high_pct': None, 'distance_resistance_pct': None, 'move_10d_pct': None, 'structural_trend_pass': False}",atr14;atr_pct;distance_52w_high_pct;distance_resistance_pct;ema21;ema50;eps_growth_yoy;gross_margin;move_10d_pct;operating_margin;pattern;performance_21d_pct;previous_revenue_growth_yoy;price;price_tv;resistance;revenue_growth_yoy;rsi14;rvol20;shares_change_6m_pct;sma150;sma200;sma50;week52_high,TradingView MCP + Finviz via finvizfinance screener views,2026-08-25T23:36:04+02:00,2026-08-13,,12,PEAD_WINDOW,
MPWR,Monolithic Power System Inc,tradingview_gates,price_above_sma50;ema21_above_ema50;rsi14;performance_21d;market_regime_allows_new_entries,,price_min;market_cap_min;avg_volume_min;price_above_sma50;sma50_above_sma150;sma150_above_sma200;ema21_above_ema50;within_25pct_52w_high;rsi14;atr_pct;rvol20_data_available;performance_21d;distance_resistance_hard;no_extended_move_10d;revenue_growth;eps_growth;eps_next_year;operating_margin;earnings_window;market_regime_allows_new_entries,True,"{'price': 1304.15, 'price_tv': 1304.15, 'price_finviz': 1304.15, 'sma50': 1368.0555, 'sma150': 1335.6065, 'sma200': 1238.17705, 'ema21': 1345.5169315202902, 'ema50': 1372.3196162969853, 'rsi14': 44.74889360704651, 'atr14': 71.57626438028635, 'atr_pct': 5.4883460016322, 'rvol20': 0.4335432759134136, 'performance_21d_pct': -2.608507333393062, 'distance_52w_high_pct': 23.91589262616855, 'distance_resistance_pct': 30.14990606908713, 'move_10d_pct': -6.986613033214217, 'structural_trend_pass': False}",pattern;previous_revenue_growth_yoy;shares_change_6m_pct,TradingView MCP + Finviz via finvizfinance screener views,2026-08-25T23:36:19+02:00,2026-07-30,,26,NORMAL,
MWH,SOLV Energy Inc,tradingview_gates,market_regime_allows_new_entries,price_above_sma50;sma50_above_sma150;sma150_above_sma200;ema21_above_ema50;within_25pct_52w_high;rsi14;atr_pct;rvol20_data_available;performance_21d;distance_resistance_hard;no_extended_move_10d;operating_margin,price_min;market_cap_min;avg_volume_min;revenue_growth;eps_growth;eps_next_year;earnings_window;market_regime_allows_new_entries,False,"{'price': None, 'price_tv': None, 'price_finviz': 28.19, 'sma50': None, 'sma150': None, 'sma200': None, 'ema21': None, 'ema50': None, 'rsi14': None, 'atr14': None, 'atr_pct': None, 'rvol20': None, 'performance_21d_pct': None, 'distance_52w_high_pct': None, 'distance_resistance_pct': None, 'move_10d_pct': None, 'structural_trend_pass': False}",atr14;atr_pct;distance_52w_high_pct;distance_resistance_pct;ema21;ema50;gross_margin;move_10d_pct;operating_margin;pattern;performance_21d_pct;previous_revenue_growth_yoy;price;price_tv;resistance;rsi14;rvol20;shares_change_6m_pct;sma150;sma200;sma50;week52_high,TradingView MCP + Finviz via finvizfinance screener views,2026-08-25T23:36:33+02:00,2026-08-13,,12,PEAD_WINDOW,
NBIX,Neurocrine Biosciences Inc,tradingview_gates,price_above_sma50;ema21_above_ema50;rsi14;performance_21d;market_regime_allows_new_entries,,price_min;market_cap_min;avg_volume_min;price_above_sma50;sma50_above_sma150;sma150_above_sma200;ema21_above_ema50;within_25pct_52w_high;rsi14;atr_pct;rvol20_data_available;performance_21d;distance_resistance_hard;no_extended_move_10d;revenue_growth;eps_growth;eps_next_year;operating_margin;earnings_window;market_regime_allows_new_entries,True,"{'price': 153.37, 'price_tv': 153.37, 'price_finviz': 153.37, 'sma50': 166.6157, 'sma150': 148.01956666666666, 'sma200': 147.2116, 'ema21': 159.46719982931185, 'ema50': 161.92798741981085, 'rsi14': 38.07187641907044, 'atr14': 4.69748694458766, 'atr_pct': 3.062846022421373, 'rvol20': 0.7091927055234791, 'performance_21d_pct': -13.060484099540837, 'distance_52w_high_pct': 17.596174511068128, 'distance_resistance_pct': 21.353589359066312, 'move_10d_pct': -5.292083487711496, 'structural_trend_pass': False}",pattern;previous_revenue_growth_yoy;shares_change_6m_pct,TradingView MCP + Finviz via finvizfinance screener views,2026-08-25T23:36:47+02:00,2026-07-30,,26,NORMAL,
PENG,Penguin Solutions Inc,tradingview_gates,price_above_sma50;ema21_above_ema50;within_25pct_52w_high;rsi14;performance_21d;market_regime_allows_new_entries,eps_growth,price_min;market_cap_min;avg_volume_min;price_above_sma50;sma50_above_sma150;sma150_above_sma200;ema21_above_ema50;within_25pct_52w_high;rsi14;atr_pct;rvol20_data_available;performance_21d;distance_resistance_hard;no_extended_move_10d;revenue_growth;eps_next_year;operating_margin;earnings_window;market_regime_allows_new_entries,True,"{'price': 50.38, 'price_tv': 50.38, 'price_finviz': 50.38, 'sma50': 61.2804, 'sma150': 40.54513333333334, 'sma200': 35.439575, 'ema21': 56.02848285399325, 'ema50': 56.745421077989185, 'rsi14': 41.17563525319112, 'atr14': 4.924830065800172, 'atr_pct': 9.775367339817729, 'rvol20': 0.6891543882153062, 'performance_21d_pct': -4.019813297771002, 'distance_52w_high_pct': 43.93501001557979, 'distance_resistance_pct': 78.36443032949583, 'move_10d_pct': -12.122797837083542, 'structural_trend_pass': False}",eps_growth_yoy;pattern;previous_revenue_growth_yoy;shares_change_6m_pct,TradingView MCP + Finviz via finvizfinance screener views,2026-08-25T23:37:01+02:00,2026-07-07,,49,NORMAL,
PPTA,Perpetua Resources Corp,tradingview_gates,sma50_above_sma150;within_25pct_52w_high;performance_21d;market_regime_allows_new_entries,revenue_growth;eps_growth;operating_margin,price_min;market_cap_min;avg_volume_min;price_above_sma50;sma50_above_sma150;sma150_above_sma200;ema21_above_ema50;within_25pct_52w_high;rsi14;atr_pct;rvol20_data_available;performance_21d;distance_resistance_hard;no_extended_move_10d;eps_next_year;earnings_window;market_regime_allows_new_entries,True,"{'price': 27.02, 'price_tv': 27.02, 'price_finviz': 27.02, 'sma50': 21.5564, 'sma150': 26.6266, 'sma200': 26.4808, 'ema21': 23.76268586802109, 'ema50': 22.98395271464894, 'rsi14': 68.3164895135205, 'atr14': 1.3017114791893103, 'atr_pct': 4.817585045112177, 'rvol20': 0.8653179599848425, 'performance_21d_pct': 48.13596491228071, 'distance_52w_high_pct': 27.69601284452769, 'distance_resistance_pct': 3.0347890451517405, 'move_10d_pct': 6.252457727093974, 'structural_trend_pass': False}",gross_margin;operating_margin;pattern;previous_revenue_growth_yoy;revenue_growth_yoy;shares_change_6m_pct,TradingView MCP + Finviz via finvizfinance screener views,2026-08-25T23:37:07+02:00,2026-08-15,,10,PEAD_WINDOW,
QNT,Quantinuum Inc,tradingview_gates,market_regime_allows_new_entries,price_above_sma50;sma50_above_sma150;sma150_above_sma200;ema21_above_ema50;within_25pct_52w_high;rsi14;atr_pct;rvol20_data_available;performance_21d;distance_resistance_hard;no_extended_move_10d;revenue_growth;eps_growth;operating_margin,price_min;market_cap_min;avg_volume_min;eps_next_year;earnings_window;market_regime_allows_new_entries,False,"{'price': None, 'price_tv': None, 'price_finviz': 53.89, 'sma50': None, 'sma150': None, 'sma200': None, 'ema21': None, 'ema50': None, 'rsi14': None, 'atr14': None, 'atr_pct': None, 'rvol20': None, 'performance_21d_pct': None, 'distance_52w_high_pct': None, 'distance_resistance_pct': None, 'move_10d_pct': None, 'structural_trend_pass': False}",atr14;atr_pct;distance_52w_high_pct;distance_resistance_pct;ema21;ema50;eps_growth_yoy;gross_margin;move_10d_pct;operating_margin;pattern;performance_21d_pct;previous_revenue_growth_yoy;price;price_tv;resistance;revenue_growth_yoy;rsi14;rvol20;shares_change_6m_pct;sma150;sma200;sma50;week52_high,TradingView MCP + Finviz via finvizfinance screener views,2026-08-25T23:37:21+02:00,2026-08-11,,14,PEAD_WINDOW,
ROAD,Construction Partners Inc,tradingview_gates,price_above_sma50;sma50_above_sma150;within_25pct_52w_high;rsi14;market_regime_allows_new_entries,,price_min;market_cap_min;avg_volume_min;price_above_sma50;sma50_above_sma150;sma150_above_sma200;ema21_above_ema50;within_25pct_52w_high;rsi14;atr_pct;rvol20_data_available;performance_21d;distance_resistance_hard;no_extended_move_10d;revenue_growth;eps_growth;eps_next_year;operating_margin;earnings_window;market_regime_allows_new_entries,True,"{'price': 109.69, 'price_tv': 109.69, 'price_finviz': 109.69, 'sma50': 110.8505, 'sma150': 116.67993333333334, 'sma200': 114.84682500000001, 'ema21': 112.11677937648732, 'ema50': 111.6168822650158, 'rsi14': 47.41458175144691, 'atr14': 5.142727730164248, 'atr_pct': 4.688419846990836, 'rvol20': 0.5902596726760352, 'performance_21d_pct': 4.416944312232274, 'distance_52w_high_pct': 27.35761589403974, 'distance_resistance_pct': 18.438326191995618, 'move_10d_pct': -9.18950244225516, 'structural_trend_pass': False}",pattern;previous_revenue_growth_yoy;shares_change_6m_pct,TradingView MCP + Finviz via finvizfinance screener views,2026-08-25T23:37:35+02:00,2026-08-07,,18,NORMAL,
SHAZ,SharonAI Holdings Inc,tradingview_gates,market_regime_allows_new_entries,price_above_sma50;sma50_above_sma150;sma150_above_sma200;ema21_above_ema50;within_25pct_52w_high;rsi14;atr_pct;rvol20_data_available;performance_21d;distance_resistance_hard;no_extended_move_10d;revenue_growth;eps_growth;operating_margin,price_min;market_cap_min;avg_volume_min;eps_next_year;earnings_window;market_regime_allows_new_entries,False,"{'price': None, 'price_tv': None, 'price_finviz': 60.97, 'sma50': None, 'sma150': None, 'sma200': None, 'ema21': None, 'ema50': None, 'rsi14': None, 'atr14': None, 'atr_pct': None, 'rvol20': None, 'performance_21d_pct': None, 'distance_52w_high_pct': None, 'distance_resistance_pct': None, 'move_10d_pct': None, 'structural_trend_pass': False}",atr14;atr_pct;distance_52w_high_pct;distance_resistance_pct;ema21;ema50;gross_margin;move_10d_pct;operating_margin;pattern;performance_21d_pct;previous_revenue_growth_yoy;price;price_tv;resistance;revenue_growth_yoy;rsi14;rvol20;shares_change_6m_pct;sma150;sma200;sma50;week52_high,TradingView MCP + Finviz via finvizfinance screener views,2026-08-25T23:37:50+02:00,2026-08-06,,19,NORMAL,
SHOP,Shopify Inc,tradingview_gates,sma150_above_sma200;market_regime_allows_new_entries,,price_min;market_cap_min;avg_volume_min;price_above_sma50;sma50_above_sma150;sma150_above_sma200;ema21_above_ema50;within_25pct_52w_high;rsi14;atr_pct;rvol20_data_available;performance_21d;distance_resistance_hard;no_extended_move_10d;revenue_growth;eps_growth;eps_next_year;operating_margin;earnings_window;market_regime_allows_new_entries,True,"{'price': 153.88, 'price_tv': 153.88, 'price_finviz': 153.88, 'sma50': 128.2816, 'sma150': 122.21873333333335, 'sma200': 131.4916, 'ema21': 143.31961639814585, 'ema50': 133.01351447405042, 'rsi14': 64.53800686062749, 'atr14': 6.233420711226339, 'atr_pct': 4.050832279195697, 'rvol20': 0.5406894026620257, 'performance_21d_pct': 21.27994955863808, 'distance_52w_high_pct': 15.538723310829356, 'distance_resistance_pct': 3.242786586950877, 'move_10d_pct': 0.8321866194875627, 'structural_trend_pass': False}",pattern;previous_revenue_growth_yoy;shares_change_6m_pct,TradingView MCP + Finviz via finvizfinance screener views,2026-08-25T23:38:04+02:00,2026-08-05,,20,NORMAL,
SOFI,SoFi Technologies Inc,tradingview_gates,sma50_above_sma150;sma150_above_sma200;within_25pct_52w_high;market_regime_allows_new_entries,,price_min;market_cap_min;avg_volume_min;price_above_sma50;sma50_above_sma150;sma150_above_sma200;ema21_above_ema50;within_25pct_52w_high;rsi14;atr_pct;rvol20_data_available;performance_21d;distance_resistance_hard;no_extended_move_10d;revenue_growth;eps_growth;eps_next_year;operating_margin;earnings_window;market_regime_allows_new_entries,True,"{'price': 19, 'price_tv': 19, 'price_finviz': 19.0, 'sma50': 17.753, 'sma150': 18.0429, 'sma200': 20.403925, 'ema21': 18.070254185365258, 'ema50': 17.759385273389544, 'rsi14': 57.578859844735085, 'atr14': 0.8572816309517197, 'atr_pct': 4.512008583956419, 'rvol20': 0.6610351273959162, 'performance_21d_pct': 12.559241706161139, 'distance_52w_high_pct': 41.949282004277414, 'distance_resistance_pct': 3.894736842105255, 'move_10d_pct': 5.672969966629582, 'structural_trend_pass': False}",pattern;previous_revenue_growth_yoy;shares_change_6m_pct,TradingView MCP + Finviz via finvizfinance screener views,2026-08-25T23:38:09+02:00,2026-07-29,,27,NORMAL,
SPCX,Space Exploration Technologies Corp,tradingview_gates,market_regime_allows_new_entries,price_above_sma50;sma50_above_sma150;sma150_above_sma200;ema21_above_ema50;within_25pct_52w_high;rsi14;atr_pct;rvol20_data_available;performance_21d;distance_resistance_hard;no_extended_move_10d;revenue_growth;eps_growth;operating_margin,price_min;market_cap_min;avg_volume_min;eps_next_year;earnings_window;market_regime_allows_new_entries,False,"{'price': None, 'price_tv': None, 'price_finviz': 137.95, 'sma50': None, 'sma150': None, 'sma200': None, 'ema21': None, 'ema50': None, 'rsi14': None, 'atr14': None, 'atr_pct': None, 'rvol20': None, 'performance_21d_pct': None, 'distance_52w_high_pct': None, 'distance_resistance_pct': None, 'move_10d_pct': None, 'structural_trend_pass': False}",atr14;atr_pct;distance_52w_high_pct;distance_resistance_pct;ema21;ema50;eps_growth_yoy;gross_margin;move_10d_pct;operating_margin;pattern;performance_21d_pct;previous_revenue_growth_yoy;price;price_tv;resistance;revenue_growth_yoy;rsi14;rvol20;shares_change_6m_pct;sma150;sma200;sma50;week52_high,TradingView MCP + Finviz via finvizfinance screener views,2026-08-25T23:38:15+02:00,2026-08-04,,21,NORMAL,
STRC,Strategy Inc - VR PRF PERPETUAL USD 100 - Ser A,tradingview_gates,sma50_above_sma150;sma150_above_sma200;atr_pct;distance_resistance_hard;market_regime_allows_new_entries,revenue_growth;eps_growth;operating_margin;earnings_window,price_min;market_cap_min;avg_volume_min;price_above_sma50;sma50_above_sma150;sma150_above_sma200;ema21_above_ema50;within_25pct_52w_high;rsi14;atr_pct;rvol20_data_available;performance_21d;distance_resistance_hard;no_extended_move_10d;eps_next_year;market_regime_allows_new_entries,True,"{'price': 97.15, 'price_tv': 97.15, 'price_finviz': 97.15, 'sma50': 89.4886, 'sma150': 95.9489, 'sma200': 96.56262500000001, 'ema21': 93.85376212598094, 'ema50': 92.48915066813287, 'rsi14': 67.54763747966607, 'atr14': 1.5859483790446698, 'atr_pct': 1.6324738847603393, 'rvol20': 1.144612897130219, 'performance_21d_pct': 9.997735507246386, 'distance_52w_high_pct': 3.2545893075159613, 'distance_resistance_pct': 2.232629953679873, 'move_10d_pct': 1.919848929920276, 'structural_trend_pass': False}",eps_growth_yoy;gross_margin;operating_margin;pattern;previous_revenue_growth_yoy;revenue_growth_yoy;shares_change_6m_pct,TradingView MCP + Finviz via finvizfinance screener views,2026-08-25T23:38:30+02:00,,,,UNKNOWN,
STRL,Sterling Infrastructure Inc,tradingview_gates,price_above_sma50;ema21_above_ema50;within_25pct_52w_high;rsi14;performance_21d;market_regime_allows_new_entries,,price_min;market_cap_min;avg_volume_min;price_above_sma50;sma50_above_sma150;sma150_above_sma200;ema21_above_ema50;within_25pct_52w_high;rsi14;atr_pct;rvol20_data_available;performance_21d;distance_resistance_hard;no_extended_move_10d;revenue_growth;eps_growth;eps_next_year;operating_margin;earnings_window;market_regime_allows_new_entries,True,"{'price': 486.39, 'price_tv': 486.39, 'price_finviz': 486.39, 'sma50': 663.5237, 'sma150': 581.4811666666667, 'sma200': 518.196425, 'ema21': 559.1493997225331, 'ema50': 618.6311188006358, 'rsi14': 35.18298778085281, 'atr14': 41.81361034807572, 'atr_pct': 8.59672492199176, 'rvol20': 0.6107639325926557, 'performance_21d_pct': -23.35849234987316, 'distance_52w_high_pct': 51.635718790128315, 'distance_resistance_pct': 106.76416044737762, 'move_10d_pct': -8.703731511374723, 'structural_trend_pass': False}",pattern;previous_revenue_growth_yoy;shares_change_6m_pct,TradingView MCP + Finviz via finvizfinance screener views,2026-08-25T23:38:44+02:00,2026-08-03,,22,NORMAL,
STX,Seagate Technology Holdings Plc,tradingview_gates,price_above_sma50;within_25pct_52w_high;rsi14;market_regime_allows_new_entries,,price_min;market_cap_min;avg_volume_min;price_above_sma50;sma50_above_sma150;sma150_above_sma200;ema21_above_ema50;within_25pct_52w_high;rsi14;atr_pct;rvol20_data_available;performance_21d;distance_resistance_hard;no_extended_move_10d;revenue_growth;eps_growth;eps_next_year;operating_margin;earnings_window;market_regime_allows_new_entries,True,"{'price': 821.67, 'price_tv': 821.67, 'price_finviz': 821.67, 'sma50': 887.7818, 'sma150': 667.0555666666667, 'sma200': 571.3220749999999, 'ema21': 857.8835681091076, 'ema50': 849.0913533713216, 'rsi14': 46.17222333924658, 'atr14': 67.25814977425316, 'atr_pct': 8.185542830364156, 'rvol20': 0.49260802733055636, 'performance_21d_pct': 0.5728344288179699, 'distance_52w_high_pct': 28.238427947598254, 'distance_resistance_pct': 39.35034746309346, 'move_10d_pct': 0.14015502364355115, 'structural_trend_pass': False}",pattern;previous_revenue_growth_yoy;shares_change_6m_pct,TradingView MCP + Finviz via finvizfinance screener views,2026-08-25T23:38:58+02:00,2026-07-28,,28,NORMAL,
TSEM,Tower Semiconductor Ltd,tradingview_gates,price_above_sma50;ema21_above_ema50;within_25pct_52w_high;rsi14;performance_21d;market_regime_allows_new_entries,,price_min;market_cap_min;avg_volume_min;price_above_sma50;sma50_above_sma150;sma150_above_sma200;ema21_above_ema50;within_25pct_52w_high;rsi14;atr_pct;rvol20_data_available;performance_21d;distance_resistance_hard;no_extended_move_10d;revenue_growth;eps_growth;eps_next_year;operating_margin;earnings_window;market_regime_allows_new_entries,True,"{'price': 212.71, 'price_tv': 212.71, 'price_finviz': 212.71, 'sma50': 242.0198, 'sma150': 204.41853333333333, 'sma200': 181.52335, 'ema21': 233.6626214848492, 'ema50': 235.98280645733632, 'rsi14': 41.87922685201779, 'atr14': 19.370572433884913, 'atr_pct': 9.106564070276391, 'rvol20': 0.4820069943014838, 'performance_21d_pct': -5.129120021408495, 'distance_52w_high_pct': 33.51565918609739, 'distance_resistance_pct': 50.41135818720323, 'move_10d_pct': -14.772818334802473, 'structural_trend_pass': False}",pattern;previous_revenue_growth_yoy;shares_change_6m_pct,TradingView MCP + Finviz via finvizfinance screener views,2026-08-25T23:39:12+02:00,2026-08-04,,21,NORMAL,
TTMI,TTM Technologies Inc,tradingview_gates,price_above_sma50;ema21_above_ema50;within_25pct_52w_high;rsi14;performance_21d;market_regime_allows_new_entries,,price_min;market_cap_min;avg_volume_min;price_above_sma50;sma50_above_sma150;sma150_above_sma200;ema21_above_ema50;within_25pct_52w_high;rsi14;atr_pct;rvol20_data_available;performance_21d;distance_resistance_hard;no_extended_move_10d;revenue_growth;eps_growth;eps_next_year;operating_margin;earnings_window;market_regime_allows_new_entries,True,"{'price': 112.3, 'price_tv': 112.3, 'price_finviz': 112.3, 'sma50': 148.6137, 'sma150': 133.35396666666668, 'sma200': 118.06715, 'ema21': 126.31588259723058, 'ema50': 138.1856822877135, 'rsi14': 37.87699570927165, 'atr14': 10.814301232627376, 'atr_pct': 9.629831907949578, 'rvol20': 0.6115473474841845, 'performance_21d_pct': -9.22318325115189, 'distance_52w_high_pct': 49.827994460081314, 'distance_resistance_pct': 99.31433659839716, 'move_10d_pct': -14.104329202998322, 'structural_trend_pass': False}",pattern;previous_revenue_growth_yoy;shares_change_6m_pct,TradingView MCP + Finviz via finvizfinance screener views,2026-08-25T23:39:26+02:00,2026-08-05,,20,NORMAL,
TXN,Texas Instruments Inc,tradingview_gates,price_above_sma50;ema21_above_ema50;rsi14;performance_21d;market_regime_allows_new_entries,,price_min;market_cap_min;avg_volume_min;price_above_sma50;sma50_above_sma150;sma150_above_sma200;ema21_above_ema50;within_25pct_52w_high;rsi14;atr_pct;rvol20_data_available;performance_21d;distance_resistance_hard;no_extended_move_10d;revenue_growth;eps_growth;eps_next_year;operating_margin;earnings_window;market_regime_allows_new_entries,True,"{'price': 260.05, 'price_tv': 260.05, 'price_finviz': 260.05, 'sma50': 288.57169999999996, 'sma150': 255.74873333333332, 'sma200': 235.44745, 'ema21': 274.27592289604473, 'ema50': 280.33734907087427, 'rsi14': 37.19046607974849, 'atr14': 10.152065473462448, 'atr_pct': 3.9038898186742736, 'rvol20': 0.6209275017079567, 'performance_21d_pct': -6.928885866647583, 'distance_52w_high_pct': 22.14771128341765, 'distance_resistance_pct': 28.4483753124399, 'move_10d_pct': -7.534490115204095, 'structural_trend_pass': False}",pattern;previous_revenue_growth_yoy;shares_change_6m_pct,TradingView MCP + Finviz via finvizfinance screener views,2026-08-25T23:39:41+02:00,2026-07-22,,34,NORMAL,
