ticker,name,exclusion_stage,failed_gates,unverifiable_gates,gates_evaluated,technical_gates_evaluated,values,missing_fields,source,retrieved_at,earnings_date,days_to_earnings,days_since_earnings,earnings_state,gate_distance
ABVX,Abivax ADR,finviz_prefilter,adr,,,False,"{'industry': 'Biotechnology', 'price_finviz': 113.67}",,Finviz via finvizfinance screener views,2026-09-01T23:30:26+02:00,,,,,
APGE,Apogee Therapeutics Inc,finviz_prefilter,biotech_pre_revenue,,,False,"{'industry': 'Biotechnology', 'price_finviz': 135.08}",,Finviz via finvizfinance screener views,2026-09-01T23:30:26+02:00,,,,,
ARM,Arm Holdings Plc ADR,finviz_prefilter,adr,,,False,"{'industry': 'Semiconductors', 'price_finviz': 234.82}",,Finviz via finvizfinance screener views,2026-09-01T23:30:26+02:00,,,,,
ATAT,Atour Lifestyle Holdings Ltd ADR,finviz_prefilter,adr,,,False,"{'industry': 'Lodging', 'price_finviz': 34.49}",,Finviz via finvizfinance screener views,2026-09-01T23:30:26+02:00,,,,,
BIDU,Baidu Inc ADR,finviz_prefilter,adr,,,False,"{'industry': 'Internet Content & Information', 'price_finviz': 94.86}",,Finviz via finvizfinance screener views,2026-09-01T23:30:26+02:00,,,,,
BILI,Bilibili Inc ADR,finviz_prefilter,adr,,,False,"{'industry': 'Internet Content & Information', 'price_finviz': 15.79}",,Finviz via finvizfinance screener views,2026-09-01T23:30:26+02:00,,,,,
BNTX,BioNTech SE ADR,finviz_prefilter,adr,,,False,"{'industry': 'Biotechnology', 'price_finviz': 101.94}",,Finviz via finvizfinance screener views,2026-09-01T23:30:26+02:00,,,,,
BZ,Kanzhun Ltd ADR,finviz_prefilter,adr,,,False,"{'industry': 'Internet Content & Information', 'price_finviz': 17.55}",,Finviz via finvizfinance screener views,2026-09-01T23:30:26+02:00,,,,,
CELC,Celcuity Inc,finviz_prefilter,biotech_pre_revenue,,,False,"{'industry': 'Biotechnology', 'price_finviz': 91.98}",,Finviz via finvizfinance screener views,2026-09-01T23:30:26+02:00,,,,,
COGT,Cogent Biosciences Inc,finviz_prefilter,biotech_pre_revenue,,,False,"{'industry': 'Biotechnology', 'price_finviz': 34.68}",,Finviz via finvizfinance screener views,2026-09-01T23:30:26+02:00,,,,,
DFTX,Definium Therapeutics Inc,finviz_prefilter,biotech_pre_revenue,,,False,"{'industry': 'Biotechnology', 'price_finviz': 38.5}",,Finviz via finvizfinance screener views,2026-09-01T23:30:26+02:00,,,,,
DYN,Dyne Therapeutics Inc,finviz_prefilter,biotech_pre_revenue,,,False,"{'industry': 'Biotechnology', 'price_finviz': 25.1}",,Finviz via finvizfinance screener views,2026-09-01T23:30:26+02:00,,,,,
ELVN,Enliven Therapeutics Inc,finviz_prefilter,biotech_pre_revenue,,,False,"{'industry': 'Biotechnology', 'price_finviz': 57.86}",,Finviz via finvizfinance screener views,2026-09-01T23:30:26+02:00,,,,,
ERAS,Erasca Inc,finviz_prefilter,biotech_pre_revenue,,,False,"{'industry': 'Biotechnology', 'price_finviz': 16.76}",,Finviz via finvizfinance screener views,2026-09-01T23:30:26+02:00,,,,,
EWTX,Edgewise Therapeutics Inc,finviz_prefilter,biotech_pre_revenue,,,False,"{'industry': 'Biotechnology', 'price_finviz': 42.25}",,Finviz via finvizfinance screener views,2026-09-01T23:30:26+02:00,,,,,
FUTU,Futu Holdings Ltd ADR,finviz_prefilter,adr,,,False,"{'industry': 'Capital Markets', 'price_finviz': 119.28}",,Finviz via finvizfinance screener views,2026-09-01T23:30:26+02:00,,,,,
GDS,GDS Holdings Limited ADR,finviz_prefilter,adr,,,False,"{'industry': 'Information Technology Services', 'price_finviz': 31.24}",,Finviz via finvizfinance screener views,2026-09-01T23:30:26+02:00,,,,,
GENB,Generate Biomedicines Inc,finviz_prefilter,biotech_pre_revenue,,,False,"{'industry': 'Biotechnology', 'price_finviz': 15.79}",,Finviz via finvizfinance screener views,2026-09-01T23:30:26+02:00,,,,,
GGAL,Grupo Financiero Galicia ADR,finviz_prefilter,adr,,,False,"{'industry': 'Banks - Regional', 'price_finviz': 44.29}",,Finviz via finvizfinance screener views,2026-09-01T23:30:26+02:00,,,,,
GMAB,Genmab ADR,finviz_prefilter,adr,,,False,"{'industry': 'Biotechnology', 'price_finviz': 33.29}",,Finviz via finvizfinance screener views,2026-09-01T23:30:26+02:00,,,,,
HSAI,Hesai Group ADR,finviz_prefilter,adr,,,False,"{'industry': 'Auto Parts', 'price_finviz': 16.78}",,Finviz via finvizfinance screener views,2026-09-01T23:30:26+02:00,,,,,
HTHT,H World Group Limited ADR,finviz_prefilter,adr,,,False,"{'industry': 'Lodging', 'price_finviz': 46.97}",,Finviz via finvizfinance screener views,2026-09-01T23:30:26+02:00,,,,,
IMVT,Immunovant Inc,finviz_prefilter,biotech_pre_revenue,,,False,"{'industry': 'Biotechnology', 'price_finviz': 39.9}",,Finviz via finvizfinance screener views,2026-09-01T23:30:26+02:00,,,,,
JD,JD.com Inc ADR,finviz_prefilter,adr,,,False,"{'industry': 'Internet Retail', 'price_finviz': 27.9}",,Finviz via finvizfinance screener views,2026-09-01T23:30:26+02:00,,,,,
LEGN,Legend Biotech Corp ADR,finviz_prefilter,adr,,,False,"{'industry': 'Biotechnology', 'price_finviz': 21.13}",,Finviz via finvizfinance screener views,2026-09-01T23:30:26+02:00,,,,,
MLYS,Mineralys Therapeutics Inc,finviz_prefilter,biotech_pre_revenue,,,False,"{'industry': 'Biotechnology', 'price_finviz': 25.57}",,Finviz via finvizfinance screener views,2026-09-01T23:30:26+02:00,,,,,
NTES,NetEase Inc ADR,finviz_prefilter,adr,,,False,"{'industry': 'Electronic Gaming & Multimedia', 'price_finviz': 120.07}",,Finviz via finvizfinance screener views,2026-09-01T23:30:26+02:00,,,,,
ORKA,Oruka Therapeutics Inc,finviz_prefilter,biotech_pre_revenue,,,False,"{'industry': 'Biotechnology', 'price_finviz': 92.11}",,Finviz via finvizfinance screener views,2026-09-01T23:30:26+02:00,,,,,
PCVX,Vaxcyte Inc,finviz_prefilter,biotech_pre_revenue,,,False,"{'industry': 'Biotechnology', 'price_finviz': 60.81}",,Finviz via finvizfinance screener views,2026-09-01T23:30:26+02:00,,,,,
PDD,PDD Holdings Inc ADR,finviz_prefilter,adr,,,False,"{'industry': 'Internet Retail', 'price_finviz': 83.17}",,Finviz via finvizfinance screener views,2026-09-01T23:30:26+02:00,,,,,
RVMD,Revolution Medicines Inc,finviz_prefilter,biotech_pre_revenue,,,False,"{'industry': 'Biotechnology', 'price_finviz': 209.87}",,Finviz via finvizfinance screener views,2026-09-01T23:30:26+02:00,,,,,
RYAAY,Ryanair Holdings Plc ADR,finviz_prefilter,adr,,,False,"{'industry': 'Airlines', 'price_finviz': 53.82}",,Finviz via finvizfinance screener views,2026-09-01T23:30:26+02:00,,,,,
SIMO,Silicon Motion Technology Corp ADR,finviz_prefilter,adr,,,False,"{'industry': 'Semiconductors', 'price_finviz': 237.35}",,Finviz via finvizfinance screener views,2026-09-01T23:30:26+02:00,,,,,
SKHY,SK Hynix Inc ADR,finviz_prefilter,adr,,,False,"{'industry': 'Semiconductors', 'price_finviz': 160.78}",,Finviz via finvizfinance screener views,2026-09-01T23:30:26+02:00,,,,,
SNY,Sanofi ADR,finviz_prefilter,adr,,,False,"{'industry': 'Drug Manufacturers - General', 'price_finviz': 44.37}",,Finviz via finvizfinance screener views,2026-09-01T23:30:26+02:00,,,,,
SRRK,Scholar Rock Holding Corp,finviz_prefilter,biotech_pre_revenue,,,False,"{'industry': 'Biotechnology', 'price_finviz': 55.89}",,Finviz via finvizfinance screener views,2026-09-01T23:30:26+02:00,,,,,
SYRE,Spyre Therapeutics Inc,finviz_prefilter,biotech_pre_revenue,,,False,"{'industry': 'Biotechnology', 'price_finviz': 88.5}",,Finviz via finvizfinance screener views,2026-09-01T23:30:26+02:00,,,,,
TCOM,Trip.com Group Ltd ADR,finviz_prefilter,adr,,,False,"{'industry': 'Travel Services', 'price_finviz': 43.84}",,Finviz via finvizfinance screener views,2026-09-01T23:30:26+02:00,,,,,
TRVI,Trevi Therapeutics Inc,finviz_prefilter,biotech_pre_revenue,,,False,"{'industry': 'Biotechnology', 'price_finviz': 16.57}",,Finviz via finvizfinance screener views,2026-09-01T23:30:26+02:00,,,,,
VERA,Vera Therapeutics Inc,finviz_prefilter,biotech_pre_revenue,,,False,"{'industry': 'Biotechnology', 'price_finviz': 34.23}",,Finviz via finvizfinance screener views,2026-09-01T23:30:26+02:00,,,,,
VKTX,Viking Therapeutics Inc,finviz_prefilter,biotech_pre_revenue,,,False,"{'industry': 'Biotechnology', 'price_finviz': 33.67}",,Finviz via finvizfinance screener views,2026-09-01T23:30:26+02:00,,,,,
VOD,Vodafone Group plc ADR,finviz_prefilter,adr,,,False,"{'industry': 'Telecom Services', 'price_finviz': 16.05}",,Finviz via finvizfinance screener views,2026-09-01T23:30:26+02:00,,,,,
XENE,Xenon Pharmaceuticals Inc,finviz_prefilter,biotech_pre_revenue,,,False,"{'industry': 'Biotechnology', 'price_finviz': 60.0}",,Finviz via finvizfinance screener views,2026-09-01T23:30:26+02:00,,,,,
ZLAB,Zai Lab Limited ADR,finviz_prefilter,adr,,,False,"{'industry': 'Biotechnology', 'price_finviz': 25.3}",,Finviz via finvizfinance screener views,2026-09-01T23:30:26+02:00,,,,,
AAOI,Applied Optoelectronics Inc,finviz_prefilter,eps_growth;operating_margin,,price_min;market_cap_min;avg_volume_min;revenue_growth;eps_growth;eps_next_year;operating_margin;earnings_window,False,"{'revenue_growth_yoy': 86.42, 'eps_growth_yoy': -74.24, 'eps_next_year': 650.23, 'operating_margin': -11.31}",,Finviz via finvizfinance screener views,2026-09-01T23:30:26+02:00,2026-08-06,,26,NORMAL,
AAON,AAON Inc,finviz_prefilter,eps_growth,,price_min;market_cap_min;avg_volume_min;revenue_growth;eps_growth;eps_next_year;operating_margin;earnings_window,False,"{'revenue_growth_yoy': 101.23, 'eps_growth_yoy': 2.6251, 'eps_next_year': 51.17, 'operating_margin': 11.05}",,Finviz via finvizfinance screener views,2026-09-01T23:30:26+02:00,2026-08-10,,22,NORMAL,"{'failed_gate': 'eps_growth', 'actual_value': 2.6251, 'applicable_threshold': 20.0, 'distance_to_threshold': 17.3749, 'distance_to_threshold_pct': 86.8745, 'formula': 'minimo: distance = threshold - actual; pct = distance / abs(threshold) * 100'}"
AAPL,Apple Inc,finviz_prefilter,revenue_growth;eps_growth;eps_next_year,,price_min;market_cap_min;avg_volume_min;revenue_growth;eps_growth;eps_next_year;operating_margin;earnings_window,False,"{'revenue_growth_yoy': 16.36, 'eps_growth_yoy': 29.13, 'eps_next_year': 7.87, 'operating_margin': 33.17}",,Finviz via finvizfinance screener views,2026-09-01T23:30:26+02:00,2026-07-30,,33,NORMAL,
ABNB,Airbnb Inc,finviz_prefilter,revenue_growth,,price_min;market_cap_min;avg_volume_min;revenue_growth;eps_growth;eps_next_year;operating_margin;earnings_window,False,"{'revenue_growth_yoy': 16.54, 'eps_growth_yoy': 33.06, 'eps_next_year': 17.39, 'operating_margin': 21.21}",,Finviz via finvizfinance screener views,2026-09-01T23:30:26+02:00,2026-08-06,,26,NORMAL,"{'failed_gate': 'revenue_growth', 'actual_value': 16.54, 'applicable_threshold': 20.0, 'distance_to_threshold': 3.460000000000001, 'distance_to_threshold_pct': 17.300000000000004, 'formula': 'minimo: distance = threshold - actual; pct = distance / abs(threshold) * 100'}"
ACAD,Acadia Pharmaceuticals Inc,finviz_prefilter,revenue_growth;eps_growth;operating_margin,,price_min;market_cap_min;avg_volume_min;revenue_growth;eps_growth;eps_next_year;operating_margin;earnings_window,False,"{'revenue_growth_yoy': 16.400000000000002, 'eps_growth_yoy': 15.24, 'eps_next_year': 48.25, 'operating_margin': 7.59}",,Finviz via finvizfinance screener views,2026-09-01T23:30:26+02:00,2026-08-04,,28,NORMAL,
ACGL,Arch Capital Group Ltd,finviz_prefilter,revenue_growth;eps_growth;eps_next_year,,price_min;market_cap_min;avg_volume_min;revenue_growth;eps_growth;eps_next_year;operating_margin;earnings_window,False,"{'revenue_growth_yoy': -11.459999999999999, 'eps_growth_yoy': -7.06, 'eps_next_year': 4.16, 'operating_margin': 25.11}",,Finviz via finvizfinance screener views,2026-09-01T23:30:26+02:00,2026-07-28,,35,NORMAL,
ACHC,Acadia Healthcare Company Inc,finviz_prefilter,revenue_growth;eps_growth,,price_min;market_cap_min;avg_volume_min;revenue_growth;eps_growth;eps_next_year;operating_margin;earnings_window,False,"{'revenue_growth_yoy': -0.38999999999999996, 'eps_growth_yoy': -64.09, 'eps_next_year': 19.39, 'operating_margin': 10.059999999999999}",,Finviz via finvizfinance screener views,2026-09-01T23:30:26+02:00,2026-07-28,,35,NORMAL,
ACIW,ACI Worldwide Inc,finviz_prefilter,revenue_growth;eps_growth;eps_next_year,,price_min;market_cap_min;avg_volume_min;revenue_growth;eps_growth;eps_next_year;operating_margin;earnings_window,False,"{'revenue_growth_yoy': 7.2700000000000005, 'eps_growth_yoy': 1.6934, 'eps_next_year': 13.51, 'operating_margin': 19.02}",,Finviz via finvizfinance screener views,2026-09-01T23:30:26+02:00,2026-08-06,,26,NORMAL,
ACMR,ACM Research Inc,finviz_prefilter,eps_growth,,price_min;market_cap_min;avg_volume_min;revenue_growth;eps_growth;eps_next_year;operating_margin;earnings_window,False,"{'revenue_growth_yoy': 36.01, 'eps_growth_yoy': 1.8057, 'eps_next_year': 44.07, 'operating_margin': 13.29}",,Finviz via finvizfinance screener views,2026-09-01T23:30:26+02:00,2026-08-07,,25,NORMAL,"{'failed_gate': 'eps_growth', 'actual_value': 1.8057, 'applicable_threshold': 30.0, 'distance_to_threshold': 28.1943, 'distance_to_threshold_pct': 93.981, 'formula': 'minimo: distance = threshold - actual; pct = distance / abs(threshold) * 100'}"
ADBE,Adobe Inc,finviz_prefilter,revenue_growth;eps_growth;eps_next_year,,price_min;market_cap_min;avg_volume_min;revenue_growth;eps_growth;eps_next_year;operating_margin;earnings_window,False,"{'revenue_growth_yoy': 12.690000000000001, 'eps_growth_yoy': 8.04, 'eps_next_year': 12.67, 'operating_margin': 36.74}",,Finviz via finvizfinance screener views,2026-09-01T23:30:26+02:00,2026-09-10,9,,NORMAL,
ADEA,Adeia Inc,finviz_prefilter,revenue_growth;eps_growth;eps_next_year,,price_min;market_cap_min;avg_volume_min;revenue_growth;eps_growth;eps_next_year;operating_margin;earnings_window,False,"{'revenue_growth_yoy': 12.11, 'eps_growth_yoy': 1.81, 'eps_next_year': 13.13, 'operating_margin': 46.81}",,Finviz via finvizfinance screener views,2026-09-01T23:30:26+02:00,2026-08-03,,29,NORMAL,
ADI,Analog Devices Inc,finviz_prefilter,eps_growth,,price_min;market_cap_min;avg_volume_min;revenue_growth;eps_growth;eps_next_year;operating_margin;earnings_window,False,"{'revenue_growth_yoy': 39.629999999999995, 'eps_growth_yoy': 1.6261, 'eps_next_year': 29.45, 'operating_margin': 35.89}",,Finviz via finvizfinance screener views,2026-09-01T23:30:26+02:00,2026-08-19,,13,PEAD_WINDOW,"{'failed_gate': 'eps_growth', 'actual_value': 1.6261, 'applicable_threshold': 30.0, 'distance_to_threshold': 28.3739, 'distance_to_threshold_pct': 94.57966666666667, 'formula': 'minimo: distance = threshold - actual; pct = distance / abs(threshold) * 100'}"
ADP,Automatic Data Processing Inc,finviz_prefilter,revenue_growth;eps_growth;eps_next_year,,price_min;market_cap_min;avg_volume_min;revenue_growth;eps_growth;eps_next_year;operating_margin;earnings_window,False,"{'revenue_growth_yoy': 6.77, 'eps_growth_yoy': 9.62, 'eps_next_year': 9.22, 'operating_margin': 26.41}",,Finviz via finvizfinance screener views,2026-09-01T23:30:26+02:00,2026-07-29,,34,NORMAL,
ADPT,Adaptive Biotechnologies Corp,finviz_prefilter,eps_growth;operating_margin,,price_min;market_cap_min;avg_volume_min;revenue_growth;eps_growth;eps_next_year;operating_margin;earnings_window,False,"{'revenue_growth_yoy': 21.529999999999998, 'eps_growth_yoy': -47.8, 'eps_next_year': 67.66, 'operating_margin': -11.81}",,Finviz via finvizfinance screener views,2026-09-01T23:30:26+02:00,2026-07-29,,34,NORMAL,
ADSK,Autodesk Inc,finviz_prefilter,revenue_growth;eps_next_year,,price_min;market_cap_min;avg_volume_min;revenue_growth;eps_growth;eps_next_year;operating_margin;earnings_window,False,"{'revenue_growth_yoy': 16.78, 'eps_growth_yoy': 60.17, 'eps_next_year': 12.42, 'operating_margin': 23.39}",,Finviz via finvizfinance screener views,2026-09-01T23:30:26+02:00,2026-08-27,,5,PEAD_WINDOW,
AEHR,Aehr Test Systems,finviz_prefilter,operating_margin,,price_min;market_cap_min;avg_volume_min;revenue_growth;eps_growth;eps_next_year;operating_margin;earnings_window,False,"{'revenue_growth_yoy': 33.69, 'eps_growth_yoy': 143.11, 'eps_next_year': None, 'operating_margin': -28.29}",,Finviz via finvizfinance screener views,2026-09-01T23:30:26+02:00,2026-07-14,,49,NORMAL,"{'failed_gate': 'operating_margin', 'actual_value': -28.29, 'applicable_threshold': 8.0, 'distance_to_threshold': 36.29, 'distance_to_threshold_pct': 453.625, 'formula': 'minimo: distance = threshold - actual; pct = distance / abs(threshold) * 100'}"
AEP,American Electric Power Company Inc,finviz_prefilter,revenue_growth;eps_growth;eps_next_year,,price_min;market_cap_min;avg_volume_min;revenue_growth;eps_growth;eps_next_year;operating_margin;earnings_window,False,"{'revenue_growth_yoy': 6.79, 'eps_growth_yoy': -43.33, 'eps_next_year': 7.57, 'operating_margin': 23.330000000000002}",,Finviz via finvizfinance screener views,2026-09-01T23:30:26+02:00,2026-07-30,,33,NORMAL,
AFRM,Affirm Holdings Inc,finviz_prefilter,eps_growth,,price_min;market_cap_min;avg_volume_min;revenue_growth;eps_growth;eps_next_year;operating_margin;earnings_window,False,"{'revenue_growth_yoy': 33.550000000000004, 'eps_growth_yoy': 21.8718, 'eps_next_year': 44.63, 'operating_margin': 22.05}",,Finviz via finvizfinance screener views,2026-09-01T23:30:26+02:00,2026-08-27,,5,PEAD_WINDOW,"{'failed_gate': 'eps_growth', 'actual_value': 21.8718, 'applicable_threshold': 30.0, 'distance_to_threshold': 8.1282, 'distance_to_threshold_pct': 27.094, 'formula': 'minimo: distance = threshold - actual; pct = distance / abs(threshold) * 100'}"
AGIO,Agios Pharmaceuticals Inc,finviz_prefilter,revenue_growth;eps_growth;operating_margin,,price_min;market_cap_min;avg_volume_min;revenue_growth;eps_growth;eps_next_year;operating_margin;earnings_window,False,"{'revenue_growth_yoy': 2.5925, 'eps_growth_yoy': 12.45, 'eps_next_year': 35.07, 'operating_margin': -4.6678}",,Finviz via finvizfinance screener views,2026-09-01T23:30:26+02:00,2026-07-30,,33,NORMAL,
AKAM,Akamai Technologies Inc,finviz_prefilter,revenue_growth;eps_growth;eps_next_year,,price_min;market_cap_min;avg_volume_min;revenue_growth;eps_growth;eps_next_year;operating_margin;earnings_window,False,"{'revenue_growth_yoy': 5.38, 'eps_growth_yoy': -27.57, 'eps_next_year': 6.63, 'operating_margin': 11.92}",,Finviz via finvizfinance screener views,2026-09-01T23:30:26+02:00,2026-08-06,,26,NORMAL,
ALAB,Astera Labs Inc,finviz_prefilter,eps_growth,,price_min;market_cap_min;avg_volume_min;revenue_growth;eps_growth;eps_next_year;operating_margin;earnings_window,False,"{'revenue_growth_yoy': 104.45, 'eps_growth_yoy': 1.9033, 'eps_next_year': 62.43, 'operating_margin': 22.75}",,Finviz via finvizfinance screener views,2026-09-01T23:30:26+02:00,2026-08-04,,28,NORMAL,"{'failed_gate': 'eps_growth', 'actual_value': 1.9033, 'applicable_threshold': 20.0, 'distance_to_threshold': 18.0967, 'distance_to_threshold_pct': 90.48349999999999, 'formula': 'minimo: distance = threshold - actual; pct = distance / abs(threshold) * 100'}"
ALGM,Allegro Microsystems Inc,finviz_prefilter,eps_growth;operating_margin,,price_min;market_cap_min;avg_volume_min;revenue_growth;eps_growth;eps_next_year;operating_margin;earnings_window,False,"{'revenue_growth_yoy': 27.450000000000003, 'eps_growth_yoy': 2.1785, 'eps_next_year': 45.97, 'operating_margin': 6.22}",,Finviz via finvizfinance screener views,2026-09-01T23:30:26+02:00,2026-07-30,,33,NORMAL,
ALGN,Align Technology Inc,finviz_prefilter,revenue_growth;eps_growth;eps_next_year,,price_min;market_cap_min;avg_volume_min;revenue_growth;eps_growth;eps_next_year;operating_margin;earnings_window,False,"{'revenue_growth_yoy': 4.32, 'eps_growth_yoy': -11.790000000000001, 'eps_next_year': 11.05, 'operating_margin': 18.38}",,Finviz via finvizfinance screener views,2026-09-01T23:30:26+02:00,2026-07-29,,34,NORMAL,
ALKS,Alkermes plc,finviz_prefilter,eps_growth,,price_min;market_cap_min;avg_volume_min;revenue_growth;eps_growth;eps_next_year;operating_margin;earnings_window,False,"{'revenue_growth_yoy': 26.97, 'eps_growth_yoy': -99.44, 'eps_next_year': 234.61, 'operating_margin': 8.62}",,Finviz via finvizfinance screener views,2026-09-01T23:30:26+02:00,2026-07-28,,35,NORMAL,"{'failed_gate': 'eps_growth', 'actual_value': -99.44, 'applicable_threshold': 30.0, 'distance_to_threshold': 129.44, 'distance_to_threshold_pct': 431.46666666666664, 'formula': 'minimo: distance = threshold - actual; pct = distance / abs(threshold) * 100'}"
ALKT,Alkami Technology Inc,finviz_prefilter,revenue_growth;operating_margin,,price_min;market_cap_min;avg_volume_min;revenue_growth;eps_growth;eps_next_year;operating_margin;earnings_window,False,"{'revenue_growth_yoy': 15.870000000000001, 'eps_growth_yoy': 36.61, 'eps_next_year': 38.22, 'operating_margin': -7.08}",,Finviz via finvizfinance screener views,2026-09-01T23:30:26+02:00,2026-07-29,,34,NORMAL,
ALM,Almonty Industries Inc,finviz_prefilter,revenue_growth;eps_growth;operating_margin,,price_min;market_cap_min;avg_volume_min;revenue_growth;eps_growth;eps_next_year;operating_margin;earnings_window,False,"{'revenue_growth_yoy': 4.9789, 'eps_growth_yoy': 2.3556, 'eps_next_year': 120.83, 'operating_margin': 5.27}",,Finviz via finvizfinance screener views,2026-09-01T23:30:26+02:00,2026-08-11,,21,NORMAL,
ALNY,Alnylam Pharmaceuticals Inc,finviz_prefilter,eps_growth,,price_min;market_cap_min;avg_volume_min;revenue_growth;eps_growth;eps_next_year;operating_margin;earnings_window,False,"{'revenue_growth_yoy': 66.86, 'eps_growth_yoy': 3.3786, 'eps_next_year': 51.08, 'operating_margin': 20.810000000000002}",,Finviz via finvizfinance screener views,2026-09-01T23:30:26+02:00,2026-07-30,,33,NORMAL,"{'failed_gate': 'eps_growth', 'actual_value': 3.3786, 'applicable_threshold': 20.0, 'distance_to_threshold': 16.6214, 'distance_to_threshold_pct': 83.10700000000001, 'formula': 'minimo: distance = threshold - actual; pct = distance / abs(threshold) * 100'}"
AMBA,Ambarella Inc,finviz_prefilter,revenue_growth;eps_growth;operating_margin;earnings_window,,price_min;market_cap_min;avg_volume_min;revenue_growth;eps_growth;eps_next_year;operating_margin;earnings_window,False,"{'revenue_growth_yoy': 16.869999999999997, 'eps_growth_yoy': 27.99, 'eps_next_year': 36.48, 'operating_margin': -18.48}",,Finviz via finvizfinance screener views,2026-09-01T23:30:26+02:00,2026-09-03,2,,PRE_EARNINGS_BLACKOUT,
AMD,Advanced Micro Devices Inc,finviz_prefilter,eps_growth,,price_min;market_cap_min;avg_volume_min;revenue_growth;eps_growth;eps_next_year;operating_margin;earnings_window,False,"{'revenue_growth_yoy': 50.11, 'eps_growth_yoy': 1.588, 'eps_next_year': 106.17, 'operating_margin': 15.709999999999999}",,Finviz via finvizfinance screener views,2026-09-01T23:30:26+02:00,2026-08-04,,28,NORMAL,"{'failed_gate': 'eps_growth', 'actual_value': 1.588, 'applicable_threshold': 20.0, 'distance_to_threshold': 18.412, 'distance_to_threshold_pct': 92.06, 'formula': 'minimo: distance = threshold - actual; pct = distance / abs(threshold) * 100'}"
AMGN,AMGEN Inc,finviz_prefilter,revenue_growth;eps_next_year,,price_min;market_cap_min;avg_volume_min;revenue_growth;eps_growth;eps_next_year;operating_margin;earnings_window,False,"{'revenue_growth_yoy': 9.82, 'eps_growth_yoy': 64.92999999999999, 'eps_next_year': 5.8, 'operating_margin': 33.31}",,Finviz via finvizfinance screener views,2026-09-01T23:30:26+02:00,2026-08-04,,28,NORMAL,
AMKR,AMKOR Technology Inc,finviz_prefilter,eps_growth;eps_next_year,,price_min;market_cap_min;avg_volume_min;revenue_growth;eps_growth;eps_next_year;operating_margin;earnings_window,False,"{'revenue_growth_yoy': 25.580000000000002, 'eps_growth_yoy': 2.1653, 'eps_next_year': 8.84, 'operating_margin': 8.92}",,Finviz via finvizfinance screener views,2026-09-01T23:30:26+02:00,2026-07-27,,36,NORMAL,
AMRX,Amneal Pharmaceuticals Inc,finviz_prefilter,revenue_growth;eps_growth,,price_min;market_cap_min;avg_volume_min;revenue_growth;eps_growth;eps_next_year;operating_margin;earnings_window,False,"{'revenue_growth_yoy': 9.89, 'eps_growth_yoy': 1.5281, 'eps_next_year': 15.16, 'operating_margin': 15.299999999999999}",,Finviz via finvizfinance screener views,2026-09-01T23:30:26+02:00,2026-07-30,,33,NORMAL,
AMZN,Amazon.com Inc,finviz_prefilter,revenue_growth;eps_growth;eps_next_year,,price_min;market_cap_min;avg_volume_min;revenue_growth;eps_growth;eps_next_year;operating_margin;earnings_window,False,"{'revenue_growth_yoy': 19.62, 'eps_growth_yoy': 2.4183, 'eps_next_year': -16.48, 'operating_margin': 12.68}",,Finviz via finvizfinance screener views,2026-09-01T23:30:26+02:00,2026-07-30,,33,NORMAL,
APA,APA Corp,finviz_prefilter,revenue_growth;eps_growth;eps_next_year,,price_min;market_cap_min;avg_volume_min;revenue_growth;eps_growth;eps_next_year;operating_margin;earnings_window,False,"{'revenue_growth_yoy': 8.95, 'eps_growth_yoy': 26.33, 'eps_next_year': -28.91, 'operating_margin': 41.32}",,Finviz via finvizfinance screener views,2026-09-01T23:30:26+02:00,2026-08-05,,27,NORMAL,
APLD,Applied Digital Corp,finviz_prefilter,revenue_growth;eps_growth;operating_margin,,price_min;market_cap_min;avg_volume_min;revenue_growth;eps_growth;eps_next_year;operating_margin;earnings_window,False,"{'revenue_growth_yoy': 5.8068, 'eps_growth_yoy': -62.41, 'eps_next_year': 74.77, 'operating_margin': -29.73}",,Finviz via finvizfinance screener views,2026-09-01T23:30:26+02:00,2026-07-27,,36,NORMAL,
APPN,Appian Corp,finviz_prefilter,revenue_growth;eps_growth;operating_margin,,price_min;market_cap_min;avg_volume_min;revenue_growth;eps_growth;eps_next_year;operating_margin;earnings_window,False,"{'revenue_growth_yoy': 19.11, 'eps_growth_yoy': -37.5952, 'eps_next_year': 31.1, 'operating_margin': 4.37}",,Finviz via finvizfinance screener views,2026-09-01T23:30:26+02:00,2026-08-06,,26,NORMAL,
ARCC,Ares Capital Corp,finviz_prefilter,revenue_growth;eps_growth,,price_min;market_cap_min;avg_volume_min;revenue_growth;eps_growth;eps_next_year;operating_margin;earnings_window,False,"{'revenue_growth_yoy': -7.3, 'eps_growth_yoy': -54.14, 'eps_next_year': 146.0, 'operating_margin': 58.03}",,Finviz via finvizfinance screener views,2026-09-01T23:30:26+02:00,2026-07-29,,34,NORMAL,
ARQT,Arcutis Biotherapeutics Inc,finviz_prefilter,eps_growth;operating_margin,,price_min;market_cap_min;avg_volume_min;revenue_growth;eps_growth;eps_next_year;operating_margin;earnings_window,False,"{'revenue_growth_yoy': 59.330000000000005, 'eps_growth_yoy': 1.8825, 'eps_next_year': 171.05, 'operating_margin': 7.380000000000001}",,Finviz via finvizfinance screener views,2026-09-01T23:30:26+02:00,2026-08-05,,27,NORMAL,
ARWR,Arrowhead Pharmaceuticals Inc,finviz_prefilter,revenue_growth;eps_growth;eps_next_year;operating_margin,,price_min;market_cap_min;avg_volume_min;revenue_growth;eps_growth;eps_next_year;operating_margin;earnings_window,False,"{'revenue_growth_yoy': 1.7102, 'eps_growth_yoy': -7.51, 'eps_next_year': -29.73, 'operating_margin': -33.82}",,Finviz via finvizfinance screener views,2026-09-01T23:30:26+02:00,2026-08-04,,28,NORMAL,
ASO,Academy Sports and Outdoors Inc,finviz_prefilter,revenue_growth;eps_growth;eps_next_year,,price_min;market_cap_min;avg_volume_min;revenue_growth;eps_growth;eps_next_year;operating_margin;earnings_window,False,"{'revenue_growth_yoy': 6.7, 'eps_growth_yoy': 18.22, 'eps_next_year': 7.77, 'operating_margin': 8.42}",,Finviz via finvizfinance screener views,2026-09-01T23:30:26+02:00,2026-09-09,8,,NORMAL,
ASST,Strive Inc,finviz_prefilter,revenue_growth;eps_growth;operating_margin,,price_min;market_cap_min;avg_volume_min;revenue_growth;eps_growth;eps_next_year;operating_margin;earnings_window,False,"{'revenue_growth_yoy': -19.2, 'eps_growth_yoy': -10.31, 'eps_next_year': 123.74, 'operating_margin': -144.1558}",,Finviz via finvizfinance screener views,2026-09-01T23:30:26+02:00,2026-08-10,,22,NORMAL,
ASTS,AST SpaceMobile Inc,finviz_prefilter,eps_growth;operating_margin,,price_min;market_cap_min;avg_volume_min;revenue_growth;eps_growth;eps_next_year;operating_margin;earnings_window,False,"{'revenue_growth_yoy': 26.2664, 'eps_growth_yoy': -88.0, 'eps_next_year': 39.31, 'operating_margin': -4.1026}",,Finviz via finvizfinance screener views,2026-09-01T23:30:26+02:00,2026-08-10,,22,NORMAL,
ATRC,Atricure Inc,finviz_prefilter,revenue_growth;eps_growth;operating_margin,,price_min;market_cap_min;avg_volume_min;revenue_growth;eps_growth;eps_next_year;operating_margin;earnings_window,False,"{'revenue_growth_yoy': 12.83, 'eps_growth_yoy': 2.4125, 'eps_next_year': 291.48, 'operating_margin': 2.44}",,Finviz via finvizfinance screener views,2026-09-01T23:30:26+02:00,2026-07-23,,40,NORMAL,
AUPH,Aurinia Pharmaceuticals Inc,finviz_prefilter,revenue_growth,,price_min;market_cap_min;avg_volume_min;revenue_growth;eps_growth;eps_next_year;operating_margin;earnings_window,False,"{'revenue_growth_yoy': 18.87, 'eps_growth_yoy': 79.16, 'eps_next_year': 24.79, 'operating_margin': 45.15}",,Finviz via finvizfinance screener views,2026-09-01T23:30:26+02:00,2026-08-06,,26,NORMAL,"{'failed_gate': 'revenue_growth', 'actual_value': 18.87, 'applicable_threshold': 20.0, 'distance_to_threshold': 1.129999999999999, 'distance_to_threshold_pct': 5.649999999999995, 'formula': 'minimo: distance = threshold - actual; pct = distance / abs(threshold) * 100'}"
AVAV,AeroVironment Inc,finviz_prefilter,operating_margin,,price_min;market_cap_min;avg_volume_min;revenue_growth;eps_growth;eps_next_year;operating_margin;earnings_window,False,"{'revenue_growth_yoy': 133.27, 'eps_growth_yoy': 112.23, 'eps_next_year': 37.44, 'operating_margin': -1.1199999999999999}",,Finviz via finvizfinance screener views,2026-09-01T23:30:26+02:00,2026-09-09,8,,NORMAL,"{'failed_gate': 'operating_margin', 'actual_value': -1.1199999999999999, 'applicable_threshold': 8.0, 'distance_to_threshold': 9.12, 'distance_to_threshold_pct': 113.99999999999999, 'formula': 'minimo: distance = threshold - actual; pct = distance / abs(threshold) * 100'}"
AVGO,Broadcom Inc,finviz_prefilter,earnings_window,,price_min;market_cap_min;avg_volume_min;revenue_growth;eps_growth;eps_next_year;operating_margin;earnings_window,False,"{'revenue_growth_yoy': 47.870000000000005, 'eps_growth_yoy': 85.59, 'eps_next_year': 68.69, 'operating_margin': 44.14}",,Finviz via finvizfinance screener views,2026-09-01T23:30:26+02:00,2026-09-02,1,,PRE_EARNINGS_BLACKOUT,"{'failed_gate': 'earnings_window', 'actual_value': 1, 'applicable_threshold': 7, 'distance_to_threshold': 2, 'distance_to_threshold_pct': None, 'days_to_exit_blackout': 2, 'formula': 'days_to_exit_blackout = days_to_earnings + 1 (giorni; nessuna %)'}"
AVT,Avnet Inc,finviz_prefilter,eps_growth;eps_next_year;operating_margin,,price_min;market_cap_min;avg_volume_min;revenue_growth;eps_growth;eps_next_year;operating_margin;earnings_window,False,"{'revenue_growth_yoy': 47.660000000000004, 'eps_growth_yoy': 19.8743, 'eps_next_year': 11.61, 'operating_margin': 3.11}",,Finviz via finvizfinance screener views,2026-09-01T23:30:26+02:00,2026-08-05,,27,NORMAL,
AXGN,Axogen Inc,finviz_prefilter,eps_growth;operating_margin,,price_min;market_cap_min;avg_volume_min;revenue_growth;eps_growth;eps_next_year;operating_margin;earnings_window,False,"{'revenue_growth_yoy': 23.06, 'eps_growth_yoy': -3.3471, 'eps_next_year': 53.07, 'operating_margin': -5.12}",,Finviz via finvizfinance screener views,2026-09-01T23:30:26+02:00,2026-07-29,,34,NORMAL,
AXON,Axon Enterprise Inc,finviz_prefilter,eps_growth;operating_margin,,price_min;market_cap_min;avg_volume_min;revenue_growth;eps_growth;eps_next_year;operating_margin;earnings_window,False,"{'revenue_growth_yoy': 35.28, 'eps_growth_yoy': -19.0, 'eps_next_year': 38.48, 'operating_margin': 1.15}",,Finviz via finvizfinance screener views,2026-09-01T23:30:26+02:00,2026-08-05,,27,NORMAL,
AXSM,Axsome Therapeutics Inc,finviz_prefilter,eps_growth;operating_margin,,price_min;market_cap_min;avg_volume_min;revenue_growth;eps_growth;eps_next_year;operating_margin;earnings_window,False,"{'revenue_growth_yoy': 45.540000000000006, 'eps_growth_yoy': -2.09, 'eps_next_year': 274.15, 'operating_margin': -23.549999999999997}",,Finviz via finvizfinance screener views,2026-09-01T23:30:26+02:00,2026-08-10,,22,NORMAL,
AXTI,AXT Inc,finviz_prefilter,revenue_growth;eps_growth;operating_margin,,price_min;market_cap_min;avg_volume_min;revenue_growth;eps_growth;eps_next_year;operating_margin;earnings_window,False,"{'revenue_growth_yoy': 1.6477, 'eps_growth_yoy': 2.0825, 'eps_next_year': 158.88, 'operating_margin': 3.09}",,Finviz via finvizfinance screener views,2026-09-01T23:30:26+02:00,2026-07-30,,33,NORMAL,
BBIO,BridgeBio Pharma Inc,finviz_prefilter,eps_growth;operating_margin,,price_min;market_cap_min;avg_volume_min;revenue_growth;eps_growth;eps_next_year;operating_margin;earnings_window,False,"{'revenue_growth_yoy': 120.39, 'eps_growth_yoy': 18.57, 'eps_next_year': 104.92, 'operating_margin': -67.01}",,Finviz via finvizfinance screener views,2026-09-01T23:30:26+02:00,2026-08-10,,22,NORMAL,
BEAM,Beam Therapeutics Inc,finviz_prefilter,revenue_growth;eps_growth;eps_next_year;operating_margin,,price_min;market_cap_min;avg_volume_min;revenue_growth;eps_growth;eps_next_year;operating_margin;earnings_window,False,"{'revenue_growth_yoy': -94.21000000000001, 'eps_growth_yoy': -17.25, 'eps_next_year': -6.99, 'operating_margin': -2.4227}",,Finviz via finvizfinance screener views,2026-09-01T23:30:26+02:00,2026-08-04,,28,NORMAL,
BIIB,Biogen Inc,finviz_prefilter,revenue_growth;eps_growth,,price_min;market_cap_min;avg_volume_min;revenue_growth;eps_growth;eps_next_year;operating_margin;earnings_window,False,"{'revenue_growth_yoy': 2.3800000000000003, 'eps_growth_yoy': -84.85000000000001, 'eps_next_year': 32.75, 'operating_margin': 19.5}",,Finviz via finvizfinance screener views,2026-09-01T23:30:26+02:00,2026-07-29,,34,NORMAL,
BKNG,Booking Holdings Inc,finviz_prefilter,revenue_growth,,price_min;market_cap_min;avg_volume_min;revenue_growth;eps_growth;eps_next_year;operating_margin;earnings_window,False,"{'revenue_growth_yoy': 8.15, 'eps_growth_yoy': 130.75, 'eps_next_year': 18.53, 'operating_margin': 35.17}",,Finviz via finvizfinance screener views,2026-09-01T23:30:26+02:00,2026-08-04,,28,NORMAL,"{'failed_gate': 'revenue_growth', 'actual_value': 8.15, 'applicable_threshold': 20.0, 'distance_to_threshold': 11.85, 'distance_to_threshold_pct': 59.25, 'formula': 'minimo: distance = threshold - actual; pct = distance / abs(threshold) * 100'}"
BKR,Baker Hughes Co,finviz_prefilter,revenue_growth;eps_growth;eps_next_year,,price_min;market_cap_min;avg_volume_min;revenue_growth;eps_growth;eps_next_year;operating_margin;earnings_window,False,"{'revenue_growth_yoy': -2.4299999999999997, 'eps_growth_yoy': -3.44, 'eps_next_year': 14.58, 'operating_margin': 12.959999999999999}",,Finviz via finvizfinance screener views,2026-09-01T23:30:26+02:00,2026-07-26,,37,NORMAL,
BLKB,Blackbaud Inc,finviz_prefilter,revenue_growth;eps_next_year,,price_min;market_cap_min;avg_volume_min;revenue_growth;eps_growth;eps_next_year;operating_margin;earnings_window,False,"{'revenue_growth_yoy': 3.3000000000000003, 'eps_growth_yoy': 46.300000000000004, 'eps_next_year': 13.82, 'operating_margin': 20.18}",,Finviz via finvizfinance screener views,2026-09-01T23:30:26+02:00,2026-07-29,,34,NORMAL,
BMRN,Biomarin Pharmaceutical Inc,finviz_prefilter,eps_growth,,price_min;market_cap_min;avg_volume_min;revenue_growth;eps_growth;eps_next_year;operating_margin;earnings_window,False,"{'revenue_growth_yoy': 20.41, 'eps_growth_yoy': -81.28, 'eps_next_year': 32.33, 'operating_margin': 18.5}",,Finviz via finvizfinance screener views,2026-09-01T23:30:26+02:00,2026-08-06,,26,NORMAL,"{'failed_gate': 'eps_growth', 'actual_value': -81.28, 'applicable_threshold': 30.0, 'distance_to_threshold': 111.28, 'distance_to_threshold_pct': 370.93333333333334, 'formula': 'minimo: distance = threshold - actual; pct = distance / abs(threshold) * 100'}"
BRKR,Bruker Corp,finviz_prefilter,revenue_growth;eps_growth;eps_next_year,,price_min;market_cap_min;avg_volume_min;revenue_growth;eps_growth;eps_next_year;operating_margin;earnings_window,False,"{'revenue_growth_yoy': 5.1499999999999995, 'eps_growth_yoy': -9.2435, 'eps_next_year': 13.58, 'operating_margin': 8.540000000000001}",,Finviz via finvizfinance screener views,2026-09-01T23:30:26+02:00,2026-08-04,,28,NORMAL,
BRZE,Braze Inc,finviz_prefilter,eps_growth;operating_margin;earnings_window,,price_min;market_cap_min;avg_volume_min;revenue_growth;eps_growth;eps_next_year;operating_margin;earnings_window,False,"{'revenue_growth_yoy': 30.2, 'eps_growth_yoy': 29.87, 'eps_next_year': 52.11, 'operating_margin': -16.43}",,Finviz via finvizfinance screener views,2026-09-01T23:30:26+02:00,2026-09-08,7,,PRE_EARNINGS_BLACKOUT,
BSY,Bentley Systems Inc,finviz_prefilter,revenue_growth;eps_growth;eps_next_year,,price_min;market_cap_min;avg_volume_min;revenue_growth;eps_growth;eps_next_year;operating_margin;earnings_window,False,"{'revenue_growth_yoy': 12.8, 'eps_growth_yoy': 14.85, 'eps_next_year': 12.08, 'operating_margin': 24.37}",,Finviz via finvizfinance screener views,2026-09-01T23:30:26+02:00,2026-08-06,,26,NORMAL,
BTSG,BrightSpring Health Services Inc,finviz_prefilter,eps_growth;operating_margin,,price_min;market_cap_min;avg_volume_min;revenue_growth;eps_growth;eps_next_year;operating_margin;earnings_window,False,"{'revenue_growth_yoy': 23.05, 'eps_growth_yoy': 2.0176, 'eps_next_year': 26.86, 'operating_margin': 3.6799999999999997}",,Finviz via finvizfinance screener views,2026-09-01T23:30:26+02:00,2026-07-31,,32,NORMAL,
BUSE,First Busey Corp,finviz_prefilter,revenue_growth;eps_next_year,,price_min;market_cap_min;avg_volume_min;revenue_growth;eps_growth;eps_next_year;operating_margin;earnings_window,False,"{'revenue_growth_yoy': -6.94, 'eps_growth_yoy': 31.97, 'eps_next_year': 7.13, 'operating_margin': 27.32}",,Finviz via finvizfinance screener views,2026-09-01T23:30:26+02:00,2026-07-28,,35,NORMAL,
BWIN,Baldwin Insurance Group Inc,finviz_prefilter,eps_growth;operating_margin,,price_min;market_cap_min;avg_volume_min;revenue_growth;eps_growth;eps_next_year;operating_margin;earnings_window,False,"{'revenue_growth_yoy': 30.130000000000003, 'eps_growth_yoy': -8.0409, 'eps_next_year': 23.4, 'operating_margin': -2.65}",,Finviz via finvizfinance screener views,2026-09-01T23:30:26+02:00,2026-07-30,,33,NORMAL,
CAKE,Cheesecake Factory Inc,finviz_prefilter,revenue_growth;eps_growth;eps_next_year;operating_margin,,price_min;market_cap_min;avg_volume_min;revenue_growth;eps_growth;eps_next_year;operating_margin;earnings_window,False,"{'revenue_growth_yoy': 7.720000000000001, 'eps_growth_yoy': 23.78, 'eps_next_year': 10.71, 'operating_margin': 6.98}",,Finviz via finvizfinance screener views,2026-09-01T23:30:26+02:00,2026-07-28,,35,NORMAL,
CALM,Cal-Maine Foods Inc,finviz_prefilter,revenue_growth;eps_growth,,price_min;market_cap_min;avg_volume_min;revenue_growth;eps_growth;eps_next_year;operating_margin;earnings_window,False,"{'revenue_growth_yoy': -49.93, 'eps_growth_yoy': -110.85000000000001, 'eps_next_year': 135.66, 'operating_margin': 11.790000000000001}",,Finviz via finvizfinance screener views,2026-09-01T23:30:26+02:00,2026-07-22,,41,NORMAL,
CARG,CarGurus Inc,finviz_prefilter,revenue_growth,,price_min;market_cap_min;avg_volume_min;revenue_growth;eps_growth;eps_next_year;operating_margin;earnings_window,False,"{'revenue_growth_yoy': 7.24, 'eps_growth_yoy': 142.2, 'eps_next_year': 15.2, 'operating_margin': 25.71}",,Finviz via finvizfinance screener views,2026-09-01T23:30:26+02:00,2026-08-06,,26,NORMAL,"{'failed_gate': 'revenue_growth', 'actual_value': 7.24, 'applicable_threshold': 20.0, 'distance_to_threshold': 12.76, 'distance_to_threshold_pct': 63.800000000000004, 'formula': 'minimo: distance = threshold - actual; pct = distance / abs(threshold) * 100'}"
CART,Maplebear Inc,finviz_prefilter,revenue_growth;eps_growth,,price_min;market_cap_min;avg_volume_min;revenue_growth;eps_growth;eps_next_year;operating_margin;earnings_window,False,"{'revenue_growth_yoy': 14.11, 'eps_growth_yoy': 8.12, 'eps_next_year': 26.75, 'operating_margin': 16.68}",,Finviz via finvizfinance screener views,2026-09-01T23:30:26+02:00,2026-08-06,,26,NORMAL,
CBC,Central Bancompany Inc,finviz_prefilter,revenue_growth;eps_growth;eps_next_year,,price_min;market_cap_min;avg_volume_min;revenue_growth;eps_growth;eps_next_year;operating_margin;earnings_window,False,"{'revenue_growth_yoy': 7.109999999999999, 'eps_growth_yoy': 14.59, 'eps_next_year': 6.29, 'operating_margin': 43.47}",,Finviz via finvizfinance screener views,2026-09-01T23:30:26+02:00,2026-08-04,,28,NORMAL,
CBRS,Cerebras Systems Inc,finviz_prefilter,eps_growth;operating_margin,,price_min;market_cap_min;avg_volume_min;revenue_growth;eps_growth;eps_next_year;operating_margin;earnings_window,False,"{'revenue_growth_yoy': 74.32, 'eps_growth_yoy': -2.3728, 'eps_next_year': None, 'operating_margin': -81.17}",,Finviz via finvizfinance screener views,2026-09-01T23:30:26+02:00,2026-08-12,,20,NORMAL,
CBSH,Commerce Bancshares Inc,finviz_prefilter,revenue_growth;eps_growth;eps_next_year,,price_min;market_cap_min;avg_volume_min;revenue_growth;eps_growth;eps_next_year;operating_margin;earnings_window,False,"{'revenue_growth_yoy': 14.280000000000001, 'eps_growth_yoy': 1.17, 'eps_next_year': 7.65, 'operating_margin': 33.739999999999995}",,Finviz via finvizfinance screener views,2026-09-01T23:30:26+02:00,2026-07-16,,47,NORMAL,
CCEP,Coca-Cola Europacific Partners Plc,finviz_prefilter,revenue_growth;eps_growth;eps_next_year,,price_min;market_cap_min;avg_volume_min;revenue_growth;eps_growth;eps_next_year;operating_margin;earnings_window,False,"{'revenue_growth_yoy': 1.72, 'eps_growth_yoy': 3.0705, 'eps_next_year': 9.21, 'operating_margin': 13.54}",,Finviz via finvizfinance screener views,2026-09-01T23:30:26+02:00,2026-08-04,,28,NORMAL,
CDNA,Caredx Inc,finviz_prefilter,eps_growth;eps_next_year;operating_margin,,price_min;market_cap_min;avg_volume_min;revenue_growth;eps_growth;eps_next_year;operating_margin;earnings_window,False,"{'revenue_growth_yoy': 52.23, 'eps_growth_yoy': 14.1242, 'eps_next_year': 11.68, 'operating_margin': -0.4}",,Finviz via finvizfinance screener views,2026-09-01T23:30:26+02:00,2026-07-30,,33,NORMAL,
CDW,CDW Corp,finviz_prefilter,revenue_growth;eps_growth;eps_next_year;operating_margin,,price_min;market_cap_min;avg_volume_min;revenue_growth;eps_growth;eps_next_year;operating_margin;earnings_window,False,"{'revenue_growth_yoy': 9.969999999999999, 'eps_growth_yoy': 5.1499999999999995, 'eps_next_year': 9.22, 'operating_margin': 7.17}",,Finviz via finvizfinance screener views,2026-09-01T23:30:26+02:00,2026-08-05,,27,NORMAL,
CECO,Ceco Environmental Corp,finviz_prefilter,eps_growth;operating_margin,,price_min;market_cap_min;avg_volume_min;revenue_growth;eps_growth;eps_next_year;operating_margin;earnings_window,False,"{'revenue_growth_yoy': 53.71, 'eps_growth_yoy': -4.0865, 'eps_next_year': 37.11, 'operating_margin': 5.82}",,Finviz via finvizfinance screener views,2026-09-01T23:30:26+02:00,2026-08-10,,22,NORMAL,
CEG,Constellation Energy Corp,finviz_prefilter,eps_growth;eps_next_year,,price_min;market_cap_min;avg_volume_min;revenue_growth;eps_growth;eps_next_year;operating_margin;earnings_window,False,"{'revenue_growth_yoy': 38.56, 'eps_growth_yoy': -46.67, 'eps_next_year': 10.14, 'operating_margin': 14.93}",,Finviz via finvizfinance screener views,2026-09-01T23:30:26+02:00,2026-08-06,,26,NORMAL,
CELH,Celsius Holdings Inc,finviz_prefilter,revenue_growth;eps_growth,,price_min;market_cap_min;avg_volume_min;revenue_growth;eps_growth;eps_next_year;operating_margin;earnings_window,False,"{'revenue_growth_yoy': 10.639999999999999, 'eps_growth_yoy': -56.95, 'eps_next_year': 20.58, 'operating_margin': 19.2}",,Finviz via finvizfinance screener views,2026-09-01T23:30:26+02:00,2026-08-06,,26,NORMAL,
CENX,Century Aluminum Co,finviz_prefilter,revenue_growth;eps_next_year,,price_min;market_cap_min;avg_volume_min;revenue_growth;eps_growth;eps_next_year;operating_margin;earnings_window,False,"{'revenue_growth_yoy': 19.74, 'eps_growth_yoy': 49.3874, 'eps_next_year': 11.95, 'operating_margin': 14.87}",,Finviz via finvizfinance screener views,2026-09-01T23:30:26+02:00,2026-08-06,,26,NORMAL,
CG,Carlyle Group Inc,finviz_prefilter,revenue_growth;eps_growth,,price_min;market_cap_min;avg_volume_min;revenue_growth;eps_growth;eps_next_year;operating_margin;earnings_window,False,"{'revenue_growth_yoy': -43.91, 'eps_growth_yoy': -57.15, 'eps_next_year': 41.01, 'operating_margin': 14.38}",,Finviz via finvizfinance screener views,2026-09-01T23:30:26+02:00,2026-08-05,,27,NORMAL,
CGNX,Cognex Corp,finviz_prefilter,revenue_growth,,price_min;market_cap_min;avg_volume_min;revenue_growth;eps_growth;eps_next_year;operating_margin;earnings_window,False,"{'revenue_growth_yoy': 16.93, 'eps_growth_yoy': 78.11, 'eps_next_year': 19.45, 'operating_margin': 21.9}",,Finviz via finvizfinance screener views,2026-09-01T23:30:26+02:00,2026-08-05,,27,NORMAL,"{'failed_gate': 'revenue_growth', 'actual_value': 16.93, 'applicable_threshold': 20.0, 'distance_to_threshold': 3.0700000000000003, 'distance_to_threshold_pct': 15.350000000000003, 'formula': 'minimo: distance = threshold - actual; pct = distance / abs(threshold) * 100'}"
CGON,Cg Oncology Inc,finviz_prefilter,eps_next_year;operating_margin,revenue_growth;eps_growth,price_min;market_cap_min;avg_volume_min;eps_next_year;operating_margin;earnings_window,False,"{'revenue_growth_yoy': None, 'eps_growth_yoy': -64.91, 'eps_next_year': 5.64, 'operating_margin': -40.5618}",,Finviz via finvizfinance screener views,2026-09-01T23:30:26+02:00,2026-08-06,,26,NORMAL,
CHDN,Churchill Downs Inc,finviz_prefilter,revenue_growth;eps_growth;eps_next_year,,price_min;market_cap_min;avg_volume_min;revenue_growth;eps_growth;eps_next_year;operating_margin;earnings_window,False,"{'revenue_growth_yoy': 4.88, 'eps_growth_yoy': 14.499999999999998, 'eps_next_year': 6.27, 'operating_margin': 25.81}",,Finviz via finvizfinance screener views,2026-09-01T23:30:26+02:00,2026-07-29,,34,NORMAL,
CHKP,Check Point Software Technologies Ltd,finviz_prefilter,revenue_growth;eps_growth;eps_next_year,,price_min;market_cap_min;avg_volume_min;revenue_growth;eps_growth;eps_next_year;operating_margin;earnings_window,False,"{'revenue_growth_yoy': 1.26, 'eps_growth_yoy': 1.9300000000000002, 'eps_next_year': 8.05, 'operating_margin': 29.020000000000003}",,Finviz via finvizfinance screener views,2026-09-01T23:30:26+02:00,2026-07-30,,33,NORMAL,
CHRD,Chord Energy Corp,finviz_prefilter,eps_growth;eps_next_year,,price_min;market_cap_min;avg_volume_min;revenue_growth;eps_growth;eps_next_year;operating_margin;earnings_window,False,"{'revenue_growth_yoy': 84.04, 'eps_growth_yoy': 2.3705, 'eps_next_year': -30.07, 'operating_margin': 18.93}",,Finviz via finvizfinance screener views,2026-09-01T23:30:26+02:00,2026-08-05,,27,NORMAL,
CHRW,C.H. Robinson Worldwide Inc,finviz_prefilter,revenue_growth;eps_growth;operating_margin,,price_min;market_cap_min;avg_volume_min;revenue_growth;eps_growth;eps_next_year;operating_margin;earnings_window,False,"{'revenue_growth_yoy': 19.28, 'eps_growth_yoy': 23.810000000000002, 'eps_next_year': 20.44, 'operating_margin': 4.91}",,Finviz via finvizfinance screener views,2026-09-01T23:30:26+02:00,2026-07-29,,34,NORMAL,
CHTR,Charter Communications Inc,finviz_prefilter,revenue_growth;eps_growth;eps_next_year,,price_min;market_cap_min;avg_volume_min;revenue_growth;eps_growth;eps_next_year;operating_margin;earnings_window,False,"{'revenue_growth_yoy': -1.7399999999999998, 'eps_growth_yoy': 16.04, 'eps_next_year': 9.59, 'operating_margin': 23.98}",,Finviz via finvizfinance screener views,2026-09-01T23:30:26+02:00,2026-07-24,,39,NORMAL,
CHYM,Chime Financial Inc,finviz_prefilter,revenue_growth;operating_margin,,price_min;market_cap_min;avg_volume_min;revenue_growth;eps_growth;eps_next_year;operating_margin;earnings_window,False,"{'revenue_growth_yoy': 10.61, 'eps_growth_yoy': 102.84, 'eps_next_year': 102.93, 'operating_margin': -0.83}",,Finviz via finvizfinance screener views,2026-09-01T23:30:26+02:00,2026-08-05,,27,NORMAL,
CINF,Cincinnati Financial Corp,finviz_prefilter,eps_next_year,,price_min;market_cap_min;avg_volume_min;revenue_growth;eps_growth;eps_next_year;operating_margin;earnings_window,False,"{'revenue_growth_yoy': 31.59, 'eps_growth_yoy': 85.68, 'eps_next_year': 7.2, 'operating_margin': 30.159999999999997}",,Finviz via finvizfinance screener views,2026-09-01T23:30:26+02:00,2026-07-27,,36,NORMAL,"{'failed_gate': 'eps_next_year', 'actual_value': 7.2, 'applicable_threshold': 15.0, 'distance_to_threshold': 7.8, 'distance_to_threshold_pct': 52.0, 'formula': 'minimo: distance = threshold - actual; pct = distance / abs(threshold) * 100'}"
CLDX,Celldex Therapeutics Inc,finviz_prefilter,revenue_growth;eps_growth;eps_next_year;operating_margin,,price_min;market_cap_min;avg_volume_min;revenue_growth;eps_growth;eps_next_year;operating_margin;earnings_window,False,"{'revenue_growth_yoy': -96.99, 'eps_growth_yoy': -10.77, 'eps_next_year': -32.0, 'operating_margin': -2062.2025}",,Finviz via finvizfinance screener views,2026-09-01T23:30:26+02:00,2026-08-06,,26,NORMAL,
CLMT,Calumet Inc,finviz_prefilter,operating_margin,,price_min;market_cap_min;avg_volume_min;revenue_growth;eps_growth;eps_next_year;operating_margin;earnings_window,False,"{'revenue_growth_yoy': 40.77, 'eps_growth_yoy': 35.75, 'eps_next_year': 188.76, 'operating_margin': 1.1900000000000002}",,Finviz via finvizfinance screener views,2026-09-01T23:30:26+02:00,2026-08-07,,25,NORMAL,"{'failed_gate': 'operating_margin', 'actual_value': 1.1900000000000002, 'applicable_threshold': 8.0, 'distance_to_threshold': 6.81, 'distance_to_threshold_pct': 85.125, 'formula': 'minimo: distance = threshold - actual; pct = distance / abs(threshold) * 100'}"
CMCSA,Comcast Corp,finviz_prefilter,revenue_growth;eps_growth;eps_next_year,,price_min;market_cap_min;avg_volume_min;revenue_growth;eps_growth;eps_next_year;operating_margin;earnings_window,False,"{'revenue_growth_yoy': -1.23, 'eps_growth_yoy': -66.9, 'eps_next_year': 3.17, 'operating_margin': 14.85}",,Finviz via finvizfinance screener views,2026-09-01T23:30:26+02:00,2026-07-23,,40,NORMAL,
CME,CME Group Inc,finviz_prefilter,revenue_growth;eps_growth;eps_next_year,,price_min;market_cap_min;avg_volume_min;revenue_growth;eps_growth;eps_next_year;operating_margin;earnings_window,False,"{'revenue_growth_yoy': 0.84, 'eps_growth_yoy': 2.6599999999999997, 'eps_next_year': 5.41, 'operating_margin': 65.10000000000001}",,Finviz via finvizfinance screener views,2026-09-01T23:30:26+02:00,2026-07-22,,41,NORMAL,
COCO,Vita Coco Company Inc,finviz_prefilter,eps_next_year,,price_min;market_cap_min;avg_volume_min;revenue_growth;eps_growth;eps_next_year;operating_margin;earnings_window,False,"{'revenue_growth_yoy': 28.08, 'eps_growth_yoy': 112.29, 'eps_next_year': 12.67, 'operating_margin': 19.1}",,Finviz via finvizfinance screener views,2026-09-01T23:30:26+02:00,2026-07-23,,40,NORMAL,"{'failed_gate': 'eps_next_year', 'actual_value': 12.67, 'applicable_threshold': 15.0, 'distance_to_threshold': 2.33, 'distance_to_threshold_pct': 15.533333333333335, 'formula': 'minimo: distance = threshold - actual; pct = distance / abs(threshold) * 100'}"
COHU,Cohu Inc,finviz_prefilter,operating_margin,,price_min;market_cap_min;avg_volume_min;revenue_growth;eps_growth;eps_next_year;operating_margin;earnings_window,False,"{'revenue_growth_yoy': 38.37, 'eps_growth_yoy': 99.06, 'eps_next_year': 94.34, 'operating_margin': -6.38}",,Finviz via finvizfinance screener views,2026-09-01T23:30:26+02:00,2026-07-30,,33,NORMAL,"{'failed_gate': 'operating_margin', 'actual_value': -6.38, 'applicable_threshold': 8.0, 'distance_to_threshold': 14.379999999999999, 'distance_to_threshold_pct': 179.75, 'formula': 'minimo: distance = threshold - actual; pct = distance / abs(threshold) * 100'}"
COIN,Coinbase Global Inc,finviz_prefilter,revenue_growth;eps_growth;operating_margin,,price_min;market_cap_min;avg_volume_min;revenue_growth;eps_growth;eps_next_year;operating_margin;earnings_window,False,"{'revenue_growth_yoy': -61.1, 'eps_growth_yoy': -126.57000000000001, 'eps_next_year': 189.75, 'operating_margin': -37.56}",,Finviz via finvizfinance screener views,2026-09-01T23:30:26+02:00,2026-07-30,,33,NORMAL,
COLB,Columbia Banking System Inc,finviz_prefilter,eps_growth;eps_next_year,,price_min;market_cap_min;avg_volume_min;revenue_growth;eps_growth;eps_next_year;operating_margin;earnings_window,False,"{'revenue_growth_yoy': 21.959999999999997, 'eps_growth_yoy': 0.03, 'eps_next_year': 8.4, 'operating_margin': 30.620000000000005}",,Finviz via finvizfinance screener views,2026-09-01T23:30:26+02:00,2026-07-23,,40,NORMAL,
COO,Cooper Companies Inc,finviz_prefilter,revenue_growth;eps_growth;eps_next_year,,price_min;market_cap_min;avg_volume_min;revenue_growth;eps_growth;eps_next_year;operating_margin;earnings_window,False,"{'revenue_growth_yoy': 7.9, 'eps_growth_yoy': -1.9142, 'eps_next_year': 8.11, 'operating_margin': 18.19}",,Finviz via finvizfinance screener views,2026-09-01T23:30:26+02:00,2026-09-09,8,,NORMAL,
CORT,Corcept Therapeutics Inc,finviz_prefilter,eps_growth;operating_margin,,price_min;market_cap_min;avg_volume_min;revenue_growth;eps_growth;eps_next_year;operating_margin;earnings_window,False,"{'revenue_growth_yoy': 31.740000000000002, 'eps_growth_yoy': 23.91, 'eps_next_year': 108.21, 'operating_margin': 0.77}",,Finviz via finvizfinance screener views,2026-09-01T23:30:26+02:00,2026-07-29,,34,NORMAL,
CORZ,Core Scientific Inc,finviz_prefilter,eps_growth;operating_margin,,price_min;market_cap_min;avg_volume_min;revenue_growth;eps_growth;eps_next_year;operating_margin;earnings_window,False,"{'revenue_growth_yoy': 108.83, 'eps_growth_yoy': -78.6882, 'eps_next_year': 107.0, 'operating_margin': -30.620000000000005}",,Finviz via finvizfinance screener views,2026-09-01T23:30:26+02:00,2026-07-28,,35,NORMAL,
COST,Costco Wholesale Corp,finviz_prefilter,revenue_growth;eps_growth;eps_next_year;operating_margin,,price_min;market_cap_min;avg_volume_min;revenue_growth;eps_growth;eps_next_year;operating_margin;earnings_window,False,"{'revenue_growth_yoy': 11.58, 'eps_growth_yoy': 15.27, 'eps_next_year': 10.56, 'operating_margin': 3.82}",,Finviz via finvizfinance screener views,2026-09-01T23:30:26+02:00,2026-09-24,23,,NORMAL,
CPB,Campbells Co,finviz_prefilter,revenue_growth;eps_next_year;earnings_window,,price_min;market_cap_min;avg_volume_min;revenue_growth;eps_growth;eps_next_year;operating_margin;earnings_window,False,"{'revenue_growth_yoy': -4.3999999999999995, 'eps_growth_yoy': 87.9, 'eps_next_year': -15.3, 'operating_margin': 11.95}",,Finviz via finvizfinance screener views,2026-09-01T23:30:26+02:00,2026-09-03,2,,PRE_EARNINGS_BLACKOUT,
CPRT,Copart Inc,finviz_prefilter,revenue_growth;eps_growth;eps_next_year,,price_min;market_cap_min;avg_volume_min;revenue_growth;eps_growth;eps_next_year;operating_margin;earnings_window,False,"{'revenue_growth_yoy': 2.09, 'eps_growth_yoy': 2.67, 'eps_next_year': 5.59, 'operating_margin': 36.57}",,Finviz via finvizfinance screener views,2026-09-01T23:30:26+02:00,2026-05-21,,103,NORMAL,
CRDO,Credo Technology Group Holding Ltd,finviz_prefilter,revenue_growth;eps_growth;earnings_window,,price_min;market_cap_min;avg_volume_min;revenue_growth;eps_growth;eps_next_year;operating_margin;earnings_window,False,"{'revenue_growth_yoy': 1.5702, 'eps_growth_yoy': 3.3683, 'eps_next_year': 48.08, 'operating_margin': 34.03}",,Finviz via finvizfinance screener views,2026-09-01T23:30:26+02:00,2026-09-01,0,,PRE_EARNINGS_BLACKOUT,
CRNX,Crinetics Pharmaceuticals Inc,finviz_prefilter,eps_growth;eps_next_year;operating_margin,,price_min;market_cap_min;avg_volume_min;revenue_growth;eps_growth;eps_next_year;operating_margin;earnings_window,False,"{'revenue_growth_yoy': 23.3628, 'eps_growth_yoy': 7.140000000000001, 'eps_next_year': 13.53, 'operating_margin': -13.0252}",,Finviz via finvizfinance screener views,2026-09-01T23:30:26+02:00,2026-08-03,,29,NORMAL,
CROX,Crocs Inc,finviz_prefilter,revenue_growth;eps_next_year,,price_min;market_cap_min;avg_volume_min;revenue_growth;eps_growth;eps_next_year;operating_margin;earnings_window,False,"{'revenue_growth_yoy': 2.62, 'eps_growth_yoy': 146.78, 'eps_next_year': 7.14, 'operating_margin': 20.810000000000002}",,Finviz via finvizfinance screener views,2026-09-01T23:30:26+02:00,2026-07-30,,33,NORMAL,
CRSP,CRISPR Therapeutics AG,finviz_prefilter,revenue_growth;operating_margin,,price_min;market_cap_min;avg_volume_min;revenue_growth;eps_growth;eps_next_year;operating_margin;earnings_window,False,"{'revenue_growth_yoy': 10.4137, 'eps_growth_yoy': 60.57, 'eps_next_year': 25.73, 'operating_margin': -39.7153}",,Finviz via finvizfinance screener views,2026-09-01T23:30:26+02:00,2026-08-03,,29,NORMAL,
CRWD,Crowdstrike Holdings Inc,finviz_prefilter,operating_margin,,price_min;market_cap_min;avg_volume_min;revenue_growth;eps_growth;eps_next_year;operating_margin;earnings_window,False,"{'revenue_growth_yoy': 25.83, 'eps_growth_yoy': 106.56000000000002, 'eps_next_year': 26.74, 'operating_margin': -1.23}",,Finviz via finvizfinance screener views,2026-09-01T23:30:26+02:00,2026-08-26,,6,PEAD_WINDOW,"{'failed_gate': 'operating_margin', 'actual_value': -1.23, 'applicable_threshold': 8.0, 'distance_to_threshold': 9.23, 'distance_to_threshold_pct': 115.375, 'formula': 'minimo: distance = threshold - actual; pct = distance / abs(threshold) * 100'}"
CRWV,CoreWeave Inc,finviz_prefilter,eps_growth;operating_margin,,price_min;market_cap_min;avg_volume_min;revenue_growth;eps_growth;eps_next_year;operating_margin;earnings_window,False,"{'revenue_growth_yoy': 112.32, 'eps_growth_yoy': -79.2, 'eps_next_year': 50.72, 'operating_margin': -3.0300000000000002}",,Finviz via finvizfinance screener views,2026-09-01T23:30:26+02:00,2026-08-11,,21,NORMAL,
CSCO,Cisco Systems Inc,finviz_prefilter,revenue_growth;eps_next_year,,price_min;market_cap_min;avg_volume_min;revenue_growth;eps_growth;eps_next_year;operating_margin;earnings_window,False,"{'revenue_growth_yoy': 17.580000000000002, 'eps_growth_yoy': 37.16, 'eps_next_year': 9.3, 'operating_margin': 25.230000000000004}",,Finviz via finvizfinance screener views,2026-09-01T23:30:26+02:00,2026-08-12,,20,NORMAL,
CSGP,Costar Group Inc,finviz_prefilter,revenue_growth;eps_growth;operating_margin,,price_min;market_cap_min;avg_volume_min;revenue_growth;eps_growth;eps_next_year;operating_margin;earnings_window,False,"{'revenue_growth_yoy': 18.39, 'eps_growth_yoy': 8.3151, 'eps_next_year': 25.58, 'operating_margin': 2.4299999999999997}",,Finviz via finvizfinance screener views,2026-09-01T23:30:26+02:00,2026-07-28,,35,NORMAL,
CSX,CSX Corp,finviz_prefilter,revenue_growth;eps_growth;eps_next_year,,price_min;market_cap_min;avg_volume_min;revenue_growth;eps_growth;eps_next_year;operating_margin;earnings_window,False,"{'revenue_growth_yoy': 10.100000000000001, 'eps_growth_yoy': 21.78, 'eps_next_year': 13.34, 'operating_margin': 35.27}",,Finviz via finvizfinance screener views,2026-09-01T23:30:26+02:00,2026-07-22,,41,NORMAL,
CTAS,Cintas Corp,finviz_prefilter,revenue_growth;eps_growth;eps_next_year,,price_min;market_cap_min;avg_volume_min;revenue_growth;eps_growth;eps_next_year;operating_margin;earnings_window,False,"{'revenue_growth_yoy': 8.9, 'eps_growth_yoy': 15.559999999999999, 'eps_next_year': 11.45, 'operating_margin': 23.26}",,Finviz via finvizfinance screener views,2026-09-01T23:30:26+02:00,2026-07-15,,48,NORMAL,
CTSH,Cognizant Technology Solutions Corp,finviz_prefilter,revenue_growth;eps_growth;eps_next_year,,price_min;market_cap_min;avg_volume_min;revenue_growth;eps_growth;eps_next_year;operating_margin;earnings_window,False,"{'revenue_growth_yoy': 4.5, 'eps_growth_yoy': 4.1000000000000005, 'eps_next_year': 9.76, 'operating_margin': 16.11}",,Finviz via finvizfinance screener views,2026-09-01T23:30:26+02:00,2026-07-29,,34,NORMAL,
CVBF,CVB Financial Corp,finviz_prefilter,eps_growth,,price_min;market_cap_min;avg_volume_min;revenue_growth;eps_growth;eps_next_year;operating_margin;earnings_window,False,"{'revenue_growth_yoy': 37.86, 'eps_growth_yoy': -21.58, 'eps_next_year': 31.93, 'operating_margin': 43.64}",,Finviz via finvizfinance screener views,2026-09-01T23:30:26+02:00,2026-07-22,,41,NORMAL,"{'failed_gate': 'eps_growth', 'actual_value': -21.58, 'applicable_threshold': 30.0, 'distance_to_threshold': 51.58, 'distance_to_threshold_pct': 171.93333333333334, 'formula': 'minimo: distance = threshold - actual; pct = distance / abs(threshold) * 100'}"
CYTK,Cytokinetics Inc,finviz_prefilter,revenue_growth;eps_growth;operating_margin,,price_min;market_cap_min;avg_volume_min;revenue_growth;eps_growth;eps_next_year;operating_margin;earnings_window,False,"{'revenue_growth_yoy': -57.13, 'eps_growth_yoy': -33.78, 'eps_next_year': 26.06, 'operating_margin': -10.4612}",,Finviz via finvizfinance screener views,2026-09-01T23:30:26+02:00,2026-08-06,,26,NORMAL,
CZR,Caesars Entertainment Inc,finviz_prefilter,revenue_growth;eps_growth,,price_min;market_cap_min;avg_volume_min;revenue_growth;eps_growth;eps_next_year;operating_margin;earnings_window,False,"{'revenue_growth_yoy': 2.96, 'eps_growth_yoy': 22.53, 'eps_next_year': 125.24, 'operating_margin': 17.69}",,Finviz via finvizfinance screener views,2026-09-01T23:30:26+02:00,2026-07-28,,35,NORMAL,
DASH,DoorDash Inc,finviz_prefilter,eps_growth;operating_margin,,price_min;market_cap_min;avg_volume_min;revenue_growth;eps_growth;eps_next_year;operating_margin;earnings_window,False,"{'revenue_growth_yoy': 35.63, 'eps_growth_yoy': -29.98, 'eps_next_year': 79.62, 'operating_margin': 5.46}",,Finviz via finvizfinance screener views,2026-09-01T23:30:26+02:00,2026-08-05,,27,NORMAL,
DBX,Dropbox Inc,finviz_prefilter,revenue_growth;eps_growth;eps_next_year,,price_min;market_cap_min;avg_volume_min;revenue_growth;eps_growth;eps_next_year;operating_margin;earnings_window,False,"{'revenue_growth_yoy': 0.9299999999999999, 'eps_growth_yoy': -6.94, 'eps_next_year': 8.34, 'operating_margin': 26.5}",,Finviz via finvizfinance screener views,2026-09-01T23:30:26+02:00,2026-08-06,,26,NORMAL,
DDOG,Datadog Inc,finviz_prefilter,eps_growth;operating_margin,,price_min;market_cap_min;avg_volume_min;revenue_growth;eps_growth;eps_next_year;operating_margin;earnings_window,False,"{'revenue_growth_yoy': 35.64, 'eps_growth_yoy': 15.5135, 'eps_next_year': 16.96, 'operating_margin': 0.48}",,Finviz via finvizfinance screener views,2026-09-01T23:30:26+02:00,2026-08-06,,26,NORMAL,
DKNG,DraftKings Inc,finviz_prefilter,revenue_growth;eps_growth;operating_margin,,price_min;market_cap_min;avg_volume_min;revenue_growth;eps_growth;eps_next_year;operating_margin;earnings_window,False,"{'revenue_growth_yoy': -4.58, 'eps_growth_yoy': -145.99, 'eps_next_year': 584.03, 'operating_margin': -2.83}",,Finviz via finvizfinance screener views,2026-09-01T23:30:26+02:00,2026-08-06,,26,NORMAL,
DLTR,Dollar Tree Inc,finviz_prefilter,revenue_growth;eps_growth,,price_min;market_cap_min;avg_volume_min;revenue_growth;eps_growth;eps_next_year;operating_margin;earnings_window,False,"{'revenue_growth_yoy': 7.02, 'eps_growth_yoy': 1.9728, 'eps_next_year': 140.0, 'operating_margin': 10.54}",,Finviz via finvizfinance screener views,2026-09-01T23:30:26+02:00,2026-08-27,,5,PEAD_WINDOW,
DNLI,Denali Therapeutics Inc,finviz_prefilter,eps_next_year;operating_margin,revenue_growth;eps_growth,price_min;market_cap_min;avg_volume_min;eps_next_year;operating_margin;earnings_window,False,"{'revenue_growth_yoy': None, 'eps_growth_yoy': 5.93, 'eps_next_year': -68.0, 'operating_margin': -150.5819}",,Finviz via finvizfinance screener views,2026-09-01T23:30:26+02:00,2026-08-06,,26,NORMAL,
DNTH,Dianthus Therapeutics Inc,finviz_prefilter,revenue_growth;eps_growth;eps_next_year;operating_margin,,price_min;market_cap_min;avg_volume_min;revenue_growth;eps_growth;eps_next_year;operating_margin;earnings_window,False,"{'revenue_growth_yoy': 2.943, 'eps_growth_yoy': -1.51, 'eps_next_year': -21.63, 'operating_margin': -114.4139}",,Finviz via finvizfinance screener views,2026-09-01T23:30:26+02:00,2026-08-04,,28,NORMAL,
DOCU,DocuSign Inc,finviz_prefilter,revenue_growth;eps_growth;eps_next_year;earnings_window,,price_min;market_cap_min;avg_volume_min;revenue_growth;eps_growth;eps_next_year;operating_margin;earnings_window,False,"{'revenue_growth_yoy': 8.72, 'eps_growth_yoy': 17.51, 'eps_next_year': 12.48, 'operating_margin': 10.639999999999999}",,Finviz via finvizfinance screener views,2026-09-01T23:30:26+02:00,2026-09-03,2,,PRE_EARNINGS_BLACKOUT,
DOX,Amdocs Ltd,finviz_prefilter,revenue_growth;eps_growth;eps_next_year,,price_min;market_cap_min;avg_volume_min;revenue_growth;eps_growth;eps_next_year;operating_margin;earnings_window,False,"{'revenue_growth_yoy': 2.63, 'eps_growth_yoy': -57.53, 'eps_next_year': 8.06, 'operating_margin': 16.86}",,Finviz via finvizfinance screener views,2026-09-01T23:30:26+02:00,2026-08-05,,27,NORMAL,
DPZ,Dominos Pizza Inc,finviz_prefilter,revenue_growth;eps_growth;eps_next_year,,price_min;market_cap_min;avg_volume_min;revenue_growth;eps_growth;eps_next_year;operating_margin;earnings_window,False,"{'revenue_growth_yoy': 4.3, 'eps_growth_yoy': 6.92, 'eps_next_year': 9.81, 'operating_margin': 19.3}",,Finviz via finvizfinance screener views,2026-09-01T23:30:26+02:00,2026-07-20,,43,NORMAL,
DRS,Leonardo DRS Inc,finviz_prefilter,revenue_growth;eps_next_year,,price_min;market_cap_min;avg_volume_min;revenue_growth;eps_growth;eps_next_year;operating_margin;earnings_window,False,"{'revenue_growth_yoy': 10.13, 'eps_growth_yoy': 59.34, 'eps_next_year': 6.05, 'operating_margin': 10.56}",,Finviz via finvizfinance screener views,2026-09-01T23:30:26+02:00,2026-07-30,,33,NORMAL,
DUOL,Duolingo Inc,finviz_prefilter,revenue_growth;eps_growth,,price_min;market_cap_min;avg_volume_min;revenue_growth;eps_growth;eps_next_year;operating_margin;earnings_window,False,"{'revenue_growth_yoy': 18.310000000000002, 'eps_growth_yoy': -27.49, 'eps_next_year': 22.02, 'operating_margin': 14.21}",,Finviz via finvizfinance screener views,2026-09-01T23:30:26+02:00,2026-08-05,,27,NORMAL,
DXCM,Dexcom Inc,finviz_prefilter,revenue_growth,,price_min;market_cap_min;avg_volume_min;revenue_growth;eps_growth;eps_next_year;operating_margin;earnings_window,False,"{'revenue_growth_yoy': 13.08, 'eps_growth_yoy': 43.63, 'eps_next_year': 16.98, 'operating_margin': 22.919999999999998}",,Finviz via finvizfinance screener views,2026-09-01T23:30:26+02:00,2026-07-30,,33,NORMAL,"{'failed_gate': 'revenue_growth', 'actual_value': 13.08, 'applicable_threshold': 20.0, 'distance_to_threshold': 6.92, 'distance_to_threshold_pct': 34.599999999999994, 'formula': 'minimo: distance = threshold - actual; pct = distance / abs(threshold) * 100'}"
EBAY,EBay Inc,finviz_prefilter,revenue_growth;eps_next_year,,price_min;market_cap_min;avg_volume_min;revenue_growth;eps_growth;eps_next_year;operating_margin;earnings_window,False,"{'revenue_growth_yoy': 14.37, 'eps_growth_yoy': 54.379999999999995, 'eps_next_year': 9.91, 'operating_margin': 21.44}",,Finviz via finvizfinance screener views,2026-09-01T23:30:26+02:00,2026-08-05,,27,NORMAL,
EBC,Eastern Bankshares Inc,finviz_prefilter,eps_growth;eps_next_year,,price_min;market_cap_min;avg_volume_min;revenue_growth;eps_growth;eps_next_year;operating_margin;earnings_window,False,"{'revenue_growth_yoy': 26.36, 'eps_growth_yoy': -4.73, 'eps_next_year': 13.86, 'operating_margin': 26.919999999999998}",,Finviz via finvizfinance screener views,2026-09-01T23:30:26+02:00,2026-07-23,,40,NORMAL,
ECHO,EchoStar Corp,finviz_prefilter,revenue_growth;eps_growth;eps_next_year;operating_margin,,price_min;market_cap_min;avg_volume_min;revenue_growth;eps_growth;eps_next_year;operating_margin;earnings_window,False,"{'revenue_growth_yoy': -3.9899999999999998, 'eps_growth_yoy': 23.649, 'eps_next_year': -86.58, 'operating_margin': 7.1499999999999995}",,Finviz via finvizfinance screener views,2026-09-01T23:30:26+02:00,2026-08-03,,29,NORMAL,
ENPH,Enphase Energy Inc,finviz_prefilter,revenue_growth;eps_growth;eps_next_year,,price_min;market_cap_min;avg_volume_min;revenue_growth;eps_growth;eps_next_year;operating_margin;earnings_window,False,"{'revenue_growth_yoy': -19.63, 'eps_growth_yoy': -2.55, 'eps_next_year': 11.54, 'operating_margin': 25.629999999999995}",,Finviz via finvizfinance screener views,2026-09-01T23:30:26+02:00,2026-07-28,,35,NORMAL,
ENTG,Entegris Inc,finviz_prefilter,revenue_growth,,price_min;market_cap_min;avg_volume_min;revenue_growth;eps_growth;eps_next_year;operating_margin;earnings_window,False,"{'revenue_growth_yoy': 11.459999999999999, 'eps_growth_yoy': 75.32, 'eps_next_year': 29.19, 'operating_margin': 17.09}",,Finviz via finvizfinance screener views,2026-09-01T23:30:26+02:00,2026-08-04,,28,NORMAL,"{'failed_gate': 'revenue_growth', 'actual_value': 11.459999999999999, 'applicable_threshold': 20.0, 'distance_to_threshold': 8.540000000000001, 'distance_to_threshold_pct': 42.7, 'formula': 'minimo: distance = threshold - actual; pct = distance / abs(threshold) * 100'}"
EQPT,Equipmentshare.Com Inc,finviz_prefilter,eps_growth;operating_margin,,price_min;market_cap_min;avg_volume_min;revenue_growth;eps_growth;eps_next_year;operating_margin;earnings_window,False,"{'revenue_growth_yoy': 26.33, 'eps_growth_yoy': 29.24, 'eps_next_year': 59.61, 'operating_margin': 6.84}",,Finviz via finvizfinance screener views,2026-09-01T23:30:26+02:00,2026-08-12,,20,NORMAL,
ETOR,Etoro Group Ltd,finviz_prefilter,revenue_growth,,price_min;market_cap_min;avg_volume_min;revenue_growth;eps_growth;eps_next_year;operating_margin;earnings_window,False,"{'revenue_growth_yoy': 10.299999999999999, 'eps_growth_yoy': 87.37, 'eps_next_year': 20.02, 'operating_margin': 31.96}",,Finviz via finvizfinance screener views,2026-09-01T23:30:26+02:00,2026-08-11,,21,NORMAL,"{'failed_gate': 'revenue_growth', 'actual_value': 10.299999999999999, 'applicable_threshold': 20.0, 'distance_to_threshold': 9.700000000000001, 'distance_to_threshold_pct': 48.50000000000001, 'formula': 'minimo: distance = threshold - actual; pct = distance / abs(threshold) * 100'}"
EVRG,Evergy Inc,finviz_prefilter,revenue_growth;eps_growth;eps_next_year,,price_min;market_cap_min;avg_volume_min;revenue_growth;eps_growth;eps_next_year;operating_margin;earnings_window,False,"{'revenue_growth_yoy': 4.84, 'eps_growth_yoy': 23.5, 'eps_next_year': 7.16, 'operating_margin': 25.55}",,Finviz via finvizfinance screener views,2026-09-01T23:30:26+02:00,2026-08-06,,26,NORMAL,
EWBC,East West Bancorp Inc,finviz_prefilter,revenue_growth;eps_growth;eps_next_year,,price_min;market_cap_min;avg_volume_min;revenue_growth;eps_growth;eps_next_year;operating_margin;earnings_window,False,"{'revenue_growth_yoy': 4.15, 'eps_growth_yoy': 17.64, 'eps_next_year': 6.52, 'operating_margin': 39.68}",,Finviz via finvizfinance screener views,2026-09-01T23:30:26+02:00,2026-07-21,,42,NORMAL,
EXC,Exelon Corp,finviz_prefilter,revenue_growth;eps_growth;eps_next_year,,price_min;market_cap_min;avg_volume_min;revenue_growth;eps_growth;eps_next_year;operating_margin;earnings_window,False,"{'revenue_growth_yoy': 9.950000000000001, 'eps_growth_yoy': -0.31, 'eps_next_year': 6.32, 'operating_margin': 20.79}",,Finviz via finvizfinance screener views,2026-09-01T23:30:26+02:00,2026-07-30,,33,NORMAL,
EXE,Expand Energy Corp,finviz_prefilter,revenue_growth;eps_growth;eps_next_year,,price_min;market_cap_min;avg_volume_min;revenue_growth;eps_growth;eps_next_year;operating_margin;earnings_window,False,"{'revenue_growth_yoy': -10.61, 'eps_growth_yoy': -45.58, 'eps_next_year': -4.79, 'operating_margin': 21.529999999999998}",,Finviz via finvizfinance screener views,2026-09-01T23:30:26+02:00,2026-07-28,,35,NORMAL,
EXEL,Exelixis Inc,finviz_prefilter,revenue_growth;eps_growth,,price_min;market_cap_min;avg_volume_min;revenue_growth;eps_growth;eps_next_year;operating_margin;earnings_window,False,"{'revenue_growth_yoy': 10.63, 'eps_growth_yoy': 25.629999999999995, 'eps_next_year': 18.04, 'operating_margin': 40.72}",,Finviz via finvizfinance screener views,2026-09-01T23:30:26+02:00,2026-08-05,,27,NORMAL,
EXLS,ExlService Holdings Inc,finviz_prefilter,revenue_growth;eps_growth;eps_next_year,,price_min;market_cap_min;avg_volume_min;revenue_growth;eps_growth;eps_next_year;operating_margin;earnings_window,False,"{'revenue_growth_yoy': 15.61, 'eps_growth_yoy': 4.92, 'eps_next_year': 13.47, 'operating_margin': 14.42}",,Finviz via finvizfinance screener views,2026-09-01T23:30:26+02:00,2026-07-28,,35,NORMAL,
EXPE,Expedia Group Inc,finviz_prefilter,revenue_growth;eps_growth,,price_min;market_cap_min;avg_volume_min;revenue_growth;eps_growth;eps_next_year;operating_margin;earnings_window,False,"{'revenue_growth_yoy': 13.969999999999999, 'eps_growth_yoy': 1.8833, 'eps_next_year': 16.85, 'operating_margin': 16.64}",,Finviz via finvizfinance screener views,2026-09-01T23:30:26+02:00,2026-08-05,,27,NORMAL,
EXTR,Extreme Networks Inc,finviz_prefilter,revenue_growth;eps_growth;operating_margin,,price_min;market_cap_min;avg_volume_min;revenue_growth;eps_growth;eps_next_year;operating_margin;earnings_window,False,"{'revenue_growth_yoy': 10.280000000000001, 'eps_growth_yoy': 3.2959, 'eps_next_year': 16.49, 'operating_margin': 5.050000000000001}",,Finviz via finvizfinance screener views,2026-09-01T23:30:26+02:00,2026-08-05,,27,NORMAL,
FA,First Advantage Corp,finviz_prefilter,revenue_growth,,price_min;market_cap_min;avg_volume_min;revenue_growth;eps_growth;eps_next_year;operating_margin;earnings_window,False,"{'revenue_growth_yoy': 14.879999999999999, 'eps_growth_yoy': 53.2222, 'eps_next_year': 17.96, 'operating_margin': 10.89}",,Finviz via finvizfinance screener views,2026-09-01T23:30:26+02:00,2026-08-06,,26,NORMAL,"{'failed_gate': 'revenue_growth', 'actual_value': 14.879999999999999, 'applicable_threshold': 20.0, 'distance_to_threshold': 5.120000000000001, 'distance_to_threshold_pct': 25.600000000000005, 'formula': 'minimo: distance = threshold - actual; pct = distance / abs(threshold) * 100'}"
FANG,Diamondback Energy Inc,finviz_prefilter,eps_growth;eps_next_year,,price_min;market_cap_min;avg_volume_min;revenue_growth;eps_growth;eps_next_year;operating_margin;earnings_window,False,"{'revenue_growth_yoy': 51.22, 'eps_growth_yoy': 1.7968, 'eps_next_year': -11.11, 'operating_margin': 35.05}",,Finviz via finvizfinance screener views,2026-09-01T23:30:26+02:00,2026-08-03,,29,NORMAL,
FAST,Fastenal Co,finviz_prefilter,revenue_growth;eps_growth;eps_next_year,,price_min;market_cap_min;avg_volume_min;revenue_growth;eps_growth;eps_next_year;operating_margin;earnings_window,False,"{'revenue_growth_yoy': 14.74, 'eps_growth_yoy': 15.879999999999999, 'eps_next_year': 10.82, 'operating_margin': 20.29}",,Finviz via finvizfinance screener views,2026-09-01T23:30:26+02:00,2026-07-14,,49,NORMAL,
FER,Ferrovial N. V,finviz_prefilter,revenue_growth;eps_growth,,price_min;market_cap_min;avg_volume_min;revenue_growth;eps_growth;eps_next_year;operating_margin;earnings_window,False,"{'revenue_growth_yoy': 6.64, 'eps_growth_yoy': 9.5324, 'eps_next_year': 18.92, 'operating_margin': 10.42}",,Finviz via finvizfinance screener views,2026-09-01T23:30:26+02:00,2026-07-28,,35,NORMAL,
FFBC,First Financial Bancorp,finviz_prefilter,revenue_growth;eps_growth;eps_next_year,,price_min;market_cap_min;avg_volume_min;revenue_growth;eps_growth;eps_next_year;operating_margin;earnings_window,False,"{'revenue_growth_yoy': 12.98, 'eps_growth_yoy': -0.33999999999999997, 'eps_next_year': 11.57, 'operating_margin': 26.06}",,Finviz via finvizfinance screener views,2026-09-01T23:30:26+02:00,2026-07-21,,42,NORMAL,
FFIN,First Financial Bankshares Inc,finviz_prefilter,revenue_growth;eps_growth;eps_next_year,,price_min;market_cap_min;avg_volume_min;revenue_growth;eps_growth;eps_next_year;operating_margin;earnings_window,False,"{'revenue_growth_yoy': 8.43, 'eps_growth_yoy': 7.61, 'eps_next_year': 5.05, 'operating_margin': 37.86}",,Finviz via finvizfinance screener views,2026-09-01T23:30:26+02:00,2026-07-16,,47,NORMAL,
FHB,First Hawaiian INC,finviz_prefilter,revenue_growth;eps_growth;eps_next_year,,price_min;market_cap_min;avg_volume_min;revenue_growth;eps_growth;eps_next_year;operating_margin;earnings_window,False,"{'revenue_growth_yoy': 0.7100000000000001, 'eps_growth_yoy': 3.04, 'eps_next_year': 7.12, 'operating_margin': 31.730000000000004}",,Finviz via finvizfinance screener views,2026-09-01T23:30:26+02:00,2026-07-24,,39,NORMAL,
FIBK,First Interstate BancSystem Inc,finviz_prefilter,revenue_growth;eps_growth;eps_next_year,,price_min;market_cap_min;avg_volume_min;revenue_growth;eps_growth;eps_next_year;operating_margin;earnings_window,False,"{'revenue_growth_yoy': -7.8, 'eps_growth_yoy': 24.97, 'eps_next_year': -57.99999999999999, 'operating_margin': 29.409999999999997}",,Finviz via finvizfinance screener views,2026-09-01T23:30:26+02:00,2026-07-23,,40,NORMAL,
FIGR,Figure Technology Solutions Inc,finviz_prefilter,eps_growth,,price_min;market_cap_min;avg_volume_min;revenue_growth;eps_growth;eps_next_year;operating_margin;earnings_window,False,"{'revenue_growth_yoy': 84.85000000000001, 'eps_growth_yoy': 1.7901, 'eps_next_year': 22.46, 'operating_margin': 42.11}",,Finviz via finvizfinance screener views,2026-09-01T23:30:26+02:00,2026-08-13,,19,NORMAL,"{'failed_gate': 'eps_growth', 'actual_value': 1.7901, 'applicable_threshold': 20.0, 'distance_to_threshold': 18.2099, 'distance_to_threshold_pct': 91.04950000000001, 'formula': 'minimo: distance = threshold - actual; pct = distance / abs(threshold) * 100'}"
FISV,Fiserv Inc,finviz_prefilter,revenue_growth;eps_growth;eps_next_year,,price_min;market_cap_min;avg_volume_min;revenue_growth;eps_growth;eps_next_year;operating_margin;earnings_window,False,"{'revenue_growth_yoy': -4.06, 'eps_growth_yoy': -36.71, 'eps_next_year': 9.85, 'operating_margin': 21.57}",,Finviz via finvizfinance screener views,2026-09-01T23:30:26+02:00,2026-08-06,,26,NORMAL,
FIVE,Five Below Inc,finviz_prefilter,eps_growth;eps_next_year;earnings_window,,price_min;market_cap_min;avg_volume_min;revenue_growth;eps_growth;eps_next_year;operating_margin;earnings_window,False,"{'revenue_growth_yoy': 32.46, 'eps_growth_yoy': 1.9681, 'eps_next_year': 7.44, 'operating_margin': 11.04}",,Finviz via finvizfinance screener views,2026-09-01T23:30:26+02:00,2026-09-02,1,,PRE_EARNINGS_BLACKOUT,
FIVN,Five9 Inc,finviz_prefilter,revenue_growth;eps_growth;operating_margin,,price_min;market_cap_min;avg_volume_min;revenue_growth;eps_growth;eps_next_year;operating_margin;earnings_window,False,"{'revenue_growth_yoy': 10.299999999999999, 'eps_growth_yoy': 2.0308, 'eps_next_year': 18.03, 'operating_margin': 6.05}",,Finviz via finvizfinance screener views,2026-09-01T23:30:26+02:00,2026-08-06,,26,NORMAL,
FLEX,Flex Ltd,finviz_prefilter,operating_margin,,price_min;market_cap_min;avg_volume_min;revenue_growth;eps_growth;eps_next_year;operating_margin;earnings_window,False,"{'revenue_growth_yoy': 20.580000000000002, 'eps_growth_yoy': 51.22, 'eps_next_year': 51.51, 'operating_margin': 5.58}",,Finviz via finvizfinance screener views,2026-09-01T23:30:26+02:00,2026-07-29,,34,NORMAL,"{'failed_gate': 'operating_margin', 'actual_value': 5.58, 'applicable_threshold': 8.0, 'distance_to_threshold': 2.42, 'distance_to_threshold_pct': 30.25, 'formula': 'minimo: distance = threshold - actual; pct = distance / abs(threshold) * 100'}"
FLY,Firefly Aerospace Inc,finviz_prefilter,revenue_growth;eps_growth;operating_margin,,price_min;market_cap_min;avg_volume_min;revenue_growth;eps_growth;eps_next_year;operating_margin;earnings_window,False,"{'revenue_growth_yoy': 6.5685, 'eps_growth_yoy': -2.13, 'eps_next_year': 22.41, 'operating_margin': -116.39999999999999}",,Finviz via finvizfinance screener views,2026-09-01T23:30:26+02:00,2026-08-11,,21,NORMAL,
FLYW,Flywire Corp,finviz_prefilter,operating_margin,,price_min;market_cap_min;avg_volume_min;revenue_growth;eps_growth;eps_next_year;operating_margin;earnings_window,False,"{'revenue_growth_yoy': 27.18, 'eps_growth_yoy': 32.39, 'eps_next_year': 69.9, 'operating_margin': 5.94}",,Finviz via finvizfinance screener views,2026-09-01T23:30:26+02:00,2026-08-04,,28,NORMAL,"{'failed_gate': 'operating_margin', 'actual_value': 5.94, 'applicable_threshold': 8.0, 'distance_to_threshold': 2.0599999999999996, 'distance_to_threshold_pct': 25.749999999999996, 'formula': 'minimo: distance = threshold - actual; pct = distance / abs(threshold) * 100'}"
FORM,FormFactor Inc,finviz_prefilter,eps_growth,,price_min;market_cap_min;avg_volume_min;revenue_growth;eps_growth;eps_next_year;operating_margin;earnings_window,False,"{'revenue_growth_yoy': 31.89, 'eps_growth_yoy': 5.0247, 'eps_next_year': 22.96, 'operating_margin': 15.06}",,Finviz via finvizfinance screener views,2026-09-01T23:30:26+02:00,2026-07-29,,34,NORMAL,"{'failed_gate': 'eps_growth', 'actual_value': 5.0247, 'applicable_threshold': 30.0, 'distance_to_threshold': 24.9753, 'distance_to_threshold_pct': 83.25099999999999, 'formula': 'minimo: distance = threshold - actual; pct = distance / abs(threshold) * 100'}"
FOX,Fox Corp,finviz_prefilter,eps_growth;eps_next_year,,price_min;market_cap_min;avg_volume_min;revenue_growth;eps_growth;eps_next_year;operating_margin;earnings_window,False,"{'revenue_growth_yoy': 28.139999999999997, 'eps_growth_yoy': 2.91, 'eps_next_year': -134.0, 'operating_margin': 20.41}",,Finviz via finvizfinance screener views,2026-09-01T23:30:26+02:00,2026-08-06,,26,NORMAL,
FOXA,Fox Corp,finviz_prefilter,eps_growth;eps_next_year,,price_min;market_cap_min;avg_volume_min;revenue_growth;eps_growth;eps_next_year;operating_margin;earnings_window,False,"{'revenue_growth_yoy': 28.139999999999997, 'eps_growth_yoy': 2.91, 'eps_next_year': -1.59, 'operating_margin': 20.41}",,Finviz via finvizfinance screener views,2026-09-01T23:30:26+02:00,2026-08-06,,26,NORMAL,
FROG,JFrog Ltd,finviz_prefilter,operating_margin,,price_min;market_cap_min;avg_volume_min;revenue_growth;eps_growth;eps_next_year;operating_margin;earnings_window,False,"{'revenue_growth_yoy': 28.73, 'eps_growth_yoy': 81.82000000000001, 'eps_next_year': 16.79, 'operating_margin': -12.93}",,Finviz via finvizfinance screener views,2026-09-01T23:30:26+02:00,2026-08-06,,26,NORMAL,"{'failed_gate': 'operating_margin', 'actual_value': -12.93, 'applicable_threshold': 8.0, 'distance_to_threshold': 20.93, 'distance_to_threshold_pct': 261.625, 'formula': 'minimo: distance = threshold - actual; pct = distance / abs(threshold) * 100'}"
FRPT,Freshpet Inc,finviz_prefilter,revenue_growth;eps_growth;eps_next_year,,price_min;market_cap_min;avg_volume_min;revenue_growth;eps_growth;eps_next_year;operating_margin;earnings_window,False,"{'revenue_growth_yoy': 15.45, 'eps_growth_yoy': 19.15, 'eps_next_year': -3.91, 'operating_margin': 8.260000000000002}",,Finviz via finvizfinance screener views,2026-09-01T23:30:26+02:00,2026-08-05,,27,NORMAL,
FSLR,First Solar Inc,finviz_prefilter,revenue_growth;eps_growth,,price_min;market_cap_min;avg_volume_min;revenue_growth;eps_growth;eps_next_year;operating_margin;earnings_window,False,"{'revenue_growth_yoy': -3.73, 'eps_growth_yoy': 23.36, 'eps_next_year': 34.36, 'operating_margin': 34.98}",,Finviz via finvizfinance screener views,2026-09-01T23:30:26+02:00,2026-07-30,,33,NORMAL,
FSLY,Fastly Inc,finviz_prefilter,eps_next_year;operating_margin,,price_min;market_cap_min;avg_volume_min;revenue_growth;eps_growth;eps_next_year;operating_margin;earnings_window,False,"{'revenue_growth_yoy': 23.27, 'eps_growth_yoy': 61.59, 'eps_next_year': 11.25, 'operating_margin': -11.959999999999999}",,Finviz via finvizfinance screener views,2026-09-01T23:30:26+02:00,2026-08-05,,27,NORMAL,
FTAI,FTAI Aviation Ltd,finviz_prefilter,eps_growth,,price_min;market_cap_min;avg_volume_min;revenue_growth;eps_growth;eps_next_year;operating_margin;earnings_window,False,"{'revenue_growth_yoy': 40.79, 'eps_growth_yoy': -27.900000000000002, 'eps_next_year': 123.72, 'operating_margin': 25.119999999999997}",,Finviz via finvizfinance screener views,2026-09-01T23:30:26+02:00,2026-07-29,,34,NORMAL,"{'failed_gate': 'eps_growth', 'actual_value': -27.900000000000002, 'applicable_threshold': 20.0, 'distance_to_threshold': 47.900000000000006, 'distance_to_threshold_pct': 239.50000000000006, 'formula': 'minimo: distance = threshold - actual; pct = distance / abs(threshold) * 100'}"
FTNT,Fortinet Inc,finviz_prefilter,eps_next_year,,price_min;market_cap_min;avg_volume_min;revenue_growth;eps_growth;eps_next_year;operating_margin;earnings_window,False,"{'revenue_growth_yoy': 25.64, 'eps_growth_yoy': 43.86, 'eps_next_year': 9.44, 'operating_margin': 32.37}",,Finviz via finvizfinance screener views,2026-09-01T23:30:26+02:00,2026-07-29,,34,NORMAL,"{'failed_gate': 'eps_next_year', 'actual_value': 9.44, 'applicable_threshold': 15.0, 'distance_to_threshold': 5.5600000000000005, 'distance_to_threshold_pct': 37.06666666666667, 'formula': 'minimo: distance = threshold - actual; pct = distance / abs(threshold) * 100'}"
FULT,Fulton Financial Corp,finviz_prefilter,revenue_growth;eps_growth;eps_next_year,,price_min;market_cap_min;avg_volume_min;revenue_growth;eps_growth;eps_next_year;operating_margin;earnings_window,False,"{'revenue_growth_yoy': 7.580000000000001, 'eps_growth_yoy': -1.58, 'eps_next_year': 10.09, 'operating_margin': 26.540000000000003}",,Finviz via finvizfinance screener views,2026-09-01T23:30:26+02:00,2026-07-22,,41,NORMAL,
FWONK,Liberty Media Corp,finviz_prefilter,revenue_growth;eps_growth,,price_min;market_cap_min;avg_volume_min;revenue_growth;eps_growth;eps_next_year;operating_margin;earnings_window,False,"{'revenue_growth_yoy': -30.349999999999998, 'eps_growth_yoy': -98.69, 'eps_next_year': 21.89, 'operating_margin': 12.45}",,Finviz via finvizfinance screener views,2026-09-01T23:30:26+02:00,2026-08-06,,26,NORMAL,
GEHC,GE HealthCare Technologies Inc,finviz_prefilter,revenue_growth;eps_growth;eps_next_year,,price_min;market_cap_min;avg_volume_min;revenue_growth;eps_growth;eps_next_year;operating_margin;earnings_window,False,"{'revenue_growth_yoy': 5.75, 'eps_growth_yoy': 16.45, 'eps_next_year': 10.4, 'operating_margin': 13.73}",,Finviz via finvizfinance screener views,2026-09-01T23:30:26+02:00,2026-07-29,,34,NORMAL,
GEN,Gen Digital Inc,finviz_prefilter,revenue_growth;eps_next_year,,price_min;market_cap_min;avg_volume_min;revenue_growth;eps_growth;eps_next_year;operating_margin;earnings_window,False,"{'revenue_growth_yoy': 6.279999999999999, 'eps_growth_yoy': 64.79, 'eps_next_year': 12.85, 'operating_margin': 42.8}",,Finviz via finvizfinance screener views,2026-09-01T23:30:26+02:00,2026-08-06,,26,NORMAL,
GFS,GlobalFoundries Inc,finviz_prefilter,revenue_growth;eps_growth,,price_min;market_cap_min;avg_volume_min;revenue_growth;eps_growth;eps_next_year;operating_margin;earnings_window,False,"{'revenue_growth_yoy': 5.81, 'eps_growth_yoy': -27.05, 'eps_next_year': 30.46, 'operating_margin': 11.59}",,Finviz via finvizfinance screener views,2026-09-01T23:30:26+02:00,2026-08-05,,27,NORMAL,
GH,Guardant Health Inc,finviz_prefilter,eps_growth;operating_margin,,price_min;market_cap_min;avg_volume_min;revenue_growth;eps_growth;eps_next_year;operating_margin;earnings_window,False,"{'revenue_growth_yoy': 44.330000000000005, 'eps_growth_yoy': -12.34, 'eps_next_year': 39.43, 'operating_margin': -39.7}",,Finviz via finvizfinance screener views,2026-09-01T23:30:26+02:00,2026-07-30,,33,NORMAL,
GILD,Gilead Sciences Inc,finviz_prefilter,revenue_growth;eps_growth,,price_min;market_cap_min;avg_volume_min;revenue_growth;eps_growth;eps_next_year;operating_margin;earnings_window,False,"{'revenue_growth_yoy': 10.73, 'eps_growth_yoy': -6.4066, 'eps_next_year': 2245.44, 'operating_margin': 39.050000000000004}",,Finviz via finvizfinance screener views,2026-09-01T23:30:26+02:00,2026-08-04,,28,NORMAL,
GLBE,Global E Online Ltd,finviz_prefilter,eps_growth,,price_min;market_cap_min;avg_volume_min;revenue_growth;eps_growth;eps_next_year;operating_margin;earnings_window,False,"{'revenue_growth_yoy': 39.15, 'eps_growth_yoy': 3.4094, 'eps_next_year': 35.02, 'operating_margin': 14.280000000000001}",,Finviz via finvizfinance screener views,2026-09-01T23:30:26+02:00,2026-08-12,,20,NORMAL,"{'failed_gate': 'eps_growth', 'actual_value': 3.4094, 'applicable_threshold': 30.0, 'distance_to_threshold': 26.5906, 'distance_to_threshold_pct': 88.63533333333334, 'formula': 'minimo: distance = threshold - actual; pct = distance / abs(threshold) * 100'}"
GLNG,Golar Lng,finviz_prefilter,eps_next_year,,price_min;market_cap_min;avg_volume_min;revenue_growth;eps_growth;eps_next_year;operating_margin;earnings_window,False,"{'revenue_growth_yoy': 72.42, 'eps_growth_yoy': 145.13, 'eps_next_year': -55.25, 'operating_margin': 45.51}",,Finviz via finvizfinance screener views,2026-09-01T23:30:26+02:00,2026-08-13,,19,NORMAL,"{'failed_gate': 'eps_next_year', 'actual_value': -55.25, 'applicable_threshold': 15.0, 'distance_to_threshold': 70.25, 'distance_to_threshold_pct': 468.33333333333337, 'formula': 'minimo: distance = threshold - actual; pct = distance / abs(threshold) * 100'}"
GLPI,Gaming and Leisure Properties Inc,finviz_prefilter,revenue_growth;eps_next_year,,price_min;market_cap_min;avg_volume_min;revenue_growth;eps_growth;eps_next_year;operating_margin;earnings_window,False,"{'revenue_growth_yoy': 9.030000000000001, 'eps_growth_yoy': 46.54, 'eps_next_year': 3.44, 'operating_margin': 82.62}",,Finviz via finvizfinance screener views,2026-09-01T23:30:26+02:00,2026-07-30,,33,NORMAL,
GLXY,Galaxy Digital Inc,finviz_prefilter,revenue_growth;eps_growth,,price_min;market_cap_min;avg_volume_min;revenue_growth;eps_growth;eps_next_year;operating_margin;earnings_window,False,"{'revenue_growth_yoy': -73.19, 'eps_growth_yoy': -1.9171, 'eps_next_year': 74.51, 'operating_margin': 29.720000000000002}",,Finviz via finvizfinance screener views,2026-09-01T23:30:26+02:00,2026-08-05,,27,NORMAL,
GNTX,Gentex Corp,finviz_prefilter,revenue_growth;eps_growth;eps_next_year,,price_min;market_cap_min;avg_volume_min;revenue_growth;eps_growth;eps_next_year;operating_margin;earnings_window,False,"{'revenue_growth_yoy': -1.0, 'eps_growth_yoy': 25.53, 'eps_next_year': 5.54, 'operating_margin': 19.55}",,Finviz via finvizfinance screener views,2026-09-01T23:30:26+02:00,2026-07-24,,39,NORMAL,
GOOG,Alphabet Inc,finviz_prefilter,eps_growth;eps_next_year,,price_min;market_cap_min;avg_volume_min;revenue_growth;eps_growth;eps_next_year;operating_margin;earnings_window,False,"{'revenue_growth_yoy': 23.98, 'eps_growth_yoy': 2.9402, 'eps_next_year': -26.63, 'operating_margin': 33.96}",,Finviz via finvizfinance screener views,2026-09-01T23:30:26+02:00,2026-07-22,,41,NORMAL,
GOOGL,Alphabet Inc,finviz_prefilter,eps_growth;eps_next_year,,price_min;market_cap_min;avg_volume_min;revenue_growth;eps_growth;eps_next_year;operating_margin;earnings_window,False,"{'revenue_growth_yoy': 23.98, 'eps_growth_yoy': 2.9402, 'eps_next_year': -26.59, 'operating_margin': 33.96}",,Finviz via finvizfinance screener views,2026-09-01T23:30:26+02:00,2026-07-22,,41,NORMAL,
GSAT,Globalstar Inc,finviz_prefilter,revenue_growth;eps_growth;operating_margin,,price_min;market_cap_min;avg_volume_min;revenue_growth;eps_growth;eps_next_year;operating_margin;earnings_window,False,"{'revenue_growth_yoy': -3.54, 'eps_growth_yoy': -2.7438, 'eps_next_year': 83.29, 'operating_margin': 4.79}",,Finviz via finvizfinance screener views,2026-09-01T23:30:26+02:00,2026-08-06,,26,NORMAL,
GTLB,Gitlab Inc,finviz_prefilter,operating_margin;earnings_window,,price_min;market_cap_min;avg_volume_min;revenue_growth;eps_growth;eps_next_year;operating_margin;earnings_window,False,"{'revenue_growth_yoy': 23.150000000000002, 'eps_growth_yoy': 86.57000000000001, 'eps_next_year': 25.2, 'operating_margin': -4.4799999999999995}",,Finviz via finvizfinance screener views,2026-09-01T23:30:26+02:00,2026-09-01,0,,PRE_EARNINGS_BLACKOUT,
GTX,Garrett Motion Inc,finviz_prefilter,revenue_growth;eps_growth;eps_next_year,,price_min;market_cap_min;avg_volume_min;revenue_growth;eps_growth;eps_next_year;operating_margin;earnings_window,False,"{'revenue_growth_yoy': 6.9, 'eps_growth_yoy': 25.009999999999998, 'eps_next_year': 13.54, 'operating_margin': 14.81}",,Finviz via finvizfinance screener views,2026-09-01T23:30:26+02:00,2026-07-29,,34,NORMAL,
HAS,Hasbro Inc,finviz_prefilter,revenue_growth;eps_next_year,,price_min;market_cap_min;avg_volume_min;revenue_growth;eps_growth;eps_next_year;operating_margin;earnings_window,False,"{'revenue_growth_yoy': 16.189999999999998, 'eps_growth_yoy': 118.42999999999999, 'eps_next_year': 5.94, 'operating_margin': 28.13}",,Finviz via finvizfinance screener views,2026-09-01T23:30:26+02:00,2026-07-21,,42,NORMAL,
HBAN,Huntington Bancshares Inc,finviz_prefilter,eps_growth,,price_min;market_cap_min;avg_volume_min;revenue_growth;eps_growth;eps_next_year;operating_margin;earnings_window,False,"{'revenue_growth_yoy': 38.019999999999996, 'eps_growth_yoy': -2.56, 'eps_next_year': 35.57, 'operating_margin': 20.51}",,Finviz via finvizfinance screener views,2026-09-01T23:30:26+02:00,2026-07-23,,40,NORMAL,"{'failed_gate': 'eps_growth', 'actual_value': -2.56, 'applicable_threshold': 30.0, 'distance_to_threshold': 32.56, 'distance_to_threshold_pct': 108.53333333333335, 'formula': 'minimo: distance = threshold - actual; pct = distance / abs(threshold) * 100'}"
HLNE,Hamilton Lane Inc,finviz_prefilter,eps_next_year,,price_min;market_cap_min;avg_volume_min;revenue_growth;eps_growth;eps_next_year;operating_margin;earnings_window,False,"{'revenue_growth_yoy': 56.48, 'eps_growth_yoy': 50.480000000000004, 'eps_next_year': 2.87, 'operating_margin': 54.620000000000005}",,Finviz via finvizfinance screener views,2026-09-01T23:30:26+02:00,2026-08-04,,28,NORMAL,"{'failed_gate': 'eps_next_year', 'actual_value': 2.87, 'applicable_threshold': 15.0, 'distance_to_threshold': 12.129999999999999, 'distance_to_threshold_pct': 80.86666666666666, 'formula': 'minimo: distance = threshold - actual; pct = distance / abs(threshold) * 100'}"
HON,Honeywell International Inc,finviz_prefilter,revenue_growth;eps_growth,,price_min;market_cap_min;avg_volume_min;revenue_growth;eps_growth;eps_next_year;operating_margin;earnings_window,False,"{'revenue_growth_yoy': -6.12, 'eps_growth_yoy': 2.6401, 'eps_next_year': 20.25, 'operating_margin': 19.17}",,Finviz via finvizfinance screener views,2026-09-01T23:30:26+02:00,2026-07-23,,40,NORMAL,
HQY,Healthequity Inc,finviz_prefilter,revenue_growth;eps_growth,,price_min;market_cap_min;avg_volume_min;revenue_growth;eps_growth;eps_next_year;operating_margin;earnings_window,False,"{'revenue_growth_yoy': 7.6499999999999995, 'eps_growth_yoy': 14.56, 'eps_next_year': 16.31, 'operating_margin': 26.119999999999997}",,Finviz via finvizfinance screener views,2026-09-01T23:30:26+02:00,2026-08-27,,5,PEAD_WINDOW,
HRMY,Harmony Biosciences Holdings Inc,finviz_prefilter,eps_next_year,,price_min;market_cap_min;avg_volume_min;revenue_growth;eps_growth;eps_next_year;operating_margin;earnings_window,False,"{'revenue_growth_yoy': 30.320000000000004, 'eps_growth_yoy': 88.57000000000001, 'eps_next_year': 8.52, 'operating_margin': 24.03}",,Finviz via finvizfinance screener views,2026-09-01T23:30:26+02:00,2026-08-04,,28,NORMAL,"{'failed_gate': 'eps_next_year', 'actual_value': 8.52, 'applicable_threshold': 15.0, 'distance_to_threshold': 6.48, 'distance_to_threshold_pct': 43.2, 'formula': 'minimo: distance = threshold - actual; pct = distance / abs(threshold) * 100'}"
HSIC,Henry Schein Inc,finviz_prefilter,revenue_growth;eps_growth;eps_next_year;operating_margin,,price_min;market_cap_min;avg_volume_min;revenue_growth;eps_growth;eps_next_year;operating_margin;earnings_window,False,"{'revenue_growth_yoy': 6.7299999999999995, 'eps_growth_yoy': 17.18, 'eps_next_year': 11.63, 'operating_margin': 5.9799999999999995}",,Finviz via finvizfinance screener views,2026-09-01T23:30:26+02:00,2026-08-04,,28,NORMAL,
HST,Host Hotels & Resorts Inc,finviz_prefilter,revenue_growth;eps_growth;eps_next_year,,price_min;market_cap_min;avg_volume_min;revenue_growth;eps_growth;eps_next_year;operating_margin;earnings_window,False,"{'revenue_growth_yoy': 3.4000000000000004, 'eps_growth_yoy': 8.32, 'eps_next_year': -22.68, 'operating_margin': 14.360000000000001}",,Finviz via finvizfinance screener views,2026-09-01T23:30:26+02:00,2026-08-05,,27,NORMAL,
HTFL,Heartflow Inc,finviz_prefilter,eps_growth;operating_margin,,price_min;market_cap_min;avg_volume_min;revenue_growth;eps_growth;eps_next_year;operating_margin;earnings_window,False,"{'revenue_growth_yoy': 47.57, 'eps_growth_yoy': -65.19, 'eps_next_year': 36.64, 'operating_margin': -34.31}",,Finviz via finvizfinance screener views,2026-09-01T23:30:26+02:00,2026-08-13,,19,NORMAL,
HUBG,Hub Group Inc,finviz_prefilter,revenue_growth;eps_growth;operating_margin,,price_min;market_cap_min;avg_volume_min;revenue_growth;eps_growth;eps_next_year;operating_margin;earnings_window,False,"{'revenue_growth_yoy': -5.3100000000000005, 'eps_growth_yoy': 22.21, 'eps_next_year': 41.79, 'operating_margin': 3.81}",,Finviz via finvizfinance screener views,2026-09-01T23:30:26+02:00,2026-07-30,,33,NORMAL,
HUT,Hut 8 Corp,finviz_prefilter,eps_growth;operating_margin,,price_min;market_cap_min;avg_volume_min;revenue_growth;eps_growth;eps_next_year;operating_margin;earnings_window,False,"{'revenue_growth_yoy': 81.44, 'eps_growth_yoy': -2.0787, 'eps_next_year': 23.97, 'operating_margin': -54.09}",,Finviz via finvizfinance screener views,2026-09-01T23:30:26+02:00,2026-08-04,,28,NORMAL,
HWC,Hancock Whitney Corp,finviz_prefilter,revenue_growth;eps_growth;eps_next_year,,price_min;market_cap_min;avg_volume_min;revenue_growth;eps_growth;eps_next_year;operating_margin;earnings_window,False,"{'revenue_growth_yoy': 4.44, 'eps_growth_yoy': 18.14, 'eps_next_year': 12.39, 'operating_margin': 27.36}",,Finviz via finvizfinance screener views,2026-09-01T23:30:26+02:00,2026-07-21,,42,NORMAL,
ICLR,Icon Plc,finviz_prefilter,revenue_growth;eps_growth;eps_next_year,,price_min;market_cap_min;avg_volume_min;revenue_growth;eps_growth;eps_next_year;operating_margin;earnings_window,False,"{'revenue_growth_yoy': 1.2, 'eps_growth_yoy': -63.33, 'eps_next_year': 12.67, 'operating_margin': 10.14}",,Finviz via finvizfinance screener views,2026-09-01T23:30:26+02:00,2026-07-29,,34,NORMAL,
IDYA,Ideaya Biosciences Inc,finviz_prefilter,eps_next_year;operating_margin,revenue_growth;eps_growth,price_min;market_cap_min;avg_volume_min;eps_next_year;operating_margin;earnings_window,False,"{'revenue_growth_yoy': None, 'eps_growth_yoy': -39.46, 'eps_next_year': 10.0, 'operating_margin': -92.66}",,Finviz via finvizfinance screener views,2026-09-01T23:30:26+02:00,2026-08-04,,28,NORMAL,
ILMN,Illumina Inc,finviz_prefilter,revenue_growth;eps_growth;eps_next_year,,price_min;market_cap_min;avg_volume_min;revenue_growth;eps_growth;eps_next_year;operating_margin;earnings_window,False,"{'revenue_growth_yoy': 9.84, 'eps_growth_yoy': -9.610000000000001, 'eps_next_year': 13.53, 'operating_margin': 19.869999999999997}",,Finviz via finvizfinance screener views,2026-09-01T23:30:26+02:00,2026-07-30,,33,NORMAL,
IMNM,Immunome Inc,finviz_prefilter,revenue_growth;eps_growth;eps_next_year,operating_margin,price_min;market_cap_min;avg_volume_min;revenue_growth;eps_growth;eps_next_year;earnings_window,False,"{'revenue_growth_yoy': -100.0, 'eps_growth_yoy': -29.43, 'eps_next_year': -6.21, 'operating_margin': None}",,Finviz via finvizfinance screener views,2026-09-01T23:30:26+02:00,2026-08-11,,21,NORMAL,
INDV,Indivior Pharmaceuticals Inc,finviz_prefilter,revenue_growth;eps_growth;eps_next_year,,price_min;market_cap_min;avg_volume_min;revenue_growth;eps_growth;eps_next_year;operating_margin;earnings_window,False,"{'revenue_growth_yoy': 13.58, 'eps_growth_yoy': 5.8852, 'eps_next_year': 9.44, 'operating_margin': 39.94}",,Finviz via finvizfinance screener views,2026-09-01T23:30:26+02:00,2026-08-03,,29,NORMAL,
INSM,Insmed Inc,finviz_prefilter,revenue_growth;operating_margin,,price_min;market_cap_min;avg_volume_min;revenue_growth;eps_growth;eps_next_year;operating_margin;earnings_window,False,"{'revenue_growth_yoy': 2.9611, 'eps_growth_yoy': 96.41999999999999, 'eps_next_year': 160.09, 'operating_margin': -71.43}",,Finviz via finvizfinance screener views,2026-09-01T23:30:26+02:00,2026-08-06,,26,NORMAL,
INTA,Intapp Inc,finviz_prefilter,revenue_growth;eps_growth;operating_margin,,price_min;market_cap_min;avg_volume_min;revenue_growth;eps_growth;eps_next_year;operating_margin;earnings_window,False,"{'revenue_growth_yoy': 12.950000000000001, 'eps_growth_yoy': -10.0923, 'eps_next_year': 22.3, 'operating_margin': -6.0600000000000005}",,Finviz via finvizfinance screener views,2026-09-01T23:30:26+02:00,2026-08-04,,28,NORMAL,
INTC,Intel Corp,finviz_prefilter,eps_growth,,price_min;market_cap_min;avg_volume_min;revenue_growth;eps_growth;eps_next_year;operating_margin;earnings_window,False,"{'revenue_growth_yoy': 25.419999999999998, 'eps_growth_yoy': -2.2364, 'eps_next_year': 38.13, 'operating_margin': 8.03}",,Finviz via finvizfinance screener views,2026-09-01T23:30:26+02:00,2026-07-23,,40,NORMAL,"{'failed_gate': 'eps_growth', 'actual_value': -2.2364, 'applicable_threshold': 30.0, 'distance_to_threshold': 32.2364, 'distance_to_threshold_pct': 107.45466666666668, 'formula': 'minimo: distance = threshold - actual; pct = distance / abs(threshold) * 100'}"
INTU,Intuit Inc,finviz_prefilter,revenue_growth;eps_growth;eps_next_year,,price_min;market_cap_min;avg_volume_min;revenue_growth;eps_growth;eps_next_year;operating_margin;earnings_window,False,"{'revenue_growth_yoy': 13.65, 'eps_growth_yoy': -1.22, 'eps_next_year': 13.7, 'operating_margin': 28.799999999999997}",,Finviz via finvizfinance screener views,2026-09-01T23:30:26+02:00,2026-08-25,,7,PEAD_WINDOW,
IONS,Ionis Pharmaceuticals Inc,finviz_prefilter,revenue_growth;eps_growth;operating_margin,,price_min;market_cap_min;avg_volume_min;revenue_growth;eps_growth;eps_next_year;operating_margin;earnings_window,False,"{'revenue_growth_yoy': -40.73, 'eps_growth_yoy': -2.0229, 'eps_next_year': 47.16, 'operating_margin': -68.08999999999999}",,Finviz via finvizfinance screener views,2026-09-01T23:30:26+02:00,2026-07-29,,34,NORMAL,
IRDM,Iridium Communications Inc,finviz_prefilter,revenue_growth;eps_growth,,price_min;market_cap_min;avg_volume_min;revenue_growth;eps_growth;eps_next_year;operating_margin;earnings_window,False,"{'revenue_growth_yoy': 3.84, 'eps_growth_yoy': -56.08, 'eps_next_year': 41.72, 'operating_margin': 23.76}",,Finviz via finvizfinance screener views,2026-09-01T23:30:26+02:00,2026-07-22,,41,NORMAL,
IREN,IREN Ltd,finviz_prefilter,revenue_growth;eps_growth;operating_margin,,price_min;market_cap_min;avg_volume_min;revenue_growth;eps_growth;eps_next_year;operating_margin;earnings_window,False,"{'revenue_growth_yoy': -26.740000000000002, 'eps_growth_yoy': -3.6157, 'eps_next_year': 195.54, 'operating_margin': -53.68000000000001}",,Finviz via finvizfinance screener views,2026-09-01T23:30:26+02:00,2026-08-27,,5,PEAD_WINDOW,
ISRG,Intuitive Surgical Inc,finviz_prefilter,revenue_growth;eps_growth;eps_next_year,,price_min;market_cap_min;avg_volume_min;revenue_growth;eps_growth;eps_next_year;operating_margin;earnings_window,False,"{'revenue_growth_yoy': 18.54, 'eps_growth_yoy': 26.619999999999997, 'eps_next_year': 11.87, 'operating_margin': 31.28}",,Finviz via finvizfinance screener views,2026-09-01T23:30:26+02:00,2026-07-16,,47,NORMAL,
ITRI,Itron Inc,finviz_prefilter,revenue_growth;eps_growth;eps_next_year,,price_min;market_cap_min;avg_volume_min;revenue_growth;eps_growth;eps_next_year;operating_margin;earnings_window,False,"{'revenue_growth_yoy': -7.23, 'eps_growth_yoy': -18.95, 'eps_next_year': 8.03, 'operating_margin': 13.87}",,Finviz via finvizfinance screener views,2026-09-01T23:30:26+02:00,2026-07-28,,35,NORMAL,
JAZZ,Jazz Pharmaceuticals plc,finviz_prefilter,revenue_growth;eps_next_year,,price_min;market_cap_min;avg_volume_min;revenue_growth;eps_growth;eps_next_year;operating_margin;earnings_window,False,"{'revenue_growth_yoy': 15.55, 'eps_growth_yoy': 123.66, 'eps_next_year': 3.48, 'operating_margin': 20.76}",,Finviz via finvizfinance screener views,2026-09-01T23:30:26+02:00,2026-08-03,,29,NORMAL,
JBHT,J.B. Hunt Transport Services Inc,finviz_prefilter,revenue_growth;operating_margin,,price_min;market_cap_min;avg_volume_min;revenue_growth;eps_growth;eps_next_year;operating_margin;earnings_window,False,"{'revenue_growth_yoy': 19.37, 'eps_growth_yoy': 45.25, 'eps_next_year': 29.59, 'operating_margin': 7.59}",,Finviz via finvizfinance screener views,2026-09-01T23:30:26+02:00,2026-07-15,,48,NORMAL,
JKHY,Jack Henry & Associates Inc,finviz_prefilter,revenue_growth;eps_growth;eps_next_year,,price_min;market_cap_min;avg_volume_min;revenue_growth;eps_growth;eps_next_year;operating_margin;earnings_window,False,"{'revenue_growth_yoy': 4.66, 'eps_growth_yoy': -10.209999999999999, 'eps_next_year': 9.32, 'operating_margin': 24.959999999999997}",,Finviz via finvizfinance screener views,2026-09-01T23:30:26+02:00,2026-08-18,,14,PEAD_WINDOW,
KDP,Keurig Dr Pepper Inc,finviz_prefilter,eps_growth;eps_next_year,,price_min;market_cap_min;avg_volume_min;revenue_growth;eps_growth;eps_next_year;operating_margin;earnings_window,False,"{'revenue_growth_yoy': 75.57000000000001, 'eps_growth_yoy': -89.03999999999999, 'eps_next_year': 10.48, 'operating_margin': 16.950000000000003}",,Finviz via finvizfinance screener views,2026-09-01T23:30:26+02:00,2026-08-06,,26,NORMAL,
KHC,Kraft Heinz Co,finviz_prefilter,revenue_growth,,price_min;market_cap_min;avg_volume_min;revenue_growth;eps_growth;eps_next_year;operating_margin;earnings_window,False,"{'revenue_growth_yoy': -1.4200000000000002, 'eps_growth_yoy': 30.270000000000003, 'eps_next_year': 82.0, 'operating_margin': 17.119999999999997}",,Finviz via finvizfinance screener views,2026-09-01T23:30:26+02:00,2026-08-05,,27,NORMAL,"{'failed_gate': 'revenue_growth', 'actual_value': -1.4200000000000002, 'applicable_threshold': 20.0, 'distance_to_threshold': 21.42, 'distance_to_threshold_pct': 107.10000000000002, 'formula': 'minimo: distance = threshold - actual; pct = distance / abs(threshold) * 100'}"
KLAC,KLA Corp,finviz_prefilter,revenue_growth;eps_growth,,price_min;market_cap_min;avg_volume_min;revenue_growth;eps_growth;eps_next_year;operating_margin;earnings_window,False,"{'revenue_growth_yoy': 15.18, 'eps_growth_yoy': 14.39, 'eps_next_year': 21.68, 'operating_margin': 41.68}",,Finviz via finvizfinance screener views,2026-09-01T23:30:26+02:00,2026-07-28,,35,NORMAL,
KLIC,Kulicke & Soffa Industries Inc,finviz_prefilter,eps_growth,,price_min;market_cap_min;avg_volume_min;revenue_growth;eps_growth;eps_next_year;operating_margin;earnings_window,False,"{'revenue_growth_yoy': 122.63, 'eps_growth_yoy': 18.2212, 'eps_next_year': 52.8, 'operating_margin': 13.059999999999999}",,Finviz via finvizfinance screener views,2026-09-01T23:30:26+02:00,2026-08-05,,27,NORMAL,"{'failed_gate': 'eps_growth', 'actual_value': 18.2212, 'applicable_threshold': 20.0, 'distance_to_threshold': 1.7788000000000004, 'distance_to_threshold_pct': 8.894000000000002, 'formula': 'minimo: distance = threshold - actual; pct = distance / abs(threshold) * 100'}"
KMB,Kimberly-Clark Corp,finviz_prefilter,revenue_growth;eps_growth;eps_next_year,,price_min;market_cap_min;avg_volume_min;revenue_growth;eps_growth;eps_next_year;operating_margin;earnings_window,False,"{'revenue_growth_yoy': 0.62, 'eps_growth_yoy': -32.22, 'eps_next_year': 13.0, 'operating_margin': 14.24}",,Finviz via finvizfinance screener views,2026-09-01T23:30:26+02:00,2026-08-04,,28,NORMAL,
KTOS,Kratos Defense & Security Solutions Inc,finviz_prefilter,eps_growth;operating_margin,,price_min;market_cap_min;avg_volume_min;revenue_growth;eps_growth;eps_next_year;operating_margin;earnings_window,False,"{'revenue_growth_yoy': 30.53, 'eps_growth_yoy': 26.090000000000003, 'eps_next_year': 34.4, 'operating_margin': 1.6}",,Finviz via finvizfinance screener views,2026-09-01T23:30:26+02:00,2026-08-04,,28,NORMAL,
KYMR,Kymera Therapeutics Inc,finviz_prefilter,revenue_growth;eps_next_year;operating_margin,,price_min;market_cap_min;avg_volume_min;revenue_growth;eps_growth;eps_next_year;operating_margin;earnings_window,False,"{'revenue_growth_yoy': 4.664, 'eps_growth_yoy': 34.53, 'eps_next_year': -30.54, 'operating_margin': -3.2983}",,Finviz via finvizfinance screener views,2026-09-01T23:30:26+02:00,2026-08-05,,27,NORMAL,
LASR,nLIGHT Inc,finviz_prefilter,operating_margin,,price_min;market_cap_min;avg_volume_min;revenue_growth;eps_growth;eps_next_year;operating_margin;earnings_window,False,"{'revenue_growth_yoy': 33.78, 'eps_growth_yoy': 67.54, 'eps_next_year': 27.13, 'operating_margin': -4.62}",,Finviz via finvizfinance screener views,2026-09-01T23:30:26+02:00,2026-08-06,,26,NORMAL,"{'failed_gate': 'operating_margin', 'actual_value': -4.62, 'applicable_threshold': 8.0, 'distance_to_threshold': 12.620000000000001, 'distance_to_threshold_pct': 157.75, 'formula': 'minimo: distance = threshold - actual; pct = distance / abs(threshold) * 100'}"
LAUR,Laureate Education Inc,finviz_prefilter,revenue_growth,,price_min;market_cap_min;avg_volume_min;revenue_growth;eps_growth;eps_next_year;operating_margin;earnings_window,False,"{'revenue_growth_yoy': 17.5, 'eps_growth_yoy': 51.23, 'eps_next_year': 15.86, 'operating_margin': 24.42}",,Finviz via finvizfinance screener views,2026-09-01T23:30:26+02:00,2026-07-30,,33,NORMAL,"{'failed_gate': 'revenue_growth', 'actual_value': 17.5, 'applicable_threshold': 20.0, 'distance_to_threshold': 2.5, 'distance_to_threshold_pct': 12.5, 'formula': 'minimo: distance = threshold - actual; pct = distance / abs(threshold) * 100'}"
LBRDK,Liberty Broadband Corp,finviz_prefilter,revenue_growth;eps_growth,operating_margin,price_min;market_cap_min;avg_volume_min;revenue_growth;eps_growth;eps_next_year;earnings_window,False,"{'revenue_growth_yoy': -100.0, 'eps_growth_yoy': -6.5483, 'eps_next_year': None, 'operating_margin': None}",,Finviz via finvizfinance screener views,2026-09-01T23:30:26+02:00,2026-08-06,,26,NORMAL,
LGN,Legence Corp,finviz_prefilter,eps_growth;operating_margin,,price_min;market_cap_min;avg_volume_min;revenue_growth;eps_growth;eps_next_year;operating_margin;earnings_window,False,"{'revenue_growth_yoy': 110.74, 'eps_growth_yoy': -3.0644, 'eps_next_year': 112.32, 'operating_margin': 3.04}",,Finviz via finvizfinance screener views,2026-09-01T23:30:26+02:00,2026-08-13,,19,NORMAL,
LIF,Life360 Inc,finviz_prefilter,eps_growth;operating_margin,,price_min;market_cap_min;avg_volume_min;revenue_growth;eps_growth;eps_next_year;operating_margin;earnings_window,False,"{'revenue_growth_yoy': 37.769999999999996, 'eps_growth_yoy': -28.71, 'eps_next_year': 45.24, 'operating_margin': 1.1400000000000001}",,Finviz via finvizfinance screener views,2026-09-01T23:30:26+02:00,2026-08-10,,22,NORMAL,
LIFE,Ethos Technologies Inc,finviz_prefilter,eps_growth;operating_margin,,price_min;market_cap_min;avg_volume_min;revenue_growth;eps_growth;eps_next_year;operating_margin;earnings_window,False,"{'revenue_growth_yoy': 113.35, 'eps_growth_yoy': 4.25, 'eps_next_year': 145.66, 'operating_margin': -17.669999999999998}",,Finviz via finvizfinance screener views,2026-09-01T23:30:26+02:00,2026-08-03,,29,NORMAL,
LIN,Linde Plc,finviz_prefilter,revenue_growth;eps_growth;eps_next_year,,price_min;market_cap_min;avg_volume_min;revenue_growth;eps_growth;eps_next_year;operating_margin;earnings_window,False,"{'revenue_growth_yoy': 9.35, 'eps_growth_yoy': 11.3, 'eps_next_year': 9.56, 'operating_margin': 27.1}",,Finviz via finvizfinance screener views,2026-09-01T23:30:26+02:00,2026-07-31,,32,NORMAL,
LINE,Lineage Inc,finviz_prefilter,revenue_growth;eps_growth;operating_margin,,price_min;market_cap_min;avg_volume_min;revenue_growth;eps_growth;eps_next_year;operating_margin;earnings_window,False,"{'revenue_growth_yoy': 0.8099999999999999, 'eps_growth_yoy': -3.855, 'eps_next_year': 19.37, 'operating_margin': 4.32}",,Finviz via finvizfinance screener views,2026-09-01T23:30:26+02:00,2026-08-05,,27,NORMAL,
LITE,Lumentum Holdings Inc,finviz_prefilter,eps_growth,,price_min;market_cap_min;avg_volume_min;revenue_growth;eps_growth;eps_next_year;operating_margin;earnings_window,False,"{'revenue_growth_yoy': 109.33999999999999, 'eps_growth_yoy': -29.5751, 'eps_next_year': 56.35, 'operating_margin': 17.89}",,Finviz via finvizfinance screener views,2026-09-01T23:30:26+02:00,2026-08-11,,21,NORMAL,"{'failed_gate': 'eps_growth', 'actual_value': -29.5751, 'applicable_threshold': 20.0, 'distance_to_threshold': 49.5751, 'distance_to_threshold_pct': 247.87550000000002, 'formula': 'minimo: distance = threshold - actual; pct = distance / abs(threshold) * 100'}"
LKQ,LKQ Corp,finviz_prefilter,revenue_growth;eps_growth;operating_margin,,price_min;market_cap_min;avg_volume_min;revenue_growth;eps_growth;eps_next_year;operating_margin;earnings_window,False,"{'revenue_growth_yoy': -6.43, 'eps_growth_yoy': -27.63, 'eps_next_year': 15.2, 'operating_margin': 7.24}",,Finviz via finvizfinance screener views,2026-09-01T23:30:26+02:00,2026-07-30,,33,NORMAL,
LNT,Alliant Energy Corp,finviz_prefilter,revenue_growth;eps_growth;eps_next_year,,price_min;market_cap_min;avg_volume_min;revenue_growth;eps_growth;eps_next_year;operating_margin;earnings_window,False,"{'revenue_growth_yoy': 1.04, 'eps_growth_yoy': -3.64, 'eps_next_year': 7.4, 'operating_margin': 22.1}",,Finviz via finvizfinance screener views,2026-09-01T23:30:26+02:00,2026-07-30,,33,NORMAL,
LNTH,Lantheus Holdings Inc,finviz_prefilter,revenue_growth;eps_growth,,price_min;market_cap_min;avg_volume_min;revenue_growth;eps_growth;eps_next_year;operating_margin;earnings_window,False,"{'revenue_growth_yoy': 2.68, 'eps_growth_yoy': -0.79, 'eps_next_year': 18.12, 'operating_margin': 19.45}",,Finviz via finvizfinance screener views,2026-09-01T23:30:26+02:00,2026-08-06,,26,NORMAL,
LOGI,Logitech International SA,finviz_prefilter,revenue_growth;eps_next_year,,price_min;market_cap_min;avg_volume_min;revenue_growth;eps_growth;eps_next_year;operating_margin;earnings_window,False,"{'revenue_growth_yoy': 6.93, 'eps_growth_yoy': 65.89, 'eps_next_year': 7.7, 'operating_margin': 18.14}",,Finviz via finvizfinance screener views,2026-09-01T23:30:26+02:00,2026-07-28,,35,NORMAL,
LQDA,Liquidia Corp,finviz_prefilter,revenue_growth;eps_growth,,price_min;market_cap_min;avg_volume_min;revenue_growth;eps_growth;eps_next_year;operating_margin;earnings_window,False,"{'revenue_growth_yoy': 18.4273, 'eps_growth_yoy': 2.5169, 'eps_next_year': 81.46, 'operating_margin': 37.39}",,Finviz via finvizfinance screener views,2026-09-01T23:30:26+02:00,2026-08-12,,20,NORMAL,
LSCC,Lattice Semiconductor Corp,finviz_prefilter,eps_growth,,price_min;market_cap_min;avg_volume_min;revenue_growth;eps_growth;eps_next_year;operating_margin;earnings_window,False,"{'revenue_growth_yoy': 62.2, 'eps_growth_yoy': 5.5094, 'eps_next_year': 50.69, 'operating_margin': 8.469999999999999}",,Finviz via finvizfinance screener views,2026-09-01T23:30:26+02:00,2026-08-04,,28,NORMAL,"{'failed_gate': 'eps_growth', 'actual_value': 5.5094, 'applicable_threshold': 20.0, 'distance_to_threshold': 14.4906, 'distance_to_threshold_pct': 72.453, 'formula': 'minimo: distance = threshold - actual; pct = distance / abs(threshold) * 100'}"
LULU,Lululemon Athletica Inc,finviz_prefilter,revenue_growth;eps_growth;eps_next_year;earnings_window,,price_min;market_cap_min;avg_volume_min;revenue_growth;eps_growth;eps_next_year;operating_margin;earnings_window,False,"{'revenue_growth_yoy': 4.26, 'eps_growth_yoy': -35.120000000000005, 'eps_next_year': 3.13, 'operating_margin': 18.47}",,Finviz via finvizfinance screener views,2026-09-01T23:30:26+02:00,2026-09-03,2,,PRE_EARNINGS_BLACKOUT,
LYFT,Lyft Inc,finviz_prefilter,revenue_growth;operating_margin,,price_min;market_cap_min;avg_volume_min;revenue_growth;eps_growth;eps_next_year;operating_margin;earnings_window,False,"{'revenue_growth_yoy': 16.08, 'eps_growth_yoy': 36.620000000000005, 'eps_next_year': 78.88, 'operating_margin': -1.67}",,Finviz via finvizfinance screener views,2026-09-01T23:30:26+02:00,2026-08-06,,26,NORMAL,
MANH,Manhattan Associates Inc,finviz_prefilter,revenue_growth;eps_growth;eps_next_year,,price_min;market_cap_min;avg_volume_min;revenue_growth;eps_growth;eps_next_year;operating_margin;earnings_window,False,"{'revenue_growth_yoy': 9.31, 'eps_growth_yoy': -8.200000000000001, 'eps_next_year': 11.52, 'operating_margin': 25.06}",,Finviz via finvizfinance screener views,2026-09-01T23:30:26+02:00,2026-07-28,,35,NORMAL,
MAR,Marriott International Inc,finviz_prefilter,revenue_growth;eps_growth;eps_next_year,,price_min;market_cap_min;avg_volume_min;revenue_growth;eps_growth;eps_next_year;operating_margin;earnings_window,False,"{'revenue_growth_yoy': 4.8500000000000005, 'eps_growth_yoy': 4.26, 'eps_next_year': 12.01, 'operating_margin': 15.73}",,Finviz via finvizfinance screener views,2026-09-01T23:30:26+02:00,2026-08-03,,29,NORMAL,
MCHP,Microchip Technology Inc,finviz_prefilter,eps_growth,,price_min;market_cap_min;avg_volume_min;revenue_growth;eps_growth;eps_next_year;operating_margin;earnings_window,False,"{'revenue_growth_yoy': 38.05, 'eps_growth_yoy': 5.2663, 'eps_next_year': 25.62, 'operating_margin': 16.23}",,Finviz via finvizfinance screener views,2026-09-01T23:30:26+02:00,2026-08-06,,26,NORMAL,"{'failed_gate': 'eps_growth', 'actual_value': 5.2663, 'applicable_threshold': 30.0, 'distance_to_threshold': 24.7337, 'distance_to_threshold_pct': 82.44566666666667, 'formula': 'minimo: distance = threshold - actual; pct = distance / abs(threshold) * 100'}"
MDB,MongoDB Inc,finviz_prefilter,operating_margin;earnings_window,,price_min;market_cap_min;avg_volume_min;revenue_growth;eps_growth;eps_next_year;operating_margin;earnings_window,False,"{'revenue_growth_yoy': 25.25, 'eps_growth_yoy': 111.72, 'eps_next_year': 19.65, 'operating_margin': -4.18}",,Finviz via finvizfinance screener views,2026-09-01T23:30:26+02:00,2026-09-01,0,,PRE_EARNINGS_BLACKOUT,
MDLN,Medline Inc,finviz_prefilter,revenue_growth;eps_growth;eps_next_year;operating_margin,,price_min;market_cap_min;avg_volume_min;revenue_growth;eps_growth;eps_next_year;operating_margin;earnings_window,False,"{'revenue_growth_yoy': 11.600000000000001, 'eps_growth_yoy': -83.26, 'eps_next_year': 5.58, 'operating_margin': 6.5}",,Finviz via finvizfinance screener views,2026-09-01T23:30:26+02:00,2026-08-05,,27,NORMAL,
MDLZ,Mondelez International Inc,finviz_prefilter,revenue_growth;eps_next_year,,price_min;market_cap_min;avg_volume_min;revenue_growth;eps_growth;eps_next_year;operating_margin;earnings_window,False,"{'revenue_growth_yoy': 4.130000000000001, 'eps_growth_yoy': 143.73, 'eps_next_year': 10.27, 'operating_margin': 15.840000000000002}",,Finviz via finvizfinance screener views,2026-09-01T23:30:26+02:00,2026-07-28,,35,NORMAL,
MEOH,Methanex Corp,finviz_prefilter,eps_growth;eps_next_year,,price_min;market_cap_min;avg_volume_min;revenue_growth;eps_growth;eps_next_year;operating_margin;earnings_window,False,"{'revenue_growth_yoy': 75.17, 'eps_growth_yoy': 1.688, 'eps_next_year': -38.24, 'operating_margin': 17.37}",,Finviz via finvizfinance screener views,2026-09-01T23:30:26+02:00,2026-07-28,,35,NORMAL,
META,Meta Platforms Inc,finviz_prefilter,eps_growth;eps_next_year,,price_min;market_cap_min;avg_volume_min;revenue_growth;eps_growth;eps_next_year;operating_margin;earnings_window,False,"{'revenue_growth_yoy': 27.96, 'eps_growth_yoy': -13.44, 'eps_next_year': 7.86, 'operating_margin': 38.080000000000005}",,Finviz via finvizfinance screener views,2026-09-01T23:30:26+02:00,2026-07-29,,34,NORMAL,
MGNI,Magnite Inc,finviz_prefilter,revenue_growth,,price_min;market_cap_min;avg_volume_min;revenue_growth;eps_growth;eps_next_year;operating_margin;earnings_window,False,"{'revenue_growth_yoy': 11.24, 'eps_growth_yoy': 75.22999999999999, 'eps_next_year': 18.5, 'operating_margin': 15.65}",,Finviz via finvizfinance screener views,2026-09-01T23:30:26+02:00,2026-08-05,,27,NORMAL,"{'failed_gate': 'revenue_growth', 'actual_value': 11.24, 'applicable_threshold': 20.0, 'distance_to_threshold': 8.76, 'distance_to_threshold_pct': 43.8, 'formula': 'minimo: distance = threshold - actual; pct = distance / abs(threshold) * 100'}"
MIRM,Mirum Pharmaceuticals Inc,finviz_prefilter,eps_growth;operating_margin,,price_min;market_cap_min;avg_volume_min;revenue_growth;eps_growth;eps_next_year;operating_margin;earnings_window,False,"{'revenue_growth_yoy': 37.92, 'eps_growth_yoy': -7.9975, 'eps_next_year': 94.97, 'operating_margin': -14.760000000000002}",,Finviz via finvizfinance screener views,2026-09-01T23:30:26+02:00,2026-08-05,,27,NORMAL,
MKSI,MKS Inc,finviz_prefilter,eps_growth,,price_min;market_cap_min;avg_volume_min;revenue_growth;eps_growth;eps_next_year;operating_margin;earnings_window,False,"{'revenue_growth_yoy': 28.26, 'eps_growth_yoy': 1.6168, 'eps_next_year': 33.27, 'operating_margin': 16.72}",,Finviz via finvizfinance screener views,2026-09-01T23:30:26+02:00,2026-08-05,,27,NORMAL,"{'failed_gate': 'eps_growth', 'actual_value': 1.6168, 'applicable_threshold': 30.0, 'distance_to_threshold': 28.3832, 'distance_to_threshold_pct': 94.61066666666666, 'formula': 'minimo: distance = threshold - actual; pct = distance / abs(threshold) * 100'}"
MKTX,MarketAxess Holdings Inc,finviz_prefilter,revenue_growth;eps_growth;eps_next_year,,price_min;market_cap_min;avg_volume_min;revenue_growth;eps_growth;eps_next_year;operating_margin;earnings_window,False,"{'revenue_growth_yoy': -2.75, 'eps_growth_yoy': 1.31, 'eps_next_year': 9.03, 'operating_margin': 40.28}",,Finviz via finvizfinance screener views,2026-09-01T23:30:26+02:00,2026-07-30,,33,NORMAL,
MMED,MiniMed Group Inc,finviz_prefilter,eps_next_year;earnings_window,revenue_growth;eps_growth;operating_margin,price_min;market_cap_min;avg_volume_min;eps_next_year;earnings_window,False,"{'revenue_growth_yoy': None, 'eps_growth_yoy': None, 'eps_next_year': 3.67, 'operating_margin': None}",,Finviz via finvizfinance screener views,2026-09-01T23:30:26+02:00,2026-09-01,0,,PRE_EARNINGS_BLACKOUT,
MMSI,Merit Medical Systems Inc,finviz_prefilter,revenue_growth;eps_growth;eps_next_year,,price_min;market_cap_min;avg_volume_min;revenue_growth;eps_growth;eps_next_year;operating_margin;earnings_window,False,"{'revenue_growth_yoy': 9.83, 'eps_growth_yoy': 20.3, 'eps_next_year': 7.19, 'operating_margin': 12.690000000000001}",,Finviz via finvizfinance screener views,2026-09-01T23:30:26+02:00,2026-07-30,,33,NORMAL,
MMYT,MakeMyTrip Ltd,finviz_prefilter,revenue_growth;eps_growth,,price_min;market_cap_min;avg_volume_min;revenue_growth;eps_growth;eps_next_year;operating_margin;earnings_window,False,"{'revenue_growth_yoy': 6.22, 'eps_growth_yoy': -61.53999999999999, 'eps_next_year': 97.7, 'operating_margin': 14.95}",,Finviz via finvizfinance screener views,2026-09-01T23:30:26+02:00,2026-08-03,,29,NORMAL,
MNDY,Monday.Com Ltd,finviz_prefilter,eps_growth;operating_margin,,price_min;market_cap_min;avg_volume_min;revenue_growth;eps_growth;eps_next_year;operating_margin;earnings_window,False,"{'revenue_growth_yoy': 21.94, 'eps_growth_yoy': 1.6373, 'eps_next_year': 22.27, 'operating_margin': 2.9000000000000004}",,Finviz via finvizfinance screener views,2026-09-01T23:30:26+02:00,2026-08-10,,22,NORMAL,
MNST,Monster Beverage Corp,finviz_prefilter,eps_growth;eps_next_year,,price_min;market_cap_min;avg_volume_min;revenue_growth;eps_growth;eps_next_year;operating_margin;earnings_window,False,"{'revenue_growth_yoy': 20.169999999999998, 'eps_growth_yoy': 19.040000000000003, 'eps_next_year': 12.84, 'operating_margin': 29.160000000000004}",,Finviz via finvizfinance screener views,2026-09-01T23:30:26+02:00,2026-08-06,,26,NORMAL,
MRCY,Mercury Systems Inc,finviz_prefilter,revenue_growth;eps_growth;operating_margin,,price_min;market_cap_min;avg_volume_min;revenue_growth;eps_growth;eps_next_year;operating_margin;earnings_window,False,"{'revenue_growth_yoy': 6.11, 'eps_growth_yoy': -95.27, 'eps_next_year': 33.26, 'operating_margin': 2.13}",,Finviz via finvizfinance screener views,2026-09-01T23:30:26+02:00,2026-08-18,,14,PEAD_WINDOW,
MRNA,Moderna Inc,finviz_prefilter,revenue_growth;eps_growth;operating_margin,,price_min;market_cap_min;avg_volume_min;revenue_growth;eps_growth;eps_next_year;operating_margin;earnings_window,False,"{'revenue_growth_yoy': 2.11, 'eps_growth_yoy': 7.6, 'eps_next_year': 42.34, 'operating_margin': -149.01}",,Finviz via finvizfinance screener views,2026-09-01T23:30:26+02:00,2026-07-31,,32,NORMAL,
MRX,Marex Group Ltd,finviz_prefilter,eps_next_year,,price_min;market_cap_min;avg_volume_min;revenue_growth;eps_growth;eps_next_year;operating_margin;earnings_window,False,"{'revenue_growth_yoy': 33.95, 'eps_growth_yoy': 105.96000000000001, 'eps_next_year': 11.99, 'operating_margin': 32.190000000000005}",,Finviz via finvizfinance screener views,2026-09-01T23:30:26+02:00,2026-08-12,,20,NORMAL,"{'failed_gate': 'eps_next_year', 'actual_value': 11.99, 'applicable_threshold': 15.0, 'distance_to_threshold': 3.01, 'distance_to_threshold_pct': 20.066666666666666, 'formula': 'minimo: distance = threshold - actual; pct = distance / abs(threshold) * 100'}"
MSFT,Microsoft Corp,finviz_prefilter,revenue_growth,,price_min;market_cap_min;avg_volume_min;revenue_growth;eps_growth;eps_next_year;operating_margin;earnings_window,False,"{'revenue_growth_yoy': 17.75, 'eps_growth_yoy': 31.65, 'eps_next_year': 19.04, 'operating_margin': 46.78}",,Finviz via finvizfinance screener views,2026-09-01T23:30:26+02:00,2026-07-29,,34,NORMAL,"{'failed_gate': 'revenue_growth', 'actual_value': 17.75, 'applicable_threshold': 20.0, 'distance_to_threshold': 2.25, 'distance_to_threshold_pct': 11.25, 'formula': 'minimo: distance = threshold - actual; pct = distance / abs(threshold) * 100'}"
MSTR,Strategy Inc,finviz_prefilter,revenue_growth;eps_growth;operating_margin,,price_min;market_cap_min;avg_volume_min;revenue_growth;eps_growth;eps_next_year;operating_margin;earnings_window,False,"{'revenue_growth_yoy': 6.88, 'eps_growth_yoy': -1.7502, 'eps_next_year': 169.2, 'operating_margin': -8.129999999999999}",,Finviz via finvizfinance screener views,2026-09-01T23:30:26+02:00,2026-07-30,,33,NORMAL,
MTCH,Match Group Inc,finviz_prefilter,revenue_growth,,price_min;market_cap_min;avg_volume_min;revenue_growth;eps_growth;eps_next_year;operating_margin;earnings_window,False,"{'revenue_growth_yoy': -1.23, 'eps_growth_yoy': 43.47, 'eps_next_year': 16.0, 'operating_margin': 28.15}",,Finviz via finvizfinance screener views,2026-09-01T23:30:26+02:00,2026-08-04,,28,NORMAL,"{'failed_gate': 'revenue_growth', 'actual_value': -1.23, 'applicable_threshold': 20.0, 'distance_to_threshold': 21.23, 'distance_to_threshold_pct': 106.15, 'formula': 'minimo: distance = threshold - actual; pct = distance / abs(threshold) * 100'}"
MTSI,MACOM Technology Solutions Holdings Inc,finviz_prefilter,eps_growth,,price_min;market_cap_min;avg_volume_min;revenue_growth;eps_growth;eps_next_year;operating_margin;earnings_window,False,"{'revenue_growth_yoy': 35.77, 'eps_growth_yoy': 1.6669, 'eps_next_year': 53.79, 'operating_margin': 18.11}",,Finviz via finvizfinance screener views,2026-09-01T23:30:26+02:00,2026-08-06,,26,NORMAL,"{'failed_gate': 'eps_growth', 'actual_value': 1.6669, 'applicable_threshold': 30.0, 'distance_to_threshold': 28.3331, 'distance_to_threshold_pct': 94.44366666666667, 'formula': 'minimo: distance = threshold - actual; pct = distance / abs(threshold) * 100'}"
MU,Micron Technology Inc,finviz_prefilter,revenue_growth;eps_growth,,price_min;market_cap_min;avg_volume_min;revenue_growth;eps_growth;eps_next_year;operating_margin;earnings_window,False,"{'revenue_growth_yoy': 3.4572, 'eps_growth_yoy': 13.7209, 'eps_next_year': 111.8, 'operating_margin': 65.75}",,Finviz via finvizfinance screener views,2026-09-01T23:30:26+02:00,2026-06-24,,69,NORMAL,
MXL,MaxLinear Inc,finviz_prefilter,operating_margin,,price_min;market_cap_min;avg_volume_min;revenue_growth;eps_growth;eps_next_year;operating_margin;earnings_window,False,"{'revenue_growth_yoy': 55.169999999999995, 'eps_growth_yoy': 105.89999999999999, 'eps_next_year': 54.03, 'operating_margin': -11.600000000000001}",,Finviz via finvizfinance screener views,2026-09-01T23:30:26+02:00,2026-07-23,,40,NORMAL,"{'failed_gate': 'operating_margin', 'actual_value': -11.600000000000001, 'applicable_threshold': 8.0, 'distance_to_threshold': 19.6, 'distance_to_threshold_pct': 245.00000000000003, 'formula': 'minimo: distance = threshold - actual; pct = distance / abs(threshold) * 100'}"
NAMS,NewAmsterdam Pharma Company NV,finviz_prefilter,revenue_growth;eps_growth;operating_margin,,price_min;market_cap_min;avg_volume_min;revenue_growth;eps_growth;eps_next_year;operating_margin;earnings_window,False,"{'revenue_growth_yoy': -80.67, 'eps_growth_yoy': -2.5488, 'eps_next_year': 17.44, 'operating_margin': -34.322}",,Finviz via finvizfinance screener views,2026-09-01T23:30:26+02:00,2026-08-05,,27,NORMAL,
NAVN,Navan Inc,finviz_prefilter,operating_margin,,price_min;market_cap_min;avg_volume_min;revenue_growth;eps_growth;eps_next_year;operating_margin;earnings_window,False,"{'revenue_growth_yoy': 39.86, 'eps_growth_yoy': 66.82000000000001, 'eps_next_year': 51.81, 'operating_margin': -24.89}",,Finviz via finvizfinance screener views,2026-09-01T23:30:26+02:00,2026-09-09,8,,NORMAL,"{'failed_gate': 'operating_margin', 'actual_value': -24.89, 'applicable_threshold': 8.0, 'distance_to_threshold': 32.89, 'distance_to_threshold_pct': 411.125, 'formula': 'minimo: distance = threshold - actual; pct = distance / abs(threshold) * 100'}"
NBIS,Nebius Group NV,finviz_prefilter,revenue_growth;eps_growth;eps_next_year;operating_margin,,price_min;market_cap_min;avg_volume_min;revenue_growth;eps_growth;eps_next_year;operating_margin;earnings_window,False,"{'revenue_growth_yoy': 4.5404, 'eps_growth_yoy': -127.74000000000001, 'eps_next_year': -75.34, 'operating_margin': -49.34}",,Finviz via finvizfinance screener views,2026-09-01T23:30:26+02:00,2026-08-12,,20,NORMAL,
NCNO,Ncino Inc,finviz_prefilter,revenue_growth,,price_min;market_cap_min;avg_volume_min;revenue_growth;eps_growth;eps_next_year;operating_margin;earnings_window,False,"{'revenue_growth_yoy': 8.19, 'eps_growth_yoy': 136.4, 'eps_next_year': 19.97, 'operating_margin': 8.77}",,Finviz via finvizfinance screener views,2026-09-01T23:30:26+02:00,2026-08-25,,7,PEAD_WINDOW,"{'failed_gate': 'revenue_growth', 'actual_value': 8.19, 'applicable_threshold': 20.0, 'distance_to_threshold': 11.81, 'distance_to_threshold_pct': 59.050000000000004, 'formula': 'minimo: distance = threshold - actual; pct = distance / abs(threshold) * 100'}"
NDAQ,Nasdaq Inc,finviz_prefilter,eps_growth;eps_next_year,,price_min;market_cap_min;avg_volume_min;revenue_growth;eps_growth;eps_next_year;operating_margin;earnings_window,False,"{'revenue_growth_yoy': 21.15, 'eps_growth_yoy': 14.38, 'eps_next_year': 13.12, 'operating_margin': 30.78}",,Finviz via finvizfinance screener views,2026-09-01T23:30:26+02:00,2026-07-23,,40,NORMAL,
NEO,Neogenomics Inc,finviz_prefilter,revenue_growth;operating_margin,,price_min;market_cap_min;avg_volume_min;revenue_growth;eps_growth;eps_next_year;operating_margin;earnings_window,False,"{'revenue_growth_yoy': 11.21, 'eps_growth_yoy': 104.85, 'eps_next_year': 85.08, 'operating_margin': -7.03}",,Finviz via finvizfinance screener views,2026-09-01T23:30:26+02:00,2026-07-28,,35,NORMAL,
NESR,National Energy Services Reunited Corp,finviz_prefilter,eps_growth,,price_min;market_cap_min;avg_volume_min;revenue_growth;eps_growth;eps_next_year;operating_margin;earnings_window,False,"{'revenue_growth_yoy': 59.07, 'eps_growth_yoy': 1.7386, 'eps_next_year': 59.37, 'operating_margin': 9.34}",,Finviz via finvizfinance screener views,2026-09-01T23:30:26+02:00,2026-08-10,,22,NORMAL,"{'failed_gate': 'eps_growth', 'actual_value': 1.7386, 'applicable_threshold': 20.0, 'distance_to_threshold': 18.261400000000002, 'distance_to_threshold_pct': 91.307, 'formula': 'minimo: distance = threshold - actual; pct = distance / abs(threshold) * 100'}"
NFLX,Netflix Inc,finviz_prefilter,revenue_growth;eps_growth;eps_next_year,,price_min;market_cap_min;avg_volume_min;revenue_growth;eps_growth;eps_next_year;operating_margin;earnings_window,False,"{'revenue_growth_yoy': 13.41, 'eps_growth_yoy': 11.06, 'eps_next_year': 5.98, 'operating_margin': 30.25}",,Finviz via finvizfinance screener views,2026-09-01T23:30:26+02:00,2026-07-16,,47,NORMAL,
NKTR,Nektar Therapeutics,finviz_prefilter,revenue_growth;eps_next_year;operating_margin,,price_min;market_cap_min;avg_volume_min;revenue_growth;eps_growth;eps_next_year;operating_margin;earnings_window,False,"{'revenue_growth_yoy': -9.34, 'eps_growth_yoy': 58.379999999999995, 'eps_next_year': -28.83, 'operating_margin': -2.3932}",,Finviz via finvizfinance screener views,2026-09-01T23:30:26+02:00,2026-08-13,,19,NORMAL,
NMRK,Newmark Group Inc,finviz_prefilter,revenue_growth;eps_growth;eps_next_year;operating_margin,,price_min;market_cap_min;avg_volume_min;revenue_growth;eps_growth;eps_next_year;operating_margin;earnings_window,False,"{'revenue_growth_yoy': 18.91, 'eps_growth_yoy': -5.36, 'eps_next_year': 13.02, 'operating_margin': 7.59}",,Finviz via finvizfinance screener views,2026-09-01T23:30:26+02:00,2026-07-29,,34,NORMAL,
NN,NextNav Inc,finviz_prefilter,revenue_growth;eps_next_year;operating_margin,,price_min;market_cap_min;avg_volume_min;revenue_growth;eps_growth;eps_next_year;operating_margin;earnings_window,False,"{'revenue_growth_yoy': -4.33, 'eps_growth_yoy': 50.1, 'eps_next_year': 0.0, 'operating_margin': -19.0043}",,Finviz via finvizfinance screener views,2026-09-01T23:30:26+02:00,2026-08-11,,21,NORMAL,
NRIX,Nurix Therapeutics Inc,finviz_prefilter,revenue_growth;eps_growth;operating_margin,,price_min;market_cap_min;avg_volume_min;revenue_growth;eps_growth;eps_next_year;operating_margin;earnings_window,False,"{'revenue_growth_yoy': -79.47, 'eps_growth_yoy': -55.54, 'eps_next_year': 26.05, 'operating_margin': -9.8237}",,Finviz via finvizfinance screener views,2026-09-01T23:30:26+02:00,2026-07-09,,54,NORMAL,
NTAP,Netapp Inc,finviz_prefilter,revenue_growth;eps_growth;eps_next_year;earnings_window,,price_min;market_cap_min;avg_volume_min;revenue_growth;eps_growth;eps_next_year;operating_margin;earnings_window,False,"{'revenue_growth_yoy': 12.46, 'eps_growth_yoy': 23.01, 'eps_next_year': 11.53, 'operating_margin': 24.45}",,Finviz via finvizfinance screener views,2026-09-01T23:30:26+02:00,2026-09-02,1,,PRE_EARNINGS_BLACKOUT,
NTNX,Nutanix Inc,finviz_prefilter,revenue_growth,,price_min;market_cap_min;avg_volume_min;revenue_growth;eps_growth;eps_next_year;operating_margin;earnings_window,False,"{'revenue_growth_yoy': 15.89, 'eps_growth_yoy': 31.485, 'eps_next_year': 15.79, 'operating_margin': 10.82}",,Finviz via finvizfinance screener views,2026-09-01T23:30:26+02:00,2026-08-26,,6,PEAD_WINDOW,"{'failed_gate': 'revenue_growth', 'actual_value': 15.89, 'applicable_threshold': 20.0, 'distance_to_threshold': 4.109999999999999, 'distance_to_threshold_pct': 20.549999999999997, 'formula': 'minimo: distance = threshold - actual; pct = distance / abs(threshold) * 100'}"
NTRA,Natera Inc,finviz_prefilter,operating_margin,,price_min;market_cap_min;avg_volume_min;revenue_growth;eps_growth;eps_next_year;operating_margin;earnings_window,False,"{'revenue_growth_yoy': 37.71, 'eps_growth_yoy': 36.85, 'eps_next_year': 87.98, 'operating_margin': -10.56}",,Finviz via finvizfinance screener views,2026-09-01T23:30:26+02:00,2026-08-06,,26,NORMAL,"{'failed_gate': 'operating_margin', 'actual_value': -10.56, 'applicable_threshold': 8.0, 'distance_to_threshold': 18.560000000000002, 'distance_to_threshold_pct': 232.00000000000003, 'formula': 'minimo: distance = threshold - actual; pct = distance / abs(threshold) * 100'}"
NTRS,Northern Trust Corp,finviz_prefilter,revenue_growth;eps_next_year,,price_min;market_cap_min;avg_volume_min;revenue_growth;eps_growth;eps_next_year;operating_margin;earnings_window,False,"{'revenue_growth_yoy': 17.18, 'eps_growth_yoy': 98.21, 'eps_next_year': 9.35, 'operating_margin': 13.389999999999999}",,Finviz via finvizfinance screener views,2026-09-01T23:30:26+02:00,2026-07-22,,41,NORMAL,
NVCR,NovoCure Ltd,finviz_prefilter,revenue_growth;operating_margin,,price_min;market_cap_min;avg_volume_min;revenue_growth;eps_growth;eps_next_year;operating_margin;earnings_window,False,"{'revenue_growth_yoy': 15.6, 'eps_growth_yoy': 62.480000000000004, 'eps_next_year': 34.73, 'operating_margin': -22.08}",,Finviz via finvizfinance screener views,2026-09-01T23:30:26+02:00,2026-07-23,,40,NORMAL,
NWBI,Northwest Bancshares Inc,finviz_prefilter,revenue_growth;eps_next_year,,price_min;market_cap_min;avg_volume_min;revenue_growth;eps_growth;eps_next_year;operating_margin;earnings_window,False,"{'revenue_growth_yoy': 18.310000000000002, 'eps_growth_yoy': 38.519999999999996, 'eps_next_year': 2.93, 'operating_margin': 25.03}",,Finviz via finvizfinance screener views,2026-09-01T23:30:26+02:00,2026-07-27,,36,NORMAL,
NWS,News Corp,finviz_prefilter,revenue_growth;eps_growth,,price_min;market_cap_min;avg_volume_min;revenue_growth;eps_growth;eps_next_year;operating_margin;earnings_window,False,"{'revenue_growth_yoy': 10.81, 'eps_growth_yoy': 5.8653, 'eps_next_year': 16.36, 'operating_margin': 12.64}",,Finviz via finvizfinance screener views,2026-09-01T23:30:26+02:00,2026-08-05,,27,NORMAL,
NWSA,News Corp,finviz_prefilter,revenue_growth;eps_growth,,price_min;market_cap_min;avg_volume_min;revenue_growth;eps_growth;eps_next_year;operating_margin;earnings_window,False,"{'revenue_growth_yoy': 10.81, 'eps_growth_yoy': 5.8653, 'eps_next_year': 16.36, 'operating_margin': 12.64}",,Finviz via finvizfinance screener views,2026-09-01T23:30:26+02:00,2026-08-05,,27,NORMAL,
NXPI,NXP Semiconductors NV,finviz_prefilter,revenue_growth,,price_min;market_cap_min;avg_volume_min;revenue_growth;eps_growth;eps_next_year;operating_margin;earnings_window,False,"{'revenue_growth_yoy': 19.48, 'eps_growth_yoy': 72.23, 'eps_next_year': 20.53, 'operating_margin': 28.7}",,Finviz via finvizfinance screener views,2026-09-01T23:30:26+02:00,2026-07-28,,35,NORMAL,"{'failed_gate': 'revenue_growth', 'actual_value': 19.48, 'applicable_threshold': 20.0, 'distance_to_threshold': 0.5199999999999996, 'distance_to_threshold_pct': 2.599999999999998, 'formula': 'minimo: distance = threshold - actual; pct = distance / abs(threshold) * 100'}"
NXT,Nextpower Inc,finviz_prefilter,revenue_growth;eps_growth,,price_min;market_cap_min;avg_volume_min;revenue_growth;eps_growth;eps_next_year;operating_margin;earnings_window,False,"{'revenue_growth_yoy': 8.21, 'eps_growth_yoy': 2.32, 'eps_next_year': 22.55, 'operating_margin': 19.7}",,Finviz via finvizfinance screener views,2026-09-01T23:30:26+02:00,2026-07-30,,33,NORMAL,
OCTV,Octave Intelligence Plc,finviz_prefilter,eps_next_year,revenue_growth;eps_growth;operating_margin,price_min;market_cap_min;avg_volume_min;eps_next_year;earnings_window,False,"{'revenue_growth_yoy': None, 'eps_growth_yoy': None, 'eps_next_year': 2.66, 'operating_margin': None}",,Finviz via finvizfinance screener views,2026-09-01T23:30:26+02:00,2026-08-12,,20,NORMAL,"{'failed_gate': 'eps_next_year', 'actual_value': 2.66, 'applicable_threshold': 15.0, 'distance_to_threshold': 12.34, 'distance_to_threshold_pct': 82.26666666666667, 'formula': 'minimo: distance = threshold - actual; pct = distance / abs(threshold) * 100'}"
ODFL,Old Dominion Freight Line Inc,finviz_prefilter,revenue_growth;eps_next_year,,price_min;market_cap_min;avg_volume_min;revenue_growth;eps_growth;eps_next_year;operating_margin;earnings_window,False,"{'revenue_growth_yoy': 10.39, 'eps_growth_yoy': 32.68, 'eps_next_year': 14.24, 'operating_margin': 25.990000000000002}",,Finviz via finvizfinance screener views,2026-09-01T23:30:26+02:00,2026-07-29,,34,NORMAL,
OKTA,Okta Inc,finviz_prefilter,revenue_growth;eps_next_year;operating_margin,,price_min;market_cap_min;avg_volume_min;revenue_growth;eps_growth;eps_next_year;operating_margin;earnings_window,False,"{'revenue_growth_yoy': 10.58, 'eps_growth_yoy': 75.22999999999999, 'eps_next_year': 10.59, 'operating_margin': 7.68}",,Finviz via finvizfinance screener views,2026-09-01T23:30:26+02:00,2026-08-26,,6,PEAD_WINDOW,
OLED,Universal Display Corp,finviz_prefilter,revenue_growth;eps_growth;eps_next_year,,price_min;market_cap_min;avg_volume_min;revenue_growth;eps_growth;eps_next_year;operating_margin;earnings_window,False,"{'revenue_growth_yoy': -11.43, 'eps_growth_yoy': -24.92, 'eps_next_year': 12.5, 'operating_margin': 34.4}",,Finviz via finvizfinance screener views,2026-09-01T23:30:26+02:00,2026-07-30,,33,NORMAL,
OLLI,Ollies Bargain Outlet Holdings Inc,finviz_prefilter,revenue_growth;eps_growth;eps_next_year;earnings_window,,price_min;market_cap_min;avg_volume_min;revenue_growth;eps_growth;eps_next_year;operating_margin;earnings_window,False,"{'revenue_growth_yoy': 14.249999999999998, 'eps_growth_yoy': 19.79, 'eps_next_year': 13.41, 'operating_margin': 12.31}",,Finviz via finvizfinance screener views,2026-09-01T23:30:26+02:00,2026-09-02,1,,PRE_EARNINGS_BLACKOUT,
ON,ON Semiconductor Corp,finviz_prefilter,revenue_growth,,price_min;market_cap_min;avg_volume_min;revenue_growth;eps_growth;eps_next_year;operating_margin;earnings_window,False,"{'revenue_growth_yoy': 9.180000000000001, 'eps_growth_yoy': 36.51, 'eps_next_year': 40.6, 'operating_margin': 18.16}",,Finviz via finvizfinance screener views,2026-09-01T23:30:26+02:00,2026-08-03,,29,NORMAL,"{'failed_gate': 'revenue_growth', 'actual_value': 9.180000000000001, 'applicable_threshold': 20.0, 'distance_to_threshold': 10.819999999999999, 'distance_to_threshold_pct': 54.099999999999994, 'formula': 'minimo: distance = threshold - actual; pct = distance / abs(threshold) * 100'}"
ONB,Old National Bancorp,finviz_prefilter,revenue_growth;eps_next_year,,price_min;market_cap_min;avg_volume_min;revenue_growth;eps_growth;eps_next_year;operating_margin;earnings_window,False,"{'revenue_growth_yoy': 9.55, 'eps_growth_yoy': 93.78, 'eps_next_year': 10.92, 'operating_margin': 30.14}",,Finviz via finvizfinance screener views,2026-09-01T23:30:26+02:00,2026-07-22,,41,NORMAL,
OPCH,Option Care Health Inc,finviz_prefilter,revenue_growth;eps_growth;eps_next_year;operating_margin,,price_min;market_cap_min;avg_volume_min;revenue_growth;eps_growth;eps_next_year;operating_margin;earnings_window,False,"{'revenue_growth_yoy': 1.8599999999999999, 'eps_growth_yoy': 14.13, 'eps_next_year': 10.83, 'operating_margin': 5.86}",,Finviz via finvizfinance screener views,2026-09-01T23:30:26+02:00,2026-07-29,,34,NORMAL,
ORLY,O'Reilly Automotive Inc,finviz_prefilter,revenue_growth;eps_growth;eps_next_year,,price_min;market_cap_min;avg_volume_min;revenue_growth;eps_growth;eps_next_year;operating_margin;earnings_window,False,"{'revenue_growth_yoy': 8.110000000000001, 'eps_growth_yoy': 10.77, 'eps_next_year': 11.36, 'operating_margin': 19.56}",,Finviz via finvizfinance screener views,2026-09-01T23:30:26+02:00,2026-07-29,,34,NORMAL,
OSW,OneSpaWorld Holdings Limited,finviz_prefilter,revenue_growth;eps_growth;eps_next_year,,price_min;market_cap_min;avg_volume_min;revenue_growth;eps_growth;eps_next_year;operating_margin;earnings_window,False,"{'revenue_growth_yoy': 8.52, 'eps_growth_yoy': 17.72, 'eps_next_year': 13.49, 'operating_margin': 9.5}",,Finviz via finvizfinance screener views,2026-09-01T23:30:26+02:00,2026-07-29,,34,NORMAL,
OTEX,Open Text Corp,finviz_prefilter,revenue_growth;eps_growth;eps_next_year,,price_min;market_cap_min;avg_volume_min;revenue_growth;eps_growth;eps_next_year;operating_margin;earnings_window,False,"{'revenue_growth_yoy': 2.94, 'eps_growth_yoy': 4.7337, 'eps_next_year': 7.84, 'operating_margin': 23.169999999999998}",,Finviz via finvizfinance screener views,2026-09-01T23:30:26+02:00,2026-08-06,,26,NORMAL,
OUST,Ouster Inc,finviz_prefilter,operating_margin,,price_min;market_cap_min;avg_volume_min;revenue_growth;eps_growth;eps_next_year;operating_margin;earnings_window,False,"{'revenue_growth_yoy': 55.86, 'eps_growth_yoy': 27.46, 'eps_next_year': 102.63, 'operating_margin': -34.410000000000004}",,Finviz via finvizfinance screener views,2026-09-01T23:30:26+02:00,2026-08-06,,26,NORMAL,"{'failed_gate': 'operating_margin', 'actual_value': -34.410000000000004, 'applicable_threshold': 8.0, 'distance_to_threshold': 42.410000000000004, 'distance_to_threshold_pct': 530.125, 'formula': 'minimo: distance = threshold - actual; pct = distance / abs(threshold) * 100'}"
OZK,Bank OZK,finviz_prefilter,revenue_growth;eps_growth;eps_next_year,,price_min;market_cap_min;avg_volume_min;revenue_growth;eps_growth;eps_next_year;operating_margin;earnings_window,False,"{'revenue_growth_yoy': -3.82, 'eps_growth_yoy': -5.72, 'eps_next_year': 4.66, 'operating_margin': 32.35}",,Finviz via finvizfinance screener views,2026-09-01T23:30:26+02:00,2026-07-21,,42,NORMAL,
PAA,Plains All American Pipeline LP,finviz_prefilter,eps_growth;eps_next_year;operating_margin,,price_min;market_cap_min;avg_volume_min;revenue_growth;eps_growth;eps_next_year;operating_margin;earnings_window,False,"{'revenue_growth_yoy': 65.47, 'eps_growth_yoy': 9.8111, 'eps_next_year': 2.27, 'operating_margin': 2.78}",,Finviz via finvizfinance screener views,2026-09-01T23:30:26+02:00,2026-08-07,,25,NORMAL,
PAGP,Plains GP Holdings LP,finviz_prefilter,eps_growth;eps_next_year;operating_margin,,price_min;market_cap_min;avg_volume_min;revenue_growth;eps_growth;eps_next_year;operating_margin;earnings_window,False,"{'revenue_growth_yoy': 65.47, 'eps_growth_yoy': 11.9677, 'eps_next_year': -15.84, 'operating_margin': 2.83}",,Finviz via finvizfinance screener views,2026-09-01T23:30:26+02:00,2026-08-07,,25,NORMAL,
PANW,Palo Alto Networks Inc,finviz_prefilter,eps_growth;eps_next_year;operating_margin;earnings_window,,price_min;market_cap_min;avg_volume_min;revenue_growth;eps_growth;eps_next_year;operating_margin;earnings_window,False,"{'revenue_growth_yoy': 31.15, 'eps_growth_yoy': -1.5965, 'eps_next_year': 8.4, 'operating_margin': 7.39}",,Finviz via finvizfinance screener views,2026-09-01T23:30:26+02:00,2026-09-01,0,,PRE_EARNINGS_BLACKOUT,
PAYX,Paychex Inc,finviz_prefilter,revenue_growth;eps_next_year,,price_min;market_cap_min;avg_volume_min;revenue_growth;eps_growth;eps_next_year;operating_margin;earnings_window,False,"{'revenue_growth_yoy': 12.49, 'eps_growth_yoy': 43.14, 'eps_next_year': 7.51, 'operating_margin': 45.08}",,Finviz via finvizfinance screener views,2026-09-01T23:30:26+02:00,2026-06-24,,69,NORMAL,
PCAR,Paccar Inc,finviz_prefilter,revenue_growth;eps_growth,,price_min;market_cap_min;avg_volume_min;revenue_growth;eps_growth;eps_next_year;operating_margin;earnings_window,False,"{'revenue_growth_yoy': 0.5499999999999999, 'eps_growth_yoy': 3.7199999999999998, 'eps_next_year': 20.1, 'operating_margin': 10.37}",,Finviz via finvizfinance screener views,2026-09-01T23:30:26+02:00,2026-07-28,,35,NORMAL,
PCTY,Paylocity Holding Corp,finviz_prefilter,revenue_growth;eps_growth;eps_next_year,,price_min;market_cap_min;avg_volume_min;revenue_growth;eps_growth;eps_next_year;operating_margin;earnings_window,False,"{'revenue_growth_yoy': 10.979999999999999, 'eps_growth_yoy': 29.34, 'eps_next_year': 9.69, 'operating_margin': 22.14}",,Finviz via finvizfinance screener views,2026-09-01T23:30:26+02:00,2026-08-04,,28,NORMAL,
PECO,Phillips Edison & Company Inc,finviz_prefilter,revenue_growth;eps_growth;eps_next_year,,price_min;market_cap_min;avg_volume_min;revenue_growth;eps_growth;eps_next_year;operating_margin;earnings_window,False,"{'revenue_growth_yoy': 6.550000000000001, 'eps_growth_yoy': 2.5337, 'eps_next_year': -148.0, 'operating_margin': 28.910000000000004}",,Finviz via finvizfinance screener views,2026-09-01T23:30:26+02:00,2026-07-23,,40,NORMAL,
PEGA,Pegasystems Inc,finviz_prefilter,revenue_growth;eps_growth;eps_next_year,,price_min;market_cap_min;avg_volume_min;revenue_growth;eps_growth;eps_next_year;operating_margin;earnings_window,False,"{'revenue_growth_yoy': 9.42, 'eps_growth_yoy': -53.0, 'eps_next_year': 7.83, 'operating_margin': 11.32}",,Finviz via finvizfinance screener views,2026-09-01T23:30:26+02:00,2026-07-21,,42,NORMAL,
PENN,PENN Entertainment Inc,finviz_prefilter,revenue_growth;eps_growth;operating_margin,,price_min;market_cap_min;avg_volume_min;revenue_growth;eps_growth;eps_next_year;operating_margin;earnings_window,False,"{'revenue_growth_yoy': 5.24, 'eps_growth_yoy': 3.0856, 'eps_next_year': 71.69, 'operating_margin': 6.03}",,Finviz via finvizfinance screener views,2026-09-01T23:30:26+02:00,2026-08-06,,26,NORMAL,
PEP,PepsiCo Inc,finviz_prefilter,revenue_growth;eps_next_year,,price_min;market_cap_min;avg_volume_min;revenue_growth;eps_growth;eps_next_year;operating_margin;earnings_window,False,"{'revenue_growth_yoy': 6.41, 'eps_growth_yoy': 136.71, 'eps_next_year': 4.77, 'operating_margin': 15.55}",,Finviz via finvizfinance screener views,2026-09-01T23:30:26+02:00,2026-07-09,,54,NORMAL,
PFG,Principal Financial Group Inc,finviz_prefilter,revenue_growth;eps_growth;eps_next_year,,price_min;market_cap_min;avg_volume_min;revenue_growth;eps_growth;eps_next_year;operating_margin;earnings_window,False,"{'revenue_growth_yoy': 6.39, 'eps_growth_yoy': 2.85, 'eps_next_year': 8.65, 'operating_margin': 11.87}",,Finviz via finvizfinance screener views,2026-09-01T23:30:26+02:00,2026-07-27,,36,NORMAL,
PLTR,Palantir Technologies Inc,finviz_prefilter,eps_growth,,price_min;market_cap_min;avg_volume_min;revenue_growth;eps_growth;eps_next_year;operating_margin;earnings_window,False,"{'revenue_growth_yoy': 92.83, 'eps_growth_yoy': 2.2157, 'eps_next_year': 43.07, 'operating_margin': 42.8}",,Finviz via finvizfinance screener views,2026-09-01T23:30:26+02:00,2026-08-03,,29,NORMAL,"{'failed_gate': 'eps_growth', 'actual_value': 2.2157, 'applicable_threshold': 20.0, 'distance_to_threshold': 17.7843, 'distance_to_threshold_pct': 88.92150000000001, 'formula': 'minimo: distance = threshold - actual; pct = distance / abs(threshold) * 100'}"
PODD,Insulet Corp,finviz_prefilter,eps_growth,,price_min;market_cap_min;avg_volume_min;revenue_growth;eps_growth;eps_next_year;operating_margin;earnings_window,False,"{'revenue_growth_yoy': 23.51, 'eps_growth_yoy': 2.3476, 'eps_next_year': 18.65, 'operating_margin': 16.88}",,Finviz via finvizfinance screener views,2026-09-01T23:30:26+02:00,2026-08-05,,27,NORMAL,"{'failed_gate': 'eps_growth', 'actual_value': 2.3476, 'applicable_threshold': 30.0, 'distance_to_threshold': 27.6524, 'distance_to_threshold_pct': 92.17466666666667, 'formula': 'minimo: distance = threshold - actual; pct = distance / abs(threshold) * 100'}"
POOL,Pool Corp,finviz_prefilter,revenue_growth;eps_growth;eps_next_year,,price_min;market_cap_min;avg_volume_min;revenue_growth;eps_growth;eps_next_year;operating_margin;earnings_window,False,"{'revenue_growth_yoy': 2.15, 'eps_growth_yoy': 0.13999999999999999, 'eps_next_year': 7.64, 'operating_margin': 10.76}",,Finviz via finvizfinance screener views,2026-09-01T23:30:26+02:00,2026-07-23,,40,NORMAL,
POWI,Power Integrations Inc,finviz_prefilter,revenue_growth;eps_growth;operating_margin,,price_min;market_cap_min;avg_volume_min;revenue_growth;eps_growth;eps_next_year;operating_margin;earnings_window,False,"{'revenue_growth_yoy': 2.6599999999999997, 'eps_growth_yoy': 6.1358, 'eps_next_year': 32.86, 'operating_margin': 7.93}",,Finviz via finvizfinance screener views,2026-09-01T23:30:26+02:00,2026-08-05,,27,NORMAL,
PPC,Pilgrim's Pride Corp,finviz_prefilter,revenue_growth;eps_growth;operating_margin,,price_min;market_cap_min;avg_volume_min;revenue_growth;eps_growth;eps_next_year;operating_margin;earnings_window,False,"{'revenue_growth_yoy': -2.83, 'eps_growth_yoy': -96.24000000000001, 'eps_next_year': 19.37, 'operating_margin': 6.419999999999999}",,Finviz via finvizfinance screener views,2026-09-01T23:30:26+02:00,2026-07-29,,34,NORMAL,
PPLI,People Inc,finviz_prefilter,revenue_growth;eps_growth;eps_next_year;operating_margin,,price_min;market_cap_min;avg_volume_min;revenue_growth;eps_growth;eps_next_year;operating_margin;earnings_window,False,"{'revenue_growth_yoy': -25.590000000000003, 'eps_growth_yoy': 1.609, 'eps_next_year': -79.23, 'operating_margin': 0.9199999999999999}",,Finviz via finvizfinance screener views,2026-09-01T23:30:26+02:00,2026-08-03,,29,NORMAL,
PRVA,Privia Health Group Inc,finviz_prefilter,eps_growth;operating_margin,,price_min;market_cap_min;avg_volume_min;revenue_growth;eps_growth;eps_next_year;operating_margin;earnings_window,False,"{'revenue_growth_yoy': 21.39, 'eps_growth_yoy': 2.2823, 'eps_next_year': 61.99, 'operating_margin': 1.9}",,Finviz via finvizfinance screener views,2026-09-01T23:30:26+02:00,2026-08-06,,26,NORMAL,
PTC,PTC Inc,finviz_prefilter,revenue_growth;eps_growth;eps_next_year,,price_min;market_cap_min;avg_volume_min;revenue_growth;eps_growth;eps_next_year;operating_margin;earnings_window,False,"{'revenue_growth_yoy': -6.819999999999999, 'eps_growth_yoy': -11.940000000000001, 'eps_next_year': 8.77, 'operating_margin': 39.78}",,Finviz via finvizfinance screener views,2026-09-01T23:30:26+02:00,2026-07-29,,34,NORMAL,
PTCT,PTC Therapeutics Inc,finviz_prefilter,eps_growth,,price_min;market_cap_min;avg_volume_min;revenue_growth;eps_growth;eps_next_year;operating_margin;earnings_window,False,"{'revenue_growth_yoy': 101.55000000000001, 'eps_growth_yoy': 2.106, 'eps_next_year': 114.77, 'operating_margin': 11.57}",,Finviz via finvizfinance screener views,2026-09-01T23:30:26+02:00,2026-07-30,,33,NORMAL,"{'failed_gate': 'eps_growth', 'actual_value': 2.106, 'applicable_threshold': 20.0, 'distance_to_threshold': 17.894, 'distance_to_threshold_pct': 89.47, 'formula': 'minimo: distance = threshold - actual; pct = distance / abs(threshold) * 100'}"
PTRN,Pattern Group Inc,finviz_prefilter,operating_margin,,price_min;market_cap_min;avg_volume_min;revenue_growth;eps_growth;eps_next_year;operating_margin;earnings_window,False,"{'revenue_growth_yoy': 46.58, 'eps_growth_yoy': 62.529999999999994, 'eps_next_year': 25.35, 'operating_margin': 1.3599999999999999}",,Finviz via finvizfinance screener views,2026-09-01T23:30:26+02:00,2026-08-05,,27,NORMAL,"{'failed_gate': 'operating_margin', 'actual_value': 1.3599999999999999, 'applicable_threshold': 8.0, 'distance_to_threshold': 6.640000000000001, 'distance_to_threshold_pct': 83.0, 'formula': 'minimo: distance = threshold - actual; pct = distance / abs(threshold) * 100'}"
PYPL,PayPal Holdings Inc,finviz_prefilter,revenue_growth;eps_growth;eps_next_year,,price_min;market_cap_min;avg_volume_min;revenue_growth;eps_growth;eps_next_year;operating_margin;earnings_window,False,"{'revenue_growth_yoy': 3.8, 'eps_growth_yoy': -3.02, 'eps_next_year': 7.51, 'operating_margin': 18.94}",,Finviz via finvizfinance screener views,2026-09-01T23:30:26+02:00,2026-07-28,,35,NORMAL,
QBTS,D-Wave Quantum Inc,finviz_prefilter,revenue_growth;eps_next_year;operating_margin,,price_min;market_cap_min;avg_volume_min;revenue_growth;eps_growth;eps_next_year;operating_margin;earnings_window,False,"{'revenue_growth_yoy': -0.61, 'eps_growth_yoy': 76.6, 'eps_next_year': -27.25, 'operating_margin': -13.7288}",,Finviz via finvizfinance screener views,2026-09-01T23:30:26+02:00,2026-08-06,,26,NORMAL,
QCOM,Qualcomm Inc,finviz_prefilter,revenue_growth;eps_growth;eps_next_year,,price_min;market_cap_min;avg_volume_min;revenue_growth;eps_growth;eps_next_year;operating_margin;earnings_window,False,"{'revenue_growth_yoy': -4.03, 'eps_growth_yoy': -22.8, 'eps_next_year': -3.39, 'operating_margin': 23.5}",,Finviz via finvizfinance screener views,2026-09-01T23:30:26+02:00,2026-07-29,,34,NORMAL,
QLYS,Qualys Inc,finviz_prefilter,revenue_growth;eps_growth;eps_next_year,,price_min;market_cap_min;avg_volume_min;revenue_growth;eps_growth;eps_next_year;operating_margin;earnings_window,False,"{'revenue_growth_yoy': 11.92, 'eps_growth_yoy': 15.53, 'eps_next_year': 8.23, 'operating_margin': 35.04}",,Finviz via finvizfinance screener views,2026-09-01T23:30:26+02:00,2026-08-04,,28,NORMAL,
QRVO,Qorvo Inc,finviz_prefilter,revenue_growth;eps_growth;eps_next_year,,price_min;market_cap_min;avg_volume_min;revenue_growth;eps_growth;eps_next_year;operating_margin;earnings_window,False,"{'revenue_growth_yoy': -4.15, 'eps_growth_yoy': 2.5185, 'eps_next_year': 5.04, 'operating_margin': 18.17}",,Finviz via finvizfinance screener views,2026-09-01T23:30:26+02:00,2026-07-28,,35,NORMAL,
QURE,uniQure NV,finviz_prefilter,revenue_growth;eps_growth;operating_margin,,price_min;market_cap_min;avg_volume_min;revenue_growth;eps_growth;eps_next_year;operating_margin;earnings_window,False,"{'revenue_growth_yoy': 11.0, 'eps_growth_yoy': -77.81, 'eps_next_year': 23.77, 'operating_margin': -10.9318}",,Finviz via finvizfinance screener views,2026-09-01T23:30:26+02:00,2026-07-29,,34,NORMAL,
RARE,Ultragenyx Pharmaceutical Inc,finviz_prefilter,eps_growth;operating_margin,,price_min;market_cap_min;avg_volume_min;revenue_growth;eps_growth;eps_next_year;operating_margin;earnings_window,False,"{'revenue_growth_yoy': 28.53, 'eps_growth_yoy': 22.67, 'eps_next_year': 84.56, 'operating_margin': -73.77}",,Finviz via finvizfinance screener views,2026-09-01T23:30:26+02:00,2026-08-04,,28,NORMAL,
RDNT,Radnet Inc,finviz_prefilter,eps_growth;operating_margin,,price_min;market_cap_min;avg_volume_min;revenue_growth;eps_growth;eps_next_year;operating_margin;earnings_window,False,"{'revenue_growth_yoy': 24.990000000000002, 'eps_growth_yoy': -50.05, 'eps_next_year': 72.41, 'operating_margin': 4.63}",,Finviz via finvizfinance screener views,2026-09-01T23:30:26+02:00,2026-08-09,,23,NORMAL,
REG,Regency Centers Corp,finviz_prefilter,revenue_growth;eps_growth;eps_next_year,,price_min;market_cap_min;avg_volume_min;revenue_growth;eps_growth;eps_next_year;operating_margin;earnings_window,False,"{'revenue_growth_yoy': 8.6, 'eps_growth_yoy': 8.67, 'eps_next_year': 2.18, 'operating_margin': 37.269999999999996}",,Finviz via finvizfinance screener views,2026-09-01T23:30:26+02:00,2026-07-29,,34,NORMAL,
REGN,Regeneron Pharmaceuticals Inc,finviz_prefilter,revenue_growth;eps_growth;eps_next_year,,price_min;market_cap_min;avg_volume_min;revenue_growth;eps_growth;eps_next_year;operating_margin;earnings_window,False,"{'revenue_growth_yoy': 16.73, 'eps_growth_yoy': -4.52, 'eps_next_year': 12.24, 'operating_margin': 26.87}",,Finviz via finvizfinance screener views,2026-09-01T23:30:26+02:00,2026-07-30,,33,NORMAL,
RELY,Remitly Global Inc,finviz_prefilter,eps_next_year,,price_min;market_cap_min;avg_volume_min;revenue_growth;eps_growth;eps_next_year;operating_margin;earnings_window,False,"{'revenue_growth_yoy': 20.23, 'eps_growth_yoy': 30.2584, 'eps_next_year': -23.43, 'operating_margin': 10.36}",,Finviz via finvizfinance screener views,2026-09-01T23:30:26+02:00,2026-08-05,,27,NORMAL,"{'failed_gate': 'eps_next_year', 'actual_value': -23.43, 'applicable_threshold': 15.0, 'distance_to_threshold': 38.43, 'distance_to_threshold_pct': 256.2, 'formula': 'minimo: distance = threshold - actual; pct = distance / abs(threshold) * 100'}"
REYN,Reynolds Consumer Products Inc,finviz_prefilter,revenue_growth;eps_growth;eps_next_year,,price_min;market_cap_min;avg_volume_min;revenue_growth;eps_growth;eps_next_year;operating_margin;earnings_window,False,"{'revenue_growth_yoy': 0.64, 'eps_growth_yoy': 21.0, 'eps_next_year': 4.22, 'operating_margin': 14.13}",,Finviz via finvizfinance screener views,2026-09-01T23:30:26+02:00,2026-07-29,,34,NORMAL,
RGEN,Repligen Corp,finviz_prefilter,revenue_growth;eps_growth,,price_min;market_cap_min;avg_volume_min;revenue_growth;eps_growth;eps_next_year;operating_margin;earnings_window,False,"{'revenue_growth_yoy': 11.93, 'eps_growth_yoy': -66.4, 'eps_next_year': 27.2, 'operating_margin': 9.030000000000001}",,Finviz via finvizfinance screener views,2026-09-01T23:30:26+02:00,2026-07-28,,35,NORMAL,
RIOT,Riot Platforms Inc,finviz_prefilter,revenue_growth;eps_growth;operating_margin,,price_min;market_cap_min;avg_volume_min;revenue_growth;eps_growth;eps_next_year;operating_margin;earnings_window,False,"{'revenue_growth_yoy': 13.889999999999999, 'eps_growth_yoy': -2.1777, 'eps_next_year': 55.34, 'operating_margin': -74.16}",,Finviz via finvizfinance screener views,2026-09-01T23:30:26+02:00,2026-08-10,,22,NORMAL,
RIVN,Rivian Automotive Inc,finviz_prefilter,operating_margin,,price_min;market_cap_min;avg_volume_min;revenue_growth;eps_growth;eps_next_year;operating_margin;earnings_window,False,"{'revenue_growth_yoy': 27.24, 'eps_growth_yoy': 34.99, 'eps_next_year': 17.59, 'operating_margin': -60.050000000000004}",,Finviz via finvizfinance screener views,2026-09-01T23:30:26+02:00,2026-07-30,,33,NORMAL,"{'failed_gate': 'operating_margin', 'actual_value': -60.050000000000004, 'applicable_threshold': 8.0, 'distance_to_threshold': 68.05000000000001, 'distance_to_threshold_pct': 850.6250000000001, 'formula': 'minimo: distance = threshold - actual; pct = distance / abs(threshold) * 100'}"
RKLB,Rocket Lab Corp,finviz_prefilter,operating_margin,,price_min;market_cap_min;avg_volume_min;revenue_growth;eps_growth;eps_next_year;operating_margin;earnings_window,False,"{'revenue_growth_yoy': 61.99, 'eps_growth_yoy': 39.33, 'eps_next_year': 84.26, 'operating_margin': -29.060000000000002}",,Finviz via finvizfinance screener views,2026-09-01T23:30:26+02:00,2026-08-10,,22,NORMAL,"{'failed_gate': 'operating_margin', 'actual_value': -29.060000000000002, 'applicable_threshold': 8.0, 'distance_to_threshold': 37.06, 'distance_to_threshold_pct': 463.25, 'formula': 'minimo: distance = threshold - actual; pct = distance / abs(threshold) * 100'}"
RLAY,Relay Therapeutics Inc,finviz_prefilter,revenue_growth;eps_growth;eps_next_year;operating_margin,,price_min;market_cap_min;avg_volume_min;revenue_growth;eps_growth;eps_next_year;operating_margin;earnings_window,False,"{'revenue_growth_yoy': -48.3, 'eps_growth_yoy': -0.44, 'eps_next_year': -73.0, 'operating_margin': -29.9937}",,Finviz via finvizfinance screener views,2026-09-01T23:30:26+02:00,2026-08-06,,26,NORMAL,
RMBS,Rambus Inc,finviz_prefilter,eps_growth,,price_min;market_cap_min;avg_volume_min;revenue_growth;eps_growth;eps_next_year;operating_margin;earnings_window,False,"{'revenue_growth_yoy': 20.43, 'eps_growth_yoy': 15.129999999999999, 'eps_next_year': 23.6, 'operating_margin': 35.949999999999996}",,Finviz via finvizfinance screener views,2026-09-01T23:30:26+02:00,2026-07-27,,36,NORMAL,"{'failed_gate': 'eps_growth', 'actual_value': 15.129999999999999, 'applicable_threshold': 30.0, 'distance_to_threshold': 14.870000000000001, 'distance_to_threshold_pct': 49.56666666666667, 'formula': 'minimo: distance = threshold - actual; pct = distance / abs(threshold) * 100'}"
ROIV,Roivant Sciences Ltd,finviz_prefilter,revenue_growth;eps_growth;eps_next_year;operating_margin,,price_min;market_cap_min;avg_volume_min;revenue_growth;eps_growth;eps_next_year;operating_margin;earnings_window,False,"{'revenue_growth_yoy': -33.550000000000004, 'eps_growth_yoy': 19.77, 'eps_next_year': 5.43, 'operating_margin': -181.4612}",,Finviz via finvizfinance screener views,2026-09-01T23:30:26+02:00,2026-08-06,,26,NORMAL,
ROKU,Roku Inc,finviz_prefilter,eps_growth;operating_margin,,price_min;market_cap_min;avg_volume_min;revenue_growth;eps_growth;eps_next_year;operating_margin;earnings_window,False,"{'revenue_growth_yoy': 21.93, 'eps_growth_yoy': 14.4003, 'eps_next_year': 36.96, 'operating_margin': 5.25}",,Finviz via finvizfinance screener views,2026-09-01T23:30:26+02:00,2026-08-06,,26,NORMAL,
ROP,Roper Technologies Inc,finviz_prefilter,revenue_growth;eps_growth;eps_next_year,,price_min;market_cap_min;avg_volume_min;revenue_growth;eps_growth;eps_next_year;operating_margin;earnings_window,False,"{'revenue_growth_yoy': 8.5, 'eps_growth_yoy': 2.3284, 'eps_next_year': 9.53, 'operating_margin': 27.97}",,Finviz via finvizfinance screener views,2026-09-01T23:30:26+02:00,2026-07-23,,40,NORMAL,
ROST,Ross Stores Inc,finviz_prefilter,revenue_growth;eps_next_year,,price_min;market_cap_min;avg_volume_min;revenue_growth;eps_growth;eps_next_year;operating_margin;earnings_window,False,"{'revenue_growth_yoy': 13.309999999999999, 'eps_growth_yoy': 70.08, 'eps_next_year': 6.51, 'operating_margin': 13.750000000000002}",,Finviz via finvizfinance screener views,2026-09-01T23:30:26+02:00,2026-08-20,,12,PEAD_WINDOW,
RPRX,Royalty Pharma plc,finviz_prefilter,revenue_growth;eps_growth;eps_next_year,,price_min;market_cap_min;avg_volume_min;revenue_growth;eps_growth;eps_next_year;operating_margin;earnings_window,False,"{'revenue_growth_yoy': 16.5, 'eps_growth_yoy': -43.580000000000005, 'eps_next_year': 7.65, 'operating_margin': 62.33}",,Finviz via finvizfinance screener views,2026-09-01T23:30:26+02:00,2026-08-05,,27,NORMAL,
RUSHA,Rush Enterprises Inc,finviz_prefilter,revenue_growth;eps_growth;operating_margin,,price_min;market_cap_min;avg_volume_min;revenue_growth;eps_growth;eps_next_year;operating_margin;earnings_window,False,"{'revenue_growth_yoy': -1.6099999999999999, 'eps_growth_yoy': 0.79, 'eps_next_year': 23.54, 'operating_margin': 5.13}",,Finviz via finvizfinance screener views,2026-09-01T23:30:26+02:00,2026-07-28,,35,NORMAL,
RYTM,Rhythm Pharmaceuticals Inc,finviz_prefilter,eps_growth;operating_margin,,price_min;market_cap_min;avg_volume_min;revenue_growth;eps_growth;eps_next_year;operating_margin;earnings_window,False,"{'revenue_growth_yoy': 46.910000000000004, 'eps_growth_yoy': 2.55, 'eps_next_year': 77.88, 'operating_margin': -83.62}",,Finviz via finvizfinance screener views,2026-09-01T23:30:26+02:00,2026-08-04,,28,NORMAL,
SAIL,Sailpoint Inc,finviz_prefilter,operating_margin,,price_min;market_cap_min;avg_volume_min;revenue_growth;eps_growth;eps_next_year;operating_margin;earnings_window,False,"{'revenue_growth_yoy': 21.55, 'eps_growth_yoy': 65.12, 'eps_next_year': 24.23, 'operating_margin': -17.91}",,Finviz via finvizfinance screener views,2026-09-01T23:30:26+02:00,2026-09-09,8,,NORMAL,"{'failed_gate': 'operating_margin', 'actual_value': -17.91, 'applicable_threshold': 8.0, 'distance_to_threshold': 25.91, 'distance_to_threshold_pct': 323.875, 'formula': 'minimo: distance = threshold - actual; pct = distance / abs(threshold) * 100'}"
SANM,Sanmina Corp,finviz_prefilter,operating_margin,,price_min;market_cap_min;avg_volume_min;revenue_growth;eps_growth;eps_next_year;operating_margin;earnings_window,False,"{'revenue_growth_yoy': 69.67, 'eps_growth_yoy': 68.72, 'eps_next_year': 15.15, 'operating_margin': 5.489999999999999}",,Finviz via finvizfinance screener views,2026-09-01T23:30:26+02:00,2026-07-27,,36,NORMAL,"{'failed_gate': 'operating_margin', 'actual_value': 5.489999999999999, 'applicable_threshold': 8.0, 'distance_to_threshold': 2.5100000000000007, 'distance_to_threshold_pct': 31.375000000000007, 'formula': 'minimo: distance = threshold - actual; pct = distance / abs(threshold) * 100'}"
SBAC,SBA Communications Corp,finviz_prefilter,revenue_growth;eps_growth;eps_next_year,,price_min;market_cap_min;avg_volume_min;revenue_growth;eps_growth;eps_next_year;operating_margin;earnings_window,False,"{'revenue_growth_yoy': 2.33, 'eps_growth_yoy': -10.69, 'eps_next_year': 9.29, 'operating_margin': 53.7}",,Finviz via finvizfinance screener views,2026-09-01T23:30:26+02:00,2026-08-03,,29,NORMAL,
SBCF,Seacoast Banking Corp Of Florida,finviz_prefilter,eps_growth;eps_next_year,,price_min;market_cap_min;avg_volume_min;revenue_growth;eps_growth;eps_next_year;operating_margin;earnings_window,False,"{'revenue_growth_yoy': 30.009999999999998, 'eps_growth_yoy': 9.83, 'eps_next_year': 8.7, 'operating_margin': 24.52}",,Finviz via finvizfinance screener views,2026-09-01T23:30:26+02:00,2026-07-28,,35,NORMAL,
SBLK,Star Bulk Carriers Corp,finviz_prefilter,eps_next_year,,price_min;market_cap_min;avg_volume_min;revenue_growth;eps_growth;eps_next_year;operating_margin;earnings_window,False,"{'revenue_growth_yoy': 44.46, 'eps_growth_yoy': 4329.0, 'eps_next_year': -6.42, 'operating_margin': 27.839999999999996}",,Finviz via finvizfinance screener views,2026-09-01T23:30:26+02:00,2026-08-05,,27,NORMAL,"{'failed_gate': 'eps_next_year', 'actual_value': -6.42, 'applicable_threshold': 15.0, 'distance_to_threshold': 21.42, 'distance_to_threshold_pct': 142.8, 'formula': 'minimo: distance = threshold - actual; pct = distance / abs(threshold) * 100'}"
SBRA,Sabra Healthcare REIT Inc,finviz_prefilter,eps_growth,,price_min;market_cap_min;avg_volume_min;revenue_growth;eps_growth;eps_next_year;operating_margin;earnings_window,False,"{'revenue_growth_yoy': 25.2, 'eps_growth_yoy': -136.73, 'eps_next_year': 50.35, 'operating_margin': 18.8}",,Finviz via finvizfinance screener views,2026-09-01T23:30:26+02:00,2026-08-03,,29,NORMAL,"{'failed_gate': 'eps_growth', 'actual_value': -136.73, 'applicable_threshold': 30.0, 'distance_to_threshold': 166.73, 'distance_to_threshold_pct': 555.7666666666667, 'formula': 'minimo: distance = threshold - actual; pct = distance / abs(threshold) * 100'}"
SBUX,Starbucks Corp,finviz_prefilter,revenue_growth,,price_min;market_cap_min;avg_volume_min;revenue_growth;eps_growth;eps_next_year;operating_margin;earnings_window,False,"{'revenue_growth_yoy': -1.43, 'eps_growth_yoy': 86.59, 'eps_next_year': 20.62, 'operating_margin': 10.01}",,Finviz via finvizfinance screener views,2026-09-01T23:30:26+02:00,2026-07-29,,34,NORMAL,"{'failed_gate': 'revenue_growth', 'actual_value': -1.43, 'applicable_threshold': 20.0, 'distance_to_threshold': 21.43, 'distance_to_threshold_pct': 107.14999999999999, 'formula': 'minimo: distance = threshold - actual; pct = distance / abs(threshold) * 100'}"
SFD,Smithfield Foods Inc,finviz_prefilter,revenue_growth;eps_growth;eps_next_year,,price_min;market_cap_min;avg_volume_min;revenue_growth;eps_growth;eps_next_year;operating_margin;earnings_window,False,"{'revenue_growth_yoy': -3.7800000000000002, 'eps_growth_yoy': 25.759999999999998, 'eps_next_year': -135.0, 'operating_margin': 8.559999999999999}",,Finviz via finvizfinance screener views,2026-09-01T23:30:26+02:00,2026-08-11,,21,NORMAL,
SFM,Sprouts Farmers Market Inc,finviz_prefilter,revenue_growth;eps_growth;eps_next_year;operating_margin,,price_min;market_cap_min;avg_volume_min;revenue_growth;eps_growth;eps_next_year;operating_margin;earnings_window,False,"{'revenue_growth_yoy': 4.74, 'eps_growth_yoy': 1.09, 'eps_next_year': 7.14, 'operating_margin': 7.489999999999999}",,Finviz via finvizfinance screener views,2026-09-01T23:30:26+02:00,2026-07-29,,34,NORMAL,
SFNC,Simmons First National Corp,finviz_prefilter,revenue_growth;eps_growth;eps_next_year;operating_margin,,price_min;market_cap_min;avg_volume_min;revenue_growth;eps_growth;eps_next_year;operating_margin;earnings_window,False,"{'revenue_growth_yoy': -0.69, 'eps_growth_yoy': 5.91, 'eps_next_year': 7.77, 'operating_margin': -74.6}",,Finviz via finvizfinance screener views,2026-09-01T23:30:26+02:00,2026-07-16,,47,NORMAL,
SHC,Sotera Health Co,finviz_prefilter,revenue_growth;eps_growth;eps_next_year,,price_min;market_cap_min;avg_volume_min;revenue_growth;eps_growth;eps_next_year;operating_margin;earnings_window,False,"{'revenue_growth_yoy': 9.180000000000001, 'eps_growth_yoy': 5.6738, 'eps_next_year': 9.16, 'operating_margin': 36.9}",,Finviz via finvizfinance screener views,2026-09-01T23:30:26+02:00,2026-08-06,,26,NORMAL,
SHOO,Steven Madden Ltd,finviz_prefilter,revenue_growth;eps_growth,,price_min;market_cap_min;avg_volume_min;revenue_growth;eps_growth;eps_next_year;operating_margin;earnings_window,False,"{'revenue_growth_yoy': 19.12, 'eps_growth_yoy': 1.6898, 'eps_next_year': 26.6, 'operating_margin': 9.030000000000001}",,Finviz via finvizfinance screener views,2026-09-01T23:30:26+02:00,2026-07-30,,33,NORMAL,
SIRI,Sirius XM Holdings Inc,finviz_prefilter,revenue_growth;eps_growth;eps_next_year,,price_min;market_cap_min;avg_volume_min;revenue_growth;eps_growth;eps_next_year;operating_margin;earnings_window,False,"{'revenue_growth_yoy': 1.03, 'eps_growth_yoy': 23.51, 'eps_next_year': 8.98, 'operating_margin': 22.53}",,Finviz via finvizfinance screener views,2026-09-01T23:30:26+02:00,2026-07-30,,33,NORMAL,
SLDE,Slide Insurance Holdings Inc,finviz_prefilter,eps_next_year,,price_min;market_cap_min;avg_volume_min;revenue_growth;eps_growth;eps_next_year;operating_margin;earnings_window,False,"{'revenue_growth_yoy': 47.86, 'eps_growth_yoy': 90.44, 'eps_next_year': -148.0, 'operating_margin': 53.05}",,Finviz via finvizfinance screener views,2026-09-01T23:30:26+02:00,2026-07-28,,35,NORMAL,"{'failed_gate': 'eps_next_year', 'actual_value': -148.0, 'applicable_threshold': 15.0, 'distance_to_threshold': 163.0, 'distance_to_threshold_pct': 1086.6666666666667, 'formula': 'minimo: distance = threshold - actual; pct = distance / abs(threshold) * 100'}"
SLM,SLM Corp,finviz_prefilter,revenue_growth;eps_growth;eps_next_year,,price_min;market_cap_min;avg_volume_min;revenue_growth;eps_growth;eps_next_year;operating_margin;earnings_window,False,"{'revenue_growth_yoy': -2.76, 'eps_growth_yoy': -8.559999999999999, 'eps_next_year': 7.63, 'operating_margin': 42.43}",,Finviz via finvizfinance screener views,2026-09-01T23:30:26+02:00,2026-07-23,,40,NORMAL,
SMCI,Super Micro Computer Inc,finviz_prefilter,eps_growth;operating_margin,,price_min;market_cap_min;avg_volume_min;revenue_growth;eps_growth;eps_next_year;operating_margin;earnings_window,False,"{'revenue_growth_yoy': 93.16, 'eps_growth_yoy': 4.4549, 'eps_next_year': 23.27, 'operating_margin': 7.090000000000001}",,Finviz via finvizfinance screener views,2026-09-01T23:30:26+02:00,2026-08-11,,21,NORMAL,
SMTC,Semtech Corp,finviz_prefilter,eps_growth,,price_min;market_cap_min;avg_volume_min;revenue_growth;eps_growth;eps_next_year;operating_margin;earnings_window,False,"{'revenue_growth_yoy': 32.72, 'eps_growth_yoy': 6.0878, 'eps_next_year': 67.97, 'operating_margin': 12.35}",,Finviz via finvizfinance screener views,2026-09-01T23:30:26+02:00,2026-08-25,,7,PEAD_WINDOW,"{'failed_gate': 'eps_growth', 'actual_value': 6.0878, 'applicable_threshold': 30.0, 'distance_to_threshold': 23.9122, 'distance_to_threshold_pct': 79.70733333333332, 'formula': 'minimo: distance = threshold - actual; pct = distance / abs(threshold) * 100'}"
SNDK,Sandisk Corp,finviz_prefilter,revenue_growth,,price_min;market_cap_min;avg_volume_min;revenue_growth;eps_growth;eps_next_year;operating_margin;earnings_window,False,"{'revenue_growth_yoy': 3.7159, 'eps_growth_yoy': 280.1632, 'eps_next_year': 22.94, 'operating_margin': 61.58}",,Finviz via finvizfinance screener views,2026-09-01T23:30:26+02:00,2026-08-05,,27,NORMAL,"{'failed_gate': 'revenue_growth', 'actual_value': 3.7159, 'applicable_threshold': 20.0, 'distance_to_threshold': 16.2841, 'distance_to_threshold_pct': 81.42049999999999, 'formula': 'minimo: distance = threshold - actual; pct = distance / abs(threshold) * 100'}"
SNEX,StoneX Group Inc,finviz_prefilter,revenue_growth;eps_growth;operating_margin,,price_min;market_cap_min;avg_volume_min;revenue_growth;eps_growth;eps_next_year;operating_margin;earnings_window,False,"{'revenue_growth_yoy': 15.379999999999999, 'eps_growth_yoy': 22.57, 'eps_next_year': 137.0, 'operating_margin': 1.6500000000000001}",,Finviz via finvizfinance screener views,2026-09-01T23:30:26+02:00,2026-08-05,,27,NORMAL,
SOLS,Solstice Advanced Materials Inc,finviz_prefilter,revenue_growth;eps_growth,,price_min;market_cap_min;avg_volume_min;revenue_growth;eps_growth;eps_next_year;operating_margin;earnings_window,False,"{'revenue_growth_yoy': 11.129999999999999, 'eps_growth_yoy': 22.15, 'eps_next_year': 16.14, 'operating_margin': 16.900000000000002}",,Finviz via finvizfinance screener views,2026-09-01T23:30:26+02:00,2026-07-30,,33,NORMAL,
SRPT,Sarepta Therapeutics Inc,finviz_prefilter,revenue_growth;eps_growth;eps_next_year;operating_margin,,price_min;market_cap_min;avg_volume_min;revenue_growth;eps_growth;eps_next_year;operating_margin;earnings_window,False,"{'revenue_growth_yoy': -34.339999999999996, 'eps_growth_yoy': -102.46, 'eps_next_year': -77.07, 'operating_margin': -3.15}",,Finviz via finvizfinance screener views,2026-09-01T23:30:26+02:00,2026-08-05,,27,NORMAL,
SSNC,SS&C Technologies Holdings Inc,finviz_prefilter,revenue_growth;eps_next_year,,price_min;market_cap_min;avg_volume_min;revenue_growth;eps_growth;eps_next_year;operating_margin;earnings_window,False,"{'revenue_growth_yoy': 10.34, 'eps_growth_yoy': 35.33, 'eps_next_year': 9.55, 'operating_margin': 24.36}",,Finviz via finvizfinance screener views,2026-09-01T23:30:26+02:00,2026-07-23,,40,NORMAL,
SSRM,SSR Mining Inc,finviz_prefilter,revenue_growth;eps_growth;eps_next_year,,price_min;market_cap_min;avg_volume_min;revenue_growth;eps_growth;eps_next_year;operating_margin;earnings_window,False,"{'revenue_growth_yoy': 9.46, 'eps_growth_yoy': 11.129999999999999, 'eps_next_year': 13.06, 'operating_margin': 42.3}",,Finviz via finvizfinance screener views,2026-09-01T23:30:26+02:00,2026-08-04,,28,NORMAL,
STEP,StepStone Group Inc,finviz_prefilter,revenue_growth;eps_growth;operating_margin,,price_min;market_cap_min;avg_volume_min;revenue_growth;eps_growth;eps_next_year;operating_margin;earnings_window,False,"{'revenue_growth_yoy': 13.200000000000001, 'eps_growth_yoy': -1.8616, 'eps_next_year': 37.32, 'operating_margin': -53.39}",,Finviz via finvizfinance screener views,2026-09-01T23:30:26+02:00,2026-08-06,,26,NORMAL,
STLD,Steel Dynamics Inc,finviz_prefilter,eps_next_year,,price_min;market_cap_min;avg_volume_min;revenue_growth;eps_growth;eps_next_year;operating_margin;earnings_window,False,"{'revenue_growth_yoy': 33.44, 'eps_growth_yoy': 84.19, 'eps_next_year': 14.98, 'operating_margin': 10.01}",,Finviz via finvizfinance screener views,2026-09-01T23:30:26+02:00,2026-07-20,,43,NORMAL,"{'failed_gate': 'eps_next_year', 'actual_value': 14.98, 'applicable_threshold': 15.0, 'distance_to_threshold': 0.019999999999999574, 'distance_to_threshold_pct': 0.1333333333333305, 'formula': 'minimo: distance = threshold - actual; pct = distance / abs(threshold) * 100'}"
SUPN,Supernus Pharmaceuticals Inc,finviz_prefilter,eps_growth;operating_margin,,price_min;market_cap_min;avg_volume_min;revenue_growth;eps_growth;eps_next_year;operating_margin;earnings_window,False,"{'revenue_growth_yoy': 32.4, 'eps_growth_yoy': -3.5307, 'eps_next_year': 73.88, 'operating_margin': -7.7299999999999995}",,Finviz via finvizfinance screener views,2026-09-01T23:30:26+02:00,2026-08-03,,29,NORMAL,
SWKS,Skyworks Solutions Inc,finviz_prefilter,revenue_growth;eps_growth;eps_next_year,,price_min;market_cap_min;avg_volume_min;revenue_growth;eps_growth;eps_next_year;operating_margin;earnings_window,False,"{'revenue_growth_yoy': -3.1300000000000003, 'eps_growth_yoy': -67.95, 'eps_next_year': -1.57, 'operating_margin': 8.7}",,Finviz via finvizfinance screener views,2026-09-01T23:30:26+02:00,2026-07-28,,35,NORMAL,
SYM,Symbotic Inc,finviz_prefilter,eps_growth;operating_margin,,price_min;market_cap_min;avg_volume_min;revenue_growth;eps_growth;eps_next_year;operating_margin;earnings_window,False,"{'revenue_growth_yoy': 21.740000000000002, 'eps_growth_yoy': 2.6162, 'eps_next_year': 35.77, 'operating_margin': 1.43}",,Finviz via finvizfinance screener views,2026-09-01T23:30:26+02:00,2026-08-05,,27,NORMAL,
SYNA,Synaptics Inc,finviz_prefilter,revenue_growth;eps_growth;operating_margin,,price_min;market_cap_min;avg_volume_min;revenue_growth;eps_growth;eps_next_year;operating_margin;earnings_window,False,"{'revenue_growth_yoy': 8.91, 'eps_growth_yoy': -93.6708, 'eps_next_year': 25.53, 'operating_margin': -2.93}",,Finviz via finvizfinance screener views,2026-09-01T23:30:26+02:00,2026-08-06,,26,NORMAL,
TARS,Tarsus Pharmaceuticals Inc,finviz_prefilter,eps_growth;operating_margin,,price_min;market_cap_min;avg_volume_min;revenue_growth;eps_growth;eps_next_year;operating_margin;earnings_window,False,"{'revenue_growth_yoy': 69.41000000000001, 'eps_growth_yoy': 10.97, 'eps_next_year': 162.34, 'operating_margin': -8.0}",,Finviz via finvizfinance screener views,2026-09-01T23:30:26+02:00,2026-08-06,,26,NORMAL,
TEAM,Atlassian Corp,finviz_prefilter,eps_growth;operating_margin,,price_min;market_cap_min;avg_volume_min;revenue_growth;eps_growth;eps_next_year;operating_margin;earnings_window,False,"{'revenue_growth_yoy': 27.6, 'eps_growth_yoy': 7.0374, 'eps_next_year': 21.62, 'operating_margin': 4.22}",,Finviz via finvizfinance screener views,2026-09-01T23:30:26+02:00,2026-08-06,,26,NORMAL,
TECH,Bio-Techne Corp,finviz_prefilter,revenue_growth;eps_growth;eps_next_year,,price_min;market_cap_min;avg_volume_min;revenue_growth;eps_growth;eps_next_year;operating_margin;earnings_window,False,"{'revenue_growth_yoy': 1.3299999999999998, 'eps_growth_yoy': 4.0446, 'eps_next_year': 13.85, 'operating_margin': 22.42}",,Finviz via finvizfinance screener views,2026-09-01T23:30:26+02:00,2026-08-12,,20,NORMAL,
TEM,Tempus AI Inc,finviz_prefilter,operating_margin,,price_min;market_cap_min;avg_volume_min;revenue_growth;eps_growth;eps_next_year;operating_margin;earnings_window,False,"{'revenue_growth_yoy': 21.560000000000002, 'eps_growth_yoy': 112.51, 'eps_next_year': 113.46, 'operating_margin': -18.92}",,Finviz via finvizfinance screener views,2026-09-01T23:30:26+02:00,2026-07-30,,33,NORMAL,"{'failed_gate': 'operating_margin', 'actual_value': -18.92, 'applicable_threshold': 8.0, 'distance_to_threshold': 26.92, 'distance_to_threshold_pct': 336.5, 'formula': 'minimo: distance = threshold - actual; pct = distance / abs(threshold) * 100'}"
TENB,Tenable Holdings Inc,finviz_prefilter,revenue_growth;eps_next_year;operating_margin,,price_min;market_cap_min;avg_volume_min;revenue_growth;eps_growth;eps_next_year;operating_margin;earnings_window,False,"{'revenue_growth_yoy': 8.58, 'eps_growth_yoy': 127.47, 'eps_next_year': 9.86, 'operating_margin': 4.2}",,Finviz via finvizfinance screener views,2026-09-01T23:30:26+02:00,2026-07-29,,34,NORMAL,
TER,Teradyne Inc,finviz_prefilter,eps_growth,,price_min;market_cap_min;avg_volume_min;revenue_growth;eps_growth;eps_next_year;operating_margin;earnings_window,False,"{'revenue_growth_yoy': 103.99000000000001, 'eps_growth_yoy': 3.8531, 'eps_next_year': 27.62, 'operating_margin': 30.880000000000003}",,Finviz via finvizfinance screener views,2026-09-01T23:30:26+02:00,2026-07-28,,35,NORMAL,"{'failed_gate': 'eps_growth', 'actual_value': 3.8531, 'applicable_threshold': 20.0, 'distance_to_threshold': 16.1469, 'distance_to_threshold_pct': 80.7345, 'formula': 'minimo: distance = threshold - actual; pct = distance / abs(threshold) * 100'}"
TFSL,TFS Financial Corp,finviz_prefilter,revenue_growth;eps_next_year,,price_min;market_cap_min;avg_volume_min;revenue_growth;eps_growth;eps_next_year;operating_margin;earnings_window,False,"{'revenue_growth_yoy': 5.8999999999999995, 'eps_growth_yoy': 44.18, 'eps_next_year': 8.33, 'operating_margin': 15.659999999999998}",,Finviz via finvizfinance screener views,2026-09-01T23:30:26+02:00,2026-07-30,,33,NORMAL,
TGTX,TG Therapeutics Inc,finviz_prefilter,eps_growth,,price_min;market_cap_min;avg_volume_min;revenue_growth;eps_growth;eps_next_year;operating_margin;earnings_window,False,"{'revenue_growth_yoy': 70.27, 'eps_growth_yoy': -71.45, 'eps_next_year': 185.24, 'operating_margin': 17.05}",,Finviz via finvizfinance screener views,2026-09-01T23:30:26+02:00,2026-08-03,,29,NORMAL,"{'failed_gate': 'eps_growth', 'actual_value': -71.45, 'applicable_threshold': 20.0, 'distance_to_threshold': 91.45, 'distance_to_threshold_pct': 457.25, 'formula': 'minimo: distance = threshold - actual; pct = distance / abs(threshold) * 100'}"
TIGO,Millicom International Cellular SA,finviz_prefilter,eps_growth,,price_min;market_cap_min;avg_volume_min;revenue_growth;eps_growth;eps_next_year;operating_margin;earnings_window,False,"{'revenue_growth_yoy': 58.81999999999999, 'eps_growth_yoy': -83.91, 'eps_next_year': 49.51, 'operating_margin': 23.01}",,Finviz via finvizfinance screener views,2026-09-01T23:30:26+02:00,2026-08-06,,26,NORMAL,"{'failed_gate': 'eps_growth', 'actual_value': -83.91, 'applicable_threshold': 20.0, 'distance_to_threshold': 103.91, 'distance_to_threshold_pct': 519.55, 'formula': 'minimo: distance = threshold - actual; pct = distance / abs(threshold) * 100'}"
TLN,Talen Energy Corp,finviz_prefilter,revenue_growth;eps_growth,,price_min;market_cap_min;avg_volume_min;revenue_growth;eps_growth;eps_next_year;operating_margin;earnings_window,False,"{'revenue_growth_yoy': 3.2300000000000004, 'eps_growth_yoy': -2.3335, 'eps_next_year': 48.37, 'operating_margin': 31.09}",,Finviz via finvizfinance screener views,2026-09-01T23:30:26+02:00,2026-08-05,,27,NORMAL,
TMDX,Transmedics Group Inc,finviz_prefilter,eps_growth,,price_min;market_cap_min;avg_volume_min;revenue_growth;eps_growth;eps_next_year;operating_margin;earnings_window,False,"{'revenue_growth_yoy': 20.7, 'eps_growth_yoy': -55.84, 'eps_next_year': 53.71, 'operating_margin': 12.21}",,Finviz via finvizfinance screener views,2026-09-01T23:30:26+02:00,2026-08-04,,28,NORMAL,"{'failed_gate': 'eps_growth', 'actual_value': -55.84, 'applicable_threshold': 30.0, 'distance_to_threshold': 85.84, 'distance_to_threshold_pct': 286.1333333333333, 'formula': 'minimo: distance = threshold - actual; pct = distance / abs(threshold) * 100'}"
TMUS,T-Mobile US Inc,finviz_prefilter,revenue_growth;eps_growth,,price_min;market_cap_min;avg_volume_min;revenue_growth;eps_growth;eps_next_year;operating_margin;earnings_window,False,"{'revenue_growth_yoy': 7.85, 'eps_growth_yoy': 5.4, 'eps_next_year': 27.43, 'operating_margin': 21.17}",,Finviz via finvizfinance screener views,2026-09-01T23:30:26+02:00,2026-07-23,,40,NORMAL,
TNGX,Tango Therapeutics Inc,finviz_prefilter,revenue_growth;eps_growth;eps_next_year;operating_margin,,price_min;market_cap_min;avg_volume_min;revenue_growth;eps_growth;eps_next_year;operating_margin;earnings_window,False,"{'revenue_growth_yoy': -100.0, 'eps_growth_yoy': -5.04, 'eps_next_year': -18.0, 'operating_margin': -2.5338}",,Finviz via finvizfinance screener views,2026-09-01T23:30:26+02:00,2026-08-11,,21,NORMAL,
TPG,TPG Inc,finviz_prefilter,eps_growth,,price_min;market_cap_min;avg_volume_min;revenue_growth;eps_growth;eps_next_year;operating_margin;earnings_window,False,"{'revenue_growth_yoy': 99.00999999999999, 'eps_growth_yoy': 8.3283, 'eps_next_year': 26.83, 'operating_margin': 15.36}",,Finviz via finvizfinance screener views,2026-09-01T23:30:26+02:00,2026-08-04,,28,NORMAL,"{'failed_gate': 'eps_growth', 'actual_value': 8.3283, 'applicable_threshold': 20.0, 'distance_to_threshold': 11.6717, 'distance_to_threshold_pct': 58.3585, 'formula': 'minimo: distance = threshold - actual; pct = distance / abs(threshold) * 100'}"
TRI,Thomson-Reuters Corp,finviz_prefilter,revenue_growth;eps_next_year,,price_min;market_cap_min;avg_volume_min;revenue_growth;eps_growth;eps_next_year;operating_margin;earnings_window,False,"{'revenue_growth_yoy': 9.47, 'eps_growth_yoy': 47.38, 'eps_next_year': 14.33, 'operating_margin': 26.85}",,Finviz via finvizfinance screener views,2026-09-01T23:30:26+02:00,2026-08-05,,27,NORMAL,
TRMB,Trimble Inc,finviz_prefilter,revenue_growth;eps_growth;eps_next_year,,price_min;market_cap_min;avg_volume_min;revenue_growth;eps_growth;eps_next_year;operating_margin;earnings_window,False,"{'revenue_growth_yoy': 11.0, 'eps_growth_yoy': -6.4378, 'eps_next_year': 12.37, 'operating_margin': 18.67}",,Finviz via finvizfinance screener views,2026-09-01T23:30:26+02:00,2026-08-12,,20,NORMAL,
TROW,T. Rowe Price Group Inc,finviz_prefilter,revenue_growth;eps_growth,,price_min;market_cap_min;avg_volume_min;revenue_growth;eps_growth;eps_next_year;operating_margin;earnings_window,False,"{'revenue_growth_yoy': 10.68, 'eps_growth_yoy': 28.62, 'eps_next_year': 43.0, 'operating_margin': 36.93}",,Finviz via finvizfinance screener views,2026-09-01T23:30:26+02:00,2026-07-31,,32,NORMAL,
TSCO,Tractor Supply Co,finviz_prefilter,revenue_growth;eps_growth;eps_next_year,,price_min;market_cap_min;avg_volume_min;revenue_growth;eps_growth;eps_next_year;operating_margin;earnings_window,False,"{'revenue_growth_yoy': 2.29, 'eps_growth_yoy': -14.899999999999999, 'eps_next_year': 5.79, 'operating_margin': 8.91}",,Finviz via finvizfinance screener views,2026-09-01T23:30:26+02:00,2026-07-23,,40,NORMAL,
TSLA,Tesla Inc,finviz_prefilter,eps_growth;operating_margin,,price_min;market_cap_min;avg_volume_min;revenue_growth;eps_growth;eps_next_year;operating_margin;earnings_window,False,"{'revenue_growth_yoy': 25.52, 'eps_growth_yoy': -5.5, 'eps_next_year': 33.03, 'operating_margin': 4.61}",,Finviz via finvizfinance screener views,2026-09-01T23:30:26+02:00,2026-07-22,,41,NORMAL,
TTAN,ServiceTitan Inc,finviz_prefilter,operating_margin;earnings_window,,price_min;market_cap_min;avg_volume_min;revenue_growth;eps_growth;eps_next_year;operating_margin;earnings_window,False,"{'revenue_growth_yoy': 24.63, 'eps_growth_yoy': 53.2, 'eps_next_year': 25.18, 'operating_margin': -13.94}",,Finviz via finvizfinance screener views,2026-09-01T23:30:26+02:00,2026-09-08,7,,PRE_EARNINGS_BLACKOUT,
TTEK,Tetra Tech Inc,finviz_prefilter,revenue_growth;eps_growth;eps_next_year,,price_min;market_cap_min;avg_volume_min;revenue_growth;eps_growth;eps_next_year;operating_margin;earnings_window,False,"{'revenue_growth_yoy': -4.47, 'eps_growth_yoy': -1.8599999999999999, 'eps_next_year': 10.19, 'operating_margin': 11.73}",,Finviz via finvizfinance screener views,2026-09-01T23:30:26+02:00,2026-07-29,,34,NORMAL,
TTWO,Take-Two Interactive Software Inc,finviz_prefilter,revenue_growth;eps_growth;operating_margin,,price_min;market_cap_min;avg_volume_min;revenue_growth;eps_growth;eps_next_year;operating_margin;earnings_window,False,"{'revenue_growth_yoy': 2.0, 'eps_growth_yoy': -1.7827, 'eps_next_year': 48.85, 'operating_margin': -0.96}",,Finviz via finvizfinance screener views,2026-09-01T23:30:26+02:00,2026-08-07,,25,NORMAL,
TVTX,Travere Therapeutics Inc,finviz_prefilter,eps_growth;operating_margin,,price_min;market_cap_min;avg_volume_min;revenue_growth;eps_growth;eps_next_year;operating_margin;earnings_window,False,"{'revenue_growth_yoy': 48.17, 'eps_growth_yoy': -1.5955, 'eps_next_year': 9888.53, 'operating_margin': -6.84}",,Finviz via finvizfinance screener views,2026-09-01T23:30:26+02:00,2026-08-04,,28,NORMAL,
TW,Tradeweb Markets Inc,finviz_prefilter,revenue_growth;eps_growth;eps_next_year,,price_min;market_cap_min;avg_volume_min;revenue_growth;eps_growth;eps_next_year;operating_margin;earnings_window,False,"{'revenue_growth_yoy': 8.959999999999999, 'eps_growth_yoy': 19.18, 'eps_next_year': 13.59, 'operating_margin': 43.61}",,Finviz via finvizfinance screener views,2026-09-01T23:30:26+02:00,2026-07-30,,33,NORMAL,
TWST,Twist Bioscience Corp,finviz_prefilter,eps_growth;operating_margin,,price_min;market_cap_min;avg_volume_min;revenue_growth;eps_growth;eps_next_year;operating_margin;earnings_window,False,"{'revenue_growth_yoy': 23.24, 'eps_growth_yoy': -2.6848, 'eps_next_year': 35.08, 'operating_margin': -31.91}",,Finviz via finvizfinance screener views,2026-09-01T23:30:26+02:00,2026-08-03,,29,NORMAL,
TXG,10x Genomics Inc,finviz_prefilter,revenue_growth;eps_growth;eps_next_year;operating_margin,,price_min;market_cap_min;avg_volume_min;revenue_growth;eps_growth;eps_next_year;operating_margin;earnings_window,False,"{'revenue_growth_yoy': -12.65, 'eps_growth_yoy': -149.75, 'eps_next_year': 3.63, 'operating_margin': -14.12}",,Finviz via finvizfinance screener views,2026-09-01T23:30:26+02:00,2026-08-06,,26,NORMAL,
TXRH,Texas Roadhouse Inc,finviz_prefilter,revenue_growth;eps_growth,,price_min;market_cap_min;avg_volume_min;revenue_growth;eps_growth;eps_next_year;operating_margin;earnings_window,False,"{'revenue_growth_yoy': 11.110000000000001, 'eps_growth_yoy': -0.72, 'eps_next_year': 18.12, 'operating_margin': 8.24}",,Finviz via finvizfinance screener views,2026-09-01T23:30:26+02:00,2026-08-06,,26,NORMAL,
UAL,United Airlines Holdings Inc,finviz_prefilter,revenue_growth;eps_growth;operating_margin,,price_min;market_cap_min;avg_volume_min;revenue_growth;eps_growth;eps_next_year;operating_margin;earnings_window,False,"{'revenue_growth_yoy': 15.989999999999998, 'eps_growth_yoy': -17.11, 'eps_next_year': 48.06, 'operating_margin': 6.77}",,Finviz via finvizfinance screener views,2026-09-01T23:30:26+02:00,2026-07-15,,48,NORMAL,
UBSI,United Bankshares Inc,finviz_prefilter,revenue_growth;eps_growth;eps_next_year,,price_min;market_cap_min;avg_volume_min;revenue_growth;eps_growth;eps_next_year;operating_margin;earnings_window,False,"{'revenue_growth_yoy': 0.9199999999999999, 'eps_growth_yoy': 12.11, 'eps_next_year': 4.04, 'operating_margin': 35.0}",,Finviz via finvizfinance screener views,2026-09-01T23:30:26+02:00,2026-07-23,,40,NORMAL,
UCTT,Ultra Clean Hldgs Inc,finviz_prefilter,operating_margin,,price_min;market_cap_min;avg_volume_min;revenue_growth;eps_growth;eps_next_year;operating_margin;earnings_window,False,"{'revenue_growth_yoy': 24.310000000000002, 'eps_growth_yoy': 105.25999999999999, 'eps_next_year': 106.91, 'operating_margin': 2.8400000000000003}",,Finviz via finvizfinance screener views,2026-09-01T23:30:26+02:00,2026-08-03,,29,NORMAL,"{'failed_gate': 'operating_margin', 'actual_value': 2.8400000000000003, 'applicable_threshold': 8.0, 'distance_to_threshold': 5.16, 'distance_to_threshold_pct': 64.5, 'formula': 'minimo: distance = threshold - actual; pct = distance / abs(threshold) * 100'}"
ULTA,Ulta Beauty Inc,finviz_prefilter,revenue_growth;eps_growth;eps_next_year,,price_min;market_cap_min;avg_volume_min;revenue_growth;eps_growth;eps_next_year;operating_margin;earnings_window,False,"{'revenue_growth_yoy': 8.870000000000001, 'eps_growth_yoy': 13.25, 'eps_next_year': 10.79, 'operating_margin': 12.6}",,Finviz via finvizfinance screener views,2026-09-01T23:30:26+02:00,2026-08-27,,5,PEAD_WINDOW,
UPST,Upstart Holdings Inc,finviz_prefilter,eps_growth;operating_margin,,price_min;market_cap_min;avg_volume_min;revenue_growth;eps_growth;eps_next_year;operating_margin;earnings_window,False,"{'revenue_growth_yoy': 41.75, 'eps_growth_yoy': 1.855, 'eps_next_year': 163.44, 'operating_margin': 3.9899999999999998}",,Finviz via finvizfinance screener views,2026-09-01T23:30:26+02:00,2026-08-04,,28,NORMAL,
URBN,Urban Outfitters Inc,finviz_prefilter,revenue_growth;eps_next_year,,price_min;market_cap_min;avg_volume_min;revenue_growth;eps_growth;eps_next_year;operating_margin;earnings_window,False,"{'revenue_growth_yoy': 10.440000000000001, 'eps_growth_yoy': 76.17, 'eps_next_year': 9.12, 'operating_margin': 11.33}",,Finviz via finvizfinance screener views,2026-09-01T23:30:26+02:00,2026-08-26,,6,PEAD_WINDOW,
URGN,UroGen Pharma Ltd,finviz_prefilter,revenue_growth;operating_margin,,price_min;market_cap_min;avg_volume_min;revenue_growth;eps_growth;eps_next_year;operating_margin;earnings_window,False,"{'revenue_growth_yoy': 1.9922, 'eps_growth_yoy': 72.78, 'eps_next_year': 1223.7, 'operating_margin': -35.32}",,Finviz via finvizfinance screener views,2026-09-01T23:30:26+02:00,2026-08-05,,27,NORMAL,
USAR,USA Rare Earth Inc,finviz_prefilter,operating_margin,revenue_growth;eps_growth,price_min;market_cap_min;avg_volume_min;eps_next_year;operating_margin;earnings_window,False,"{'revenue_growth_yoy': None, 'eps_growth_yoy': 96.87, 'eps_next_year': 83.38, 'operating_margin': -9.4948}",,Finviz via finvizfinance screener views,2026-09-01T23:30:26+02:00,2026-08-10,,22,NORMAL,"{'failed_gate': 'operating_margin', 'actual_value': -9.4948, 'applicable_threshold': 8.0, 'distance_to_threshold': 17.494799999999998, 'distance_to_threshold_pct': 218.68499999999997, 'formula': 'minimo: distance = threshold - actual; pct = distance / abs(threshold) * 100'}"
VCYT,Veracyte Inc,finviz_prefilter,revenue_growth;eps_growth;eps_next_year,,price_min;market_cap_min;avg_volume_min;revenue_growth;eps_growth;eps_next_year;operating_margin;earnings_window,False,"{'revenue_growth_yoy': 15.49, 'eps_growth_yoy': 25.848, 'eps_next_year': 2.14, 'operating_margin': 17.22}",,Finviz via finvizfinance screener views,2026-09-01T23:30:26+02:00,2026-07-30,,33,NORMAL,
VECO,Veeco Instruments Inc,finviz_prefilter,revenue_growth;eps_growth;operating_margin,,price_min;market_cap_min;avg_volume_min;revenue_growth;eps_growth;eps_next_year;operating_margin;earnings_window,False,"{'revenue_growth_yoy': 16.48, 'eps_growth_yoy': -9.8, 'eps_next_year': 111.2, 'operating_margin': 4.26}",,Finviz via finvizfinance screener views,2026-09-01T23:30:26+02:00,2026-08-05,,27,NORMAL,
VIAV,Viavi Solutions Inc,finviz_prefilter,eps_growth,,price_min;market_cap_min;avg_volume_min;revenue_growth;eps_growth;eps_next_year;operating_margin;earnings_window,False,"{'revenue_growth_yoy': 52.53, 'eps_growth_yoy': 2.5597, 'eps_next_year': 18.59, 'operating_margin': 10.97}",,Finviz via finvizfinance screener views,2026-09-01T23:30:26+02:00,2026-08-05,,27,NORMAL,"{'failed_gate': 'eps_growth', 'actual_value': 2.5597, 'applicable_threshold': 20.0, 'distance_to_threshold': 17.4403, 'distance_to_threshold_pct': 87.2015, 'formula': 'minimo: distance = threshold - actual; pct = distance / abs(threshold) * 100'}"
VICR,Vicor Corp,finviz_prefilter,eps_growth,,price_min;market_cap_min;avg_volume_min;revenue_growth;eps_growth;eps_next_year;operating_margin;earnings_window,False,"{'revenue_growth_yoy': 49.25, 'eps_growth_yoy': 14.17, 'eps_next_year': 73.22, 'operating_margin': 18.64}",,Finviz via finvizfinance screener views,2026-09-01T23:30:26+02:00,2026-07-21,,42,NORMAL,"{'failed_gate': 'eps_growth', 'actual_value': 14.17, 'applicable_threshold': 20.0, 'distance_to_threshold': 5.83, 'distance_to_threshold_pct': 29.15, 'formula': 'minimo: distance = threshold - actual; pct = distance / abs(threshold) * 100'}"
VNOM,Viper Energy Inc,finviz_prefilter,eps_growth;eps_next_year,,price_min;market_cap_min;avg_volume_min;revenue_growth;eps_growth;eps_next_year;operating_margin;earnings_window,False,"{'revenue_growth_yoy': 129.26999999999998, 'eps_growth_yoy': 1.5799, 'eps_next_year': -7.45, 'operating_margin': 48.86}",,Finviz via finvizfinance screener views,2026-09-01T23:30:26+02:00,2026-08-03,,29,NORMAL,
VRDN,Viridian Therapeutics Inc,finviz_prefilter,revenue_growth;eps_growth;operating_margin,,price_min;market_cap_min;avg_volume_min;revenue_growth;eps_growth;eps_next_year;operating_margin;earnings_window,False,"{'revenue_growth_yoy': 2.7867, 'eps_growth_yoy': 4.5600000000000005, 'eps_next_year': 34.08, 'operating_margin': -5.6968}",,Finviz via finvizfinance screener views,2026-09-01T23:30:26+02:00,2026-08-06,,26,NORMAL,
VRNS,Varonis Systems Inc,finviz_prefilter,revenue_growth;eps_growth;operating_margin,,price_min;market_cap_min;avg_volume_min;revenue_growth;eps_growth;eps_next_year;operating_margin;earnings_window,False,"{'revenue_growth_yoy': 18.84, 'eps_growth_yoy': -27.529999999999998, 'eps_next_year': 178.96, 'operating_margin': -24.01}",,Finviz via finvizfinance screener views,2026-09-01T23:30:26+02:00,2026-07-28,,35,NORMAL,
VRSK,Verisk Analytics Inc,finviz_prefilter,revenue_growth;eps_growth;eps_next_year,,price_min;market_cap_min;avg_volume_min;revenue_growth;eps_growth;eps_next_year;operating_margin;earnings_window,False,"{'revenue_growth_yoy': 4.36, 'eps_growth_yoy': -3.2099999999999995, 'eps_next_year': 12.67, 'operating_margin': 44.81}",,Finviz via finvizfinance screener views,2026-09-01T23:30:26+02:00,2026-07-29,,34,NORMAL,
VRSN,Verisign Inc,finviz_prefilter,revenue_growth;eps_growth;eps_next_year,,price_min;market_cap_min;avg_volume_min;revenue_growth;eps_growth;eps_next_year;operating_margin;earnings_window,False,"{'revenue_growth_yoy': 6.03, 'eps_growth_yoy': 7.71, 'eps_next_year': 13.42, 'operating_margin': 67.86}",,Finviz via finvizfinance screener views,2026-09-01T23:30:26+02:00,2026-07-23,,40,NORMAL,
VRTX,Vertex Pharmaceuticals Inc,finviz_prefilter,revenue_growth;eps_growth;eps_next_year,,price_min;market_cap_min;avg_volume_min;revenue_growth;eps_growth;eps_next_year;operating_margin;earnings_window,False,"{'revenue_growth_yoy': 11.99, 'eps_growth_yoy': 8.02, 'eps_next_year': 13.73, 'operating_margin': 39.54}",,Finviz via finvizfinance screener views,2026-09-01T23:30:26+02:00,2026-08-03,,29,NORMAL,
VSAT,Viasat Inc,finviz_prefilter,revenue_growth;eps_growth;eps_next_year;operating_margin,,price_min;market_cap_min;avg_volume_min;revenue_growth;eps_growth;eps_next_year;operating_margin;earnings_window,False,"{'revenue_growth_yoy': -1.24, 'eps_growth_yoy': 12.030000000000001, 'eps_next_year': -149.0, 'operating_margin': 2.35}",,Finviz via finvizfinance screener views,2026-09-01T23:30:26+02:00,2026-08-04,,28,NORMAL,
VSNT,Versant Media Group Inc,finviz_prefilter,revenue_growth;eps_growth,,price_min;market_cap_min;avg_volume_min;revenue_growth;eps_growth;eps_next_year;operating_margin;earnings_window,False,"{'revenue_growth_yoy': -3.75, 'eps_growth_yoy': -28.54, 'eps_next_year': 63.29, 'operating_margin': 19.29}",,Finviz via finvizfinance screener views,2026-09-01T23:30:26+02:00,2026-08-06,,26,NORMAL,
VTRS,Viatris Inc,finviz_prefilter,revenue_growth;eps_growth;eps_next_year,,price_min;market_cap_min;avg_volume_min;revenue_growth;eps_growth;eps_next_year;operating_margin;earnings_window,False,"{'revenue_growth_yoy': 5.050000000000001, 'eps_growth_yoy': -25.1795, 'eps_next_year': 7.02, 'operating_margin': 9.69}",,Finviz via finvizfinance screener views,2026-09-01T23:30:26+02:00,2026-08-06,,26,NORMAL,
WAY,Waystar Holding Corp,finviz_prefilter,revenue_growth;eps_growth;eps_next_year,,price_min;market_cap_min;avg_volume_min;revenue_growth;eps_growth;eps_next_year;operating_margin;earnings_window,False,"{'revenue_growth_yoy': 18.11, 'eps_growth_yoy': 18.57, 'eps_next_year': 12.48, 'operating_margin': 25.36}",,Finviz via finvizfinance screener views,2026-09-01T23:30:26+02:00,2026-07-29,,34,NORMAL,
WBD,Warner Bros. Discovery Inc,finviz_prefilter,revenue_growth;eps_growth;operating_margin,,price_min;market_cap_min;avg_volume_min;revenue_growth;eps_growth;eps_next_year;operating_margin;earnings_window,False,"{'revenue_growth_yoy': -11.07, 'eps_growth_yoy': -90.84, 'eps_next_year': 101.21, 'operating_margin': 7.000000000000001}",,Finviz via finvizfinance screener views,2026-09-01T23:30:26+02:00,2026-08-06,,26,NORMAL,
WDAY,Workday Inc,finviz_prefilter,revenue_growth;eps_growth,,price_min;market_cap_min;avg_volume_min;revenue_growth;eps_growth;eps_next_year;operating_margin;earnings_window,False,"{'revenue_growth_yoy': 13.29, 'eps_growth_yoy': 2.0405, 'eps_next_year': 19.53, 'operating_margin': 12.64}",,Finviz via finvizfinance screener views,2026-09-01T23:30:26+02:00,2026-08-27,,5,PEAD_WINDOW,
WDC,Western Digital Corp,finviz_prefilter,eps_growth,,price_min;market_cap_min;avg_volume_min;revenue_growth;eps_growth;eps_next_year;operating_margin;earnings_window,False,"{'revenue_growth_yoy': 43.84, 'eps_growth_yoy': 9.8072, 'eps_next_year': 60.11, 'operating_margin': 35.58}",,Finviz via finvizfinance screener views,2026-09-01T23:30:26+02:00,2026-08-05,,27,NORMAL,"{'failed_gate': 'eps_growth', 'actual_value': 9.8072, 'applicable_threshold': 20.0, 'distance_to_threshold': 10.1928, 'distance_to_threshold_pct': 50.964, 'formula': 'minimo: distance = threshold - actual; pct = distance / abs(threshold) * 100'}"
WERN,Werner Enterprises Inc,finviz_prefilter,eps_growth;operating_margin,,price_min;market_cap_min;avg_volume_min;revenue_growth;eps_growth;eps_next_year;operating_margin;earnings_window,False,"{'revenue_growth_yoy': 24.0, 'eps_growth_yoy': -85.41, 'eps_next_year': 95.8, 'operating_margin': 0.7000000000000001}",,Finviz via finvizfinance screener views,2026-09-01T23:30:26+02:00,2026-07-28,,35,NORMAL,
WFRD,Weatherford International plc,finviz_prefilter,revenue_growth;eps_growth,,price_min;market_cap_min;avg_volume_min;revenue_growth;eps_growth;eps_next_year;operating_margin;earnings_window,False,"{'revenue_growth_yoy': -8.219999999999999, 'eps_growth_yoy': -71.24000000000001, 'eps_next_year': 37.89, 'operating_margin': 14.42}",,Finviz via finvizfinance screener views,2026-09-01T23:30:26+02:00,2026-07-21,,42,NORMAL,
WGS,GeneDx Holdings Corp,finviz_prefilter,revenue_growth;eps_growth;operating_margin,,price_min;market_cap_min;avg_volume_min;revenue_growth;eps_growth;eps_next_year;operating_margin;earnings_window,False,"{'revenue_growth_yoy': 11.44, 'eps_growth_yoy': -2.6435, 'eps_next_year': 1068.75, 'operating_margin': -12.49}",,Finviz via finvizfinance screener views,2026-09-01T23:30:26+02:00,2026-08-03,,29,NORMAL,
WING,Wingstop Inc,finviz_prefilter,revenue_growth;eps_growth,,price_min;market_cap_min;avg_volume_min;revenue_growth;eps_growth;eps_next_year;operating_margin;earnings_window,False,"{'revenue_growth_yoy': 6.4399999999999995, 'eps_growth_yoy': 20.11, 'eps_next_year': 20.77, 'operating_margin': 28.77}",,Finviz via finvizfinance screener views,2026-09-01T23:30:26+02:00,2026-07-29,,34,NORMAL,
WIX,Wix.com Ltd,finviz_prefilter,revenue_growth;eps_growth;operating_margin,,price_min;market_cap_min;avg_volume_min;revenue_growth;eps_growth;eps_next_year;operating_margin;earnings_window,False,"{'revenue_growth_yoy': 14.93, 'eps_growth_yoy': -2.8372, 'eps_next_year': 51.76, 'operating_margin': -3.1399999999999997}",,Finviz via finvizfinance screener views,2026-09-01T23:30:26+02:00,2026-08-04,,28,NORMAL,
WMG,Warner Music Group Corp,finviz_prefilter,revenue_growth;eps_growth,,price_min;market_cap_min;avg_volume_min;revenue_growth;eps_growth;eps_next_year;operating_margin;earnings_window,False,"{'revenue_growth_yoy': 10.36, 'eps_growth_yoy': 13.4853, 'eps_next_year': 20.79, 'operating_margin': 18.77}",,Finviz via finvizfinance screener views,2026-09-01T23:30:26+02:00,2026-08-05,,27,NORMAL,
WMT,Walmart Inc,finviz_prefilter,revenue_growth;eps_growth;eps_next_year;operating_margin,,price_min;market_cap_min;avg_volume_min;revenue_growth;eps_growth;eps_next_year;operating_margin;earnings_window,False,"{'revenue_growth_yoy': 5.94, 'eps_growth_yoy': -8.97, 'eps_next_year': 11.71, 'operating_margin': 4.390000000000001}",,Finviz via finvizfinance screener views,2026-09-01T23:30:26+02:00,2026-08-20,,12,PEAD_WINDOW,
WSBC,Wesbanco Inc,finviz_prefilter,revenue_growth;eps_next_year,,price_min;market_cap_min;avg_volume_min;revenue_growth;eps_growth;eps_next_year;operating_margin;earnings_window,False,"{'revenue_growth_yoy': 1.24, 'eps_growth_yoy': 59.650000000000006, 'eps_next_year': 8.05, 'operating_margin': 30.669999999999998}",,Finviz via finvizfinance screener views,2026-09-01T23:30:26+02:00,2026-07-21,,42,NORMAL,
WSC,WillScot Holdings Corp,finviz_prefilter,revenue_growth;eps_growth,,price_min;market_cap_min;avg_volume_min;revenue_growth;eps_growth;eps_next_year;operating_margin;earnings_window,False,"{'revenue_growth_yoy': 3.92, 'eps_growth_yoy': -1.11, 'eps_next_year': 16.28, 'operating_margin': 20.549999999999997}",,Finviz via finvizfinance screener views,2026-09-01T23:30:26+02:00,2026-08-06,,26,NORMAL,
WYNN,Wynn Resorts Ltd,finviz_prefilter,revenue_growth;eps_next_year,,price_min;market_cap_min;avg_volume_min;revenue_growth;eps_growth;eps_next_year;operating_margin;earnings_window,False,"{'revenue_growth_yoy': 6.859999999999999, 'eps_growth_yoy': 106.71, 'eps_next_year': 7.78, 'operating_margin': 16.3}",,Finviz via finvizfinance screener views,2026-09-01T23:30:26+02:00,2026-08-04,,28,NORMAL,
XE,X-Energy Inc,finviz_prefilter,eps_next_year,revenue_growth;eps_growth;operating_margin,price_min;market_cap_min;avg_volume_min;eps_next_year;earnings_window,False,"{'revenue_growth_yoy': None, 'eps_growth_yoy': None, 'eps_next_year': 12.94, 'operating_margin': None}",,Finviz via finvizfinance screener views,2026-09-01T23:30:26+02:00,2026-08-13,,19,NORMAL,"{'failed_gate': 'eps_next_year', 'actual_value': 12.94, 'applicable_threshold': 15.0, 'distance_to_threshold': 2.0600000000000005, 'distance_to_threshold_pct': 13.733333333333336, 'formula': 'minimo: distance = threshold - actual; pct = distance / abs(threshold) * 100'}"
XEL,Xcel Energy Inc,finviz_prefilter,revenue_growth;eps_growth;eps_next_year,,price_min;market_cap_min;avg_volume_min;revenue_growth;eps_growth;eps_next_year;operating_margin;earnings_window,False,"{'revenue_growth_yoy': -4.9399999999999995, 'eps_growth_yoy': 23.77, 'eps_next_year': 10.6, 'operating_margin': 21.16}",,Finviz via finvizfinance screener views,2026-09-01T23:30:26+02:00,2026-07-30,,33,NORMAL,
XMTR,Xometry Inc,finviz_prefilter,operating_margin,,price_min;market_cap_min;avg_volume_min;revenue_growth;eps_growth;eps_next_year;operating_margin;earnings_window,False,"{'revenue_growth_yoy': 41.05, 'eps_growth_yoy': 81.2, 'eps_next_year': 83.45, 'operating_margin': -3.7600000000000002}",,Finviz via finvizfinance screener views,2026-09-01T23:30:26+02:00,2026-08-04,,28,NORMAL,"{'failed_gate': 'operating_margin', 'actual_value': -3.7600000000000002, 'applicable_threshold': 8.0, 'distance_to_threshold': 11.76, 'distance_to_threshold_pct': 147.0, 'formula': 'minimo: distance = threshold - actual; pct = distance / abs(threshold) * 100'}"
XNCR,Xencor Inc,finviz_prefilter,revenue_growth;eps_next_year;operating_margin,,price_min;market_cap_min;avg_volume_min;revenue_growth;eps_growth;eps_next_year;operating_margin;earnings_window,False,"{'revenue_growth_yoy': 17.46, 'eps_growth_yoy': 30.990000000000002, 'eps_next_year': -7.56, 'operating_margin': -2.0584}",,Finviz via finvizfinance screener views,2026-09-01T23:30:26+02:00,2026-08-05,,27,NORMAL,
XP,XP Inc,finviz_prefilter,eps_growth;eps_next_year,,price_min;market_cap_min;avg_volume_min;revenue_growth;eps_growth;eps_next_year;operating_margin;earnings_window,False,"{'revenue_growth_yoy': 20.82, 'eps_growth_yoy': 21.83, 'eps_next_year': 13.64, 'operating_margin': 31.869999999999997}",,Finviz via finvizfinance screener views,2026-09-01T23:30:26+02:00,2026-08-17,,15,PEAD_WINDOW,
Z,Zillow Group Inc,finviz_prefilter,revenue_growth;eps_growth;operating_margin,,price_min;market_cap_min;avg_volume_min;revenue_growth;eps_growth;eps_next_year;operating_margin;earnings_window,False,"{'revenue_growth_yoy': 17.86, 'eps_growth_yoy': -3.2, 'eps_next_year': 28.88, 'operating_margin': 1.78}",,Finviz via finvizfinance screener views,2026-09-01T23:30:26+02:00,2026-08-05,,27,NORMAL,
ZBIO,Zenas Biopharma Inc,finviz_prefilter,eps_next_year;operating_margin,revenue_growth;eps_growth,price_min;market_cap_min;avg_volume_min;eps_next_year;operating_margin;earnings_window,False,"{'revenue_growth_yoy': None, 'eps_growth_yoy': -41.57, 'eps_next_year': 10.88, 'operating_margin': -273.901}",,Finviz via finvizfinance screener views,2026-09-01T23:30:26+02:00,2026-08-13,,19,NORMAL,
ZBRA,Zebra Technologies Corp,finviz_prefilter,revenue_growth;eps_next_year,,price_min;market_cap_min;avg_volume_min;revenue_growth;eps_growth;eps_next_year;operating_margin;earnings_window,False,"{'revenue_growth_yoy': 19.07, 'eps_growth_yoy': 121.66, 'eps_next_year': 5.09, 'operating_margin': 17.16}",,Finviz via finvizfinance screener views,2026-09-01T23:30:26+02:00,2026-08-04,,28,NORMAL,
ZG,Zillow Group Inc,finviz_prefilter,revenue_growth;eps_growth;operating_margin,,price_min;market_cap_min;avg_volume_min;revenue_growth;eps_growth;eps_next_year;operating_margin;earnings_window,False,"{'revenue_growth_yoy': 17.86, 'eps_growth_yoy': -3.2, 'eps_next_year': 29.63, 'operating_margin': 1.78}",,Finviz via finvizfinance screener views,2026-09-01T23:30:26+02:00,2026-08-05,,27,NORMAL,
ZION,Zions Bancorporation N.A,finviz_prefilter,revenue_growth;eps_next_year,,price_min;market_cap_min;avg_volume_min;revenue_growth;eps_growth;eps_next_year;operating_margin;earnings_window,False,"{'revenue_growth_yoy': 19.1, 'eps_growth_yoy': 86.9, 'eps_next_year': -14.23, 'operating_margin': 29.060000000000002}",,Finviz via finvizfinance screener views,2026-09-01T23:30:26+02:00,2026-07-20,,43,NORMAL,
ZM,Zoom Communications Inc,finviz_prefilter,revenue_growth;eps_growth;eps_next_year,,price_min;market_cap_min;avg_volume_min;revenue_growth;eps_growth;eps_next_year;operating_margin;earnings_window,False,"{'revenue_growth_yoy': 4.93, 'eps_growth_yoy': 3.4231, 'eps_next_year': 3.49, 'operating_margin': 23.73}",,Finviz via finvizfinance screener views,2026-09-01T23:30:26+02:00,2026-08-25,,7,PEAD_WINDOW,
ZS,Zscaler Inc,finviz_prefilter,eps_growth;eps_next_year;operating_margin;earnings_window,,price_min;market_cap_min;avg_volume_min;revenue_growth;eps_growth;eps_next_year;operating_margin;earnings_window,False,"{'revenue_growth_yoy': 25.430000000000003, 'eps_growth_yoy': -2.2481, 'eps_next_year': 11.14, 'operating_margin': -4.47}",,Finviz via finvizfinance screener views,2026-09-01T23:30:26+02:00,2026-09-03,2,,PRE_EARNINGS_BLACKOUT,
AEIS,Advanced Energy Industries Inc,tradingview_gates,price_above_sma50;sma50_above_sma150;ema21_above_ema50;within_25pct_52w_high;rsi14;performance_21d;market_regime_allows_new_entries,,price_min;market_cap_min;avg_volume_min;price_above_sma50;sma50_above_sma150;sma150_above_sma200;ema21_above_ema50;within_25pct_52w_high;rsi14;atr_pct;rvol20_data_available;performance_21d;distance_resistance_hard;no_extended_move_10d;revenue_growth;eps_growth;eps_next_year;operating_margin;earnings_window;market_regime_allows_new_entries,True,"{'price': 267, 'price_tv': 267, 'price_finviz': 267.0, 'sma50': 309.0375, 'sma150': 323.45356666666663, 'sma200': 298.02412499999997, 'ema21': 294.3426852865535, 'ema50': 306.4805463697878, 'rsi14': 38.964014101491244, 'atr14': 17.665746583971785, 'atr_pct': 6.616384488378946, 'rvol20': 0.7279040552266067, 'performance_21d_pct': -9.912949591740327, 'distance_52w_high_pct': 32.820048309178745, 'distance_resistance_pct': 45.98876404494383, 'move_10d_pct': -15.084438507775976, 'structural_trend_pass': False}",pattern;previous_revenue_growth_yoy;shares_change_6m_pct,TradingView MCP + Finviz via finvizfinance screener views,2026-09-01T23:31:01+02:00,2026-08-03,,29,NORMAL,
AMAT,Applied Materials Inc,tradingview_gates,price_above_sma50;ema21_above_ema50;within_25pct_52w_high;rsi14;performance_21d;market_regime_allows_new_entries,,price_min;market_cap_min;avg_volume_min;price_above_sma50;sma50_above_sma150;sma150_above_sma200;ema21_above_ema50;within_25pct_52w_high;rsi14;atr_pct;rvol20_data_available;performance_21d;distance_resistance_hard;no_extended_move_10d;revenue_growth;eps_growth;eps_next_year;operating_margin;earnings_window;market_regime_allows_new_entries,True,"{'price': 441.85, 'price_tv': 441.85, 'price_finviz': 441.85, 'sma50': 543.9938, 'sma150': 448.1078, 'sma200': 403.80725, 'ema21': 495.33996037663746, 'ema50': 510.94089194256026, 'rsi14': 34.013285234978596, 'atr14': 25.73192046763466, 'atr_pct': 5.823677824518424, 'rvol20': 0.9824170371214732, 'performance_21d_pct': -14.7353389552498, 'distance_52w_high_pct': 40.263901469574265, 'distance_resistance_pct': 67.40296480706121, 'move_10d_pct': -14.092119845235551, 'structural_trend_pass': False}",pattern;previous_revenue_growth_yoy;shares_change_6m_pct,TradingView MCP + Finviz via finvizfinance screener views,2026-09-01T23:31:15+02:00,2026-08-13,,19,NORMAL,
AMLX,Amylyx Pharmaceuticals Inc,tradingview_gates,performance_21d;market_regime_allows_new_entries,revenue_growth;eps_growth;operating_margin,price_min;market_cap_min;avg_volume_min;price_above_sma50;sma50_above_sma150;sma150_above_sma200;ema21_above_ema50;within_25pct_52w_high;rsi14;atr_pct;rvol20_data_available;performance_21d;distance_resistance_hard;no_extended_move_10d;eps_next_year;earnings_window;market_regime_allows_new_entries,True,"{'price': 33.81, 'price_tv': 33.81, 'price_finviz': 33.81, 'sma50': 23.191599999999998, 'sma150': 17.5876, 'sma200': 16.5512, 'ema21': 30.954742965422465, 'ema50': 25.281614755518497, 'rsi14': 63.378044876109605, 'atr14': 2.252763803042012, 'atr_pct': 6.663010360964246, 'rvol20': 0.46163174786124056, 'performance_21d_pct': 67.62518591968269, 'distance_52w_high_pct': 17.81720952843947, 'distance_resistance_pct': 21.679976338361424, 'move_10d_pct': -3.7026488180005646, 'structural_trend_pass': True}",gross_margin;operating_margin;pattern;previous_revenue_growth_yoy;revenue_growth_yoy;shares_change_6m_pct,TradingView MCP + Finviz via finvizfinance screener views,2026-09-01T23:31:29+02:00,2026-08-06,,26,NORMAL,
APP,Applovin Corp,tradingview_gates,price_above_sma50;sma50_above_sma150;sma150_above_sma200;ema21_above_ema50;within_25pct_52w_high;rsi14;performance_21d;market_regime_allows_new_entries,,price_min;market_cap_min;avg_volume_min;price_above_sma50;sma50_above_sma150;sma150_above_sma200;ema21_above_ema50;within_25pct_52w_high;rsi14;atr_pct;rvol20_data_available;performance_21d;distance_resistance_hard;no_extended_move_10d;revenue_growth;eps_growth;eps_next_year;operating_margin;earnings_window;market_regime_allows_new_entries,True,"{'price': 311.74, 'price_tv': 311.74, 'price_finviz': 311.74, 'sma50': 402.0812, 'sma150': 443.54140000000007, 'sma200': 489.54152500000004, 'ema21': 331.9384809148278, 'ema50': 381.5454873005634, 'rsi14': 35.995939980157615, 'atr14': 17.40936794223955, 'atr_pct': 5.584579438711603, 'rvol20': 0.5957680029651532, 'performance_21d_pct': -23.246996257632457, 'distance_52w_high_pct': 58.18993843966685, 'distance_resistance_pct': 90.86418168986977, 'move_10d_pct': 1.458048558224312, 'structural_trend_pass': False}",pattern;previous_revenue_growth_yoy;shares_change_6m_pct,TradingView MCP + Finviz via finvizfinance screener views,2026-09-01T23:31:44+02:00,2026-08-05,,27,NORMAL,
ARXS,Arxis Inc,tradingview_gates,market_regime_allows_new_entries,price_above_sma50;sma50_above_sma150;sma150_above_sma200;ema21_above_ema50;within_25pct_52w_high;rsi14;atr_pct;rvol20_data_available;performance_21d;distance_resistance_hard;no_extended_move_10d;revenue_growth;eps_growth;operating_margin,price_min;market_cap_min;avg_volume_min;eps_next_year;earnings_window;market_regime_allows_new_entries,False,"{'price': None, 'price_tv': None, 'price_finviz': 51.31, 'sma50': None, 'sma150': None, 'sma200': None, 'ema21': None, 'ema50': None, 'rsi14': None, 'atr14': None, 'atr_pct': None, 'rvol20': None, 'performance_21d_pct': None, 'distance_52w_high_pct': None, 'distance_resistance_pct': None, 'move_10d_pct': None, 'structural_trend_pass': False}",atr14;atr_pct;distance_52w_high_pct;distance_resistance_pct;ema21;ema50;eps_growth_yoy;gross_margin;move_10d_pct;operating_margin;pattern;performance_21d_pct;previous_revenue_growth_yoy;price;price_tv;resistance;revenue_growth_yoy;rsi14;rvol20;shares_change_6m_pct;sma150;sma200;sma50;week52_high,TradingView MCP + Finviz via finvizfinance screener views,2026-09-01T23:31:49+02:00,2026-07-29,,34,NORMAL,
ASML,ASML Holding NV,tradingview_gates,price_above_sma50;rsi14;market_regime_allows_new_entries,,price_min;market_cap_min;avg_volume_min;price_above_sma50;sma50_above_sma150;sma150_above_sma200;ema21_above_ema50;within_25pct_52w_high;rsi14;atr_pct;rvol20_data_available;performance_21d;distance_resistance_hard;no_extended_move_10d;revenue_growth;eps_growth;eps_next_year;operating_margin;earnings_window;market_regime_allows_new_entries,True,"{'price': 1665.14, 'price_tv': 1665.14, 'price_finviz': 1665.14, 'sma50': 1758.2556, 'sma150': 1579.7843333333333, 'sma200': 1470.5492249999998, 'ema21': 1738.4572065042462, 'ema50': 1730.637434559933, 'rsi14': 40.07950925022755, 'atr14': 55.344160113032004, 'atr_pct': 3.3236941105872178, 'rvol20': 0.7839985109029717, 'performance_21d_pct': 1.3771521807953713, 'distance_52w_high_pct': 16.74133482669653, 'distance_resistance_pct': 20.10761857861801, 'move_10d_pct': -7.645120855472598, 'structural_trend_pass': False}",pattern;previous_revenue_growth_yoy;shares_change_6m_pct,TradingView MCP + Finviz via finvizfinance screener views,2026-09-01T23:32:03+02:00,2026-07-15,,48,NORMAL,
AUGO,Aura Minerals Inc,tradingview_gates,sma50_above_sma150;within_25pct_52w_high;rsi14;performance_21d;market_regime_allows_new_entries,,price_min;market_cap_min;avg_volume_min;price_above_sma50;sma50_above_sma150;sma150_above_sma200;ema21_above_ema50;within_25pct_52w_high;rsi14;atr_pct;rvol20_data_available;performance_21d;distance_resistance_hard;no_extended_move_10d;revenue_growth;eps_growth;eps_next_year;operating_margin;earnings_window;market_regime_allows_new_entries,True,"{'price': 79.045, 'price_tv': 79.045, 'price_finviz': 79.04, 'sma50': 66.8711, 'sma150': 74.14526666666667, 'sma200': 67.78855, 'ema21': 78.89446764672563, 'ema50': 72.58876252976621, 'rsi14': 53.621826245643696, 'atr14': 4.55936034013673, 'atr_pct': 5.768056600843482, 'rvol20': 1.0597959928317948, 'performance_21d_pct': 39.6308072778661, 'distance_52w_high_pct': 28.34999682743992, 'distance_resistance_pct': 14.668859510405463, 'move_10d_pct': 3.67917103882478, 'structural_trend_pass': False}",pattern;previous_revenue_growth_yoy;shares_change_6m_pct,TradingView MCP + Finviz via finvizfinance screener views,2026-09-01T23:32:08+02:00,2026-08-05,,27,NORMAL,
BLLN,Billiontoone Inc,tradingview_gates,price_above_sma50;sma150_above_sma200;ema21_above_ema50;within_25pct_52w_high;rsi14;performance_21d;market_regime_allows_new_entries,,price_min;market_cap_min;avg_volume_min;price_above_sma50;sma50_above_sma150;sma150_above_sma200;ema21_above_ema50;within_25pct_52w_high;rsi14;atr_pct;rvol20_data_available;performance_21d;distance_resistance_hard;no_extended_move_10d;revenue_growth;eps_growth;eps_next_year;operating_margin;earnings_window;market_regime_allows_new_entries,True,"{'price': 92.32, 'price_tv': 92.32, 'price_finviz': 92.32, 'sma50': 114.3459, 'sma150': 94.35483333333333, 'sma200': 95.12780000000001, 'ema21': 100.30958915227322, 'ema50': 105.71853823864616, 'rsi14': 39.332031519725945, 'atr14': 6.386795324202326, 'atr_pct': 6.918105853772016, 'rvol20': 0.5171140059503981, 'performance_21d_pct': -32.770171861345766, 'distance_52w_high_pct': 38.63334219622441, 'distance_resistance_pct': 62.95493934142116, 'move_10d_pct': 4.921013751562686, 'structural_trend_pass': False}",pattern;previous_revenue_growth_yoy;shares_change_6m_pct,TradingView MCP + Finviz via finvizfinance screener views,2026-09-01T23:32:23+02:00,2026-08-05,,27,NORMAL,
BSP,Bending Spoons S.p.A,tradingview_gates,market_regime_allows_new_entries,price_above_sma50;sma50_above_sma150;sma150_above_sma200;ema21_above_ema50;within_25pct_52w_high;rsi14;atr_pct;rvol20_data_available;performance_21d;distance_resistance_hard;no_extended_move_10d;revenue_growth;eps_growth;operating_margin,price_min;market_cap_min;avg_volume_min;eps_next_year;earnings_window;market_regime_allows_new_entries,False,"{'price': None, 'price_tv': None, 'price_finviz': 40.5, 'sma50': None, 'sma150': None, 'sma200': None, 'ema21': None, 'ema50': None, 'rsi14': None, 'atr14': None, 'atr_pct': None, 'rvol20': None, 'performance_21d_pct': None, 'distance_52w_high_pct': None, 'distance_resistance_pct': None, 'move_10d_pct': None, 'structural_trend_pass': False}",atr14;atr_pct;distance_52w_high_pct;distance_resistance_pct;ema21;ema50;eps_growth_yoy;gross_margin;move_10d_pct;operating_margin;pattern;performance_21d_pct;previous_revenue_growth_yoy;price;price_tv;resistance;revenue_growth_yoy;rsi14;rvol20;shares_change_6m_pct;sma150;sma200;sma50;week52_high,TradingView MCP + Finviz via finvizfinance screener views,2026-09-01T23:32:37+02:00,2026-08-13,,19,NORMAL,
CAI,Caris Life Sciences Inc,tradingview_gates,sma150_above_sma200;within_25pct_52w_high;performance_21d;market_regime_allows_new_entries,,price_min;market_cap_min;avg_volume_min;price_above_sma50;sma50_above_sma150;sma150_above_sma200;ema21_above_ema50;within_25pct_52w_high;rsi14;atr_pct;rvol20_data_available;performance_21d;distance_resistance_hard;no_extended_move_10d;revenue_growth;eps_growth;eps_next_year;operating_margin;earnings_window;market_regime_allows_new_entries,True,"{'price': 24.78, 'price_tv': 24.78, 'price_finviz': 24.78, 'sma50': 19.5658, 'sma150': 19.05666666666667, 'sma200': 20.930925000000002, 'ema21': 23.36217579639419, 'ema50': 20.836712705880387, 'rsi14': 60.50677554601115, 'atr14': 1.3352356438262085, 'atr_pct': 5.3883601445771125, 'rvol20': 0.6840709133171203, 'performance_21d_pct': 51.83823529411764, 'distance_52w_high_pct': 35.935884177869696, 'distance_resistance_pct': 14.285714285714283, 'move_10d_pct': 18.168812589413452, 'structural_trend_pass': False}",pattern;previous_revenue_growth_yoy;shares_change_6m_pct,TradingView MCP + Finviz via finvizfinance screener views,2026-09-01T23:32:51+02:00,2026-08-05,,27,NORMAL,
CDNS,Cadence Design Systems Inc,tradingview_gates,price_above_sma50;ema21_above_ema50;rsi14;performance_21d;market_regime_allows_new_entries,,price_min;market_cap_min;avg_volume_min;price_above_sma50;sma50_above_sma150;sma150_above_sma200;ema21_above_ema50;within_25pct_52w_high;rsi14;atr_pct;rvol20_data_available;performance_21d;distance_resistance_hard;no_extended_move_10d;revenue_growth;eps_growth;eps_next_year;operating_margin;earnings_window;market_regime_allows_new_entries,True,"{'price': 313.04, 'price_tv': 313.04, 'price_finviz': 313.04, 'sma50': 345.9514, 'sma150': 330.5850666666667, 'sma200': 327.3196, 'ema21': 330.9558833525048, 'ema50': 339.9610985298106, 'rsi14': 38.79277104990215, 'atr14': 12.351900639118622, 'atr_pct': 3.9457898796059996, 'rvol20': 1.113626716757234, 'performance_21d_pct': -6.874907035549594, 'distance_52w_high_pct': 24.87460702200676, 'distance_resistance_pct': 30.015333503705588, 'move_10d_pct': -1.099456590420811, 'structural_trend_pass': False}",pattern;previous_revenue_growth_yoy;shares_change_6m_pct,TradingView MCP + Finviz via finvizfinance screener views,2026-09-01T23:33:05+02:00,2026-07-27,,36,NORMAL,
FRVO,Fervo Energy Co,tradingview_gates,market_regime_allows_new_entries,price_above_sma50;sma50_above_sma150;sma150_above_sma200;ema21_above_ema50;within_25pct_52w_high;rsi14;atr_pct;rvol20_data_available;performance_21d;distance_resistance_hard;no_extended_move_10d;revenue_growth;eps_growth;operating_margin,price_min;market_cap_min;avg_volume_min;eps_next_year;earnings_window;market_regime_allows_new_entries,False,"{'price': None, 'price_tv': None, 'price_finviz': 19.75, 'sma50': None, 'sma150': None, 'sma200': None, 'ema21': None, 'ema50': None, 'rsi14': None, 'atr14': None, 'atr_pct': None, 'rvol20': None, 'performance_21d_pct': None, 'distance_52w_high_pct': None, 'distance_resistance_pct': None, 'move_10d_pct': None, 'structural_trend_pass': False}",atr14;atr_pct;distance_52w_high_pct;distance_resistance_pct;ema21;ema50;eps_growth_yoy;gross_margin;move_10d_pct;operating_margin;pattern;performance_21d_pct;previous_revenue_growth_yoy;price;price_tv;resistance;revenue_growth_yoy;rsi14;rvol20;shares_change_6m_pct;sma150;sma200;sma50;week52_high,TradingView MCP + Finviz via finvizfinance screener views,2026-09-01T23:33:19+02:00,2026-08-12,,20,NORMAL,
HALO,Halozyme Therapeutics Inc,tradingview_gates,atr_pct;performance_21d;distance_resistance_hard;market_regime_allows_new_entries,,price_min;market_cap_min;avg_volume_min;price_above_sma50;sma50_above_sma150;sma150_above_sma200;ema21_above_ema50;within_25pct_52w_high;rsi14;atr_pct;rvol20_data_available;performance_21d;distance_resistance_hard;no_extended_move_10d;revenue_growth;eps_growth;eps_next_year;operating_margin;earnings_window;market_regime_allows_new_entries,True,"{'price': 107.72, 'price_tv': 107.72, 'price_finviz': 107.72, 'sma50': 88.322, 'sma150': 75.2192, 'sma200': 73.6168, 'ema21': 101.44500923391708, 'ema50': 91.51093193768921, 'rsi14': 70.54560529075539, 'atr14': 2.8537480348429725, 'atr_pct': 2.649227659527453, 'rvol20': 0.44618731714981913, 'performance_21d_pct': 30.934727118026007, 'distance_52w_high_pct': 1.7691045048331184, 'distance_resistance_pct': 1.8009654660230208, 'move_10d_pct': 2.6980646391457697, 'structural_trend_pass': True}",pattern;previous_revenue_growth_yoy;shares_change_6m_pct,TradingView MCP + Finviz via finvizfinance screener views,2026-09-01T23:33:33+02:00,2026-08-06,,26,NORMAL,
HONA,Honeywell Aerospace Inc,tradingview_gates,market_regime_allows_new_entries,price_above_sma50;sma50_above_sma150;sma150_above_sma200;ema21_above_ema50;within_25pct_52w_high;rsi14;atr_pct;rvol20_data_available;performance_21d;distance_resistance_hard;no_extended_move_10d;revenue_growth;eps_growth;operating_margin,price_min;market_cap_min;avg_volume_min;eps_next_year;earnings_window;market_regime_allows_new_entries,False,"{'price': None, 'price_tv': None, 'price_finviz': 154.24, 'sma50': None, 'sma150': None, 'sma200': None, 'ema21': None, 'ema50': None, 'rsi14': None, 'atr14': None, 'atr_pct': None, 'rvol20': None, 'performance_21d_pct': None, 'distance_52w_high_pct': None, 'distance_resistance_pct': None, 'move_10d_pct': None, 'structural_trend_pass': False}",atr14;atr_pct;distance_52w_high_pct;distance_resistance_pct;ema21;ema50;eps_growth_yoy;gross_margin;move_10d_pct;operating_margin;pattern;performance_21d_pct;previous_revenue_growth_yoy;price;price_tv;resistance;revenue_growth_yoy;rsi14;rvol20;shares_change_6m_pct;sma150;sma200;sma50;week52_high,TradingView MCP + Finviz via finvizfinance screener views,2026-09-01T23:33:39+02:00,2026-08-05,,27,NORMAL,
HOOD,Robinhood Markets Inc,tradingview_gates,sma150_above_sma200;within_25pct_52w_high;rsi14;market_regime_allows_new_entries,,price_min;market_cap_min;avg_volume_min;price_above_sma50;sma50_above_sma150;sma150_above_sma200;ema21_above_ema50;within_25pct_52w_high;rsi14;atr_pct;rvol20_data_available;performance_21d;distance_resistance_hard;no_extended_move_10d;revenue_growth;eps_growth;eps_next_year;operating_margin;earnings_window;market_regime_allows_new_entries,True,"{'price': 103.51, 'price_tv': 103.51, 'price_finviz': 103.51, 'sma50': 101.2552, 'sma150': 87.28036666666667, 'sma200': 95.12702499999999, 'ema21': 101.43065003918355, 'ema50': 98.64138441658275, 'rsi14': 53.11969782286532, 'atr14': 5.889673559110777, 'atr_pct': 5.689956100000751, 'rvol20': 1.23366051347389, 'performance_21d_pct': 14.578259907017932, 'distance_52w_high_pct': 32.72451106493635, 'distance_resistance_pct': 15.979132450970912, 'move_10d_pct': 13.088604829017815, 'structural_trend_pass': False}",pattern;previous_revenue_growth_yoy;shares_change_6m_pct,TradingView MCP + Finviz via finvizfinance screener views,2026-09-01T23:33:53+02:00,2026-07-29,,34,NORMAL,
HYMC,Hycroft Mining Holding Corp,tradingview_gates,price_above_sma50;sma50_above_sma150;ema21_above_ema50;within_25pct_52w_high;rsi14;market_regime_allows_new_entries,revenue_growth;eps_growth;operating_margin,price_min;market_cap_min;avg_volume_min;price_above_sma50;sma50_above_sma150;sma150_above_sma200;ema21_above_ema50;within_25pct_52w_high;rsi14;atr_pct;rvol20_data_available;performance_21d;distance_resistance_hard;no_extended_move_10d;eps_next_year;earnings_window;market_regime_allows_new_entries,True,"{'price': 21.63, 'price_tv': 21.63, 'price_finviz': 21.63, 'sma50': 23.0484, 'sma150': 32.31053333333333, 'sma200': 29.6968, 'ema21': 24.62521217379611, 'ema50': 25.02528684926531, 'rsi14': 40.351172076200704, 'atr14': 1.8983146425907944, 'atr_pct': 8.776304404025865, 'rvol20': 1.048954437159457, 'performance_21d_pct': 4.8981571290009684, 'distance_52w_high_pct': 63.17037829112599, 'distance_resistance_pct': 37.63291724456773, 'move_10d_pct': -10.582885489871853, 'structural_trend_pass': False}",gross_margin;operating_margin;pattern;previous_revenue_growth_yoy;revenue_growth_yoy;shares_change_6m_pct,TradingView MCP + Finviz via finvizfinance screener views,2026-09-01T23:33:59+02:00,2026-07-29,,34,NORMAL,
IBKR,Interactive Brokers Group Inc,tradingview_gates,price_above_sma50;rsi14;market_regime_allows_new_entries,,price_min;market_cap_min;avg_volume_min;price_above_sma50;sma50_above_sma150;sma150_above_sma200;ema21_above_ema50;within_25pct_52w_high;rsi14;atr_pct;rvol20_data_available;performance_21d;distance_resistance_hard;no_extended_move_10d;revenue_growth;eps_growth;eps_next_year;operating_margin;earnings_window;market_regime_allows_new_entries,True,"{'price': 90.39, 'price_tv': 90.39, 'price_finviz': 90.39, 'sma50': 92.0996, 'sma150': 82.25479999999999, 'sma200': 78.506125, 'ema21': 93.07486521700956, 'ema50': 91.28271695540235, 'rsi14': 45.74806730571028, 'atr14': 3.4554161880110983, 'atr_pct': 3.822785914383337, 'rvol20': 1.189086269374293, 'performance_21d_pct': 3.0085470085470023, 'distance_52w_high_pct': 8.465822784810126, 'distance_resistance_pct': 9.248810709149241, 'move_10d_pct': -0.18772084805653844, 'structural_trend_pass': False}",pattern;previous_revenue_growth_yoy;shares_change_6m_pct,TradingView MCP + Finviz via finvizfinance screener views,2026-09-01T23:34:13+02:00,2026-07-21,,42,NORMAL,
INCY,Incyte Corp,tradingview_gates,rsi14;atr_pct;market_regime_allows_new_entries,,price_min;market_cap_min;avg_volume_min;price_above_sma50;sma50_above_sma150;sma150_above_sma200;ema21_above_ema50;within_25pct_52w_high;rsi14;atr_pct;rvol20_data_available;performance_21d;distance_resistance_hard;no_extended_move_10d;revenue_growth;eps_growth;eps_next_year;operating_margin;earnings_window;market_regime_allows_new_entries,True,"{'price': 125.01, 'price_tv': 125.01, 'price_finviz': 125.01, 'sma50': 119.5432, 'sma150': 105.13206666666666, 'sma200': 104.37095, 'ema21': 124.05495166948909, 'ema50': 118.9535199926261, 'rsi14': 54.59762528548083, 'atr14': 3.384352144882919, 'atr_pct': 2.707265134695559, 'rvol20': 0.900652056608308, 'performance_21d_pct': 5.556024655914893, 'distance_52w_high_pct': 5.723981900452481, 'distance_resistance_pct': 6.071514278857682, 'move_10d_pct': 1.2472665424799523, 'structural_trend_pass': True}",pattern;previous_revenue_growth_yoy;shares_change_6m_pct,TradingView MCP + Finviz via finvizfinance screener views,2026-09-01T23:34:27+02:00,2026-07-28,,35,NORMAL,
INIO,Innio NV,tradingview_gates,market_regime_allows_new_entries,price_above_sma50;sma50_above_sma150;sma150_above_sma200;ema21_above_ema50;within_25pct_52w_high;rsi14;atr_pct;rvol20_data_available;performance_21d;distance_resistance_hard;no_extended_move_10d;revenue_growth;eps_growth;operating_margin,price_min;market_cap_min;avg_volume_min;eps_next_year;earnings_window;market_regime_allows_new_entries,False,"{'price': None, 'price_tv': None, 'price_finviz': 19.47, 'sma50': None, 'sma150': None, 'sma200': None, 'ema21': None, 'ema50': None, 'rsi14': None, 'atr14': None, 'atr_pct': None, 'rvol20': None, 'performance_21d_pct': None, 'distance_52w_high_pct': None, 'distance_resistance_pct': None, 'move_10d_pct': None, 'structural_trend_pass': False}",atr14;atr_pct;distance_52w_high_pct;distance_resistance_pct;ema21;ema50;eps_growth_yoy;gross_margin;move_10d_pct;operating_margin;pattern;performance_21d_pct;previous_revenue_growth_yoy;price;price_tv;resistance;revenue_growth_yoy;rsi14;rvol20;shares_change_6m_pct;sma150;sma200;sma50;week52_high,TradingView MCP + Finviz via finvizfinance screener views,2026-09-01T23:34:33+02:00,2026-07-28,,35,NORMAL,
IOND,Ionic Digital Inc,tradingview_gates,market_regime_allows_new_entries,price_above_sma50;sma50_above_sma150;sma150_above_sma200;ema21_above_ema50;within_25pct_52w_high;rsi14;atr_pct;rvol20_data_available;performance_21d;distance_resistance_hard;no_extended_move_10d;revenue_growth;eps_growth;operating_margin,price_min;market_cap_min;avg_volume_min;eps_next_year;earnings_window;market_regime_allows_new_entries,False,"{'price': None, 'price_tv': None, 'price_finviz': 72.15, 'sma50': None, 'sma150': None, 'sma200': None, 'ema21': None, 'ema50': None, 'rsi14': None, 'atr14': None, 'atr_pct': None, 'rvol20': None, 'performance_21d_pct': None, 'distance_52w_high_pct': None, 'distance_resistance_pct': None, 'move_10d_pct': None, 'structural_trend_pass': False}",atr14;atr_pct;distance_52w_high_pct;distance_resistance_pct;ema21;ema50;eps_growth_yoy;gross_margin;move_10d_pct;operating_margin;pattern;performance_21d_pct;previous_revenue_growth_yoy;price;price_tv;resistance;revenue_growth_yoy;rsi14;rvol20;shares_change_6m_pct;sma150;sma200;sma50;week52_high,TradingView MCP + Finviz via finvizfinance screener views,2026-09-01T23:34:47+02:00,2026-08-19,,13,PEAD_WINDOW,
LFTO,Liftoff Mobile Inc,tradingview_gates,market_regime_allows_new_entries,price_above_sma50;sma50_above_sma150;sma150_above_sma200;ema21_above_ema50;within_25pct_52w_high;rsi14;atr_pct;rvol20_data_available;performance_21d;distance_resistance_hard;no_extended_move_10d,price_min;market_cap_min;avg_volume_min;revenue_growth;eps_growth;eps_next_year;operating_margin;earnings_window;market_regime_allows_new_entries,False,"{'price': None, 'price_tv': None, 'price_finviz': 18.73, 'sma50': None, 'sma150': None, 'sma200': None, 'ema21': None, 'ema50': None, 'rsi14': None, 'atr14': None, 'atr_pct': None, 'rvol20': None, 'performance_21d_pct': None, 'distance_52w_high_pct': None, 'distance_resistance_pct': None, 'move_10d_pct': None, 'structural_trend_pass': False}",atr14;atr_pct;distance_52w_high_pct;distance_resistance_pct;ema21;ema50;move_10d_pct;pattern;performance_21d_pct;previous_revenue_growth_yoy;price;price_tv;resistance;rsi14;rvol20;shares_change_6m_pct;sma150;sma200;sma50;week52_high,TradingView MCP + Finviz via finvizfinance screener views,2026-09-01T23:35:01+02:00,2026-08-12,,20,NORMAL,
LPLA,LPL Financial Holdings Inc,tradingview_gates,sma150_above_sma200;rsi14;atr_pct;performance_21d;market_regime_allows_new_entries,,price_min;market_cap_min;avg_volume_min;price_above_sma50;sma50_above_sma150;sma150_above_sma200;ema21_above_ema50;within_25pct_52w_high;rsi14;atr_pct;rvol20_data_available;performance_21d;distance_resistance_hard;no_extended_move_10d;revenue_growth;eps_growth;eps_next_year;operating_margin;earnings_window;market_regime_allows_new_entries,True,"{'price': 357.63, 'price_tv': 357.63, 'price_finviz': 357.63, 'sma50': 335.8243, 'sma150': 319.62913333333336, 'sma200': 331.01415000000003, 'ema21': 359.42718658320297, 'ema50': 343.0972746345351, 'rsi14': 51.431976387987184, 'atr14': 10.218812252574379, 'atr_pct': 2.857369978070738, 'rvol20': 2.3656710985569, 'performance_21d_pct': -0.75482170112392, 'distance_52w_high_pct': 10.6282487005198, 'distance_resistance_pct': 5.97544948689987, 'move_10d_pct': -3.01033276381093, 'structural_trend_pass': False}",pattern;previous_revenue_growth_yoy;shares_change_6m_pct,TradingView MCP + Finviz via finvizfinance screener views,2026-09-01T23:35:15+02:00,2026-07-30,,33,NORMAL,
LRCX,Lam Research Corp,tradingview_gates,price_above_sma50;ema21_above_ema50;within_25pct_52w_high;rsi14;performance_21d;market_regime_allows_new_entries,,price_min;market_cap_min;avg_volume_min;price_above_sma50;sma50_above_sma150;sma150_above_sma200;ema21_above_ema50;within_25pct_52w_high;rsi14;atr_pct;rvol20_data_available;performance_21d;distance_resistance_hard;no_extended_move_10d;revenue_growth;eps_growth;eps_next_year;operating_margin;earnings_window;market_regime_allows_new_entries,True,"{'price': 290.2, 'price_tv': 290.2, 'price_finviz': 290.2, 'sma50': 327.0702, 'sma150': 285.32013333333333, 'sma200': 258.6973, 'ema21': 311.83835890962825, 'ema50': 316.1266293733451, 'rsi14': 40.5067579484205, 'atr14': 17.05689640303114, 'atr_pct': 5.877634873546223, 'rvol20': 1.0307067242267798, 'performance_21d_pct': -1.4968941991106988, 'distance_52w_high_pct': 33.81984036488028, 'distance_resistance_pct': 51.1026878015162, 'move_10d_pct': -11.502805562332286, 'structural_trend_pass': False}",pattern;previous_revenue_growth_yoy;shares_change_6m_pct,TradingView MCP + Finviz via finvizfinance screener views,2026-09-01T23:35:30+02:00,2026-07-29,,34,NORMAL,
MPWR,Monolithic Power System Inc,tradingview_gates,price_above_sma50;sma50_above_sma150;ema21_above_ema50;within_25pct_52w_high;rsi14;performance_21d;market_regime_allows_new_entries,,price_min;market_cap_min;avg_volume_min;price_above_sma50;sma50_above_sma150;sma150_above_sma200;ema21_above_ema50;within_25pct_52w_high;rsi14;atr_pct;rvol20_data_available;performance_21d;distance_resistance_hard;no_extended_move_10d;revenue_growth;eps_growth;eps_next_year;operating_margin;earnings_window;market_regime_allows_new_entries,True,"{'price': 1225.96, 'price_tv': 1225.96, 'price_finviz': 1225.96, 'sma50': 1341.3375, 'sma150': 1342.1797, 'sma200': 1245.9733, 'ema21': 1316.5793333293989, 'ema50': 1354.022472675976, 'rsi14': 37.80085695175249, 'atr14': 62.40414685800836, 'atr_pct': 5.090226994192988, 'rvol20': 1.224059096484853, 'performance_21d_pct': -8.80784307891428, 'distance_52w_high_pct': 28.477497008762487, 'distance_resistance_pct': 35.945707853437305, 'move_10d_pct': -8.042424878861066, 'structural_trend_pass': False}",pattern;previous_revenue_growth_yoy;shares_change_6m_pct,TradingView MCP + Finviz via finvizfinance screener views,2026-09-01T23:35:44+02:00,2026-07-30,,33,NORMAL,
MRVL,Marvell Technology Inc,tradingview_gates,price_above_sma50;within_25pct_52w_high;rsi14;market_regime_allows_new_entries,,price_min;market_cap_min;avg_volume_min;price_above_sma50;sma50_above_sma150;sma150_above_sma200;ema21_above_ema50;within_25pct_52w_high;rsi14;atr_pct;rvol20_data_available;performance_21d;distance_resistance_hard;no_extended_move_10d;revenue_growth;eps_growth;eps_next_year;operating_margin;earnings_window;market_regime_allows_new_entries,True,"{'price': 210.39, 'price_tv': 210.39, 'price_finviz': 210.39, 'sma50': 224.62810000000002, 'sma150': 171.26056666666665, 'sma200': 149.8621, 'ema21': 223.34474907429293, 'ema50': 220.37551264424587, 'rsi14': 45.15102250815972, 'atr14': 16.77061383464817, 'atr_pct': 7.971202925352047, 'rvol20': 0.8851742211977365, 'performance_21d_pct': 8.574377499677443, 'distance_52w_high_pct': 36.22226264096035, 'distance_resistance_pct': 56.79452445458435, 'move_10d_pct': -2.5972222222222285, 'structural_trend_pass': False}",pattern;previous_revenue_growth_yoy;shares_change_6m_pct,TradingView MCP + Finviz via finvizfinance screener views,2026-09-01T23:35:58+02:00,2026-08-27,,5,PEAD_WINDOW,
MWH,SOLV Energy Inc,tradingview_gates,market_regime_allows_new_entries,price_above_sma50;sma50_above_sma150;sma150_above_sma200;ema21_above_ema50;within_25pct_52w_high;rsi14;atr_pct;rvol20_data_available;performance_21d;distance_resistance_hard;no_extended_move_10d;operating_margin,price_min;market_cap_min;avg_volume_min;revenue_growth;eps_growth;eps_next_year;earnings_window;market_regime_allows_new_entries,False,"{'price': None, 'price_tv': None, 'price_finviz': 24.78, 'sma50': None, 'sma150': None, 'sma200': None, 'ema21': None, 'ema50': None, 'rsi14': None, 'atr14': None, 'atr_pct': None, 'rvol20': None, 'performance_21d_pct': None, 'distance_52w_high_pct': None, 'distance_resistance_pct': None, 'move_10d_pct': None, 'structural_trend_pass': False}",atr14;atr_pct;distance_52w_high_pct;distance_resistance_pct;ema21;ema50;gross_margin;move_10d_pct;operating_margin;pattern;performance_21d_pct;previous_revenue_growth_yoy;price;price_tv;resistance;rsi14;rvol20;shares_change_6m_pct;sma150;sma200;sma50;week52_high,TradingView MCP + Finviz via finvizfinance screener views,2026-09-01T23:36:12+02:00,2026-08-13,,19,NORMAL,
NBIX,Neurocrine Biosciences Inc,tradingview_gates,price_above_sma50;ema21_above_ema50;rsi14;atr_pct;performance_21d;market_regime_allows_new_entries,,price_min;market_cap_min;avg_volume_min;price_above_sma50;sma50_above_sma150;sma150_above_sma200;ema21_above_ema50;within_25pct_52w_high;rsi14;atr_pct;rvol20_data_available;performance_21d;distance_resistance_hard;no_extended_move_10d;revenue_growth;eps_growth;eps_next_year;operating_margin;earnings_window;market_regime_allows_new_entries,True,"{'price': 156.76, 'price_tv': 156.76, 'price_finviz': 156.76, 'sma50': 166.2661, 'sma150': 148.68623333333335, 'sma200': 147.34175, 'ema21': 157.94455447610548, 'ema50': 160.75556914993746, 'rsi14': 45.70317902037457, 'atr14': 4.424293223187882, 'atr_pct': 2.8223355595737956, 'rvol20': 0.7275612633800431, 'performance_21d_pct': -5.696925945978459, 'distance_52w_high_pct': 15.774768966258335, 'distance_resistance_pct': 18.72926767032407, 'move_10d_pct': 1.6404071840757428, 'structural_trend_pass': False}",pattern;previous_revenue_growth_yoy;shares_change_6m_pct,TradingView MCP + Finviz via finvizfinance screener views,2026-09-01T23:36:26+02:00,2026-07-30,,33,NORMAL,
NVDA,NVIDIA Corp,tradingview_gates,rsi14;market_regime_allows_new_entries,,price_min;market_cap_min;avg_volume_min;price_above_sma50;sma50_above_sma150;sma150_above_sma200;ema21_above_ema50;within_25pct_52w_high;rsi14;atr_pct;rvol20_data_available;performance_21d;distance_resistance_hard;no_extended_move_10d;revenue_growth;eps_growth;eps_next_year;operating_margin;earnings_window;market_regime_allows_new_entries,True,"{'price': 217.44, 'price_tv': 217.44, 'price_finviz': 217.44, 'sma50': 208.7976, 'sma150': 200.24646666666666, 'sma200': 196.0815, 'ema21': 216.10031058503367, 'ema50': 212.04546953093674, 'rsi14': 51.870966936822064, 'atr14': 7.350718174830789, 'atr_pct': 3.380573112045065, 'rvol20': 0.8561174994693659, 'performance_21d_pct': 5.226480836236935, 'distance_52w_high_pct': 8.074744229305823, 'distance_resistance_pct': 5.992457689477558, 'move_10d_pct': -1.0466915445526581, 'structural_trend_pass': True}",pattern;previous_revenue_growth_yoy;shares_change_6m_pct,TradingView MCP + Finviz via finvizfinance screener views,2026-09-01T23:36:40+02:00,2026-08-26,,6,PEAD_WINDOW,
PENG,Penguin Solutions Inc,tradingview_gates,price_above_sma50;ema21_above_ema50;within_25pct_52w_high;rsi14;performance_21d;market_regime_allows_new_entries,eps_growth,price_min;market_cap_min;avg_volume_min;price_above_sma50;sma50_above_sma150;sma150_above_sma200;ema21_above_ema50;within_25pct_52w_high;rsi14;atr_pct;rvol20_data_available;performance_21d;distance_resistance_hard;no_extended_move_10d;revenue_growth;eps_next_year;operating_margin;earnings_window;market_regime_allows_new_entries,True,"{'price': 47.59, 'price_tv': 47.59, 'price_finviz': 47.59, 'sma50': 59.9098, 'sma150': 41.54493333333333, 'sma200': 36.154975, 'ema21': 53.6941048202079, 'ema50': 55.523003206383294, 'rsi14': 38.42327977133027, 'atr14': 4.243785057264835, 'atr_pct': 8.917388227074667, 'rvol20': 1.6298279810611909, 'performance_21d_pct': -9.524714828897329, 'distance_52w_high_pct': 47.039839750723345, 'distance_resistance_pct': 88.82118092036141, 'move_10d_pct': -18.45442083618917, 'structural_trend_pass': False}",eps_growth_yoy;pattern;previous_revenue_growth_yoy;shares_change_6m_pct,TradingView MCP + Finviz via finvizfinance screener views,2026-09-01T23:36:54+02:00,2026-07-07,,56,NORMAL,
PPTA,Perpetua Resources Corp,tradingview_gates,sma50_above_sma150;sma150_above_sma200;within_25pct_52w_high;rsi14;market_regime_allows_new_entries,revenue_growth;eps_growth;operating_margin,price_min;market_cap_min;avg_volume_min;price_above_sma50;sma50_above_sma150;sma150_above_sma200;ema21_above_ema50;within_25pct_52w_high;rsi14;atr_pct;rvol20_data_available;performance_21d;distance_resistance_hard;no_extended_move_10d;eps_next_year;earnings_window;market_regime_allows_new_entries,True,"{'price': 23.5, 'price_tv': 23.5, 'price_finviz': 23.5, 'sma50': 21.5704, 'sma150': 26.33673333333333, 'sma200': 26.5479, 'ema21': 24.22707395049939, 'ema50': 23.359111473851257, 'rsi14': 48.401125713852096, 'atr14': 1.2929470920696484, 'atr_pct': 5.501902519445313, 'rvol20': 0.9006791450895126, 'performance_21d_pct': 23.230204509701103, 'distance_52w_high_pct': 37.11533315493711, 'distance_resistance_pct': 17.276595744680844, 'move_10d_pct': -1.218999579655311, 'structural_trend_pass': False}",gross_margin;operating_margin;pattern;previous_revenue_growth_yoy;revenue_growth_yoy;shares_change_6m_pct,TradingView MCP + Finviz via finvizfinance screener views,2026-09-01T23:37:00+02:00,2026-08-15,,17,NORMAL,
QNT,Quantinuum Inc,tradingview_gates,market_regime_allows_new_entries,price_above_sma50;sma50_above_sma150;sma150_above_sma200;ema21_above_ema50;within_25pct_52w_high;rsi14;atr_pct;rvol20_data_available;performance_21d;distance_resistance_hard;no_extended_move_10d;revenue_growth;eps_growth;operating_margin,price_min;market_cap_min;avg_volume_min;eps_next_year;earnings_window;market_regime_allows_new_entries,False,"{'price': None, 'price_tv': None, 'price_finviz': 47.66, 'sma50': None, 'sma150': None, 'sma200': None, 'ema21': None, 'ema50': None, 'rsi14': None, 'atr14': None, 'atr_pct': None, 'rvol20': None, 'performance_21d_pct': None, 'distance_52w_high_pct': None, 'distance_resistance_pct': None, 'move_10d_pct': None, 'structural_trend_pass': False}",atr14;atr_pct;distance_52w_high_pct;distance_resistance_pct;ema21;ema50;eps_growth_yoy;gross_margin;move_10d_pct;operating_margin;pattern;performance_21d_pct;previous_revenue_growth_yoy;price;price_tv;resistance;revenue_growth_yoy;rsi14;rvol20;shares_change_6m_pct;sma150;sma200;sma50;week52_high,TradingView MCP + Finviz via finvizfinance screener views,2026-09-01T23:37:14+02:00,2026-08-11,,21,NORMAL,
ROAD,Construction Partners Inc,tradingview_gates,price_above_sma50;sma50_above_sma150;ema21_above_ema50;within_25pct_52w_high;rsi14;performance_21d;market_regime_allows_new_entries,,price_min;market_cap_min;avg_volume_min;price_above_sma50;sma50_above_sma150;sma150_above_sma200;ema21_above_ema50;within_25pct_52w_high;rsi14;atr_pct;rvol20_data_available;performance_21d;distance_resistance_hard;no_extended_move_10d;revenue_growth;eps_growth;eps_next_year;operating_margin;earnings_window;market_regime_allows_new_entries,True,"{'price': 100.56, 'price_tv': 100.56, 'price_finviz': 100.56, 'sma50': 109.5261, 'sma150': 116.5848, 'sma200': 114.77525, 'ema21': 110.75658578741444, 'ema50': 111.13122592264874, 'rsi14': 38.011247797943504, 'atr14': 5.507994624490622, 'atr_pct': 5.477321623399584, 'rvol20': 1.08136404821372, 'performance_21d_pct': -6.992230854605996, 'distance_52w_high_pct': 33.40397350993377, 'distance_resistance_pct': 29.191527446300704, 'move_10d_pct': -11.432094416064832, 'structural_trend_pass': False}",pattern;previous_revenue_growth_yoy;shares_change_6m_pct,TradingView MCP + Finviz via finvizfinance screener views,2026-09-01T23:37:28+02:00,2026-08-07,,25,NORMAL,
SHOP,Shopify Inc,tradingview_gates,sma150_above_sma200;rsi14;market_regime_allows_new_entries,,price_min;market_cap_min;avg_volume_min;price_above_sma50;sma50_above_sma150;sma150_above_sma200;ema21_above_ema50;within_25pct_52w_high;rsi14;atr_pct;rvol20_data_available;performance_21d;distance_resistance_hard;no_extended_move_10d;revenue_growth;eps_growth;eps_next_year;operating_margin;earnings_window;market_regime_allows_new_entries,True,"{'price': 139.82, 'price_tv': 139.82, 'price_finviz': 139.82, 'sma50': 132.16299999999998, 'sma150': 122.5976, 'sma200': 131.3008, 'ema21': 145.24083029484092, 'ema50': 135.86000489037536, 'rsi14': 46.873332018366696, 'atr14': 6.17715274278123, 'atr_pct': 4.417932157617816, 'rvol20': 0.9129922650493881, 'performance_21d_pct': 19.49406033672334, 'distance_52w_high_pct': 23.25594159942917, 'distance_resistance_pct': 13.62466027749965, 'move_10d_pct': -4.611816073134134, 'structural_trend_pass': False}",pattern;previous_revenue_growth_yoy;shares_change_6m_pct,TradingView MCP + Finviz via finvizfinance screener views,2026-09-01T23:37:43+02:00,2026-08-05,,27,NORMAL,
SNPS,Synopsys Inc,tradingview_gates,price_above_sma50;sma50_above_sma150;sma150_above_sma200;ema21_above_ema50;within_25pct_52w_high;rsi14;market_regime_allows_new_entries,,price_min;market_cap_min;avg_volume_min;price_above_sma50;sma50_above_sma150;sma150_above_sma200;ema21_above_ema50;within_25pct_52w_high;rsi14;atr_pct;rvol20_data_available;performance_21d;distance_resistance_hard;no_extended_move_10d;revenue_growth;eps_growth;eps_next_year;operating_margin;earnings_window;market_regime_allows_new_entries,True,"{'price': 414.82, 'price_tv': 414.82, 'price_finviz': 414.82, 'sma50': 415.69699999999995, 'sma150': 440.7931, 'sma200': 446.93107499999996, 'ema21': 415.9056242633816, 'ema50': 420.8670564457247, 'rsi14': 49.79270006773629, 'atr14': 16.730726962968088, 'atr_pct': 4.033249834378306, 'rvol20': 1.2475209886900793, 'performance_21d_pct': 5.802535261560426, 'distance_52w_high_pct': 32.6363994364985, 'distance_resistance_pct': 17.870883756810187, 'move_10d_pct': 2.574120323434137, 'structural_trend_pass': False}",pattern;previous_revenue_growth_yoy;shares_change_6m_pct,TradingView MCP + Finviz via finvizfinance screener views,2026-09-01T23:37:49+02:00,2026-08-26,,6,PEAD_WINDOW,
SOFI,SoFi Technologies Inc,tradingview_gates,price_above_sma50;sma150_above_sma200;within_25pct_52w_high;rsi14;performance_21d;market_regime_allows_new_entries,,price_min;market_cap_min;avg_volume_min;price_above_sma50;sma50_above_sma150;sma150_above_sma200;ema21_above_ema50;within_25pct_52w_high;rsi14;atr_pct;rvol20_data_available;performance_21d;distance_resistance_hard;no_extended_move_10d;revenue_growth;eps_growth;eps_next_year;operating_margin;earnings_window;market_regime_allows_new_entries,True,"{'price': 17.05, 'price_tv': 17.05, 'price_finviz': 17.05, 'sma50': 17.8278, 'sma150': 17.7907, 'sma200': 20.113625, 'ema21': 18.08460219766802, 'ema50': 17.832522558160527, 'rsi14': 42.952052242907875, 'atr14': 0.8628951080986137, 'atr_pct': 5.060968375944948, 'rvol20': 0.9155154890841587, 'performance_21d_pct': -5.435385468663345, 'distance_52w_high_pct': 47.90711885120684, 'distance_resistance_pct': 15.77712609970673, 'move_10d_pct': -3.454133635334089, 'structural_trend_pass': False}",pattern;previous_revenue_growth_yoy;shares_change_6m_pct,TradingView MCP + Finviz via finvizfinance screener views,2026-09-01T23:38:05+02:00,2026-07-29,,34,NORMAL,
SPCX,Space Exploration Technologies Corp,tradingview_gates,market_regime_allows_new_entries,price_above_sma50;sma50_above_sma150;sma150_above_sma200;ema21_above_ema50;within_25pct_52w_high;rsi14;atr_pct;rvol20_data_available;performance_21d;distance_resistance_hard;no_extended_move_10d;revenue_growth;eps_growth;operating_margin,price_min;market_cap_min;avg_volume_min;eps_next_year;earnings_window;market_regime_allows_new_entries,False,"{'price': None, 'price_tv': None, 'price_finviz': 142.23, 'sma50': None, 'sma150': None, 'sma200': None, 'ema21': None, 'ema50': None, 'rsi14': None, 'atr14': None, 'atr_pct': None, 'rvol20': None, 'performance_21d_pct': None, 'distance_52w_high_pct': None, 'distance_resistance_pct': None, 'move_10d_pct': None, 'structural_trend_pass': False}",atr14;atr_pct;distance_52w_high_pct;distance_resistance_pct;ema21;ema50;eps_growth_yoy;gross_margin;move_10d_pct;operating_margin;pattern;performance_21d_pct;previous_revenue_growth_yoy;price;price_tv;resistance;revenue_growth_yoy;rsi14;rvol20;shares_change_6m_pct;sma150;sma200;sma50;week52_high,TradingView MCP + Finviz via finvizfinance screener views,2026-09-01T23:38:11+02:00,2026-08-04,,28,NORMAL,
STRC,Strategy Inc - VR PRF PERPETUAL USD 100 - Ser A,tradingview_gates,sma50_above_sma150;sma150_above_sma200;atr_pct;distance_resistance_hard;market_regime_allows_new_entries,revenue_growth;eps_growth;operating_margin;earnings_window,price_min;market_cap_min;avg_volume_min;price_above_sma50;sma50_above_sma150;sma150_above_sma200;ema21_above_ema50;within_25pct_52w_high;rsi14;atr_pct;rvol20_data_available;performance_21d;distance_resistance_hard;no_extended_move_10d;eps_next_year;market_regime_allows_new_entries,True,"{'price': 96.8, 'price_tv': 96.8, 'price_finviz': 96.8, 'sma50': 90.149, 'sma150': 95.87836666666666, 'sma200': 96.499375, 'ema21': 95.13954593636853, 'ema50': 93.35492547227898, 'rsi14': 62.43475201377062, 'atr14': 1.350522809507632, 'atr_pct': 1.395168191640116, 'rvol20': 0.8912075616585848, 'performance_21d_pct': 4.8526863084922045, 'distance_52w_high_pct': 3.6031317032171475, 'distance_resistance_pct': 1.4049586776859497, 'move_10d_pct': 2.967769386235508, 'structural_trend_pass': False}",eps_growth_yoy;gross_margin;operating_margin;pattern;previous_revenue_growth_yoy;revenue_growth_yoy;shares_change_6m_pct,TradingView MCP + Finviz via finvizfinance screener views,2026-09-01T23:38:26+02:00,,,,UNKNOWN,
STRL,Sterling Infrastructure Inc,tradingview_gates,price_above_sma50;ema21_above_ema50;within_25pct_52w_high;rsi14;performance_21d;market_regime_allows_new_entries,,price_min;market_cap_min;avg_volume_min;price_above_sma50;sma50_above_sma150;sma150_above_sma200;ema21_above_ema50;within_25pct_52w_high;rsi14;atr_pct;rvol20_data_available;performance_21d;distance_resistance_hard;no_extended_move_10d;revenue_growth;eps_growth;eps_next_year;operating_margin;earnings_window;market_regime_allows_new_entries,True,"{'price': 456.1, 'price_tv': 456.1, 'price_finviz': 456.1, 'sma50': 624.3877, 'sma150': 585.4067666666666, 'sma200': 520.634325, 'ema21': 528.3220456392897, 'ema50': 593.3429842228851, 'rsi14': 33.090499029296836, 'atr14': 35.82621043080673, 'atr_pct': 7.854902528131272, 'rvol20': 1.2109924427035281, 'performance_21d_pct': -25.409259652967442, 'distance_52w_high_pct': 54.64761064203113, 'distance_resistance_pct': 112.64634948476211, 'move_10d_pct': -17.78426707044487, 'structural_trend_pass': False}",pattern;previous_revenue_growth_yoy;shares_change_6m_pct,TradingView MCP + Finviz via finvizfinance screener views,2026-09-01T23:38:40+02:00,2026-08-03,,29,NORMAL,
STX,Seagate Technology Holdings Plc,tradingview_gates,price_above_sma50;within_25pct_52w_high;rsi14;performance_21d;market_regime_allows_new_entries,,price_min;market_cap_min;avg_volume_min;price_above_sma50;sma50_above_sma150;sma150_above_sma200;ema21_above_ema50;within_25pct_52w_high;rsi14;atr_pct;rvol20_data_available;performance_21d;distance_resistance_hard;no_extended_move_10d;revenue_growth;eps_growth;eps_next_year;operating_margin;earnings_window;market_regime_allows_new_entries,True,"{'price': 816.64, 'price_tv': 816.64, 'price_finviz': 816.64, 'sma50': 865.5391999999999, 'sma150': 683.0652333333334, 'sma200': 585.0484749999999, 'ema21': 848.1382720437091, 'ema50': 846.1818670552773, 'rsi14': 45.50843854194342, 'atr14': 57.13651212772401, 'atr_pct': 6.996536065796925, 'rvol20': 0.5855294602074803, 'performance_21d_pct': -1.7351334440353194, 'distance_52w_high_pct': 28.67772925764192, 'distance_resistance_pct': 40.20865987460815, 'move_10d_pct': -9.631728045325772, 'structural_trend_pass': False}",pattern;previous_revenue_growth_yoy;shares_change_6m_pct,TradingView MCP + Finviz via finvizfinance screener views,2026-09-01T23:38:54+02:00,2026-07-28,,35,NORMAL,
TSEM,Tower Semiconductor Ltd,tradingview_gates,price_above_sma50;ema21_above_ema50;within_25pct_52w_high;rsi14;performance_21d;market_regime_allows_new_entries,,price_min;market_cap_min;avg_volume_min;price_above_sma50;sma50_above_sma150;sma150_above_sma200;ema21_above_ema50;within_25pct_52w_high;rsi14;atr_pct;rvol20_data_available;performance_21d;distance_resistance_hard;no_extended_move_10d;revenue_growth;eps_growth;eps_next_year;operating_margin;earnings_window;market_regime_allows_new_entries,True,"{'price': 199.06, 'price_tv': 199.06, 'price_finviz': 199.06, 'sma50': 234.5616, 'sma150': 207.09526666666667, 'sma200': 184.42575, 'ema21': 224.50954112973488, 'ema50': 231.3026310159623, 'rsi14': 38.18538943077536, 'atr14': 16.56927354279738, 'atr_pct': 8.323758436048116, 'rvol20': 0.9752767380268944, 'performance_21d_pct': -15.04779788323659, 'distance_52w_high_pct': 37.7820841407764, 'distance_resistance_pct': 60.72540942429418, 'move_10d_pct': -17.247973394304715, 'structural_trend_pass': False}",pattern;previous_revenue_growth_yoy;shares_change_6m_pct,TradingView MCP + Finviz via finvizfinance screener views,2026-09-01T23:39:09+02:00,2026-08-04,,28,NORMAL,
TTMI,TTM Technologies Inc,tradingview_gates,price_above_sma50;ema21_above_ema50;within_25pct_52w_high;rsi14;performance_21d;market_regime_allows_new_entries,,price_min;market_cap_min;avg_volume_min;price_above_sma50;sma50_above_sma150;sma150_above_sma200;ema21_above_ema50;within_25pct_52w_high;rsi14;atr_pct;rvol20_data_available;performance_21d;distance_resistance_hard;no_extended_move_10d;revenue_growth;eps_growth;eps_next_year;operating_margin;earnings_window;market_regime_allows_new_entries,True,"{'price': 115.33, 'price_tv': 115.33, 'price_finviz': 115.33, 'sma50': 139.6633, 'sma150': 134.13843333333332, 'sma200': 119.34835, 'ema21': 123.73505901685294, 'ema50': 134.8374206758845, 'rsi14': 41.59885690062152, 'atr14': 9.564058864452303, 'atr_pct': 8.292776263289953, 'rvol20': 0.47672798720952336, 'performance_21d_pct': -4.851084893985647, 'distance_52w_high_pct': 48.47428852253943, 'distance_resistance_pct': 94.07786352206713, 'move_10d_pct': -8.257099673852519, 'structural_trend_pass': False}",pattern;previous_revenue_growth_yoy;shares_change_6m_pct,TradingView MCP + Finviz via finvizfinance screener views,2026-09-01T23:39:23+02:00,2026-08-05,,27,NORMAL,
TXN,Texas Instruments Inc,tradingview_gates,price_above_sma50;ema21_above_ema50;rsi14;performance_21d;market_regime_allows_new_entries,,price_min;market_cap_min;avg_volume_min;price_above_sma50;sma50_above_sma150;sma150_above_sma200;ema21_above_ema50;within_25pct_52w_high;rsi14;atr_pct;rvol20_data_available;performance_21d;distance_resistance_hard;no_extended_move_10d;revenue_growth;eps_growth;eps_next_year;operating_margin;earnings_window;market_regime_allows_new_entries,True,"{'price': 253.34, 'price_tv': 253.34, 'price_finviz': 253.34, 'sma50': 283.0743, 'sma150': 257.91720000000004, 'sma200': 237.92680000000001, 'ema21': 268.78839205969484, 'ema50': 276.66087014252463, 'rsi14': 36.0113216260214, 'atr14': 9.273017698759913, 'atr_pct': 3.6603053993684034, 'rvol20': 1.254844122564681, 'performance_21d_pct': -5.835563484983652, 'distance_52w_high_pct': 24.15651288806394, 'distance_resistance_pct': 31.850477619010015, 'move_10d_pct': -6.942403761387017, 'structural_trend_pass': False}",pattern;previous_revenue_growth_yoy;shares_change_6m_pct,TradingView MCP + Finviz via finvizfinance screener views,2026-09-01T23:39:37+02:00,2026-07-22,,41,NORMAL,
