ticker,name,failed_gates,values,missing_fields,source,retrieved_at
ABVX,Abivax ADR,adr,"{'industry': 'Biotechnology', 'price': 130.0}",,Finviz via finvizfinance screener views,2026-08-06T23:30:32+02:00
APGE,Apogee Therapeutics Inc,biotech_pre_revenue,"{'industry': 'Biotechnology', 'price': 134.49}",,Finviz via finvizfinance screener views,2026-08-06T23:30:32+02:00
ARM,Arm Holdings Plc ADR,adr,"{'industry': 'Semiconductors', 'price': 286.68}",,Finviz via finvizfinance screener views,2026-08-06T23:30:32+02:00
ATAT,Atour Lifestyle Holdings Ltd ADR,adr,"{'industry': 'Lodging', 'price': 35.44}",,Finviz via finvizfinance screener views,2026-08-06T23:30:32+02:00
BIDU,Baidu Inc ADR,adr,"{'industry': 'Internet Content & Information', 'price': 109.33}",,Finviz via finvizfinance screener views,2026-08-06T23:30:32+02:00
BILI,Bilibili Inc ADR,adr,"{'industry': 'Internet Content & Information', 'price': 18.65}",,Finviz via finvizfinance screener views,2026-08-06T23:30:32+02:00
BNTX,BioNTech SE ADR,adr,"{'industry': 'Biotechnology', 'price': 91.19}",,Finviz via finvizfinance screener views,2026-08-06T23:30:32+02:00
BZ,Kanzhun Ltd ADR,adr,"{'industry': 'Internet Content & Information', 'price': 16.09}",,Finviz via finvizfinance screener views,2026-08-06T23:30:32+02:00
CELC,Celcuity Inc,biotech_pre_revenue,"{'industry': 'Biotechnology', 'price': 93.25}",,Finviz via finvizfinance screener views,2026-08-06T23:30:32+02:00
COGT,Cogent Biosciences Inc,biotech_pre_revenue,"{'industry': 'Biotechnology', 'price': 41.8}",,Finviz via finvizfinance screener views,2026-08-06T23:30:32+02:00
DFTX,Definium Therapeutics Inc,biotech_pre_revenue,"{'industry': 'Biotechnology', 'price': 46.14}",,Finviz via finvizfinance screener views,2026-08-06T23:30:32+02:00
DNLI,Denali Therapeutics Inc,biotech_pre_revenue,"{'industry': 'Biotechnology', 'price': 24.73}",,Finviz via finvizfinance screener views,2026-08-06T23:30:32+02:00
DYN,Dyne Therapeutics Inc,biotech_pre_revenue,"{'industry': 'Biotechnology', 'price': 25.88}",,Finviz via finvizfinance screener views,2026-08-06T23:30:32+02:00
ELVN,Enliven Therapeutics Inc,biotech_pre_revenue,"{'industry': 'Biotechnology', 'price': 60.27}",,Finviz via finvizfinance screener views,2026-08-06T23:30:32+02:00
ERAS,Erasca Inc,biotech_pre_revenue,"{'industry': 'Biotechnology', 'price': 18.27}",,Finviz via finvizfinance screener views,2026-08-06T23:30:32+02:00
EWTX,Edgewise Therapeutics Inc,biotech_pre_revenue,"{'industry': 'Biotechnology', 'price': 44.42}",,Finviz via finvizfinance screener views,2026-08-06T23:30:32+02:00
FUTU,Futu Holdings Ltd ADR,adr,"{'industry': 'Capital Markets', 'price': 104.52}",,Finviz via finvizfinance screener views,2026-08-06T23:30:32+02:00
GDS,GDS Holdings Limited ADR,adr,"{'industry': 'Information Technology Services', 'price': 31.84}",,Finviz via finvizfinance screener views,2026-08-06T23:30:32+02:00
GGAL,Grupo Financiero Galicia ADR,adr,"{'industry': 'Banks - Regional', 'price': 46.73}",,Finviz via finvizfinance screener views,2026-08-06T23:30:32+02:00
GMAB,Genmab ADR,adr,"{'industry': 'Biotechnology', 'price': 29.83}",,Finviz via finvizfinance screener views,2026-08-06T23:30:32+02:00
HSAI,Hesai Group ADR,adr,"{'industry': 'Auto Parts', 'price': 17.75}",,Finviz via finvizfinance screener views,2026-08-06T23:30:32+02:00
HTHT,H World Group Limited ADR,adr,"{'industry': 'Lodging', 'price': 42.8}",,Finviz via finvizfinance screener views,2026-08-06T23:30:32+02:00
IMVT,Immunovant Inc,biotech_pre_revenue,"{'industry': 'Biotechnology', 'price': 39.74}",,Finviz via finvizfinance screener views,2026-08-06T23:30:32+02:00
JD,JD.com Inc ADR,adr,"{'industry': 'Internet Retail', 'price': 32.81}",,Finviz via finvizfinance screener views,2026-08-06T23:30:32+02:00
LEGN,Legend Biotech Corp ADR,adr,"{'industry': 'Biotechnology', 'price': 19.28}",,Finviz via finvizfinance screener views,2026-08-06T23:30:32+02:00
MBX,MBX Biosciences Inc,biotech_pre_revenue,"{'industry': 'Biotechnology', 'price': 67.11}",,Finviz via finvizfinance screener views,2026-08-06T23:30:32+02:00
MLYS,Mineralys Therapeutics Inc,biotech_pre_revenue,"{'industry': 'Biotechnology', 'price': 26.99}",,Finviz via finvizfinance screener views,2026-08-06T23:30:32+02:00
NTES,NetEase Inc ADR,adr,"{'industry': 'Electronic Gaming & Multimedia', 'price': 130.36}",,Finviz via finvizfinance screener views,2026-08-06T23:30:32+02:00
ORKA,Oruka Therapeutics Inc,biotech_pre_revenue,"{'industry': 'Biotechnology', 'price': 98.42}",,Finviz via finvizfinance screener views,2026-08-06T23:30:32+02:00
PAYP,PayPay Corp ADR,adr,"{'industry': 'Software - Infrastructure', 'price': 15.4}",,Finviz via finvizfinance screener views,2026-08-06T23:30:32+02:00
PBLS,Parabilis Medicines Inc,biotech_pre_revenue,"{'industry': 'Biotechnology', 'price': 35.58}",,Finviz via finvizfinance screener views,2026-08-06T23:30:32+02:00
PCVX,Vaxcyte Inc,biotech_pre_revenue,"{'industry': 'Biotechnology', 'price': 58.89}",,Finviz via finvizfinance screener views,2026-08-06T23:30:32+02:00
PDD,PDD Holdings Inc ADR,adr,"{'industry': 'Internet Retail', 'price': 90.85}",,Finviz via finvizfinance screener views,2026-08-06T23:30:32+02:00
RVMD,Revolution Medicines Inc,biotech_pre_revenue,"{'industry': 'Biotechnology', 'price': 197.81}",,Finviz via finvizfinance screener views,2026-08-06T23:30:32+02:00
RYAAY,Ryanair Holdings Plc ADR,adr,"{'industry': 'Airlines', 'price': 60.55}",,Finviz via finvizfinance screener views,2026-08-06T23:30:32+02:00
SIMO,Silicon Motion Technology Corp ADR,adr,"{'industry': 'Semiconductors', 'price': 267.43}",,Finviz via finvizfinance screener views,2026-08-06T23:30:32+02:00
SKHY,SK Hynix Inc ADR,adr,"{'industry': 'Semiconductors', 'price': 143.53}",,Finviz via finvizfinance screener views,2026-08-06T23:30:32+02:00
SNY,Sanofi ADR,adr,"{'industry': 'Drug Manufacturers - General', 'price': 42.89}",,Finviz via finvizfinance screener views,2026-08-06T23:30:32+02:00
SRRK,Scholar Rock Holding Corp,biotech_pre_revenue,"{'industry': 'Biotechnology', 'price': 52.64}",,Finviz via finvizfinance screener views,2026-08-06T23:30:32+02:00
SYRE,Spyre Therapeutics Inc,biotech_pre_revenue,"{'industry': 'Biotechnology', 'price': 103.42}",,Finviz via finvizfinance screener views,2026-08-06T23:30:32+02:00
TCOM,Trip.com Group Ltd ADR,adr,"{'industry': 'Travel Services', 'price': 46.24}",,Finviz via finvizfinance screener views,2026-08-06T23:30:32+02:00
TRVI,Trevi Therapeutics Inc,biotech_pre_revenue,"{'industry': 'Biotechnology', 'price': 18.5}",,Finviz via finvizfinance screener views,2026-08-06T23:30:32+02:00
VERA,Vera Therapeutics Inc,biotech_pre_revenue,"{'industry': 'Biotechnology', 'price': 32.02}",,Finviz via finvizfinance screener views,2026-08-06T23:30:32+02:00
VKTX,Viking Therapeutics Inc,biotech_pre_revenue,"{'industry': 'Biotechnology', 'price': 33.3}",,Finviz via finvizfinance screener views,2026-08-06T23:30:32+02:00
VOD,Vodafone Group plc ADR,adr,"{'industry': 'Telecom Services', 'price': 16.0}",,Finviz via finvizfinance screener views,2026-08-06T23:30:32+02:00
ZLAB,Zai Lab Limited ADR,adr,"{'industry': 'Biotechnology', 'price': 20.88}",,Finviz via finvizfinance screener views,2026-08-06T23:30:32+02:00
AAL,American Airlines Group Inc,revenue_growth;eps_growth;operating_margin,"{'revenue_growth_yoy': 16.28, 'eps_growth_yoy': -88.18, 'eps_next_year': 1463.16, 'operating_margin': 1.83}",,Finviz via finvizfinance screener views,2026-08-06T23:30:32+02:00
AAOI,Applied Optoelectronics Inc,eps_growth;operating_margin;earnings_window,"{'revenue_growth_yoy': 51.35999999999999, 'eps_growth_yoy': -2.56, 'eps_next_year': 454.25, 'operating_margin': -11.57}",,Finviz via finvizfinance screener views,2026-08-06T23:30:32+02:00
AAON,AAON Inc,earnings_window,"{'revenue_growth_yoy': 54.300000000000004, 'eps_growth_yoy': 36.230000000000004, 'eps_next_year': 52.91, 'operating_margin': 10.4}",,Finviz via finvizfinance screener views,2026-08-06T23:30:32+02:00
AAPL,Apple Inc,revenue_growth;eps_growth;eps_next_year,"{'revenue_growth_yoy': 16.36, 'eps_growth_yoy': 29.13, 'eps_next_year': 8.32, 'operating_margin': 33.17}",,Finviz via finvizfinance screener views,2026-08-06T23:30:32+02:00
ABNB,Airbnb Inc,revenue_growth;eps_growth;earnings_window,"{'revenue_growth_yoy': 17.87, 'eps_growth_yoy': 7.340000000000001, 'eps_next_year': 18.16, 'operating_margin': 20.89}",,Finviz via finvizfinance screener views,2026-08-06T23:30:32+02:00
ACAD,Acadia Pharmaceuticals Inc,revenue_growth;eps_growth;operating_margin,"{'revenue_growth_yoy': 16.400000000000002, 'eps_growth_yoy': 15.24, 'eps_next_year': 61.61, 'operating_margin': 7.59}",,Finviz via finvizfinance screener views,2026-08-06T23:30:32+02:00
ACGL,Arch Capital Group Ltd,revenue_growth;eps_growth;eps_next_year,"{'revenue_growth_yoy': -11.459999999999999, 'eps_growth_yoy': -7.06, 'eps_next_year': 4.45, 'operating_margin': 25.11}",,Finviz via finvizfinance screener views,2026-08-06T23:30:32+02:00
ACHC,Acadia Healthcare Company Inc,revenue_growth;eps_growth,"{'revenue_growth_yoy': -0.38999999999999996, 'eps_growth_yoy': -64.09, 'eps_next_year': 19.31, 'operating_margin': 10.059999999999999}",,Finviz via finvizfinance screener views,2026-08-06T23:30:32+02:00
ACIW,ACI Worldwide Inc,revenue_growth;eps_growth;earnings_window,"{'revenue_growth_yoy': 7.9, 'eps_growth_yoy': -32.41, 'eps_next_year': 15.03, 'operating_margin': 18.78}",,Finviz via finvizfinance screener views,2026-08-06T23:30:32+02:00
ACMR,ACM Research Inc,eps_growth;earnings_window,"{'revenue_growth_yoy': 34.18, 'eps_growth_yoy': -18.69, 'eps_next_year': 43.2, 'operating_margin': 12.479999999999999}",,Finviz via finvizfinance screener views,2026-08-06T23:30:32+02:00
ADBE,Adobe Inc,revenue_growth;eps_growth;eps_next_year,"{'revenue_growth_yoy': 12.690000000000001, 'eps_growth_yoy': 8.04, 'eps_next_year': 12.73, 'operating_margin': 36.74}",,Finviz via finvizfinance screener views,2026-08-06T23:30:32+02:00
ADEA,Adeia Inc,revenue_growth;eps_growth;eps_next_year,"{'revenue_growth_yoy': 12.11, 'eps_growth_yoy': 1.81, 'eps_next_year': 13.13, 'operating_margin': 46.81}",,Finviz via finvizfinance screener views,2026-08-06T23:30:32+02:00
ADP,Automatic Data Processing Inc,revenue_growth;eps_growth;eps_next_year,"{'revenue_growth_yoy': 6.77, 'eps_growth_yoy': 9.62, 'eps_next_year': 9.3, 'operating_margin': 26.41}",,Finviz via finvizfinance screener views,2026-08-06T23:30:32+02:00
ADPT,Adaptive Biotechnologies Corp,eps_growth;operating_margin,"{'revenue_growth_yoy': 21.529999999999998, 'eps_growth_yoy': -47.8, 'eps_next_year': 67.66, 'operating_margin': -11.81}",,Finviz via finvizfinance screener views,2026-08-06T23:30:32+02:00
ADSK,Autodesk Inc,revenue_growth;eps_growth;eps_next_year,"{'revenue_growth_yoy': 19.63, 'eps_growth_yoy': 2.2912, 'eps_next_year': 12.66, 'operating_margin': 22.48}",,Finviz via finvizfinance screener views,2026-08-06T23:30:32+02:00
AEHR,Aehr Test Systems,operating_margin,"{'revenue_growth_yoy': 33.69, 'eps_growth_yoy': 143.11, 'eps_next_year': 119.58, 'operating_margin': -28.29}",,Finviz via finvizfinance screener views,2026-08-06T23:30:32+02:00
AEP,American Electric Power Company Inc,revenue_growth;eps_next_year,"{'revenue_growth_yoy': 7.02, 'eps_growth_yoy': None, 'eps_next_year': 7.74, 'operating_margin': 24.0}",,Finviz via finvizfinance screener views,2026-08-06T23:30:32+02:00
AKAM,Akamai Technologies Inc,revenue_growth;eps_growth;eps_next_year;earnings_window,"{'revenue_growth_yoy': 5.76, 'eps_growth_yoy': -13.089999999999998, 'eps_next_year': 6.5, 'operating_margin': 13.76}",,Finviz via finvizfinance screener views,2026-08-06T23:30:32+02:00
ALAB,Astera Labs Inc,eps_growth,"{'revenue_growth_yoy': 104.45, 'eps_growth_yoy': 1.9033, 'eps_next_year': 61.36, 'operating_margin': 22.75}",,Finviz via finvizfinance screener views,2026-08-06T23:30:32+02:00
ALGM,Allegro Microsystems Inc,eps_growth;operating_margin,"{'revenue_growth_yoy': 27.450000000000003, 'eps_growth_yoy': 2.1785, 'eps_next_year': 45.53, 'operating_margin': 6.22}",,Finviz via finvizfinance screener views,2026-08-06T23:30:32+02:00
ALGN,Align Technology Inc,revenue_growth;eps_growth;eps_next_year,"{'revenue_growth_yoy': 4.32, 'eps_growth_yoy': -11.790000000000001, 'eps_next_year': 11.05, 'operating_margin': 18.38}",,Finviz via finvizfinance screener views,2026-08-06T23:30:32+02:00
ALKS,Alkermes plc,eps_growth,"{'revenue_growth_yoy': 26.97, 'eps_growth_yoy': -99.44, 'eps_next_year': 242.28, 'operating_margin': 8.62}",,Finviz via finvizfinance screener views,2026-08-06T23:30:32+02:00
ALKT,Alkami Technology Inc,revenue_growth;operating_margin,"{'revenue_growth_yoy': 15.870000000000001, 'eps_growth_yoy': 36.61, 'eps_next_year': 38.17, 'operating_margin': -7.08}",,Finviz via finvizfinance screener views,2026-08-06T23:30:32+02:00
ALMS,Alumis Inc,revenue_growth;eps_next_year;operating_margin,"{'revenue_growth_yoy': -89.99000000000001, 'eps_growth_yoy': 59.19, 'eps_next_year': 4.44, 'operating_margin': -51.3907}",,Finviz via finvizfinance screener views,2026-08-06T23:30:32+02:00
ALNY,Alnylam Pharmaceuticals Inc,eps_growth,"{'revenue_growth_yoy': 66.86, 'eps_growth_yoy': 3.3786, 'eps_next_year': 48.82, 'operating_margin': 20.810000000000002}",,Finviz via finvizfinance screener views,2026-08-06T23:30:32+02:00
AMAT,Applied Materials Inc,revenue_growth;earnings_window,"{'revenue_growth_yoy': 11.41, 'eps_growth_yoy': 33.44, 'eps_next_year': 39.2, 'operating_margin': 30.130000000000003}",,Finviz via finvizfinance screener views,2026-08-06T23:30:32+02:00
AMBA,Ambarella Inc,revenue_growth;eps_growth;operating_margin,"{'revenue_growth_yoy': 16.869999999999997, 'eps_growth_yoy': 27.99, 'eps_next_year': 36.48, 'operating_margin': -18.48}",,Finviz via finvizfinance screener views,2026-08-06T23:30:32+02:00
AMD,Advanced Micro Devices Inc,eps_growth,"{'revenue_growth_yoy': 50.11, 'eps_growth_yoy': 1.588, 'eps_next_year': 98.66, 'operating_margin': 15.709999999999999}",,Finviz via finvizfinance screener views,2026-08-06T23:30:32+02:00
AMGN,AMGEN Inc,revenue_growth;eps_next_year,"{'revenue_growth_yoy': 9.82, 'eps_growth_yoy': 64.92999999999999, 'eps_next_year': 5.04, 'operating_margin': 33.31}",,Finviz via finvizfinance screener views,2026-08-06T23:30:32+02:00
AMKR,AMKOR Technology Inc,eps_growth;eps_next_year,"{'revenue_growth_yoy': 25.580000000000002, 'eps_growth_yoy': 2.1653, 'eps_next_year': 7.9, 'operating_margin': 8.92}",,Finviz via finvizfinance screener views,2026-08-06T23:30:32+02:00
AMLX,Amylyx Pharmaceuticals Inc,eps_next_year;earnings_window,"{'revenue_growth_yoy': None, 'eps_growth_yoy': 10.879999999999999, 'eps_next_year': 6.83, 'operating_margin': None}",,Finviz via finvizfinance screener views,2026-08-06T23:30:32+02:00
AMRX,Amneal Pharmaceuticals Inc,revenue_growth;eps_growth,"{'revenue_growth_yoy': 9.89, 'eps_growth_yoy': 1.5899, 'eps_next_year': 19.51, 'operating_margin': 15.27}",,Finviz via finvizfinance screener views,2026-08-06T23:30:32+02:00
AMZN,Amazon.com Inc,revenue_growth;eps_growth;eps_next_year,"{'revenue_growth_yoy': 19.62, 'eps_growth_yoy': 2.4183, 'eps_next_year': -13.58, 'operating_margin': 12.68}",,Finviz via finvizfinance screener views,2026-08-06T23:30:32+02:00
APA,APA Corp,revenue_growth;eps_growth;eps_next_year,"{'revenue_growth_yoy': 8.95, 'eps_growth_yoy': 26.33, 'eps_next_year': -31.11, 'operating_margin': 41.32}",,Finviz via finvizfinance screener views,2026-08-06T23:30:32+02:00
APLD,Applied Digital Corp,revenue_growth;eps_growth;operating_margin,"{'revenue_growth_yoy': 5.8068, 'eps_growth_yoy': -62.41, 'eps_next_year': 74.77, 'operating_margin': -29.73}",,Finviz via finvizfinance screener views,2026-08-06T23:30:32+02:00
APPN,Appian Corp,eps_growth;operating_margin;earnings_window,"{'revenue_growth_yoy': 21.48, 'eps_growth_yoy': -30.19, 'eps_next_year': 27.2, 'operating_margin': 3.3300000000000005}",,Finviz via finvizfinance screener views,2026-08-06T23:30:32+02:00
ARCC,Ares Capital Corp,revenue_growth;eps_growth,"{'revenue_growth_yoy': -7.3, 'eps_growth_yoy': -54.14, 'eps_next_year': 141.0, 'operating_margin': 58.03}",,Finviz via finvizfinance screener views,2026-08-06T23:30:32+02:00
ARQT,Arcutis Biotherapeutics Inc,operating_margin,"{'revenue_growth_yoy': 60.07, 'eps_growth_yoy': 56.089999999999996, 'eps_next_year': 183.61, 'operating_margin': 0.77}",,Finviz via finvizfinance screener views,2026-08-06T23:30:32+02:00
ARWR,Arrowhead Pharmaceuticals Inc,revenue_growth;eps_growth;eps_next_year;operating_margin,"{'revenue_growth_yoy': 1.7102, 'eps_growth_yoy': -7.51, 'eps_next_year': -34.23, 'operating_margin': -33.82}",,Finviz via finvizfinance screener views,2026-08-06T23:30:32+02:00
ASO,Academy Sports and Outdoors Inc,revenue_growth;eps_growth;eps_next_year,"{'revenue_growth_yoy': 6.7, 'eps_growth_yoy': 18.22, 'eps_next_year': 7.81, 'operating_margin': 8.42}",,Finviz via finvizfinance screener views,2026-08-06T23:30:32+02:00
ASTS,AST SpaceMobile Inc,revenue_growth;eps_growth;operating_margin;earnings_window,"{'revenue_growth_yoy': 19.5223, 'eps_growth_yoy': -2.2195, 'eps_next_year': 48.41, 'operating_margin': -4.4053}",,Finviz via finvizfinance screener views,2026-08-06T23:30:32+02:00
ATRC,Atricure Inc,revenue_growth;eps_growth;operating_margin,"{'revenue_growth_yoy': 12.83, 'eps_growth_yoy': 2.4125, 'eps_next_year': 290.64, 'operating_margin': 2.44}",,Finviz via finvizfinance screener views,2026-08-06T23:30:32+02:00
AUGO,Aura Minerals Inc,eps_next_year,"{'revenue_growth_yoy': 76.42, 'eps_growth_yoy': 22.7156, 'eps_next_year': -33.0, 'operating_margin': 53.42}",,Finviz via finvizfinance screener views,2026-08-06T23:30:32+02:00
AVAV,AeroVironment Inc,operating_margin,"{'revenue_growth_yoy': 133.27, 'eps_growth_yoy': 112.23, 'eps_next_year': 37.62, 'operating_margin': -1.1199999999999999}",,Finviz via finvizfinance screener views,2026-08-06T23:30:32+02:00
AVT,Avnet Inc,eps_growth;operating_margin,"{'revenue_growth_yoy': 33.95, 'eps_growth_yoy': 12.4, 'eps_next_year': 22.89, 'operating_margin': 2.74}",,Finviz via finvizfinance screener views,2026-08-06T23:30:32+02:00
AXGN,Axogen Inc,eps_growth;operating_margin,"{'revenue_growth_yoy': 23.06, 'eps_growth_yoy': -3.3471, 'eps_next_year': 54.87, 'operating_margin': -5.12}",,Finviz via finvizfinance screener views,2026-08-06T23:30:32+02:00
AXON,Axon Enterprise Inc,eps_growth;operating_margin,"{'revenue_growth_yoy': 35.28, 'eps_growth_yoy': -18.2, 'eps_next_year': 37.93, 'operating_margin': 0.9199999999999999}",,Finviz via finvizfinance screener views,2026-08-06T23:30:32+02:00
AXSM,Axsome Therapeutics Inc,eps_growth;operating_margin;earnings_window,"{'revenue_growth_yoy': 57.42, 'eps_growth_yoy': -3.6900000000000004, 'eps_next_year': 336.82, 'operating_margin': -24.93}",,Finviz via finvizfinance screener views,2026-08-06T23:30:32+02:00
AXTI,AXT Inc,revenue_growth;eps_growth;operating_margin,"{'revenue_growth_yoy': 1.6477, 'eps_growth_yoy': 2.0868, 'eps_next_year': 158.88, 'operating_margin': 3.09}",,Finviz via finvizfinance screener views,2026-08-06T23:30:32+02:00
BBIO,BridgeBio Pharma Inc,eps_growth;operating_margin;earnings_window,"{'revenue_growth_yoy': 66.78, 'eps_growth_yoy': 4.35, 'eps_next_year': 125.98, 'operating_margin': -86.94}",,Finviz via finvizfinance screener views,2026-08-06T23:30:32+02:00
BEAM,Beam Therapeutics Inc,revenue_growth;eps_growth;eps_next_year;operating_margin,"{'revenue_growth_yoy': 3.2487, 'eps_growth_yoy': 26.46, 'eps_next_year': -6.19, 'operating_margin': -2.2658}",,Finviz via finvizfinance screener views,2026-08-06T23:30:32+02:00
BIIB,Biogen Inc,revenue_growth;eps_growth,"{'revenue_growth_yoy': 2.3800000000000003, 'eps_growth_yoy': -84.85000000000001, 'eps_next_year': 32.1, 'operating_margin': 19.5}",,Finviz via finvizfinance screener views,2026-08-06T23:30:32+02:00
BKNG,Booking Holdings Inc,revenue_growth,"{'revenue_growth_yoy': 8.15, 'eps_growth_yoy': 130.75, 'eps_next_year': 18.51, 'operating_margin': 35.17}",,Finviz via finvizfinance screener views,2026-08-06T23:30:32+02:00
BKR,Baker Hughes Co,revenue_growth;eps_growth;eps_next_year,"{'revenue_growth_yoy': -2.4299999999999997, 'eps_growth_yoy': -3.44, 'eps_next_year': 14.74, 'operating_margin': 12.959999999999999}",,Finviz via finvizfinance screener views,2026-08-06T23:30:32+02:00
BLKB,Blackbaud Inc,revenue_growth;eps_next_year,"{'revenue_growth_yoy': 3.3000000000000003, 'eps_growth_yoy': 46.300000000000004, 'eps_next_year': 13.82, 'operating_margin': 20.18}",,Finviz via finvizfinance screener views,2026-08-06T23:30:32+02:00
BMRN,Biomarin Pharmaceutical Inc,revenue_growth;eps_growth;earnings_window,"{'revenue_growth_yoy': 6.279999999999999, 'eps_growth_yoy': -43.1, 'eps_next_year': 34.11, 'operating_margin': 22.400000000000002}",,Finviz via finvizfinance screener views,2026-08-06T23:30:32+02:00
BRKR,Bruker Corp,revenue_growth;eps_growth;eps_next_year;operating_margin,"{'revenue_growth_yoy': 2.75, 'eps_growth_yoy': -80.02, 'eps_next_year': 13.58, 'operating_margin': 7.08}",,Finviz via finvizfinance screener views,2026-08-06T23:30:32+02:00
BRZE,Braze Inc,eps_growth;operating_margin,"{'revenue_growth_yoy': 30.2, 'eps_growth_yoy': 29.87, 'eps_next_year': 52.13, 'operating_margin': -16.43}",,Finviz via finvizfinance screener views,2026-08-06T23:30:32+02:00
BSY,Bentley Systems Inc,revenue_growth;eps_growth;eps_next_year;earnings_window,"{'revenue_growth_yoy': 14.48, 'eps_growth_yoy': 7.46, 'eps_next_year': 11.43, 'operating_margin': 24.67}",,Finviz via finvizfinance screener views,2026-08-06T23:30:32+02:00
BTSG,BrightSpring Health Services Inc,eps_growth;operating_margin,"{'revenue_growth_yoy': 23.05, 'eps_growth_yoy': 2.0176, 'eps_next_year': 26.86, 'operating_margin': 3.6799999999999997}",,Finviz via finvizfinance screener views,2026-08-06T23:30:32+02:00
BUSE,First Busey Corp,revenue_growth;eps_next_year,"{'revenue_growth_yoy': -6.05, 'eps_growth_yoy': 32.72, 'eps_next_year': 7.13, 'operating_margin': 27.26}",,Finviz via finvizfinance screener views,2026-08-06T23:30:32+02:00
BWIN,Baldwin Insurance Group Inc,eps_growth;operating_margin,"{'revenue_growth_yoy': 30.130000000000003, 'eps_growth_yoy': -8.0409, 'eps_next_year': 24.83, 'operating_margin': -2.65}",,Finviz via finvizfinance screener views,2026-08-06T23:30:32+02:00
CAE,Cae Inc,revenue_growth;eps_growth;earnings_window,"{'revenue_growth_yoy': 8.81, 'eps_growth_yoy': -44.1, 'eps_next_year': 17.39, 'operating_margin': 12.67}",,Finviz via finvizfinance screener views,2026-08-06T23:30:32+02:00
CAKE,Cheesecake Factory Inc,revenue_growth;eps_growth;eps_next_year;operating_margin,"{'revenue_growth_yoy': 7.720000000000001, 'eps_growth_yoy': 23.78, 'eps_next_year': 10.62, 'operating_margin': 6.98}",,Finviz via finvizfinance screener views,2026-08-06T23:30:32+02:00
CALM,Cal-Maine Foods Inc,revenue_growth;eps_growth,"{'revenue_growth_yoy': -49.93, 'eps_growth_yoy': -110.85000000000001, 'eps_next_year': 135.66, 'operating_margin': 11.790000000000001}",,Finviz via finvizfinance screener views,2026-08-06T23:30:32+02:00
CAR,Avis Budget Group Inc,revenue_growth;eps_growth,"{'revenue_growth_yoy': -1.35, 'eps_growth_yoy': 7.6761, 'eps_next_year': 84.71, 'operating_margin': 11.219999999999999}",,Finviz via finvizfinance screener views,2026-08-06T23:30:32+02:00
CARG,CarGurus Inc,revenue_growth;eps_growth;earnings_window,"{'revenue_growth_yoy': 8.17, 'eps_growth_yoy': -8.799999999999999, 'eps_next_year': 15.93, 'operating_margin': 25.25}",,Finviz via finvizfinance screener views,2026-08-06T23:30:32+02:00
CART,Maplebear Inc,revenue_growth;earnings_window,"{'revenue_growth_yoy': 13.600000000000001, 'eps_growth_yoy': 51.33, 'eps_next_year': 22.86, 'operating_margin': 17.11}",,Finviz via finvizfinance screener views,2026-08-06T23:30:32+02:00
CBRS,Cerebras Systems Inc,operating_margin;earnings_window,"{'revenue_growth_yoy': 94.35, 'eps_growth_yoy': 44.269999999999996, 'eps_next_year': None, 'operating_margin': -21.93}",,Finviz via finvizfinance screener views,2026-08-06T23:30:32+02:00
CBSH,Commerce Bancshares Inc,revenue_growth;eps_growth;eps_next_year,"{'revenue_growth_yoy': 14.280000000000001, 'eps_growth_yoy': 1.17, 'eps_next_year': 6.88, 'operating_margin': 33.739999999999995}",,Finviz via finvizfinance screener views,2026-08-06T23:30:32+02:00
CCEP,Coca-Cola Europacific Partners Plc,revenue_growth;eps_growth;eps_next_year,"{'revenue_growth_yoy': 1.72, 'eps_growth_yoy': 3.0705, 'eps_next_year': 9.59, 'operating_margin': 13.54}",,Finviz via finvizfinance screener views,2026-08-06T23:30:32+02:00
CDNA,Caredx Inc,eps_growth;eps_next_year;operating_margin,"{'revenue_growth_yoy': 52.23, 'eps_growth_yoy': 14.1242, 'eps_next_year': 11.68, 'operating_margin': -0.4}",,Finviz via finvizfinance screener views,2026-08-06T23:30:32+02:00
CDW,CDW Corp,revenue_growth;eps_growth;eps_next_year;operating_margin,"{'revenue_growth_yoy': 9.969999999999999, 'eps_growth_yoy': 4.97, 'eps_next_year': 9.1, 'operating_margin': 7.16}",,Finviz via finvizfinance screener views,2026-08-06T23:30:32+02:00
CECO,Ceco Environmental Corp,revenue_growth;eps_growth;operating_margin;earnings_window,"{'revenue_growth_yoy': 16.54, 'eps_growth_yoy': -101.14000000000001, 'eps_next_year': 56.07, 'operating_margin': 7.26}",,Finviz via finvizfinance screener views,2026-08-06T23:30:32+02:00
CEG,Constellation Energy Corp,eps_growth;eps_next_year;earnings_window,"{'revenue_growth_yoy': 23.45, 'eps_growth_yoy': 10.9518, 'eps_next_year': 13.12, 'operating_margin': 10.75}",,Finviz via finvizfinance screener views,2026-08-06T23:30:32+02:00
CELH,Celsius Holdings Inc,earnings_window,"{'revenue_growth_yoy': 137.68, 'eps_growth_yoy': 125.83, 'eps_next_year': 23.67, 'operating_margin': 19.8}",,Finviz via finvizfinance screener views,2026-08-06T23:30:32+02:00
CENX,Century Aluminum Co,revenue_growth;eps_growth;eps_next_year;earnings_window,"{'revenue_growth_yoy': 2.41, 'eps_growth_yoy': 10.3728, 'eps_next_year': 4.76, 'operating_margin': 8.09}",,Finviz via finvizfinance screener views,2026-08-06T23:30:32+02:00
CG,Carlyle Group Inc,revenue_growth;eps_growth,"{'revenue_growth_yoy': -27.72, 'eps_growth_yoy': -57.53, 'eps_next_year': 41.6, 'operating_margin': 15.25}",,Finviz via finvizfinance screener views,2026-08-06T23:30:32+02:00
CGNX,Cognex Corp,revenue_growth,"{'revenue_growth_yoy': 16.93, 'eps_growth_yoy': 78.94, 'eps_next_year': 20.19, 'operating_margin': 21.9}",,Finviz via finvizfinance screener views,2026-08-06T23:30:32+02:00
CGON,Cg Oncology Inc,revenue_growth;eps_growth;eps_next_year;operating_margin;earnings_window,"{'revenue_growth_yoy': 19.8269, 'eps_growth_yoy': -57.52, 'eps_next_year': 1.87, 'operating_margin': -42.3899}",,Finviz via finvizfinance screener views,2026-08-06T23:30:32+02:00
CHDN,Churchill Downs Inc,revenue_growth;eps_growth;eps_next_year,"{'revenue_growth_yoy': 4.88, 'eps_growth_yoy': 14.499999999999998, 'eps_next_year': 6.55, 'operating_margin': 25.81}",,Finviz via finvizfinance screener views,2026-08-06T23:30:32+02:00
CHKP,Check Point Software Technologies Ltd,revenue_growth;eps_growth;eps_next_year,"{'revenue_growth_yoy': 1.26, 'eps_growth_yoy': 1.9300000000000002, 'eps_next_year': 8.14, 'operating_margin': 29.020000000000003}",,Finviz via finvizfinance screener views,2026-08-06T23:30:32+02:00
CHRD,Chord Energy Corp,eps_growth;eps_next_year,"{'revenue_growth_yoy': 84.04, 'eps_growth_yoy': 2.3708, 'eps_next_year': -28.69, 'operating_margin': 18.93}",,Finviz via finvizfinance screener views,2026-08-06T23:30:32+02:00
CHRW,C.H. Robinson Worldwide Inc,revenue_growth;eps_growth;operating_margin,"{'revenue_growth_yoy': 19.28, 'eps_growth_yoy': 23.810000000000002, 'eps_next_year': 20.74, 'operating_margin': 4.91}",,Finviz via finvizfinance screener views,2026-08-06T23:30:32+02:00
CHTR,Charter Communications Inc,revenue_growth;eps_growth;eps_next_year,"{'revenue_growth_yoy': -1.7399999999999998, 'eps_growth_yoy': 16.04, 'eps_next_year': 9.59, 'operating_margin': 23.98}",,Finviz via finvizfinance screener views,2026-08-06T23:30:32+02:00
CHYM,Chime Financial Inc,operating_margin,"{'revenue_growth_yoy': 28.389999999999997, 'eps_growth_yoy': 102.84, 'eps_next_year': 110.28, 'operating_margin': -0.79}",,Finviz via finvizfinance screener views,2026-08-06T23:30:32+02:00
CIFR,Cipher Digital Inc,operating_margin,"{'revenue_growth_yoy': None, 'eps_growth_yoy': -4.3522, 'eps_next_year': 77.95, 'operating_margin': -89.47}",,Finviz via finvizfinance screener views,2026-08-06T23:30:32+02:00
CINF,Cincinnati Financial Corp,eps_next_year,"{'revenue_growth_yoy': 31.59, 'eps_growth_yoy': 85.68, 'eps_next_year': 7.03, 'operating_margin': 30.159999999999997}",,Finviz via finvizfinance screener views,2026-08-06T23:30:32+02:00
CLBT,Cellebrite DI Ltd,revenue_growth;eps_growth;earnings_window,"{'revenue_growth_yoy': 19.3, 'eps_growth_yoy': -37.82, 'eps_next_year': 34.67, 'operating_margin': 13.55}",,Finviz via finvizfinance screener views,2026-08-06T23:30:32+02:00
CLDX,Celldex Therapeutics Inc,revenue_growth;eps_growth;eps_next_year;operating_margin;earnings_window,"{'revenue_growth_yoy': -97.84, 'eps_growth_yoy': -45.87, 'eps_next_year': -2.0, 'operating_margin': -356.8845}",,Finviz via finvizfinance screener views,2026-08-06T23:30:32+02:00
CLMT,Calumet Inc,revenue_growth;eps_growth;operating_margin;earnings_window,"{'revenue_growth_yoy': 3.5999999999999996, 'eps_growth_yoy': -94.39999999999999, 'eps_next_year': 159.11, 'operating_margin': -0.15}",,Finviz via finvizfinance screener views,2026-08-06T23:30:32+02:00
CMCSA,Comcast Corp,revenue_growth;eps_growth;eps_next_year,"{'revenue_growth_yoy': -1.23, 'eps_growth_yoy': -66.9, 'eps_next_year': 3.17, 'operating_margin': 14.85}",,Finviz via finvizfinance screener views,2026-08-06T23:30:32+02:00
CME,CME Group Inc,revenue_growth;eps_growth;eps_next_year,"{'revenue_growth_yoy': 0.84, 'eps_growth_yoy': 2.6599999999999997, 'eps_next_year': 5.41, 'operating_margin': 65.10000000000001}",,Finviz via finvizfinance screener views,2026-08-06T23:30:32+02:00
COCO,Vita Coco Company Inc,eps_next_year,"{'revenue_growth_yoy': 28.08, 'eps_growth_yoy': 112.29, 'eps_next_year': 12.67, 'operating_margin': 19.1}",,Finviz via finvizfinance screener views,2026-08-06T23:30:32+02:00
COHU,Cohu Inc,operating_margin,"{'revenue_growth_yoy': 38.37, 'eps_growth_yoy': 99.06, 'eps_next_year': 94.34, 'operating_margin': -6.38}",,Finviz via finvizfinance screener views,2026-08-06T23:30:32+02:00
COIN,Coinbase Global Inc,revenue_growth;eps_growth;operating_margin,"{'revenue_growth_yoy': -61.1, 'eps_growth_yoy': -126.57000000000001, 'eps_next_year': 229.19, 'operating_margin': -37.56}",,Finviz via finvizfinance screener views,2026-08-06T23:30:32+02:00
COLB,Columbia Banking System Inc,eps_growth;eps_next_year,"{'revenue_growth_yoy': 21.959999999999997, 'eps_growth_yoy': 0.03, 'eps_next_year': 8.65, 'operating_margin': 30.620000000000005}",,Finviz via finvizfinance screener views,2026-08-06T23:30:32+02:00
COO,Cooper Companies Inc,revenue_growth;eps_growth;eps_next_year,"{'revenue_growth_yoy': 7.9, 'eps_growth_yoy': -1.9142, 'eps_next_year': 8.11, 'operating_margin': 18.19}",,Finviz via finvizfinance screener views,2026-08-06T23:30:32+02:00
CORT,Corcept Therapeutics Inc,eps_growth;operating_margin,"{'revenue_growth_yoy': 31.740000000000002, 'eps_growth_yoy': 23.91, 'eps_next_year': 85.37, 'operating_margin': 0.77}",,Finviz via finvizfinance screener views,2026-08-06T23:30:32+02:00
CORZ,Core Scientific Inc,eps_growth;operating_margin,"{'revenue_growth_yoy': 108.83, 'eps_growth_yoy': -78.6882, 'eps_next_year': 107.0, 'operating_margin': -30.620000000000005}",,Finviz via finvizfinance screener views,2026-08-06T23:30:32+02:00
COST,Costco Wholesale Corp,revenue_growth;eps_growth;eps_next_year;operating_margin,"{'revenue_growth_yoy': 11.58, 'eps_growth_yoy': 15.27, 'eps_next_year': 10.52, 'operating_margin': 3.82}",,Finviz via finvizfinance screener views,2026-08-06T23:30:32+02:00
CPB,Campbells Co,revenue_growth;eps_next_year,"{'revenue_growth_yoy': -4.3999999999999995, 'eps_growth_yoy': 87.9, 'eps_next_year': -12.66, 'operating_margin': 11.95}",,Finviz via finvizfinance screener views,2026-08-06T23:30:32+02:00
CPRT,Copart Inc,revenue_growth;eps_growth;eps_next_year,"{'revenue_growth_yoy': 2.09, 'eps_growth_yoy': 2.67, 'eps_next_year': 5.69, 'operating_margin': 36.57}",,Finviz via finvizfinance screener views,2026-08-06T23:30:32+02:00
CRDO,Credo Technology Group Holding Ltd,revenue_growth;eps_growth,"{'revenue_growth_yoy': 1.5702, 'eps_growth_yoy': 3.3683, 'eps_next_year': 47.81, 'operating_margin': 34.03}",,Finviz via finvizfinance screener views,2026-08-06T23:30:32+02:00
CRNX,Crinetics Pharmaceuticals Inc,eps_growth;eps_next_year;operating_margin,"{'revenue_growth_yoy': 23.3628, 'eps_growth_yoy': 7.140000000000001, 'eps_next_year': 13.21, 'operating_margin': -13.0252}",,Finviz via finvizfinance screener views,2026-08-06T23:30:32+02:00
CROX,Crocs Inc,revenue_growth;eps_next_year,"{'revenue_growth_yoy': 2.62, 'eps_growth_yoy': 146.78, 'eps_next_year': 7.18, 'operating_margin': 20.810000000000002}",,Finviz via finvizfinance screener views,2026-08-06T23:30:32+02:00
CRSP,CRISPR Therapeutics AG,revenue_growth;operating_margin,"{'revenue_growth_yoy': 10.4137, 'eps_growth_yoy': 60.57, 'eps_next_year': 26.04, 'operating_margin': -39.7153}",,Finviz via finvizfinance screener views,2026-08-06T23:30:32+02:00
CRWD,Crowdstrike Holdings Inc,operating_margin,"{'revenue_growth_yoy': 25.569999999999997, 'eps_growth_yoy': 124.25999999999999, 'eps_next_year': 26.46, 'operating_margin': -2.15}",,Finviz via finvizfinance screener views,2026-08-06T23:30:32+02:00
CRWV,CoreWeave Inc,eps_growth;operating_margin;earnings_window,"{'revenue_growth_yoy': 111.69, 'eps_growth_yoy': -76.42999999999999, 'eps_next_year': 65.8, 'operating_margin': -2.6}",,Finviz via finvizfinance screener views,2026-08-06T23:30:32+02:00
CSCO,Cisco Systems Inc,revenue_growth;eps_next_year;earnings_window,"{'revenue_growth_yoy': 11.959999999999999, 'eps_growth_yoy': 36.1, 'eps_next_year': 12.05, 'operating_margin': 23.94}",,Finviz via finvizfinance screener views,2026-08-06T23:30:32+02:00
CSGP,Costar Group Inc,revenue_growth;eps_growth;operating_margin,"{'revenue_growth_yoy': 18.39, 'eps_growth_yoy': 8.3151, 'eps_next_year': 25.4, 'operating_margin': 2.4299999999999997}",,Finviz via finvizfinance screener views,2026-08-06T23:30:32+02:00
CSX,CSX Corp,revenue_growth;eps_growth;eps_next_year,"{'revenue_growth_yoy': 10.100000000000001, 'eps_growth_yoy': 21.78, 'eps_next_year': 13.33, 'operating_margin': 35.27}",,Finviz via finvizfinance screener views,2026-08-06T23:30:32+02:00
CTAS,Cintas Corp,revenue_growth;eps_growth;eps_next_year,"{'revenue_growth_yoy': 8.9, 'eps_growth_yoy': 15.559999999999999, 'eps_next_year': 11.39, 'operating_margin': 23.26}",,Finviz via finvizfinance screener views,2026-08-06T23:30:32+02:00
CTSH,Cognizant Technology Solutions Corp,revenue_growth;eps_growth;eps_next_year,"{'revenue_growth_yoy': 4.5, 'eps_growth_yoy': 4.1000000000000005, 'eps_next_year': 9.81, 'operating_margin': 16.11}",,Finviz via finvizfinance screener views,2026-08-06T23:30:32+02:00
CVBF,CVB Financial Corp,eps_growth,"{'revenue_growth_yoy': 37.86, 'eps_growth_yoy': -21.14, 'eps_next_year': 31.52, 'operating_margin': 43.64}",,Finviz via finvizfinance screener views,2026-08-06T23:30:32+02:00
CVLT,Commvault Systems Inc,revenue_growth;eps_growth;eps_next_year,"{'revenue_growth_yoy': 11.4, 'eps_growth_yoy': -2.7, 'eps_next_year': 14.02, 'operating_margin': 9.01}",,Finviz via finvizfinance screener views,2026-08-06T23:30:32+02:00
CYTK,Cytokinetics Inc,revenue_growth;eps_growth;operating_margin;earnings_window,"{'revenue_growth_yoy': 11.2578, 'eps_growth_yoy': -22.720000000000002, 'eps_next_year': 26.12, 'operating_margin': -6.0506}",,Finviz via finvizfinance screener views,2026-08-06T23:30:32+02:00
CZR,Caesars Entertainment Inc,revenue_growth;eps_growth,"{'revenue_growth_yoy': 2.96, 'eps_growth_yoy': 22.53, 'eps_next_year': 118.36, 'operating_margin': 17.69}",,Finviz via finvizfinance screener views,2026-08-06T23:30:32+02:00
DASH,DoorDash Inc,eps_growth;operating_margin,"{'revenue_growth_yoy': 35.63, 'eps_growth_yoy': -29.98, 'eps_next_year': 74.06, 'operating_margin': 5.46}",,Finviz via finvizfinance screener views,2026-08-06T23:30:32+02:00
DBX,Dropbox Inc,revenue_growth;eps_growth;eps_next_year;earnings_window,"{'revenue_growth_yoy': 0.77, 'eps_growth_yoy': -4.84, 'eps_next_year': 12.08, 'operating_margin': 26.85}",,Finviz via finvizfinance screener views,2026-08-06T23:30:32+02:00
DDOG,Datadog Inc,operating_margin;earnings_window,"{'revenue_growth_yoy': 32.15, 'eps_growth_yoy': 115.46000000000001, 'eps_next_year': 17.14, 'operating_margin': -0.65}",,Finviz via finvizfinance screener views,2026-08-06T23:30:32+02:00
DKNG,DraftKings Inc,revenue_growth;operating_margin;earnings_window,"{'revenue_growth_yoy': 16.84, 'eps_growth_yoy': 144.9, 'eps_next_year': 356.49, 'operating_margin': 0.6799999999999999}",,Finviz via finvizfinance screener views,2026-08-06T23:30:32+02:00
DLTR,Dollar Tree Inc,revenue_growth;eps_growth;eps_next_year,"{'revenue_growth_yoy': 7.24, 'eps_growth_yoy': 9.59, 'eps_next_year': 10.18, 'operating_margin': 8.44}",,Finviz via finvizfinance screener views,2026-08-06T23:30:32+02:00
DNTH,Dianthus Therapeutics Inc,revenue_growth;eps_growth;eps_next_year;operating_margin,"{'revenue_growth_yoy': 2.943, 'eps_growth_yoy': -1.51, 'eps_next_year': -21.6, 'operating_margin': -114.4139}",,Finviz via finvizfinance screener views,2026-08-06T23:30:32+02:00
DOCU,DocuSign Inc,revenue_growth;eps_growth;eps_next_year,"{'revenue_growth_yoy': 8.72, 'eps_growth_yoy': 17.51, 'eps_next_year': 12.57, 'operating_margin': 10.639999999999999}",,Finviz via finvizfinance screener views,2026-08-06T23:30:32+02:00
DOX,Amdocs Ltd,revenue_growth;eps_growth;eps_next_year,"{'revenue_growth_yoy': 3.92, 'eps_growth_yoy': -11.62, 'eps_next_year': 8.87, 'operating_margin': 17.24}",,Finviz via finvizfinance screener views,2026-08-06T23:30:32+02:00
DPZ,Dominos Pizza Inc,revenue_growth;eps_growth;eps_next_year,"{'revenue_growth_yoy': 4.3, 'eps_growth_yoy': 6.92, 'eps_next_year': 9.9, 'operating_margin': 19.3}",,Finviz via finvizfinance screener views,2026-08-06T23:30:32+02:00
DRS,Leonardo DRS Inc,revenue_growth;eps_next_year,"{'revenue_growth_yoy': 10.13, 'eps_growth_yoy': 59.34, 'eps_next_year': 6.72, 'operating_margin': 10.56}",,Finviz via finvizfinance screener views,2026-08-06T23:30:32+02:00
DUOL,Duolingo Inc,revenue_growth;eps_growth,"{'revenue_growth_yoy': 18.310000000000002, 'eps_growth_yoy': -28.439999999999998, 'eps_next_year': 19.6, 'operating_margin': 14.180000000000001}",,Finviz via finvizfinance screener views,2026-08-06T23:30:32+02:00
DXCM,Dexcom Inc,revenue_growth,"{'revenue_growth_yoy': 13.08, 'eps_growth_yoy': 43.63, 'eps_next_year': 17.09, 'operating_margin': 22.919999999999998}",,Finviz via finvizfinance screener views,2026-08-06T23:30:32+02:00
EA,Electronic Arts Inc,eps_next_year,"{'revenue_growth_yoy': 20.080000000000002, 'eps_growth_yoy': 97.52, 'eps_next_year': 9.67, 'operating_margin': 18.56}",,Finviz via finvizfinance screener views,2026-08-06T23:30:32+02:00
EBAY,EBay Inc,revenue_growth;eps_next_year,"{'revenue_growth_yoy': 14.299999999999999, 'eps_growth_yoy': 54.53, 'eps_next_year': 9.86, 'operating_margin': 21.87}",,Finviz via finvizfinance screener views,2026-08-06T23:30:32+02:00
EBC,Eastern Bankshares Inc,eps_growth;eps_next_year,"{'revenue_growth_yoy': 26.31, 'eps_growth_yoy': -4.71, 'eps_next_year': 13.87, 'operating_margin': 26.919999999999998}",,Finviz via finvizfinance screener views,2026-08-06T23:30:32+02:00
ECHO,EchoStar Corp,revenue_growth;eps_growth;eps_next_year;operating_margin,"{'revenue_growth_yoy': -3.9899999999999998, 'eps_growth_yoy': 23.649, 'eps_next_year': -86.58, 'operating_margin': 7.1499999999999995}",,Finviz via finvizfinance screener views,2026-08-06T23:30:32+02:00
ENPH,Enphase Energy Inc,revenue_growth;eps_growth;eps_next_year,"{'revenue_growth_yoy': -19.63, 'eps_growth_yoy': -2.55, 'eps_next_year': 9.81, 'operating_margin': 25.629999999999995}",,Finviz via finvizfinance screener views,2026-08-06T23:30:32+02:00
ENSG,Ensign Group Inc,revenue_growth;eps_growth;eps_next_year,"{'revenue_growth_yoy': 17.330000000000002, 'eps_growth_yoy': 16.43, 'eps_next_year': 9.73, 'operating_margin': 8.780000000000001}",,Finviz via finvizfinance screener views,2026-08-06T23:30:32+02:00
ENTG,Entegris Inc,revenue_growth,"{'revenue_growth_yoy': 5.01, 'eps_growth_yoy': 45.12, 'eps_next_year': 29.28, 'operating_margin': 16.0}",,Finviz via finvizfinance screener views,2026-08-06T23:30:32+02:00
EQPT,Equipmentshare.Com Inc,revenue_growth;eps_growth;earnings_window,"{'revenue_growth_yoy': -36.32, 'eps_growth_yoy': -2.0693, 'eps_next_year': 68.92, 'operating_margin': None}",,Finviz via finvizfinance screener views,2026-08-06T23:30:32+02:00
ETOR,Etoro Group Ltd,revenue_growth;eps_growth;earnings_window,"{'revenue_growth_yoy': 18.04, 'eps_growth_yoy': 17.96, 'eps_next_year': 19.23, 'operating_margin': 29.770000000000003}",,Finviz via finvizfinance screener views,2026-08-06T23:30:32+02:00
EVRG,Evergy Inc,revenue_growth;eps_growth;eps_next_year;earnings_window,"{'revenue_growth_yoy': 3.81, 'eps_growth_yoy': 19.38, 'eps_next_year': 7.08, 'operating_margin': 25.130000000000003}",,Finviz via finvizfinance screener views,2026-08-06T23:30:32+02:00
EWBC,East West Bancorp Inc,revenue_growth;eps_growth;eps_next_year,"{'revenue_growth_yoy': 4.7, 'eps_growth_yoy': 14.97, 'eps_next_year': 6.48, 'operating_margin': 39.629999999999995}",,Finviz via finvizfinance screener views,2026-08-06T23:30:32+02:00
EXC,Exelon Corp,revenue_growth;eps_growth;eps_next_year,"{'revenue_growth_yoy': 9.950000000000001, 'eps_growth_yoy': -0.31, 'eps_next_year': 6.18, 'operating_margin': 20.79}",,Finviz via finvizfinance screener views,2026-08-06T23:30:32+02:00
EXE,Expand Energy Corp,revenue_growth;eps_growth;eps_next_year,"{'revenue_growth_yoy': -10.61, 'eps_growth_yoy': -45.58, 'eps_next_year': -4.44, 'operating_margin': 21.529999999999998}",,Finviz via finvizfinance screener views,2026-08-06T23:30:32+02:00
EXEL,Exelixis Inc,revenue_growth;eps_growth,"{'revenue_growth_yoy': 10.63, 'eps_growth_yoy': 25.629999999999995, 'eps_next_year': 15.72, 'operating_margin': 40.72}",,Finviz via finvizfinance screener views,2026-08-06T23:30:32+02:00
EXLS,ExlService Holdings Inc,revenue_growth;eps_growth;eps_next_year,"{'revenue_growth_yoy': 15.61, 'eps_growth_yoy': 4.92, 'eps_next_year': 13.48, 'operating_margin': 14.42}",,Finviz via finvizfinance screener views,2026-08-06T23:30:32+02:00
EXPE,Expedia Group Inc,revenue_growth;eps_growth,"{'revenue_growth_yoy': 13.969999999999999, 'eps_growth_yoy': 1.8833, 'eps_next_year': 16.65, 'operating_margin': 16.64}",,Finviz via finvizfinance screener views,2026-08-06T23:30:32+02:00
EXTR,Extreme Networks Inc,revenue_growth;eps_growth;operating_margin,"{'revenue_growth_yoy': 10.280000000000001, 'eps_growth_yoy': 3.2959, 'eps_next_year': 16.44, 'operating_margin': 5.050000000000001}",,Finviz via finvizfinance screener views,2026-08-06T23:30:32+02:00
FA,First Advantage Corp,revenue_growth;earnings_window,"{'revenue_growth_yoy': 8.63, 'eps_growth_yoy': 105.2, 'eps_next_year': 18.12, 'operating_margin': 10.2}",,Finviz via finvizfinance screener views,2026-08-06T23:30:32+02:00
FANG,Diamondback Energy Inc,eps_growth;eps_next_year,"{'revenue_growth_yoy': 51.22, 'eps_growth_yoy': 1.7968, 'eps_next_year': -12.05, 'operating_margin': 35.05}",,Finviz via finvizfinance screener views,2026-08-06T23:30:32+02:00
FAST,Fastenal Co,revenue_growth;eps_growth;eps_next_year,"{'revenue_growth_yoy': 14.74, 'eps_growth_yoy': 15.879999999999999, 'eps_next_year': 10.74, 'operating_margin': 20.29}",,Finviz via finvizfinance screener views,2026-08-06T23:30:32+02:00
FER,Ferrovial N. V,revenue_growth;eps_growth,"{'revenue_growth_yoy': 6.64, 'eps_growth_yoy': 9.5324, 'eps_next_year': 18.95, 'operating_margin': 10.42}",,Finviz via finvizfinance screener views,2026-08-06T23:30:32+02:00
FFBC,First Financial Bancorp,revenue_growth;eps_growth;eps_next_year,"{'revenue_growth_yoy': 12.98, 'eps_growth_yoy': -0.15, 'eps_next_year': 11.57, 'operating_margin': 26.06}",,Finviz via finvizfinance screener views,2026-08-06T23:30:32+02:00
FFIN,First Financial Bankshares Inc,revenue_growth;eps_growth;eps_next_year,"{'revenue_growth_yoy': 8.43, 'eps_growth_yoy': 7.61, 'eps_next_year': 5.57, 'operating_margin': 37.86}",,Finviz via finvizfinance screener views,2026-08-06T23:30:32+02:00
FHB,First Hawaiian INC,revenue_growth;eps_growth;eps_next_year,"{'revenue_growth_yoy': 0.7100000000000001, 'eps_growth_yoy': 3.04, 'eps_next_year': 7.12, 'operating_margin': 31.730000000000004}",,Finviz via finvizfinance screener views,2026-08-06T23:30:32+02:00
FIBK,First Interstate BancSystem Inc,revenue_growth;eps_growth,"{'revenue_growth_yoy': -7.8, 'eps_growth_yoy': 24.97, 'eps_next_year': 35.0, 'operating_margin': 29.409999999999997}",,Finviz via finvizfinance screener views,2026-08-06T23:30:32+02:00
FIGR,Figure Technology Solutions Inc,eps_growth;earnings_window,"{'revenue_growth_yoy': 72.52, 'eps_growth_yoy': 5.8272, 'eps_next_year': 30.39, 'operating_margin': 38.98}",,Finviz via finvizfinance screener views,2026-08-06T23:30:32+02:00
FISV,Fiserv Inc,revenue_growth;eps_growth;eps_next_year;earnings_window,"{'revenue_growth_yoy': -2.01, 'eps_growth_yoy': -29.23, 'eps_next_year': 9.87, 'operating_margin': 24.5}",,Finviz via finvizfinance screener views,2026-08-06T23:30:32+02:00
FIVE,Five Below Inc,eps_growth;eps_next_year,"{'revenue_growth_yoy': 32.46, 'eps_growth_yoy': 1.9681, 'eps_next_year': 6.93, 'operating_margin': 11.04}",,Finviz via finvizfinance screener views,2026-08-06T23:30:32+02:00
FIVN,Five9 Inc,revenue_growth;operating_margin;earnings_window,"{'revenue_growth_yoy': 9.16, 'eps_growth_yoy': 32.3438, 'eps_next_year': 16.0, 'operating_margin': 5.08}",,Finviz via finvizfinance screener views,2026-08-06T23:30:32+02:00
FLEX,Flex Ltd,operating_margin,"{'revenue_growth_yoy': 20.580000000000002, 'eps_growth_yoy': 51.22, 'eps_next_year': 51.51, 'operating_margin': 5.58}",,Finviz via finvizfinance screener views,2026-08-06T23:30:32+02:00
FLY,Firefly Aerospace Inc,eps_growth;operating_margin;earnings_window,"{'revenue_growth_yoy': 44.800000000000004, 'eps_growth_yoy': -20.349999999999998, 'eps_next_year': 35.37, 'operating_margin': -1.5862}",,Finviz via finvizfinance screener views,2026-08-06T23:30:32+02:00
FLYW,Flywire Corp,operating_margin,"{'revenue_growth_yoy': 27.18, 'eps_growth_yoy': 32.39, 'eps_next_year': 59.97, 'operating_margin': 5.94}",,Finviz via finvizfinance screener views,2026-08-06T23:30:32+02:00
FORM,FormFactor Inc,eps_growth,"{'revenue_growth_yoy': 31.89, 'eps_growth_yoy': 5.0247, 'eps_next_year': 22.96, 'operating_margin': 15.06}",,Finviz via finvizfinance screener views,2026-08-06T23:30:32+02:00
FOX,Fox Corp,revenue_growth;eps_growth;eps_next_year;earnings_window,"{'revenue_growth_yoy': -8.63, 'eps_growth_yoy': -48.79, 'eps_next_year': -52.0, 'operating_margin': 20.05}",,Finviz via finvizfinance screener views,2026-08-06T23:30:32+02:00
FOXA,Fox Corp,revenue_growth;eps_growth;eps_next_year;earnings_window,"{'revenue_growth_yoy': -8.63, 'eps_growth_yoy': -48.79, 'eps_next_year': -18.0, 'operating_margin': 20.05}",,Finviz via finvizfinance screener views,2026-08-06T23:30:32+02:00
FROG,JFrog Ltd,operating_margin;earnings_window,"{'revenue_growth_yoy': 25.790000000000003, 'eps_growth_yoy': 57.82000000000001, 'eps_next_year': 17.64, 'operating_margin': -15.329999999999998}",,Finviz via finvizfinance screener views,2026-08-06T23:30:32+02:00
FRPT,Freshpet Inc,revenue_growth;eps_growth;eps_next_year,"{'revenue_growth_yoy': 15.45, 'eps_growth_yoy': 19.71, 'eps_next_year': -7.43, 'operating_margin': 8.260000000000002}",,Finviz via finvizfinance screener views,2026-08-06T23:30:32+02:00
FRVO,Fervo Energy Co,earnings_window,"{'revenue_growth_yoy': None, 'eps_growth_yoy': None, 'eps_next_year': None, 'operating_margin': None}",,Finviz via finvizfinance screener views,2026-08-06T23:30:32+02:00
FSLR,First Solar Inc,revenue_growth;eps_growth,"{'revenue_growth_yoy': -3.73, 'eps_growth_yoy': 23.36, 'eps_next_year': 34.4, 'operating_margin': 34.98}",,Finviz via finvizfinance screener views,2026-08-06T23:30:32+02:00
FSLY,Fastly Inc,revenue_growth;eps_next_year;operating_margin,"{'revenue_growth_yoy': 19.759999999999998, 'eps_growth_yoy': 51.1, 'eps_next_year': 11.48, 'operating_margin': -15.98}",,Finviz via finvizfinance screener views,2026-08-06T23:30:32+02:00
FTAI,FTAI Aviation Ltd,eps_growth,"{'revenue_growth_yoy': 40.79, 'eps_growth_yoy': -27.900000000000002, 'eps_next_year': 104.32, 'operating_margin': 25.119999999999997}",,Finviz via finvizfinance screener views,2026-08-06T23:30:32+02:00
FTNT,Fortinet Inc,eps_next_year,"{'revenue_growth_yoy': 25.64, 'eps_growth_yoy': 43.86, 'eps_next_year': 9.48, 'operating_margin': 32.37}",,Finviz via finvizfinance screener views,2026-08-06T23:30:32+02:00
FULT,Fulton Financial Corp,revenue_growth;eps_growth;eps_next_year,"{'revenue_growth_yoy': 7.580000000000001, 'eps_growth_yoy': -1.08, 'eps_next_year': 10.09, 'operating_margin': 26.540000000000003}",,Finviz via finvizfinance screener views,2026-08-06T23:30:32+02:00
FWONK,Liberty Media Corp,eps_growth;earnings_window,"{'revenue_growth_yoy': 59.06, 'eps_growth_yoy': 3.0073, 'eps_next_year': 26.67, 'operating_margin': 15.49}",,Finviz via finvizfinance screener views,2026-08-06T23:30:32+02:00
GEHC,GE HealthCare Technologies Inc,revenue_growth;eps_growth;eps_next_year,"{'revenue_growth_yoy': 5.75, 'eps_growth_yoy': 16.45, 'eps_next_year': 10.4, 'operating_margin': 13.73}",,Finviz via finvizfinance screener views,2026-08-06T23:30:32+02:00
GEN,Gen Digital Inc,eps_growth;eps_next_year;earnings_window,"{'revenue_growth_yoy': 27.029999999999998, 'eps_growth_yoy': 2.6938, 'eps_next_year': 13.39, 'operating_margin': 43.1}",,Finviz via finvizfinance screener views,2026-08-06T23:30:32+02:00
GFS,GlobalFoundries Inc,revenue_growth;eps_growth,"{'revenue_growth_yoy': 5.81, 'eps_growth_yoy': -27.05, 'eps_next_year': 31.7, 'operating_margin': 11.59}",,Finviz via finvizfinance screener views,2026-08-06T23:30:32+02:00
GH,Guardant Health Inc,eps_growth;operating_margin,"{'revenue_growth_yoy': 44.330000000000005, 'eps_growth_yoy': -12.34, 'eps_next_year': 39.43, 'operating_margin': -39.7}",,Finviz via finvizfinance screener views,2026-08-06T23:30:32+02:00
GILD,Gilead Sciences Inc,revenue_growth;eps_growth,"{'revenue_growth_yoy': 10.48, 'eps_growth_yoy': -6.4066, 'eps_next_year': 2014.08, 'operating_margin': 41.13}",,Finviz via finvizfinance screener views,2026-08-06T23:30:32+02:00
GLBE,Global E Online Ltd,eps_growth;earnings_window,"{'revenue_growth_yoy': 32.76, 'eps_growth_yoy': 2.6556, 'eps_next_year': 34.92, 'operating_margin': 12.1}",,Finviz via finvizfinance screener views,2026-08-06T23:30:32+02:00
GLNG,Golar Lng,eps_growth;eps_next_year;earnings_window,"{'revenue_growth_yoy': 120.08000000000001, 'eps_growth_yoy': 9.4853, 'eps_next_year': -55.47, 'operating_margin': 41.449999999999996}",,Finviz via finvizfinance screener views,2026-08-06T23:30:32+02:00
GLPI,Gaming and Leisure Properties Inc,revenue_growth;eps_next_year,"{'revenue_growth_yoy': 9.030000000000001, 'eps_growth_yoy': 46.54, 'eps_next_year': 3.23, 'operating_margin': 82.62}",,Finviz via finvizfinance screener views,2026-08-06T23:30:32+02:00
GLXY,Galaxy Digital Inc,revenue_growth;eps_growth;operating_margin,"{'revenue_growth_yoy': -3.82, 'eps_growth_yoy': -2.0069, 'eps_next_year': 79.08, 'operating_margin': 0.8699999999999999}",,Finviz via finvizfinance screener views,2026-08-06T23:30:32+02:00
GNTX,Gentex Corp,revenue_growth;eps_growth;eps_next_year,"{'revenue_growth_yoy': -1.0, 'eps_growth_yoy': 25.53, 'eps_next_year': 7.35, 'operating_margin': 19.55}",,Finviz via finvizfinance screener views,2026-08-06T23:30:32+02:00
GOOG,Alphabet Inc,eps_growth;eps_next_year,"{'revenue_growth_yoy': 23.98, 'eps_growth_yoy': 2.9402, 'eps_next_year': -25.88, 'operating_margin': 33.96}",,Finviz via finvizfinance screener views,2026-08-06T23:30:32+02:00
GOOGL,Alphabet Inc,eps_growth;eps_next_year,"{'revenue_growth_yoy': 23.98, 'eps_growth_yoy': 2.9402, 'eps_next_year': -25.85, 'operating_margin': 33.96}",,Finviz via finvizfinance screener views,2026-08-06T23:30:32+02:00
GSAT,Globalstar Inc,revenue_growth;eps_growth;earnings_window,"{'revenue_growth_yoy': 16.71, 'eps_growth_yoy': 1.08, 'eps_next_year': 72.21, 'operating_margin': 8.61}",,Finviz via finvizfinance screener views,2026-08-06T23:30:32+02:00
GTLB,Gitlab Inc,operating_margin,"{'revenue_growth_yoy': 23.150000000000002, 'eps_growth_yoy': 86.57000000000001, 'eps_next_year': 25.2, 'operating_margin': -4.4799999999999995}",,Finviz via finvizfinance screener views,2026-08-06T23:30:32+02:00
GTX,Garrett Motion Inc,revenue_growth;eps_growth;eps_next_year,"{'revenue_growth_yoy': 6.9, 'eps_growth_yoy': 25.009999999999998, 'eps_next_year': 14.0, 'operating_margin': 14.81}",,Finviz via finvizfinance screener views,2026-08-06T23:30:32+02:00
HALO,Halozyme Therapeutics Inc,earnings_window,"{'revenue_growth_yoy': 42.230000000000004, 'eps_growth_yoy': 30.959999999999997, 'eps_next_year': 25.5, 'operating_margin': 56.96}",,Finviz via finvizfinance screener views,2026-08-06T23:30:32+02:00
HAS,Hasbro Inc,revenue_growth;eps_next_year,"{'revenue_growth_yoy': 16.189999999999998, 'eps_growth_yoy': 118.42999999999999, 'eps_next_year': 5.86, 'operating_margin': 28.13}",,Finviz via finvizfinance screener views,2026-08-06T23:30:32+02:00
HBAN,Huntington Bancshares Inc,eps_growth,"{'revenue_growth_yoy': 38.019999999999996, 'eps_growth_yoy': -2.56, 'eps_next_year': 35.81, 'operating_margin': 20.51}",,Finviz via finvizfinance screener views,2026-08-06T23:30:32+02:00
HLNE,Hamilton Lane Inc,eps_next_year,"{'revenue_growth_yoy': 56.48, 'eps_growth_yoy': 50.480000000000004, 'eps_next_year': 2.87, 'operating_margin': 54.620000000000005}",,Finviz via finvizfinance screener views,2026-08-06T23:30:32+02:00
HON,Honeywell International Inc,revenue_growth;eps_growth,"{'revenue_growth_yoy': -6.12, 'eps_growth_yoy': 2.6401, 'eps_next_year': 20.72, 'operating_margin': 19.17}",,Finviz via finvizfinance screener views,2026-08-06T23:30:32+02:00
HQY,Healthequity Inc,revenue_growth,"{'revenue_growth_yoy': 7.13, 'eps_growth_yoy': 33.910000000000004, 'eps_next_year': 15.42, 'operating_margin': 25.95}",,Finviz via finvizfinance screener views,2026-08-06T23:30:32+02:00
HRMY,Harmony Biosciences Holdings Inc,revenue_growth;eps_growth;eps_next_year,"{'revenue_growth_yoy': 16.59, 'eps_growth_yoy': -28.999999999999996, 'eps_next_year': 9.1, 'operating_margin': 21.08}",,Finviz via finvizfinance screener views,2026-08-06T23:30:32+02:00
HSIC,Henry Schein Inc,revenue_growth;eps_growth;eps_next_year;operating_margin,"{'revenue_growth_yoy': 6.7299999999999995, 'eps_growth_yoy': 17.18, 'eps_next_year': 11.46, 'operating_margin': 5.9799999999999995}",,Finviz via finvizfinance screener views,2026-08-06T23:30:32+02:00
HST,Host Hotels & Resorts Inc,revenue_growth;eps_growth;eps_next_year,"{'revenue_growth_yoy': 3.4000000000000004, 'eps_growth_yoy': 8.32, 'eps_next_year': -24.57, 'operating_margin': 14.360000000000001}",,Finviz via finvizfinance screener views,2026-08-06T23:30:32+02:00
HTFL,Heartflow Inc,eps_growth;operating_margin;earnings_window,"{'revenue_growth_yoy': 41.339999999999996, 'eps_growth_yoy': 19.77, 'eps_next_year': 43.67, 'operating_margin': -35.83}",,Finviz via finvizfinance screener views,2026-08-06T23:30:32+02:00
HUBG,Hub Group Inc,revenue_growth;eps_growth;operating_margin,"{'revenue_growth_yoy': -5.3100000000000005, 'eps_growth_yoy': 22.21, 'eps_next_year': 41.08, 'operating_margin': 3.81}",,Finviz via finvizfinance screener views,2026-08-06T23:30:32+02:00
HUT,Hut 8 Corp,eps_growth;operating_margin,"{'revenue_growth_yoy': 81.44, 'eps_growth_yoy': -2.0787, 'eps_next_year': 24.41, 'operating_margin': -54.09}",,Finviz via finvizfinance screener views,2026-08-06T23:30:32+02:00
HWC,Hancock Whitney Corp,revenue_growth;eps_growth;eps_next_year,"{'revenue_growth_yoy': 4.8500000000000005, 'eps_growth_yoy': 17.83, 'eps_next_year': 12.25, 'operating_margin': 27.41}",,Finviz via finvizfinance screener views,2026-08-06T23:30:32+02:00
ICHR,Ichor Holdings Ltd,operating_margin,"{'revenue_growth_yoy': 22.68, 'eps_growth_yoy': 109.99000000000001, 'eps_next_year': 108.19, 'operating_margin': 1.06}",,Finviz via finvizfinance screener views,2026-08-06T23:30:32+02:00
ICLR,Icon Plc,revenue_growth;eps_growth;eps_next_year,"{'revenue_growth_yoy': 1.2, 'eps_growth_yoy': -63.33, 'eps_next_year': 12.63, 'operating_margin': 10.14}",,Finviz via finvizfinance screener views,2026-08-06T23:30:32+02:00
IDYA,Ideaya Biosciences Inc,eps_next_year;operating_margin,"{'revenue_growth_yoy': None, 'eps_growth_yoy': -35.99, 'eps_next_year': 12.19, 'operating_margin': -81.44}",,Finviz via finvizfinance screener views,2026-08-06T23:30:32+02:00
ILMN,Illumina Inc,revenue_growth;eps_growth;eps_next_year,"{'revenue_growth_yoy': 9.84, 'eps_growth_yoy': -9.610000000000001, 'eps_next_year': 13.43, 'operating_margin': 19.869999999999997}",,Finviz via finvizfinance screener views,2026-08-06T23:30:32+02:00
IMNM,Immunome Inc,revenue_growth;eps_growth;eps_next_year;operating_margin,"{'revenue_growth_yoy': -100.0, 'eps_growth_yoy': 9.25, 'eps_next_year': -1.74, 'operating_margin': -56.9883}",,Finviz via finvizfinance screener views,2026-08-06T23:30:32+02:00
INDV,Indivior Pharmaceuticals Inc,revenue_growth;eps_growth;eps_next_year,"{'revenue_growth_yoy': 13.58, 'eps_growth_yoy': 5.8852, 'eps_next_year': 9.25, 'operating_margin': 39.94}",,Finviz via finvizfinance screener views,2026-08-06T23:30:32+02:00
INOD,Innodata Inc,earnings_window,"{'revenue_growth_yoy': 54.42, 'eps_growth_yoy': 87.97, 'eps_next_year': 60.1, 'operating_margin': 16.84}",,Finviz via finvizfinance screener views,2026-08-06T23:30:32+02:00
INSM,Insmed Inc,revenue_growth;operating_margin;earnings_window,"{'revenue_growth_yoy': 2.2962, 'eps_growth_yoy': 46.489999999999995, 'eps_next_year': 115.63, 'operating_margin': -117.77}",,Finviz via finvizfinance screener views,2026-08-06T23:30:32+02:00
INTA,Intapp Inc,revenue_growth;eps_growth;operating_margin,"{'revenue_growth_yoy': 12.950000000000001, 'eps_growth_yoy': -10.0923, 'eps_next_year': 22.67, 'operating_margin': -6.2700000000000005}",,Finviz via finvizfinance screener views,2026-08-06T23:30:32+02:00
INTC,Intel Corp,eps_growth,"{'revenue_growth_yoy': 25.419999999999998, 'eps_growth_yoy': -2.2364, 'eps_next_year': 36.55, 'operating_margin': 8.03}",,Finviz via finvizfinance screener views,2026-08-06T23:30:32+02:00
INTU,Intuit Inc,revenue_growth;eps_growth,"{'revenue_growth_yoy': 10.37, 'eps_growth_yoy': 11.01, 'eps_next_year': 15.03, 'operating_margin': 27.47}",,Finviz via finvizfinance screener views,2026-08-06T23:30:32+02:00
IONS,Ionis Pharmaceuticals Inc,revenue_growth;eps_growth;operating_margin,"{'revenue_growth_yoy': -40.73, 'eps_growth_yoy': -2.0229, 'eps_next_year': 47.28, 'operating_margin': -68.08999999999999}",,Finviz via finvizfinance screener views,2026-08-06T23:30:32+02:00
IRDM,Iridium Communications Inc,revenue_growth;eps_growth,"{'revenue_growth_yoy': 3.84, 'eps_growth_yoy': -56.08, 'eps_next_year': 37.24, 'operating_margin': 23.76}",,Finviz via finvizfinance screener views,2026-08-06T23:30:32+02:00
IREN,IREN Ltd,revenue_growth;eps_growth;operating_margin,"{'revenue_growth_yoy': 2.3, 'eps_growth_yoy': -8.0255, 'eps_next_year': 70.99, 'operating_margin': -29.82}",,Finviz via finvizfinance screener views,2026-08-06T23:30:32+02:00
ISRG,Intuitive Surgical Inc,revenue_growth;eps_growth;eps_next_year,"{'revenue_growth_yoy': 18.54, 'eps_growth_yoy': 26.619999999999997, 'eps_next_year': 11.88, 'operating_margin': 31.28}",,Finviz via finvizfinance screener views,2026-08-06T23:30:32+02:00
ITRI,Itron Inc,revenue_growth;eps_growth;eps_next_year,"{'revenue_growth_yoy': -7.23, 'eps_growth_yoy': -18.95, 'eps_next_year': 7.35, 'operating_margin': 13.87}",,Finviz via finvizfinance screener views,2026-08-06T23:30:32+02:00
JAZZ,Jazz Pharmaceuticals plc,revenue_growth;eps_next_year,"{'revenue_growth_yoy': 15.55, 'eps_growth_yoy': 123.66, 'eps_next_year': 3.57, 'operating_margin': 20.76}",,Finviz via finvizfinance screener views,2026-08-06T23:30:32+02:00
JBHT,J.B. Hunt Transport Services Inc,revenue_growth;operating_margin,"{'revenue_growth_yoy': 19.37, 'eps_growth_yoy': 45.25, 'eps_next_year': 29.59, 'operating_margin': 7.59}",,Finviz via finvizfinance screener views,2026-08-06T23:30:32+02:00
JKHY,Jack Henry & Associates Inc,revenue_growth;eps_growth;eps_next_year,"{'revenue_growth_yoy': 8.74, 'eps_growth_yoy': 12.2, 'eps_next_year': 5.93, 'operating_margin': 26.0}",,Finviz via finvizfinance screener views,2026-08-06T23:30:32+02:00
KDP,Keurig Dr Pepper Inc,revenue_growth;eps_growth;eps_next_year;earnings_window,"{'revenue_growth_yoy': 9.379999999999999, 'eps_growth_yoy': -47.83, 'eps_next_year': 10.53, 'operating_margin': 20.5}",,Finviz via finvizfinance screener views,2026-08-06T23:30:32+02:00
KHC,Kraft Heinz Co,revenue_growth,"{'revenue_growth_yoy': -1.4200000000000002, 'eps_growth_yoy': 30.270000000000003, 'eps_next_year': 104.0, 'operating_margin': 17.119999999999997}",,Finviz via finvizfinance screener views,2026-08-06T23:30:32+02:00
KLAC,KLA Corp,revenue_growth;eps_growth,"{'revenue_growth_yoy': 15.25, 'eps_growth_yoy': 14.760000000000002, 'eps_next_year': 20.98, 'operating_margin': 41.77}",,Finviz via finvizfinance screener views,2026-08-06T23:30:32+02:00
KLIC,Kulicke & Soffa Industries Inc,eps_growth,"{'revenue_growth_yoy': 122.63, 'eps_growth_yoy': 18.1474, 'eps_next_year': 49.87, 'operating_margin': 13.04}",,Finviz via finvizfinance screener views,2026-08-06T23:30:32+02:00
KMB,Kimberly-Clark Corp,revenue_growth;eps_growth;eps_next_year,"{'revenue_growth_yoy': -13.99, 'eps_growth_yoy': 17.32, 'eps_next_year': 11.0, 'operating_margin': 14.219999999999999}",,Finviz via finvizfinance screener views,2026-08-06T23:30:32+02:00
KTOS,Kratos Defense & Security Solutions Inc,eps_growth;operating_margin,"{'revenue_growth_yoy': 30.53, 'eps_growth_yoy': 26.090000000000003, 'eps_next_year': 34.12, 'operating_margin': 1.6}",,Finviz via finvizfinance screener views,2026-08-06T23:30:32+02:00
KYMR,Kymera Therapeutics Inc,revenue_growth;eps_next_year;operating_margin,"{'revenue_growth_yoy': 4.664, 'eps_growth_yoy': 34.53, 'eps_next_year': -29.92, 'operating_margin': -3.2983}",,Finviz via finvizfinance screener views,2026-08-06T23:30:32+02:00
LASR,nLIGHT Inc,operating_margin;earnings_window,"{'revenue_growth_yoy': 55.19, 'eps_growth_yoy': 106.49, 'eps_next_year': 28.81, 'operating_margin': -5.18}",,Finviz via finvizfinance screener views,2026-08-06T23:30:32+02:00
LAUR,Laureate Education Inc,revenue_growth,"{'revenue_growth_yoy': 17.5, 'eps_growth_yoy': 51.23, 'eps_next_year': 15.86, 'operating_margin': 24.42}",,Finviz via finvizfinance screener views,2026-08-06T23:30:32+02:00
LBRDK,Liberty Broadband Corp,revenue_growth;eps_growth;earnings_window,"{'revenue_growth_yoy': -100.0, 'eps_growth_yoy': -6.5483, 'eps_next_year': None, 'operating_margin': None}",,Finviz via finvizfinance screener views,2026-08-06T23:30:32+02:00
LFTO,Liftoff Mobile Inc,eps_growth;earnings_window,"{'revenue_growth_yoy': 37.12, 'eps_growth_yoy': 11.7716, 'eps_next_year': None, 'operating_margin': 28.249999999999996}",,Finviz via finvizfinance screener views,2026-08-06T23:30:32+02:00
LGN,Legence Corp,eps_growth;earnings_window,"{'revenue_growth_yoy': 89.32, 'eps_growth_yoy': 1.8346, 'eps_next_year': 38.2, 'operating_margin': None}",,Finviz via finvizfinance screener views,2026-08-06T23:30:32+02:00
LIN,Linde Plc,revenue_growth;eps_growth;eps_next_year,"{'revenue_growth_yoy': 9.35, 'eps_growth_yoy': 11.3, 'eps_next_year': 9.62, 'operating_margin': 27.1}",,Finviz via finvizfinance screener views,2026-08-06T23:30:32+02:00
LIND,Lindblad Expeditions Holdings Inc,revenue_growth;operating_margin,"{'revenue_growth_yoy': 18.64, 'eps_growth_yoy': 87.94999999999999, 'eps_next_year': 176.35, 'operating_margin': 6.99}",,Finviz via finvizfinance screener views,2026-08-06T23:30:32+02:00
LINE,Lineage Inc,revenue_growth;eps_growth;operating_margin,"{'revenue_growth_yoy': 0.8099999999999999, 'eps_growth_yoy': -3.855, 'eps_next_year': 26.4, 'operating_margin': 4.32}",,Finviz via finvizfinance screener views,2026-08-06T23:30:32+02:00
LITE,Lumentum Holdings Inc,eps_growth;earnings_window,"{'revenue_growth_yoy': 90.12, 'eps_growth_yoy': 3.3276, 'eps_next_year': 125.89, 'operating_margin': 10.18}",,Finviz via finvizfinance screener views,2026-08-06T23:30:32+02:00
LIVN,LivaNova PLC,revenue_growth;eps_growth;eps_next_year,"{'revenue_growth_yoy': 10.8, 'eps_growth_yoy': 2.8872, 'eps_next_year': 7.83, 'operating_margin': 14.510000000000002}",,Finviz via finvizfinance screener views,2026-08-06T23:30:32+02:00
LKQ,LKQ Corp,revenue_growth;eps_growth;operating_margin,"{'revenue_growth_yoy': -6.43, 'eps_growth_yoy': -27.63, 'eps_next_year': 15.2, 'operating_margin': 7.24}",,Finviz via finvizfinance screener views,2026-08-06T23:30:32+02:00
LNT,Alliant Energy Corp,revenue_growth;eps_growth;eps_next_year,"{'revenue_growth_yoy': 1.04, 'eps_growth_yoy': -3.64, 'eps_next_year': 7.62, 'operating_margin': 22.1}",,Finviz via finvizfinance screener views,2026-08-06T23:30:32+02:00
LNTH,Lantheus Holdings Inc,revenue_growth;earnings_window,"{'revenue_growth_yoy': 1.23, 'eps_growth_yoy': 76.37, 'eps_next_year': 17.5, 'operating_margin': 18.790000000000003}",,Finviz via finvizfinance screener views,2026-08-06T23:30:32+02:00
LOGI,Logitech International SA,revenue_growth;eps_next_year,"{'revenue_growth_yoy': 6.93, 'eps_growth_yoy': 65.89, 'eps_next_year': 7.66, 'operating_margin': 18.14}",,Finviz via finvizfinance screener views,2026-08-06T23:30:32+02:00
LQDA,Liquidia Corp,eps_growth;earnings_window,"{'revenue_growth_yoy': 41.5849, 'eps_growth_yoy': 2.1605, 'eps_next_year': 76.85, 'operating_margin': 15.809999999999999}",,Finviz via finvizfinance screener views,2026-08-06T23:30:32+02:00
LSCC,Lattice Semiconductor Corp,eps_growth,"{'revenue_growth_yoy': 62.2, 'eps_growth_yoy': 5.5094, 'eps_next_year': 50.72, 'operating_margin': 8.469999999999999}",,Finviz via finvizfinance screener views,2026-08-06T23:30:32+02:00
LULU,Lululemon Athletica Inc,revenue_growth;eps_growth;eps_next_year,"{'revenue_growth_yoy': 4.26, 'eps_growth_yoy': -35.120000000000005, 'eps_next_year': 3.3, 'operating_margin': 18.47}",,Finviz via finvizfinance screener views,2026-08-06T23:30:32+02:00
LYFT,Lyft Inc,revenue_growth;eps_growth;operating_margin;earnings_window,"{'revenue_growth_yoy': 13.81, 'eps_growth_yoy': 4.9, 'eps_next_year': 69.42, 'operating_margin': -2.42}",,Finviz via finvizfinance screener views,2026-08-06T23:30:32+02:00
MAR,Marriott International Inc,revenue_growth;eps_growth;eps_next_year,"{'revenue_growth_yoy': 4.8500000000000005, 'eps_growth_yoy': 4.26, 'eps_next_year': 11.91, 'operating_margin': 15.73}",,Finviz via finvizfinance screener views,2026-08-06T23:30:32+02:00
MCHP,Microchip Technology Inc,eps_growth;earnings_window,"{'revenue_growth_yoy': 35.11, 'eps_growth_yoy': 1.7291, 'eps_next_year': 31.05, 'operating_margin': 11.24}",,Finviz via finvizfinance screener views,2026-08-06T23:30:32+02:00
MDB,MongoDB Inc,operating_margin,"{'revenue_growth_yoy': 25.25, 'eps_growth_yoy': 111.72, 'eps_next_year': 19.57, 'operating_margin': -4.18}",,Finviz via finvizfinance screener views,2026-08-06T23:30:32+02:00
MDLN,Medline Inc,revenue_growth;eps_growth;eps_next_year;operating_margin,"{'revenue_growth_yoy': 11.600000000000001, 'eps_growth_yoy': -83.26, 'eps_next_year': 5.6, 'operating_margin': 6.5}",,Finviz via finvizfinance screener views,2026-08-06T23:30:32+02:00
MDLZ,Mondelez International Inc,revenue_growth;eps_next_year,"{'revenue_growth_yoy': 4.130000000000001, 'eps_growth_yoy': 143.73, 'eps_next_year': 10.19, 'operating_margin': 15.840000000000002}",,Finviz via finvizfinance screener views,2026-08-06T23:30:32+02:00
MEOH,Methanex Corp,eps_growth;eps_next_year,"{'revenue_growth_yoy': 75.17, 'eps_growth_yoy': 1.688, 'eps_next_year': -37.77, 'operating_margin': 17.37}",,Finviz via finvizfinance screener views,2026-08-06T23:30:32+02:00
META,Meta Platforms Inc,eps_growth;eps_next_year,"{'revenue_growth_yoy': 27.96, 'eps_growth_yoy': -13.44, 'eps_next_year': 7.13, 'operating_margin': 38.080000000000005}",,Finviz via finvizfinance screener views,2026-08-06T23:30:32+02:00
MGNI,Magnite Inc,revenue_growth,"{'revenue_growth_yoy': 5.52, 'eps_growth_yoy': 143.89000000000001, 'eps_next_year': 16.88, 'operating_margin': 14.790000000000001}",,Finviz via finvizfinance screener views,2026-08-06T23:30:32+02:00
MIDD,Middleby Corp,revenue_growth;eps_growth;eps_next_year;earnings_window,"{'revenue_growth_yoy': -7.359999999999999, 'eps_growth_yoy': -43.87, 'eps_next_year': 9.8, 'operating_margin': 16.7}",,Finviz via finvizfinance screener views,2026-08-06T23:30:32+02:00
MIRM,Mirum Pharmaceuticals Inc,eps_growth;operating_margin,"{'revenue_growth_yoy': 43.28, 'eps_growth_yoy': -43.7249, 'eps_next_year': 94.89, 'operating_margin': -12.31}",,Finviz via finvizfinance screener views,2026-08-06T23:30:32+02:00
MKSI,MKS Inc,revenue_growth,"{'revenue_growth_yoy': 15.17, 'eps_growth_yoy': 53.81, 'eps_next_year': 31.75, 'operating_margin': 15.03}",,Finviz via finvizfinance screener views,2026-08-06T23:30:32+02:00
MKTX,MarketAxess Holdings Inc,revenue_growth;eps_growth;eps_next_year,"{'revenue_growth_yoy': -2.62, 'eps_growth_yoy': 1.17, 'eps_next_year': 9.27, 'operating_margin': 40.14}",,Finviz via finvizfinance screener views,2026-08-06T23:30:32+02:00
MMED,MiniMed Group Inc,eps_next_year,"{'revenue_growth_yoy': None, 'eps_growth_yoy': None, 'eps_next_year': 4.27, 'operating_margin': None}",,Finviz via finvizfinance screener views,2026-08-06T23:30:32+02:00
MMSI,Merit Medical Systems Inc,revenue_growth;eps_growth;eps_next_year,"{'revenue_growth_yoy': 9.83, 'eps_growth_yoy': 20.3, 'eps_next_year': 7.21, 'operating_margin': 12.690000000000001}",,Finviz via finvizfinance screener views,2026-08-06T23:30:32+02:00
MMYT,MakeMyTrip Ltd,revenue_growth;eps_growth,"{'revenue_growth_yoy': 6.22, 'eps_growth_yoy': -61.53999999999999, 'eps_next_year': 97.7, 'operating_margin': 14.95}",,Finviz via finvizfinance screener views,2026-08-06T23:30:32+02:00
MNDY,Monday.Com Ltd,eps_growth;operating_margin;earnings_window,"{'revenue_growth_yoy': 24.45, 'eps_growth_yoy': 10.99, 'eps_next_year': 21.41, 'operating_margin': 0.63}",,Finviz via finvizfinance screener views,2026-08-06T23:30:32+02:00
MNST,Monster Beverage Corp,eps_growth;eps_next_year;earnings_window,"{'revenue_growth_yoy': 26.889999999999997, 'eps_growth_yoy': 27.650000000000002, 'eps_next_year': 13.1, 'operating_margin': 29.34}",,Finviz via finvizfinance screener views,2026-08-06T23:30:32+02:00
MRNA,Moderna Inc,revenue_growth;eps_growth;operating_margin,"{'revenue_growth_yoy': 2.11, 'eps_growth_yoy': 7.6, 'eps_next_year': 42.68, 'operating_margin': -149.01}",,Finviz via finvizfinance screener views,2026-08-06T23:30:32+02:00
MRVL,Marvell Technology Inc,eps_growth,"{'revenue_growth_yoy': 27.57, 'eps_growth_yoy': -81.0, 'eps_next_year': 54.14, 'operating_margin': 16.41}",,Finviz via finvizfinance screener views,2026-08-06T23:30:32+02:00
MRX,Marex Group Ltd,eps_next_year;earnings_window,"{'revenue_growth_yoy': 54.03, 'eps_growth_yoy': 38.66, 'eps_next_year': 12.85, 'operating_margin': 31.34}",,Finviz via finvizfinance screener views,2026-08-06T23:30:32+02:00
MSFT,Microsoft Corp,revenue_growth,"{'revenue_growth_yoy': 17.75, 'eps_growth_yoy': 31.65, 'eps_next_year': 19.19, 'operating_margin': 46.78}",,Finviz via finvizfinance screener views,2026-08-06T23:30:32+02:00
MSTR,Strategy Inc,revenue_growth;eps_growth;operating_margin,"{'revenue_growth_yoy': 6.88, 'eps_growth_yoy': -1.7502, 'eps_next_year': 134.17, 'operating_margin': -8.129999999999999}",,Finviz via finvizfinance screener views,2026-08-06T23:30:32+02:00
MTCH,Match Group Inc,revenue_growth,"{'revenue_growth_yoy': -1.23, 'eps_growth_yoy': 43.47, 'eps_next_year': 17.5, 'operating_margin': 28.15}",,Finviz via finvizfinance screener views,2026-08-06T23:30:32+02:00
MTSI,MACOM Technology Solutions Holdings Inc,earnings_window,"{'revenue_growth_yoy': 22.5, 'eps_growth_yoy': 42.88, 'eps_next_year': 42.07, 'operating_margin': 15.959999999999999}",,Finviz via finvizfinance screener views,2026-08-06T23:30:32+02:00
MU,Micron Technology Inc,revenue_growth;eps_growth,"{'revenue_growth_yoy': 3.4572, 'eps_growth_yoy': 13.7209, 'eps_next_year': 111.24, 'operating_margin': 65.75}",,Finviz via finvizfinance screener views,2026-08-06T23:30:32+02:00
MWH,SOLV Energy Inc,earnings_window,"{'revenue_growth_yoy': None, 'eps_growth_yoy': None, 'eps_next_year': 54.62, 'operating_margin': None}",,Finviz via finvizfinance screener views,2026-08-06T23:30:32+02:00
MXL,MaxLinear Inc,operating_margin,"{'revenue_growth_yoy': 55.169999999999995, 'eps_growth_yoy': 105.89999999999999, 'eps_next_year': 54.03, 'operating_margin': -11.600000000000001}",,Finviz via finvizfinance screener views,2026-08-06T23:30:32+02:00
NAMS,NewAmsterdam Pharma Company NV,revenue_growth;eps_growth;operating_margin,"{'revenue_growth_yoy': -80.67, 'eps_growth_yoy': -2.5488, 'eps_next_year': 17.43, 'operating_margin': -34.322}",,Finviz via finvizfinance screener views,2026-08-06T23:30:32+02:00
NAVN,Navan Inc,operating_margin,"{'revenue_growth_yoy': 39.86, 'eps_growth_yoy': 66.82000000000001, 'eps_next_year': 51.81, 'operating_margin': -24.89}",,Finviz via finvizfinance screener views,2026-08-06T23:30:32+02:00
NBIS,Nebius Group NV,revenue_growth;eps_growth;eps_next_year;operating_margin;earnings_window,"{'revenue_growth_yoy': 6.2152, 'eps_growth_yoy': 5.214, 'eps_next_year': -26.93, 'operating_margin': -68.78999999999999}",,Finviz via finvizfinance screener views,2026-08-06T23:30:32+02:00
NCNO,Ncino Inc,revenue_growth;eps_growth;operating_margin,"{'revenue_growth_yoy': 10.6, 'eps_growth_yoy': 1.6122, 'eps_next_year': 17.26, 'operating_margin': 7.000000000000001}",,Finviz via finvizfinance screener views,2026-08-06T23:30:32+02:00
NDAQ,Nasdaq Inc,eps_growth;eps_next_year,"{'revenue_growth_yoy': 21.15, 'eps_growth_yoy': 14.38, 'eps_next_year': 12.96, 'operating_margin': 30.78}",,Finviz via finvizfinance screener views,2026-08-06T23:30:32+02:00
NESR,National Energy Services Reunited Corp,operating_margin;earnings_window,"{'revenue_growth_yoy': 33.48, 'eps_growth_yoy': 115.55, 'eps_next_year': 45.87, 'operating_margin': 7.960000000000001}",,Finviz via finvizfinance screener views,2026-08-06T23:30:32+02:00
NFLX,Netflix Inc,revenue_growth;eps_growth;eps_next_year,"{'revenue_growth_yoy': 13.41, 'eps_growth_yoy': 11.06, 'eps_next_year': 6.04, 'operating_margin': 30.25}",,Finviz via finvizfinance screener views,2026-08-06T23:30:32+02:00
NKTR,Nektar Therapeutics,revenue_growth;eps_next_year;operating_margin;earnings_window,"{'revenue_growth_yoy': 3.83, 'eps_growth_yoy': 49.830000000000005, 'eps_next_year': -20.31, 'operating_margin': -2.2408}",,Finviz via finvizfinance screener views,2026-08-06T23:30:32+02:00
NMRK,Newmark Group Inc,revenue_growth;eps_growth;eps_next_year;operating_margin,"{'revenue_growth_yoy': 18.8, 'eps_growth_yoy': -5.36, 'eps_next_year': 12.78, 'operating_margin': 7.59}",,Finviz via finvizfinance screener views,2026-08-06T23:30:32+02:00
NN,NextNav Inc,revenue_growth;eps_next_year;operating_margin;earnings_window,"{'revenue_growth_yoy': -35.35, 'eps_growth_yoy': 73.32, 'eps_next_year': -11.58, 'operating_margin': -18.0122}",,Finviz via finvizfinance screener views,2026-08-06T23:30:32+02:00
NRIX,Nurix Therapeutics Inc,revenue_growth;eps_growth;operating_margin,"{'revenue_growth_yoy': -79.47, 'eps_growth_yoy': -55.54, 'eps_next_year': 26.0, 'operating_margin': -9.8237}",,Finviz via finvizfinance screener views,2026-08-06T23:30:32+02:00
NTAP,Netapp Inc,revenue_growth;eps_growth;eps_next_year,"{'revenue_growth_yoy': 12.46, 'eps_growth_yoy': 23.01, 'eps_next_year': 10.5, 'operating_margin': 24.45}",,Finviz via finvizfinance screener views,2026-08-06T23:30:32+02:00
NTNX,Nutanix Inc,revenue_growth;eps_growth;eps_next_year,"{'revenue_growth_yoy': 10.03, 'eps_growth_yoy': 19.25, 'eps_next_year': 13.62, 'operating_margin': 8.74}",,Finviz via finvizfinance screener views,2026-08-06T23:30:32+02:00
NTRA,Natera Inc,eps_growth;operating_margin;earnings_window,"{'revenue_growth_yoy': 38.82, 'eps_growth_yoy': -21.060000000000002, 'eps_next_year': 81.55, 'operating_margin': -12.809999999999999}",,Finviz via finvizfinance screener views,2026-08-06T23:30:32+02:00
NTRS,Northern Trust Corp,revenue_growth;eps_next_year,"{'revenue_growth_yoy': 17.18, 'eps_growth_yoy': 98.21, 'eps_next_year': 9.29, 'operating_margin': 13.389999999999999}",,Finviz via finvizfinance screener views,2026-08-06T23:30:32+02:00
NVDA,NVIDIA Corp,eps_growth,"{'revenue_growth_yoy': 85.22999999999999, 'eps_growth_yoy': 2.1342, 'eps_next_year': 42.0, 'operating_margin': 64.02}",,Finviz via finvizfinance screener views,2026-08-06T23:30:32+02:00
NWBI,Northwest Bancshares Inc,revenue_growth;eps_next_year,"{'revenue_growth_yoy': 18.310000000000002, 'eps_growth_yoy': 38.519999999999996, 'eps_next_year': 2.93, 'operating_margin': 25.03}",,Finviz via finvizfinance screener views,2026-08-06T23:30:32+02:00
NWS,News Corp,revenue_growth;eps_growth,"{'revenue_growth_yoy': 10.81, 'eps_growth_yoy': 5.8653, 'eps_next_year': 15.93, 'operating_margin': 12.64}",,Finviz via finvizfinance screener views,2026-08-06T23:30:32+02:00
NWSA,News Corp,revenue_growth;eps_growth,"{'revenue_growth_yoy': 10.81, 'eps_growth_yoy': 5.8653, 'eps_next_year': 15.93, 'operating_margin': 12.64}",,Finviz via finvizfinance screener views,2026-08-06T23:30:32+02:00
NXPI,NXP Semiconductors NV,revenue_growth,"{'revenue_growth_yoy': 19.48, 'eps_growth_yoy': 72.23, 'eps_next_year': 20.6, 'operating_margin': 28.7}",,Finviz via finvizfinance screener views,2026-08-06T23:30:32+02:00
NXT,Nextpower Inc,revenue_growth;eps_growth,"{'revenue_growth_yoy': 8.21, 'eps_growth_yoy': 2.32, 'eps_next_year': 21.94, 'operating_margin': 19.7}",,Finviz via finvizfinance screener views,2026-08-06T23:30:32+02:00
OCTV,Octave Intelligence Plc,eps_next_year;earnings_window,"{'revenue_growth_yoy': None, 'eps_growth_yoy': None, 'eps_next_year': 4.43, 'operating_margin': None}",,Finviz via finvizfinance screener views,2026-08-06T23:30:32+02:00
ODFL,Old Dominion Freight Line Inc,revenue_growth;eps_next_year,"{'revenue_growth_yoy': 10.39, 'eps_growth_yoy': 32.68, 'eps_next_year': 14.2, 'operating_margin': 25.990000000000002}",,Finviz via finvizfinance screener views,2026-08-06T23:30:32+02:00
OKTA,Okta Inc,revenue_growth;eps_growth;eps_next_year;operating_margin,"{'revenue_growth_yoy': 11.19, 'eps_growth_yoy': 20.1, 'eps_next_year': 10.81, 'operating_margin': 5.67}",,Finviz via finvizfinance screener views,2026-08-06T23:30:32+02:00
OLED,Universal Display Corp,revenue_growth;eps_growth;eps_next_year,"{'revenue_growth_yoy': -11.43, 'eps_growth_yoy': -24.92, 'eps_next_year': 12.86, 'operating_margin': 34.4}",,Finviz via finvizfinance screener views,2026-08-06T23:30:32+02:00
OLLI,Ollies Bargain Outlet Holdings Inc,revenue_growth;eps_growth;eps_next_year,"{'revenue_growth_yoy': 14.249999999999998, 'eps_growth_yoy': 19.79, 'eps_next_year': 13.39, 'operating_margin': 12.31}",,Finviz via finvizfinance screener views,2026-08-06T23:30:32+02:00
ON,ON Semiconductor Corp,revenue_growth,"{'revenue_growth_yoy': 9.180000000000001, 'eps_growth_yoy': 36.51, 'eps_next_year': 41.68, 'operating_margin': 18.16}",,Finviz via finvizfinance screener views,2026-08-06T23:30:32+02:00
ONB,Old National Bancorp,revenue_growth;eps_next_year,"{'revenue_growth_yoy': 9.55, 'eps_growth_yoy': 93.78, 'eps_next_year': 10.92, 'operating_margin': 30.14}",,Finviz via finvizfinance screener views,2026-08-06T23:30:32+02:00
OPCH,Option Care Health Inc,revenue_growth;eps_growth;eps_next_year;operating_margin,"{'revenue_growth_yoy': 1.8599999999999999, 'eps_growth_yoy': 14.13, 'eps_next_year': 10.73, 'operating_margin': 5.86}",,Finviz via finvizfinance screener views,2026-08-06T23:30:32+02:00
ORLY,O'Reilly Automotive Inc,revenue_growth;eps_growth;eps_next_year,"{'revenue_growth_yoy': 8.110000000000001, 'eps_growth_yoy': 10.43, 'eps_next_year': 11.31, 'operating_margin': 19.56}",,Finviz via finvizfinance screener views,2026-08-06T23:30:32+02:00
OSW,OneSpaWorld Holdings Limited,revenue_growth;eps_growth;eps_next_year,"{'revenue_growth_yoy': 8.52, 'eps_growth_yoy': 17.72, 'eps_next_year': 13.49, 'operating_margin': 9.5}",,Finviz via finvizfinance screener views,2026-08-06T23:30:32+02:00
OTEX,Open Text Corp,revenue_growth;eps_next_year;earnings_window,"{'revenue_growth_yoy': 2.2399999999999998, 'eps_growth_yoy': 97.92, 'eps_next_year': 7.92, 'operating_margin': 21.86}",,Finviz via finvizfinance screener views,2026-08-06T23:30:32+02:00
OUST,Ouster Inc,operating_margin;earnings_window,"{'revenue_growth_yoy': 48.870000000000005, 'eps_growth_yoy': 32.66, 'eps_next_year': 66.88, 'operating_margin': -38.79}",,Finviz via finvizfinance screener views,2026-08-06T23:30:32+02:00
OZK,Bank OZK,revenue_growth;eps_growth;eps_next_year,"{'revenue_growth_yoy': -1.3299999999999998, 'eps_growth_yoy': -2.29, 'eps_next_year': 4.67, 'operating_margin': 32.97}",,Finviz via finvizfinance screener views,2026-08-06T23:30:32+02:00
PAA,Plains All American Pipeline LP,revenue_growth;eps_growth;eps_next_year;operating_margin;earnings_window,"{'revenue_growth_yoy': 2.8000000000000003, 'eps_growth_yoy': -70.94, 'eps_next_year': 6.28, 'operating_margin': 2.96}",,Finviz via finvizfinance screener views,2026-08-06T23:30:32+02:00
PAGP,Plains GP Holdings LP,revenue_growth;eps_growth;operating_margin;earnings_window,"{'revenue_growth_yoy': 2.8000000000000003, 'eps_growth_yoy': -76.19, 'eps_next_year': 33.31, 'operating_margin': 2.91}",,Finviz via finvizfinance screener views,2026-08-06T23:30:32+02:00
PANW,Palo Alto Networks Inc,eps_growth;eps_next_year;operating_margin,"{'revenue_growth_yoy': 31.15, 'eps_growth_yoy': -1.5965, 'eps_next_year': 8.97, 'operating_margin': 7.39}",,Finviz via finvizfinance screener views,2026-08-06T23:30:32+02:00
PAYX,Paychex Inc,revenue_growth;eps_next_year,"{'revenue_growth_yoy': 12.49, 'eps_growth_yoy': 43.14, 'eps_next_year': 7.4, 'operating_margin': 45.08}",,Finviz via finvizfinance screener views,2026-08-06T23:30:32+02:00
PCAR,Paccar Inc,revenue_growth;eps_growth,"{'revenue_growth_yoy': 0.5499999999999999, 'eps_growth_yoy': 3.7199999999999998, 'eps_next_year': 20.33, 'operating_margin': 10.37}",,Finviz via finvizfinance screener views,2026-08-06T23:30:32+02:00
PCTY,Paylocity Holding Corp,revenue_growth;eps_growth;eps_next_year,"{'revenue_growth_yoy': 10.979999999999999, 'eps_growth_yoy': 29.34, 'eps_next_year': 9.69, 'operating_margin': 22.14}",,Finviz via finvizfinance screener views,2026-08-06T23:30:32+02:00
PECO,Phillips Edison & Company Inc,revenue_growth;eps_growth;eps_next_year,"{'revenue_growth_yoy': 6.550000000000001, 'eps_growth_yoy': 2.5337, 'eps_next_year': 5.38, 'operating_margin': 28.910000000000004}",,Finviz via finvizfinance screener views,2026-08-06T23:30:32+02:00
PEGA,Pegasystems Inc,revenue_growth;eps_growth;eps_next_year,"{'revenue_growth_yoy': 9.42, 'eps_growth_yoy': -53.0, 'eps_next_year': 7.83, 'operating_margin': 11.32}",,Finviz via finvizfinance screener views,2026-08-06T23:30:32+02:00
PENN,PENN Entertainment Inc,revenue_growth;eps_growth;operating_margin;earnings_window,"{'revenue_growth_yoy': 6.370000000000001, 'eps_growth_yoy': -102.57000000000001, 'eps_next_year': 62.98, 'operating_margin': 5.0200000000000005}",,Finviz via finvizfinance screener views,2026-08-06T23:30:32+02:00
PEP,PepsiCo Inc,revenue_growth;eps_next_year,"{'revenue_growth_yoy': 6.41, 'eps_growth_yoy': 136.71, 'eps_next_year': 4.81, 'operating_margin': 15.55}",,Finviz via finvizfinance screener views,2026-08-06T23:30:32+02:00
PFG,Principal Financial Group Inc,revenue_growth;eps_growth;eps_next_year,"{'revenue_growth_yoy': 6.39, 'eps_growth_yoy': 2.85, 'eps_next_year': 9.12, 'operating_margin': 11.87}",,Finviz via finvizfinance screener views,2026-08-06T23:30:32+02:00
PGNY,Progyny Inc,revenue_growth;operating_margin;earnings_window,"{'revenue_growth_yoy': 1.38, 'eps_growth_yoy': 69.57, 'eps_next_year': 15.85, 'operating_margin': 7.46}",,Finviz via finvizfinance screener views,2026-08-06T23:30:32+02:00
PLTR,Palantir Technologies Inc,eps_growth,"{'revenue_growth_yoy': 92.83, 'eps_growth_yoy': 2.2157, 'eps_next_year': 42.44, 'operating_margin': 42.8}",,Finviz via finvizfinance screener views,2026-08-06T23:30:32+02:00
PODD,Insulet Corp,eps_growth,"{'revenue_growth_yoy': 23.51, 'eps_growth_yoy': 3.3014, 'eps_next_year': 19.06, 'operating_margin': 16.88}",,Finviz via finvizfinance screener views,2026-08-06T23:30:32+02:00
POOL,Pool Corp,revenue_growth;eps_growth;eps_next_year,"{'revenue_growth_yoy': 2.15, 'eps_growth_yoy': 0.13999999999999999, 'eps_next_year': 7.69, 'operating_margin': 10.76}",,Finviz via finvizfinance screener views,2026-08-06T23:30:32+02:00
POWI,Power Integrations Inc,revenue_growth;eps_growth;operating_margin,"{'revenue_growth_yoy': 2.6599999999999997, 'eps_growth_yoy': 5.9959, 'eps_next_year': 34.82, 'operating_margin': 7.93}",,Finviz via finvizfinance screener views,2026-08-06T23:30:32+02:00
POWL,Powell Industries Inc,revenue_growth;eps_growth,"{'revenue_growth_yoy': 8.9, 'eps_growth_yoy': 7.91, 'eps_next_year': 21.79, 'operating_margin': 19.79}",,Finviz via finvizfinance screener views,2026-08-06T23:30:32+02:00
PPC,Pilgrim's Pride Corp,revenue_growth;eps_growth;eps_next_year;operating_margin,"{'revenue_growth_yoy': -2.83, 'eps_growth_yoy': -96.24000000000001, 'eps_next_year': 14.59, 'operating_margin': 6.419999999999999}",,Finviz via finvizfinance screener views,2026-08-06T23:30:32+02:00
PPLI,People Inc,revenue_growth;eps_growth;eps_next_year;operating_margin,"{'revenue_growth_yoy': -25.590000000000003, 'eps_growth_yoy': 1.609, 'eps_next_year': -79.23, 'operating_margin': 0.9199999999999999}",,Finviz via finvizfinance screener views,2026-08-06T23:30:32+02:00
PRVA,Privia Health Group Inc,eps_growth;operating_margin;earnings_window,"{'revenue_growth_yoy': 25.779999999999998, 'eps_growth_yoy': -29.09, 'eps_next_year': 67.59, 'operating_margin': 1.6199999999999999}",,Finviz via finvizfinance screener views,2026-08-06T23:30:32+02:00
PTC,PTC Inc,revenue_growth;eps_growth;eps_next_year,"{'revenue_growth_yoy': -6.819999999999999, 'eps_growth_yoy': -11.940000000000001, 'eps_next_year': 8.67, 'operating_margin': 39.78}",,Finviz via finvizfinance screener views,2026-08-06T23:30:32+02:00
PTCT,PTC Therapeutics Inc,eps_growth,"{'revenue_growth_yoy': 101.55000000000001, 'eps_growth_yoy': 2.106, 'eps_next_year': 92.96, 'operating_margin': 11.57}",,Finviz via finvizfinance screener views,2026-08-06T23:30:32+02:00
PTRN,Pattern Group Inc,operating_margin,"{'revenue_growth_yoy': 46.58, 'eps_growth_yoy': 60.6, 'eps_next_year': 27.38, 'operating_margin': 1.3599999999999999}",,Finviz via finvizfinance screener views,2026-08-06T23:30:32+02:00
PYPL,PayPal Holdings Inc,revenue_growth;eps_growth;eps_next_year,"{'revenue_growth_yoy': 3.8, 'eps_growth_yoy': -3.02, 'eps_next_year': 7.64, 'operating_margin': 18.94}",,Finviz via finvizfinance screener views,2026-08-06T23:30:32+02:00
QBTS,D-Wave Quantum Inc,revenue_growth;eps_growth;eps_next_year;operating_margin;earnings_window,"{'revenue_growth_yoy': -80.95, 'eps_growth_yoy': -1.6455, 'eps_next_year': -27.66, 'operating_margin': -11.5561}",,Finviz via finvizfinance screener views,2026-08-06T23:30:32+02:00
QCOM,Qualcomm Inc,revenue_growth;eps_growth;eps_next_year,"{'revenue_growth_yoy': -4.03, 'eps_growth_yoy': -22.8, 'eps_next_year': -2.7, 'operating_margin': 23.5}",,Finviz via finvizfinance screener views,2026-08-06T23:30:32+02:00
QLYS,Qualys Inc,revenue_growth;eps_growth;eps_next_year,"{'revenue_growth_yoy': 11.92, 'eps_growth_yoy': 15.53, 'eps_next_year': 8.19, 'operating_margin': 35.04}",,Finviz via finvizfinance screener views,2026-08-06T23:30:32+02:00
QNT,Quantinuum Inc,earnings_window,"{'revenue_growth_yoy': None, 'eps_growth_yoy': None, 'eps_next_year': None, 'operating_margin': None}",,Finviz via finvizfinance screener views,2026-08-06T23:30:32+02:00
QRVO,Qorvo Inc,revenue_growth;eps_growth;eps_next_year,"{'revenue_growth_yoy': -4.15, 'eps_growth_yoy': 2.5185, 'eps_next_year': 5.21, 'operating_margin': 18.17}",,Finviz via finvizfinance screener views,2026-08-06T23:30:32+02:00
QURE,uniQure NV,revenue_growth;eps_growth;operating_margin,"{'revenue_growth_yoy': 11.0, 'eps_growth_yoy': -77.81, 'eps_next_year': 23.77, 'operating_margin': -10.9318}",,Finviz via finvizfinance screener views,2026-08-06T23:30:32+02:00
RARE,Ultragenyx Pharmaceutical Inc,eps_growth;operating_margin,"{'revenue_growth_yoy': 28.53, 'eps_growth_yoy': 22.67, 'eps_next_year': 83.22, 'operating_margin': -73.77}",,Finviz via finvizfinance screener views,2026-08-06T23:30:32+02:00
RDNT,Radnet Inc,eps_growth;operating_margin;earnings_window,"{'revenue_growth_yoy': 22.11, 'eps_growth_yoy': 14.829999999999998, 'eps_next_year': 85.49, 'operating_margin': 4.26}",,Finviz via finvizfinance screener views,2026-08-06T23:30:32+02:00
REG,Regency Centers Corp,revenue_growth;eps_growth;eps_next_year,"{'revenue_growth_yoy': 8.6, 'eps_growth_yoy': 8.67, 'eps_next_year': 3.14, 'operating_margin': 37.269999999999996}",,Finviz via finvizfinance screener views,2026-08-06T23:30:32+02:00
REGN,Regeneron Pharmaceuticals Inc,revenue_growth;eps_growth;eps_next_year,"{'revenue_growth_yoy': 16.73, 'eps_growth_yoy': -4.52, 'eps_next_year': 11.25, 'operating_margin': 26.87}",,Finviz via finvizfinance screener views,2026-08-06T23:30:32+02:00
RELY,Remitly Global Inc,eps_growth;eps_next_year;operating_margin,"{'revenue_growth_yoy': 25.21, 'eps_growth_yoy': 3.3462, 'eps_next_year': -11.91, 'operating_margin': 7.75}",,Finviz via finvizfinance screener views,2026-08-06T23:30:32+02:00
REYN,Reynolds Consumer Products Inc,revenue_growth;eps_growth;eps_next_year,"{'revenue_growth_yoy': 0.64, 'eps_growth_yoy': 21.0, 'eps_next_year': 4.22, 'operating_margin': 14.13}",,Finviz via finvizfinance screener views,2026-08-06T23:30:32+02:00
RGEN,Repligen Corp,revenue_growth;eps_growth,"{'revenue_growth_yoy': 11.93, 'eps_growth_yoy': -66.4, 'eps_next_year': 27.28, 'operating_margin': 9.030000000000001}",,Finviz via finvizfinance screener views,2026-08-06T23:30:32+02:00
RGTI,Rigetti Computing Inc,revenue_growth;eps_growth;eps_next_year;operating_margin;earnings_window,"{'revenue_growth_yoy': 1.9891, 'eps_growth_yoy': -148.42, 'eps_next_year': -42.0, 'operating_margin': -8.8837}",,Finviz via finvizfinance screener views,2026-08-06T23:30:32+02:00
RIOT,Riot Platforms Inc,revenue_growth;eps_growth;operating_margin,"{'revenue_growth_yoy': 3.61, 'eps_growth_yoy': -60.07, 'eps_next_year': 59.25, 'operating_margin': -70.23}",,Finviz via finvizfinance screener views,2026-08-06T23:30:32+02:00
RIVN,Rivian Automotive Inc,operating_margin,"{'revenue_growth_yoy': 27.24, 'eps_growth_yoy': 34.99, 'eps_next_year': 17.65, 'operating_margin': -60.050000000000004}",,Finviz via finvizfinance screener views,2026-08-06T23:30:32+02:00
RKLB,Rocket Lab Corp,operating_margin;earnings_window,"{'revenue_growth_yoy': 63.46000000000001, 'eps_growth_yoy': 37.95, 'eps_next_year': 99.47, 'operating_margin': -33.2}",,Finviz via finvizfinance screener views,2026-08-06T23:30:32+02:00
RLAY,Relay Therapeutics Inc,revenue_growth;eps_growth;eps_next_year;operating_margin;earnings_window,"{'revenue_growth_yoy': -60.92999999999999, 'eps_growth_yoy': 10.52, 'eps_next_year': -3.43, 'operating_margin': -27.766}",,Finviz via finvizfinance screener views,2026-08-06T23:30:32+02:00
RMBS,Rambus Inc,eps_growth,"{'revenue_growth_yoy': 20.43, 'eps_growth_yoy': 15.129999999999999, 'eps_next_year': 23.6, 'operating_margin': 35.949999999999996}",,Finviz via finvizfinance screener views,2026-08-06T23:30:32+02:00
ROAD,Construction Partners Inc,earnings_window,"{'revenue_growth_yoy': 34.56, 'eps_growth_yoy': 115.58999999999999, 'eps_next_year': 26.35, 'operating_margin': 8.63}",,Finviz via finvizfinance screener views,2026-08-06T23:30:32+02:00
ROIV,Roivant Sciences Ltd,revenue_growth;eps_growth;operating_margin;earnings_window,"{'revenue_growth_yoy': -66.71000000000001, 'eps_growth_yoy': 2.2778, 'eps_next_year': 15.98, 'operating_margin': -155.6057}",,Finviz via finvizfinance screener views,2026-08-06T23:30:32+02:00
ROKU,Roku Inc,eps_growth;operating_margin;earnings_window,"{'revenue_growth_yoy': 22.36, 'eps_growth_yoy': 4.0251, 'eps_next_year': 46.15, 'operating_margin': 2.09}",,Finviz via finvizfinance screener views,2026-08-06T23:30:32+02:00
ROP,Roper Technologies Inc,revenue_growth;eps_growth;eps_next_year,"{'revenue_growth_yoy': 8.5, 'eps_growth_yoy': 2.3284, 'eps_next_year': 9.48, 'operating_margin': 27.97}",,Finviz via finvizfinance screener views,2026-08-06T23:30:32+02:00
ROST,Ross Stores Inc,eps_next_year,"{'revenue_growth_yoy': 20.57, 'eps_growth_yoy': 38.06, 'eps_next_year': 9.98, 'operating_margin': 12.22}",,Finviz via finvizfinance screener views,2026-08-06T23:30:32+02:00
RPRX,Royalty Pharma plc,revenue_growth;eps_growth;eps_next_year,"{'revenue_growth_yoy': 16.470000000000002, 'eps_growth_yoy': -43.580000000000005, 'eps_next_year': 6.98, 'operating_margin': 62.33}",,Finviz via finvizfinance screener views,2026-08-06T23:30:32+02:00
RRR,Red Rock Resorts Inc,revenue_growth;eps_growth;eps_next_year,"{'revenue_growth_yoy': -3.04, 'eps_growth_yoy': -29.310000000000002, 'eps_next_year': 2.63, 'operating_margin': 28.449999999999996}",,Finviz via finvizfinance screener views,2026-08-06T23:30:32+02:00
RYTM,Rhythm Pharmaceuticals Inc,operating_margin,"{'revenue_growth_yoy': None, 'eps_growth_yoy': 2.55, 'eps_next_year': 77.75, 'operating_margin': -90.89}",,Finviz via finvizfinance screener views,2026-08-06T23:30:32+02:00
SAIL,Sailpoint Inc,operating_margin,"{'revenue_growth_yoy': 21.55, 'eps_growth_yoy': 65.12, 'eps_next_year': 24.05, 'operating_margin': -17.91}",,Finviz via finvizfinance screener views,2026-08-06T23:30:32+02:00
SANM,Sanmina Corp,operating_margin,"{'revenue_growth_yoy': 69.67, 'eps_growth_yoy': 68.72, 'eps_next_year': 15.15, 'operating_margin': 5.489999999999999}",,Finviz via finvizfinance screener views,2026-08-06T23:30:32+02:00
SBAC,SBA Communications Corp,revenue_growth;eps_growth;eps_next_year,"{'revenue_growth_yoy': 2.33, 'eps_growth_yoy': -10.72, 'eps_next_year': 10.02, 'operating_margin': 52.959999999999994}",,Finviz via finvizfinance screener views,2026-08-06T23:30:32+02:00
SBCF,Seacoast Banking Corp Of Florida,eps_growth;eps_next_year,"{'revenue_growth_yoy': 30.009999999999998, 'eps_growth_yoy': 9.83, 'eps_next_year': 8.24, 'operating_margin': 24.52}",,Finviz via finvizfinance screener views,2026-08-06T23:30:32+02:00
SBLK,Star Bulk Carriers Corp,eps_next_year,"{'revenue_growth_yoy': 44.46, 'eps_growth_yoy': 4329.0, 'eps_next_year': -5.84, 'operating_margin': 27.839999999999996}",,Finviz via finvizfinance screener views,2026-08-06T23:30:32+02:00
SBRA,Sabra Healthcare REIT Inc,eps_growth,"{'revenue_growth_yoy': 25.2, 'eps_growth_yoy': -136.73, 'eps_next_year': 20.1, 'operating_margin': 18.8}",,Finviz via finvizfinance screener views,2026-08-06T23:30:32+02:00
SBUX,Starbucks Corp,revenue_growth,"{'revenue_growth_yoy': -1.43, 'eps_growth_yoy': 86.59, 'eps_next_year': 20.71, 'operating_margin': 10.01}",,Finviz via finvizfinance screener views,2026-08-06T23:30:32+02:00
SFD,Smithfield Foods Inc,revenue_growth;eps_growth;eps_next_year;earnings_window,"{'revenue_growth_yoy': 0.8500000000000001, 'eps_growth_yoy': 8.27, 'eps_next_year': -2.25, 'operating_margin': 8.95}",,Finviz via finvizfinance screener views,2026-08-06T23:30:32+02:00
SFM,Sprouts Farmers Market Inc,revenue_growth;eps_growth;eps_next_year;operating_margin,"{'revenue_growth_yoy': 4.74, 'eps_growth_yoy': 1.09, 'eps_next_year': 6.95, 'operating_margin': 7.489999999999999}",,Finviz via finvizfinance screener views,2026-08-06T23:30:32+02:00
SFNC,Simmons First National Corp,revenue_growth;eps_growth;eps_next_year;operating_margin,"{'revenue_growth_yoy': -0.69, 'eps_growth_yoy': 5.91, 'eps_next_year': 7.77, 'operating_margin': -74.6}",,Finviz via finvizfinance screener views,2026-08-06T23:30:32+02:00
SHC,Sotera Health Co,revenue_growth;eps_growth;eps_next_year;earnings_window,"{'revenue_growth_yoy': 10.03, 'eps_growth_yoy': 2.9744, 'eps_next_year': 9.81, 'operating_margin': 36.29}",,Finviz via finvizfinance screener views,2026-08-06T23:30:32+02:00
SHOO,Steven Madden Ltd,revenue_growth;eps_growth,"{'revenue_growth_yoy': 19.12, 'eps_growth_yoy': 1.6898, 'eps_next_year': 26.6, 'operating_margin': 9.030000000000001}",,Finviz via finvizfinance screener views,2026-08-06T23:30:32+02:00
SIRI,Sirius XM Holdings Inc,revenue_growth;eps_growth;eps_next_year,"{'revenue_growth_yoy': 1.03, 'eps_growth_yoy': 23.51, 'eps_next_year': 9.04, 'operating_margin': 22.53}",,Finviz via finvizfinance screener views,2026-08-06T23:30:32+02:00
SLDE,Slide Insurance Holdings Inc,eps_next_year,"{'revenue_growth_yoy': 47.86, 'eps_growth_yoy': 90.44, 'eps_next_year': -2.56, 'operating_margin': 53.05}",,Finviz via finvizfinance screener views,2026-08-06T23:30:32+02:00
SLM,SLM Corp,revenue_growth;eps_growth;eps_next_year,"{'revenue_growth_yoy': -2.76, 'eps_growth_yoy': -8.559999999999999, 'eps_next_year': 7.32, 'operating_margin': 42.43}",,Finviz via finvizfinance screener views,2026-08-06T23:30:32+02:00
SMCI,Super Micro Computer Inc,eps_growth;operating_margin;earnings_window,"{'revenue_growth_yoy': 122.67999999999999, 'eps_growth_yoy': 3.1407, 'eps_next_year': 15.55, 'operating_margin': 4.4799999999999995}",,Finviz via finvizfinance screener views,2026-08-06T23:30:32+02:00
SMTC,Semtech Corp,revenue_growth;eps_growth,"{'revenue_growth_yoy': 15.920000000000002, 'eps_growth_yoy': 25.46, 'eps_next_year': 44.63, 'operating_margin': 10.72}",,Finviz via finvizfinance screener views,2026-08-06T23:30:32+02:00
SNDK,Sandisk Corp,revenue_growth,"{'revenue_growth_yoy': 3.7159, 'eps_growth_yoy': 280.1746, 'eps_next_year': 24.16, 'operating_margin': 61.58}",,Finviz via finvizfinance screener views,2026-08-06T23:30:32+02:00
SNEX,StoneX Group Inc,revenue_growth;eps_growth;eps_next_year;operating_margin,"{'revenue_growth_yoy': 15.379999999999999, 'eps_growth_yoy': 22.57, 'eps_next_year': 2.23, 'operating_margin': 1.6500000000000001}",,Finviz via finvizfinance screener views,2026-08-06T23:30:32+02:00
SNPS,Synopsys Inc,eps_growth,"{'revenue_growth_yoy': 41.92, 'eps_growth_yoy': -96.02000000000001, 'eps_next_year': 17.19, 'operating_margin': 12.02}",,Finviz via finvizfinance screener views,2026-08-06T23:30:32+02:00
SOLS,Solstice Advanced Materials Inc,revenue_growth;eps_growth,"{'revenue_growth_yoy': 11.129999999999999, 'eps_growth_yoy': 22.15, 'eps_next_year': 16.8, 'operating_margin': 16.900000000000002}",,Finviz via finvizfinance screener views,2026-08-06T23:30:32+02:00
SSNC,SS&C Technologies Holdings Inc,revenue_growth;eps_next_year,"{'revenue_growth_yoy': 10.34, 'eps_growth_yoy': 35.33, 'eps_next_year': 9.55, 'operating_margin': 24.36}",,Finviz via finvizfinance screener views,2026-08-06T23:30:32+02:00
SSRM,SSR Mining Inc,revenue_growth;eps_growth;eps_next_year,"{'revenue_growth_yoy': 9.46, 'eps_growth_yoy': 11.129999999999999, 'eps_next_year': 12.31, 'operating_margin': 42.3}",,Finviz via finvizfinance screener views,2026-08-06T23:30:32+02:00
STEP,StepStone Group Inc,operating_margin;earnings_window,"{'revenue_growth_yoy': 57.43000000000001, 'eps_growth_yoy': 60.18, 'eps_next_year': 35.41, 'operating_margin': -45.64}",,Finviz via finvizfinance screener views,2026-08-06T23:30:32+02:00
STOK,Stoke Therapeutics Inc,revenue_growth;eps_growth;eps_next_year;operating_margin,"{'revenue_growth_yoy': -32.51, 'eps_growth_yoy': -131.96, 'eps_next_year': 2.64, 'operating_margin': -8.0969}",,Finviz via finvizfinance screener views,2026-08-06T23:30:32+02:00
SUPN,Supernus Pharmaceuticals Inc,eps_growth;operating_margin,"{'revenue_growth_yoy': 32.4, 'eps_growth_yoy': -3.5307, 'eps_next_year': 66.25, 'operating_margin': -7.7299999999999995}",,Finviz via finvizfinance screener views,2026-08-06T23:30:32+02:00
SWKS,Skyworks Solutions Inc,revenue_growth;eps_growth;eps_next_year,"{'revenue_growth_yoy': -3.1300000000000003, 'eps_growth_yoy': -67.95, 'eps_next_year': -2.2, 'operating_margin': 8.7}",,Finviz via finvizfinance screener views,2026-08-06T23:30:32+02:00
SYM,Symbotic Inc,eps_growth;operating_margin,"{'revenue_growth_yoy': 21.740000000000002, 'eps_growth_yoy': 2.6162, 'eps_next_year': 51.81, 'operating_margin': 1.43}",,Finviz via finvizfinance screener views,2026-08-06T23:30:32+02:00
SYNA,Synaptics Inc,revenue_growth;eps_next_year;operating_margin;earnings_window,"{'revenue_growth_yoy': 10.35, 'eps_growth_yoy': 63.11, 'eps_next_year': 14.31, 'operating_margin': -6.08}",,Finviz via finvizfinance screener views,2026-08-06T23:30:32+02:00
TARS,Tarsus Pharmaceuticals Inc,operating_margin;earnings_window,"{'revenue_growth_yoy': 106.87, 'eps_growth_yoy': 74.59, 'eps_next_year': 259.48, 'operating_margin': -9.5}",,Finviz via finvizfinance screener views,2026-08-06T23:30:32+02:00
TEAM,Atlassian Corp,eps_growth;eps_next_year;operating_margin;earnings_window,"{'revenue_growth_yoy': 31.71, 'eps_growth_yoy': -39.839999999999996, 'eps_next_year': 10.51, 'operating_margin': 1.04}",,Finviz via finvizfinance screener views,2026-08-06T23:30:32+02:00
TECH,Bio-Techne Corp,revenue_growth;eps_next_year,"{'revenue_growth_yoy': -1.51, 'eps_growth_yoy': 128.15, 'eps_next_year': 6.73, 'operating_margin': 22.18}",,Finviz via finvizfinance screener views,2026-08-06T23:30:32+02:00
TEM,Tempus AI Inc,operating_margin,"{'revenue_growth_yoy': 21.560000000000002, 'eps_growth_yoy': 112.51, 'eps_next_year': 97.35, 'operating_margin': -18.92}",,Finviz via finvizfinance screener views,2026-08-06T23:30:32+02:00
TENB,Tenable Holdings Inc,revenue_growth;eps_next_year;operating_margin,"{'revenue_growth_yoy': 8.58, 'eps_growth_yoy': 127.47, 'eps_next_year': 9.94, 'operating_margin': 4.2}",,Finviz via finvizfinance screener views,2026-08-06T23:30:32+02:00
TER,Teradyne Inc,eps_growth,"{'revenue_growth_yoy': 103.99000000000001, 'eps_growth_yoy': 3.8531, 'eps_next_year': 27.62, 'operating_margin': 30.880000000000003}",,Finviz via finvizfinance screener views,2026-08-06T23:30:32+02:00
TFSL,TFS Financial Corp,revenue_growth;eps_next_year,"{'revenue_growth_yoy': 5.8999999999999995, 'eps_growth_yoy': 44.18, 'eps_next_year': 8.33, 'operating_margin': 15.659999999999998}",,Finviz via finvizfinance screener views,2026-08-06T23:30:32+02:00
TGTX,TG Therapeutics Inc,eps_growth,"{'revenue_growth_yoy': 70.27, 'eps_growth_yoy': -71.45, 'eps_next_year': 167.84, 'operating_margin': 17.05}",,Finviz via finvizfinance screener views,2026-08-06T23:30:32+02:00
TIGO,Millicom International Cellular SA,eps_growth;earnings_window,"{'revenue_growth_yoy': 44.47, 'eps_growth_yoy': -42.699999999999996, 'eps_next_year': 57.56, 'operating_margin': 23.61}",,Finviz via finvizfinance screener views,2026-08-06T23:30:32+02:00
TLN,Talen Energy Corp,revenue_growth;eps_growth,"{'revenue_growth_yoy': 3.2300000000000004, 'eps_growth_yoy': -2.3335, 'eps_next_year': 48.67, 'operating_margin': 31.09}",,Finviz via finvizfinance screener views,2026-08-06T23:30:32+02:00
TMDX,Transmedics Group Inc,eps_growth,"{'revenue_growth_yoy': 20.7, 'eps_growth_yoy': -55.84, 'eps_next_year': 53.57, 'operating_margin': 12.21}",,Finviz via finvizfinance screener views,2026-08-06T23:30:32+02:00
TMUS,T-Mobile US Inc,revenue_growth;eps_growth,"{'revenue_growth_yoy': 7.85, 'eps_growth_yoy': 5.4, 'eps_next_year': 27.43, 'operating_margin': 21.17}",,Finviz via finvizfinance screener views,2026-08-06T23:30:32+02:00
TNGX,Tango Therapeutics Inc,revenue_growth;eps_growth;eps_next_year;operating_margin,"{'revenue_growth_yoy': -100.0, 'eps_growth_yoy': 12.31, 'eps_next_year': -15.72, 'operating_margin': -2.0622}",,Finviz via finvizfinance screener views,2026-08-06T23:30:32+02:00
TPG,TPG Inc,eps_growth,"{'revenue_growth_yoy': 99.00999999999999, 'eps_growth_yoy': 8.3283, 'eps_next_year': 27.17, 'operating_margin': 15.36}",,Finviz via finvizfinance screener views,2026-08-06T23:30:32+02:00
TRI,Thomson-Reuters Corp,revenue_growth;eps_next_year,"{'revenue_growth_yoy': 9.47, 'eps_growth_yoy': 47.71, 'eps_next_year': 14.34, 'operating_margin': 26.83}",,Finviz via finvizfinance screener views,2026-08-06T23:30:32+02:00
TRMB,Trimble Inc,revenue_growth;eps_next_year;earnings_window,"{'revenue_growth_yoy': 11.81, 'eps_growth_yoy': 54.120000000000005, 'eps_next_year': 13.63, 'operating_margin': 18.240000000000002}",,Finviz via finvizfinance screener views,2026-08-06T23:30:32+02:00
TRMD,Torm Plc,eps_next_year,"{'revenue_growth_yoy': 22.15, 'eps_growth_yoy': 91.51, 'eps_next_year': -48.7, 'operating_margin': 28.410000000000004}",,Finviz via finvizfinance screener views,2026-08-06T23:30:32+02:00
TROW,T. Rowe Price Group Inc,revenue_growth;eps_growth,"{'revenue_growth_yoy': 10.68, 'eps_growth_yoy': 28.62, 'eps_next_year': 43.0, 'operating_margin': 36.93}",,Finviz via finvizfinance screener views,2026-08-06T23:30:32+02:00
TSCO,Tractor Supply Co,revenue_growth;eps_growth;eps_next_year,"{'revenue_growth_yoy': 2.29, 'eps_growth_yoy': -14.899999999999999, 'eps_next_year': 6.17, 'operating_margin': 8.91}",,Finviz via finvizfinance screener views,2026-08-06T23:30:32+02:00
TSLA,Tesla Inc,eps_growth;operating_margin,"{'revenue_growth_yoy': 25.52, 'eps_growth_yoy': -5.5, 'eps_next_year': 32.4, 'operating_margin': 4.61}",,Finviz via finvizfinance screener views,2026-08-06T23:30:32+02:00
TTAN,ServiceTitan Inc,operating_margin,"{'revenue_growth_yoy': 24.63, 'eps_growth_yoy': 53.2, 'eps_next_year': 25.03, 'operating_margin': -13.94}",,Finviz via finvizfinance screener views,2026-08-06T23:30:32+02:00
TTD,Trade Desk Inc,revenue_growth;eps_growth;earnings_window,"{'revenue_growth_yoy': 11.82, 'eps_growth_yoy': -16.77, 'eps_next_year': 19.6, 'operating_margin': 20.26}",,Finviz via finvizfinance screener views,2026-08-06T23:30:32+02:00
TTEK,Tetra Tech Inc,revenue_growth;eps_growth;eps_next_year,"{'revenue_growth_yoy': -4.47, 'eps_growth_yoy': -1.8599999999999999, 'eps_next_year': 10.19, 'operating_margin': 11.73}",,Finviz via finvizfinance screener views,2026-08-06T23:30:32+02:00
TTWO,Take-Two Interactive Software Inc,revenue_growth;operating_margin;earnings_window,"{'revenue_growth_yoy': 6.15, 'eps_growth_yoy': 98.48, 'eps_next_year': 47.3, 'operating_margin': -1.6500000000000001}",,Finviz via finvizfinance screener views,2026-08-06T23:30:32+02:00
TVTX,Travere Therapeutics Inc,eps_growth;operating_margin,"{'revenue_growth_yoy': 48.17, 'eps_growth_yoy': -1.5955, 'eps_next_year': 9888.53, 'operating_margin': -6.84}",,Finviz via finvizfinance screener views,2026-08-06T23:30:32+02:00
TW,Tradeweb Markets Inc,revenue_growth;eps_growth;eps_next_year,"{'revenue_growth_yoy': 8.959999999999999, 'eps_growth_yoy': 19.18, 'eps_next_year': 13.44, 'operating_margin': 43.61}",,Finviz via finvizfinance screener views,2026-08-06T23:30:32+02:00
TWST,Twist Bioscience Corp,eps_growth;operating_margin,"{'revenue_growth_yoy': 23.24, 'eps_growth_yoy': -2.6848, 'eps_next_year': 35.08, 'operating_margin': -31.91}",,Finviz via finvizfinance screener views,2026-08-06T23:30:32+02:00
TXG,10x Genomics Inc,revenue_growth;eps_next_year;operating_margin;earnings_window,"{'revenue_growth_yoy': -2.6100000000000003, 'eps_growth_yoy': 62.529999999999994, 'eps_next_year': 12.19, 'operating_margin': -11.700000000000001}",,Finviz via finvizfinance screener views,2026-08-06T23:30:32+02:00
TXRH,Texas Roadhouse Inc,revenue_growth;eps_growth;earnings_window,"{'revenue_growth_yoy': 12.82, 'eps_growth_yoy': 9.569999999999999, 'eps_next_year': 19.1, 'operating_margin': 8.48}",,Finviz via finvizfinance screener views,2026-08-06T23:30:32+02:00
UAL,United Airlines Holdings Inc,revenue_growth;eps_growth;operating_margin,"{'revenue_growth_yoy': 15.989999999999998, 'eps_growth_yoy': -17.11, 'eps_next_year': 48.3, 'operating_margin': 6.77}",,Finviz via finvizfinance screener views,2026-08-06T23:30:32+02:00
UBSI,United Bankshares Inc,revenue_growth;eps_growth;eps_next_year,"{'revenue_growth_yoy': 0.6799999999999999, 'eps_growth_yoy': 12.24, 'eps_next_year': 4.04, 'operating_margin': 35.02}",,Finviz via finvizfinance screener views,2026-08-06T23:30:32+02:00
UCTT,Ultra Clean Hldgs Inc,operating_margin,"{'revenue_growth_yoy': 24.310000000000002, 'eps_growth_yoy': 105.25999999999999, 'eps_next_year': 106.91, 'operating_margin': 2.8400000000000003}",,Finviz via finvizfinance screener views,2026-08-06T23:30:32+02:00
UPST,Upstart Holdings Inc,eps_growth;operating_margin,"{'revenue_growth_yoy': 41.75, 'eps_growth_yoy': 1.855, 'eps_next_year': 156.7, 'operating_margin': 3.9899999999999998}",,Finviz via finvizfinance screener views,2026-08-06T23:30:32+02:00
URBN,Urban Outfitters Inc,revenue_growth;eps_growth;eps_next_year,"{'revenue_growth_yoy': 11.42, 'eps_growth_yoy': 12.41, 'eps_next_year': 9.26, 'operating_margin': 9.8}",,Finviz via finvizfinance screener views,2026-08-06T23:30:32+02:00
URGN,UroGen Pharma Ltd,revenue_growth;operating_margin,"{'revenue_growth_yoy': 1.9922, 'eps_growth_yoy': 72.78, 'eps_next_year': 973.24, 'operating_margin': -35.32}",,Finviz via finvizfinance screener views,2026-08-06T23:30:32+02:00
USAR,USA Rare Earth Inc,operating_margin,"{'revenue_growth_yoy': None, 'eps_growth_yoy': -1.5523, 'eps_next_year': 59.38, 'operating_margin': -11.9139}",,Finviz via finvizfinance screener views,2026-08-06T23:30:32+02:00
VCYT,Veracyte Inc,revenue_growth;eps_growth;eps_next_year,"{'revenue_growth_yoy': 15.49, 'eps_growth_yoy': 25.848, 'eps_next_year': 2.14, 'operating_margin': 17.22}",,Finviz via finvizfinance screener views,2026-08-06T23:30:32+02:00
VECO,Veeco Instruments Inc,revenue_growth;eps_growth;operating_margin,"{'revenue_growth_yoy': 16.48, 'eps_growth_yoy': -9.8, 'eps_next_year': 101.83, 'operating_margin': 4.26}",,Finviz via finvizfinance screener views,2026-08-06T23:30:32+02:00
VIAV,Viavi Solutions Inc,eps_growth,"{'revenue_growth_yoy': 52.53, 'eps_growth_yoy': 2.6932, 'eps_next_year': 26.42, 'operating_margin': 10.39}",,Finviz via finvizfinance screener views,2026-08-06T23:30:32+02:00
VICR,Vicor Corp,eps_growth,"{'revenue_growth_yoy': 49.25, 'eps_growth_yoy': 14.17, 'eps_next_year': 73.22, 'operating_margin': 18.64}",,Finviz via finvizfinance screener views,2026-08-06T23:30:32+02:00
VNOM,Viper Energy Inc,eps_growth;eps_next_year,"{'revenue_growth_yoy': 129.26999999999998, 'eps_growth_yoy': 1.5984, 'eps_next_year': -11.24, 'operating_margin': 48.86}",,Finviz via finvizfinance screener views,2026-08-06T23:30:32+02:00
VRDN,Viridian Therapeutics Inc,eps_growth;operating_margin;earnings_window,"{'revenue_growth_yoy': 95.83, 'eps_growth_yoy': 3.94, 'eps_next_year': 34.2, 'operating_margin': -5.4386}",,Finviz via finvizfinance screener views,2026-08-06T23:30:32+02:00
VRNS,Varonis Systems Inc,revenue_growth;eps_growth;operating_margin,"{'revenue_growth_yoy': 18.84, 'eps_growth_yoy': -27.529999999999998, 'eps_next_year': 178.96, 'operating_margin': -24.01}",,Finviz via finvizfinance screener views,2026-08-06T23:30:32+02:00
VRSK,Verisk Analytics Inc,revenue_growth;eps_growth;eps_next_year,"{'revenue_growth_yoy': 4.36, 'eps_growth_yoy': -3.2099999999999995, 'eps_next_year': 12.93, 'operating_margin': 44.81}",,Finviz via finvizfinance screener views,2026-08-06T23:30:32+02:00
VRSN,Verisign Inc,revenue_growth;eps_growth;eps_next_year,"{'revenue_growth_yoy': 6.03, 'eps_growth_yoy': 7.71, 'eps_next_year': 13.27, 'operating_margin': 67.86}",,Finviz via finvizfinance screener views,2026-08-06T23:30:32+02:00
VRTX,Vertex Pharmaceuticals Inc,revenue_growth;eps_growth;eps_next_year,"{'revenue_growth_yoy': 11.99, 'eps_growth_yoy': 8.02, 'eps_next_year': 13.13, 'operating_margin': 39.54}",,Finviz via finvizfinance screener views,2026-08-06T23:30:32+02:00
VSAT,Viasat Inc,revenue_growth;eps_growth;eps_next_year;operating_margin,"{'revenue_growth_yoy': -1.24, 'eps_growth_yoy': 12.030000000000001, 'eps_next_year': -2.2, 'operating_margin': 2.35}",,Finviz via finvizfinance screener views,2026-08-06T23:30:32+02:00
VSNT,Versant Media Group Inc,revenue_growth;eps_growth;earnings_window,"{'revenue_growth_yoy': -1.17, 'eps_growth_yoy': -20.39, 'eps_next_year': 76.89, 'operating_margin': 20.22}",,Finviz via finvizfinance screener views,2026-08-06T23:30:32+02:00
VTRS,Viatris Inc,revenue_growth;eps_next_year;earnings_window,"{'revenue_growth_yoy': 8.5, 'eps_growth_yoy': 105.88, 'eps_next_year': 7.29, 'operating_margin': 9.0}",,Finviz via finvizfinance screener views,2026-08-06T23:30:32+02:00
WAY,Waystar Holding Corp,revenue_growth;eps_growth;eps_next_year,"{'revenue_growth_yoy': 18.11, 'eps_growth_yoy': 18.57, 'eps_next_year': 12.63, 'operating_margin': 25.36}",,Finviz via finvizfinance screener views,2026-08-06T23:30:32+02:00
WBD,Warner Bros. Discovery Inc,revenue_growth;eps_growth;operating_margin;earnings_window,"{'revenue_growth_yoy': -0.8, 'eps_growth_yoy': -5.3592, 'eps_next_year': 95.24, 'operating_margin': 5.63}",,Finviz via finvizfinance screener views,2026-08-06T23:30:32+02:00
WDAY,Workday Inc,revenue_growth;eps_growth,"{'revenue_growth_yoy': 14.29, 'eps_growth_yoy': 2.4694, 'eps_next_year': 17.34, 'operating_margin': 12.34}",,Finviz via finvizfinance screener views,2026-08-06T23:30:32+02:00
WDC,Western Digital Corp,eps_growth,"{'revenue_growth_yoy': 43.84, 'eps_growth_yoy': 9.8514, 'eps_next_year': 65.95, 'operating_margin': 35.58}",,Finviz via finvizfinance screener views,2026-08-06T23:30:32+02:00
WERN,Werner Enterprises Inc,eps_growth;operating_margin,"{'revenue_growth_yoy': 24.0, 'eps_growth_yoy': -85.41, 'eps_next_year': 90.57, 'operating_margin': 0.5700000000000001}",,Finviz via finvizfinance screener views,2026-08-06T23:30:32+02:00
WFRD,Weatherford International plc,revenue_growth;eps_growth,"{'revenue_growth_yoy': -8.219999999999999, 'eps_growth_yoy': -71.24000000000001, 'eps_next_year': 36.68, 'operating_margin': 14.42}",,Finviz via finvizfinance screener views,2026-08-06T23:30:32+02:00
WGS,GeneDx Holdings Corp,revenue_growth;eps_growth;operating_margin,"{'revenue_growth_yoy': 11.44, 'eps_growth_yoy': -2.6435, 'eps_next_year': 3516.32, 'operating_margin': -12.49}",,Finviz via finvizfinance screener views,2026-08-06T23:30:32+02:00
WING,Wingstop Inc,revenue_growth;eps_growth,"{'revenue_growth_yoy': 6.4399999999999995, 'eps_growth_yoy': 20.11, 'eps_next_year': 20.59, 'operating_margin': 28.77}",,Finviz via finvizfinance screener views,2026-08-06T23:30:32+02:00
WIX,Wix.com Ltd,revenue_growth;eps_growth;operating_margin,"{'revenue_growth_yoy': 14.93, 'eps_growth_yoy': -2.8372, 'eps_next_year': 50.59, 'operating_margin': -3.1399999999999997}",,Finviz via finvizfinance screener views,2026-08-06T23:30:32+02:00
WMG,Warner Music Group Corp,revenue_growth;eps_growth,"{'revenue_growth_yoy': 10.36, 'eps_growth_yoy': 13.4853, 'eps_next_year': 21.86, 'operating_margin': 18.77}",,Finviz via finvizfinance screener views,2026-08-06T23:30:32+02:00
WMT,Walmart Inc,revenue_growth;eps_growth;eps_next_year;operating_margin,"{'revenue_growth_yoy': 7.33, 'eps_growth_yoy': 19.56, 'eps_next_year': 13.02, 'operating_margin': 4.16}",,Finviz via finvizfinance screener views,2026-08-06T23:30:32+02:00
WSBC,Wesbanco Inc,revenue_growth;eps_next_year,"{'revenue_growth_yoy': 1.24, 'eps_growth_yoy': 59.650000000000006, 'eps_next_year': 8.07, 'operating_margin': 30.669999999999998}",,Finviz via finvizfinance screener views,2026-08-06T23:30:32+02:00
WSC,WillScot Holdings Corp,revenue_growth;eps_growth;earnings_window,"{'revenue_growth_yoy': -1.95, 'eps_growth_yoy': -33.300000000000004, 'eps_next_year': 22.29, 'operating_margin': 21.01}",,Finviz via finvizfinance screener views,2026-08-06T23:30:32+02:00
WULF,TeraWulf Inc,revenue_growth;eps_growth;operating_margin,"{'revenue_growth_yoy': -6.02, 'eps_growth_yoy': -39.7368, 'eps_next_year': 89.82, 'operating_margin': -2.2732}",,Finviz via finvizfinance screener views,2026-08-06T23:30:32+02:00
WWD,Woodward Inc,eps_next_year,"{'revenue_growth_yoy': 21.22, 'eps_growth_yoy': 36.29, 'eps_next_year': 13.27, 'operating_margin': 15.840000000000002}",,Finviz via finvizfinance screener views,2026-08-06T23:30:32+02:00
WYNN,Wynn Resorts Ltd,revenue_growth;eps_next_year,"{'revenue_growth_yoy': 6.859999999999999, 'eps_growth_yoy': 106.86, 'eps_next_year': 10.16, 'operating_margin': 16.3}",,Finviz via finvizfinance screener views,2026-08-06T23:30:32+02:00
XE,X-Energy Inc,earnings_window,"{'revenue_growth_yoy': None, 'eps_growth_yoy': None, 'eps_next_year': 137.0, 'operating_margin': None}",,Finviz via finvizfinance screener views,2026-08-06T23:30:32+02:00
XEL,Xcel Energy Inc,revenue_growth;eps_growth;eps_next_year,"{'revenue_growth_yoy': -4.9399999999999995, 'eps_growth_yoy': 23.77, 'eps_next_year': 10.44, 'operating_margin': 21.16}",,Finviz via finvizfinance screener views,2026-08-06T23:30:32+02:00
XENE,Xenon Pharmaceuticals Inc,revenue_growth;eps_growth;eps_next_year;earnings_window,"{'revenue_growth_yoy': -100.0, 'eps_growth_yoy': -41.69, 'eps_next_year': -3.24, 'operating_margin': None}",,Finviz via finvizfinance screener views,2026-08-06T23:30:32+02:00
XMTR,Xometry Inc,operating_margin,"{'revenue_growth_yoy': 35.88, 'eps_growth_yoy': 66.12, 'eps_next_year': 82.02, 'operating_margin': -4.66}",,Finviz via finvizfinance screener views,2026-08-06T23:30:32+02:00
XP,XP Inc,revenue_growth;eps_growth,"{'revenue_growth_yoy': 19.3, 'eps_growth_yoy': 21.12, 'eps_next_year': 15.3, 'operating_margin': 31.86}",,Finviz via finvizfinance screener views,2026-08-06T23:30:32+02:00
Z,Zillow Group Inc,revenue_growth;eps_growth;operating_margin,"{'revenue_growth_yoy': 18.39, 'eps_growth_yoy': 5.1538, 'eps_next_year': 30.05, 'operating_margin': 0.48}",,Finviz via finvizfinance screener views,2026-08-06T23:30:32+02:00
ZBIO,Zenas Biopharma Inc,revenue_growth;eps_growth,"{'revenue_growth_yoy': -100.0, 'eps_growth_yoy': -81.27, 'eps_next_year': 90.0, 'operating_margin': None}",,Finviz via finvizfinance screener views,2026-08-06T23:30:32+02:00
ZBRA,Zebra Technologies Corp,revenue_growth;eps_next_year,"{'revenue_growth_yoy': 19.07, 'eps_growth_yoy': 121.66, 'eps_next_year': 6.17, 'operating_margin': 17.16}",,Finviz via finvizfinance screener views,2026-08-06T23:30:32+02:00
ZG,Zillow Group Inc,revenue_growth;eps_growth;operating_margin,"{'revenue_growth_yoy': 18.39, 'eps_growth_yoy': 5.1538, 'eps_next_year': 30.56, 'operating_margin': 0.48}",,Finviz via finvizfinance screener views,2026-08-06T23:30:32+02:00
ZION,Zions Bancorporation N.A,revenue_growth;eps_next_year,"{'revenue_growth_yoy': 19.1, 'eps_growth_yoy': 86.88, 'eps_next_year': -14.23, 'operating_margin': 29.060000000000002}",,Finviz via finvizfinance screener views,2026-08-06T23:30:32+02:00
ZM,Zoom Communications Inc,revenue_growth;eps_next_year,"{'revenue_growth_yoy': 5.47, 'eps_growth_yoy': 74.18, 'eps_next_year': 3.95, 'operating_margin': 24.169999999999998}",,Finviz via finvizfinance screener views,2026-08-06T23:30:32+02:00
ZS,Zscaler Inc,eps_growth;eps_next_year;operating_margin,"{'revenue_growth_yoy': 25.430000000000003, 'eps_growth_yoy': -2.2481, 'eps_next_year': 11.24, 'operating_margin': -4.47}",,Finviz via finvizfinance screener views,2026-08-06T23:30:32+02:00
ADI,Analog Devices Inc,price_above_sma50;ema21_above_ema50;rsi14;rvol20;performance_21d,"{'price': 377.31, 'rsi14': 48.37779872798132, 'atr_pct': 3.8976484416345554, 'rvol20': 0.9119183687771186, 'performance_21d_pct': -2.0991177996886323, 'distance_52w_high_pct': 15.384270368460006, 'distance_resistance_pct': 18.181336301714776}",pattern;previous_revenue_growth_yoy;shares_change_6m_pct,TradingView MCP + Finviz via finvizfinance screener views,2026-08-06T23:31:13+02:00
AEIS,Advanced Energy Industries Inc,ema21_above_ema50;rsi14;rvol20,"{'price': 323.91, 'rsi14': 54.08606973392803, 'atr_pct': 7.296371394675402, 'rvol20': 0.6200120896660783, 'performance_21d_pct': 10.30854107069883, 'distance_52w_high_pct': 18.500905797101442, 'distance_resistance_pct': 20.338983050847453}",pattern;previous_revenue_growth_yoy;shares_change_6m_pct,TradingView MCP + Finviz via finvizfinance screener views,2026-08-06T23:31:27+02:00
AFRM,Affirm Holdings Inc,sma150_above_sma200;rsi14;rvol20;performance_21d,"{'price': 76.58, 'rsi14': 51.956481964783976, 'atr_pct': 4.700657841554037, 'rvol20': 0.6630832360824921, 'performance_21d_pct': -5.782480314960637, 'distance_52w_high_pct': 23.42, 'distance_resistance_pct': 13.345521023765993}",pattern;previous_revenue_growth_yoy;shares_change_6m_pct,TradingView MCP + Finviz via finvizfinance screener views,2026-08-06T23:31:41+02:00
APP,Applovin Corp,price_above_sma50;sma150_above_sma200;ema21_above_ema50;within_25pct_52w_high;rsi14;performance_21d,"{'price': 335.67, 'rsi14': 28.906669455792837, 'atr_pct': 8.814836239684865, 'rvol20': 2.326786974474552, 'performance_21d_pct': -35.71756865448695, 'distance_52w_high_pct': 54.980485776746555, 'distance_resistance_pct': 85.30103971162153}",pattern;previous_revenue_growth_yoy;shares_change_6m_pct,TradingView MCP + Finviz via finvizfinance screener views,2026-08-06T23:31:55+02:00
ARXS,Arxis Inc,price_above_sma50;sma50_above_sma150;sma150_above_sma200;ema21_above_ema50;within_25pct_52w_high;rsi14;atr_pct;rvol20;performance_21d;distance_resistance;no_extended_move_10d;revenue_growth;eps_growth;operating_margin,"{'price': 57.59, 'rsi14': None, 'atr_pct': None, 'rvol20': None, 'performance_21d_pct': None, 'distance_52w_high_pct': None, 'distance_resistance_pct': None}",atr14;atr_pct;distance_52w_high_pct;distance_resistance_pct;ema21;ema50;eps_growth_yoy;gross_margin;operating_margin;pattern;performance_21d_pct;previous_revenue_growth_yoy;resistance;revenue_growth_yoy;rsi14;rvol20;shares_change_6m_pct;sma150;sma200;sma50;week52_high,TradingView MCP + Finviz via finvizfinance screener views,2026-08-06T23:32:00+02:00
ASML,ASML Holding NV,price_above_sma50;rsi14;rvol20;performance_21d,"{'price': 1704.37, 'rsi14': 49.01284815710679, 'atr_pct': 4.814007591361988, 'rvol20': 0.5401446972764322, 'performance_21d_pct': -3.634410426031165, 'distance_52w_high_pct': 14.779795595911926, 'distance_resistance_pct': 17.343065179509153}",pattern;previous_revenue_growth_yoy;shares_change_6m_pct,TradingView MCP + Finviz via finvizfinance screener views,2026-08-06T23:32:14+02:00
AUPH,Aurinia Pharmaceuticals Inc,ema21_above_ema50;performance_21d,"{'price': 16.13, 'rsi14': 56.81568289320214, 'atr_pct': 3.833092920194129, 'rvol20': 2.0691206219305407, 'performance_21d_pct': -0.6161429451632894, 'distance_52w_high_pct': 16.207792207792213, 'distance_resistance_pct': 19.34283942963423}",pattern;previous_revenue_growth_yoy;shares_change_6m_pct,TradingView MCP + Finviz via finvizfinance screener views,2026-08-06T23:32:21+02:00
AVGO,Broadcom Inc,rvol20,"{'price': 420.57, 'rsi14': 62.53078461341315, 'atr_pct': 4.062828969138398, 'rvol20': 0.6955709211160276, 'performance_21d_pct': 8.200622604131835, 'distance_52w_high_pct': 15.037373737373738, 'distance_resistance_pct': 17.69880993425511}",pattern;previous_revenue_growth_yoy;shares_change_6m_pct,TradingView MCP + Finviz via finvizfinance screener views,2026-08-06T23:32:35+02:00
BSP,Bending Spoons S.p.A,price_above_sma50;sma50_above_sma150;sma150_above_sma200;ema21_above_ema50;within_25pct_52w_high;rsi14;atr_pct;rvol20;performance_21d;distance_resistance;no_extended_move_10d;revenue_growth;eps_growth;operating_margin,"{'price': 45.15, 'rsi14': None, 'atr_pct': None, 'rvol20': None, 'performance_21d_pct': None, 'distance_52w_high_pct': None, 'distance_resistance_pct': None}",atr14;atr_pct;distance_52w_high_pct;distance_resistance_pct;ema21;ema50;eps_growth_yoy;gross_margin;operating_margin;pattern;performance_21d_pct;previous_revenue_growth_yoy;resistance;revenue_growth_yoy;rsi14;rvol20;shares_change_6m_pct;sma150;sma200;sma50;week52_high,TradingView MCP + Finviz via finvizfinance screener views,2026-08-06T23:32:49+02:00
CAI,Caris Life Sciences Inc,sma50_above_sma150;sma150_above_sma200;ema21_above_ema50;within_25pct_52w_high;distance_resistance,"{'price': 20.0, 'rsi14': 71.11293689713519, 'atr_pct': 5.424375294956064, 'rvol20': 2.833819814063315, 'performance_21d_pct': 15.473441108545028, 'distance_52w_high_pct': 52.94117647058824, 'distance_resistance_pct': -0.15000000000000568}",pattern;previous_revenue_growth_yoy;shares_change_6m_pct,TradingView MCP + Finviz via finvizfinance screener views,2026-08-06T23:33:03+02:00
CDNS,Cadence Design Systems Inc,price_above_sma50;ema21_above_ema50;rsi14;rvol20;performance_21d,"{'price': 338.42, 'rsi14': 43.22664445019553, 'atr_pct': 4.21912680496278, 'rvol20': 0.6413256711812293, 'performance_21d_pct': -9.527883227289735, 'distance_52w_high_pct': 18.78374811010583, 'distance_resistance_pct': 23.12806571715619}",pattern;previous_revenue_growth_yoy;shares_change_6m_pct,TradingView MCP + Finviz via finvizfinance screener views,2026-08-06T23:33:17+02:00
HAPN,Happen Inc,price_above_sma50;sma50_above_sma150;sma150_above_sma200;ema21_above_ema50;within_25pct_52w_high;rsi14;atr_pct;rvol20;performance_21d;distance_resistance;no_extended_move_10d,"{'price': 19.71, 'rsi14': None, 'atr_pct': None, 'rvol20': None, 'performance_21d_pct': None, 'distance_52w_high_pct': None, 'distance_resistance_pct': None}",atr14;atr_pct;distance_52w_high_pct;distance_resistance_pct;ema21;ema50;pattern;performance_21d_pct;previous_revenue_growth_yoy;resistance;rsi14;rvol20;shares_change_6m_pct;sma150;sma200;sma50;week52_high,TradingView MCP + Finviz via finvizfinance screener views,2026-08-06T23:33:31+02:00
HONA,Honeywell Aerospace Inc,price_above_sma50;sma50_above_sma150;sma150_above_sma200;ema21_above_ema50;within_25pct_52w_high;rsi14;atr_pct;rvol20;performance_21d;distance_resistance;no_extended_move_10d;revenue_growth;eps_growth;operating_margin,"{'price': 156.47, 'rsi14': None, 'atr_pct': None, 'rvol20': None, 'performance_21d_pct': None, 'distance_52w_high_pct': None, 'distance_resistance_pct': None}",atr14;atr_pct;distance_52w_high_pct;distance_resistance_pct;ema21;ema50;eps_growth_yoy;gross_margin;operating_margin;pattern;performance_21d_pct;previous_revenue_growth_yoy;resistance;revenue_growth_yoy;rsi14;rvol20;shares_change_6m_pct;sma150;sma200;sma50;week52_high,TradingView MCP + Finviz via finvizfinance screener views,2026-08-06T23:33:45+02:00
HOOD,Robinhood Markets Inc,price_above_sma50;sma150_above_sma200;within_25pct_52w_high;rsi14;rvol20;performance_21d,"{'price': 90.71, 'rsi14': 42.196065238550695, 'atr_pct': 6.537273743278877, 'rvol20': 0.59075688008989, 'performance_21d_pct': -20.100413987492296, 'distance_52w_high_pct': 41.0437677393525, 'distance_resistance_pct': 32.34483518906406}",pattern;previous_revenue_growth_yoy;shares_change_6m_pct,TradingView MCP + Finviz via finvizfinance screener views,2026-08-06T23:33:59+02:00
HYMC,Hycroft Mining Holding Corp,price_above_sma50;sma50_above_sma150;ema21_above_ema50;within_25pct_52w_high;rvol20,"{'price': 23.8, 'rsi14': 56.40044313608676, 'atr_pct': 7.4062958769767775, 'rvol20': 0.8615396388207881, 'performance_21d_pct': 14.47811447811449, 'distance_52w_high_pct': 59.475497148811776, 'distance_resistance_pct': 94.5378151260504}",gross_margin;operating_margin;pattern;previous_revenue_growth_yoy;revenue_growth_yoy;shares_change_6m_pct,TradingView MCP + Finviz via finvizfinance screener views,2026-08-06T23:34:04+02:00
IBKR,Interactive Brokers Group Inc,price_above_sma50;rsi14;performance_21d,"{'price': 86.02, 'rsi14': 40.886404202966595, 'atr_pct': 4.161684065442288, 'rvol20': 1.666783777626706, 'performance_21d_pct': -7.901498929336204, 'distance_52w_high_pct': 12.080948487326253, 'distance_resistance_pct': 13.740990467333186}",pattern;previous_revenue_growth_yoy;shares_change_6m_pct,TradingView MCP + Finviz via finvizfinance screener views,2026-08-06T23:34:18+02:00
INCY,Incyte Corp,rsi14,"{'price': 118.38, 'rsi14': 52.437940868205075, 'atr_pct': 3.6190970336126087, 'rvol20': 1.2389583405248663, 'performance_21d_pct': 0.9551424185570534, 'distance_52w_high_pct': 10.723981900452488, 'distance_resistance_pct': 12.012164216928536}",pattern;previous_revenue_growth_yoy;shares_change_6m_pct,TradingView MCP + Finviz via finvizfinance screener views,2026-08-06T23:34:32+02:00
INIO,Innio NV,price_above_sma50;sma50_above_sma150;sma150_above_sma200;ema21_above_ema50;within_25pct_52w_high;rsi14;atr_pct;rvol20;performance_21d;distance_resistance;no_extended_move_10d;revenue_growth;eps_growth;operating_margin,"{'price': 25.97, 'rsi14': None, 'atr_pct': None, 'rvol20': None, 'performance_21d_pct': None, 'distance_52w_high_pct': None, 'distance_resistance_pct': None}",atr14;atr_pct;distance_52w_high_pct;distance_resistance_pct;ema21;ema50;eps_growth_yoy;gross_margin;operating_margin;pattern;performance_21d_pct;previous_revenue_growth_yoy;resistance;revenue_growth_yoy;rsi14;rvol20;shares_change_6m_pct;sma150;sma200;sma50;week52_high,TradingView MCP + Finviz via finvizfinance screener views,2026-08-06T23:34:38+02:00
KNSA,Kiniksa Pharmaceuticals International Plc,rvol20,"{'price': 76.51, 'rsi14': 64.2444978790208, 'atr_pct': 4.684050991955303, 'rvol20': 0.4639558719675791, 'performance_21d_pct': 18.143915997529337, 'distance_52w_high_pct': 7.752592235350847, 'distance_resistance_pct': 8.40413017906155}",pattern;previous_revenue_growth_yoy;shares_change_6m_pct,TradingView MCP + Finviz via finvizfinance screener views,2026-08-06T23:34:52+02:00
LPLA,LPL Financial Holdings Inc,sma50_above_sma150;sma150_above_sma200;atr_pct;rvol20;distance_resistance,"{'price': 359.05, 'rsi14': 70.87087588307446, 'atr_pct': 2.850751332216564, 'rvol20': 0.5153644994179802, 'performance_21d_pct': 19.357090618974816, 'distance_52w_high_pct': 10.273390643742506, 'distance_resistance_pct': 1.6432251775518665}",pattern;previous_revenue_growth_yoy;shares_change_6m_pct,TradingView MCP + Finviz via finvizfinance screener views,2026-08-06T23:35:06+02:00
LRCX,Lam Research Corp,price_above_sma50;ema21_above_ema50;within_25pct_52w_high;rsi14;rvol20;performance_21d,"{'price': 305.77, 'rsi14': 47.155726706336054, 'atr_pct': 8.46092816602186, 'rvol20': 0.6049556367079575, 'performance_21d_pct': -8.218520186102351, 'distance_52w_high_pct': 30.269099201824407, 'distance_resistance_pct': 43.40844425548616}",pattern;previous_revenue_growth_yoy;shares_change_6m_pct,TradingView MCP + Finviz via finvizfinance screener views,2026-08-06T23:35:20+02:00
MPWR,Monolithic Power System Inc,price_above_sma50;ema21_above_ema50;rsi14;rvol20,"{'price': 1359.08, 'rsi14': 49.73614104447958, 'atr_pct': 7.066006222861347, 'rvol20': 0.6569006126015418, 'performance_21d_pct': 3.31202347378583, 'distance_52w_high_pct': 20.71127657890056, 'distance_resistance_pct': 26.12133943550049}",pattern;previous_revenue_growth_yoy;shares_change_6m_pct,TradingView MCP + Finviz via finvizfinance screener views,2026-08-06T23:35:34+02:00
NBIX,Neurocrine Biosciences Inc,price_above_sma50;sma150_above_sma200;rsi14;rvol20;performance_21d,"{'price': 159.82, 'rsi14': 37.91939636407218, 'atr_pct': 3.796134816281667, 'rvol20': 0.9940155083579908, 'performance_21d_pct': -10.33438061041293, 'distance_52w_high_pct': 14.13066838598754, 'distance_resistance_pct': 16.456013014641478}",pattern;previous_revenue_growth_yoy;shares_change_6m_pct,TradingView MCP + Finviz via finvizfinance screener views,2026-08-06T23:35:48+02:00
PENG,Penguin Solutions Inc,price_above_sma50;within_25pct_52w_high;rsi14;rvol20;performance_21d,"{'price': 56.26, 'rsi14': 47.62220243245154, 'atr_pct': 11.855168147942502, 'rvol20': 0.28006238845172654, 'performance_21d_pct': -28.3038103733911, 'distance_52w_high_pct': 37.391497885599826, 'distance_resistance_pct': 59.72271596160683}",eps_growth_yoy;pattern;previous_revenue_growth_yoy;shares_change_6m_pct,TradingView MCP + Finviz via finvizfinance screener views,2026-08-06T23:36:02+02:00
PPTA,Perpetua Resources Corp,sma50_above_sma150;ema21_above_ema50;within_25pct_52w_high;rvol20,"{'price': 22.83, 'rsi14': 63.93378731478627, 'atr_pct': 5.743039693984511, 'rvol20': 1.0449381577086434, 'performance_21d_pct': 19.466248037676603, 'distance_52w_high_pct': 38.90821514583891, 'distance_resistance_pct': 41.87472623740693}",gross_margin;operating_margin;pattern;previous_revenue_growth_yoy;revenue_growth_yoy;shares_change_6m_pct,TradingView MCP + Finviz via finvizfinance screener views,2026-08-06T23:36:08+02:00
SHOP,Shopify Inc,sma50_above_sma150;sma150_above_sma200;distance_resistance;no_extended_move_10d,"{'price': 147.44, 'rsi14': 69.3721077798983, 'atr_pct': 5.356731027458185, 'rvol20': 1.6604526908695896, 'performance_21d_pct': 23.670525079684612, 'distance_52w_high_pct': 19.073494703331686, 'distance_resistance_pct': 4.367878459034182}",pattern;previous_revenue_growth_yoy;shares_change_6m_pct,TradingView MCP + Finviz via finvizfinance screener views,2026-08-06T23:36:22+02:00
SOFI,SoFi Technologies Inc,sma50_above_sma150;sma150_above_sma200;within_25pct_52w_high;rsi14;rvol20,"{'price': 18.1, 'rsi14': 54.8374927586907, 'atr_pct': 5.041411447124785, 'rvol20': 0.5317970439723951, 'performance_21d_pct': 2.0868584320361094, 'distance_52w_high_pct': 44.69905285670638, 'distance_resistance_pct': 9.060773480662967}",pattern;previous_revenue_growth_yoy;shares_change_6m_pct,TradingView MCP + Finviz via finvizfinance screener views,2026-08-06T23:36:27+02:00
SPCX,Space Exploration Technologies Corp,price_above_sma50;sma50_above_sma150;sma150_above_sma200;ema21_above_ema50;within_25pct_52w_high;rsi14;atr_pct;rvol20;performance_21d;distance_resistance;no_extended_move_10d;revenue_growth;eps_growth;operating_margin,"{'price': 114.92, 'rsi14': None, 'atr_pct': None, 'rvol20': None, 'performance_21d_pct': None, 'distance_52w_high_pct': None, 'distance_resistance_pct': None}",atr14;atr_pct;distance_52w_high_pct;distance_resistance_pct;ema21;ema50;eps_growth_yoy;gross_margin;operating_margin;pattern;performance_21d_pct;previous_revenue_growth_yoy;resistance;revenue_growth_yoy;rsi14;rvol20;shares_change_6m_pct;sma150;sma200;sma50;week52_high,TradingView MCP + Finviz via finvizfinance screener views,2026-08-06T23:36:33+02:00
STLD,Steel Dynamics Inc,rvol20,"{'price': 261.48, 'rsi14': 61.7257549299003, 'atr_pct': 3.3932262877173476, 'rvol20': 0.7357814531053692, 'performance_21d_pct': 14.303199860115413, 'distance_52w_high_pct': 9.441019602410469, 'distance_resistance_pct': 10.425271531283459}",pattern;previous_revenue_growth_yoy;shares_change_6m_pct,TradingView MCP + Finviz via finvizfinance screener views,2026-08-06T23:36:47+02:00
STRC,Strategy Inc - VR PRF PERPETUAL USD 100 - Ser A,sma50_above_sma150;sma150_above_sma200;ema21_above_ema50;atr_pct;rvol20;distance_resistance,"{'price': 94.06, 'rsi14': 64.16996201114003, 'atr_pct': 2.589674941105632, 'rvol20': 1.1010674613199694, 'performance_21d_pct': 9.156318904491112, 'distance_52w_high_pct': 6.3317207438492185, 'distance_resistance_pct': 6.325749521581972}",eps_growth_yoy;gross_margin;operating_margin;pattern;previous_revenue_growth_yoy;revenue_growth_yoy;shares_change_6m_pct,TradingView MCP + Finviz via finvizfinance screener views,2026-08-06T23:37:01+02:00
STRL,Sterling Infrastructure Inc,price_above_sma50;ema21_above_ema50;within_25pct_52w_high;rsi14;rvol20;performance_21d,"{'price': 536.08, 'rsi14': 37.367499266040184, 'atr_pct': 10.98995184156312, 'rvol20': 0.669144837108252, 'performance_21d_pct': -18.864269281995394, 'distance_52w_high_pct': 46.69478428629697, 'distance_resistance_pct': 87.59890314878375}",pattern;previous_revenue_growth_yoy;shares_change_6m_pct,TradingView MCP + Finviz via finvizfinance screener views,2026-08-06T23:37:15+02:00
STX,Seagate Technology Holdings Plc,price_above_sma50;within_25pct_52w_high;rsi14;rvol20;performance_21d,"{'price': 852.95, 'rsi14': 50.09903540317551, 'atr_pct': 9.318913977573946, 'rvol20': 0.9970681155393215, 'performance_21d_pct': -0.8220739052580139, 'distance_52w_high_pct': 25.506550218340607, 'distance_resistance_pct': 34.23999062078668}",pattern;previous_revenue_growth_yoy;shares_change_6m_pct,TradingView MCP + Finviz via finvizfinance screener views,2026-08-06T23:37:29+02:00
TSEM,Tower Semiconductor Ltd,price_above_sma50;ema21_above_ema50;within_25pct_52w_high;rsi14;rvol20,"{'price': 224.7, 'rsi14': 48.01555132390225, 'atr_pct': 11.255616991028013, 'rvol20': 0.9829060366703085, 'performance_21d_pct': 3.6917397323488643, 'distance_52w_high_pct': 29.768081515284116, 'distance_resistance_pct': 42.385402759234545}",pattern;previous_revenue_growth_yoy;shares_change_6m_pct,TradingView MCP + Finviz via finvizfinance screener views,2026-08-06T23:37:43+02:00
TTMI,TTM Technologies Inc,price_above_sma50;ema21_above_ema50;within_25pct_52w_high;rsi14;performance_21d,"{'price': 136.35, 'rsi14': 48.33207780521255, 'atr_pct': 10.146885060000786, 'rvol20': 2.278922641020607, 'performance_21d_pct': -6.14976942666392, 'distance_52w_high_pct': 39.08099897243444, 'distance_resistance_pct': 64.15239631843352}",pattern;previous_revenue_growth_yoy;shares_change_6m_pct,TradingView MCP + Finviz via finvizfinance screener views,2026-08-06T23:37:57+02:00
TXN,Texas Instruments Inc,price_above_sma50;ema21_above_ema50;rsi14;rvol20;performance_21d,"{'price': 278.4, 'rsi14': 45.346061987788545, 'atr_pct': 4.54993681298636, 'rvol20': 0.5915997668850511, 'performance_21d_pct': -7.606531262445248, 'distance_52w_high_pct': 16.654192737179297, 'distance_resistance_pct': 19.982040229885058}",pattern;previous_revenue_growth_yoy;shares_change_6m_pct,TradingView MCP + Finviz via finvizfinance screener views,2026-08-06T23:38:11+02:00
