ticker,name,exclusion_stage,failed_gates,unverifiable_gates,gates_evaluated,technical_gates_evaluated,values,missing_fields,source,retrieved_at,earnings_date,days_to_earnings,days_since_earnings,earnings_state,gate_distance
ABVX,Abivax ADR,finviz_prefilter,adr,,,False,"{'industry': 'Biotechnology', 'price_finviz': 126.81}",,Finviz via finvizfinance screener views,2026-08-11T23:30:24+02:00,,,,,
APGE,Apogee Therapeutics Inc,finviz_prefilter,biotech_pre_revenue,,,False,"{'industry': 'Biotechnology', 'price_finviz': 134.69}",,Finviz via finvizfinance screener views,2026-08-11T23:30:24+02:00,,,,,
ARM,Arm Holdings Plc ADR,finviz_prefilter,adr,,,False,"{'industry': 'Semiconductors', 'price_finviz': 268.93}",,Finviz via finvizfinance screener views,2026-08-11T23:30:24+02:00,,,,,
ATAT,Atour Lifestyle Holdings Ltd ADR,finviz_prefilter,adr,,,False,"{'industry': 'Lodging', 'price_finviz': 34.02}",,Finviz via finvizfinance screener views,2026-08-11T23:30:24+02:00,,,,,
BIDU,Baidu Inc ADR,finviz_prefilter,adr,,,False,"{'industry': 'Internet Content & Information', 'price_finviz': 105.94}",,Finviz via finvizfinance screener views,2026-08-11T23:30:24+02:00,,,,,
BILI,Bilibili Inc ADR,finviz_prefilter,adr,,,False,"{'industry': 'Internet Content & Information', 'price_finviz': 17.99}",,Finviz via finvizfinance screener views,2026-08-11T23:30:24+02:00,,,,,
BNTX,BioNTech SE ADR,finviz_prefilter,adr,,,False,"{'industry': 'Biotechnology', 'price_finviz': 92.8}",,Finviz via finvizfinance screener views,2026-08-11T23:30:24+02:00,,,,,
BZ,Kanzhun Ltd ADR,finviz_prefilter,adr,,,False,"{'industry': 'Internet Content & Information', 'price_finviz': 16.75}",,Finviz via finvizfinance screener views,2026-08-11T23:30:24+02:00,,,,,
CELC,Celcuity Inc,finviz_prefilter,biotech_pre_revenue,,,False,"{'industry': 'Biotechnology', 'price_finviz': 88.11}",,Finviz via finvizfinance screener views,2026-08-11T23:30:24+02:00,,,,,
COGT,Cogent Biosciences Inc,finviz_prefilter,biotech_pre_revenue,,,False,"{'industry': 'Biotechnology', 'price_finviz': 38.7}",,Finviz via finvizfinance screener views,2026-08-11T23:30:24+02:00,,,,,
DFTX,Definium Therapeutics Inc,finviz_prefilter,biotech_pre_revenue,,,False,"{'industry': 'Biotechnology', 'price_finviz': 40.91}",,Finviz via finvizfinance screener views,2026-08-11T23:30:24+02:00,,,,,
DYN,Dyne Therapeutics Inc,finviz_prefilter,biotech_pre_revenue,,,False,"{'industry': 'Biotechnology', 'price_finviz': 26.71}",,Finviz via finvizfinance screener views,2026-08-11T23:30:24+02:00,,,,,
ELVN,Enliven Therapeutics Inc,finviz_prefilter,biotech_pre_revenue,,,False,"{'industry': 'Biotechnology', 'price_finviz': 58.78}",,Finviz via finvizfinance screener views,2026-08-11T23:30:24+02:00,,,,,
ERAS,Erasca Inc,finviz_prefilter,biotech_pre_revenue,,,False,"{'industry': 'Biotechnology', 'price_finviz': 18.31}",,Finviz via finvizfinance screener views,2026-08-11T23:30:24+02:00,,,,,
EWTX,Edgewise Therapeutics Inc,finviz_prefilter,biotech_pre_revenue,,,False,"{'industry': 'Biotechnology', 'price_finviz': 44.31}",,Finviz via finvizfinance screener views,2026-08-11T23:30:24+02:00,,,,,
FUTU,Futu Holdings Ltd ADR,finviz_prefilter,adr,,,False,"{'industry': 'Capital Markets', 'price_finviz': 105.16}",,Finviz via finvizfinance screener views,2026-08-11T23:30:24+02:00,,,,,
GDS,GDS Holdings Limited ADR,finviz_prefilter,adr,,,False,"{'industry': 'Information Technology Services', 'price_finviz': 32.63}",,Finviz via finvizfinance screener views,2026-08-11T23:30:24+02:00,,,,,
GGAL,Grupo Financiero Galicia ADR,finviz_prefilter,adr,,,False,"{'industry': 'Banks - Regional', 'price_finviz': 44.53}",,Finviz via finvizfinance screener views,2026-08-11T23:30:24+02:00,,,,,
GMAB,Genmab ADR,finviz_prefilter,adr,,,False,"{'industry': 'Biotechnology', 'price_finviz': 30.85}",,Finviz via finvizfinance screener views,2026-08-11T23:30:24+02:00,,,,,
HSAI,Hesai Group ADR,finviz_prefilter,adr,,,False,"{'industry': 'Auto Parts', 'price_finviz': 18.95}",,Finviz via finvizfinance screener views,2026-08-11T23:30:24+02:00,,,,,
HTHT,H World Group Limited ADR,finviz_prefilter,adr,,,False,"{'industry': 'Lodging', 'price_finviz': 41.6}",,Finviz via finvizfinance screener views,2026-08-11T23:30:24+02:00,,,,,
IMVT,Immunovant Inc,finviz_prefilter,biotech_pre_revenue,,,False,"{'industry': 'Biotechnology', 'price_finviz': 40.93}",,Finviz via finvizfinance screener views,2026-08-11T23:30:24+02:00,,,,,
JD,JD.com Inc ADR,finviz_prefilter,adr,,,False,"{'industry': 'Internet Retail', 'price_finviz': 31.92}",,Finviz via finvizfinance screener views,2026-08-11T23:30:24+02:00,,,,,
LEGN,Legend Biotech Corp ADR,finviz_prefilter,adr,,,False,"{'industry': 'Biotechnology', 'price_finviz': 21.83}",,Finviz via finvizfinance screener views,2026-08-11T23:30:24+02:00,,,,,
MBX,MBX Biosciences Inc,finviz_prefilter,biotech_pre_revenue,,,False,"{'industry': 'Biotechnology', 'price_finviz': 66.01}",,Finviz via finvizfinance screener views,2026-08-11T23:30:24+02:00,,,,,
MLYS,Mineralys Therapeutics Inc,finviz_prefilter,biotech_pre_revenue,,,False,"{'industry': 'Biotechnology', 'price_finviz': 27.33}",,Finviz via finvizfinance screener views,2026-08-11T23:30:24+02:00,,,,,
NTES,NetEase Inc ADR,finviz_prefilter,adr,,,False,"{'industry': 'Electronic Gaming & Multimedia', 'price_finviz': 127.89}",,Finviz via finvizfinance screener views,2026-08-11T23:30:24+02:00,,,,,
ORKA,Oruka Therapeutics Inc,finviz_prefilter,biotech_pre_revenue,,,False,"{'industry': 'Biotechnology', 'price_finviz': 104.68}",,Finviz via finvizfinance screener views,2026-08-11T23:30:24+02:00,,,,,
PBLS,Parabilis Medicines Inc,finviz_prefilter,biotech_pre_revenue,,,False,"{'industry': 'Biotechnology', 'price_finviz': 36.47}",,Finviz via finvizfinance screener views,2026-08-11T23:30:24+02:00,,,,,
PCVX,Vaxcyte Inc,finviz_prefilter,biotech_pre_revenue,,,False,"{'industry': 'Biotechnology', 'price_finviz': 59.22}",,Finviz via finvizfinance screener views,2026-08-11T23:30:24+02:00,,,,,
PDD,PDD Holdings Inc ADR,finviz_prefilter,adr,,,False,"{'industry': 'Internet Retail', 'price_finviz': 90.5}",,Finviz via finvizfinance screener views,2026-08-11T23:30:24+02:00,,,,,
RVMD,Revolution Medicines Inc,finviz_prefilter,biotech_pre_revenue,,,False,"{'industry': 'Biotechnology', 'price_finviz': 205.55}",,Finviz via finvizfinance screener views,2026-08-11T23:30:24+02:00,,,,,
RYAAY,Ryanair Holdings Plc ADR,finviz_prefilter,adr,,,False,"{'industry': 'Airlines', 'price_finviz': 59.37}",,Finviz via finvizfinance screener views,2026-08-11T23:30:24+02:00,,,,,
SIMO,Silicon Motion Technology Corp ADR,finviz_prefilter,adr,,,False,"{'industry': 'Semiconductors', 'price_finviz': 224.0}",,Finviz via finvizfinance screener views,2026-08-11T23:30:24+02:00,,,,,
SKHY,SK Hynix Inc ADR,finviz_prefilter,adr,,,False,"{'industry': 'Semiconductors', 'price_finviz': 141.65}",,Finviz via finvizfinance screener views,2026-08-11T23:30:24+02:00,,,,,
SMMT,Summit Therapeutics Inc,finviz_prefilter,biotech_pre_revenue,,,False,"{'industry': 'Biotechnology', 'price_finviz': 15.11}",,Finviz via finvizfinance screener views,2026-08-11T23:30:24+02:00,,,,,
SNY,Sanofi ADR,finviz_prefilter,adr,,,False,"{'industry': 'Drug Manufacturers - General', 'price_finviz': 43.56}",,Finviz via finvizfinance screener views,2026-08-11T23:30:24+02:00,,,,,
SRRK,Scholar Rock Holding Corp,finviz_prefilter,biotech_pre_revenue,,,False,"{'industry': 'Biotechnology', 'price_finviz': 52.07}",,Finviz via finvizfinance screener views,2026-08-11T23:30:24+02:00,,,,,
SYRE,Spyre Therapeutics Inc,finviz_prefilter,biotech_pre_revenue,,,False,"{'industry': 'Biotechnology', 'price_finviz': 102.74}",,Finviz via finvizfinance screener views,2026-08-11T23:30:24+02:00,,,,,
TCOM,Trip.com Group Ltd ADR,finviz_prefilter,adr,,,False,"{'industry': 'Travel Services', 'price_finviz': 46.2}",,Finviz via finvizfinance screener views,2026-08-11T23:30:24+02:00,,,,,
TRVI,Trevi Therapeutics Inc,finviz_prefilter,biotech_pre_revenue,,,False,"{'industry': 'Biotechnology', 'price_finviz': 17.8}",,Finviz via finvizfinance screener views,2026-08-11T23:30:24+02:00,,,,,
VERA,Vera Therapeutics Inc,finviz_prefilter,biotech_pre_revenue,,,False,"{'industry': 'Biotechnology', 'price_finviz': 30.29}",,Finviz via finvizfinance screener views,2026-08-11T23:30:24+02:00,,,,,
VKTX,Viking Therapeutics Inc,finviz_prefilter,biotech_pre_revenue,,,False,"{'industry': 'Biotechnology', 'price_finviz': 33.8}",,Finviz via finvizfinance screener views,2026-08-11T23:30:24+02:00,,,,,
VOD,Vodafone Group plc ADR,finviz_prefilter,adr,,,False,"{'industry': 'Telecom Services', 'price_finviz': 15.9}",,Finviz via finvizfinance screener views,2026-08-11T23:30:24+02:00,,,,,
XENE,Xenon Pharmaceuticals Inc,finviz_prefilter,biotech_pre_revenue,,,False,"{'industry': 'Biotechnology', 'price_finviz': 63.22}",,Finviz via finvizfinance screener views,2026-08-11T23:30:24+02:00,,,,,
ZLAB,Zai Lab Limited ADR,finviz_prefilter,adr,,,False,"{'industry': 'Biotechnology', 'price_finviz': 26.0}",,Finviz via finvizfinance screener views,2026-08-11T23:30:24+02:00,,,,,
AAL,American Airlines Group Inc,finviz_prefilter,revenue_growth;eps_growth;operating_margin,,price_min;market_cap_min;avg_volume_min;revenue_growth;eps_growth;eps_next_year;operating_margin;earnings_window,False,"{'revenue_growth_yoy': 16.28, 'eps_growth_yoy': -88.18, 'eps_next_year': 1283.48, 'operating_margin': 1.83}",,Finviz via finvizfinance screener views,2026-08-11T23:30:24+02:00,2026-07-23,,19,NORMAL,
AAOI,Applied Optoelectronics Inc,finviz_prefilter,eps_growth;operating_margin,,price_min;market_cap_min;avg_volume_min;revenue_growth;eps_growth;eps_next_year;operating_margin;earnings_window,False,"{'revenue_growth_yoy': 86.42, 'eps_growth_yoy': -74.24, 'eps_next_year': 650.23, 'operating_margin': -11.31}",,Finviz via finvizfinance screener views,2026-08-11T23:30:24+02:00,2026-08-06,,5,PEAD_WINDOW,
AAON,AAON Inc,finviz_prefilter,eps_growth,,price_min;market_cap_min;avg_volume_min;revenue_growth;eps_growth;eps_next_year;operating_margin;earnings_window,False,"{'revenue_growth_yoy': 101.23, 'eps_growth_yoy': 2.6251, 'eps_next_year': 51.17, 'operating_margin': 11.05}",,Finviz via finvizfinance screener views,2026-08-11T23:30:24+02:00,2026-08-10,,1,PEAD_WINDOW,"{'failed_gate': 'eps_growth', 'actual_value': 2.6251, 'applicable_threshold': 20.0, 'distance_to_threshold': 17.3749, 'distance_to_threshold_pct': 86.8745, 'formula': 'minimo: distance = threshold - actual; pct = distance / abs(threshold) * 100'}"
AAPL,Apple Inc,finviz_prefilter,revenue_growth;eps_growth;eps_next_year,,price_min;market_cap_min;avg_volume_min;revenue_growth;eps_growth;eps_next_year;operating_margin;earnings_window,False,"{'revenue_growth_yoy': 16.36, 'eps_growth_yoy': 29.13, 'eps_next_year': 8.15, 'operating_margin': 33.17}",,Finviz via finvizfinance screener views,2026-08-11T23:30:24+02:00,2026-07-30,,12,PEAD_WINDOW,
ABNB,Airbnb Inc,finviz_prefilter,revenue_growth,,price_min;market_cap_min;avg_volume_min;revenue_growth;eps_growth;eps_next_year;operating_margin;earnings_window,False,"{'revenue_growth_yoy': 16.54, 'eps_growth_yoy': 33.06, 'eps_next_year': 17.4, 'operating_margin': 21.21}",,Finviz via finvizfinance screener views,2026-08-11T23:30:24+02:00,2026-08-06,,5,PEAD_WINDOW,"{'failed_gate': 'revenue_growth', 'actual_value': 16.54, 'applicable_threshold': 20.0, 'distance_to_threshold': 3.460000000000001, 'distance_to_threshold_pct': 17.300000000000004, 'formula': 'minimo: distance = threshold - actual; pct = distance / abs(threshold) * 100'}"
ACAD,Acadia Pharmaceuticals Inc,finviz_prefilter,revenue_growth;eps_growth;operating_margin,,price_min;market_cap_min;avg_volume_min;revenue_growth;eps_growth;eps_next_year;operating_margin;earnings_window,False,"{'revenue_growth_yoy': 16.400000000000002, 'eps_growth_yoy': 15.24, 'eps_next_year': 49.14, 'operating_margin': 7.59}",,Finviz via finvizfinance screener views,2026-08-11T23:30:24+02:00,2026-08-04,,7,PEAD_WINDOW,
ACGL,Arch Capital Group Ltd,finviz_prefilter,revenue_growth;eps_growth;eps_next_year,,price_min;market_cap_min;avg_volume_min;revenue_growth;eps_growth;eps_next_year;operating_margin;earnings_window,False,"{'revenue_growth_yoy': -11.459999999999999, 'eps_growth_yoy': -7.06, 'eps_next_year': 4.09, 'operating_margin': 25.11}",,Finviz via finvizfinance screener views,2026-08-11T23:30:24+02:00,2026-07-28,,14,PEAD_WINDOW,
ACHC,Acadia Healthcare Company Inc,finviz_prefilter,revenue_growth;eps_growth,,price_min;market_cap_min;avg_volume_min;revenue_growth;eps_growth;eps_next_year;operating_margin;earnings_window,False,"{'revenue_growth_yoy': -0.38999999999999996, 'eps_growth_yoy': -64.09, 'eps_next_year': 19.31, 'operating_margin': 10.059999999999999}",,Finviz via finvizfinance screener views,2026-08-11T23:30:24+02:00,2026-07-28,,14,PEAD_WINDOW,
ACIW,ACI Worldwide Inc,finviz_prefilter,revenue_growth;eps_growth;eps_next_year,,price_min;market_cap_min;avg_volume_min;revenue_growth;eps_growth;eps_next_year;operating_margin;earnings_window,False,"{'revenue_growth_yoy': 7.2700000000000005, 'eps_growth_yoy': 1.6934, 'eps_next_year': 13.35, 'operating_margin': 19.02}",,Finviz via finvizfinance screener views,2026-08-11T23:30:24+02:00,2026-08-06,,5,PEAD_WINDOW,
ACMR,ACM Research Inc,finviz_prefilter,eps_growth,,price_min;market_cap_min;avg_volume_min;revenue_growth;eps_growth;eps_next_year;operating_margin;earnings_window,False,"{'revenue_growth_yoy': 36.01, 'eps_growth_yoy': 1.8057, 'eps_next_year': 48.4, 'operating_margin': 13.29}",,Finviz via finvizfinance screener views,2026-08-11T23:30:24+02:00,2026-08-07,,4,PEAD_WINDOW,"{'failed_gate': 'eps_growth', 'actual_value': 1.8057, 'applicable_threshold': 30.0, 'distance_to_threshold': 28.1943, 'distance_to_threshold_pct': 93.981, 'formula': 'minimo: distance = threshold - actual; pct = distance / abs(threshold) * 100'}"
ADBE,Adobe Inc,finviz_prefilter,revenue_growth;eps_growth;eps_next_year,,price_min;market_cap_min;avg_volume_min;revenue_growth;eps_growth;eps_next_year;operating_margin;earnings_window,False,"{'revenue_growth_yoy': 12.690000000000001, 'eps_growth_yoy': 8.04, 'eps_next_year': 12.73, 'operating_margin': 36.74}",,Finviz via finvizfinance screener views,2026-08-11T23:30:24+02:00,2026-06-11,,61,NORMAL,
ADEA,Adeia Inc,finviz_prefilter,revenue_growth;eps_growth;eps_next_year,,price_min;market_cap_min;avg_volume_min;revenue_growth;eps_growth;eps_next_year;operating_margin;earnings_window,False,"{'revenue_growth_yoy': 12.11, 'eps_growth_yoy': 1.81, 'eps_next_year': 13.13, 'operating_margin': 46.81}",,Finviz via finvizfinance screener views,2026-08-11T23:30:24+02:00,2026-08-03,,8,PEAD_WINDOW,
ADP,Automatic Data Processing Inc,finviz_prefilter,revenue_growth;eps_growth;eps_next_year,,price_min;market_cap_min;avg_volume_min;revenue_growth;eps_growth;eps_next_year;operating_margin;earnings_window,False,"{'revenue_growth_yoy': 6.77, 'eps_growth_yoy': 9.62, 'eps_next_year': 9.22, 'operating_margin': 26.41}",,Finviz via finvizfinance screener views,2026-08-11T23:30:24+02:00,2026-07-29,,13,PEAD_WINDOW,
ADPT,Adaptive Biotechnologies Corp,finviz_prefilter,eps_growth;operating_margin,,price_min;market_cap_min;avg_volume_min;revenue_growth;eps_growth;eps_next_year;operating_margin;earnings_window,False,"{'revenue_growth_yoy': 21.529999999999998, 'eps_growth_yoy': -47.8, 'eps_next_year': 67.66, 'operating_margin': -11.81}",,Finviz via finvizfinance screener views,2026-08-11T23:30:24+02:00,2026-07-29,,13,PEAD_WINDOW,
ADSK,Autodesk Inc,finviz_prefilter,revenue_growth;eps_growth;eps_next_year,,price_min;market_cap_min;avg_volume_min;revenue_growth;eps_growth;eps_next_year;operating_margin;earnings_window,False,"{'revenue_growth_yoy': 19.63, 'eps_growth_yoy': 2.2912, 'eps_next_year': 12.59, 'operating_margin': 22.48}",,Finviz via finvizfinance screener views,2026-08-11T23:30:24+02:00,2026-08-27,16,,NORMAL,
AEHR,Aehr Test Systems,finviz_prefilter,operating_margin,,price_min;market_cap_min;avg_volume_min;revenue_growth;eps_growth;eps_next_year;operating_margin;earnings_window,False,"{'revenue_growth_yoy': 33.69, 'eps_growth_yoy': 143.11, 'eps_next_year': 119.58, 'operating_margin': -28.29}",,Finviz via finvizfinance screener views,2026-08-11T23:30:24+02:00,2026-07-14,,28,NORMAL,"{'failed_gate': 'operating_margin', 'actual_value': -28.29, 'applicable_threshold': 8.0, 'distance_to_threshold': 36.29, 'distance_to_threshold_pct': 453.625, 'formula': 'minimo: distance = threshold - actual; pct = distance / abs(threshold) * 100'}"
AEP,American Electric Power Company Inc,finviz_prefilter,revenue_growth;eps_growth;eps_next_year,,price_min;market_cap_min;avg_volume_min;revenue_growth;eps_growth;eps_next_year;operating_margin;earnings_window,False,"{'revenue_growth_yoy': 6.79, 'eps_growth_yoy': -43.33, 'eps_next_year': 7.74, 'operating_margin': 23.330000000000002}",,Finviz via finvizfinance screener views,2026-08-11T23:30:24+02:00,2026-07-30,,12,PEAD_WINDOW,
AKAM,Akamai Technologies Inc,finviz_prefilter,revenue_growth;eps_growth;eps_next_year,,price_min;market_cap_min;avg_volume_min;revenue_growth;eps_growth;eps_next_year;operating_margin;earnings_window,False,"{'revenue_growth_yoy': 5.38, 'eps_growth_yoy': -27.57, 'eps_next_year': 6.06, 'operating_margin': 11.92}",,Finviz via finvizfinance screener views,2026-08-11T23:30:24+02:00,2026-08-06,,5,PEAD_WINDOW,
ALAB,Astera Labs Inc,finviz_prefilter,eps_growth,,price_min;market_cap_min;avg_volume_min;revenue_growth;eps_growth;eps_next_year;operating_margin;earnings_window,False,"{'revenue_growth_yoy': 104.45, 'eps_growth_yoy': 1.9033, 'eps_next_year': 60.61, 'operating_margin': 22.75}",,Finviz via finvizfinance screener views,2026-08-11T23:30:24+02:00,2026-08-04,,7,PEAD_WINDOW,"{'failed_gate': 'eps_growth', 'actual_value': 1.9033, 'applicable_threshold': 20.0, 'distance_to_threshold': 18.0967, 'distance_to_threshold_pct': 90.48349999999999, 'formula': 'minimo: distance = threshold - actual; pct = distance / abs(threshold) * 100'}"
ALGM,Allegro Microsystems Inc,finviz_prefilter,eps_growth;operating_margin,,price_min;market_cap_min;avg_volume_min;revenue_growth;eps_growth;eps_next_year;operating_margin;earnings_window,False,"{'revenue_growth_yoy': 27.450000000000003, 'eps_growth_yoy': 2.1785, 'eps_next_year': 45.53, 'operating_margin': 6.22}",,Finviz via finvizfinance screener views,2026-08-11T23:30:24+02:00,2026-07-30,,12,PEAD_WINDOW,
ALGN,Align Technology Inc,finviz_prefilter,revenue_growth;eps_growth;eps_next_year,,price_min;market_cap_min;avg_volume_min;revenue_growth;eps_growth;eps_next_year;operating_margin;earnings_window,False,"{'revenue_growth_yoy': 4.32, 'eps_growth_yoy': -11.790000000000001, 'eps_next_year': 11.05, 'operating_margin': 18.38}",,Finviz via finvizfinance screener views,2026-08-11T23:30:24+02:00,2026-07-29,,13,PEAD_WINDOW,
ALKS,Alkermes plc,finviz_prefilter,eps_growth,,price_min;market_cap_min;avg_volume_min;revenue_growth;eps_growth;eps_next_year;operating_margin;earnings_window,False,"{'revenue_growth_yoy': 26.97, 'eps_growth_yoy': -99.44, 'eps_next_year': 242.28, 'operating_margin': 8.62}",,Finviz via finvizfinance screener views,2026-08-11T23:30:24+02:00,2026-07-28,,14,PEAD_WINDOW,"{'failed_gate': 'eps_growth', 'actual_value': -99.44, 'applicable_threshold': 30.0, 'distance_to_threshold': 129.44, 'distance_to_threshold_pct': 431.46666666666664, 'formula': 'minimo: distance = threshold - actual; pct = distance / abs(threshold) * 100'}"
ALKT,Alkami Technology Inc,finviz_prefilter,revenue_growth;operating_margin,,price_min;market_cap_min;avg_volume_min;revenue_growth;eps_growth;eps_next_year;operating_margin;earnings_window,False,"{'revenue_growth_yoy': 15.870000000000001, 'eps_growth_yoy': 36.61, 'eps_next_year': 38.14, 'operating_margin': -7.08}",,Finviz via finvizfinance screener views,2026-08-11T23:30:24+02:00,2026-07-29,,13,PEAD_WINDOW,
ALMS,Alumis Inc,finviz_prefilter,revenue_growth;eps_next_year;operating_margin,,price_min;market_cap_min;avg_volume_min;revenue_growth;eps_growth;eps_next_year;operating_margin;earnings_window,False,"{'revenue_growth_yoy': -89.99000000000001, 'eps_growth_yoy': 59.19, 'eps_next_year': 4.44, 'operating_margin': -51.3907}",,Finviz via finvizfinance screener views,2026-08-11T23:30:24+02:00,2026-05-14,,89,NORMAL,
ALNY,Alnylam Pharmaceuticals Inc,finviz_prefilter,eps_growth,,price_min;market_cap_min;avg_volume_min;revenue_growth;eps_growth;eps_next_year;operating_margin;earnings_window,False,"{'revenue_growth_yoy': 66.86, 'eps_growth_yoy': 3.3786, 'eps_next_year': 48.82, 'operating_margin': 20.810000000000002}",,Finviz via finvizfinance screener views,2026-08-11T23:30:24+02:00,2026-07-30,,12,PEAD_WINDOW,"{'failed_gate': 'eps_growth', 'actual_value': 3.3786, 'applicable_threshold': 20.0, 'distance_to_threshold': 16.6214, 'distance_to_threshold_pct': 83.10700000000001, 'formula': 'minimo: distance = threshold - actual; pct = distance / abs(threshold) * 100'}"
AMAT,Applied Materials Inc,finviz_prefilter,revenue_growth;earnings_window,,price_min;market_cap_min;avg_volume_min;revenue_growth;eps_growth;eps_next_year;operating_margin;earnings_window,False,"{'revenue_growth_yoy': 11.41, 'eps_growth_yoy': 33.44, 'eps_next_year': 40.35, 'operating_margin': 30.130000000000003}",,Finviz via finvizfinance screener views,2026-08-11T23:30:24+02:00,2026-08-13,2,,PRE_EARNINGS_BLACKOUT,
AMBA,Ambarella Inc,finviz_prefilter,revenue_growth;eps_growth;operating_margin,,price_min;market_cap_min;avg_volume_min;revenue_growth;eps_growth;eps_next_year;operating_margin;earnings_window,False,"{'revenue_growth_yoy': 16.869999999999997, 'eps_growth_yoy': 27.99, 'eps_next_year': 36.48, 'operating_margin': -18.48}",,Finviz via finvizfinance screener views,2026-08-11T23:30:24+02:00,2026-05-28,,75,NORMAL,
AMD,Advanced Micro Devices Inc,finviz_prefilter,eps_growth,,price_min;market_cap_min;avg_volume_min;revenue_growth;eps_growth;eps_next_year;operating_margin;earnings_window,False,"{'revenue_growth_yoy': 50.11, 'eps_growth_yoy': 1.588, 'eps_next_year': 100.45, 'operating_margin': 15.709999999999999}",,Finviz via finvizfinance screener views,2026-08-11T23:30:24+02:00,2026-08-04,,7,PEAD_WINDOW,"{'failed_gate': 'eps_growth', 'actual_value': 1.588, 'applicable_threshold': 20.0, 'distance_to_threshold': 18.412, 'distance_to_threshold_pct': 92.06, 'formula': 'minimo: distance = threshold - actual; pct = distance / abs(threshold) * 100'}"
AMGN,AMGEN Inc,finviz_prefilter,revenue_growth;eps_next_year,,price_min;market_cap_min;avg_volume_min;revenue_growth;eps_growth;eps_next_year;operating_margin;earnings_window,False,"{'revenue_growth_yoy': 9.82, 'eps_growth_yoy': 64.92999999999999, 'eps_next_year': 5.46, 'operating_margin': 33.31}",,Finviz via finvizfinance screener views,2026-08-11T23:30:24+02:00,2026-08-04,,7,PEAD_WINDOW,
AMKR,AMKOR Technology Inc,finviz_prefilter,eps_growth;eps_next_year,,price_min;market_cap_min;avg_volume_min;revenue_growth;eps_growth;eps_next_year;operating_margin;earnings_window,False,"{'revenue_growth_yoy': 25.580000000000002, 'eps_growth_yoy': 2.1653, 'eps_next_year': 8.84, 'operating_margin': 8.92}",,Finviz via finvizfinance screener views,2026-08-11T23:30:24+02:00,2026-07-27,,15,PEAD_WINDOW,
AMLX,Amylyx Pharmaceuticals Inc,finviz_prefilter,eps_next_year,revenue_growth;eps_growth;operating_margin,price_min;market_cap_min;avg_volume_min;eps_next_year;earnings_window,False,"{'revenue_growth_yoy': None, 'eps_growth_yoy': 16.0, 'eps_next_year': 7.49, 'operating_margin': None}",,Finviz via finvizfinance screener views,2026-08-11T23:30:24+02:00,2026-08-06,,5,PEAD_WINDOW,"{'failed_gate': 'eps_next_year', 'actual_value': 7.49, 'applicable_threshold': 15.0, 'distance_to_threshold': 7.51, 'distance_to_threshold_pct': 50.06666666666667, 'formula': 'minimo: distance = threshold - actual; pct = distance / abs(threshold) * 100'}"
AMRX,Amneal Pharmaceuticals Inc,finviz_prefilter,revenue_growth;eps_growth,,price_min;market_cap_min;avg_volume_min;revenue_growth;eps_growth;eps_next_year;operating_margin;earnings_window,False,"{'revenue_growth_yoy': 9.89, 'eps_growth_yoy': 1.5281, 'eps_next_year': 19.51, 'operating_margin': 15.299999999999999}",,Finviz via finvizfinance screener views,2026-08-11T23:30:24+02:00,2026-07-30,,12,PEAD_WINDOW,
AMZN,Amazon.com Inc,finviz_prefilter,revenue_growth;eps_growth;eps_next_year,,price_min;market_cap_min;avg_volume_min;revenue_growth;eps_growth;eps_next_year;operating_margin;earnings_window,False,"{'revenue_growth_yoy': 19.62, 'eps_growth_yoy': 2.4183, 'eps_next_year': -15.26, 'operating_margin': 12.68}",,Finviz via finvizfinance screener views,2026-08-11T23:30:24+02:00,2026-07-30,,12,PEAD_WINDOW,
APA,APA Corp,finviz_prefilter,revenue_growth;eps_growth;eps_next_year,,price_min;market_cap_min;avg_volume_min;revenue_growth;eps_growth;eps_next_year;operating_margin;earnings_window,False,"{'revenue_growth_yoy': 8.95, 'eps_growth_yoy': 26.33, 'eps_next_year': -31.55, 'operating_margin': 41.32}",,Finviz via finvizfinance screener views,2026-08-11T23:30:24+02:00,2026-08-05,,6,PEAD_WINDOW,
APLD,Applied Digital Corp,finviz_prefilter,revenue_growth;eps_growth;operating_margin,,price_min;market_cap_min;avg_volume_min;revenue_growth;eps_growth;eps_next_year;operating_margin;earnings_window,False,"{'revenue_growth_yoy': 5.8068, 'eps_growth_yoy': -62.41, 'eps_next_year': 74.77, 'operating_margin': -29.73}",,Finviz via finvizfinance screener views,2026-08-11T23:30:24+02:00,2026-07-27,,15,PEAD_WINDOW,
APPN,Appian Corp,finviz_prefilter,revenue_growth;eps_growth;operating_margin,,price_min;market_cap_min;avg_volume_min;revenue_growth;eps_growth;eps_next_year;operating_margin;earnings_window,False,"{'revenue_growth_yoy': 19.11, 'eps_growth_yoy': -37.5952, 'eps_next_year': 31.1, 'operating_margin': 4.37}",,Finviz via finvizfinance screener views,2026-08-11T23:30:24+02:00,2026-08-06,,5,PEAD_WINDOW,
ARCC,Ares Capital Corp,finviz_prefilter,revenue_growth;eps_growth,,price_min;market_cap_min;avg_volume_min;revenue_growth;eps_growth;eps_next_year;operating_margin;earnings_window,False,"{'revenue_growth_yoy': -7.3, 'eps_growth_yoy': -54.14, 'eps_next_year': 139.0, 'operating_margin': 58.03}",,Finviz via finvizfinance screener views,2026-08-11T23:30:24+02:00,2026-07-29,,13,PEAD_WINDOW,
ARQT,Arcutis Biotherapeutics Inc,finviz_prefilter,eps_growth;operating_margin,,price_min;market_cap_min;avg_volume_min;revenue_growth;eps_growth;eps_next_year;operating_margin;earnings_window,False,"{'revenue_growth_yoy': 59.330000000000005, 'eps_growth_yoy': 1.8825, 'eps_next_year': 171.05, 'operating_margin': 7.380000000000001}",,Finviz via finvizfinance screener views,2026-08-11T23:30:24+02:00,2026-08-05,,6,PEAD_WINDOW,
ARWR,Arrowhead Pharmaceuticals Inc,finviz_prefilter,revenue_growth;eps_growth;eps_next_year;operating_margin,,price_min;market_cap_min;avg_volume_min;revenue_growth;eps_growth;eps_next_year;operating_margin;earnings_window,False,"{'revenue_growth_yoy': 1.7102, 'eps_growth_yoy': -7.51, 'eps_next_year': -34.23, 'operating_margin': -33.82}",,Finviz via finvizfinance screener views,2026-08-11T23:30:24+02:00,2026-08-04,,7,PEAD_WINDOW,
ASO,Academy Sports and Outdoors Inc,finviz_prefilter,revenue_growth;eps_growth;eps_next_year,,price_min;market_cap_min;avg_volume_min;revenue_growth;eps_growth;eps_next_year;operating_margin;earnings_window,False,"{'revenue_growth_yoy': 6.7, 'eps_growth_yoy': 18.22, 'eps_next_year': 7.79, 'operating_margin': 8.42}",,Finviz via finvizfinance screener views,2026-08-11T23:30:24+02:00,2026-06-09,,63,NORMAL,
ASTS,AST SpaceMobile Inc,finviz_prefilter,eps_growth;operating_margin,,price_min;market_cap_min;avg_volume_min;revenue_growth;eps_growth;eps_next_year;operating_margin;earnings_window,False,"{'revenue_growth_yoy': 26.2664, 'eps_growth_yoy': -88.0, 'eps_next_year': 41.01, 'operating_margin': -4.1026}",,Finviz via finvizfinance screener views,2026-08-11T23:30:24+02:00,2026-08-10,,1,PEAD_WINDOW,
ATRC,Atricure Inc,finviz_prefilter,revenue_growth;eps_growth;operating_margin,,price_min;market_cap_min;avg_volume_min;revenue_growth;eps_growth;eps_next_year;operating_margin;earnings_window,False,"{'revenue_growth_yoy': 12.83, 'eps_growth_yoy': 2.4125, 'eps_next_year': 291.48, 'operating_margin': 2.44}",,Finviz via finvizfinance screener views,2026-08-11T23:30:24+02:00,2026-07-23,,19,NORMAL,
AUGO,Aura Minerals Inc,finviz_prefilter,eps_next_year,,price_min;market_cap_min;avg_volume_min;revenue_growth;eps_growth;eps_next_year;operating_margin;earnings_window,False,"{'revenue_growth_yoy': 76.42, 'eps_growth_yoy': 22.7156, 'eps_next_year': -33.0, 'operating_margin': 53.42}",,Finviz via finvizfinance screener views,2026-08-11T23:30:24+02:00,2026-08-05,,6,PEAD_WINDOW,"{'failed_gate': 'eps_next_year', 'actual_value': -33.0, 'applicable_threshold': 15.0, 'distance_to_threshold': 48.0, 'distance_to_threshold_pct': 320.0, 'formula': 'minimo: distance = threshold - actual; pct = distance / abs(threshold) * 100'}"
AVAV,AeroVironment Inc,finviz_prefilter,operating_margin,,price_min;market_cap_min;avg_volume_min;revenue_growth;eps_growth;eps_next_year;operating_margin;earnings_window,False,"{'revenue_growth_yoy': 133.27, 'eps_growth_yoy': 112.23, 'eps_next_year': 37.62, 'operating_margin': -1.1199999999999999}",,Finviz via finvizfinance screener views,2026-08-11T23:30:24+02:00,2026-06-29,,43,NORMAL,"{'failed_gate': 'operating_margin', 'actual_value': -1.1199999999999999, 'applicable_threshold': 8.0, 'distance_to_threshold': 9.12, 'distance_to_threshold_pct': 113.99999999999999, 'formula': 'minimo: distance = threshold - actual; pct = distance / abs(threshold) * 100'}"
AVT,Avnet Inc,finviz_prefilter,eps_growth;eps_next_year;operating_margin,,price_min;market_cap_min;avg_volume_min;revenue_growth;eps_growth;eps_next_year;operating_margin;earnings_window,False,"{'revenue_growth_yoy': 33.95, 'eps_growth_yoy': 12.4, 'eps_next_year': 11.61, 'operating_margin': 2.74}",,Finviz via finvizfinance screener views,2026-08-11T23:30:24+02:00,2026-08-05,,6,PEAD_WINDOW,
AXGN,Axogen Inc,finviz_prefilter,eps_growth;operating_margin,,price_min;market_cap_min;avg_volume_min;revenue_growth;eps_growth;eps_next_year;operating_margin;earnings_window,False,"{'revenue_growth_yoy': 23.06, 'eps_growth_yoy': -3.3471, 'eps_next_year': 54.87, 'operating_margin': -5.12}",,Finviz via finvizfinance screener views,2026-08-11T23:30:24+02:00,2026-07-29,,13,PEAD_WINDOW,
AXON,Axon Enterprise Inc,finviz_prefilter,eps_growth;operating_margin,,price_min;market_cap_min;avg_volume_min;revenue_growth;eps_growth;eps_next_year;operating_margin;earnings_window,False,"{'revenue_growth_yoy': 35.28, 'eps_growth_yoy': -19.0, 'eps_next_year': 37.8, 'operating_margin': 1.15}",,Finviz via finvizfinance screener views,2026-08-11T23:30:24+02:00,2026-08-05,,6,PEAD_WINDOW,
AXSM,Axsome Therapeutics Inc,finviz_prefilter,eps_growth;operating_margin,,price_min;market_cap_min;avg_volume_min;revenue_growth;eps_growth;eps_next_year;operating_margin;earnings_window,False,"{'revenue_growth_yoy': 45.540000000000006, 'eps_growth_yoy': -2.09, 'eps_next_year': 280.13, 'operating_margin': -23.549999999999997}",,Finviz via finvizfinance screener views,2026-08-11T23:30:24+02:00,2026-08-10,,1,PEAD_WINDOW,
AXTI,AXT Inc,finviz_prefilter,revenue_growth;eps_growth;operating_margin,,price_min;market_cap_min;avg_volume_min;revenue_growth;eps_growth;eps_next_year;operating_margin;earnings_window,False,"{'revenue_growth_yoy': 1.6477, 'eps_growth_yoy': 2.0868, 'eps_next_year': 158.88, 'operating_margin': 3.09}",,Finviz via finvizfinance screener views,2026-08-11T23:30:24+02:00,2026-07-30,,12,PEAD_WINDOW,
BBIO,BridgeBio Pharma Inc,finviz_prefilter,eps_growth;operating_margin,,price_min;market_cap_min;avg_volume_min;revenue_growth;eps_growth;eps_next_year;operating_margin;earnings_window,False,"{'revenue_growth_yoy': 120.39, 'eps_growth_yoy': 18.57, 'eps_next_year': 106.69, 'operating_margin': -67.01}",,Finviz via finvizfinance screener views,2026-08-11T23:30:24+02:00,2026-08-10,,1,PEAD_WINDOW,
BEAM,Beam Therapeutics Inc,finviz_prefilter,revenue_growth;eps_growth;eps_next_year;operating_margin,,price_min;market_cap_min;avg_volume_min;revenue_growth;eps_growth;eps_next_year;operating_margin;earnings_window,False,"{'revenue_growth_yoy': 3.2487, 'eps_growth_yoy': 26.46, 'eps_next_year': -6.99, 'operating_margin': -2.2658}",,Finviz via finvizfinance screener views,2026-08-11T23:30:24+02:00,2026-08-04,,7,PEAD_WINDOW,
BIIB,Biogen Inc,finviz_prefilter,revenue_growth;eps_growth,,price_min;market_cap_min;avg_volume_min;revenue_growth;eps_growth;eps_next_year;operating_margin;earnings_window,False,"{'revenue_growth_yoy': 2.3800000000000003, 'eps_growth_yoy': -84.85000000000001, 'eps_next_year': 33.0, 'operating_margin': 19.5}",,Finviz via finvizfinance screener views,2026-08-11T23:30:24+02:00,2026-07-29,,13,PEAD_WINDOW,
BKNG,Booking Holdings Inc,finviz_prefilter,revenue_growth,,price_min;market_cap_min;avg_volume_min;revenue_growth;eps_growth;eps_next_year;operating_margin;earnings_window,False,"{'revenue_growth_yoy': 8.15, 'eps_growth_yoy': 130.75, 'eps_next_year': 18.53, 'operating_margin': 35.17}",,Finviz via finvizfinance screener views,2026-08-11T23:30:24+02:00,2026-08-04,,7,PEAD_WINDOW,"{'failed_gate': 'revenue_growth', 'actual_value': 8.15, 'applicable_threshold': 20.0, 'distance_to_threshold': 11.85, 'distance_to_threshold_pct': 59.25, 'formula': 'minimo: distance = threshold - actual; pct = distance / abs(threshold) * 100'}"
BKR,Baker Hughes Co,finviz_prefilter,revenue_growth;eps_growth;eps_next_year,,price_min;market_cap_min;avg_volume_min;revenue_growth;eps_growth;eps_next_year;operating_margin;earnings_window,False,"{'revenue_growth_yoy': -2.4299999999999997, 'eps_growth_yoy': -3.44, 'eps_next_year': 14.89, 'operating_margin': 12.959999999999999}",,Finviz via finvizfinance screener views,2026-08-11T23:30:24+02:00,2026-07-26,,16,NORMAL,
BLKB,Blackbaud Inc,finviz_prefilter,revenue_growth;eps_next_year,,price_min;market_cap_min;avg_volume_min;revenue_growth;eps_growth;eps_next_year;operating_margin;earnings_window,False,"{'revenue_growth_yoy': 3.3000000000000003, 'eps_growth_yoy': 46.300000000000004, 'eps_next_year': 13.82, 'operating_margin': 20.18}",,Finviz via finvizfinance screener views,2026-08-11T23:30:24+02:00,2026-07-29,,13,PEAD_WINDOW,
BMRN,Biomarin Pharmaceutical Inc,finviz_prefilter,eps_growth,,price_min;market_cap_min;avg_volume_min;revenue_growth;eps_growth;eps_next_year;operating_margin;earnings_window,False,"{'revenue_growth_yoy': 20.41, 'eps_growth_yoy': -81.28, 'eps_next_year': 32.86, 'operating_margin': 18.5}",,Finviz via finvizfinance screener views,2026-08-11T23:30:24+02:00,2026-08-06,,5,PEAD_WINDOW,"{'failed_gate': 'eps_growth', 'actual_value': -81.28, 'applicable_threshold': 30.0, 'distance_to_threshold': 111.28, 'distance_to_threshold_pct': 370.93333333333334, 'formula': 'minimo: distance = threshold - actual; pct = distance / abs(threshold) * 100'}"
BRKR,Bruker Corp,finviz_prefilter,revenue_growth;eps_growth;eps_next_year;operating_margin,,price_min;market_cap_min;avg_volume_min;revenue_growth;eps_growth;eps_next_year;operating_margin;earnings_window,False,"{'revenue_growth_yoy': 2.75, 'eps_growth_yoy': -80.02, 'eps_next_year': 13.58, 'operating_margin': 7.08}",,Finviz via finvizfinance screener views,2026-08-11T23:30:24+02:00,2026-08-04,,7,PEAD_WINDOW,
BRZE,Braze Inc,finviz_prefilter,eps_growth;operating_margin,,price_min;market_cap_min;avg_volume_min;revenue_growth;eps_growth;eps_next_year;operating_margin;earnings_window,False,"{'revenue_growth_yoy': 30.2, 'eps_growth_yoy': 29.87, 'eps_next_year': 52.13, 'operating_margin': -16.43}",,Finviz via finvizfinance screener views,2026-08-11T23:30:24+02:00,2026-05-27,,76,NORMAL,
BSY,Bentley Systems Inc,finviz_prefilter,revenue_growth;eps_growth;eps_next_year,,price_min;market_cap_min;avg_volume_min;revenue_growth;eps_growth;eps_next_year;operating_margin;earnings_window,False,"{'revenue_growth_yoy': 12.8, 'eps_growth_yoy': 14.85, 'eps_next_year': 12.08, 'operating_margin': 24.37}",,Finviz via finvizfinance screener views,2026-08-11T23:30:24+02:00,2026-08-06,,5,PEAD_WINDOW,
BTSG,BrightSpring Health Services Inc,finviz_prefilter,eps_growth;operating_margin,,price_min;market_cap_min;avg_volume_min;revenue_growth;eps_growth;eps_next_year;operating_margin;earnings_window,False,"{'revenue_growth_yoy': 23.05, 'eps_growth_yoy': 2.0176, 'eps_next_year': 26.86, 'operating_margin': 3.6799999999999997}",,Finviz via finvizfinance screener views,2026-08-11T23:30:24+02:00,2026-07-31,,11,PEAD_WINDOW,
BUSE,First Busey Corp,finviz_prefilter,revenue_growth;eps_next_year,,price_min;market_cap_min;avg_volume_min;revenue_growth;eps_growth;eps_next_year;operating_margin;earnings_window,False,"{'revenue_growth_yoy': -6.94, 'eps_growth_yoy': 31.97, 'eps_next_year': 7.13, 'operating_margin': 27.32}",,Finviz via finvizfinance screener views,2026-08-11T23:30:24+02:00,2026-07-28,,14,PEAD_WINDOW,
BWIN,Baldwin Insurance Group Inc,finviz_prefilter,eps_growth;operating_margin,,price_min;market_cap_min;avg_volume_min;revenue_growth;eps_growth;eps_next_year;operating_margin;earnings_window,False,"{'revenue_growth_yoy': 30.130000000000003, 'eps_growth_yoy': -8.0409, 'eps_next_year': 23.89, 'operating_margin': -2.65}",,Finviz via finvizfinance screener views,2026-08-11T23:30:24+02:00,2026-07-30,,12,PEAD_WINDOW,
CAE,Cae Inc,finviz_prefilter,revenue_growth;eps_growth;earnings_window,,price_min;market_cap_min;avg_volume_min;revenue_growth;eps_growth;eps_next_year;operating_margin;earnings_window,False,"{'revenue_growth_yoy': 8.81, 'eps_growth_yoy': -44.1, 'eps_next_year': 17.45, 'operating_margin': 12.67}",,Finviz via finvizfinance screener views,2026-08-11T23:30:24+02:00,2026-08-12,1,,PRE_EARNINGS_BLACKOUT,
CAKE,Cheesecake Factory Inc,finviz_prefilter,revenue_growth;eps_growth;eps_next_year;operating_margin,,price_min;market_cap_min;avg_volume_min;revenue_growth;eps_growth;eps_next_year;operating_margin;earnings_window,False,"{'revenue_growth_yoy': 7.720000000000001, 'eps_growth_yoy': 23.78, 'eps_next_year': 10.62, 'operating_margin': 6.98}",,Finviz via finvizfinance screener views,2026-08-11T23:30:24+02:00,2026-07-28,,14,PEAD_WINDOW,
CALM,Cal-Maine Foods Inc,finviz_prefilter,revenue_growth;eps_growth,,price_min;market_cap_min;avg_volume_min;revenue_growth;eps_growth;eps_next_year;operating_margin;earnings_window,False,"{'revenue_growth_yoy': -49.93, 'eps_growth_yoy': -110.85000000000001, 'eps_next_year': 135.66, 'operating_margin': 11.790000000000001}",,Finviz via finvizfinance screener views,2026-08-11T23:30:24+02:00,2026-07-22,,20,NORMAL,
CARG,CarGurus Inc,finviz_prefilter,revenue_growth;eps_next_year,,price_min;market_cap_min;avg_volume_min;revenue_growth;eps_growth;eps_next_year;operating_margin;earnings_window,False,"{'revenue_growth_yoy': 7.24, 'eps_growth_yoy': 142.2, 'eps_next_year': 14.9, 'operating_margin': 25.71}",,Finviz via finvizfinance screener views,2026-08-11T23:30:24+02:00,2026-08-06,,5,PEAD_WINDOW,
CART,Maplebear Inc,finviz_prefilter,revenue_growth;eps_growth,,price_min;market_cap_min;avg_volume_min;revenue_growth;eps_growth;eps_next_year;operating_margin;earnings_window,False,"{'revenue_growth_yoy': 14.11, 'eps_growth_yoy': 8.12, 'eps_next_year': 26.55, 'operating_margin': 16.68}",,Finviz via finvizfinance screener views,2026-08-11T23:30:24+02:00,2026-08-06,,5,PEAD_WINDOW,
CBRS,Cerebras Systems Inc,finviz_prefilter,operating_margin;earnings_window,,price_min;market_cap_min;avg_volume_min;revenue_growth;eps_growth;eps_next_year;operating_margin;earnings_window,False,"{'revenue_growth_yoy': 94.35, 'eps_growth_yoy': 44.269999999999996, 'eps_next_year': None, 'operating_margin': -21.93}",,Finviz via finvizfinance screener views,2026-08-11T23:30:24+02:00,2026-08-12,1,,PRE_EARNINGS_BLACKOUT,
CBSH,Commerce Bancshares Inc,finviz_prefilter,revenue_growth;eps_growth;eps_next_year,,price_min;market_cap_min;avg_volume_min;revenue_growth;eps_growth;eps_next_year;operating_margin;earnings_window,False,"{'revenue_growth_yoy': 14.280000000000001, 'eps_growth_yoy': 1.17, 'eps_next_year': 7.34, 'operating_margin': 33.739999999999995}",,Finviz via finvizfinance screener views,2026-08-11T23:30:24+02:00,2026-07-16,,26,NORMAL,
CCEP,Coca-Cola Europacific Partners Plc,finviz_prefilter,revenue_growth;eps_growth;eps_next_year,,price_min;market_cap_min;avg_volume_min;revenue_growth;eps_growth;eps_next_year;operating_margin;earnings_window,False,"{'revenue_growth_yoy': 1.72, 'eps_growth_yoy': 3.0705, 'eps_next_year': 9.36, 'operating_margin': 13.54}",,Finviz via finvizfinance screener views,2026-08-11T23:30:24+02:00,2026-08-04,,7,PEAD_WINDOW,
CDNA,Caredx Inc,finviz_prefilter,eps_growth;eps_next_year;operating_margin,,price_min;market_cap_min;avg_volume_min;revenue_growth;eps_growth;eps_next_year;operating_margin;earnings_window,False,"{'revenue_growth_yoy': 52.23, 'eps_growth_yoy': 14.1242, 'eps_next_year': 11.68, 'operating_margin': -0.4}",,Finviz via finvizfinance screener views,2026-08-11T23:30:24+02:00,2026-07-30,,12,PEAD_WINDOW,
CDW,CDW Corp,finviz_prefilter,revenue_growth;eps_growth;eps_next_year;operating_margin,,price_min;market_cap_min;avg_volume_min;revenue_growth;eps_growth;eps_next_year;operating_margin;earnings_window,False,"{'revenue_growth_yoy': 9.969999999999999, 'eps_growth_yoy': 5.1499999999999995, 'eps_next_year': 9.22, 'operating_margin': 7.17}",,Finviz via finvizfinance screener views,2026-08-11T23:30:24+02:00,2026-08-05,,6,PEAD_WINDOW,
CECO,Ceco Environmental Corp,finviz_prefilter,eps_growth;operating_margin,,price_min;market_cap_min;avg_volume_min;revenue_growth;eps_growth;eps_next_year;operating_margin;earnings_window,False,"{'revenue_growth_yoy': 53.71, 'eps_growth_yoy': -4.0865, 'eps_next_year': 44.15, 'operating_margin': 5.82}",,Finviz via finvizfinance screener views,2026-08-11T23:30:24+02:00,2026-08-10,,1,PEAD_WINDOW,
CEG,Constellation Energy Corp,finviz_prefilter,eps_growth;eps_next_year,,price_min;market_cap_min;avg_volume_min;revenue_growth;eps_growth;eps_next_year;operating_margin;earnings_window,False,"{'revenue_growth_yoy': 38.56, 'eps_growth_yoy': -46.67, 'eps_next_year': 11.46, 'operating_margin': 14.93}",,Finviz via finvizfinance screener views,2026-08-11T23:30:24+02:00,2026-08-06,,5,PEAD_WINDOW,
CELH,Celsius Holdings Inc,finviz_prefilter,revenue_growth;eps_growth,,price_min;market_cap_min;avg_volume_min;revenue_growth;eps_growth;eps_next_year;operating_margin;earnings_window,False,"{'revenue_growth_yoy': 10.639999999999999, 'eps_growth_yoy': -56.95, 'eps_next_year': 20.67, 'operating_margin': 19.2}",,Finviz via finvizfinance screener views,2026-08-11T23:30:24+02:00,2026-08-06,,5,PEAD_WINDOW,
CENX,Century Aluminum Co,finviz_prefilter,revenue_growth;eps_next_year,,price_min;market_cap_min;avg_volume_min;revenue_growth;eps_growth;eps_next_year;operating_margin;earnings_window,False,"{'revenue_growth_yoy': 19.74, 'eps_growth_yoy': 49.3874, 'eps_next_year': 13.08, 'operating_margin': 14.87}",,Finviz via finvizfinance screener views,2026-08-11T23:30:24+02:00,2026-08-06,,5,PEAD_WINDOW,
CG,Carlyle Group Inc,finviz_prefilter,revenue_growth;eps_growth,,price_min;market_cap_min;avg_volume_min;revenue_growth;eps_growth;eps_next_year;operating_margin;earnings_window,False,"{'revenue_growth_yoy': -43.91, 'eps_growth_yoy': -57.15, 'eps_next_year': 41.05, 'operating_margin': 14.38}",,Finviz via finvizfinance screener views,2026-08-11T23:30:24+02:00,2026-08-05,,6,PEAD_WINDOW,
CGNX,Cognex Corp,finviz_prefilter,revenue_growth,,price_min;market_cap_min;avg_volume_min;revenue_growth;eps_growth;eps_next_year;operating_margin;earnings_window,False,"{'revenue_growth_yoy': 16.93, 'eps_growth_yoy': 78.11, 'eps_next_year': 19.34, 'operating_margin': 21.9}",,Finviz via finvizfinance screener views,2026-08-11T23:30:24+02:00,2026-08-05,,6,PEAD_WINDOW,"{'failed_gate': 'revenue_growth', 'actual_value': 16.93, 'applicable_threshold': 20.0, 'distance_to_threshold': 3.0700000000000003, 'distance_to_threshold_pct': 15.350000000000003, 'formula': 'minimo: distance = threshold - actual; pct = distance / abs(threshold) * 100'}"
CGON,Cg Oncology Inc,finviz_prefilter,eps_next_year;operating_margin,revenue_growth;eps_growth,price_min;market_cap_min;avg_volume_min;eps_next_year;operating_margin;earnings_window,False,"{'revenue_growth_yoy': None, 'eps_growth_yoy': -64.91, 'eps_next_year': 7.49, 'operating_margin': -40.5618}",,Finviz via finvizfinance screener views,2026-08-11T23:30:24+02:00,2026-08-06,,5,PEAD_WINDOW,
CHDN,Churchill Downs Inc,finviz_prefilter,revenue_growth;eps_growth;eps_next_year,,price_min;market_cap_min;avg_volume_min;revenue_growth;eps_growth;eps_next_year;operating_margin;earnings_window,False,"{'revenue_growth_yoy': 4.88, 'eps_growth_yoy': 14.499999999999998, 'eps_next_year': 6.55, 'operating_margin': 25.81}",,Finviz via finvizfinance screener views,2026-08-11T23:30:24+02:00,2026-07-29,,13,PEAD_WINDOW,
CHKP,Check Point Software Technologies Ltd,finviz_prefilter,revenue_growth;eps_growth;eps_next_year,,price_min;market_cap_min;avg_volume_min;revenue_growth;eps_growth;eps_next_year;operating_margin;earnings_window,False,"{'revenue_growth_yoy': 1.26, 'eps_growth_yoy': 1.9300000000000002, 'eps_next_year': 8.05, 'operating_margin': 29.020000000000003}",,Finviz via finvizfinance screener views,2026-08-11T23:30:24+02:00,2026-07-30,,12,PEAD_WINDOW,
CHRD,Chord Energy Corp,finviz_prefilter,eps_growth;eps_next_year,,price_min;market_cap_min;avg_volume_min;revenue_growth;eps_growth;eps_next_year;operating_margin;earnings_window,False,"{'revenue_growth_yoy': 84.04, 'eps_growth_yoy': 2.3705, 'eps_next_year': -29.58, 'operating_margin': 18.93}",,Finviz via finvizfinance screener views,2026-08-11T23:30:24+02:00,2026-08-05,,6,PEAD_WINDOW,
CHRW,C.H. Robinson Worldwide Inc,finviz_prefilter,revenue_growth;eps_growth;operating_margin,,price_min;market_cap_min;avg_volume_min;revenue_growth;eps_growth;eps_next_year;operating_margin;earnings_window,False,"{'revenue_growth_yoy': 19.28, 'eps_growth_yoy': 23.810000000000002, 'eps_next_year': 20.45, 'operating_margin': 4.91}",,Finviz via finvizfinance screener views,2026-08-11T23:30:24+02:00,2026-07-29,,13,PEAD_WINDOW,
CHTR,Charter Communications Inc,finviz_prefilter,revenue_growth;eps_growth;eps_next_year,,price_min;market_cap_min;avg_volume_min;revenue_growth;eps_growth;eps_next_year;operating_margin;earnings_window,False,"{'revenue_growth_yoy': -1.7399999999999998, 'eps_growth_yoy': 16.04, 'eps_next_year': 9.59, 'operating_margin': 23.98}",,Finviz via finvizfinance screener views,2026-08-11T23:30:24+02:00,2026-07-24,,18,NORMAL,
CHYM,Chime Financial Inc,finviz_prefilter,revenue_growth;operating_margin,,price_min;market_cap_min;avg_volume_min;revenue_growth;eps_growth;eps_next_year;operating_margin;earnings_window,False,"{'revenue_growth_yoy': 10.61, 'eps_growth_yoy': 102.84, 'eps_next_year': 104.56, 'operating_margin': -0.83}",,Finviz via finvizfinance screener views,2026-08-11T23:30:24+02:00,2026-08-05,,6,PEAD_WINDOW,
CIFR,Cipher Digital Inc,finviz_prefilter,operating_margin,revenue_growth;eps_growth,price_min;market_cap_min;avg_volume_min;eps_next_year;operating_margin;earnings_window,False,"{'revenue_growth_yoy': None, 'eps_growth_yoy': -4.3522, 'eps_next_year': 78.17, 'operating_margin': -89.47}",,Finviz via finvizfinance screener views,2026-08-11T23:30:24+02:00,2026-08-04,,7,PEAD_WINDOW,"{'failed_gate': 'operating_margin', 'actual_value': -89.47, 'applicable_threshold': 8.0, 'distance_to_threshold': 97.47, 'distance_to_threshold_pct': 1218.375, 'formula': 'minimo: distance = threshold - actual; pct = distance / abs(threshold) * 100'}"
CINF,Cincinnati Financial Corp,finviz_prefilter,eps_next_year,,price_min;market_cap_min;avg_volume_min;revenue_growth;eps_growth;eps_next_year;operating_margin;earnings_window,False,"{'revenue_growth_yoy': 31.59, 'eps_growth_yoy': 85.68, 'eps_next_year': 7.2, 'operating_margin': 30.159999999999997}",,Finviz via finvizfinance screener views,2026-08-11T23:30:24+02:00,2026-07-27,,15,PEAD_WINDOW,"{'failed_gate': 'eps_next_year', 'actual_value': 7.2, 'applicable_threshold': 15.0, 'distance_to_threshold': 7.8, 'distance_to_threshold_pct': 52.0, 'formula': 'minimo: distance = threshold - actual; pct = distance / abs(threshold) * 100'}"
CLBT,Cellebrite DI Ltd,finviz_prefilter,revenue_growth;eps_growth;earnings_window,,price_min;market_cap_min;avg_volume_min;revenue_growth;eps_growth;eps_next_year;operating_margin;earnings_window,False,"{'revenue_growth_yoy': 19.3, 'eps_growth_yoy': -37.82, 'eps_next_year': 34.67, 'operating_margin': 13.55}",,Finviz via finvizfinance screener views,2026-08-11T23:30:24+02:00,2026-08-13,2,,PRE_EARNINGS_BLACKOUT,
CLDX,Celldex Therapeutics Inc,finviz_prefilter,revenue_growth;eps_growth;eps_next_year;operating_margin,,price_min;market_cap_min;avg_volume_min;revenue_growth;eps_growth;eps_next_year;operating_margin;earnings_window,False,"{'revenue_growth_yoy': -96.99, 'eps_growth_yoy': -10.77, 'eps_next_year': -32.0, 'operating_margin': -2062.2025}",,Finviz via finvizfinance screener views,2026-08-11T23:30:24+02:00,2026-08-06,,5,PEAD_WINDOW,
CLMT,Calumet Inc,finviz_prefilter,operating_margin,,price_min;market_cap_min;avg_volume_min;revenue_growth;eps_growth;eps_next_year;operating_margin;earnings_window,False,"{'revenue_growth_yoy': 40.77, 'eps_growth_yoy': 35.75, 'eps_next_year': 177.42, 'operating_margin': 1.1900000000000002}",,Finviz via finvizfinance screener views,2026-08-11T23:30:24+02:00,2026-08-07,,4,PEAD_WINDOW,"{'failed_gate': 'operating_margin', 'actual_value': 1.1900000000000002, 'applicable_threshold': 8.0, 'distance_to_threshold': 6.81, 'distance_to_threshold_pct': 85.125, 'formula': 'minimo: distance = threshold - actual; pct = distance / abs(threshold) * 100'}"
CMCSA,Comcast Corp,finviz_prefilter,revenue_growth;eps_growth;eps_next_year,,price_min;market_cap_min;avg_volume_min;revenue_growth;eps_growth;eps_next_year;operating_margin;earnings_window,False,"{'revenue_growth_yoy': -1.23, 'eps_growth_yoy': -66.9, 'eps_next_year': 3.17, 'operating_margin': 14.85}",,Finviz via finvizfinance screener views,2026-08-11T23:30:24+02:00,2026-07-23,,19,NORMAL,
CME,CME Group Inc,finviz_prefilter,revenue_growth;eps_growth;eps_next_year,,price_min;market_cap_min;avg_volume_min;revenue_growth;eps_growth;eps_next_year;operating_margin;earnings_window,False,"{'revenue_growth_yoy': 0.84, 'eps_growth_yoy': 2.6599999999999997, 'eps_next_year': 5.41, 'operating_margin': 65.10000000000001}",,Finviz via finvizfinance screener views,2026-08-11T23:30:24+02:00,2026-07-22,,20,NORMAL,
COCO,Vita Coco Company Inc,finviz_prefilter,eps_next_year,,price_min;market_cap_min;avg_volume_min;revenue_growth;eps_growth;eps_next_year;operating_margin;earnings_window,False,"{'revenue_growth_yoy': 28.08, 'eps_growth_yoy': 112.29, 'eps_next_year': 12.67, 'operating_margin': 19.1}",,Finviz via finvizfinance screener views,2026-08-11T23:30:24+02:00,2026-07-23,,19,NORMAL,"{'failed_gate': 'eps_next_year', 'actual_value': 12.67, 'applicable_threshold': 15.0, 'distance_to_threshold': 2.33, 'distance_to_threshold_pct': 15.533333333333335, 'formula': 'minimo: distance = threshold - actual; pct = distance / abs(threshold) * 100'}"
COHU,Cohu Inc,finviz_prefilter,operating_margin,,price_min;market_cap_min;avg_volume_min;revenue_growth;eps_growth;eps_next_year;operating_margin;earnings_window,False,"{'revenue_growth_yoy': 38.37, 'eps_growth_yoy': 99.06, 'eps_next_year': 94.34, 'operating_margin': -6.38}",,Finviz via finvizfinance screener views,2026-08-11T23:30:24+02:00,2026-07-30,,12,PEAD_WINDOW,"{'failed_gate': 'operating_margin', 'actual_value': -6.38, 'applicable_threshold': 8.0, 'distance_to_threshold': 14.379999999999999, 'distance_to_threshold_pct': 179.75, 'formula': 'minimo: distance = threshold - actual; pct = distance / abs(threshold) * 100'}"
COIN,Coinbase Global Inc,finviz_prefilter,revenue_growth;eps_growth;operating_margin,,price_min;market_cap_min;avg_volume_min;revenue_growth;eps_growth;eps_next_year;operating_margin;earnings_window,False,"{'revenue_growth_yoy': -61.1, 'eps_growth_yoy': -126.57000000000001, 'eps_next_year': 224.86, 'operating_margin': -37.56}",,Finviz via finvizfinance screener views,2026-08-11T23:30:24+02:00,2026-07-30,,12,PEAD_WINDOW,
COLB,Columbia Banking System Inc,finviz_prefilter,eps_growth;eps_next_year,,price_min;market_cap_min;avg_volume_min;revenue_growth;eps_growth;eps_next_year;operating_margin;earnings_window,False,"{'revenue_growth_yoy': 21.959999999999997, 'eps_growth_yoy': 0.03, 'eps_next_year': 8.28, 'operating_margin': 30.620000000000005}",,Finviz via finvizfinance screener views,2026-08-11T23:30:24+02:00,2026-07-23,,19,NORMAL,
COO,Cooper Companies Inc,finviz_prefilter,revenue_growth;eps_growth;eps_next_year,,price_min;market_cap_min;avg_volume_min;revenue_growth;eps_growth;eps_next_year;operating_margin;earnings_window,False,"{'revenue_growth_yoy': 7.9, 'eps_growth_yoy': -1.9142, 'eps_next_year': 8.11, 'operating_margin': 18.19}",,Finviz via finvizfinance screener views,2026-08-11T23:30:24+02:00,2026-06-04,,68,NORMAL,
CORT,Corcept Therapeutics Inc,finviz_prefilter,eps_growth;operating_margin,,price_min;market_cap_min;avg_volume_min;revenue_growth;eps_growth;eps_next_year;operating_margin;earnings_window,False,"{'revenue_growth_yoy': 31.740000000000002, 'eps_growth_yoy': 23.91, 'eps_next_year': 114.69, 'operating_margin': 0.77}",,Finviz via finvizfinance screener views,2026-08-11T23:30:24+02:00,2026-07-29,,13,PEAD_WINDOW,
CORZ,Core Scientific Inc,finviz_prefilter,eps_growth;operating_margin,,price_min;market_cap_min;avg_volume_min;revenue_growth;eps_growth;eps_next_year;operating_margin;earnings_window,False,"{'revenue_growth_yoy': 108.83, 'eps_growth_yoy': -78.6882, 'eps_next_year': 106.57, 'operating_margin': -30.620000000000005}",,Finviz via finvizfinance screener views,2026-08-11T23:30:24+02:00,2026-07-28,,14,PEAD_WINDOW,
COST,Costco Wholesale Corp,finviz_prefilter,revenue_growth;eps_growth;eps_next_year;operating_margin,,price_min;market_cap_min;avg_volume_min;revenue_growth;eps_growth;eps_next_year;operating_margin;earnings_window,False,"{'revenue_growth_yoy': 11.58, 'eps_growth_yoy': 15.27, 'eps_next_year': 10.52, 'operating_margin': 3.82}",,Finviz via finvizfinance screener views,2026-08-11T23:30:24+02:00,2026-05-28,,75,NORMAL,
CPB,Campbells Co,finviz_prefilter,revenue_growth;eps_next_year,,price_min;market_cap_min;avg_volume_min;revenue_growth;eps_growth;eps_next_year;operating_margin;earnings_window,False,"{'revenue_growth_yoy': -4.3999999999999995, 'eps_growth_yoy': 87.9, 'eps_next_year': -12.66, 'operating_margin': 11.95}",,Finviz via finvizfinance screener views,2026-08-11T23:30:24+02:00,2026-06-08,,64,NORMAL,
CPRT,Copart Inc,finviz_prefilter,revenue_growth;eps_growth;eps_next_year,,price_min;market_cap_min;avg_volume_min;revenue_growth;eps_growth;eps_next_year;operating_margin;earnings_window,False,"{'revenue_growth_yoy': 2.09, 'eps_growth_yoy': 2.67, 'eps_next_year': 5.69, 'operating_margin': 36.57}",,Finviz via finvizfinance screener views,2026-08-11T23:30:24+02:00,2026-05-21,,82,NORMAL,
CRDO,Credo Technology Group Holding Ltd,finviz_prefilter,revenue_growth;eps_growth,,price_min;market_cap_min;avg_volume_min;revenue_growth;eps_growth;eps_next_year;operating_margin;earnings_window,False,"{'revenue_growth_yoy': 1.5702, 'eps_growth_yoy': 3.3683, 'eps_next_year': 48.08, 'operating_margin': 34.03}",,Finviz via finvizfinance screener views,2026-08-11T23:30:24+02:00,2026-06-01,,71,NORMAL,
CRNX,Crinetics Pharmaceuticals Inc,finviz_prefilter,eps_growth;eps_next_year;operating_margin,,price_min;market_cap_min;avg_volume_min;revenue_growth;eps_growth;eps_next_year;operating_margin;earnings_window,False,"{'revenue_growth_yoy': 23.3628, 'eps_growth_yoy': 7.140000000000001, 'eps_next_year': 13.39, 'operating_margin': -13.0252}",,Finviz via finvizfinance screener views,2026-08-11T23:30:24+02:00,2026-08-03,,8,PEAD_WINDOW,
CROX,Crocs Inc,finviz_prefilter,revenue_growth;eps_next_year,,price_min;market_cap_min;avg_volume_min;revenue_growth;eps_growth;eps_next_year;operating_margin;earnings_window,False,"{'revenue_growth_yoy': 2.62, 'eps_growth_yoy': 146.78, 'eps_next_year': 7.17, 'operating_margin': 20.810000000000002}",,Finviz via finvizfinance screener views,2026-08-11T23:30:24+02:00,2026-07-30,,12,PEAD_WINDOW,
CRSP,CRISPR Therapeutics AG,finviz_prefilter,revenue_growth;operating_margin,,price_min;market_cap_min;avg_volume_min;revenue_growth;eps_growth;eps_next_year;operating_margin;earnings_window,False,"{'revenue_growth_yoy': 10.4137, 'eps_growth_yoy': 60.57, 'eps_next_year': 26.04, 'operating_margin': -39.7153}",,Finviz via finvizfinance screener views,2026-08-11T23:30:24+02:00,2026-08-03,,8,PEAD_WINDOW,
CRWD,Crowdstrike Holdings Inc,finviz_prefilter,operating_margin,,price_min;market_cap_min;avg_volume_min;revenue_growth;eps_growth;eps_next_year;operating_margin;earnings_window,False,"{'revenue_growth_yoy': 25.569999999999997, 'eps_growth_yoy': 124.25999999999999, 'eps_next_year': 26.46, 'operating_margin': -2.15}",,Finviz via finvizfinance screener views,2026-08-11T23:30:24+02:00,2026-08-26,15,,NORMAL,"{'failed_gate': 'operating_margin', 'actual_value': -2.15, 'applicable_threshold': 8.0, 'distance_to_threshold': 10.15, 'distance_to_threshold_pct': 126.875, 'formula': 'minimo: distance = threshold - actual; pct = distance / abs(threshold) * 100'}"
CRWV,CoreWeave Inc,finviz_prefilter,eps_growth;operating_margin;earnings_window,,price_min;market_cap_min;avg_volume_min;revenue_growth;eps_growth;eps_next_year;operating_margin;earnings_window,False,"{'revenue_growth_yoy': 111.69, 'eps_growth_yoy': -76.42999999999999, 'eps_next_year': 64.44, 'operating_margin': -2.6}",,Finviz via finvizfinance screener views,2026-08-11T23:30:24+02:00,2026-08-11,0,,PRE_EARNINGS_BLACKOUT,
CSCO,Cisco Systems Inc,finviz_prefilter,revenue_growth;eps_next_year;earnings_window,,price_min;market_cap_min;avg_volume_min;revenue_growth;eps_growth;eps_next_year;operating_margin;earnings_window,False,"{'revenue_growth_yoy': 11.959999999999999, 'eps_growth_yoy': 36.1, 'eps_next_year': 12.84, 'operating_margin': 23.94}",,Finviz via finvizfinance screener views,2026-08-11T23:30:24+02:00,2026-08-12,1,,PRE_EARNINGS_BLACKOUT,
CSGP,Costar Group Inc,finviz_prefilter,revenue_growth;eps_growth;operating_margin,,price_min;market_cap_min;avg_volume_min;revenue_growth;eps_growth;eps_next_year;operating_margin;earnings_window,False,"{'revenue_growth_yoy': 18.39, 'eps_growth_yoy': 8.3151, 'eps_next_year': 25.4, 'operating_margin': 2.4299999999999997}",,Finviz via finvizfinance screener views,2026-08-11T23:30:24+02:00,2026-07-28,,14,PEAD_WINDOW,
CSX,CSX Corp,finviz_prefilter,revenue_growth;eps_growth;eps_next_year,,price_min;market_cap_min;avg_volume_min;revenue_growth;eps_growth;eps_next_year;operating_margin;earnings_window,False,"{'revenue_growth_yoy': 10.100000000000001, 'eps_growth_yoy': 21.78, 'eps_next_year': 13.33, 'operating_margin': 35.27}",,Finviz via finvizfinance screener views,2026-08-11T23:30:24+02:00,2026-07-22,,20,NORMAL,
CTAS,Cintas Corp,finviz_prefilter,revenue_growth;eps_growth;eps_next_year,,price_min;market_cap_min;avg_volume_min;revenue_growth;eps_growth;eps_next_year;operating_margin;earnings_window,False,"{'revenue_growth_yoy': 8.9, 'eps_growth_yoy': 15.559999999999999, 'eps_next_year': 11.39, 'operating_margin': 23.26}",,Finviz via finvizfinance screener views,2026-08-11T23:30:24+02:00,2026-07-15,,27,NORMAL,
CTSH,Cognizant Technology Solutions Corp,finviz_prefilter,revenue_growth;eps_growth;eps_next_year,,price_min;market_cap_min;avg_volume_min;revenue_growth;eps_growth;eps_next_year;operating_margin;earnings_window,False,"{'revenue_growth_yoy': 4.5, 'eps_growth_yoy': 4.1000000000000005, 'eps_next_year': 9.74, 'operating_margin': 16.11}",,Finviz via finvizfinance screener views,2026-08-11T23:30:24+02:00,2026-07-29,,13,PEAD_WINDOW,
CVBF,CVB Financial Corp,finviz_prefilter,eps_growth,,price_min;market_cap_min;avg_volume_min;revenue_growth;eps_growth;eps_next_year;operating_margin;earnings_window,False,"{'revenue_growth_yoy': 37.86, 'eps_growth_yoy': -21.58, 'eps_next_year': 31.52, 'operating_margin': 43.64}",,Finviz via finvizfinance screener views,2026-08-11T23:30:24+02:00,2026-07-22,,20,NORMAL,"{'failed_gate': 'eps_growth', 'actual_value': -21.58, 'applicable_threshold': 30.0, 'distance_to_threshold': 51.58, 'distance_to_threshold_pct': 171.93333333333334, 'formula': 'minimo: distance = threshold - actual; pct = distance / abs(threshold) * 100'}"
CVLT,Commvault Systems Inc,finviz_prefilter,revenue_growth;eps_growth;eps_next_year,,price_min;market_cap_min;avg_volume_min;revenue_growth;eps_growth;eps_next_year;operating_margin;earnings_window,False,"{'revenue_growth_yoy': 11.4, 'eps_growth_yoy': -2.7, 'eps_next_year': 14.02, 'operating_margin': 9.01}",,Finviz via finvizfinance screener views,2026-08-11T23:30:24+02:00,2026-07-28,,14,PEAD_WINDOW,
CYTK,Cytokinetics Inc,finviz_prefilter,revenue_growth;eps_growth;operating_margin,,price_min;market_cap_min;avg_volume_min;revenue_growth;eps_growth;eps_next_year;operating_margin;earnings_window,False,"{'revenue_growth_yoy': -57.13, 'eps_growth_yoy': -33.78, 'eps_next_year': 26.71, 'operating_margin': -10.4612}",,Finviz via finvizfinance screener views,2026-08-11T23:30:24+02:00,2026-08-06,,5,PEAD_WINDOW,
CZR,Caesars Entertainment Inc,finviz_prefilter,revenue_growth;eps_growth,,price_min;market_cap_min;avg_volume_min;revenue_growth;eps_growth;eps_next_year;operating_margin;earnings_window,False,"{'revenue_growth_yoy': 2.96, 'eps_growth_yoy': 22.53, 'eps_next_year': 124.6, 'operating_margin': 17.69}",,Finviz via finvizfinance screener views,2026-08-11T23:30:24+02:00,2026-07-28,,14,PEAD_WINDOW,
DASH,DoorDash Inc,finviz_prefilter,eps_growth;operating_margin,,price_min;market_cap_min;avg_volume_min;revenue_growth;eps_growth;eps_next_year;operating_margin;earnings_window,False,"{'revenue_growth_yoy': 35.63, 'eps_growth_yoy': -29.98, 'eps_next_year': 73.81, 'operating_margin': 5.46}",,Finviz via finvizfinance screener views,2026-08-11T23:30:24+02:00,2026-08-05,,6,PEAD_WINDOW,
DBX,Dropbox Inc,finviz_prefilter,revenue_growth;eps_growth;eps_next_year,,price_min;market_cap_min;avg_volume_min;revenue_growth;eps_growth;eps_next_year;operating_margin;earnings_window,False,"{'revenue_growth_yoy': 0.9299999999999999, 'eps_growth_yoy': -6.94, 'eps_next_year': 8.34, 'operating_margin': 26.5}",,Finviz via finvizfinance screener views,2026-08-11T23:30:24+02:00,2026-08-06,,5,PEAD_WINDOW,
DDOG,Datadog Inc,finviz_prefilter,eps_growth;operating_margin,,price_min;market_cap_min;avg_volume_min;revenue_growth;eps_growth;eps_next_year;operating_margin;earnings_window,False,"{'revenue_growth_yoy': 35.64, 'eps_growth_yoy': 15.5135, 'eps_next_year': 16.97, 'operating_margin': 0.48}",,Finviz via finvizfinance screener views,2026-08-11T23:30:24+02:00,2026-08-06,,5,PEAD_WINDOW,
DKNG,DraftKings Inc,finviz_prefilter,revenue_growth;eps_growth;operating_margin,,price_min;market_cap_min;avg_volume_min;revenue_growth;eps_growth;eps_next_year;operating_margin;earnings_window,False,"{'revenue_growth_yoy': -4.58, 'eps_growth_yoy': -145.99, 'eps_next_year': 447.78, 'operating_margin': -2.83}",,Finviz via finvizfinance screener views,2026-08-11T23:30:24+02:00,2026-08-06,,5,PEAD_WINDOW,
DLTR,Dollar Tree Inc,finviz_prefilter,revenue_growth;eps_growth;eps_next_year,,price_min;market_cap_min;avg_volume_min;revenue_growth;eps_growth;eps_next_year;operating_margin;earnings_window,False,"{'revenue_growth_yoy': 7.24, 'eps_growth_yoy': 9.59, 'eps_next_year': 10.18, 'operating_margin': 8.44}",,Finviz via finvizfinance screener views,2026-08-11T23:30:24+02:00,2026-08-27,16,,NORMAL,
DNLI,Denali Therapeutics Inc,finviz_prefilter,eps_next_year;operating_margin,revenue_growth;eps_growth,price_min;market_cap_min;avg_volume_min;eps_next_year;operating_margin;earnings_window,False,"{'revenue_growth_yoy': None, 'eps_growth_yoy': 5.93, 'eps_next_year': -2.43, 'operating_margin': -150.5819}",,Finviz via finvizfinance screener views,2026-08-11T23:30:24+02:00,2026-08-06,,5,PEAD_WINDOW,
DNTH,Dianthus Therapeutics Inc,finviz_prefilter,revenue_growth;eps_growth;eps_next_year;operating_margin,,price_min;market_cap_min;avg_volume_min;revenue_growth;eps_growth;eps_next_year;operating_margin;earnings_window,False,"{'revenue_growth_yoy': 2.943, 'eps_growth_yoy': -1.51, 'eps_next_year': -21.63, 'operating_margin': -114.4139}",,Finviz via finvizfinance screener views,2026-08-11T23:30:24+02:00,2026-08-04,,7,PEAD_WINDOW,
DOCU,DocuSign Inc,finviz_prefilter,revenue_growth;eps_growth;eps_next_year,,price_min;market_cap_min;avg_volume_min;revenue_growth;eps_growth;eps_next_year;operating_margin;earnings_window,False,"{'revenue_growth_yoy': 8.72, 'eps_growth_yoy': 17.51, 'eps_next_year': 12.57, 'operating_margin': 10.639999999999999}",,Finviz via finvizfinance screener views,2026-08-11T23:30:24+02:00,2026-06-04,,68,NORMAL,
DOX,Amdocs Ltd,finviz_prefilter,revenue_growth;eps_growth;eps_next_year,,price_min;market_cap_min;avg_volume_min;revenue_growth;eps_growth;eps_next_year;operating_margin;earnings_window,False,"{'revenue_growth_yoy': 2.6599999999999997, 'eps_growth_yoy': -57.53, 'eps_next_year': 8.06, 'operating_margin': 17.26}",,Finviz via finvizfinance screener views,2026-08-11T23:30:24+02:00,2026-08-05,,6,PEAD_WINDOW,
DPZ,Dominos Pizza Inc,finviz_prefilter,revenue_growth;eps_growth;eps_next_year,,price_min;market_cap_min;avg_volume_min;revenue_growth;eps_growth;eps_next_year;operating_margin;earnings_window,False,"{'revenue_growth_yoy': 4.3, 'eps_growth_yoy': 6.92, 'eps_next_year': 9.89, 'operating_margin': 19.3}",,Finviz via finvizfinance screener views,2026-08-11T23:30:24+02:00,2026-07-20,,22,NORMAL,
DRS,Leonardo DRS Inc,finviz_prefilter,revenue_growth;eps_next_year,,price_min;market_cap_min;avg_volume_min;revenue_growth;eps_growth;eps_next_year;operating_margin;earnings_window,False,"{'revenue_growth_yoy': 10.13, 'eps_growth_yoy': 59.34, 'eps_next_year': 6.72, 'operating_margin': 10.56}",,Finviz via finvizfinance screener views,2026-08-11T23:30:24+02:00,2026-07-30,,12,PEAD_WINDOW,
DUOL,Duolingo Inc,finviz_prefilter,revenue_growth;eps_growth,,price_min;market_cap_min;avg_volume_min;revenue_growth;eps_growth;eps_next_year;operating_margin;earnings_window,False,"{'revenue_growth_yoy': 18.310000000000002, 'eps_growth_yoy': -27.49, 'eps_next_year': 21.5, 'operating_margin': 14.21}",,Finviz via finvizfinance screener views,2026-08-11T23:30:24+02:00,2026-08-05,,6,PEAD_WINDOW,
DXCM,Dexcom Inc,finviz_prefilter,revenue_growth,,price_min;market_cap_min;avg_volume_min;revenue_growth;eps_growth;eps_next_year;operating_margin;earnings_window,False,"{'revenue_growth_yoy': 13.08, 'eps_growth_yoy': 43.63, 'eps_next_year': 16.98, 'operating_margin': 22.919999999999998}",,Finviz via finvizfinance screener views,2026-08-11T23:30:24+02:00,2026-07-30,,12,PEAD_WINDOW,"{'failed_gate': 'revenue_growth', 'actual_value': 13.08, 'applicable_threshold': 20.0, 'distance_to_threshold': 6.92, 'distance_to_threshold_pct': 34.599999999999994, 'formula': 'minimo: distance = threshold - actual; pct = distance / abs(threshold) * 100'}"
EBAY,EBay Inc,finviz_prefilter,revenue_growth;eps_next_year,,price_min;market_cap_min;avg_volume_min;revenue_growth;eps_growth;eps_next_year;operating_margin;earnings_window,False,"{'revenue_growth_yoy': 14.37, 'eps_growth_yoy': 54.379999999999995, 'eps_next_year': 9.97, 'operating_margin': 21.44}",,Finviz via finvizfinance screener views,2026-08-11T23:30:24+02:00,2026-08-05,,6,PEAD_WINDOW,
EBC,Eastern Bankshares Inc,finviz_prefilter,eps_growth;eps_next_year,,price_min;market_cap_min;avg_volume_min;revenue_growth;eps_growth;eps_next_year;operating_margin;earnings_window,False,"{'revenue_growth_yoy': 26.36, 'eps_growth_yoy': -4.73, 'eps_next_year': 13.87, 'operating_margin': 26.919999999999998}",,Finviz via finvizfinance screener views,2026-08-11T23:30:24+02:00,2026-07-23,,19,NORMAL,
ECHO,EchoStar Corp,finviz_prefilter,revenue_growth;eps_growth;eps_next_year;operating_margin,,price_min;market_cap_min;avg_volume_min;revenue_growth;eps_growth;eps_next_year;operating_margin;earnings_window,False,"{'revenue_growth_yoy': -3.9899999999999998, 'eps_growth_yoy': 23.649, 'eps_next_year': -86.58, 'operating_margin': 7.1499999999999995}",,Finviz via finvizfinance screener views,2026-08-11T23:30:24+02:00,2026-08-03,,8,PEAD_WINDOW,
ENPH,Enphase Energy Inc,finviz_prefilter,revenue_growth;eps_growth;eps_next_year,,price_min;market_cap_min;avg_volume_min;revenue_growth;eps_growth;eps_next_year;operating_margin;earnings_window,False,"{'revenue_growth_yoy': -19.63, 'eps_growth_yoy': -2.55, 'eps_next_year': 9.77, 'operating_margin': 25.629999999999995}",,Finviz via finvizfinance screener views,2026-08-11T23:30:24+02:00,2026-07-28,,14,PEAD_WINDOW,
ENSG,Ensign Group Inc,finviz_prefilter,revenue_growth;eps_growth;eps_next_year,,price_min;market_cap_min;avg_volume_min;revenue_growth;eps_growth;eps_next_year;operating_margin;earnings_window,False,"{'revenue_growth_yoy': 17.330000000000002, 'eps_growth_yoy': 16.43, 'eps_next_year': 9.73, 'operating_margin': 8.780000000000001}",,Finviz via finvizfinance screener views,2026-08-11T23:30:24+02:00,2026-07-27,,15,PEAD_WINDOW,
ENTG,Entegris Inc,finviz_prefilter,revenue_growth,,price_min;market_cap_min;avg_volume_min;revenue_growth;eps_growth;eps_next_year;operating_margin;earnings_window,False,"{'revenue_growth_yoy': 5.01, 'eps_growth_yoy': 45.12, 'eps_next_year': 29.28, 'operating_margin': 16.0}",,Finviz via finvizfinance screener views,2026-08-11T23:30:24+02:00,2026-08-04,,7,PEAD_WINDOW,"{'failed_gate': 'revenue_growth', 'actual_value': 5.01, 'applicable_threshold': 20.0, 'distance_to_threshold': 14.99, 'distance_to_threshold_pct': 74.95, 'formula': 'minimo: distance = threshold - actual; pct = distance / abs(threshold) * 100'}"
EQPT,Equipmentshare.Com Inc,finviz_prefilter,revenue_growth;eps_growth;earnings_window,operating_margin,price_min;market_cap_min;avg_volume_min;revenue_growth;eps_growth;eps_next_year;earnings_window,False,"{'revenue_growth_yoy': -36.32, 'eps_growth_yoy': -2.0693, 'eps_next_year': 68.92, 'operating_margin': None}",,Finviz via finvizfinance screener views,2026-08-11T23:30:24+02:00,2026-08-12,1,,PRE_EARNINGS_BLACKOUT,
ETOR,Etoro Group Ltd,finviz_prefilter,revenue_growth;eps_growth;earnings_window,,price_min;market_cap_min;avg_volume_min;revenue_growth;eps_growth;eps_next_year;operating_margin;earnings_window,False,"{'revenue_growth_yoy': 18.04, 'eps_growth_yoy': 17.96, 'eps_next_year': 19.67, 'operating_margin': 29.770000000000003}",,Finviz via finvizfinance screener views,2026-08-11T23:30:24+02:00,2026-08-11,0,,PRE_EARNINGS_BLACKOUT,
EVRG,Evergy Inc,finviz_prefilter,revenue_growth;eps_growth;eps_next_year,,price_min;market_cap_min;avg_volume_min;revenue_growth;eps_growth;eps_next_year;operating_margin;earnings_window,False,"{'revenue_growth_yoy': 4.84, 'eps_growth_yoy': 23.5, 'eps_next_year': 7.05, 'operating_margin': 25.55}",,Finviz via finvizfinance screener views,2026-08-11T23:30:24+02:00,2026-08-06,,5,PEAD_WINDOW,
EWBC,East West Bancorp Inc,finviz_prefilter,revenue_growth;eps_growth;eps_next_year,,price_min;market_cap_min;avg_volume_min;revenue_growth;eps_growth;eps_next_year;operating_margin;earnings_window,False,"{'revenue_growth_yoy': 4.15, 'eps_growth_yoy': 17.64, 'eps_next_year': 6.52, 'operating_margin': 39.68}",,Finviz via finvizfinance screener views,2026-08-11T23:30:24+02:00,2026-07-21,,21,NORMAL,
EXC,Exelon Corp,finviz_prefilter,revenue_growth;eps_growth;eps_next_year,,price_min;market_cap_min;avg_volume_min;revenue_growth;eps_growth;eps_next_year;operating_margin;earnings_window,False,"{'revenue_growth_yoy': 9.950000000000001, 'eps_growth_yoy': -0.31, 'eps_next_year': 6.18, 'operating_margin': 20.79}",,Finviz via finvizfinance screener views,2026-08-11T23:30:24+02:00,2026-07-30,,12,PEAD_WINDOW,
EXE,Expand Energy Corp,finviz_prefilter,revenue_growth;eps_growth;eps_next_year,,price_min;market_cap_min;avg_volume_min;revenue_growth;eps_growth;eps_next_year;operating_margin;earnings_window,False,"{'revenue_growth_yoy': -10.61, 'eps_growth_yoy': -45.58, 'eps_next_year': -4.44, 'operating_margin': 21.529999999999998}",,Finviz via finvizfinance screener views,2026-08-11T23:30:24+02:00,2026-07-28,,14,PEAD_WINDOW,
EXEL,Exelixis Inc,finviz_prefilter,revenue_growth;eps_growth;eps_next_year,,price_min;market_cap_min;avg_volume_min;revenue_growth;eps_growth;eps_next_year;operating_margin;earnings_window,False,"{'revenue_growth_yoy': 10.63, 'eps_growth_yoy': 25.629999999999995, 'eps_next_year': 13.67, 'operating_margin': 40.72}",,Finviz via finvizfinance screener views,2026-08-11T23:30:24+02:00,2026-08-05,,6,PEAD_WINDOW,
EXLS,ExlService Holdings Inc,finviz_prefilter,revenue_growth;eps_growth;eps_next_year,,price_min;market_cap_min;avg_volume_min;revenue_growth;eps_growth;eps_next_year;operating_margin;earnings_window,False,"{'revenue_growth_yoy': 15.61, 'eps_growth_yoy': 4.92, 'eps_next_year': 13.48, 'operating_margin': 14.42}",,Finviz via finvizfinance screener views,2026-08-11T23:30:24+02:00,2026-07-28,,14,PEAD_WINDOW,
EXPE,Expedia Group Inc,finviz_prefilter,revenue_growth;eps_growth,,price_min;market_cap_min;avg_volume_min;revenue_growth;eps_growth;eps_next_year;operating_margin;earnings_window,False,"{'revenue_growth_yoy': 13.969999999999999, 'eps_growth_yoy': 1.8833, 'eps_next_year': 16.69, 'operating_margin': 16.64}",,Finviz via finvizfinance screener views,2026-08-11T23:30:24+02:00,2026-08-05,,6,PEAD_WINDOW,
EXTR,Extreme Networks Inc,finviz_prefilter,revenue_growth;eps_growth;operating_margin,,price_min;market_cap_min;avg_volume_min;revenue_growth;eps_growth;eps_next_year;operating_margin;earnings_window,False,"{'revenue_growth_yoy': 10.280000000000001, 'eps_growth_yoy': 3.2959, 'eps_next_year': 16.49, 'operating_margin': 5.050000000000001}",,Finviz via finvizfinance screener views,2026-08-11T23:30:24+02:00,2026-08-05,,6,PEAD_WINDOW,
FA,First Advantage Corp,finviz_prefilter,revenue_growth,,price_min;market_cap_min;avg_volume_min;revenue_growth;eps_growth;eps_next_year;operating_margin;earnings_window,False,"{'revenue_growth_yoy': 14.879999999999999, 'eps_growth_yoy': 53.2222, 'eps_next_year': 17.98, 'operating_margin': 10.89}",,Finviz via finvizfinance screener views,2026-08-11T23:30:24+02:00,2026-08-06,,5,PEAD_WINDOW,"{'failed_gate': 'revenue_growth', 'actual_value': 14.879999999999999, 'applicable_threshold': 20.0, 'distance_to_threshold': 5.120000000000001, 'distance_to_threshold_pct': 25.600000000000005, 'formula': 'minimo: distance = threshold - actual; pct = distance / abs(threshold) * 100'}"
FANG,Diamondback Energy Inc,finviz_prefilter,eps_growth;eps_next_year,,price_min;market_cap_min;avg_volume_min;revenue_growth;eps_growth;eps_next_year;operating_margin;earnings_window,False,"{'revenue_growth_yoy': 51.22, 'eps_growth_yoy': 1.7968, 'eps_next_year': -12.06, 'operating_margin': 35.05}",,Finviz via finvizfinance screener views,2026-08-11T23:30:24+02:00,2026-08-03,,8,PEAD_WINDOW,
FAST,Fastenal Co,finviz_prefilter,revenue_growth;eps_growth;eps_next_year,,price_min;market_cap_min;avg_volume_min;revenue_growth;eps_growth;eps_next_year;operating_margin;earnings_window,False,"{'revenue_growth_yoy': 14.74, 'eps_growth_yoy': 15.879999999999999, 'eps_next_year': 10.74, 'operating_margin': 20.29}",,Finviz via finvizfinance screener views,2026-08-11T23:30:24+02:00,2026-07-14,,28,NORMAL,
FER,Ferrovial N. V,finviz_prefilter,revenue_growth;eps_growth,,price_min;market_cap_min;avg_volume_min;revenue_growth;eps_growth;eps_next_year;operating_margin;earnings_window,False,"{'revenue_growth_yoy': 6.64, 'eps_growth_yoy': 9.5324, 'eps_next_year': 18.95, 'operating_margin': 10.42}",,Finviz via finvizfinance screener views,2026-08-11T23:30:24+02:00,2026-07-28,,14,PEAD_WINDOW,
FFBC,First Financial Bancorp,finviz_prefilter,revenue_growth;eps_growth;eps_next_year,,price_min;market_cap_min;avg_volume_min;revenue_growth;eps_growth;eps_next_year;operating_margin;earnings_window,False,"{'revenue_growth_yoy': 12.98, 'eps_growth_yoy': -0.33999999999999997, 'eps_next_year': 11.57, 'operating_margin': 26.06}",,Finviz via finvizfinance screener views,2026-08-11T23:30:24+02:00,2026-07-21,,21,NORMAL,
FFIN,First Financial Bankshares Inc,finviz_prefilter,revenue_growth;eps_growth;eps_next_year,,price_min;market_cap_min;avg_volume_min;revenue_growth;eps_growth;eps_next_year;operating_margin;earnings_window,False,"{'revenue_growth_yoy': 8.43, 'eps_growth_yoy': 7.61, 'eps_next_year': 5.57, 'operating_margin': 37.86}",,Finviz via finvizfinance screener views,2026-08-11T23:30:24+02:00,2026-07-16,,26,NORMAL,
FHB,First Hawaiian INC,finviz_prefilter,revenue_growth;eps_growth;eps_next_year,,price_min;market_cap_min;avg_volume_min;revenue_growth;eps_growth;eps_next_year;operating_margin;earnings_window,False,"{'revenue_growth_yoy': 0.7100000000000001, 'eps_growth_yoy': 3.04, 'eps_next_year': 7.12, 'operating_margin': 31.730000000000004}",,Finviz via finvizfinance screener views,2026-08-11T23:30:24+02:00,2026-07-24,,18,NORMAL,
FIBK,First Interstate BancSystem Inc,finviz_prefilter,revenue_growth;eps_growth;eps_next_year,,price_min;market_cap_min;avg_volume_min;revenue_growth;eps_growth;eps_next_year;operating_margin;earnings_window,False,"{'revenue_growth_yoy': -7.8, 'eps_growth_yoy': 24.97, 'eps_next_year': -57.99999999999999, 'operating_margin': 29.409999999999997}",,Finviz via finvizfinance screener views,2026-08-11T23:30:24+02:00,2026-07-23,,19,NORMAL,
FIGR,Figure Technology Solutions Inc,finviz_prefilter,eps_growth;earnings_window,,price_min;market_cap_min;avg_volume_min;revenue_growth;eps_growth;eps_next_year;operating_margin;earnings_window,False,"{'revenue_growth_yoy': 72.52, 'eps_growth_yoy': 5.8272, 'eps_next_year': 30.39, 'operating_margin': 38.98}",,Finviz via finvizfinance screener views,2026-08-11T23:30:24+02:00,2026-08-13,2,,PRE_EARNINGS_BLACKOUT,
FISV,Fiserv Inc,finviz_prefilter,revenue_growth;eps_growth;eps_next_year,,price_min;market_cap_min;avg_volume_min;revenue_growth;eps_growth;eps_next_year;operating_margin;earnings_window,False,"{'revenue_growth_yoy': -4.06, 'eps_growth_yoy': -36.71, 'eps_next_year': 9.89, 'operating_margin': 21.57}",,Finviz via finvizfinance screener views,2026-08-11T23:30:24+02:00,2026-08-06,,5,PEAD_WINDOW,
FIVE,Five Below Inc,finviz_prefilter,eps_growth;eps_next_year,,price_min;market_cap_min;avg_volume_min;revenue_growth;eps_growth;eps_next_year;operating_margin;earnings_window,False,"{'revenue_growth_yoy': 32.46, 'eps_growth_yoy': 1.9681, 'eps_next_year': 6.93, 'operating_margin': 11.04}",,Finviz via finvizfinance screener views,2026-08-11T23:30:24+02:00,2026-06-03,,69,NORMAL,
FIVN,Five9 Inc,finviz_prefilter,revenue_growth;eps_growth;operating_margin,,price_min;market_cap_min;avg_volume_min;revenue_growth;eps_growth;eps_next_year;operating_margin;earnings_window,False,"{'revenue_growth_yoy': 10.299999999999999, 'eps_growth_yoy': 2.0308, 'eps_next_year': 18.03, 'operating_margin': 6.05}",,Finviz via finvizfinance screener views,2026-08-11T23:30:24+02:00,2026-08-06,,5,PEAD_WINDOW,
FLEX,Flex Ltd,finviz_prefilter,operating_margin,,price_min;market_cap_min;avg_volume_min;revenue_growth;eps_growth;eps_next_year;operating_margin;earnings_window,False,"{'revenue_growth_yoy': 20.580000000000002, 'eps_growth_yoy': 51.22, 'eps_next_year': 51.51, 'operating_margin': 5.58}",,Finviz via finvizfinance screener views,2026-08-11T23:30:24+02:00,2026-07-29,,13,PEAD_WINDOW,"{'failed_gate': 'operating_margin', 'actual_value': 5.58, 'applicable_threshold': 8.0, 'distance_to_threshold': 2.42, 'distance_to_threshold_pct': 30.25, 'formula': 'minimo: distance = threshold - actual; pct = distance / abs(threshold) * 100'}"
FLY,Firefly Aerospace Inc,finviz_prefilter,eps_growth;operating_margin;earnings_window,,price_min;market_cap_min;avg_volume_min;revenue_growth;eps_growth;eps_next_year;operating_margin;earnings_window,False,"{'revenue_growth_yoy': 44.800000000000004, 'eps_growth_yoy': -20.349999999999998, 'eps_next_year': 35.37, 'operating_margin': -1.5862}",,Finviz via finvizfinance screener views,2026-08-11T23:30:24+02:00,2026-08-11,0,,PRE_EARNINGS_BLACKOUT,
FLYW,Flywire Corp,finviz_prefilter,operating_margin,,price_min;market_cap_min;avg_volume_min;revenue_growth;eps_growth;eps_next_year;operating_margin;earnings_window,False,"{'revenue_growth_yoy': 27.18, 'eps_growth_yoy': 32.39, 'eps_next_year': 67.04, 'operating_margin': 5.94}",,Finviz via finvizfinance screener views,2026-08-11T23:30:24+02:00,2026-08-04,,7,PEAD_WINDOW,"{'failed_gate': 'operating_margin', 'actual_value': 5.94, 'applicable_threshold': 8.0, 'distance_to_threshold': 2.0599999999999996, 'distance_to_threshold_pct': 25.749999999999996, 'formula': 'minimo: distance = threshold - actual; pct = distance / abs(threshold) * 100'}"
FORM,FormFactor Inc,finviz_prefilter,eps_growth,,price_min;market_cap_min;avg_volume_min;revenue_growth;eps_growth;eps_next_year;operating_margin;earnings_window,False,"{'revenue_growth_yoy': 31.89, 'eps_growth_yoy': 5.0247, 'eps_next_year': 22.96, 'operating_margin': 15.06}",,Finviz via finvizfinance screener views,2026-08-11T23:30:24+02:00,2026-07-29,,13,PEAD_WINDOW,"{'failed_gate': 'eps_growth', 'actual_value': 5.0247, 'applicable_threshold': 30.0, 'distance_to_threshold': 24.9753, 'distance_to_threshold_pct': 83.25099999999999, 'formula': 'minimo: distance = threshold - actual; pct = distance / abs(threshold) * 100'}"
FOX,Fox Corp,finviz_prefilter,eps_growth;eps_next_year,,price_min;market_cap_min;avg_volume_min;revenue_growth;eps_growth;eps_next_year;operating_margin;earnings_window,False,"{'revenue_growth_yoy': 28.139999999999997, 'eps_growth_yoy': 2.91, 'eps_next_year': -53.0, 'operating_margin': 20.41}",,Finviz via finvizfinance screener views,2026-08-11T23:30:24+02:00,2026-08-06,,5,PEAD_WINDOW,
FOXA,Fox Corp,finviz_prefilter,eps_growth;eps_next_year,,price_min;market_cap_min;avg_volume_min;revenue_growth;eps_growth;eps_next_year;operating_margin;earnings_window,False,"{'revenue_growth_yoy': 28.139999999999997, 'eps_growth_yoy': 2.91, 'eps_next_year': -84.0, 'operating_margin': 20.41}",,Finviz via finvizfinance screener views,2026-08-11T23:30:24+02:00,2026-08-06,,5,PEAD_WINDOW,
FROG,JFrog Ltd,finviz_prefilter,operating_margin,,price_min;market_cap_min;avg_volume_min;revenue_growth;eps_growth;eps_next_year;operating_margin;earnings_window,False,"{'revenue_growth_yoy': 28.73, 'eps_growth_yoy': 81.82000000000001, 'eps_next_year': 16.8, 'operating_margin': -12.93}",,Finviz via finvizfinance screener views,2026-08-11T23:30:24+02:00,2026-08-06,,5,PEAD_WINDOW,"{'failed_gate': 'operating_margin', 'actual_value': -12.93, 'applicable_threshold': 8.0, 'distance_to_threshold': 20.93, 'distance_to_threshold_pct': 261.625, 'formula': 'minimo: distance = threshold - actual; pct = distance / abs(threshold) * 100'}"
FRPT,Freshpet Inc,finviz_prefilter,revenue_growth;eps_growth;eps_next_year,,price_min;market_cap_min;avg_volume_min;revenue_growth;eps_growth;eps_next_year;operating_margin;earnings_window,False,"{'revenue_growth_yoy': 15.45, 'eps_growth_yoy': 19.15, 'eps_next_year': -3.33, 'operating_margin': 8.260000000000002}",,Finviz via finvizfinance screener views,2026-08-11T23:30:24+02:00,2026-08-05,,6,PEAD_WINDOW,
FRVO,Fervo Energy Co,finviz_prefilter,earnings_window,revenue_growth;eps_growth;operating_margin,price_min;market_cap_min;avg_volume_min;eps_next_year;earnings_window,False,"{'revenue_growth_yoy': None, 'eps_growth_yoy': None, 'eps_next_year': None, 'operating_margin': None}",,Finviz via finvizfinance screener views,2026-08-11T23:30:24+02:00,2026-08-12,1,,PRE_EARNINGS_BLACKOUT,"{'failed_gate': 'earnings_window', 'actual_value': 1, 'applicable_threshold': 7, 'distance_to_threshold': 2, 'distance_to_threshold_pct': None, 'days_to_exit_blackout': 2, 'formula': 'days_to_exit_blackout = days_to_earnings + 1 (giorni; nessuna %)'}"
FSLR,First Solar Inc,finviz_prefilter,revenue_growth;eps_growth,,price_min;market_cap_min;avg_volume_min;revenue_growth;eps_growth;eps_next_year;operating_margin;earnings_window,False,"{'revenue_growth_yoy': -3.73, 'eps_growth_yoy': 23.36, 'eps_next_year': 35.05, 'operating_margin': 34.98}",,Finviz via finvizfinance screener views,2026-08-11T23:30:24+02:00,2026-07-30,,12,PEAD_WINDOW,
FSLY,Fastly Inc,finviz_prefilter,eps_next_year;operating_margin,,price_min;market_cap_min;avg_volume_min;revenue_growth;eps_growth;eps_next_year;operating_margin;earnings_window,False,"{'revenue_growth_yoy': 23.27, 'eps_growth_yoy': 61.59, 'eps_next_year': 11.25, 'operating_margin': -11.959999999999999}",,Finviz via finvizfinance screener views,2026-08-11T23:30:24+02:00,2026-08-05,,6,PEAD_WINDOW,
FTAI,FTAI Aviation Ltd,finviz_prefilter,eps_growth,,price_min;market_cap_min;avg_volume_min;revenue_growth;eps_growth;eps_next_year;operating_margin;earnings_window,False,"{'revenue_growth_yoy': 40.79, 'eps_growth_yoy': -27.900000000000002, 'eps_next_year': 104.32, 'operating_margin': 25.119999999999997}",,Finviz via finvizfinance screener views,2026-08-11T23:30:24+02:00,2026-07-29,,13,PEAD_WINDOW,"{'failed_gate': 'eps_growth', 'actual_value': -27.900000000000002, 'applicable_threshold': 20.0, 'distance_to_threshold': 47.900000000000006, 'distance_to_threshold_pct': 239.50000000000006, 'formula': 'minimo: distance = threshold - actual; pct = distance / abs(threshold) * 100'}"
FTNT,Fortinet Inc,finviz_prefilter,eps_next_year,,price_min;market_cap_min;avg_volume_min;revenue_growth;eps_growth;eps_next_year;operating_margin;earnings_window,False,"{'revenue_growth_yoy': 25.64, 'eps_growth_yoy': 43.86, 'eps_next_year': 9.45, 'operating_margin': 32.37}",,Finviz via finvizfinance screener views,2026-08-11T23:30:24+02:00,2026-07-29,,13,PEAD_WINDOW,"{'failed_gate': 'eps_next_year', 'actual_value': 9.45, 'applicable_threshold': 15.0, 'distance_to_threshold': 5.550000000000001, 'distance_to_threshold_pct': 37.00000000000001, 'formula': 'minimo: distance = threshold - actual; pct = distance / abs(threshold) * 100'}"
FULT,Fulton Financial Corp,finviz_prefilter,revenue_growth;eps_growth;eps_next_year,,price_min;market_cap_min;avg_volume_min;revenue_growth;eps_growth;eps_next_year;operating_margin;earnings_window,False,"{'revenue_growth_yoy': 7.580000000000001, 'eps_growth_yoy': -1.58, 'eps_next_year': 10.09, 'operating_margin': 26.540000000000003}",,Finviz via finvizfinance screener views,2026-08-11T23:30:24+02:00,2026-07-22,,20,NORMAL,
FWONK,Liberty Media Corp,finviz_prefilter,revenue_growth;eps_growth,,price_min;market_cap_min;avg_volume_min;revenue_growth;eps_growth;eps_next_year;operating_margin;earnings_window,False,"{'revenue_growth_yoy': -30.349999999999998, 'eps_growth_yoy': -98.69, 'eps_next_year': 21.99, 'operating_margin': 12.45}",,Finviz via finvizfinance screener views,2026-08-11T23:30:24+02:00,2026-08-06,,5,PEAD_WINDOW,
GEHC,GE HealthCare Technologies Inc,finviz_prefilter,revenue_growth;eps_growth;eps_next_year,,price_min;market_cap_min;avg_volume_min;revenue_growth;eps_growth;eps_next_year;operating_margin;earnings_window,False,"{'revenue_growth_yoy': 5.75, 'eps_growth_yoy': 16.45, 'eps_next_year': 10.4, 'operating_margin': 13.73}",,Finviz via finvizfinance screener views,2026-08-11T23:30:24+02:00,2026-07-29,,13,PEAD_WINDOW,
GEN,Gen Digital Inc,finviz_prefilter,revenue_growth;eps_next_year,,price_min;market_cap_min;avg_volume_min;revenue_growth;eps_growth;eps_next_year;operating_margin;earnings_window,False,"{'revenue_growth_yoy': 6.279999999999999, 'eps_growth_yoy': 64.79, 'eps_next_year': 12.82, 'operating_margin': 42.8}",,Finviz via finvizfinance screener views,2026-08-11T23:30:24+02:00,2026-08-06,,5,PEAD_WINDOW,
GFS,GlobalFoundries Inc,finviz_prefilter,revenue_growth;eps_growth,,price_min;market_cap_min;avg_volume_min;revenue_growth;eps_growth;eps_next_year;operating_margin;earnings_window,False,"{'revenue_growth_yoy': 5.81, 'eps_growth_yoy': -27.05, 'eps_next_year': 30.98, 'operating_margin': 11.59}",,Finviz via finvizfinance screener views,2026-08-11T23:30:24+02:00,2026-08-05,,6,PEAD_WINDOW,
GH,Guardant Health Inc,finviz_prefilter,eps_growth;operating_margin,,price_min;market_cap_min;avg_volume_min;revenue_growth;eps_growth;eps_next_year;operating_margin;earnings_window,False,"{'revenue_growth_yoy': 44.330000000000005, 'eps_growth_yoy': -12.34, 'eps_next_year': 39.43, 'operating_margin': -39.7}",,Finviz via finvizfinance screener views,2026-08-11T23:30:24+02:00,2026-07-30,,12,PEAD_WINDOW,
GILD,Gilead Sciences Inc,finviz_prefilter,revenue_growth;eps_growth,,price_min;market_cap_min;avg_volume_min;revenue_growth;eps_growth;eps_next_year;operating_margin;earnings_window,False,"{'revenue_growth_yoy': 10.73, 'eps_growth_yoy': -6.4066, 'eps_next_year': 2212.79, 'operating_margin': 39.050000000000004}",,Finviz via finvizfinance screener views,2026-08-11T23:30:24+02:00,2026-08-04,,7,PEAD_WINDOW,
GLBE,Global E Online Ltd,finviz_prefilter,eps_growth;earnings_window,,price_min;market_cap_min;avg_volume_min;revenue_growth;eps_growth;eps_next_year;operating_margin;earnings_window,False,"{'revenue_growth_yoy': 32.76, 'eps_growth_yoy': 2.6556, 'eps_next_year': 34.8, 'operating_margin': 12.1}",,Finviz via finvizfinance screener views,2026-08-11T23:30:24+02:00,2026-08-12,1,,PRE_EARNINGS_BLACKOUT,
GLNG,Golar Lng,finviz_prefilter,eps_growth;eps_next_year;earnings_window,,price_min;market_cap_min;avg_volume_min;revenue_growth;eps_growth;eps_next_year;operating_margin;earnings_window,False,"{'revenue_growth_yoy': 120.08000000000001, 'eps_growth_yoy': 9.4853, 'eps_next_year': -55.47, 'operating_margin': 41.449999999999996}",,Finviz via finvizfinance screener views,2026-08-11T23:30:24+02:00,2026-08-13,2,,PRE_EARNINGS_BLACKOUT,
GLPI,Gaming and Leisure Properties Inc,finviz_prefilter,revenue_growth;eps_next_year,,price_min;market_cap_min;avg_volume_min;revenue_growth;eps_growth;eps_next_year;operating_margin;earnings_window,False,"{'revenue_growth_yoy': 9.030000000000001, 'eps_growth_yoy': 46.54, 'eps_next_year': 3.27, 'operating_margin': 82.62}",,Finviz via finvizfinance screener views,2026-08-11T23:30:24+02:00,2026-07-30,,12,PEAD_WINDOW,
GLXY,Galaxy Digital Inc,finviz_prefilter,revenue_growth;eps_growth;operating_margin,,price_min;market_cap_min;avg_volume_min;revenue_growth;eps_growth;eps_next_year;operating_margin;earnings_window,False,"{'revenue_growth_yoy': -5.43, 'eps_growth_yoy': -1.9171, 'eps_next_year': 71.48, 'operating_margin': 0.62}",,Finviz via finvizfinance screener views,2026-08-11T23:30:24+02:00,2026-08-05,,6,PEAD_WINDOW,
GNTX,Gentex Corp,finviz_prefilter,revenue_growth;eps_growth;eps_next_year,,price_min;market_cap_min;avg_volume_min;revenue_growth;eps_growth;eps_next_year;operating_margin;earnings_window,False,"{'revenue_growth_yoy': -1.0, 'eps_growth_yoy': 25.53, 'eps_next_year': 6.1, 'operating_margin': 19.55}",,Finviz via finvizfinance screener views,2026-08-11T23:30:24+02:00,2026-07-24,,18,NORMAL,
GOOG,Alphabet Inc,finviz_prefilter,eps_growth;eps_next_year,,price_min;market_cap_min;avg_volume_min;revenue_growth;eps_growth;eps_next_year;operating_margin;earnings_window,False,"{'revenue_growth_yoy': 23.98, 'eps_growth_yoy': 2.9402, 'eps_next_year': -26.56, 'operating_margin': 33.96}",,Finviz via finvizfinance screener views,2026-08-11T23:30:24+02:00,2026-07-22,,20,NORMAL,
GOOGL,Alphabet Inc,finviz_prefilter,eps_growth;eps_next_year,,price_min;market_cap_min;avg_volume_min;revenue_growth;eps_growth;eps_next_year;operating_margin;earnings_window,False,"{'revenue_growth_yoy': 23.98, 'eps_growth_yoy': 2.9402, 'eps_next_year': -26.52, 'operating_margin': 33.96}",,Finviz via finvizfinance screener views,2026-08-11T23:30:24+02:00,2026-07-22,,20,NORMAL,
GSAT,Globalstar Inc,finviz_prefilter,revenue_growth;eps_growth;operating_margin,,price_min;market_cap_min;avg_volume_min;revenue_growth;eps_growth;eps_next_year;operating_margin;earnings_window,False,"{'revenue_growth_yoy': -3.54, 'eps_growth_yoy': -2.7438, 'eps_next_year': 72.21, 'operating_margin': 4.79}",,Finviz via finvizfinance screener views,2026-08-11T23:30:24+02:00,2026-08-06,,5,PEAD_WINDOW,
GTLB,Gitlab Inc,finviz_prefilter,operating_margin,,price_min;market_cap_min;avg_volume_min;revenue_growth;eps_growth;eps_next_year;operating_margin;earnings_window,False,"{'revenue_growth_yoy': 23.150000000000002, 'eps_growth_yoy': 86.57000000000001, 'eps_next_year': 25.2, 'operating_margin': -4.4799999999999995}",,Finviz via finvizfinance screener views,2026-08-11T23:30:24+02:00,2026-06-02,,70,NORMAL,"{'failed_gate': 'operating_margin', 'actual_value': -4.4799999999999995, 'applicable_threshold': 8.0, 'distance_to_threshold': 12.48, 'distance_to_threshold_pct': 156.0, 'formula': 'minimo: distance = threshold - actual; pct = distance / abs(threshold) * 100'}"
GTX,Garrett Motion Inc,finviz_prefilter,revenue_growth;eps_growth;eps_next_year,,price_min;market_cap_min;avg_volume_min;revenue_growth;eps_growth;eps_next_year;operating_margin;earnings_window,False,"{'revenue_growth_yoy': 6.9, 'eps_growth_yoy': 25.009999999999998, 'eps_next_year': 13.54, 'operating_margin': 14.81}",,Finviz via finvizfinance screener views,2026-08-11T23:30:24+02:00,2026-07-29,,13,PEAD_WINDOW,
HAS,Hasbro Inc,finviz_prefilter,revenue_growth;eps_next_year,,price_min;market_cap_min;avg_volume_min;revenue_growth;eps_growth;eps_next_year;operating_margin;earnings_window,False,"{'revenue_growth_yoy': 16.189999999999998, 'eps_growth_yoy': 118.42999999999999, 'eps_next_year': 5.86, 'operating_margin': 28.13}",,Finviz via finvizfinance screener views,2026-08-11T23:30:24+02:00,2026-07-21,,21,NORMAL,
HBAN,Huntington Bancshares Inc,finviz_prefilter,eps_growth,,price_min;market_cap_min;avg_volume_min;revenue_growth;eps_growth;eps_next_year;operating_margin;earnings_window,False,"{'revenue_growth_yoy': 38.019999999999996, 'eps_growth_yoy': -2.56, 'eps_next_year': 35.81, 'operating_margin': 20.51}",,Finviz via finvizfinance screener views,2026-08-11T23:30:24+02:00,2026-07-23,,19,NORMAL,"{'failed_gate': 'eps_growth', 'actual_value': -2.56, 'applicable_threshold': 30.0, 'distance_to_threshold': 32.56, 'distance_to_threshold_pct': 108.53333333333335, 'formula': 'minimo: distance = threshold - actual; pct = distance / abs(threshold) * 100'}"
HLNE,Hamilton Lane Inc,finviz_prefilter,eps_next_year,,price_min;market_cap_min;avg_volume_min;revenue_growth;eps_growth;eps_next_year;operating_margin;earnings_window,False,"{'revenue_growth_yoy': 56.48, 'eps_growth_yoy': 50.480000000000004, 'eps_next_year': 2.87, 'operating_margin': 54.620000000000005}",,Finviz via finvizfinance screener views,2026-08-11T23:30:24+02:00,2026-08-04,,7,PEAD_WINDOW,"{'failed_gate': 'eps_next_year', 'actual_value': 2.87, 'applicable_threshold': 15.0, 'distance_to_threshold': 12.129999999999999, 'distance_to_threshold_pct': 80.86666666666666, 'formula': 'minimo: distance = threshold - actual; pct = distance / abs(threshold) * 100'}"
HON,Honeywell International Inc,finviz_prefilter,revenue_growth;eps_growth,,price_min;market_cap_min;avg_volume_min;revenue_growth;eps_growth;eps_next_year;operating_margin;earnings_window,False,"{'revenue_growth_yoy': -6.12, 'eps_growth_yoy': 2.6401, 'eps_next_year': 20.8, 'operating_margin': 19.17}",,Finviz via finvizfinance screener views,2026-08-11T23:30:24+02:00,2026-07-23,,19,NORMAL,
HQY,Healthequity Inc,finviz_prefilter,revenue_growth,,price_min;market_cap_min;avg_volume_min;revenue_growth;eps_growth;eps_next_year;operating_margin;earnings_window,False,"{'revenue_growth_yoy': 7.13, 'eps_growth_yoy': 33.910000000000004, 'eps_next_year': 15.42, 'operating_margin': 25.95}",,Finviz via finvizfinance screener views,2026-08-11T23:30:24+02:00,2026-08-27,16,,NORMAL,"{'failed_gate': 'revenue_growth', 'actual_value': 7.13, 'applicable_threshold': 20.0, 'distance_to_threshold': 12.870000000000001, 'distance_to_threshold_pct': 64.35000000000001, 'formula': 'minimo: distance = threshold - actual; pct = distance / abs(threshold) * 100'}"
HRMY,Harmony Biosciences Holdings Inc,finviz_prefilter,revenue_growth;eps_growth;eps_next_year,,price_min;market_cap_min;avg_volume_min;revenue_growth;eps_growth;eps_next_year;operating_margin;earnings_window,False,"{'revenue_growth_yoy': 16.59, 'eps_growth_yoy': -28.999999999999996, 'eps_next_year': 9.1, 'operating_margin': 21.08}",,Finviz via finvizfinance screener views,2026-08-11T23:30:24+02:00,2026-08-04,,7,PEAD_WINDOW,
HSIC,Henry Schein Inc,finviz_prefilter,revenue_growth;eps_growth;eps_next_year;operating_margin,,price_min;market_cap_min;avg_volume_min;revenue_growth;eps_growth;eps_next_year;operating_margin;earnings_window,False,"{'revenue_growth_yoy': 6.7299999999999995, 'eps_growth_yoy': 17.18, 'eps_next_year': 11.46, 'operating_margin': 5.9799999999999995}",,Finviz via finvizfinance screener views,2026-08-11T23:30:24+02:00,2026-08-04,,7,PEAD_WINDOW,
HST,Host Hotels & Resorts Inc,finviz_prefilter,revenue_growth;eps_growth;eps_next_year,,price_min;market_cap_min;avg_volume_min;revenue_growth;eps_growth;eps_next_year;operating_margin;earnings_window,False,"{'revenue_growth_yoy': 3.4000000000000004, 'eps_growth_yoy': 8.32, 'eps_next_year': -22.46, 'operating_margin': 14.360000000000001}",,Finviz via finvizfinance screener views,2026-08-11T23:30:24+02:00,2026-08-05,,6,PEAD_WINDOW,
HTFL,Heartflow Inc,finviz_prefilter,eps_growth;operating_margin;earnings_window,,price_min;market_cap_min;avg_volume_min;revenue_growth;eps_growth;eps_next_year;operating_margin;earnings_window,False,"{'revenue_growth_yoy': 41.339999999999996, 'eps_growth_yoy': 19.77, 'eps_next_year': 43.67, 'operating_margin': -35.83}",,Finviz via finvizfinance screener views,2026-08-11T23:30:24+02:00,2026-08-13,2,,PRE_EARNINGS_BLACKOUT,
HUBG,Hub Group Inc,finviz_prefilter,revenue_growth;eps_growth;operating_margin,,price_min;market_cap_min;avg_volume_min;revenue_growth;eps_growth;eps_next_year;operating_margin;earnings_window,False,"{'revenue_growth_yoy': -5.3100000000000005, 'eps_growth_yoy': 22.21, 'eps_next_year': 41.01, 'operating_margin': 3.81}",,Finviz via finvizfinance screener views,2026-08-11T23:30:24+02:00,2026-04-23,,110,NORMAL,
HUT,Hut 8 Corp,finviz_prefilter,eps_growth;operating_margin,,price_min;market_cap_min;avg_volume_min;revenue_growth;eps_growth;eps_next_year;operating_margin;earnings_window,False,"{'revenue_growth_yoy': 81.44, 'eps_growth_yoy': -2.0787, 'eps_next_year': 23.97, 'operating_margin': -54.09}",,Finviz via finvizfinance screener views,2026-08-11T23:30:24+02:00,2026-08-04,,7,PEAD_WINDOW,
HWC,Hancock Whitney Corp,finviz_prefilter,revenue_growth;eps_growth;eps_next_year,,price_min;market_cap_min;avg_volume_min;revenue_growth;eps_growth;eps_next_year;operating_margin;earnings_window,False,"{'revenue_growth_yoy': 4.44, 'eps_growth_yoy': 18.14, 'eps_next_year': 12.25, 'operating_margin': 27.36}",,Finviz via finvizfinance screener views,2026-08-11T23:30:24+02:00,2026-07-21,,21,NORMAL,
ICHR,Ichor Holdings Ltd,finviz_prefilter,operating_margin,,price_min;market_cap_min;avg_volume_min;revenue_growth;eps_growth;eps_next_year;operating_margin;earnings_window,False,"{'revenue_growth_yoy': 22.68, 'eps_growth_yoy': 109.99000000000001, 'eps_next_year': 108.2, 'operating_margin': 1.06}",,Finviz via finvizfinance screener views,2026-08-11T23:30:24+02:00,2026-08-03,,8,PEAD_WINDOW,"{'failed_gate': 'operating_margin', 'actual_value': 1.06, 'applicable_threshold': 8.0, 'distance_to_threshold': 6.9399999999999995, 'distance_to_threshold_pct': 86.75, 'formula': 'minimo: distance = threshold - actual; pct = distance / abs(threshold) * 100'}"
ICLR,Icon Plc,finviz_prefilter,revenue_growth;eps_growth;eps_next_year,,price_min;market_cap_min;avg_volume_min;revenue_growth;eps_growth;eps_next_year;operating_margin;earnings_window,False,"{'revenue_growth_yoy': 1.2, 'eps_growth_yoy': -63.33, 'eps_next_year': 12.63, 'operating_margin': 10.14}",,Finviz via finvizfinance screener views,2026-08-11T23:30:24+02:00,2026-07-29,,13,PEAD_WINDOW,
IDYA,Ideaya Biosciences Inc,finviz_prefilter,eps_next_year;operating_margin,revenue_growth;eps_growth,price_min;market_cap_min;avg_volume_min;eps_next_year;operating_margin;earnings_window,False,"{'revenue_growth_yoy': None, 'eps_growth_yoy': -35.99, 'eps_next_year': 9.97, 'operating_margin': -81.44}",,Finviz via finvizfinance screener views,2026-08-11T23:30:24+02:00,2026-08-04,,7,PEAD_WINDOW,
ILMN,Illumina Inc,finviz_prefilter,revenue_growth;eps_growth;eps_next_year,,price_min;market_cap_min;avg_volume_min;revenue_growth;eps_growth;eps_next_year;operating_margin;earnings_window,False,"{'revenue_growth_yoy': 9.84, 'eps_growth_yoy': -9.610000000000001, 'eps_next_year': 13.53, 'operating_margin': 19.869999999999997}",,Finviz via finvizfinance screener views,2026-08-11T23:30:24+02:00,2026-07-30,,12,PEAD_WINDOW,
IMNM,Immunome Inc,finviz_prefilter,revenue_growth;eps_growth;eps_next_year;operating_margin,,price_min;market_cap_min;avg_volume_min;revenue_growth;eps_growth;eps_next_year;operating_margin;earnings_window,False,"{'revenue_growth_yoy': -100.0, 'eps_growth_yoy': 9.25, 'eps_next_year': -1.74, 'operating_margin': -56.9883}",,Finviz via finvizfinance screener views,2026-08-11T23:30:24+02:00,2026-05-12,,91,NORMAL,
INDV,Indivior Pharmaceuticals Inc,finviz_prefilter,revenue_growth;eps_growth;eps_next_year,,price_min;market_cap_min;avg_volume_min;revenue_growth;eps_growth;eps_next_year;operating_margin;earnings_window,False,"{'revenue_growth_yoy': 13.58, 'eps_growth_yoy': 5.8852, 'eps_next_year': 9.25, 'operating_margin': 39.94}",,Finviz via finvizfinance screener views,2026-08-11T23:30:24+02:00,2026-08-03,,8,PEAD_WINDOW,
INSM,Insmed Inc,finviz_prefilter,revenue_growth;operating_margin,,price_min;market_cap_min;avg_volume_min;revenue_growth;eps_growth;eps_next_year;operating_margin;earnings_window,False,"{'revenue_growth_yoy': 2.9611, 'eps_growth_yoy': 96.41999999999999, 'eps_next_year': 161.13, 'operating_margin': -71.43}",,Finviz via finvizfinance screener views,2026-08-11T23:30:24+02:00,2026-08-06,,5,PEAD_WINDOW,
INTA,Intapp Inc,finviz_prefilter,revenue_growth;eps_growth;operating_margin,,price_min;market_cap_min;avg_volume_min;revenue_growth;eps_growth;eps_next_year;operating_margin;earnings_window,False,"{'revenue_growth_yoy': 12.950000000000001, 'eps_growth_yoy': -10.0923, 'eps_next_year': 22.3, 'operating_margin': -6.2700000000000005}",,Finviz via finvizfinance screener views,2026-08-11T23:30:24+02:00,2026-08-04,,7,PEAD_WINDOW,
INTC,Intel Corp,finviz_prefilter,eps_growth,,price_min;market_cap_min;avg_volume_min;revenue_growth;eps_growth;eps_next_year;operating_margin;earnings_window,False,"{'revenue_growth_yoy': 25.419999999999998, 'eps_growth_yoy': -2.2364, 'eps_next_year': 36.27, 'operating_margin': 8.03}",,Finviz via finvizfinance screener views,2026-08-11T23:30:24+02:00,2026-07-23,,19,NORMAL,"{'failed_gate': 'eps_growth', 'actual_value': -2.2364, 'applicable_threshold': 30.0, 'distance_to_threshold': 32.2364, 'distance_to_threshold_pct': 107.45466666666668, 'formula': 'minimo: distance = threshold - actual; pct = distance / abs(threshold) * 100'}"
INTU,Intuit Inc,finviz_prefilter,revenue_growth;eps_growth,,price_min;market_cap_min;avg_volume_min;revenue_growth;eps_growth;eps_next_year;operating_margin;earnings_window,False,"{'revenue_growth_yoy': 10.37, 'eps_growth_yoy': 11.01, 'eps_next_year': 15.03, 'operating_margin': 27.47}",,Finviz via finvizfinance screener views,2026-08-11T23:30:24+02:00,2026-08-25,14,,NORMAL,
IONS,Ionis Pharmaceuticals Inc,finviz_prefilter,revenue_growth;eps_growth;operating_margin,,price_min;market_cap_min;avg_volume_min;revenue_growth;eps_growth;eps_next_year;operating_margin;earnings_window,False,"{'revenue_growth_yoy': -40.73, 'eps_growth_yoy': -2.0229, 'eps_next_year': 46.83, 'operating_margin': -68.08999999999999}",,Finviz via finvizfinance screener views,2026-08-11T23:30:24+02:00,2026-07-29,,13,PEAD_WINDOW,
IRDM,Iridium Communications Inc,finviz_prefilter,revenue_growth;eps_growth,,price_min;market_cap_min;avg_volume_min;revenue_growth;eps_growth;eps_next_year;operating_margin;earnings_window,False,"{'revenue_growth_yoy': 3.84, 'eps_growth_yoy': -56.08, 'eps_next_year': 41.72, 'operating_margin': 23.76}",,Finviz via finvizfinance screener views,2026-08-11T23:30:24+02:00,2026-07-22,,20,NORMAL,
IREN,IREN Ltd,finviz_prefilter,revenue_growth;eps_growth;operating_margin,,price_min;market_cap_min;avg_volume_min;revenue_growth;eps_growth;eps_next_year;operating_margin;earnings_window,False,"{'revenue_growth_yoy': 2.3, 'eps_growth_yoy': -8.0255, 'eps_next_year': 70.99, 'operating_margin': -29.82}",,Finviz via finvizfinance screener views,2026-08-11T23:30:24+02:00,2026-05-07,,96,NORMAL,
ISRG,Intuitive Surgical Inc,finviz_prefilter,revenue_growth;eps_growth;eps_next_year,,price_min;market_cap_min;avg_volume_min;revenue_growth;eps_growth;eps_next_year;operating_margin;earnings_window,False,"{'revenue_growth_yoy': 18.54, 'eps_growth_yoy': 26.619999999999997, 'eps_next_year': 11.88, 'operating_margin': 31.28}",,Finviz via finvizfinance screener views,2026-08-11T23:30:24+02:00,2026-07-16,,26,NORMAL,
ITRI,Itron Inc,finviz_prefilter,revenue_growth;eps_growth;eps_next_year,,price_min;market_cap_min;avg_volume_min;revenue_growth;eps_growth;eps_next_year;operating_margin;earnings_window,False,"{'revenue_growth_yoy': -7.23, 'eps_growth_yoy': -18.95, 'eps_next_year': 7.35, 'operating_margin': 13.87}",,Finviz via finvizfinance screener views,2026-08-11T23:30:24+02:00,2026-07-28,,14,PEAD_WINDOW,
JAZZ,Jazz Pharmaceuticals plc,finviz_prefilter,revenue_growth;eps_next_year,,price_min;market_cap_min;avg_volume_min;revenue_growth;eps_growth;eps_next_year;operating_margin;earnings_window,False,"{'revenue_growth_yoy': 15.55, 'eps_growth_yoy': 123.66, 'eps_next_year': 3.44, 'operating_margin': 20.76}",,Finviz via finvizfinance screener views,2026-08-11T23:30:24+02:00,2026-08-03,,8,PEAD_WINDOW,
JBHT,J.B. Hunt Transport Services Inc,finviz_prefilter,revenue_growth;operating_margin,,price_min;market_cap_min;avg_volume_min;revenue_growth;eps_growth;eps_next_year;operating_margin;earnings_window,False,"{'revenue_growth_yoy': 19.37, 'eps_growth_yoy': 45.25, 'eps_next_year': 29.59, 'operating_margin': 7.59}",,Finviz via finvizfinance screener views,2026-08-11T23:30:24+02:00,2026-07-15,,27,NORMAL,
JKHY,Jack Henry & Associates Inc,finviz_prefilter,revenue_growth;eps_growth;eps_next_year;earnings_window,,price_min;market_cap_min;avg_volume_min;revenue_growth;eps_growth;eps_next_year;operating_margin;earnings_window,False,"{'revenue_growth_yoy': 8.74, 'eps_growth_yoy': 12.2, 'eps_next_year': 6.06, 'operating_margin': 26.0}",,Finviz via finvizfinance screener views,2026-08-11T23:30:24+02:00,2026-08-18,7,,PRE_EARNINGS_BLACKOUT,
KDP,Keurig Dr Pepper Inc,finviz_prefilter,eps_growth;eps_next_year,,price_min;market_cap_min;avg_volume_min;revenue_growth;eps_growth;eps_next_year;operating_margin;earnings_window,False,"{'revenue_growth_yoy': 75.57000000000001, 'eps_growth_yoy': -89.03999999999999, 'eps_next_year': 10.6, 'operating_margin': 16.18}",,Finviz via finvizfinance screener views,2026-08-11T23:30:24+02:00,2026-08-06,,5,PEAD_WINDOW,
KHC,Kraft Heinz Co,finviz_prefilter,revenue_growth,,price_min;market_cap_min;avg_volume_min;revenue_growth;eps_growth;eps_next_year;operating_margin;earnings_window,False,"{'revenue_growth_yoy': -1.4200000000000002, 'eps_growth_yoy': 30.270000000000003, 'eps_next_year': 104.0, 'operating_margin': 17.119999999999997}",,Finviz via finvizfinance screener views,2026-08-11T23:30:24+02:00,2026-08-05,,6,PEAD_WINDOW,"{'failed_gate': 'revenue_growth', 'actual_value': -1.4200000000000002, 'applicable_threshold': 20.0, 'distance_to_threshold': 21.42, 'distance_to_threshold_pct': 107.10000000000002, 'formula': 'minimo: distance = threshold - actual; pct = distance / abs(threshold) * 100'}"
KLAC,KLA Corp,finviz_prefilter,revenue_growth;eps_growth,,price_min;market_cap_min;avg_volume_min;revenue_growth;eps_growth;eps_next_year;operating_margin;earnings_window,False,"{'revenue_growth_yoy': 15.18, 'eps_growth_yoy': 14.39, 'eps_next_year': 21.47, 'operating_margin': 41.68}",,Finviz via finvizfinance screener views,2026-08-11T23:30:24+02:00,2026-07-28,,14,PEAD_WINDOW,
KLIC,Kulicke & Soffa Industries Inc,finviz_prefilter,eps_growth,,price_min;market_cap_min;avg_volume_min;revenue_growth;eps_growth;eps_next_year;operating_margin;earnings_window,False,"{'revenue_growth_yoy': 122.63, 'eps_growth_yoy': 18.2212, 'eps_next_year': 49.87, 'operating_margin': 13.059999999999999}",,Finviz via finvizfinance screener views,2026-08-11T23:30:24+02:00,2026-08-05,,6,PEAD_WINDOW,"{'failed_gate': 'eps_growth', 'actual_value': 18.2212, 'applicable_threshold': 20.0, 'distance_to_threshold': 1.7788000000000004, 'distance_to_threshold_pct': 8.894000000000002, 'formula': 'minimo: distance = threshold - actual; pct = distance / abs(threshold) * 100'}"
KMB,Kimberly-Clark Corp,finviz_prefilter,revenue_growth;eps_growth;eps_next_year,,price_min;market_cap_min;avg_volume_min;revenue_growth;eps_growth;eps_next_year;operating_margin;earnings_window,False,"{'revenue_growth_yoy': -13.99, 'eps_growth_yoy': 17.32, 'eps_next_year': 9.0, 'operating_margin': 14.219999999999999}",,Finviz via finvizfinance screener views,2026-08-11T23:30:24+02:00,2026-08-04,,7,PEAD_WINDOW,
KTOS,Kratos Defense & Security Solutions Inc,finviz_prefilter,eps_growth;operating_margin,,price_min;market_cap_min;avg_volume_min;revenue_growth;eps_growth;eps_next_year;operating_margin;earnings_window,False,"{'revenue_growth_yoy': 30.53, 'eps_growth_yoy': 26.090000000000003, 'eps_next_year': 33.64, 'operating_margin': 1.6}",,Finviz via finvizfinance screener views,2026-08-11T23:30:24+02:00,2026-08-04,,7,PEAD_WINDOW,
KYMR,Kymera Therapeutics Inc,finviz_prefilter,revenue_growth;eps_next_year;operating_margin,,price_min;market_cap_min;avg_volume_min;revenue_growth;eps_growth;eps_next_year;operating_margin;earnings_window,False,"{'revenue_growth_yoy': 4.664, 'eps_growth_yoy': 34.53, 'eps_next_year': -30.68, 'operating_margin': -3.2983}",,Finviz via finvizfinance screener views,2026-08-11T23:30:24+02:00,2026-08-05,,6,PEAD_WINDOW,
LASR,nLIGHT Inc,finviz_prefilter,operating_margin,,price_min;market_cap_min;avg_volume_min;revenue_growth;eps_growth;eps_next_year;operating_margin;earnings_window,False,"{'revenue_growth_yoy': 33.78, 'eps_growth_yoy': 67.54, 'eps_next_year': 27.13, 'operating_margin': -4.62}",,Finviz via finvizfinance screener views,2026-08-11T23:30:24+02:00,2026-08-06,,5,PEAD_WINDOW,"{'failed_gate': 'operating_margin', 'actual_value': -4.62, 'applicable_threshold': 8.0, 'distance_to_threshold': 12.620000000000001, 'distance_to_threshold_pct': 157.75, 'formula': 'minimo: distance = threshold - actual; pct = distance / abs(threshold) * 100'}"
LAUR,Laureate Education Inc,finviz_prefilter,revenue_growth;eps_next_year,,price_min;market_cap_min;avg_volume_min;revenue_growth;eps_growth;eps_next_year;operating_margin;earnings_window,False,"{'revenue_growth_yoy': 17.5, 'eps_growth_yoy': 51.23, 'eps_next_year': 14.88, 'operating_margin': 24.42}",,Finviz via finvizfinance screener views,2026-08-11T23:30:24+02:00,2026-07-30,,12,PEAD_WINDOW,
LBRDK,Liberty Broadband Corp,finviz_prefilter,revenue_growth;eps_growth,operating_margin,price_min;market_cap_min;avg_volume_min;revenue_growth;eps_growth;eps_next_year;earnings_window,False,"{'revenue_growth_yoy': -100.0, 'eps_growth_yoy': -6.5483, 'eps_next_year': None, 'operating_margin': None}",,Finviz via finvizfinance screener views,2026-08-11T23:30:24+02:00,2026-08-06,,5,PEAD_WINDOW,
LFTO,Liftoff Mobile Inc,finviz_prefilter,eps_growth;earnings_window,,price_min;market_cap_min;avg_volume_min;revenue_growth;eps_growth;eps_next_year;operating_margin;earnings_window,False,"{'revenue_growth_yoy': 37.12, 'eps_growth_yoy': 11.7716, 'eps_next_year': None, 'operating_margin': 28.249999999999996}",,Finviz via finvizfinance screener views,2026-08-11T23:30:24+02:00,2026-08-12,1,,PRE_EARNINGS_BLACKOUT,
LGN,Legence Corp,finviz_prefilter,eps_growth;earnings_window,operating_margin,price_min;market_cap_min;avg_volume_min;revenue_growth;eps_growth;eps_next_year;earnings_window,False,"{'revenue_growth_yoy': 89.32, 'eps_growth_yoy': 1.8346, 'eps_next_year': 38.2, 'operating_margin': None}",,Finviz via finvizfinance screener views,2026-08-11T23:30:24+02:00,2026-08-13,2,,PRE_EARNINGS_BLACKOUT,
LIN,Linde Plc,finviz_prefilter,revenue_growth;eps_growth;eps_next_year,,price_min;market_cap_min;avg_volume_min;revenue_growth;eps_growth;eps_next_year;operating_margin;earnings_window,False,"{'revenue_growth_yoy': 9.35, 'eps_growth_yoy': 11.3, 'eps_next_year': 9.52, 'operating_margin': 27.1}",,Finviz via finvizfinance screener views,2026-08-11T23:30:24+02:00,2026-07-31,,11,PEAD_WINDOW,
LIND,Lindblad Expeditions Holdings Inc,finviz_prefilter,revenue_growth;operating_margin,,price_min;market_cap_min;avg_volume_min;revenue_growth;eps_growth;eps_next_year;operating_margin;earnings_window,False,"{'revenue_growth_yoy': 18.64, 'eps_growth_yoy': 87.94999999999999, 'eps_next_year': 176.35, 'operating_margin': 6.99}",,Finviz via finvizfinance screener views,2026-08-11T23:30:24+02:00,2026-08-03,,8,PEAD_WINDOW,
LINE,Lineage Inc,finviz_prefilter,revenue_growth;eps_growth;operating_margin,,price_min;market_cap_min;avg_volume_min;revenue_growth;eps_growth;eps_next_year;operating_margin;earnings_window,False,"{'revenue_growth_yoy': 0.8099999999999999, 'eps_growth_yoy': -3.855, 'eps_next_year': 30.02, 'operating_margin': 4.32}",,Finviz via finvizfinance screener views,2026-08-11T23:30:24+02:00,2026-08-05,,6,PEAD_WINDOW,
LITE,Lumentum Holdings Inc,finviz_prefilter,eps_growth;earnings_window,,price_min;market_cap_min;avg_volume_min;revenue_growth;eps_growth;eps_next_year;operating_margin;earnings_window,False,"{'revenue_growth_yoy': 90.12, 'eps_growth_yoy': 3.3276, 'eps_next_year': 125.89, 'operating_margin': 10.18}",,Finviz via finvizfinance screener views,2026-08-11T23:30:24+02:00,2026-08-11,0,,PRE_EARNINGS_BLACKOUT,
LKQ,LKQ Corp,finviz_prefilter,revenue_growth;eps_growth;operating_margin,,price_min;market_cap_min;avg_volume_min;revenue_growth;eps_growth;eps_next_year;operating_margin;earnings_window,False,"{'revenue_growth_yoy': -6.43, 'eps_growth_yoy': -27.63, 'eps_next_year': 15.2, 'operating_margin': 7.24}",,Finviz via finvizfinance screener views,2026-08-11T23:30:24+02:00,2026-07-30,,12,PEAD_WINDOW,
LNT,Alliant Energy Corp,finviz_prefilter,revenue_growth;eps_growth;eps_next_year,,price_min;market_cap_min;avg_volume_min;revenue_growth;eps_growth;eps_next_year;operating_margin;earnings_window,False,"{'revenue_growth_yoy': 1.04, 'eps_growth_yoy': -3.64, 'eps_next_year': 7.62, 'operating_margin': 22.1}",,Finviz via finvizfinance screener views,2026-08-11T23:30:24+02:00,2026-07-30,,12,PEAD_WINDOW,
LNTH,Lantheus Holdings Inc,finviz_prefilter,revenue_growth;eps_growth,,price_min;market_cap_min;avg_volume_min;revenue_growth;eps_growth;eps_next_year;operating_margin;earnings_window,False,"{'revenue_growth_yoy': 2.68, 'eps_growth_yoy': -0.79, 'eps_next_year': 17.79, 'operating_margin': 19.45}",,Finviz via finvizfinance screener views,2026-08-11T23:30:24+02:00,2026-08-06,,5,PEAD_WINDOW,
LOGI,Logitech International SA,finviz_prefilter,revenue_growth;eps_next_year,,price_min;market_cap_min;avg_volume_min;revenue_growth;eps_growth;eps_next_year;operating_margin;earnings_window,False,"{'revenue_growth_yoy': 6.93, 'eps_growth_yoy': 65.89, 'eps_next_year': 7.66, 'operating_margin': 18.14}",,Finviz via finvizfinance screener views,2026-08-11T23:30:24+02:00,2026-07-28,,14,PEAD_WINDOW,
LQDA,Liquidia Corp,finviz_prefilter,eps_growth;earnings_window,,price_min;market_cap_min;avg_volume_min;revenue_growth;eps_growth;eps_next_year;operating_margin;earnings_window,False,"{'revenue_growth_yoy': 41.5849, 'eps_growth_yoy': 2.1605, 'eps_next_year': 76.85, 'operating_margin': 15.809999999999999}",,Finviz via finvizfinance screener views,2026-08-11T23:30:24+02:00,2026-08-12,1,,PRE_EARNINGS_BLACKOUT,
LSCC,Lattice Semiconductor Corp,finviz_prefilter,eps_growth,,price_min;market_cap_min;avg_volume_min;revenue_growth;eps_growth;eps_next_year;operating_margin;earnings_window,False,"{'revenue_growth_yoy': 62.2, 'eps_growth_yoy': 5.5094, 'eps_next_year': 50.72, 'operating_margin': 8.469999999999999}",,Finviz via finvizfinance screener views,2026-08-11T23:30:24+02:00,2026-08-04,,7,PEAD_WINDOW,"{'failed_gate': 'eps_growth', 'actual_value': 5.5094, 'applicable_threshold': 20.0, 'distance_to_threshold': 14.4906, 'distance_to_threshold_pct': 72.453, 'formula': 'minimo: distance = threshold - actual; pct = distance / abs(threshold) * 100'}"
LULU,Lululemon Athletica Inc,finviz_prefilter,revenue_growth;eps_growth;eps_next_year,,price_min;market_cap_min;avg_volume_min;revenue_growth;eps_growth;eps_next_year;operating_margin;earnings_window,False,"{'revenue_growth_yoy': 4.26, 'eps_growth_yoy': -35.120000000000005, 'eps_next_year': 3.28, 'operating_margin': 18.47}",,Finviz via finvizfinance screener views,2026-08-11T23:30:24+02:00,2026-06-04,,68,NORMAL,
LUNR,Intuitive Machines Inc,finviz_prefilter,revenue_growth;eps_growth;operating_margin;earnings_window,,price_min;market_cap_min;avg_volume_min;revenue_growth;eps_growth;eps_next_year;operating_margin;earnings_window,False,"{'revenue_growth_yoy': 1.9865, 'eps_growth_yoy': -135.53, 'eps_next_year': 103.49, 'operating_margin': -25.61}",,Finviz via finvizfinance screener views,2026-08-11T23:30:24+02:00,2026-08-13,2,,PRE_EARNINGS_BLACKOUT,
LYFT,Lyft Inc,finviz_prefilter,revenue_growth;operating_margin,,price_min;market_cap_min;avg_volume_min;revenue_growth;eps_growth;eps_next_year;operating_margin;earnings_window,False,"{'revenue_growth_yoy': 16.08, 'eps_growth_yoy': 36.620000000000005, 'eps_next_year': 76.15, 'operating_margin': -1.67}",,Finviz via finvizfinance screener views,2026-08-11T23:30:24+02:00,2026-08-06,,5,PEAD_WINDOW,
MAR,Marriott International Inc,finviz_prefilter,revenue_growth;eps_growth;eps_next_year,,price_min;market_cap_min;avg_volume_min;revenue_growth;eps_growth;eps_next_year;operating_margin;earnings_window,False,"{'revenue_growth_yoy': 4.8500000000000005, 'eps_growth_yoy': 4.26, 'eps_next_year': 11.9, 'operating_margin': 15.73}",,Finviz via finvizfinance screener views,2026-08-11T23:30:24+02:00,2026-08-03,,8,PEAD_WINDOW,
MAT,Mattel Inc,finviz_prefilter,revenue_growth;eps_growth,,price_min;market_cap_min;avg_volume_min;revenue_growth;eps_growth;eps_next_year;operating_margin;earnings_window,False,"{'revenue_growth_yoy': 10.48, 'eps_growth_yoy': -138.44, 'eps_next_year': 21.45, 'operating_margin': 8.68}",,Finviz via finvizfinance screener views,2026-08-11T23:30:24+02:00,2026-08-04,,7,PEAD_WINDOW,
MCHP,Microchip Technology Inc,finviz_prefilter,eps_growth,,price_min;market_cap_min;avg_volume_min;revenue_growth;eps_growth;eps_next_year;operating_margin;earnings_window,False,"{'revenue_growth_yoy': 38.05, 'eps_growth_yoy': 5.2663, 'eps_next_year': 25.72, 'operating_margin': 16.23}",,Finviz via finvizfinance screener views,2026-08-11T23:30:24+02:00,2026-08-06,,5,PEAD_WINDOW,"{'failed_gate': 'eps_growth', 'actual_value': 5.2663, 'applicable_threshold': 30.0, 'distance_to_threshold': 24.7337, 'distance_to_threshold_pct': 82.44566666666667, 'formula': 'minimo: distance = threshold - actual; pct = distance / abs(threshold) * 100'}"
MDB,MongoDB Inc,finviz_prefilter,operating_margin,,price_min;market_cap_min;avg_volume_min;revenue_growth;eps_growth;eps_next_year;operating_margin;earnings_window,False,"{'revenue_growth_yoy': 25.25, 'eps_growth_yoy': 111.72, 'eps_next_year': 19.57, 'operating_margin': -4.18}",,Finviz via finvizfinance screener views,2026-08-11T23:30:24+02:00,2026-09-01,21,,NORMAL,"{'failed_gate': 'operating_margin', 'actual_value': -4.18, 'applicable_threshold': 8.0, 'distance_to_threshold': 12.18, 'distance_to_threshold_pct': 152.25, 'formula': 'minimo: distance = threshold - actual; pct = distance / abs(threshold) * 100'}"
MDLN,Medline Inc,finviz_prefilter,revenue_growth;eps_growth;eps_next_year;operating_margin,,price_min;market_cap_min;avg_volume_min;revenue_growth;eps_growth;eps_next_year;operating_margin;earnings_window,False,"{'revenue_growth_yoy': 11.600000000000001, 'eps_growth_yoy': -83.26, 'eps_next_year': 5.73, 'operating_margin': 6.5}",,Finviz via finvizfinance screener views,2026-08-11T23:30:24+02:00,2026-08-05,,6,PEAD_WINDOW,
MDLZ,Mondelez International Inc,finviz_prefilter,revenue_growth;eps_next_year,,price_min;market_cap_min;avg_volume_min;revenue_growth;eps_growth;eps_next_year;operating_margin;earnings_window,False,"{'revenue_growth_yoy': 4.130000000000001, 'eps_growth_yoy': 143.73, 'eps_next_year': 10.33, 'operating_margin': 15.840000000000002}",,Finviz via finvizfinance screener views,2026-08-11T23:30:24+02:00,2026-07-28,,14,PEAD_WINDOW,
MEOH,Methanex Corp,finviz_prefilter,eps_growth;eps_next_year,,price_min;market_cap_min;avg_volume_min;revenue_growth;eps_growth;eps_next_year;operating_margin;earnings_window,False,"{'revenue_growth_yoy': 75.17, 'eps_growth_yoy': 1.688, 'eps_next_year': -37.77, 'operating_margin': 17.37}",,Finviz via finvizfinance screener views,2026-08-11T23:30:24+02:00,2026-07-28,,14,PEAD_WINDOW,
META,Meta Platforms Inc,finviz_prefilter,eps_growth;eps_next_year,,price_min;market_cap_min;avg_volume_min;revenue_growth;eps_growth;eps_next_year;operating_margin;earnings_window,False,"{'revenue_growth_yoy': 27.96, 'eps_growth_yoy': -13.44, 'eps_next_year': 7.09, 'operating_margin': 38.080000000000005}",,Finviz via finvizfinance screener views,2026-08-11T23:30:24+02:00,2026-07-29,,13,PEAD_WINDOW,
MGNI,Magnite Inc,finviz_prefilter,revenue_growth,,price_min;market_cap_min;avg_volume_min;revenue_growth;eps_growth;eps_next_year;operating_margin;earnings_window,False,"{'revenue_growth_yoy': 11.24, 'eps_growth_yoy': 75.22999999999999, 'eps_next_year': 17.87, 'operating_margin': 15.65}",,Finviz via finvizfinance screener views,2026-08-11T23:30:24+02:00,2026-08-05,,6,PEAD_WINDOW,"{'failed_gate': 'revenue_growth', 'actual_value': 11.24, 'applicable_threshold': 20.0, 'distance_to_threshold': 8.76, 'distance_to_threshold_pct': 43.8, 'formula': 'minimo: distance = threshold - actual; pct = distance / abs(threshold) * 100'}"
MIRM,Mirum Pharmaceuticals Inc,finviz_prefilter,eps_growth;operating_margin,,price_min;market_cap_min;avg_volume_min;revenue_growth;eps_growth;eps_next_year;operating_margin;earnings_window,False,"{'revenue_growth_yoy': 37.92, 'eps_growth_yoy': -7.9975, 'eps_next_year': 94.96, 'operating_margin': -14.760000000000002}",,Finviz via finvizfinance screener views,2026-08-11T23:30:24+02:00,2026-08-05,,6,PEAD_WINDOW,
MKSI,MKS Inc,finviz_prefilter,eps_growth,,price_min;market_cap_min;avg_volume_min;revenue_growth;eps_growth;eps_next_year;operating_margin;earnings_window,False,"{'revenue_growth_yoy': 28.26, 'eps_growth_yoy': 1.6168, 'eps_next_year': 33.27, 'operating_margin': 16.72}",,Finviz via finvizfinance screener views,2026-08-11T23:30:24+02:00,2026-08-05,,6,PEAD_WINDOW,"{'failed_gate': 'eps_growth', 'actual_value': 1.6168, 'applicable_threshold': 30.0, 'distance_to_threshold': 28.3832, 'distance_to_threshold_pct': 94.61066666666666, 'formula': 'minimo: distance = threshold - actual; pct = distance / abs(threshold) * 100'}"
MKTX,MarketAxess Holdings Inc,finviz_prefilter,revenue_growth;eps_growth;eps_next_year,,price_min;market_cap_min;avg_volume_min;revenue_growth;eps_growth;eps_next_year;operating_margin;earnings_window,False,"{'revenue_growth_yoy': -2.75, 'eps_growth_yoy': 1.31, 'eps_next_year': 9.23, 'operating_margin': 40.28}",,Finviz via finvizfinance screener views,2026-08-11T23:30:24+02:00,2026-07-30,,12,PEAD_WINDOW,
MMED,MiniMed Group Inc,finviz_prefilter,eps_next_year,revenue_growth;eps_growth;operating_margin,price_min;market_cap_min;avg_volume_min;eps_next_year;earnings_window,False,"{'revenue_growth_yoy': None, 'eps_growth_yoy': None, 'eps_next_year': 4.61, 'operating_margin': None}",,Finviz via finvizfinance screener views,2026-08-11T23:30:24+02:00,2026-09-01,21,,NORMAL,"{'failed_gate': 'eps_next_year', 'actual_value': 4.61, 'applicable_threshold': 15.0, 'distance_to_threshold': 10.39, 'distance_to_threshold_pct': 69.26666666666667, 'formula': 'minimo: distance = threshold - actual; pct = distance / abs(threshold) * 100'}"
MMSI,Merit Medical Systems Inc,finviz_prefilter,revenue_growth;eps_growth;eps_next_year,,price_min;market_cap_min;avg_volume_min;revenue_growth;eps_growth;eps_next_year;operating_margin;earnings_window,False,"{'revenue_growth_yoy': 9.83, 'eps_growth_yoy': 20.3, 'eps_next_year': 7.19, 'operating_margin': 12.690000000000001}",,Finviz via finvizfinance screener views,2026-08-11T23:30:24+02:00,2026-07-30,,12,PEAD_WINDOW,
MMYT,MakeMyTrip Ltd,finviz_prefilter,revenue_growth;eps_growth,,price_min;market_cap_min;avg_volume_min;revenue_growth;eps_growth;eps_next_year;operating_margin;earnings_window,False,"{'revenue_growth_yoy': 6.22, 'eps_growth_yoy': -61.53999999999999, 'eps_next_year': 97.7, 'operating_margin': 14.95}",,Finviz via finvizfinance screener views,2026-08-11T23:30:24+02:00,2026-08-03,,8,PEAD_WINDOW,
MNDY,Monday.Com Ltd,finviz_prefilter,eps_growth;operating_margin,,price_min;market_cap_min;avg_volume_min;revenue_growth;eps_growth;eps_next_year;operating_margin;earnings_window,False,"{'revenue_growth_yoy': 21.94, 'eps_growth_yoy': 1.6373, 'eps_next_year': 22.27, 'operating_margin': 2.9000000000000004}",,Finviz via finvizfinance screener views,2026-08-11T23:30:24+02:00,2026-08-10,,1,PEAD_WINDOW,
MNST,Monster Beverage Corp,finviz_prefilter,eps_growth;eps_next_year,,price_min;market_cap_min;avg_volume_min;revenue_growth;eps_growth;eps_next_year;operating_margin;earnings_window,False,"{'revenue_growth_yoy': 20.169999999999998, 'eps_growth_yoy': 19.07, 'eps_next_year': 13.66, 'operating_margin': 29.160000000000004}",,Finviz via finvizfinance screener views,2026-08-11T23:30:24+02:00,2026-08-06,,5,PEAD_WINDOW,
MRNA,Moderna Inc,finviz_prefilter,revenue_growth;eps_growth;operating_margin,,price_min;market_cap_min;avg_volume_min;revenue_growth;eps_growth;eps_next_year;operating_margin;earnings_window,False,"{'revenue_growth_yoy': 2.11, 'eps_growth_yoy': 7.6, 'eps_next_year': 42.76, 'operating_margin': -149.01}",,Finviz via finvizfinance screener views,2026-08-11T23:30:24+02:00,2026-07-31,,11,PEAD_WINDOW,
MRVL,Marvell Technology Inc,finviz_prefilter,eps_growth,,price_min;market_cap_min;avg_volume_min;revenue_growth;eps_growth;eps_next_year;operating_margin;earnings_window,False,"{'revenue_growth_yoy': 27.57, 'eps_growth_yoy': -81.0, 'eps_next_year': 54.11, 'operating_margin': 16.41}",,Finviz via finvizfinance screener views,2026-08-11T23:30:24+02:00,2026-08-27,16,,NORMAL,"{'failed_gate': 'eps_growth', 'actual_value': -81.0, 'applicable_threshold': 30.0, 'distance_to_threshold': 111.0, 'distance_to_threshold_pct': 370.0, 'formula': 'minimo: distance = threshold - actual; pct = distance / abs(threshold) * 100'}"
MRX,Marex Group Ltd,finviz_prefilter,eps_next_year;earnings_window,,price_min;market_cap_min;avg_volume_min;revenue_growth;eps_growth;eps_next_year;operating_margin;earnings_window,False,"{'revenue_growth_yoy': 54.03, 'eps_growth_yoy': 38.66, 'eps_next_year': 12.85, 'operating_margin': 31.34}",,Finviz via finvizfinance screener views,2026-08-11T23:30:24+02:00,2026-08-12,1,,PRE_EARNINGS_BLACKOUT,
MSFT,Microsoft Corp,finviz_prefilter,revenue_growth,,price_min;market_cap_min;avg_volume_min;revenue_growth;eps_growth;eps_next_year;operating_margin;earnings_window,False,"{'revenue_growth_yoy': 17.75, 'eps_growth_yoy': 31.65, 'eps_next_year': 19.37, 'operating_margin': 46.78}",,Finviz via finvizfinance screener views,2026-08-11T23:30:24+02:00,2026-07-29,,13,PEAD_WINDOW,"{'failed_gate': 'revenue_growth', 'actual_value': 17.75, 'applicable_threshold': 20.0, 'distance_to_threshold': 2.25, 'distance_to_threshold_pct': 11.25, 'formula': 'minimo: distance = threshold - actual; pct = distance / abs(threshold) * 100'}"
MSTR,Strategy Inc,finviz_prefilter,revenue_growth;eps_growth;operating_margin,,price_min;market_cap_min;avg_volume_min;revenue_growth;eps_growth;eps_next_year;operating_margin;earnings_window,False,"{'revenue_growth_yoy': 6.88, 'eps_growth_yoy': -1.7502, 'eps_next_year': 137.18, 'operating_margin': -8.129999999999999}",,Finviz via finvizfinance screener views,2026-08-11T23:30:24+02:00,2026-07-30,,12,PEAD_WINDOW,
MTCH,Match Group Inc,finviz_prefilter,revenue_growth,,price_min;market_cap_min;avg_volume_min;revenue_growth;eps_growth;eps_next_year;operating_margin;earnings_window,False,"{'revenue_growth_yoy': -1.23, 'eps_growth_yoy': 43.47, 'eps_next_year': 17.42, 'operating_margin': 28.15}",,Finviz via finvizfinance screener views,2026-08-11T23:30:24+02:00,2026-08-04,,7,PEAD_WINDOW,"{'failed_gate': 'revenue_growth', 'actual_value': -1.23, 'applicable_threshold': 20.0, 'distance_to_threshold': 21.23, 'distance_to_threshold_pct': 106.15, 'formula': 'minimo: distance = threshold - actual; pct = distance / abs(threshold) * 100'}"
MTSI,MACOM Technology Solutions Holdings Inc,finviz_prefilter,eps_growth,,price_min;market_cap_min;avg_volume_min;revenue_growth;eps_growth;eps_next_year;operating_margin;earnings_window,False,"{'revenue_growth_yoy': 35.77, 'eps_growth_yoy': 1.6669, 'eps_next_year': 53.94, 'operating_margin': 18.11}",,Finviz via finvizfinance screener views,2026-08-11T23:30:24+02:00,2026-08-06,,5,PEAD_WINDOW,"{'failed_gate': 'eps_growth', 'actual_value': 1.6669, 'applicable_threshold': 30.0, 'distance_to_threshold': 28.3331, 'distance_to_threshold_pct': 94.44366666666667, 'formula': 'minimo: distance = threshold - actual; pct = distance / abs(threshold) * 100'}"
MU,Micron Technology Inc,finviz_prefilter,revenue_growth;eps_growth,,price_min;market_cap_min;avg_volume_min;revenue_growth;eps_growth;eps_next_year;operating_margin;earnings_window,False,"{'revenue_growth_yoy': 3.4572, 'eps_growth_yoy': 13.7209, 'eps_next_year': 111.06, 'operating_margin': 65.75}",,Finviz via finvizfinance screener views,2026-08-11T23:30:24+02:00,2026-06-24,,48,NORMAL,
MWH,SOLV Energy Inc,finviz_prefilter,earnings_window,revenue_growth;eps_growth;operating_margin,price_min;market_cap_min;avg_volume_min;eps_next_year;earnings_window,False,"{'revenue_growth_yoy': None, 'eps_growth_yoy': None, 'eps_next_year': 54.62, 'operating_margin': None}",,Finviz via finvizfinance screener views,2026-08-11T23:30:24+02:00,2026-08-13,2,,PRE_EARNINGS_BLACKOUT,"{'failed_gate': 'earnings_window', 'actual_value': 2, 'applicable_threshold': 7, 'distance_to_threshold': 3, 'distance_to_threshold_pct': None, 'days_to_exit_blackout': 3, 'formula': 'days_to_exit_blackout = days_to_earnings + 1 (giorni; nessuna %)'}"
MXL,MaxLinear Inc,finviz_prefilter,operating_margin,,price_min;market_cap_min;avg_volume_min;revenue_growth;eps_growth;eps_next_year;operating_margin;earnings_window,False,"{'revenue_growth_yoy': 55.169999999999995, 'eps_growth_yoy': 105.89999999999999, 'eps_next_year': 54.03, 'operating_margin': -11.600000000000001}",,Finviz via finvizfinance screener views,2026-08-11T23:30:24+02:00,2026-07-23,,19,NORMAL,"{'failed_gate': 'operating_margin', 'actual_value': -11.600000000000001, 'applicable_threshold': 8.0, 'distance_to_threshold': 19.6, 'distance_to_threshold_pct': 245.00000000000003, 'formula': 'minimo: distance = threshold - actual; pct = distance / abs(threshold) * 100'}"
NAMS,NewAmsterdam Pharma Company NV,finviz_prefilter,revenue_growth;eps_growth;operating_margin,,price_min;market_cap_min;avg_volume_min;revenue_growth;eps_growth;eps_next_year;operating_margin;earnings_window,False,"{'revenue_growth_yoy': -80.67, 'eps_growth_yoy': -2.5488, 'eps_next_year': 17.44, 'operating_margin': -34.322}",,Finviz via finvizfinance screener views,2026-08-11T23:30:24+02:00,2026-08-05,,6,PEAD_WINDOW,
NAVN,Navan Inc,finviz_prefilter,operating_margin,,price_min;market_cap_min;avg_volume_min;revenue_growth;eps_growth;eps_next_year;operating_margin;earnings_window,False,"{'revenue_growth_yoy': 39.86, 'eps_growth_yoy': 66.82000000000001, 'eps_next_year': 51.81, 'operating_margin': -24.89}",,Finviz via finvizfinance screener views,2026-08-11T23:30:24+02:00,2026-06-10,,62,NORMAL,"{'failed_gate': 'operating_margin', 'actual_value': -24.89, 'applicable_threshold': 8.0, 'distance_to_threshold': 32.89, 'distance_to_threshold_pct': 411.125, 'formula': 'minimo: distance = threshold - actual; pct = distance / abs(threshold) * 100'}"
NBIS,Nebius Group NV,finviz_prefilter,revenue_growth;eps_growth;eps_next_year;operating_margin;earnings_window,,price_min;market_cap_min;avg_volume_min;revenue_growth;eps_growth;eps_next_year;operating_margin;earnings_window,False,"{'revenue_growth_yoy': 6.2152, 'eps_growth_yoy': 5.214, 'eps_next_year': -32.26, 'operating_margin': -68.78999999999999}",,Finviz via finvizfinance screener views,2026-08-11T23:30:24+02:00,2026-08-12,1,,PRE_EARNINGS_BLACKOUT,
NCNO,Ncino Inc,finviz_prefilter,revenue_growth;eps_growth;operating_margin,,price_min;market_cap_min;avg_volume_min;revenue_growth;eps_growth;eps_next_year;operating_margin;earnings_window,False,"{'revenue_growth_yoy': 10.6, 'eps_growth_yoy': 1.6122, 'eps_next_year': 17.26, 'operating_margin': 7.000000000000001}",,Finviz via finvizfinance screener views,2026-08-11T23:30:24+02:00,2026-05-27,,76,NORMAL,
NDAQ,Nasdaq Inc,finviz_prefilter,eps_growth;eps_next_year,,price_min;market_cap_min;avg_volume_min;revenue_growth;eps_growth;eps_next_year;operating_margin;earnings_window,False,"{'revenue_growth_yoy': 21.15, 'eps_growth_yoy': 14.38, 'eps_next_year': 12.96, 'operating_margin': 30.78}",,Finviz via finvizfinance screener views,2026-08-11T23:30:24+02:00,2026-07-23,,19,NORMAL,
NEO,Neogenomics Inc,finviz_prefilter,revenue_growth;operating_margin,,price_min;market_cap_min;avg_volume_min;revenue_growth;eps_growth;eps_next_year;operating_margin;earnings_window,False,"{'revenue_growth_yoy': 11.21, 'eps_growth_yoy': 104.85, 'eps_next_year': 85.08, 'operating_margin': -7.03}",,Finviz via finvizfinance screener views,2026-08-11T23:30:24+02:00,2026-07-28,,14,PEAD_WINDOW,
NESR,National Energy Services Reunited Corp,finviz_prefilter,eps_growth,,price_min;market_cap_min;avg_volume_min;revenue_growth;eps_growth;eps_next_year;operating_margin;earnings_window,False,"{'revenue_growth_yoy': 59.07, 'eps_growth_yoy': 1.7386, 'eps_next_year': 58.48, 'operating_margin': 9.34}",,Finviz via finvizfinance screener views,2026-08-11T23:30:24+02:00,2026-08-10,,1,PEAD_WINDOW,"{'failed_gate': 'eps_growth', 'actual_value': 1.7386, 'applicable_threshold': 20.0, 'distance_to_threshold': 18.261400000000002, 'distance_to_threshold_pct': 91.307, 'formula': 'minimo: distance = threshold - actual; pct = distance / abs(threshold) * 100'}"
NFLX,Netflix Inc,finviz_prefilter,revenue_growth;eps_growth;eps_next_year,,price_min;market_cap_min;avg_volume_min;revenue_growth;eps_growth;eps_next_year;operating_margin;earnings_window,False,"{'revenue_growth_yoy': 13.41, 'eps_growth_yoy': 11.06, 'eps_next_year': 6.04, 'operating_margin': 30.25}",,Finviz via finvizfinance screener views,2026-08-11T23:30:24+02:00,2026-07-16,,26,NORMAL,
NKTR,Nektar Therapeutics,finviz_prefilter,revenue_growth;eps_next_year;operating_margin;earnings_window,,price_min;market_cap_min;avg_volume_min;revenue_growth;eps_growth;eps_next_year;operating_margin;earnings_window,False,"{'revenue_growth_yoy': 3.83, 'eps_growth_yoy': 49.830000000000005, 'eps_next_year': -20.31, 'operating_margin': -2.2408}",,Finviz via finvizfinance screener views,2026-08-11T23:30:24+02:00,2026-08-13,2,,PRE_EARNINGS_BLACKOUT,
NN,NextNav Inc,finviz_prefilter,revenue_growth;eps_next_year;operating_margin;earnings_window,,price_min;market_cap_min;avg_volume_min;revenue_growth;eps_growth;eps_next_year;operating_margin;earnings_window,False,"{'revenue_growth_yoy': -35.35, 'eps_growth_yoy': 73.32, 'eps_next_year': -11.58, 'operating_margin': -18.0122}",,Finviz via finvizfinance screener views,2026-08-11T23:30:24+02:00,2026-08-11,0,,PRE_EARNINGS_BLACKOUT,
NRIX,Nurix Therapeutics Inc,finviz_prefilter,revenue_growth;eps_growth;operating_margin,,price_min;market_cap_min;avg_volume_min;revenue_growth;eps_growth;eps_next_year;operating_margin;earnings_window,False,"{'revenue_growth_yoy': -79.47, 'eps_growth_yoy': -55.54, 'eps_next_year': 26.0, 'operating_margin': -9.8237}",,Finviz via finvizfinance screener views,2026-08-11T23:30:24+02:00,2026-07-09,,33,NORMAL,
NTAP,Netapp Inc,finviz_prefilter,revenue_growth;eps_growth;eps_next_year,,price_min;market_cap_min;avg_volume_min;revenue_growth;eps_growth;eps_next_year;operating_margin;earnings_window,False,"{'revenue_growth_yoy': 12.46, 'eps_growth_yoy': 23.01, 'eps_next_year': 10.89, 'operating_margin': 24.45}",,Finviz via finvizfinance screener views,2026-08-11T23:30:24+02:00,2026-09-02,22,,NORMAL,
NTNX,Nutanix Inc,finviz_prefilter,revenue_growth;eps_growth;eps_next_year,,price_min;market_cap_min;avg_volume_min;revenue_growth;eps_growth;eps_next_year;operating_margin;earnings_window,False,"{'revenue_growth_yoy': 10.03, 'eps_growth_yoy': 19.25, 'eps_next_year': 13.62, 'operating_margin': 8.74}",,Finviz via finvizfinance screener views,2026-08-11T23:30:24+02:00,2026-08-26,15,,NORMAL,
NTRA,Natera Inc,finviz_prefilter,operating_margin,,price_min;market_cap_min;avg_volume_min;revenue_growth;eps_growth;eps_next_year;operating_margin;earnings_window,False,"{'revenue_growth_yoy': 37.71, 'eps_growth_yoy': 36.85, 'eps_next_year': 89.02, 'operating_margin': -10.56}",,Finviz via finvizfinance screener views,2026-08-11T23:30:24+02:00,2026-08-06,,5,PEAD_WINDOW,"{'failed_gate': 'operating_margin', 'actual_value': -10.56, 'applicable_threshold': 8.0, 'distance_to_threshold': 18.560000000000002, 'distance_to_threshold_pct': 232.00000000000003, 'formula': 'minimo: distance = threshold - actual; pct = distance / abs(threshold) * 100'}"
NTRS,Northern Trust Corp,finviz_prefilter,revenue_growth;eps_next_year,,price_min;market_cap_min;avg_volume_min;revenue_growth;eps_growth;eps_next_year;operating_margin;earnings_window,False,"{'revenue_growth_yoy': 17.18, 'eps_growth_yoy': 98.21, 'eps_next_year': 9.29, 'operating_margin': 13.389999999999999}",,Finviz via finvizfinance screener views,2026-08-11T23:30:24+02:00,2026-07-22,,20,NORMAL,
NTSK,Netskope Inc,finviz_prefilter,eps_growth;operating_margin,,price_min;market_cap_min;avg_volume_min;revenue_growth;eps_growth;eps_next_year;operating_margin;earnings_window,False,"{'revenue_growth_yoy': 27.800000000000004, 'eps_growth_yoy': -40.26, 'eps_next_year': 111.94, 'operating_margin': -95.1}",,Finviz via finvizfinance screener views,2026-08-11T23:30:24+02:00,2026-09-02,22,,NORMAL,
NVCR,NovoCure Ltd,finviz_prefilter,revenue_growth;operating_margin,,price_min;market_cap_min;avg_volume_min;revenue_growth;eps_growth;eps_next_year;operating_margin;earnings_window,False,"{'revenue_growth_yoy': 15.6, 'eps_growth_yoy': 62.480000000000004, 'eps_next_year': 34.73, 'operating_margin': -22.08}",,Finviz via finvizfinance screener views,2026-08-11T23:30:24+02:00,2026-07-23,,19,NORMAL,
NVDA,NVIDIA Corp,finviz_prefilter,eps_growth,,price_min;market_cap_min;avg_volume_min;revenue_growth;eps_growth;eps_next_year;operating_margin;earnings_window,False,"{'revenue_growth_yoy': 85.22999999999999, 'eps_growth_yoy': 2.1342, 'eps_next_year': 42.0, 'operating_margin': 64.02}",,Finviz via finvizfinance screener views,2026-08-11T23:30:24+02:00,2026-08-26,15,,NORMAL,"{'failed_gate': 'eps_growth', 'actual_value': 2.1342, 'applicable_threshold': 20.0, 'distance_to_threshold': 17.8658, 'distance_to_threshold_pct': 89.32900000000001, 'formula': 'minimo: distance = threshold - actual; pct = distance / abs(threshold) * 100'}"
NWBI,Northwest Bancshares Inc,finviz_prefilter,revenue_growth;eps_next_year,,price_min;market_cap_min;avg_volume_min;revenue_growth;eps_growth;eps_next_year;operating_margin;earnings_window,False,"{'revenue_growth_yoy': 18.310000000000002, 'eps_growth_yoy': 38.519999999999996, 'eps_next_year': 2.93, 'operating_margin': 25.03}",,Finviz via finvizfinance screener views,2026-08-11T23:30:24+02:00,2026-07-27,,15,PEAD_WINDOW,
NWS,News Corp,finviz_prefilter,revenue_growth;eps_growth,,price_min;market_cap_min;avg_volume_min;revenue_growth;eps_growth;eps_next_year;operating_margin;earnings_window,False,"{'revenue_growth_yoy': 10.81, 'eps_growth_yoy': 5.8653, 'eps_next_year': 16.08, 'operating_margin': 12.64}",,Finviz via finvizfinance screener views,2026-08-11T23:30:24+02:00,2026-08-05,,6,PEAD_WINDOW,
NWSA,News Corp,finviz_prefilter,revenue_growth;eps_growth,,price_min;market_cap_min;avg_volume_min;revenue_growth;eps_growth;eps_next_year;operating_margin;earnings_window,False,"{'revenue_growth_yoy': 10.81, 'eps_growth_yoy': 5.8653, 'eps_next_year': 16.08, 'operating_margin': 12.64}",,Finviz via finvizfinance screener views,2026-08-11T23:30:24+02:00,2026-08-05,,6,PEAD_WINDOW,
NXPI,NXP Semiconductors NV,finviz_prefilter,revenue_growth,,price_min;market_cap_min;avg_volume_min;revenue_growth;eps_growth;eps_next_year;operating_margin;earnings_window,False,"{'revenue_growth_yoy': 19.48, 'eps_growth_yoy': 72.23, 'eps_next_year': 20.53, 'operating_margin': 28.7}",,Finviz via finvizfinance screener views,2026-08-11T23:30:24+02:00,2026-07-28,,14,PEAD_WINDOW,"{'failed_gate': 'revenue_growth', 'actual_value': 19.48, 'applicable_threshold': 20.0, 'distance_to_threshold': 0.5199999999999996, 'distance_to_threshold_pct': 2.599999999999998, 'formula': 'minimo: distance = threshold - actual; pct = distance / abs(threshold) * 100'}"
NXT,Nextpower Inc,finviz_prefilter,revenue_growth;eps_growth,,price_min;market_cap_min;avg_volume_min;revenue_growth;eps_growth;eps_next_year;operating_margin;earnings_window,False,"{'revenue_growth_yoy': 8.21, 'eps_growth_yoy': 2.32, 'eps_next_year': 21.74, 'operating_margin': 19.7}",,Finviz via finvizfinance screener views,2026-08-11T23:30:24+02:00,2026-07-30,,12,PEAD_WINDOW,
OCTV,Octave Intelligence Plc,finviz_prefilter,eps_next_year;earnings_window,revenue_growth;eps_growth;operating_margin,price_min;market_cap_min;avg_volume_min;eps_next_year;earnings_window,False,"{'revenue_growth_yoy': None, 'eps_growth_yoy': None, 'eps_next_year': 4.43, 'operating_margin': None}",,Finviz via finvizfinance screener views,2026-08-11T23:30:24+02:00,2026-08-12,1,,PRE_EARNINGS_BLACKOUT,
ODFL,Old Dominion Freight Line Inc,finviz_prefilter,revenue_growth;eps_next_year,,price_min;market_cap_min;avg_volume_min;revenue_growth;eps_growth;eps_next_year;operating_margin;earnings_window,False,"{'revenue_growth_yoy': 10.39, 'eps_growth_yoy': 32.68, 'eps_next_year': 14.2, 'operating_margin': 25.990000000000002}",,Finviz via finvizfinance screener views,2026-08-11T23:30:24+02:00,2026-07-29,,13,PEAD_WINDOW,
OKTA,Okta Inc,finviz_prefilter,revenue_growth;eps_growth;eps_next_year;operating_margin,,price_min;market_cap_min;avg_volume_min;revenue_growth;eps_growth;eps_next_year;operating_margin;earnings_window,False,"{'revenue_growth_yoy': 11.19, 'eps_growth_yoy': 20.1, 'eps_next_year': 10.81, 'operating_margin': 5.67}",,Finviz via finvizfinance screener views,2026-08-11T23:30:24+02:00,2026-08-26,15,,NORMAL,
OLED,Universal Display Corp,finviz_prefilter,revenue_growth;eps_growth;eps_next_year,,price_min;market_cap_min;avg_volume_min;revenue_growth;eps_growth;eps_next_year;operating_margin;earnings_window,False,"{'revenue_growth_yoy': -11.43, 'eps_growth_yoy': -24.92, 'eps_next_year': 12.86, 'operating_margin': 34.4}",,Finviz via finvizfinance screener views,2026-08-11T23:30:24+02:00,2026-07-30,,12,PEAD_WINDOW,
OLLI,Ollies Bargain Outlet Holdings Inc,finviz_prefilter,revenue_growth;eps_growth;eps_next_year,,price_min;market_cap_min;avg_volume_min;revenue_growth;eps_growth;eps_next_year;operating_margin;earnings_window,False,"{'revenue_growth_yoy': 14.249999999999998, 'eps_growth_yoy': 19.79, 'eps_next_year': 13.39, 'operating_margin': 12.31}",,Finviz via finvizfinance screener views,2026-08-11T23:30:24+02:00,2026-06-03,,69,NORMAL,
ON,ON Semiconductor Corp,finviz_prefilter,revenue_growth,,price_min;market_cap_min;avg_volume_min;revenue_growth;eps_growth;eps_next_year;operating_margin;earnings_window,False,"{'revenue_growth_yoy': 9.180000000000001, 'eps_growth_yoy': 36.51, 'eps_next_year': 41.68, 'operating_margin': 18.16}",,Finviz via finvizfinance screener views,2026-08-11T23:30:24+02:00,2026-08-03,,8,PEAD_WINDOW,"{'failed_gate': 'revenue_growth', 'actual_value': 9.180000000000001, 'applicable_threshold': 20.0, 'distance_to_threshold': 10.819999999999999, 'distance_to_threshold_pct': 54.099999999999994, 'formula': 'minimo: distance = threshold - actual; pct = distance / abs(threshold) * 100'}"
ONB,Old National Bancorp,finviz_prefilter,revenue_growth;eps_next_year,,price_min;market_cap_min;avg_volume_min;revenue_growth;eps_growth;eps_next_year;operating_margin;earnings_window,False,"{'revenue_growth_yoy': 9.55, 'eps_growth_yoy': 93.78, 'eps_next_year': 10.92, 'operating_margin': 30.14}",,Finviz via finvizfinance screener views,2026-08-11T23:30:24+02:00,2026-07-22,,20,NORMAL,
OPCH,Option Care Health Inc,finviz_prefilter,revenue_growth;eps_growth;eps_next_year;operating_margin,,price_min;market_cap_min;avg_volume_min;revenue_growth;eps_growth;eps_next_year;operating_margin;earnings_window,False,"{'revenue_growth_yoy': 1.8599999999999999, 'eps_growth_yoy': 14.13, 'eps_next_year': 10.83, 'operating_margin': 5.86}",,Finviz via finvizfinance screener views,2026-08-11T23:30:24+02:00,2026-07-29,,13,PEAD_WINDOW,
ORLY,O'Reilly Automotive Inc,finviz_prefilter,revenue_growth;eps_growth;eps_next_year,,price_min;market_cap_min;avg_volume_min;revenue_growth;eps_growth;eps_next_year;operating_margin;earnings_window,False,"{'revenue_growth_yoy': 8.110000000000001, 'eps_growth_yoy': 10.77, 'eps_next_year': 11.31, 'operating_margin': 19.56}",,Finviz via finvizfinance screener views,2026-08-11T23:30:24+02:00,2026-07-29,,13,PEAD_WINDOW,
OSW,OneSpaWorld Holdings Limited,finviz_prefilter,revenue_growth;eps_growth;eps_next_year,,price_min;market_cap_min;avg_volume_min;revenue_growth;eps_growth;eps_next_year;operating_margin;earnings_window,False,"{'revenue_growth_yoy': 8.52, 'eps_growth_yoy': 17.72, 'eps_next_year': 13.49, 'operating_margin': 9.5}",,Finviz via finvizfinance screener views,2026-08-11T23:30:24+02:00,2026-07-29,,13,PEAD_WINDOW,
OTEX,Open Text Corp,finviz_prefilter,revenue_growth;eps_growth;eps_next_year,,price_min;market_cap_min;avg_volume_min;revenue_growth;eps_growth;eps_next_year;operating_margin;earnings_window,False,"{'revenue_growth_yoy': 2.94, 'eps_growth_yoy': 4.7337, 'eps_next_year': 7.84, 'operating_margin': 23.169999999999998}",,Finviz via finvizfinance screener views,2026-08-11T23:30:24+02:00,2026-08-06,,5,PEAD_WINDOW,
OUST,Ouster Inc,finviz_prefilter,operating_margin,,price_min;market_cap_min;avg_volume_min;revenue_growth;eps_growth;eps_next_year;operating_margin;earnings_window,False,"{'revenue_growth_yoy': 55.86, 'eps_growth_yoy': 27.46, 'eps_next_year': 71.56, 'operating_margin': -34.410000000000004}",,Finviz via finvizfinance screener views,2026-08-11T23:30:24+02:00,2026-08-06,,5,PEAD_WINDOW,"{'failed_gate': 'operating_margin', 'actual_value': -34.410000000000004, 'applicable_threshold': 8.0, 'distance_to_threshold': 42.410000000000004, 'distance_to_threshold_pct': 530.125, 'formula': 'minimo: distance = threshold - actual; pct = distance / abs(threshold) * 100'}"
OZK,Bank OZK,finviz_prefilter,revenue_growth;eps_growth;eps_next_year,,price_min;market_cap_min;avg_volume_min;revenue_growth;eps_growth;eps_next_year;operating_margin;earnings_window,False,"{'revenue_growth_yoy': -3.82, 'eps_growth_yoy': -5.72, 'eps_next_year': 4.66, 'operating_margin': 32.35}",,Finviz via finvizfinance screener views,2026-08-11T23:30:24+02:00,2026-07-21,,21,NORMAL,
PAA,Plains All American Pipeline LP,finviz_prefilter,eps_growth;eps_next_year;operating_margin,,price_min;market_cap_min;avg_volume_min;revenue_growth;eps_growth;eps_next_year;operating_margin;earnings_window,False,"{'revenue_growth_yoy': 65.47, 'eps_growth_yoy': 9.8111, 'eps_next_year': 6.34, 'operating_margin': 2.78}",,Finviz via finvizfinance screener views,2026-08-11T23:30:24+02:00,2026-08-07,,4,PEAD_WINDOW,
PAGP,Plains GP Holdings LP,finviz_prefilter,eps_growth;operating_margin,,price_min;market_cap_min;avg_volume_min;revenue_growth;eps_growth;eps_next_year;operating_margin;earnings_window,False,"{'revenue_growth_yoy': 65.63, 'eps_growth_yoy': 11.9677, 'eps_next_year': 17.6, 'operating_margin': 2.8000000000000003}",,Finviz via finvizfinance screener views,2026-08-11T23:30:24+02:00,2026-08-07,,4,PEAD_WINDOW,
PANW,Palo Alto Networks Inc,finviz_prefilter,eps_growth;eps_next_year;operating_margin,,price_min;market_cap_min;avg_volume_min;revenue_growth;eps_growth;eps_next_year;operating_margin;earnings_window,False,"{'revenue_growth_yoy': 31.15, 'eps_growth_yoy': -1.5965, 'eps_next_year': 8.97, 'operating_margin': 7.39}",,Finviz via finvizfinance screener views,2026-08-11T23:30:24+02:00,2026-09-01,21,,NORMAL,
PAYX,Paychex Inc,finviz_prefilter,revenue_growth;eps_next_year,,price_min;market_cap_min;avg_volume_min;revenue_growth;eps_growth;eps_next_year;operating_margin;earnings_window,False,"{'revenue_growth_yoy': 12.49, 'eps_growth_yoy': 43.14, 'eps_next_year': 7.4, 'operating_margin': 45.08}",,Finviz via finvizfinance screener views,2026-08-11T23:30:24+02:00,2026-06-24,,48,NORMAL,
PCAR,Paccar Inc,finviz_prefilter,revenue_growth;eps_growth,,price_min;market_cap_min;avg_volume_min;revenue_growth;eps_growth;eps_next_year;operating_margin;earnings_window,False,"{'revenue_growth_yoy': 0.5499999999999999, 'eps_growth_yoy': 3.7199999999999998, 'eps_next_year': 20.28, 'operating_margin': 10.37}",,Finviz via finvizfinance screener views,2026-08-11T23:30:24+02:00,2026-07-28,,14,PEAD_WINDOW,
PCTY,Paylocity Holding Corp,finviz_prefilter,revenue_growth;eps_growth;eps_next_year,,price_min;market_cap_min;avg_volume_min;revenue_growth;eps_growth;eps_next_year;operating_margin;earnings_window,False,"{'revenue_growth_yoy': 10.979999999999999, 'eps_growth_yoy': 29.34, 'eps_next_year': 9.69, 'operating_margin': 22.14}",,Finviz via finvizfinance screener views,2026-08-11T23:30:24+02:00,2026-08-04,,7,PEAD_WINDOW,
PDFS,PDF Solutions Inc,finviz_prefilter,revenue_growth;eps_growth,,price_min;market_cap_min;avg_volume_min;revenue_growth;eps_growth;eps_next_year;operating_margin;earnings_window,False,"{'revenue_growth_yoy': 18.95, 'eps_growth_yoy': 2.5, 'eps_next_year': 26.23, 'operating_margin': 8.15}",,Finviz via finvizfinance screener views,2026-08-11T23:30:24+02:00,2026-08-06,,5,PEAD_WINDOW,
PECO,Phillips Edison & Company Inc,finviz_prefilter,revenue_growth;eps_growth;eps_next_year,,price_min;market_cap_min;avg_volume_min;revenue_growth;eps_growth;eps_next_year;operating_margin;earnings_window,False,"{'revenue_growth_yoy': 6.550000000000001, 'eps_growth_yoy': 2.5337, 'eps_next_year': 5.38, 'operating_margin': 28.910000000000004}",,Finviz via finvizfinance screener views,2026-08-11T23:30:24+02:00,2026-07-23,,19,NORMAL,
PEGA,Pegasystems Inc,finviz_prefilter,revenue_growth;eps_growth;eps_next_year,,price_min;market_cap_min;avg_volume_min;revenue_growth;eps_growth;eps_next_year;operating_margin;earnings_window,False,"{'revenue_growth_yoy': 9.42, 'eps_growth_yoy': -53.0, 'eps_next_year': 7.83, 'operating_margin': 11.32}",,Finviz via finvizfinance screener views,2026-08-11T23:30:24+02:00,2026-07-21,,21,NORMAL,
PENN,PENN Entertainment Inc,finviz_prefilter,revenue_growth;eps_growth;operating_margin,,price_min;market_cap_min;avg_volume_min;revenue_growth;eps_growth;eps_next_year;operating_margin;earnings_window,False,"{'revenue_growth_yoy': 5.24, 'eps_growth_yoy': 3.0856, 'eps_next_year': 75.83, 'operating_margin': 6.03}",,Finviz via finvizfinance screener views,2026-08-11T23:30:24+02:00,2026-08-06,,5,PEAD_WINDOW,
PEP,PepsiCo Inc,finviz_prefilter,revenue_growth;eps_next_year,,price_min;market_cap_min;avg_volume_min;revenue_growth;eps_growth;eps_next_year;operating_margin;earnings_window,False,"{'revenue_growth_yoy': 6.41, 'eps_growth_yoy': 136.71, 'eps_next_year': 4.82, 'operating_margin': 15.55}",,Finviz via finvizfinance screener views,2026-08-11T23:30:24+02:00,2026-07-09,,33,NORMAL,
PFG,Principal Financial Group Inc,finviz_prefilter,revenue_growth;eps_growth;eps_next_year,,price_min;market_cap_min;avg_volume_min;revenue_growth;eps_growth;eps_next_year;operating_margin;earnings_window,False,"{'revenue_growth_yoy': 6.39, 'eps_growth_yoy': 2.85, 'eps_next_year': 8.8, 'operating_margin': 11.87}",,Finviz via finvizfinance screener views,2026-08-11T23:30:24+02:00,2026-07-27,,15,PEAD_WINDOW,
PGNY,Progyny Inc,finviz_prefilter,revenue_growth,,price_min;market_cap_min;avg_volume_min;revenue_growth;eps_growth;eps_next_year;operating_margin;earnings_window,False,"{'revenue_growth_yoy': 5.3, 'eps_growth_yoy': 78.89, 'eps_next_year': 17.55, 'operating_margin': 8.55}",,Finviz via finvizfinance screener views,2026-08-11T23:30:24+02:00,2026-08-06,,5,PEAD_WINDOW,"{'failed_gate': 'revenue_growth', 'actual_value': 5.3, 'applicable_threshold': 20.0, 'distance_to_threshold': 14.7, 'distance_to_threshold_pct': 73.5, 'formula': 'minimo: distance = threshold - actual; pct = distance / abs(threshold) * 100'}"
PLTR,Palantir Technologies Inc,finviz_prefilter,eps_growth,,price_min;market_cap_min;avg_volume_min;revenue_growth;eps_growth;eps_next_year;operating_margin;earnings_window,False,"{'revenue_growth_yoy': 92.83, 'eps_growth_yoy': 2.2157, 'eps_next_year': 42.66, 'operating_margin': 42.8}",,Finviz via finvizfinance screener views,2026-08-11T23:30:24+02:00,2026-08-03,,8,PEAD_WINDOW,"{'failed_gate': 'eps_growth', 'actual_value': 2.2157, 'applicable_threshold': 20.0, 'distance_to_threshold': 17.7843, 'distance_to_threshold_pct': 88.92150000000001, 'formula': 'minimo: distance = threshold - actual; pct = distance / abs(threshold) * 100'}"
PODD,Insulet Corp,finviz_prefilter,eps_growth,,price_min;market_cap_min;avg_volume_min;revenue_growth;eps_growth;eps_next_year;operating_margin;earnings_window,False,"{'revenue_growth_yoy': 23.51, 'eps_growth_yoy': 2.3476, 'eps_next_year': 18.75, 'operating_margin': 16.88}",,Finviz via finvizfinance screener views,2026-08-11T23:30:24+02:00,2026-08-05,,6,PEAD_WINDOW,"{'failed_gate': 'eps_growth', 'actual_value': 2.3476, 'applicable_threshold': 30.0, 'distance_to_threshold': 27.6524, 'distance_to_threshold_pct': 92.17466666666667, 'formula': 'minimo: distance = threshold - actual; pct = distance / abs(threshold) * 100'}"
POOL,Pool Corp,finviz_prefilter,revenue_growth;eps_growth;eps_next_year,,price_min;market_cap_min;avg_volume_min;revenue_growth;eps_growth;eps_next_year;operating_margin;earnings_window,False,"{'revenue_growth_yoy': 2.15, 'eps_growth_yoy': 0.13999999999999999, 'eps_next_year': 7.69, 'operating_margin': 10.76}",,Finviz via finvizfinance screener views,2026-08-11T23:30:24+02:00,2026-07-23,,19,NORMAL,
POWI,Power Integrations Inc,finviz_prefilter,revenue_growth;eps_growth;operating_margin,,price_min;market_cap_min;avg_volume_min;revenue_growth;eps_growth;eps_next_year;operating_margin;earnings_window,False,"{'revenue_growth_yoy': 2.6599999999999997, 'eps_growth_yoy': 6.1358, 'eps_next_year': 34.82, 'operating_margin': 7.93}",,Finviz via finvizfinance screener views,2026-08-11T23:30:24+02:00,2026-08-05,,6,PEAD_WINDOW,
POWL,Powell Industries Inc,finviz_prefilter,revenue_growth;eps_growth,,price_min;market_cap_min;avg_volume_min;revenue_growth;eps_growth;eps_next_year;operating_margin;earnings_window,False,"{'revenue_growth_yoy': 8.9, 'eps_growth_yoy': 7.91, 'eps_next_year': 21.79, 'operating_margin': 19.79}",,Finviz via finvizfinance screener views,2026-08-11T23:30:24+02:00,2026-08-03,,8,PEAD_WINDOW,
PPC,Pilgrim's Pride Corp,finviz_prefilter,revenue_growth;eps_growth;operating_margin,,price_min;market_cap_min;avg_volume_min;revenue_growth;eps_growth;eps_next_year;operating_margin;earnings_window,False,"{'revenue_growth_yoy': -2.83, 'eps_growth_yoy': -96.24000000000001, 'eps_next_year': 16.34, 'operating_margin': 6.419999999999999}",,Finviz via finvizfinance screener views,2026-08-11T23:30:24+02:00,2026-07-29,,13,PEAD_WINDOW,
PPLI,People Inc,finviz_prefilter,revenue_growth;eps_growth;eps_next_year;operating_margin,,price_min;market_cap_min;avg_volume_min;revenue_growth;eps_growth;eps_next_year;operating_margin;earnings_window,False,"{'revenue_growth_yoy': -25.590000000000003, 'eps_growth_yoy': 1.609, 'eps_next_year': -79.23, 'operating_margin': 0.9199999999999999}",,Finviz via finvizfinance screener views,2026-08-11T23:30:24+02:00,2026-08-03,,8,PEAD_WINDOW,
PRVA,Privia Health Group Inc,finviz_prefilter,eps_growth;operating_margin,,price_min;market_cap_min;avg_volume_min;revenue_growth;eps_growth;eps_next_year;operating_margin;earnings_window,False,"{'revenue_growth_yoy': 21.39, 'eps_growth_yoy': 2.2823, 'eps_next_year': 58.76, 'operating_margin': 1.9}",,Finviz via finvizfinance screener views,2026-08-11T23:30:24+02:00,2026-08-06,,5,PEAD_WINDOW,
PTC,PTC Inc,finviz_prefilter,revenue_growth;eps_growth;eps_next_year,,price_min;market_cap_min;avg_volume_min;revenue_growth;eps_growth;eps_next_year;operating_margin;earnings_window,False,"{'revenue_growth_yoy': -6.819999999999999, 'eps_growth_yoy': -11.940000000000001, 'eps_next_year': 8.67, 'operating_margin': 39.78}",,Finviz via finvizfinance screener views,2026-08-11T23:30:24+02:00,2026-07-29,,13,PEAD_WINDOW,
PTCT,PTC Therapeutics Inc,finviz_prefilter,eps_growth,,price_min;market_cap_min;avg_volume_min;revenue_growth;eps_growth;eps_next_year;operating_margin;earnings_window,False,"{'revenue_growth_yoy': 101.55000000000001, 'eps_growth_yoy': 2.106, 'eps_next_year': 92.96, 'operating_margin': 11.57}",,Finviz via finvizfinance screener views,2026-08-11T23:30:24+02:00,2026-07-30,,12,PEAD_WINDOW,"{'failed_gate': 'eps_growth', 'actual_value': 2.106, 'applicable_threshold': 20.0, 'distance_to_threshold': 17.894, 'distance_to_threshold_pct': 89.47, 'formula': 'minimo: distance = threshold - actual; pct = distance / abs(threshold) * 100'}"
PTRN,Pattern Group Inc,finviz_prefilter,operating_margin,,price_min;market_cap_min;avg_volume_min;revenue_growth;eps_growth;eps_next_year;operating_margin;earnings_window,False,"{'revenue_growth_yoy': 46.58, 'eps_growth_yoy': 62.529999999999994, 'eps_next_year': 26.59, 'operating_margin': 1.3599999999999999}",,Finviz via finvizfinance screener views,2026-08-11T23:30:24+02:00,2026-08-05,,6,PEAD_WINDOW,"{'failed_gate': 'operating_margin', 'actual_value': 1.3599999999999999, 'applicable_threshold': 8.0, 'distance_to_threshold': 6.640000000000001, 'distance_to_threshold_pct': 83.0, 'formula': 'minimo: distance = threshold - actual; pct = distance / abs(threshold) * 100'}"
PYPL,PayPal Holdings Inc,finviz_prefilter,revenue_growth;eps_growth;eps_next_year,,price_min;market_cap_min;avg_volume_min;revenue_growth;eps_growth;eps_next_year;operating_margin;earnings_window,False,"{'revenue_growth_yoy': 3.8, 'eps_growth_yoy': -3.02, 'eps_next_year': 7.64, 'operating_margin': 18.94}",,Finviz via finvizfinance screener views,2026-08-11T23:30:24+02:00,2026-07-28,,14,PEAD_WINDOW,
QBTS,D-Wave Quantum Inc,finviz_prefilter,revenue_growth;eps_next_year;operating_margin,,price_min;market_cap_min;avg_volume_min;revenue_growth;eps_growth;eps_next_year;operating_margin;earnings_window,False,"{'revenue_growth_yoy': -0.61, 'eps_growth_yoy': 76.6, 'eps_next_year': -26.0, 'operating_margin': -13.7288}",,Finviz via finvizfinance screener views,2026-08-11T23:30:24+02:00,2026-08-06,,5,PEAD_WINDOW,
QCOM,Qualcomm Inc,finviz_prefilter,revenue_growth;eps_growth;eps_next_year,,price_min;market_cap_min;avg_volume_min;revenue_growth;eps_growth;eps_next_year;operating_margin;earnings_window,False,"{'revenue_growth_yoy': -4.03, 'eps_growth_yoy': -22.8, 'eps_next_year': -2.91, 'operating_margin': 23.5}",,Finviz via finvizfinance screener views,2026-08-11T23:30:24+02:00,2026-07-29,,13,PEAD_WINDOW,
QLYS,Qualys Inc,finviz_prefilter,revenue_growth;eps_growth;eps_next_year,,price_min;market_cap_min;avg_volume_min;revenue_growth;eps_growth;eps_next_year;operating_margin;earnings_window,False,"{'revenue_growth_yoy': 11.92, 'eps_growth_yoy': 15.53, 'eps_next_year': 8.19, 'operating_margin': 35.04}",,Finviz via finvizfinance screener views,2026-08-11T23:30:24+02:00,2026-08-04,,7,PEAD_WINDOW,
QNT,Quantinuum Inc,finviz_prefilter,earnings_window,revenue_growth;eps_growth;operating_margin,price_min;market_cap_min;avg_volume_min;eps_next_year;earnings_window,False,"{'revenue_growth_yoy': None, 'eps_growth_yoy': None, 'eps_next_year': None, 'operating_margin': None}",,Finviz via finvizfinance screener views,2026-08-11T23:30:24+02:00,2026-08-11,0,,PRE_EARNINGS_BLACKOUT,"{'failed_gate': 'earnings_window', 'actual_value': 0, 'applicable_threshold': 7, 'distance_to_threshold': 1, 'distance_to_threshold_pct': None, 'days_to_exit_blackout': 1, 'formula': 'days_to_exit_blackout = days_to_earnings + 1 (giorni; nessuna %)'}"
QRVO,Qorvo Inc,finviz_prefilter,revenue_growth;eps_growth;eps_next_year,,price_min;market_cap_min;avg_volume_min;revenue_growth;eps_growth;eps_next_year;operating_margin;earnings_window,False,"{'revenue_growth_yoy': -4.15, 'eps_growth_yoy': 2.5185, 'eps_next_year': 5.21, 'operating_margin': 18.17}",,Finviz via finvizfinance screener views,2026-08-11T23:30:24+02:00,2026-07-28,,14,PEAD_WINDOW,
QURE,uniQure NV,finviz_prefilter,revenue_growth;eps_growth;operating_margin,,price_min;market_cap_min;avg_volume_min;revenue_growth;eps_growth;eps_next_year;operating_margin;earnings_window,False,"{'revenue_growth_yoy': 11.0, 'eps_growth_yoy': -77.81, 'eps_next_year': 23.77, 'operating_margin': -10.9318}",,Finviz via finvizfinance screener views,2026-08-11T23:30:24+02:00,2026-07-29,,13,PEAD_WINDOW,
RARE,Ultragenyx Pharmaceutical Inc,finviz_prefilter,eps_growth;operating_margin,,price_min;market_cap_min;avg_volume_min;revenue_growth;eps_growth;eps_next_year;operating_margin;earnings_window,False,"{'revenue_growth_yoy': 28.53, 'eps_growth_yoy': 22.67, 'eps_next_year': 81.17, 'operating_margin': -73.77}",,Finviz via finvizfinance screener views,2026-08-11T23:30:24+02:00,2026-08-04,,7,PEAD_WINDOW,
RDNT,Radnet Inc,finviz_prefilter,eps_growth;operating_margin,,price_min;market_cap_min;avg_volume_min;revenue_growth;eps_growth;eps_next_year;operating_margin;earnings_window,False,"{'revenue_growth_yoy': 24.990000000000002, 'eps_growth_yoy': -50.05, 'eps_next_year': 83.62, 'operating_margin': 4.63}",,Finviz via finvizfinance screener views,2026-08-11T23:30:24+02:00,2026-08-09,,2,PEAD_WINDOW,
REG,Regency Centers Corp,finviz_prefilter,revenue_growth;eps_growth;eps_next_year,,price_min;market_cap_min;avg_volume_min;revenue_growth;eps_growth;eps_next_year;operating_margin;earnings_window,False,"{'revenue_growth_yoy': 8.6, 'eps_growth_yoy': 8.67, 'eps_next_year': 3.14, 'operating_margin': 37.269999999999996}",,Finviz via finvizfinance screener views,2026-08-11T23:30:24+02:00,2026-07-29,,13,PEAD_WINDOW,
REGN,Regeneron Pharmaceuticals Inc,finviz_prefilter,revenue_growth;eps_growth;eps_next_year,,price_min;market_cap_min;avg_volume_min;revenue_growth;eps_growth;eps_next_year;operating_margin;earnings_window,False,"{'revenue_growth_yoy': 16.73, 'eps_growth_yoy': -4.52, 'eps_next_year': 12.49, 'operating_margin': 26.87}",,Finviz via finvizfinance screener views,2026-08-11T23:30:24+02:00,2026-07-30,,12,PEAD_WINDOW,
RELY,Remitly Global Inc,finviz_prefilter,eps_next_year,,price_min;market_cap_min;avg_volume_min;revenue_growth;eps_growth;eps_next_year;operating_margin;earnings_window,False,"{'revenue_growth_yoy': 20.23, 'eps_growth_yoy': 30.2584, 'eps_next_year': -23.35, 'operating_margin': 10.36}",,Finviz via finvizfinance screener views,2026-08-11T23:30:24+02:00,2026-08-05,,6,PEAD_WINDOW,"{'failed_gate': 'eps_next_year', 'actual_value': -23.35, 'applicable_threshold': 15.0, 'distance_to_threshold': 38.35, 'distance_to_threshold_pct': 255.66666666666666, 'formula': 'minimo: distance = threshold - actual; pct = distance / abs(threshold) * 100'}"
REYN,Reynolds Consumer Products Inc,finviz_prefilter,revenue_growth;eps_growth;eps_next_year,,price_min;market_cap_min;avg_volume_min;revenue_growth;eps_growth;eps_next_year;operating_margin;earnings_window,False,"{'revenue_growth_yoy': 0.64, 'eps_growth_yoy': 21.0, 'eps_next_year': 4.22, 'operating_margin': 14.13}",,Finviz via finvizfinance screener views,2026-08-11T23:30:24+02:00,2026-07-29,,13,PEAD_WINDOW,
RGEN,Repligen Corp,finviz_prefilter,revenue_growth;eps_growth,,price_min;market_cap_min;avg_volume_min;revenue_growth;eps_growth;eps_next_year;operating_margin;earnings_window,False,"{'revenue_growth_yoy': 11.93, 'eps_growth_yoy': -66.4, 'eps_next_year': 27.28, 'operating_margin': 9.030000000000001}",,Finviz via finvizfinance screener views,2026-08-11T23:30:24+02:00,2026-07-28,,14,PEAD_WINDOW,
RGTI,Rigetti Computing Inc,finviz_prefilter,revenue_growth;eps_growth;eps_next_year;operating_margin,,price_min;market_cap_min;avg_volume_min;revenue_growth;eps_growth;eps_next_year;operating_margin;earnings_window,False,"{'revenue_growth_yoy': 1.8529, 'eps_growth_yoy': -18.72, 'eps_next_year': -3.86, 'operating_margin': -7.2762}",,Finviz via finvizfinance screener views,2026-08-11T23:30:24+02:00,2026-08-06,,5,PEAD_WINDOW,
RIOT,Riot Platforms Inc,finviz_prefilter,revenue_growth;eps_growth;operating_margin,,price_min;market_cap_min;avg_volume_min;revenue_growth;eps_growth;eps_next_year;operating_margin;earnings_window,False,"{'revenue_growth_yoy': 13.889999999999999, 'eps_growth_yoy': -2.1777, 'eps_next_year': 56.63, 'operating_margin': -74.16}",,Finviz via finvizfinance screener views,2026-08-11T23:30:24+02:00,2026-08-10,,1,PEAD_WINDOW,
RIVN,Rivian Automotive Inc,finviz_prefilter,operating_margin,,price_min;market_cap_min;avg_volume_min;revenue_growth;eps_growth;eps_next_year;operating_margin;earnings_window,False,"{'revenue_growth_yoy': 27.24, 'eps_growth_yoy': 34.99, 'eps_next_year': 17.36, 'operating_margin': -60.050000000000004}",,Finviz via finvizfinance screener views,2026-08-11T23:30:24+02:00,2026-07-30,,12,PEAD_WINDOW,"{'failed_gate': 'operating_margin', 'actual_value': -60.050000000000004, 'applicable_threshold': 8.0, 'distance_to_threshold': 68.05000000000001, 'distance_to_threshold_pct': 850.6250000000001, 'formula': 'minimo: distance = threshold - actual; pct = distance / abs(threshold) * 100'}"
RKLB,Rocket Lab Corp,finviz_prefilter,operating_margin,,price_min;market_cap_min;avg_volume_min;revenue_growth;eps_growth;eps_next_year;operating_margin;earnings_window,False,"{'revenue_growth_yoy': 61.99, 'eps_growth_yoy': 39.33, 'eps_next_year': 84.64, 'operating_margin': -29.060000000000002}",,Finviz via finvizfinance screener views,2026-08-11T23:30:24+02:00,2026-08-10,,1,PEAD_WINDOW,"{'failed_gate': 'operating_margin', 'actual_value': -29.060000000000002, 'applicable_threshold': 8.0, 'distance_to_threshold': 37.06, 'distance_to_threshold_pct': 463.25, 'formula': 'minimo: distance = threshold - actual; pct = distance / abs(threshold) * 100'}"
RLAY,Relay Therapeutics Inc,finviz_prefilter,revenue_growth;eps_growth;eps_next_year;operating_margin,,price_min;market_cap_min;avg_volume_min;revenue_growth;eps_growth;eps_next_year;operating_margin;earnings_window,False,"{'revenue_growth_yoy': -48.3, 'eps_growth_yoy': -0.44, 'eps_next_year': -137.0, 'operating_margin': -29.9937}",,Finviz via finvizfinance screener views,2026-08-11T23:30:24+02:00,2026-08-06,,5,PEAD_WINDOW,
RMBS,Rambus Inc,finviz_prefilter,eps_growth,,price_min;market_cap_min;avg_volume_min;revenue_growth;eps_growth;eps_next_year;operating_margin;earnings_window,False,"{'revenue_growth_yoy': 20.43, 'eps_growth_yoy': 15.129999999999999, 'eps_next_year': 23.63, 'operating_margin': 35.949999999999996}",,Finviz via finvizfinance screener views,2026-08-11T23:30:24+02:00,2026-07-27,,15,PEAD_WINDOW,"{'failed_gate': 'eps_growth', 'actual_value': 15.129999999999999, 'applicable_threshold': 30.0, 'distance_to_threshold': 14.870000000000001, 'distance_to_threshold_pct': 49.56666666666667, 'formula': 'minimo: distance = threshold - actual; pct = distance / abs(threshold) * 100'}"
ROIV,Roivant Sciences Ltd,finviz_prefilter,revenue_growth;eps_growth;eps_next_year;operating_margin,,price_min;market_cap_min;avg_volume_min;revenue_growth;eps_growth;eps_next_year;operating_margin;earnings_window,False,"{'revenue_growth_yoy': -33.550000000000004, 'eps_growth_yoy': 19.77, 'eps_next_year': 5.84, 'operating_margin': -181.4612}",,Finviz via finvizfinance screener views,2026-08-11T23:30:24+02:00,2026-08-06,,5,PEAD_WINDOW,
ROKU,Roku Inc,finviz_prefilter,eps_growth;operating_margin,,price_min;market_cap_min;avg_volume_min;revenue_growth;eps_growth;eps_next_year;operating_margin;earnings_window,False,"{'revenue_growth_yoy': 21.93, 'eps_growth_yoy': 14.4003, 'eps_next_year': 39.13, 'operating_margin': 5.25}",,Finviz via finvizfinance screener views,2026-08-11T23:30:24+02:00,2026-08-06,,5,PEAD_WINDOW,
ROP,Roper Technologies Inc,finviz_prefilter,revenue_growth;eps_growth;eps_next_year,,price_min;market_cap_min;avg_volume_min;revenue_growth;eps_growth;eps_next_year;operating_margin;earnings_window,False,"{'revenue_growth_yoy': 8.5, 'eps_growth_yoy': 2.3284, 'eps_next_year': 9.48, 'operating_margin': 27.97}",,Finviz via finvizfinance screener views,2026-08-11T23:30:24+02:00,2026-07-23,,19,NORMAL,
ROST,Ross Stores Inc,finviz_prefilter,eps_next_year,,price_min;market_cap_min;avg_volume_min;revenue_growth;eps_growth;eps_next_year;operating_margin;earnings_window,False,"{'revenue_growth_yoy': 20.57, 'eps_growth_yoy': 38.06, 'eps_next_year': 9.98, 'operating_margin': 12.22}",,Finviz via finvizfinance screener views,2026-08-11T23:30:24+02:00,2026-08-20,9,,NORMAL,"{'failed_gate': 'eps_next_year', 'actual_value': 9.98, 'applicable_threshold': 15.0, 'distance_to_threshold': 5.02, 'distance_to_threshold_pct': 33.46666666666666, 'formula': 'minimo: distance = threshold - actual; pct = distance / abs(threshold) * 100'}"
RPRX,Royalty Pharma plc,finviz_prefilter,revenue_growth;eps_growth;eps_next_year,,price_min;market_cap_min;avg_volume_min;revenue_growth;eps_growth;eps_next_year;operating_margin;earnings_window,False,"{'revenue_growth_yoy': 16.5, 'eps_growth_yoy': -43.580000000000005, 'eps_next_year': 7.65, 'operating_margin': 62.33}",,Finviz via finvizfinance screener views,2026-08-11T23:30:24+02:00,2026-08-05,,6,PEAD_WINDOW,
RRR,Red Rock Resorts Inc,finviz_prefilter,revenue_growth;eps_growth;eps_next_year,,price_min;market_cap_min;avg_volume_min;revenue_growth;eps_growth;eps_next_year;operating_margin;earnings_window,False,"{'revenue_growth_yoy': -3.04, 'eps_growth_yoy': -29.330000000000002, 'eps_next_year': 4.18, 'operating_margin': 28.58}",,Finviz via finvizfinance screener views,2026-08-11T23:30:24+02:00,2026-08-04,,7,PEAD_WINDOW,
RYTM,Rhythm Pharmaceuticals Inc,finviz_prefilter,operating_margin,revenue_growth;eps_growth,price_min;market_cap_min;avg_volume_min;eps_next_year;operating_margin;earnings_window,False,"{'revenue_growth_yoy': None, 'eps_growth_yoy': 2.55, 'eps_next_year': 77.78, 'operating_margin': -90.89}",,Finviz via finvizfinance screener views,2026-08-11T23:30:24+02:00,2026-08-04,,7,PEAD_WINDOW,"{'failed_gate': 'operating_margin', 'actual_value': -90.89, 'applicable_threshold': 8.0, 'distance_to_threshold': 98.89, 'distance_to_threshold_pct': 1236.125, 'formula': 'minimo: distance = threshold - actual; pct = distance / abs(threshold) * 100'}"
SAIL,Sailpoint Inc,finviz_prefilter,operating_margin,,price_min;market_cap_min;avg_volume_min;revenue_growth;eps_growth;eps_next_year;operating_margin;earnings_window,False,"{'revenue_growth_yoy': 21.55, 'eps_growth_yoy': 65.12, 'eps_next_year': 24.08, 'operating_margin': -17.91}",,Finviz via finvizfinance screener views,2026-08-11T23:30:24+02:00,2026-06-09,,63,NORMAL,"{'failed_gate': 'operating_margin', 'actual_value': -17.91, 'applicable_threshold': 8.0, 'distance_to_threshold': 25.91, 'distance_to_threshold_pct': 323.875, 'formula': 'minimo: distance = threshold - actual; pct = distance / abs(threshold) * 100'}"
SANM,Sanmina Corp,finviz_prefilter,operating_margin,,price_min;market_cap_min;avg_volume_min;revenue_growth;eps_growth;eps_next_year;operating_margin;earnings_window,False,"{'revenue_growth_yoy': 69.67, 'eps_growth_yoy': 68.72, 'eps_next_year': 15.15, 'operating_margin': 5.489999999999999}",,Finviz via finvizfinance screener views,2026-08-11T23:30:24+02:00,2026-07-27,,15,PEAD_WINDOW,"{'failed_gate': 'operating_margin', 'actual_value': 5.489999999999999, 'applicable_threshold': 8.0, 'distance_to_threshold': 2.5100000000000007, 'distance_to_threshold_pct': 31.375000000000007, 'formula': 'minimo: distance = threshold - actual; pct = distance / abs(threshold) * 100'}"
SBAC,SBA Communications Corp,finviz_prefilter,revenue_growth;eps_growth;eps_next_year,,price_min;market_cap_min;avg_volume_min;revenue_growth;eps_growth;eps_next_year;operating_margin;earnings_window,False,"{'revenue_growth_yoy': 2.33, 'eps_growth_yoy': -10.69, 'eps_next_year': 10.02, 'operating_margin': 53.7}",,Finviz via finvizfinance screener views,2026-08-11T23:30:24+02:00,2026-08-03,,8,PEAD_WINDOW,
SBCF,Seacoast Banking Corp Of Florida,finviz_prefilter,eps_growth;eps_next_year,,price_min;market_cap_min;avg_volume_min;revenue_growth;eps_growth;eps_next_year;operating_margin;earnings_window,False,"{'revenue_growth_yoy': 30.009999999999998, 'eps_growth_yoy': 9.83, 'eps_next_year': 8.07, 'operating_margin': 24.52}",,Finviz via finvizfinance screener views,2026-08-11T23:30:24+02:00,2026-07-28,,14,PEAD_WINDOW,
SBLK,Star Bulk Carriers Corp,finviz_prefilter,eps_next_year,,price_min;market_cap_min;avg_volume_min;revenue_growth;eps_growth;eps_next_year;operating_margin;earnings_window,False,"{'revenue_growth_yoy': 44.46, 'eps_growth_yoy': 4329.0, 'eps_next_year': -12.12, 'operating_margin': 27.839999999999996}",,Finviz via finvizfinance screener views,2026-08-11T23:30:24+02:00,2026-08-05,,6,PEAD_WINDOW,"{'failed_gate': 'eps_next_year', 'actual_value': -12.12, 'applicable_threshold': 15.0, 'distance_to_threshold': 27.119999999999997, 'distance_to_threshold_pct': 180.79999999999998, 'formula': 'minimo: distance = threshold - actual; pct = distance / abs(threshold) * 100'}"
SBRA,Sabra Healthcare REIT Inc,finviz_prefilter,eps_growth,,price_min;market_cap_min;avg_volume_min;revenue_growth;eps_growth;eps_next_year;operating_margin;earnings_window,False,"{'revenue_growth_yoy': 25.2, 'eps_growth_yoy': -136.73, 'eps_next_year': 25.92, 'operating_margin': 18.8}",,Finviz via finvizfinance screener views,2026-08-11T23:30:24+02:00,2026-08-03,,8,PEAD_WINDOW,"{'failed_gate': 'eps_growth', 'actual_value': -136.73, 'applicable_threshold': 30.0, 'distance_to_threshold': 166.73, 'distance_to_threshold_pct': 555.7666666666667, 'formula': 'minimo: distance = threshold - actual; pct = distance / abs(threshold) * 100'}"
SBUX,Starbucks Corp,finviz_prefilter,revenue_growth,,price_min;market_cap_min;avg_volume_min;revenue_growth;eps_growth;eps_next_year;operating_margin;earnings_window,False,"{'revenue_growth_yoy': -1.43, 'eps_growth_yoy': 86.59, 'eps_next_year': 20.57, 'operating_margin': 10.01}",,Finviz via finvizfinance screener views,2026-08-11T23:30:24+02:00,2026-07-29,,13,PEAD_WINDOW,"{'failed_gate': 'revenue_growth', 'actual_value': -1.43, 'applicable_threshold': 20.0, 'distance_to_threshold': 21.43, 'distance_to_threshold_pct': 107.14999999999999, 'formula': 'minimo: distance = threshold - actual; pct = distance / abs(threshold) * 100'}"
SEDG,Solaredge Technologies Inc,finviz_prefilter,revenue_growth;operating_margin,,price_min;market_cap_min;avg_volume_min;revenue_growth;eps_growth;eps_next_year;operating_margin;earnings_window,False,"{'revenue_growth_yoy': 19.63, 'eps_growth_yoy': 76.35, 'eps_next_year': 428.64, 'operating_margin': -9.969999999999999}",,Finviz via finvizfinance screener views,2026-08-11T23:30:24+02:00,2026-08-05,,6,PEAD_WINDOW,
SFD,Smithfield Foods Inc,finviz_prefilter,revenue_growth;eps_growth;eps_next_year;earnings_window,,price_min;market_cap_min;avg_volume_min;revenue_growth;eps_growth;eps_next_year;operating_margin;earnings_window,False,"{'revenue_growth_yoy': 0.8500000000000001, 'eps_growth_yoy': 8.27, 'eps_next_year': -2.25, 'operating_margin': 8.95}",,Finviz via finvizfinance screener views,2026-08-11T23:30:24+02:00,2026-08-11,0,,PRE_EARNINGS_BLACKOUT,
SFM,Sprouts Farmers Market Inc,finviz_prefilter,revenue_growth;eps_growth;eps_next_year;operating_margin,,price_min;market_cap_min;avg_volume_min;revenue_growth;eps_growth;eps_next_year;operating_margin;earnings_window,False,"{'revenue_growth_yoy': 4.74, 'eps_growth_yoy': 1.09, 'eps_next_year': 7.05, 'operating_margin': 7.489999999999999}",,Finviz via finvizfinance screener views,2026-08-11T23:30:24+02:00,2026-07-29,,13,PEAD_WINDOW,
SFNC,Simmons First National Corp,finviz_prefilter,revenue_growth;eps_growth;eps_next_year;operating_margin,,price_min;market_cap_min;avg_volume_min;revenue_growth;eps_growth;eps_next_year;operating_margin;earnings_window,False,"{'revenue_growth_yoy': -0.69, 'eps_growth_yoy': 5.91, 'eps_next_year': 7.77, 'operating_margin': -74.6}",,Finviz via finvizfinance screener views,2026-08-11T23:30:24+02:00,2026-07-16,,26,NORMAL,
SHC,Sotera Health Co,finviz_prefilter,revenue_growth;eps_growth;eps_next_year,,price_min;market_cap_min;avg_volume_min;revenue_growth;eps_growth;eps_next_year;operating_margin;earnings_window,False,"{'revenue_growth_yoy': 9.180000000000001, 'eps_growth_yoy': 5.6738, 'eps_next_year': 9.16, 'operating_margin': 36.9}",,Finviz via finvizfinance screener views,2026-08-11T23:30:24+02:00,2026-08-06,,5,PEAD_WINDOW,
SHOO,Steven Madden Ltd,finviz_prefilter,revenue_growth;eps_growth,,price_min;market_cap_min;avg_volume_min;revenue_growth;eps_growth;eps_next_year;operating_margin;earnings_window,False,"{'revenue_growth_yoy': 19.12, 'eps_growth_yoy': 1.6898, 'eps_next_year': 26.6, 'operating_margin': 9.030000000000001}",,Finviz via finvizfinance screener views,2026-08-11T23:30:24+02:00,2026-07-30,,12,PEAD_WINDOW,
SIRI,Sirius XM Holdings Inc,finviz_prefilter,revenue_growth;eps_growth;eps_next_year,,price_min;market_cap_min;avg_volume_min;revenue_growth;eps_growth;eps_next_year;operating_margin;earnings_window,False,"{'revenue_growth_yoy': 1.03, 'eps_growth_yoy': 23.51, 'eps_next_year': 9.09, 'operating_margin': 22.53}",,Finviz via finvizfinance screener views,2026-08-11T23:30:24+02:00,2026-07-30,,12,PEAD_WINDOW,
SLDE,Slide Insurance Holdings Inc,finviz_prefilter,eps_next_year,,price_min;market_cap_min;avg_volume_min;revenue_growth;eps_growth;eps_next_year;operating_margin;earnings_window,False,"{'revenue_growth_yoy': 47.86, 'eps_growth_yoy': 90.44, 'eps_next_year': -2.56, 'operating_margin': 53.05}",,Finviz via finvizfinance screener views,2026-08-11T23:30:24+02:00,2026-07-28,,14,PEAD_WINDOW,"{'failed_gate': 'eps_next_year', 'actual_value': -2.56, 'applicable_threshold': 15.0, 'distance_to_threshold': 17.56, 'distance_to_threshold_pct': 117.06666666666665, 'formula': 'minimo: distance = threshold - actual; pct = distance / abs(threshold) * 100'}"
SLM,SLM Corp,finviz_prefilter,revenue_growth;eps_growth;eps_next_year,,price_min;market_cap_min;avg_volume_min;revenue_growth;eps_growth;eps_next_year;operating_margin;earnings_window,False,"{'revenue_growth_yoy': -2.76, 'eps_growth_yoy': -8.559999999999999, 'eps_next_year': 7.32, 'operating_margin': 42.43}",,Finviz via finvizfinance screener views,2026-08-11T23:30:24+02:00,2026-07-23,,19,NORMAL,
SMCI,Super Micro Computer Inc,finviz_prefilter,eps_growth;operating_margin;earnings_window,,price_min;market_cap_min;avg_volume_min;revenue_growth;eps_growth;eps_next_year;operating_margin;earnings_window,False,"{'revenue_growth_yoy': 122.67999999999999, 'eps_growth_yoy': 3.1407, 'eps_next_year': 15.55, 'operating_margin': 4.4799999999999995}",,Finviz via finvizfinance screener views,2026-08-11T23:30:24+02:00,2026-08-11,0,,PRE_EARNINGS_BLACKOUT,
SMTC,Semtech Corp,finviz_prefilter,revenue_growth;eps_growth,,price_min;market_cap_min;avg_volume_min;revenue_growth;eps_growth;eps_next_year;operating_margin;earnings_window,False,"{'revenue_growth_yoy': 15.920000000000002, 'eps_growth_yoy': 25.46, 'eps_next_year': 44.63, 'operating_margin': 10.72}",,Finviz via finvizfinance screener views,2026-08-11T23:30:24+02:00,2026-05-26,,77,NORMAL,
SNDK,Sandisk Corp,finviz_prefilter,revenue_growth,,price_min;market_cap_min;avg_volume_min;revenue_growth;eps_growth;eps_next_year;operating_margin;earnings_window,False,"{'revenue_growth_yoy': 3.7159, 'eps_growth_yoy': 280.1746, 'eps_next_year': 21.91, 'operating_margin': 61.58}",,Finviz via finvizfinance screener views,2026-08-11T23:30:24+02:00,2026-08-05,,6,PEAD_WINDOW,"{'failed_gate': 'revenue_growth', 'actual_value': 3.7159, 'applicable_threshold': 20.0, 'distance_to_threshold': 16.2841, 'distance_to_threshold_pct': 81.42049999999999, 'formula': 'minimo: distance = threshold - actual; pct = distance / abs(threshold) * 100'}"
SNEX,StoneX Group Inc,finviz_prefilter,revenue_growth;eps_growth;operating_margin,,price_min;market_cap_min;avg_volume_min;revenue_growth;eps_growth;eps_next_year;operating_margin;earnings_window,False,"{'revenue_growth_yoy': 15.379999999999999, 'eps_growth_yoy': 22.57, 'eps_next_year': 137.0, 'operating_margin': 1.6500000000000001}",,Finviz via finvizfinance screener views,2026-08-11T23:30:24+02:00,2026-08-05,,6,PEAD_WINDOW,
SNPS,Synopsys Inc,finviz_prefilter,eps_growth,,price_min;market_cap_min;avg_volume_min;revenue_growth;eps_growth;eps_next_year;operating_margin;earnings_window,False,"{'revenue_growth_yoy': 41.92, 'eps_growth_yoy': -96.02000000000001, 'eps_next_year': 17.19, 'operating_margin': 12.02}",,Finviz via finvizfinance screener views,2026-08-11T23:30:24+02:00,2026-08-26,15,,NORMAL,"{'failed_gate': 'eps_growth', 'actual_value': -96.02000000000001, 'applicable_threshold': 20.0, 'distance_to_threshold': 116.02000000000001, 'distance_to_threshold_pct': 580.1, 'formula': 'minimo: distance = threshold - actual; pct = distance / abs(threshold) * 100'}"
SOLS,Solstice Advanced Materials Inc,finviz_prefilter,revenue_growth;eps_growth,,price_min;market_cap_min;avg_volume_min;revenue_growth;eps_growth;eps_next_year;operating_margin;earnings_window,False,"{'revenue_growth_yoy': 11.129999999999999, 'eps_growth_yoy': 22.15, 'eps_next_year': 16.8, 'operating_margin': 16.900000000000002}",,Finviz via finvizfinance screener views,2026-08-11T23:30:24+02:00,2026-07-30,,12,PEAD_WINDOW,
SSNC,SS&C Technologies Holdings Inc,finviz_prefilter,revenue_growth;eps_next_year,,price_min;market_cap_min;avg_volume_min;revenue_growth;eps_growth;eps_next_year;operating_margin;earnings_window,False,"{'revenue_growth_yoy': 10.34, 'eps_growth_yoy': 35.33, 'eps_next_year': 9.55, 'operating_margin': 24.36}",,Finviz via finvizfinance screener views,2026-08-11T23:30:24+02:00,2026-07-23,,19,NORMAL,
SSRM,SSR Mining Inc,finviz_prefilter,revenue_growth;eps_growth;eps_next_year,,price_min;market_cap_min;avg_volume_min;revenue_growth;eps_growth;eps_next_year;operating_margin;earnings_window,False,"{'revenue_growth_yoy': 9.46, 'eps_growth_yoy': 11.129999999999999, 'eps_next_year': 12.9, 'operating_margin': 42.3}",,Finviz via finvizfinance screener views,2026-08-11T23:30:24+02:00,2026-08-04,,7,PEAD_WINDOW,
STEP,StepStone Group Inc,finviz_prefilter,revenue_growth;eps_growth;operating_margin,,price_min;market_cap_min;avg_volume_min;revenue_growth;eps_growth;eps_next_year;operating_margin;earnings_window,False,"{'revenue_growth_yoy': 13.200000000000001, 'eps_growth_yoy': -1.8616, 'eps_next_year': 37.11, 'operating_margin': -53.39}",,Finviz via finvizfinance screener views,2026-08-11T23:30:24+02:00,2026-08-06,,5,PEAD_WINDOW,
STOK,Stoke Therapeutics Inc,finviz_prefilter,revenue_growth;eps_growth;eps_next_year;operating_margin,,price_min;market_cap_min;avg_volume_min;revenue_growth;eps_growth;eps_next_year;operating_margin;earnings_window,False,"{'revenue_growth_yoy': -32.51, 'eps_growth_yoy': -131.96, 'eps_next_year': 2.64, 'operating_margin': -8.0969}",,Finviz via finvizfinance screener views,2026-08-11T23:30:24+02:00,2026-08-03,,8,PEAD_WINDOW,
SUPN,Supernus Pharmaceuticals Inc,finviz_prefilter,eps_growth;operating_margin,,price_min;market_cap_min;avg_volume_min;revenue_growth;eps_growth;eps_next_year;operating_margin;earnings_window,False,"{'revenue_growth_yoy': 32.4, 'eps_growth_yoy': -3.5307, 'eps_next_year': 73.88, 'operating_margin': -7.7299999999999995}",,Finviz via finvizfinance screener views,2026-08-11T23:30:24+02:00,2026-08-03,,8,PEAD_WINDOW,
SWKS,Skyworks Solutions Inc,finviz_prefilter,revenue_growth;eps_growth;eps_next_year,,price_min;market_cap_min;avg_volume_min;revenue_growth;eps_growth;eps_next_year;operating_margin;earnings_window,False,"{'revenue_growth_yoy': -3.1300000000000003, 'eps_growth_yoy': -67.95, 'eps_next_year': -2.2, 'operating_margin': 8.7}",,Finviz via finvizfinance screener views,2026-08-11T23:30:24+02:00,2026-07-28,,14,PEAD_WINDOW,
SYM,Symbotic Inc,finviz_prefilter,eps_growth;operating_margin,,price_min;market_cap_min;avg_volume_min;revenue_growth;eps_growth;eps_next_year;operating_margin;earnings_window,False,"{'revenue_growth_yoy': 21.740000000000002, 'eps_growth_yoy': 2.6162, 'eps_next_year': 35.77, 'operating_margin': 1.43}",,Finviz via finvizfinance screener views,2026-08-11T23:30:24+02:00,2026-08-05,,6,PEAD_WINDOW,
SYNA,Synaptics Inc,finviz_prefilter,revenue_growth;eps_growth;operating_margin,,price_min;market_cap_min;avg_volume_min;revenue_growth;eps_growth;eps_next_year;operating_margin;earnings_window,False,"{'revenue_growth_yoy': 8.91, 'eps_growth_yoy': -93.6708, 'eps_next_year': 25.53, 'operating_margin': -2.93}",,Finviz via finvizfinance screener views,2026-08-11T23:30:24+02:00,2026-08-06,,5,PEAD_WINDOW,
TARS,Tarsus Pharmaceuticals Inc,finviz_prefilter,eps_growth;operating_margin,,price_min;market_cap_min;avg_volume_min;revenue_growth;eps_growth;eps_next_year;operating_margin;earnings_window,False,"{'revenue_growth_yoy': 69.41000000000001, 'eps_growth_yoy': 10.97, 'eps_next_year': 212.05, 'operating_margin': -8.0}",,Finviz via finvizfinance screener views,2026-08-11T23:30:24+02:00,2026-08-06,,5,PEAD_WINDOW,
TEAM,Atlassian Corp,finviz_prefilter,eps_growth;operating_margin,,price_min;market_cap_min;avg_volume_min;revenue_growth;eps_growth;eps_next_year;operating_margin;earnings_window,False,"{'revenue_growth_yoy': 27.6, 'eps_growth_yoy': 7.0374, 'eps_next_year': 21.81, 'operating_margin': 4.53}",,Finviz via finvizfinance screener views,2026-08-11T23:30:24+02:00,2026-08-06,,5,PEAD_WINDOW,
TECH,Bio-Techne Corp,finviz_prefilter,revenue_growth;eps_next_year,,price_min;market_cap_min;avg_volume_min;revenue_growth;eps_growth;eps_next_year;operating_margin;earnings_window,False,"{'revenue_growth_yoy': -1.51, 'eps_growth_yoy': 128.15, 'eps_next_year': 6.76, 'operating_margin': 22.18}",,Finviz via finvizfinance screener views,2026-08-11T23:30:24+02:00,2026-05-06,,97,NORMAL,
TEM,Tempus AI Inc,finviz_prefilter,operating_margin,,price_min;market_cap_min;avg_volume_min;revenue_growth;eps_growth;eps_next_year;operating_margin;earnings_window,False,"{'revenue_growth_yoy': 21.560000000000002, 'eps_growth_yoy': 112.51, 'eps_next_year': 97.35, 'operating_margin': -18.92}",,Finviz via finvizfinance screener views,2026-08-11T23:30:24+02:00,2026-07-30,,12,PEAD_WINDOW,"{'failed_gate': 'operating_margin', 'actual_value': -18.92, 'applicable_threshold': 8.0, 'distance_to_threshold': 26.92, 'distance_to_threshold_pct': 336.5, 'formula': 'minimo: distance = threshold - actual; pct = distance / abs(threshold) * 100'}"
TENB,Tenable Holdings Inc,finviz_prefilter,revenue_growth;eps_next_year;operating_margin,,price_min;market_cap_min;avg_volume_min;revenue_growth;eps_growth;eps_next_year;operating_margin;earnings_window,False,"{'revenue_growth_yoy': 8.58, 'eps_growth_yoy': 127.47, 'eps_next_year': 9.94, 'operating_margin': 4.2}",,Finviz via finvizfinance screener views,2026-08-11T23:30:24+02:00,2026-07-29,,13,PEAD_WINDOW,
TER,Teradyne Inc,finviz_prefilter,eps_growth,,price_min;market_cap_min;avg_volume_min;revenue_growth;eps_growth;eps_next_year;operating_margin;earnings_window,False,"{'revenue_growth_yoy': 103.99000000000001, 'eps_growth_yoy': 3.8531, 'eps_next_year': 27.62, 'operating_margin': 30.880000000000003}",,Finviz via finvizfinance screener views,2026-08-11T23:30:24+02:00,2026-07-28,,14,PEAD_WINDOW,"{'failed_gate': 'eps_growth', 'actual_value': 3.8531, 'applicable_threshold': 20.0, 'distance_to_threshold': 16.1469, 'distance_to_threshold_pct': 80.7345, 'formula': 'minimo: distance = threshold - actual; pct = distance / abs(threshold) * 100'}"
TFSL,TFS Financial Corp,finviz_prefilter,revenue_growth;eps_next_year,,price_min;market_cap_min;avg_volume_min;revenue_growth;eps_growth;eps_next_year;operating_margin;earnings_window,False,"{'revenue_growth_yoy': 5.8999999999999995, 'eps_growth_yoy': 44.18, 'eps_next_year': 8.33, 'operating_margin': 15.659999999999998}",,Finviz via finvizfinance screener views,2026-08-11T23:30:24+02:00,2026-07-30,,12,PEAD_WINDOW,
TGTX,TG Therapeutics Inc,finviz_prefilter,eps_growth,,price_min;market_cap_min;avg_volume_min;revenue_growth;eps_growth;eps_next_year;operating_margin;earnings_window,False,"{'revenue_growth_yoy': 70.27, 'eps_growth_yoy': -71.45, 'eps_next_year': 185.24, 'operating_margin': 17.05}",,Finviz via finvizfinance screener views,2026-08-11T23:30:24+02:00,2026-08-03,,8,PEAD_WINDOW,"{'failed_gate': 'eps_growth', 'actual_value': -71.45, 'applicable_threshold': 20.0, 'distance_to_threshold': 91.45, 'distance_to_threshold_pct': 457.25, 'formula': 'minimo: distance = threshold - actual; pct = distance / abs(threshold) * 100'}"
TIGO,Millicom International Cellular SA,finviz_prefilter,eps_growth,,price_min;market_cap_min;avg_volume_min;revenue_growth;eps_growth;eps_next_year;operating_margin;earnings_window,False,"{'revenue_growth_yoy': 58.81999999999999, 'eps_growth_yoy': -83.91, 'eps_next_year': 53.57, 'operating_margin': 23.01}",,Finviz via finvizfinance screener views,2026-08-11T23:30:24+02:00,2026-08-06,,5,PEAD_WINDOW,"{'failed_gate': 'eps_growth', 'actual_value': -83.91, 'applicable_threshold': 20.0, 'distance_to_threshold': 103.91, 'distance_to_threshold_pct': 519.55, 'formula': 'minimo: distance = threshold - actual; pct = distance / abs(threshold) * 100'}"
TLN,Talen Energy Corp,finviz_prefilter,revenue_growth;eps_growth,,price_min;market_cap_min;avg_volume_min;revenue_growth;eps_growth;eps_next_year;operating_margin;earnings_window,False,"{'revenue_growth_yoy': 3.2300000000000004, 'eps_growth_yoy': -2.3335, 'eps_next_year': 51.75, 'operating_margin': 31.09}",,Finviz via finvizfinance screener views,2026-08-11T23:30:24+02:00,2026-08-05,,6,PEAD_WINDOW,
TMDX,Transmedics Group Inc,finviz_prefilter,eps_growth,,price_min;market_cap_min;avg_volume_min;revenue_growth;eps_growth;eps_next_year;operating_margin;earnings_window,False,"{'revenue_growth_yoy': 20.7, 'eps_growth_yoy': -55.84, 'eps_next_year': 54.47, 'operating_margin': 12.21}",,Finviz via finvizfinance screener views,2026-08-11T23:30:24+02:00,2026-08-04,,7,PEAD_WINDOW,"{'failed_gate': 'eps_growth', 'actual_value': -55.84, 'applicable_threshold': 30.0, 'distance_to_threshold': 85.84, 'distance_to_threshold_pct': 286.1333333333333, 'formula': 'minimo: distance = threshold - actual; pct = distance / abs(threshold) * 100'}"
TMUS,T-Mobile US Inc,finviz_prefilter,revenue_growth;eps_growth,,price_min;market_cap_min;avg_volume_min;revenue_growth;eps_growth;eps_next_year;operating_margin;earnings_window,False,"{'revenue_growth_yoy': 7.85, 'eps_growth_yoy': 5.4, 'eps_next_year': 27.43, 'operating_margin': 21.17}",,Finviz via finvizfinance screener views,2026-08-11T23:30:24+02:00,2026-07-23,,19,NORMAL,
TNGX,Tango Therapeutics Inc,finviz_prefilter,revenue_growth;eps_growth;eps_next_year;operating_margin;earnings_window,,price_min;market_cap_min;avg_volume_min;revenue_growth;eps_growth;eps_next_year;operating_margin;earnings_window,False,"{'revenue_growth_yoy': -100.0, 'eps_growth_yoy': 12.31, 'eps_next_year': -17.39, 'operating_margin': -2.0622}",,Finviz via finvizfinance screener views,2026-08-11T23:30:24+02:00,2026-08-11,0,,PRE_EARNINGS_BLACKOUT,
TPG,TPG Inc,finviz_prefilter,eps_growth,,price_min;market_cap_min;avg_volume_min;revenue_growth;eps_growth;eps_next_year;operating_margin;earnings_window,False,"{'revenue_growth_yoy': 99.00999999999999, 'eps_growth_yoy': 8.3283, 'eps_next_year': 26.85, 'operating_margin': 15.36}",,Finviz via finvizfinance screener views,2026-08-11T23:30:24+02:00,2026-08-04,,7,PEAD_WINDOW,"{'failed_gate': 'eps_growth', 'actual_value': 8.3283, 'applicable_threshold': 20.0, 'distance_to_threshold': 11.6717, 'distance_to_threshold_pct': 58.3585, 'formula': 'minimo: distance = threshold - actual; pct = distance / abs(threshold) * 100'}"
TRI,Thomson-Reuters Corp,finviz_prefilter,revenue_growth;eps_next_year,,price_min;market_cap_min;avg_volume_min;revenue_growth;eps_growth;eps_next_year;operating_margin;earnings_window,False,"{'revenue_growth_yoy': 9.47, 'eps_growth_yoy': 47.38, 'eps_next_year': 14.37, 'operating_margin': 26.85}",,Finviz via finvizfinance screener views,2026-08-11T23:30:24+02:00,2026-08-05,,6,PEAD_WINDOW,
TRMB,Trimble Inc,finviz_prefilter,revenue_growth;eps_next_year;earnings_window,,price_min;market_cap_min;avg_volume_min;revenue_growth;eps_growth;eps_next_year;operating_margin;earnings_window,False,"{'revenue_growth_yoy': 11.81, 'eps_growth_yoy': 54.120000000000005, 'eps_next_year': 13.63, 'operating_margin': 18.240000000000002}",,Finviz via finvizfinance screener views,2026-08-11T23:30:24+02:00,2026-08-12,1,,PRE_EARNINGS_BLACKOUT,
TRMD,Torm Plc,finviz_prefilter,eps_next_year,,price_min;market_cap_min;avg_volume_min;revenue_growth;eps_growth;eps_next_year;operating_margin;earnings_window,False,"{'revenue_growth_yoy': 22.15, 'eps_growth_yoy': 91.51, 'eps_next_year': -48.7, 'operating_margin': 28.410000000000004}",,Finviz via finvizfinance screener views,2026-08-11T23:30:24+02:00,2026-05-13,,90,NORMAL,"{'failed_gate': 'eps_next_year', 'actual_value': -48.7, 'applicable_threshold': 15.0, 'distance_to_threshold': 63.7, 'distance_to_threshold_pct': 424.6666666666667, 'formula': 'minimo: distance = threshold - actual; pct = distance / abs(threshold) * 100'}"
TROW,T. Rowe Price Group Inc,finviz_prefilter,revenue_growth;eps_growth,,price_min;market_cap_min;avg_volume_min;revenue_growth;eps_growth;eps_next_year;operating_margin;earnings_window,False,"{'revenue_growth_yoy': 10.68, 'eps_growth_yoy': 28.62, 'eps_next_year': 56.99999999999999, 'operating_margin': 36.93}",,Finviz via finvizfinance screener views,2026-08-11T23:30:24+02:00,2026-07-31,,11,PEAD_WINDOW,
TSCO,Tractor Supply Co,finviz_prefilter,revenue_growth;eps_growth;eps_next_year,,price_min;market_cap_min;avg_volume_min;revenue_growth;eps_growth;eps_next_year;operating_margin;earnings_window,False,"{'revenue_growth_yoy': 2.29, 'eps_growth_yoy': -14.899999999999999, 'eps_next_year': 6.17, 'operating_margin': 8.91}",,Finviz via finvizfinance screener views,2026-08-11T23:30:24+02:00,2026-07-23,,19,NORMAL,
TSLA,Tesla Inc,finviz_prefilter,eps_growth;operating_margin,,price_min;market_cap_min;avg_volume_min;revenue_growth;eps_growth;eps_next_year;operating_margin;earnings_window,False,"{'revenue_growth_yoy': 25.52, 'eps_growth_yoy': -5.5, 'eps_next_year': 32.72, 'operating_margin': 4.61}",,Finviz via finvizfinance screener views,2026-08-11T23:30:24+02:00,2026-07-22,,20,NORMAL,
TTAN,ServiceTitan Inc,finviz_prefilter,operating_margin,,price_min;market_cap_min;avg_volume_min;revenue_growth;eps_growth;eps_next_year;operating_margin;earnings_window,False,"{'revenue_growth_yoy': 24.63, 'eps_growth_yoy': 53.2, 'eps_next_year': 25.17, 'operating_margin': -13.94}",,Finviz via finvizfinance screener views,2026-08-11T23:30:24+02:00,2026-06-04,,68,NORMAL,"{'failed_gate': 'operating_margin', 'actual_value': -13.94, 'applicable_threshold': 8.0, 'distance_to_threshold': 21.939999999999998, 'distance_to_threshold_pct': 274.25, 'formula': 'minimo: distance = threshold - actual; pct = distance / abs(threshold) * 100'}"
TTEK,Tetra Tech Inc,finviz_prefilter,revenue_growth;eps_growth;eps_next_year,,price_min;market_cap_min;avg_volume_min;revenue_growth;eps_growth;eps_next_year;operating_margin;earnings_window,False,"{'revenue_growth_yoy': -4.47, 'eps_growth_yoy': -1.8599999999999999, 'eps_next_year': 10.19, 'operating_margin': 11.73}",,Finviz via finvizfinance screener views,2026-08-11T23:30:24+02:00,2026-07-29,,13,PEAD_WINDOW,
TTWO,Take-Two Interactive Software Inc,finviz_prefilter,revenue_growth;eps_growth;operating_margin,,price_min;market_cap_min;avg_volume_min;revenue_growth;eps_growth;eps_next_year;operating_margin;earnings_window,False,"{'revenue_growth_yoy': 2.0, 'eps_growth_yoy': -1.7827, 'eps_next_year': 49.75, 'operating_margin': -1.71}",,Finviz via finvizfinance screener views,2026-08-11T23:30:24+02:00,2026-08-07,,4,PEAD_WINDOW,
TVTX,Travere Therapeutics Inc,finviz_prefilter,eps_growth;operating_margin,,price_min;market_cap_min;avg_volume_min;revenue_growth;eps_growth;eps_next_year;operating_margin;earnings_window,False,"{'revenue_growth_yoy': 48.17, 'eps_growth_yoy': -1.5955, 'eps_next_year': 9888.53, 'operating_margin': -6.84}",,Finviz via finvizfinance screener views,2026-08-11T23:30:24+02:00,2026-08-04,,7,PEAD_WINDOW,
TW,Tradeweb Markets Inc,finviz_prefilter,revenue_growth;eps_growth;eps_next_year,,price_min;market_cap_min;avg_volume_min;revenue_growth;eps_growth;eps_next_year;operating_margin;earnings_window,False,"{'revenue_growth_yoy': 8.959999999999999, 'eps_growth_yoy': 19.18, 'eps_next_year': 13.39, 'operating_margin': 43.61}",,Finviz via finvizfinance screener views,2026-08-11T23:30:24+02:00,2026-07-30,,12,PEAD_WINDOW,
TWST,Twist Bioscience Corp,finviz_prefilter,eps_growth;operating_margin,,price_min;market_cap_min;avg_volume_min;revenue_growth;eps_growth;eps_next_year;operating_margin;earnings_window,False,"{'revenue_growth_yoy': 23.24, 'eps_growth_yoy': -2.6848, 'eps_next_year': 35.08, 'operating_margin': -31.91}",,Finviz via finvizfinance screener views,2026-08-11T23:30:24+02:00,2026-08-03,,8,PEAD_WINDOW,
TXG,10x Genomics Inc,finviz_prefilter,revenue_growth;eps_growth;eps_next_year;operating_margin,,price_min;market_cap_min;avg_volume_min;revenue_growth;eps_growth;eps_next_year;operating_margin;earnings_window,False,"{'revenue_growth_yoy': -12.65, 'eps_growth_yoy': -149.75, 'eps_next_year': 4.03, 'operating_margin': -14.12}",,Finviz via finvizfinance screener views,2026-08-11T23:30:24+02:00,2026-08-06,,5,PEAD_WINDOW,
TXRH,Texas Roadhouse Inc,finviz_prefilter,revenue_growth;eps_growth,,price_min;market_cap_min;avg_volume_min;revenue_growth;eps_growth;eps_next_year;operating_margin;earnings_window,False,"{'revenue_growth_yoy': 11.110000000000001, 'eps_growth_yoy': -0.72, 'eps_next_year': 18.48, 'operating_margin': 8.24}",,Finviz via finvizfinance screener views,2026-08-11T23:30:24+02:00,2026-08-06,,5,PEAD_WINDOW,
UAL,United Airlines Holdings Inc,finviz_prefilter,revenue_growth;eps_growth;operating_margin,,price_min;market_cap_min;avg_volume_min;revenue_growth;eps_growth;eps_next_year;operating_margin;earnings_window,False,"{'revenue_growth_yoy': 15.989999999999998, 'eps_growth_yoy': -17.11, 'eps_next_year': 48.3, 'operating_margin': 6.77}",,Finviz via finvizfinance screener views,2026-08-11T23:30:24+02:00,2026-07-15,,27,NORMAL,
UBSI,United Bankshares Inc,finviz_prefilter,revenue_growth;eps_growth;eps_next_year,,price_min;market_cap_min;avg_volume_min;revenue_growth;eps_growth;eps_next_year;operating_margin;earnings_window,False,"{'revenue_growth_yoy': 0.9199999999999999, 'eps_growth_yoy': 12.11, 'eps_next_year': 4.04, 'operating_margin': 35.0}",,Finviz via finvizfinance screener views,2026-08-11T23:30:24+02:00,2026-07-23,,19,NORMAL,
UCTT,Ultra Clean Hldgs Inc,finviz_prefilter,operating_margin,,price_min;market_cap_min;avg_volume_min;revenue_growth;eps_growth;eps_next_year;operating_margin;earnings_window,False,"{'revenue_growth_yoy': 24.310000000000002, 'eps_growth_yoy': 105.25999999999999, 'eps_next_year': 106.91, 'operating_margin': 2.8400000000000003}",,Finviz via finvizfinance screener views,2026-08-11T23:30:24+02:00,2026-08-03,,8,PEAD_WINDOW,"{'failed_gate': 'operating_margin', 'actual_value': 2.8400000000000003, 'applicable_threshold': 8.0, 'distance_to_threshold': 5.16, 'distance_to_threshold_pct': 64.5, 'formula': 'minimo: distance = threshold - actual; pct = distance / abs(threshold) * 100'}"
UPST,Upstart Holdings Inc,finviz_prefilter,eps_growth;operating_margin,,price_min;market_cap_min;avg_volume_min;revenue_growth;eps_growth;eps_next_year;operating_margin;earnings_window,False,"{'revenue_growth_yoy': 41.75, 'eps_growth_yoy': 1.855, 'eps_next_year': 163.29, 'operating_margin': 3.9899999999999998}",,Finviz via finvizfinance screener views,2026-08-11T23:30:24+02:00,2026-08-04,,7,PEAD_WINDOW,
URBN,Urban Outfitters Inc,finviz_prefilter,revenue_growth;eps_growth;eps_next_year,,price_min;market_cap_min;avg_volume_min;revenue_growth;eps_growth;eps_next_year;operating_margin;earnings_window,False,"{'revenue_growth_yoy': 11.42, 'eps_growth_yoy': 12.41, 'eps_next_year': 9.26, 'operating_margin': 9.8}",,Finviz via finvizfinance screener views,2026-08-11T23:30:24+02:00,2026-08-26,15,,NORMAL,
URGN,UroGen Pharma Ltd,finviz_prefilter,revenue_growth;operating_margin,,price_min;market_cap_min;avg_volume_min;revenue_growth;eps_growth;eps_next_year;operating_margin;earnings_window,False,"{'revenue_growth_yoy': 1.9922, 'eps_growth_yoy': 72.78, 'eps_next_year': 1454.19, 'operating_margin': -35.32}",,Finviz via finvizfinance screener views,2026-08-11T23:30:24+02:00,2026-08-05,,6,PEAD_WINDOW,
USAR,USA Rare Earth Inc,finviz_prefilter,operating_margin,revenue_growth;eps_growth,price_min;market_cap_min;avg_volume_min;eps_next_year;operating_margin;earnings_window,False,"{'revenue_growth_yoy': None, 'eps_growth_yoy': 96.87, 'eps_next_year': 76.57, 'operating_margin': -9.4948}",,Finviz via finvizfinance screener views,2026-08-11T23:30:24+02:00,2026-08-10,,1,PEAD_WINDOW,"{'failed_gate': 'operating_margin', 'actual_value': -9.4948, 'applicable_threshold': 8.0, 'distance_to_threshold': 17.494799999999998, 'distance_to_threshold_pct': 218.68499999999997, 'formula': 'minimo: distance = threshold - actual; pct = distance / abs(threshold) * 100'}"
VCYT,Veracyte Inc,finviz_prefilter,revenue_growth;eps_growth;eps_next_year,,price_min;market_cap_min;avg_volume_min;revenue_growth;eps_growth;eps_next_year;operating_margin;earnings_window,False,"{'revenue_growth_yoy': 15.49, 'eps_growth_yoy': 25.848, 'eps_next_year': 2.14, 'operating_margin': 17.22}",,Finviz via finvizfinance screener views,2026-08-11T23:30:24+02:00,2026-07-30,,12,PEAD_WINDOW,
VECO,Veeco Instruments Inc,finviz_prefilter,revenue_growth;eps_growth;operating_margin,,price_min;market_cap_min;avg_volume_min;revenue_growth;eps_growth;eps_next_year;operating_margin;earnings_window,False,"{'revenue_growth_yoy': 16.48, 'eps_growth_yoy': -9.8, 'eps_next_year': 109.02, 'operating_margin': 4.26}",,Finviz via finvizfinance screener views,2026-08-11T23:30:24+02:00,2026-08-05,,6,PEAD_WINDOW,
VIAV,Viavi Solutions Inc,finviz_prefilter,eps_growth,,price_min;market_cap_min;avg_volume_min;revenue_growth;eps_growth;eps_next_year;operating_margin;earnings_window,False,"{'revenue_growth_yoy': 52.53, 'eps_growth_yoy': 2.6932, 'eps_next_year': 22.72, 'operating_margin': 10.39}",,Finviz via finvizfinance screener views,2026-08-11T23:30:24+02:00,2026-08-05,,6,PEAD_WINDOW,"{'failed_gate': 'eps_growth', 'actual_value': 2.6932, 'applicable_threshold': 20.0, 'distance_to_threshold': 17.3068, 'distance_to_threshold_pct': 86.534, 'formula': 'minimo: distance = threshold - actual; pct = distance / abs(threshold) * 100'}"
VICR,Vicor Corp,finviz_prefilter,eps_growth,,price_min;market_cap_min;avg_volume_min;revenue_growth;eps_growth;eps_next_year;operating_margin;earnings_window,False,"{'revenue_growth_yoy': 49.25, 'eps_growth_yoy': 14.17, 'eps_next_year': 73.22, 'operating_margin': 18.64}",,Finviz via finvizfinance screener views,2026-08-11T23:30:24+02:00,2026-07-21,,21,NORMAL,"{'failed_gate': 'eps_growth', 'actual_value': 14.17, 'applicable_threshold': 20.0, 'distance_to_threshold': 5.83, 'distance_to_threshold_pct': 29.15, 'formula': 'minimo: distance = threshold - actual; pct = distance / abs(threshold) * 100'}"
VNOM,Viper Energy Inc,finviz_prefilter,eps_growth;eps_next_year,,price_min;market_cap_min;avg_volume_min;revenue_growth;eps_growth;eps_next_year;operating_margin;earnings_window,False,"{'revenue_growth_yoy': 129.26999999999998, 'eps_growth_yoy': 1.5799, 'eps_next_year': -11.1, 'operating_margin': 48.86}",,Finviz via finvizfinance screener views,2026-08-11T23:30:24+02:00,2026-08-03,,8,PEAD_WINDOW,
VRDN,Viridian Therapeutics Inc,finviz_prefilter,revenue_growth;eps_growth;operating_margin,,price_min;market_cap_min;avg_volume_min;revenue_growth;eps_growth;eps_next_year;operating_margin;earnings_window,False,"{'revenue_growth_yoy': 2.7867, 'eps_growth_yoy': 4.5600000000000005, 'eps_next_year': 34.08, 'operating_margin': -5.6968}",,Finviz via finvizfinance screener views,2026-08-11T23:30:24+02:00,2026-08-06,,5,PEAD_WINDOW,
VRNS,Varonis Systems Inc,finviz_prefilter,revenue_growth;eps_growth;operating_margin,,price_min;market_cap_min;avg_volume_min;revenue_growth;eps_growth;eps_next_year;operating_margin;earnings_window,False,"{'revenue_growth_yoy': 18.84, 'eps_growth_yoy': -27.529999999999998, 'eps_next_year': 178.96, 'operating_margin': -24.01}",,Finviz via finvizfinance screener views,2026-08-11T23:30:24+02:00,2026-07-28,,14,PEAD_WINDOW,
VRSK,Verisk Analytics Inc,finviz_prefilter,revenue_growth;eps_growth;eps_next_year,,price_min;market_cap_min;avg_volume_min;revenue_growth;eps_growth;eps_next_year;operating_margin;earnings_window,False,"{'revenue_growth_yoy': 4.36, 'eps_growth_yoy': -3.2099999999999995, 'eps_next_year': 12.93, 'operating_margin': 44.81}",,Finviz via finvizfinance screener views,2026-08-11T23:30:24+02:00,2026-07-29,,13,PEAD_WINDOW,
VRSN,Verisign Inc,finviz_prefilter,revenue_growth;eps_growth;eps_next_year,,price_min;market_cap_min;avg_volume_min;revenue_growth;eps_growth;eps_next_year;operating_margin;earnings_window,False,"{'revenue_growth_yoy': 6.03, 'eps_growth_yoy': 7.71, 'eps_next_year': 13.27, 'operating_margin': 67.86}",,Finviz via finvizfinance screener views,2026-08-11T23:30:24+02:00,2026-07-23,,19,NORMAL,
VRTX,Vertex Pharmaceuticals Inc,finviz_prefilter,revenue_growth;eps_growth;eps_next_year,,price_min;market_cap_min;avg_volume_min;revenue_growth;eps_growth;eps_next_year;operating_margin;earnings_window,False,"{'revenue_growth_yoy': 11.99, 'eps_growth_yoy': 8.02, 'eps_next_year': 13.49, 'operating_margin': 39.54}",,Finviz via finvizfinance screener views,2026-08-11T23:30:24+02:00,2026-08-03,,8,PEAD_WINDOW,
VSAT,Viasat Inc,finviz_prefilter,revenue_growth;eps_growth;operating_margin,,price_min;market_cap_min;avg_volume_min;revenue_growth;eps_growth;eps_next_year;operating_margin;earnings_window,False,"{'revenue_growth_yoy': -1.24, 'eps_growth_yoy': 12.030000000000001, 'eps_next_year': 31.0, 'operating_margin': 2.35}",,Finviz via finvizfinance screener views,2026-08-11T23:30:24+02:00,2026-08-04,,7,PEAD_WINDOW,
VSNT,Versant Media Group Inc,finviz_prefilter,revenue_growth;eps_growth,,price_min;market_cap_min;avg_volume_min;revenue_growth;eps_growth;eps_next_year;operating_margin;earnings_window,False,"{'revenue_growth_yoy': -3.75, 'eps_growth_yoy': -28.54, 'eps_next_year': 63.27, 'operating_margin': 19.29}",,Finviz via finvizfinance screener views,2026-08-11T23:30:24+02:00,2026-08-06,,5,PEAD_WINDOW,
VTRS,Viatris Inc,finviz_prefilter,revenue_growth;eps_growth;eps_next_year,,price_min;market_cap_min;avg_volume_min;revenue_growth;eps_growth;eps_next_year;operating_margin;earnings_window,False,"{'revenue_growth_yoy': 5.050000000000001, 'eps_growth_yoy': -25.1795, 'eps_next_year': 7.17, 'operating_margin': 9.69}",,Finviz via finvizfinance screener views,2026-08-11T23:30:24+02:00,2026-08-06,,5,PEAD_WINDOW,
WAY,Waystar Holding Corp,finviz_prefilter,revenue_growth;eps_growth;eps_next_year,,price_min;market_cap_min;avg_volume_min;revenue_growth;eps_growth;eps_next_year;operating_margin;earnings_window,False,"{'revenue_growth_yoy': 18.11, 'eps_growth_yoy': 18.57, 'eps_next_year': 12.63, 'operating_margin': 25.36}",,Finviz via finvizfinance screener views,2026-08-11T23:30:24+02:00,2026-07-29,,13,PEAD_WINDOW,
WBD,Warner Bros. Discovery Inc,finviz_prefilter,revenue_growth;eps_growth;operating_margin,,price_min;market_cap_min;avg_volume_min;revenue_growth;eps_growth;eps_next_year;operating_margin;earnings_window,False,"{'revenue_growth_yoy': -11.07, 'eps_growth_yoy': -90.84, 'eps_next_year': 93.86, 'operating_margin': 7.000000000000001}",,Finviz via finvizfinance screener views,2026-08-11T23:30:24+02:00,2026-08-06,,5,PEAD_WINDOW,
WDAY,Workday Inc,finviz_prefilter,revenue_growth;eps_growth,,price_min;market_cap_min;avg_volume_min;revenue_growth;eps_growth;eps_next_year;operating_margin;earnings_window,False,"{'revenue_growth_yoy': 14.29, 'eps_growth_yoy': 2.4694, 'eps_next_year': 17.31, 'operating_margin': 12.34}",,Finviz via finvizfinance screener views,2026-08-11T23:30:24+02:00,2026-08-27,16,,NORMAL,
WDC,Western Digital Corp,finviz_prefilter,eps_growth,,price_min;market_cap_min;avg_volume_min;revenue_growth;eps_growth;eps_next_year;operating_margin;earnings_window,False,"{'revenue_growth_yoy': 43.84, 'eps_growth_yoy': 9.8514, 'eps_next_year': 60.98, 'operating_margin': 35.58}",,Finviz via finvizfinance screener views,2026-08-11T23:30:24+02:00,2026-08-05,,6,PEAD_WINDOW,"{'failed_gate': 'eps_growth', 'actual_value': 9.8514, 'applicable_threshold': 20.0, 'distance_to_threshold': 10.1486, 'distance_to_threshold_pct': 50.743, 'formula': 'minimo: distance = threshold - actual; pct = distance / abs(threshold) * 100'}"
WERN,Werner Enterprises Inc,finviz_prefilter,eps_growth;operating_margin,,price_min;market_cap_min;avg_volume_min;revenue_growth;eps_growth;eps_next_year;operating_margin;earnings_window,False,"{'revenue_growth_yoy': 24.0, 'eps_growth_yoy': -85.41, 'eps_next_year': 90.57, 'operating_margin': 0.7000000000000001}",,Finviz via finvizfinance screener views,2026-08-11T23:30:24+02:00,2026-07-28,,14,PEAD_WINDOW,
WFRD,Weatherford International plc,finviz_prefilter,revenue_growth;eps_growth,,price_min;market_cap_min;avg_volume_min;revenue_growth;eps_growth;eps_next_year;operating_margin;earnings_window,False,"{'revenue_growth_yoy': -8.219999999999999, 'eps_growth_yoy': -71.24000000000001, 'eps_next_year': 36.68, 'operating_margin': 14.42}",,Finviz via finvizfinance screener views,2026-08-11T23:30:24+02:00,2026-07-21,,21,NORMAL,
WGS,GeneDx Holdings Corp,finviz_prefilter,revenue_growth;eps_growth;operating_margin,,price_min;market_cap_min;avg_volume_min;revenue_growth;eps_growth;eps_next_year;operating_margin;earnings_window,False,"{'revenue_growth_yoy': 11.44, 'eps_growth_yoy': -2.6435, 'eps_next_year': 1321.48, 'operating_margin': -12.49}",,Finviz via finvizfinance screener views,2026-08-11T23:30:24+02:00,2026-08-03,,8,PEAD_WINDOW,
WING,Wingstop Inc,finviz_prefilter,revenue_growth;eps_growth,,price_min;market_cap_min;avg_volume_min;revenue_growth;eps_growth;eps_next_year;operating_margin;earnings_window,False,"{'revenue_growth_yoy': 6.4399999999999995, 'eps_growth_yoy': 20.11, 'eps_next_year': 20.76, 'operating_margin': 28.77}",,Finviz via finvizfinance screener views,2026-08-11T23:30:24+02:00,2026-07-29,,13,PEAD_WINDOW,
WIX,Wix.com Ltd,finviz_prefilter,revenue_growth;eps_growth;operating_margin,,price_min;market_cap_min;avg_volume_min;revenue_growth;eps_growth;eps_next_year;operating_margin;earnings_window,False,"{'revenue_growth_yoy': 14.93, 'eps_growth_yoy': -2.8372, 'eps_next_year': 51.06, 'operating_margin': -3.1399999999999997}",,Finviz via finvizfinance screener views,2026-08-11T23:30:24+02:00,2026-08-04,,7,PEAD_WINDOW,
WMG,Warner Music Group Corp,finviz_prefilter,revenue_growth;eps_growth,,price_min;market_cap_min;avg_volume_min;revenue_growth;eps_growth;eps_next_year;operating_margin;earnings_window,False,"{'revenue_growth_yoy': 10.36, 'eps_growth_yoy': 13.4853, 'eps_next_year': 21.8, 'operating_margin': 18.77}",,Finviz via finvizfinance screener views,2026-08-11T23:30:24+02:00,2026-08-05,,6,PEAD_WINDOW,
WMT,Walmart Inc,finviz_prefilter,revenue_growth;eps_growth;eps_next_year;operating_margin,,price_min;market_cap_min;avg_volume_min;revenue_growth;eps_growth;eps_next_year;operating_margin;earnings_window,False,"{'revenue_growth_yoy': 7.33, 'eps_growth_yoy': 19.56, 'eps_next_year': 13.04, 'operating_margin': 4.16}",,Finviz via finvizfinance screener views,2026-08-11T23:30:24+02:00,2026-08-20,9,,NORMAL,
WSBC,Wesbanco Inc,finviz_prefilter,revenue_growth;eps_next_year,,price_min;market_cap_min;avg_volume_min;revenue_growth;eps_growth;eps_next_year;operating_margin;earnings_window,False,"{'revenue_growth_yoy': 1.24, 'eps_growth_yoy': 59.650000000000006, 'eps_next_year': 8.05, 'operating_margin': 30.669999999999998}",,Finviz via finvizfinance screener views,2026-08-11T23:30:24+02:00,2026-07-21,,21,NORMAL,
WSC,WillScot Holdings Corp,finviz_prefilter,revenue_growth;eps_growth,,price_min;market_cap_min;avg_volume_min;revenue_growth;eps_growth;eps_next_year;operating_margin;earnings_window,False,"{'revenue_growth_yoy': 3.92, 'eps_growth_yoy': -1.11, 'eps_next_year': 17.05, 'operating_margin': 20.549999999999997}",,Finviz via finvizfinance screener views,2026-08-11T23:30:24+02:00,2026-08-06,,5,PEAD_WINDOW,
WULF,TeraWulf Inc,finviz_prefilter,revenue_growth;eps_growth;operating_margin,,price_min;market_cap_min;avg_volume_min;revenue_growth;eps_growth;eps_next_year;operating_margin;earnings_window,False,"{'revenue_growth_yoy': -6.02, 'eps_growth_yoy': -39.7368, 'eps_next_year': 91.95, 'operating_margin': -2.2732}",,Finviz via finvizfinance screener views,2026-08-11T23:30:24+02:00,2026-08-05,,6,PEAD_WINDOW,
WWD,Woodward Inc,finviz_prefilter,eps_next_year,,price_min;market_cap_min;avg_volume_min;revenue_growth;eps_growth;eps_next_year;operating_margin;earnings_window,False,"{'revenue_growth_yoy': 21.22, 'eps_growth_yoy': 36.29, 'eps_next_year': 13.55, 'operating_margin': 15.840000000000002}",,Finviz via finvizfinance screener views,2026-08-11T23:30:24+02:00,2026-07-29,,13,PEAD_WINDOW,"{'failed_gate': 'eps_next_year', 'actual_value': 13.55, 'applicable_threshold': 15.0, 'distance_to_threshold': 1.4499999999999993, 'distance_to_threshold_pct': 9.666666666666663, 'formula': 'minimo: distance = threshold - actual; pct = distance / abs(threshold) * 100'}"
WYNN,Wynn Resorts Ltd,finviz_prefilter,revenue_growth;eps_next_year,,price_min;market_cap_min;avg_volume_min;revenue_growth;eps_growth;eps_next_year;operating_margin;earnings_window,False,"{'revenue_growth_yoy': 6.859999999999999, 'eps_growth_yoy': 106.71, 'eps_next_year': 7.72, 'operating_margin': 16.3}",,Finviz via finvizfinance screener views,2026-08-11T23:30:24+02:00,2026-08-04,,7,PEAD_WINDOW,
XE,X-Energy Inc,finviz_prefilter,earnings_window,revenue_growth;eps_growth;operating_margin,price_min;market_cap_min;avg_volume_min;eps_next_year;earnings_window,False,"{'revenue_growth_yoy': None, 'eps_growth_yoy': None, 'eps_next_year': 137.0, 'operating_margin': None}",,Finviz via finvizfinance screener views,2026-08-11T23:30:24+02:00,2026-08-13,2,,PRE_EARNINGS_BLACKOUT,"{'failed_gate': 'earnings_window', 'actual_value': 2, 'applicable_threshold': 7, 'distance_to_threshold': 3, 'distance_to_threshold_pct': None, 'days_to_exit_blackout': 3, 'formula': 'days_to_exit_blackout = days_to_earnings + 1 (giorni; nessuna %)'}"
XEL,Xcel Energy Inc,finviz_prefilter,revenue_growth;eps_growth;eps_next_year,,price_min;market_cap_min;avg_volume_min;revenue_growth;eps_growth;eps_next_year;operating_margin;earnings_window,False,"{'revenue_growth_yoy': -4.9399999999999995, 'eps_growth_yoy': 23.77, 'eps_next_year': 10.46, 'operating_margin': 21.16}",,Finviz via finvizfinance screener views,2026-08-11T23:30:24+02:00,2026-07-30,,12,PEAD_WINDOW,
XMTR,Xometry Inc,finviz_prefilter,operating_margin,,price_min;market_cap_min;avg_volume_min;revenue_growth;eps_growth;eps_next_year;operating_margin;earnings_window,False,"{'revenue_growth_yoy': 35.88, 'eps_growth_yoy': 66.12, 'eps_next_year': 82.02, 'operating_margin': -4.66}",,Finviz via finvizfinance screener views,2026-08-11T23:30:24+02:00,2026-08-04,,7,PEAD_WINDOW,"{'failed_gate': 'operating_margin', 'actual_value': -4.66, 'applicable_threshold': 8.0, 'distance_to_threshold': 12.66, 'distance_to_threshold_pct': 158.25, 'formula': 'minimo: distance = threshold - actual; pct = distance / abs(threshold) * 100'}"
XP,XP Inc,finviz_prefilter,revenue_growth;eps_growth;earnings_window,,price_min;market_cap_min;avg_volume_min;revenue_growth;eps_growth;eps_next_year;operating_margin;earnings_window,False,"{'revenue_growth_yoy': 19.3, 'eps_growth_yoy': 21.12, 'eps_next_year': 15.28, 'operating_margin': 31.86}",,Finviz via finvizfinance screener views,2026-08-11T23:30:24+02:00,2026-08-17,6,,PRE_EARNINGS_BLACKOUT,
Z,Zillow Group Inc,finviz_prefilter,revenue_growth;eps_growth;operating_margin,,price_min;market_cap_min;avg_volume_min;revenue_growth;eps_growth;eps_next_year;operating_margin;earnings_window,False,"{'revenue_growth_yoy': 17.86, 'eps_growth_yoy': -3.2, 'eps_next_year': 28.91, 'operating_margin': 1.78}",,Finviz via finvizfinance screener views,2026-08-11T23:30:24+02:00,2026-08-05,,6,PEAD_WINDOW,
ZBIO,Zenas Biopharma Inc,finviz_prefilter,revenue_growth;eps_growth,operating_margin,price_min;market_cap_min;avg_volume_min;revenue_growth;eps_growth;eps_next_year;earnings_window,False,"{'revenue_growth_yoy': -100.0, 'eps_growth_yoy': -81.27, 'eps_next_year': 90.0, 'operating_margin': None}",,Finviz via finvizfinance screener views,2026-08-11T23:30:24+02:00,2026-05-13,,90,NORMAL,
ZBRA,Zebra Technologies Corp,finviz_prefilter,revenue_growth;eps_next_year,,price_min;market_cap_min;avg_volume_min;revenue_growth;eps_growth;eps_next_year;operating_margin;earnings_window,False,"{'revenue_growth_yoy': 19.07, 'eps_growth_yoy': 121.66, 'eps_next_year': 5.21, 'operating_margin': 17.16}",,Finviz via finvizfinance screener views,2026-08-11T23:30:24+02:00,2026-08-04,,7,PEAD_WINDOW,
ZG,Zillow Group Inc,finviz_prefilter,revenue_growth;eps_growth;operating_margin,,price_min;market_cap_min;avg_volume_min;revenue_growth;eps_growth;eps_next_year;operating_margin;earnings_window,False,"{'revenue_growth_yoy': 17.86, 'eps_growth_yoy': -3.2, 'eps_next_year': 29.65, 'operating_margin': 1.78}",,Finviz via finvizfinance screener views,2026-08-11T23:30:24+02:00,2026-08-05,,6,PEAD_WINDOW,
ZION,Zions Bancorporation N.A,finviz_prefilter,revenue_growth;eps_next_year,,price_min;market_cap_min;avg_volume_min;revenue_growth;eps_growth;eps_next_year;operating_margin;earnings_window,False,"{'revenue_growth_yoy': 19.1, 'eps_growth_yoy': 86.9, 'eps_next_year': -14.23, 'operating_margin': 29.060000000000002}",,Finviz via finvizfinance screener views,2026-08-11T23:30:24+02:00,2026-07-20,,22,NORMAL,
ZM,Zoom Communications Inc,finviz_prefilter,revenue_growth;eps_next_year,,price_min;market_cap_min;avg_volume_min;revenue_growth;eps_growth;eps_next_year;operating_margin;earnings_window,False,"{'revenue_growth_yoy': 5.47, 'eps_growth_yoy': 74.18, 'eps_next_year': 3.95, 'operating_margin': 24.169999999999998}",,Finviz via finvizfinance screener views,2026-08-11T23:30:24+02:00,2026-08-25,14,,NORMAL,
ZS,Zscaler Inc,finviz_prefilter,eps_growth;eps_next_year;operating_margin,,price_min;market_cap_min;avg_volume_min;revenue_growth;eps_growth;eps_next_year;operating_margin;earnings_window,False,"{'revenue_growth_yoy': 25.430000000000003, 'eps_growth_yoy': -2.2481, 'eps_next_year': 11.24, 'operating_margin': -4.47}",,Finviz via finvizfinance screener views,2026-08-11T23:30:24+02:00,2026-09-03,23,,NORMAL,
ADI,Analog Devices Inc,tradingview_gates,price_above_sma50;ema21_above_ema50;rsi14;performance_21d,,price_min;market_cap_min;avg_volume_min;price_above_sma50;sma50_above_sma150;sma150_above_sma200;ema21_above_ema50;within_25pct_52w_high;rsi14;atr_pct;rvol20_data_available;performance_21d;distance_resistance_hard;no_extended_move_10d;revenue_growth;eps_growth;eps_next_year;operating_margin;earnings_window;market_regime_allows_new_entries,True,"{'price': 385.3, 'price_tv': 385.3, 'price_finviz': 385.3, 'sma50': 393.73690000000005, 'sma150': 362.71826666666664, 'sma200': 336.06175, 'ema21': 379.89868072716047, 'ema50': 385.04472371255326, 'rsi14': 51.96522578587847, 'atr14': 14.099637203247896, 'atr_pct': 3.6593919551642604, 'rvol20': 0.5985950309116435, 'performance_21d_pct': -0.18393305872904664, 'distance_52w_high_pct': 13.592428965486311, 'distance_resistance_pct': 15.730599532831564, 'move_10d_pct': 5.322144165322706, 'structural_trend_pass': False}",pattern;previous_revenue_growth_yoy;shares_change_6m_pct,TradingView MCP + Finviz via finvizfinance screener views,2026-08-11T23:30:58+02:00,2026-08-19,8,,NORMAL,
AEIS,Advanced Energy Industries Inc,tradingview_gates,ema21_above_ema50;rsi14,,price_min;market_cap_min;avg_volume_min;price_above_sma50;sma50_above_sma150;sma150_above_sma200;ema21_above_ema50;within_25pct_52w_high;rsi14;atr_pct;rvol20_data_available;performance_21d;distance_resistance_hard;no_extended_move_10d;revenue_growth;eps_growth;eps_next_year;operating_margin;earnings_window;market_regime_allows_new_entries,True,"{'price': 327.59, 'price_tv': 327.59, 'price_finviz': 327.59, 'sma50': 319.6621, 'sma150': 318.15796666666665, 'sma200': 291.362875, 'ema21': 310.47581726193334, 'ema50': 316.64678296826145, 'rsi14': 54.71502486799349, 'atr14': 21.999754903872375, 'atr_pct': 6.715636894860154, 'rvol20': 0.7245202552680641, 'performance_21d_pct': 9.738041002277908, 'distance_52w_high_pct': 17.57497987117553, 'distance_resistance_pct': 18.987148569858682, 'move_10d_pct': 19.812010825835703, 'structural_trend_pass': True}",pattern;previous_revenue_growth_yoy;shares_change_6m_pct,TradingView MCP + Finviz via finvizfinance screener views,2026-08-11T23:31:12+02:00,2026-08-03,,8,PEAD_WINDOW,
AFRM,Affirm Holdings Inc,tradingview_gates,sma150_above_sma200;rsi14;performance_21d,,price_min;market_cap_min;avg_volume_min;price_above_sma50;sma50_above_sma150;sma150_above_sma200;ema21_above_ema50;within_25pct_52w_high;rsi14;atr_pct;rvol20_data_available;performance_21d;distance_resistance_hard;no_extended_move_10d;revenue_growth;eps_growth;eps_next_year;operating_margin;earnings_window;market_regime_allows_new_entries,True,"{'price': 76.705, 'price_tv': 76.705, 'price_finviz': 76.71, 'sma50': 75.0694, 'sma150': 64.49103333333333, 'sma200': 66.2842, 'ema21': 75.71904942011442, 'ema50': 74.0364817359928, 'rsi14': 52.329091753274824, 'atr14': 3.3741404569819076, 'atr_pct': 4.398853343304749, 'rvol20': 0.6272392560702027, 'performance_21d_pct': -6.377395337483227, 'distance_52w_high_pct': 23.295, 'distance_resistance_pct': 13.160810898898376, 'move_10d_pct': 5.946132596685083, 'structural_trend_pass': False}",pattern;previous_revenue_growth_yoy;shares_change_6m_pct,TradingView MCP + Finviz via finvizfinance screener views,2026-08-11T23:31:26+02:00,2026-08-27,16,,NORMAL,
APP,Applovin Corp,tradingview_gates,price_above_sma50;sma50_above_sma150;sma150_above_sma200;ema21_above_ema50;within_25pct_52w_high;rsi14;performance_21d,,price_min;market_cap_min;avg_volume_min;price_above_sma50;sma50_above_sma150;sma150_above_sma200;ema21_above_ema50;within_25pct_52w_high;rsi14;atr_pct;rvol20_data_available;performance_21d;distance_resistance_hard;no_extended_move_10d;revenue_growth;eps_growth;eps_next_year;operating_margin;earnings_window;market_regime_allows_new_entries,True,"{'price': 318.68, 'price_tv': 318.68, 'price_finviz': 318.68, 'sma50': 467.39840000000004, 'sma150': 471.61313333333334, 'sma200': 512.797275, 'ema21': 400.61814397484085, 'ema50': 440.3503392530289, 'rsi14': 28.419295412576858, 'atr14': 26.88909165071244, 'atr_pct': 8.43764643238121, 'rvol20': 1.130272106784493, 'performance_21d_pct': -28.038839336118325, 'distance_52w_high_pct': 57.25915693190811, 'distance_resistance_pct': 95.18011798669511, 'move_10d_pct': -23.800870355315386, 'structural_trend_pass': False}",pattern;previous_revenue_growth_yoy;shares_change_6m_pct,TradingView MCP + Finviz via finvizfinance screener views,2026-08-11T23:31:40+02:00,2026-08-05,,6,PEAD_WINDOW,
ARXS,Arxis Inc,tradingview_gates,,price_above_sma50;sma50_above_sma150;sma150_above_sma200;ema21_above_ema50;within_25pct_52w_high;rsi14;atr_pct;rvol20_data_available;performance_21d;distance_resistance_hard;no_extended_move_10d;revenue_growth;eps_growth;operating_margin,price_min;market_cap_min;avg_volume_min;eps_next_year;earnings_window;market_regime_allows_new_entries,False,"{'price': None, 'price_tv': None, 'price_finviz': 58.11, 'sma50': None, 'sma150': None, 'sma200': None, 'ema21': None, 'ema50': None, 'rsi14': None, 'atr14': None, 'atr_pct': None, 'rvol20': None, 'performance_21d_pct': None, 'distance_52w_high_pct': None, 'distance_resistance_pct': None, 'move_10d_pct': None, 'structural_trend_pass': False}",atr14;atr_pct;distance_52w_high_pct;distance_resistance_pct;ema21;ema50;eps_growth_yoy;gross_margin;move_10d_pct;operating_margin;pattern;performance_21d_pct;previous_revenue_growth_yoy;price;price_tv;resistance;revenue_growth_yoy;rsi14;rvol20;shares_change_6m_pct;sma150;sma200;sma50;week52_high,TradingView MCP + Finviz via finvizfinance screener views,2026-08-11T23:31:45+02:00,2026-07-29,,13,PEAD_WINDOW,
BLLN,Billiontoone Inc,tradingview_gates,,price_above_sma50;sma50_above_sma150;sma150_above_sma200;ema21_above_ema50;within_25pct_52w_high;rsi14;atr_pct;rvol20_data_available;performance_21d;distance_resistance_hard;no_extended_move_10d,price_min;market_cap_min;avg_volume_min;revenue_growth;eps_growth;eps_next_year;operating_margin;earnings_window;market_regime_allows_new_entries,False,"{'price': None, 'price_tv': None, 'price_finviz': 97.94, 'sma50': None, 'sma150': None, 'sma200': None, 'ema21': None, 'ema50': None, 'rsi14': None, 'atr14': None, 'atr_pct': None, 'rvol20': None, 'performance_21d_pct': None, 'distance_52w_high_pct': None, 'distance_resistance_pct': None, 'move_10d_pct': None, 'structural_trend_pass': False}",atr14;atr_pct;distance_52w_high_pct;distance_resistance_pct;ema21;ema50;move_10d_pct;pattern;performance_21d_pct;previous_revenue_growth_yoy;price;price_tv;resistance;rsi14;rvol20;shares_change_6m_pct;sma150;sma200;sma50;week52_high,TradingView MCP + Finviz via finvizfinance screener views,2026-08-11T23:32:18+02:00,2026-08-05,,6,PEAD_WINDOW,
BSP,Bending Spoons S.p.A,tradingview_gates,,price_above_sma50;sma50_above_sma150;sma150_above_sma200;ema21_above_ema50;within_25pct_52w_high;rsi14;atr_pct;rvol20_data_available;performance_21d;distance_resistance_hard;no_extended_move_10d;revenue_growth;eps_growth;operating_margin,price_min;market_cap_min;avg_volume_min;eps_next_year;earnings_window;market_regime_allows_new_entries,False,"{'price': None, 'price_tv': None, 'price_finviz': 53.44, 'sma50': None, 'sma150': None, 'sma200': None, 'ema21': None, 'ema50': None, 'rsi14': None, 'atr14': None, 'atr_pct': None, 'rvol20': None, 'performance_21d_pct': None, 'distance_52w_high_pct': None, 'distance_resistance_pct': None, 'move_10d_pct': None, 'structural_trend_pass': False}",atr14;atr_pct;distance_52w_high_pct;distance_resistance_pct;ema21;ema50;eps_growth_yoy;gross_margin;move_10d_pct;operating_margin;pattern;performance_21d_pct;previous_revenue_growth_yoy;price;price_tv;resistance;revenue_growth_yoy;rsi14;rvol20;shares_change_6m_pct;sma150;sma200;sma50;week52_high,TradingView MCP + Finviz via finvizfinance screener views,2026-08-11T23:32:32+02:00,2026-06-03,,69,NORMAL,
CAI,Caris Life Sciences Inc,tradingview_gates,sma50_above_sma150;sma150_above_sma200;within_25pct_52w_high;rsi14;performance_21d;distance_resistance_hard;no_extended_move_10d,,price_min;market_cap_min;avg_volume_min;price_above_sma50;sma50_above_sma150;sma150_above_sma200;ema21_above_ema50;within_25pct_52w_high;rsi14;atr_pct;rvol20_data_available;performance_21d;distance_resistance_hard;no_extended_move_10d;revenue_growth;eps_growth;eps_next_year;operating_margin;earnings_window;market_regime_allows_new_entries,True,"{'price': 23.14, 'price_tv': 23.14, 'price_finviz': 23.14, 'sma50': 17.417, 'sma150': 19.287666666666667, 'sma200': 21.249074999999998, 'ema21': 18.25495753641215, 'ema50': 17.702140952055387, 'rsi14': 77.88126588693521, 'atr14': 1.1374783180042618, 'atr_pct': 4.915636637874943, 'rvol20': 1.255387580467155, 'performance_21d_pct': 35.63892145369287, 'distance_52w_high_pct': 45.55294117647058, 'distance_resistance_pct': 1.2964563526361308, 'move_10d_pct': 48.428479794740234, 'structural_trend_pass': False}",pattern;previous_revenue_growth_yoy;shares_change_6m_pct,TradingView MCP + Finviz via finvizfinance screener views,2026-08-11T23:32:46+02:00,2026-08-05,,6,PEAD_WINDOW,
CDNS,Cadence Design Systems Inc,tradingview_gates,price_above_sma50;ema21_above_ema50;rsi14;performance_21d,,price_min;market_cap_min;avg_volume_min;price_above_sma50;sma50_above_sma150;sma150_above_sma200;ema21_above_ema50;within_25pct_52w_high;rsi14;atr_pct;rvol20_data_available;performance_21d;distance_resistance_hard;no_extended_move_10d;revenue_growth;eps_growth;eps_next_year;operating_margin;earnings_window;market_regime_allows_new_entries,True,"{'price': 327.53, 'price_tv': 327.53, 'price_finviz': 327.53, 'sma50': 366.5956, 'sma150': 329.89279999999997, 'sma200': 327.91195, 'ema21': 342.79830844178736, 'ema50': 351.27195352988804, 'rsi14': 37.83494255232841, 'atr14': 13.523506394010345, 'atr_pct': 4.128936706259075, 'rvol20': 0.8208640870053493, 'performance_21d_pct': -13.333509737510596, 'distance_52w_high_pct': 21.39720175670163, 'distance_resistance_pct': 27.221933868653263, 'move_10d_pct': -4.986655836621045, 'structural_trend_pass': False}",pattern;previous_revenue_growth_yoy;shares_change_6m_pct,TradingView MCP + Finviz via finvizfinance screener views,2026-08-11T23:33:00+02:00,2026-07-27,,15,PEAD_WINDOW,
EA,Electronic Arts Inc,tradingview_gates,,price_above_sma50;sma50_above_sma150;sma150_above_sma200;ema21_above_ema50;within_25pct_52w_high;rsi14;atr_pct;rvol20_data_available;performance_21d;distance_resistance_hard;no_extended_move_10d,price_min;market_cap_min;avg_volume_min;revenue_growth;eps_growth;eps_next_year;operating_margin;earnings_window;market_regime_allows_new_entries,False,"{'price': None, 'price_tv': None, 'price_finviz': 209.7, 'sma50': None, 'sma150': None, 'sma200': None, 'ema21': None, 'ema50': None, 'rsi14': None, 'atr14': None, 'atr_pct': None, 'rvol20': None, 'performance_21d_pct': None, 'distance_52w_high_pct': None, 'distance_resistance_pct': None, 'move_10d_pct': None, 'structural_trend_pass': False}",atr14;atr_pct;distance_52w_high_pct;distance_resistance_pct;ema21;ema50;move_10d_pct;pattern;performance_21d_pct;previous_revenue_growth_yoy;price;price_tv;resistance;rsi14;rvol20;shares_change_6m_pct;sma150;sma200;sma50;week52_high,TradingView MCP + Finviz via finvizfinance screener views,2026-08-11T23:33:14+02:00,2026-07-29,,13,PEAD_WINDOW,
HALO,Halozyme Therapeutics Inc,tradingview_gates,rsi14;performance_21d;distance_resistance_hard,,price_min;market_cap_min;avg_volume_min;price_above_sma50;sma50_above_sma150;sma150_above_sma200;ema21_above_ema50;within_25pct_52w_high;rsi14;atr_pct;rvol20_data_available;performance_21d;distance_resistance_hard;no_extended_move_10d;revenue_growth;eps_growth;eps_next_year;operating_margin;earnings_window;market_regime_allows_new_entries,True,"{'price': 102.62, 'price_tv': 102.62, 'price_finviz': 102.62, 'sma50': 77.6204, 'sma150': 71.8408, 'sma200': 70.741275, 'ema21': 86.22039262221661, 'ema50': 79.72790404625589, 'rsi14': 86.02548828414159, 'atr14': 3.384463936906731, 'atr_pct': 3.298054898564345, 'rvol20': 1.320091195858257, 'performance_21d_pct': 34.83116541847326, 'distance_52w_high_pct': 2.0614621110898996, 'distance_resistance_pct': 2.095108166049495, 'move_10d_pct': 22.979207861465657, 'structural_trend_pass': True}",pattern;previous_revenue_growth_yoy;shares_change_6m_pct,TradingView MCP + Finviz via finvizfinance screener views,2026-08-11T23:33:28+02:00,2026-08-06,,5,PEAD_WINDOW,
HAPN,Happen Inc,tradingview_gates,,price_above_sma50;sma50_above_sma150;sma150_above_sma200;ema21_above_ema50;within_25pct_52w_high;rsi14;atr_pct;rvol20_data_available;performance_21d;distance_resistance_hard;no_extended_move_10d,price_min;market_cap_min;avg_volume_min;revenue_growth;eps_growth;eps_next_year;operating_margin;earnings_window;market_regime_allows_new_entries,False,"{'price': None, 'price_tv': None, 'price_finviz': 19.23, 'sma50': None, 'sma150': None, 'sma200': None, 'ema21': None, 'ema50': None, 'rsi14': None, 'atr14': None, 'atr_pct': None, 'rvol20': None, 'performance_21d_pct': None, 'distance_52w_high_pct': None, 'distance_resistance_pct': None, 'move_10d_pct': None, 'structural_trend_pass': False}",atr14;atr_pct;distance_52w_high_pct;distance_resistance_pct;ema21;ema50;move_10d_pct;pattern;performance_21d_pct;previous_revenue_growth_yoy;price;price_tv;resistance;rsi14;rvol20;shares_change_6m_pct;sma150;sma200;sma50;week52_high,TradingView MCP + Finviz via finvizfinance screener views,2026-08-11T23:33:34+02:00,2026-07-27,,15,PEAD_WINDOW,
HONA,Honeywell Aerospace Inc,tradingview_gates,,price_above_sma50;sma50_above_sma150;sma150_above_sma200;ema21_above_ema50;within_25pct_52w_high;rsi14;atr_pct;rvol20_data_available;performance_21d;distance_resistance_hard;no_extended_move_10d;revenue_growth;eps_growth;operating_margin,price_min;market_cap_min;avg_volume_min;eps_next_year;earnings_window;market_regime_allows_new_entries,False,"{'price': None, 'price_tv': None, 'price_finviz': 165.93, 'sma50': None, 'sma150': None, 'sma200': None, 'ema21': None, 'ema50': None, 'rsi14': None, 'atr14': None, 'atr_pct': None, 'rvol20': None, 'performance_21d_pct': None, 'distance_52w_high_pct': None, 'distance_resistance_pct': None, 'move_10d_pct': None, 'structural_trend_pass': False}",atr14;atr_pct;distance_52w_high_pct;distance_resistance_pct;ema21;ema50;eps_growth_yoy;gross_margin;move_10d_pct;operating_margin;pattern;performance_21d_pct;previous_revenue_growth_yoy;price;price_tv;resistance;revenue_growth_yoy;rsi14;rvol20;shares_change_6m_pct;sma150;sma200;sma50;week52_high,TradingView MCP + Finviz via finvizfinance screener views,2026-08-11T23:33:48+02:00,2026-08-05,,6,PEAD_WINDOW,
HOOD,Robinhood Markets Inc,tradingview_gates,price_above_sma50;sma150_above_sma200;within_25pct_52w_high;rsi14;performance_21d,,price_min;market_cap_min;avg_volume_min;price_above_sma50;sma50_above_sma150;sma150_above_sma200;ema21_above_ema50;within_25pct_52w_high;rsi14;atr_pct;rvol20_data_available;performance_21d;distance_resistance_hard;no_extended_move_10d;revenue_growth;eps_growth;eps_next_year;operating_margin;earnings_window;market_regime_allows_new_entries,True,"{'price': 94.38, 'price_tv': 94.38, 'price_finviz': 94.38, 'sma50': 98.53139999999999, 'sma150': 88.34583333333333, 'sma200': 97.913325, 'ema21': 95.83907084273841, 'ema50': 95.64759912084013, 'rsi14': 47.131800366817885, 'atr14': 5.463726073187954, 'atr_pct': 5.789071914799697, 'rvol20': 0.5892577647126621, 'performance_21d_pct': -14.090660841070457, 'distance_52w_high_pct': 38.65848086473475, 'distance_resistance_pct': 27.198559016740838, 'move_10d_pct': 1.7464424320827732, 'structural_trend_pass': False}",pattern;previous_revenue_growth_yoy;shares_change_6m_pct,TradingView MCP + Finviz via finvizfinance screener views,2026-08-11T23:34:01+02:00,2026-07-29,,13,PEAD_WINDOW,
HYMC,Hycroft Mining Holding Corp,tradingview_gates,sma50_above_sma150;ema21_above_ema50;within_25pct_52w_high;performance_21d;no_extended_move_10d,revenue_growth;eps_growth;operating_margin,price_min;market_cap_min;avg_volume_min;price_above_sma50;sma50_above_sma150;sma150_above_sma200;ema21_above_ema50;within_25pct_52w_high;rsi14;atr_pct;rvol20_data_available;performance_21d;distance_resistance_hard;no_extended_move_10d;eps_next_year;earnings_window;market_regime_allows_new_entries,True,"{'price': 27.53, 'price_tv': 27.53, 'price_finviz': 27.53, 'sma50': 23.585900000000002, 'sma150': 33.518566666666665, 'sma200': 28.350425, 'ema21': 23.0207916199535, 'ema50': 24.682882253340885, 'rsi14': 66.02008318081147, 'atr14': 1.811165169818581, 'atr_pct': 6.578878204934911, 'rvol20': 0.7882591710707164, 'performance_21d_pct': 34.75281448849732, 'distance_52w_high_pct': 53.124388088520504, 'distance_resistance_pct': 56.193243734108236, 'move_10d_pct': 36.82902584493042, 'structural_trend_pass': False}",gross_margin;operating_margin;pattern;previous_revenue_growth_yoy;revenue_growth_yoy;shares_change_6m_pct,TradingView MCP + Finviz via finvizfinance screener views,2026-08-11T23:34:07+02:00,2026-07-28,,14,PEAD_WINDOW,
IBKR,Interactive Brokers Group Inc,tradingview_gates,price_above_sma50;rsi14;performance_21d,,price_min;market_cap_min;avg_volume_min;price_above_sma50;sma50_above_sma150;sma150_above_sma200;ema21_above_ema50;within_25pct_52w_high;rsi14;atr_pct;rvol20_data_available;performance_21d;distance_resistance_hard;no_extended_move_10d;revenue_growth;eps_growth;eps_next_year;operating_margin;earnings_window;market_regime_allows_new_entries,True,"{'price': 89.78, 'price_tv': 89.78, 'price_finviz': 89.78, 'sma50': 91.01780000000001, 'sma150': 80.221, 'sma200': 76.756075, 'ema21': 90.02795213839245, 'ema50': 89.2570830213273, 'rsi14': 49.16594173291041, 'atr14': 3.4408738159231436, 'atr_pct': 3.83256161274576, 'rvol20': 0.6948181274186109, 'performance_21d_pct': -4.04018811457888, 'distance_52w_high_pct': 8.237939493049879, 'distance_resistance_pct': 8.97750055691691, 'move_10d_pct': -1.2429875701242987, 'structural_trend_pass': False}",pattern;previous_revenue_growth_yoy;shares_change_6m_pct,TradingView MCP + Finviz via finvizfinance screener views,2026-08-11T23:34:20+02:00,2026-07-21,,21,NORMAL,
INIO,Innio NV,tradingview_gates,,price_above_sma50;sma50_above_sma150;sma150_above_sma200;ema21_above_ema50;within_25pct_52w_high;rsi14;atr_pct;rvol20_data_available;performance_21d;distance_resistance_hard;no_extended_move_10d;revenue_growth;eps_growth;operating_margin,price_min;market_cap_min;avg_volume_min;eps_next_year;earnings_window;market_regime_allows_new_entries,False,"{'price': None, 'price_tv': None, 'price_finviz': 27.45, 'sma50': None, 'sma150': None, 'sma200': None, 'ema21': None, 'ema50': None, 'rsi14': None, 'atr14': None, 'atr_pct': None, 'rvol20': None, 'performance_21d_pct': None, 'distance_52w_high_pct': None, 'distance_resistance_pct': None, 'move_10d_pct': None, 'structural_trend_pass': False}",atr14;atr_pct;distance_52w_high_pct;distance_resistance_pct;ema21;ema50;eps_growth_yoy;gross_margin;move_10d_pct;operating_margin;pattern;performance_21d_pct;previous_revenue_growth_yoy;price;price_tv;resistance;revenue_growth_yoy;rsi14;rvol20;shares_change_6m_pct;sma150;sma200;sma50;week52_high,TradingView MCP + Finviz via finvizfinance screener views,2026-08-11T23:34:39+02:00,2026-07-28,,14,PEAD_WINDOW,
INOD,Innodata Inc,tradingview_gates,price_above_sma50;ema21_above_ema50;within_25pct_52w_high;rsi14;performance_21d,,price_min;market_cap_min;avg_volume_min;price_above_sma50;sma50_above_sma150;sma150_above_sma200;ema21_above_ema50;within_25pct_52w_high;rsi14;atr_pct;rvol20_data_available;performance_21d;distance_resistance_hard;no_extended_move_10d;revenue_growth;eps_growth;eps_next_year;operating_margin;earnings_window;market_regime_allows_new_entries,True,"{'price': 62.71, 'price_tv': 62.71, 'price_finviz': 62.71, 'sma50': 77.9753, 'sma150': 62.30723333333333, 'sma200': 61.55887500000001, 'ema21': 64.89643978612767, 'ema50': 69.50903905312765, 'rsi14': 44.62565346826202, 'atr14': 5.798165173385393, 'atr_pct': 9.245997725060425, 'rvol20': 0.8002144357408222, 'performance_21d_pct': -7.941867293012339, 'distance_52w_high_pct': 49.888125299664374, 'distance_resistance_pct': 99.5535002391963, 'move_10d_pct': 8.947185545517723, 'structural_trend_pass': False}",pattern;previous_revenue_growth_yoy;shares_change_6m_pct,TradingView MCP + Finviz via finvizfinance screener views,2026-08-11T23:34:53+02:00,2026-08-06,,5,PEAD_WINDOW,
IOND,Ionic Digital Inc,tradingview_gates,,price_above_sma50;sma50_above_sma150;sma150_above_sma200;ema21_above_ema50;within_25pct_52w_high;rsi14;atr_pct;rvol20_data_available;performance_21d;distance_resistance_hard;no_extended_move_10d;revenue_growth;eps_growth;operating_margin,price_min;market_cap_min;avg_volume_min;eps_next_year;earnings_window;market_regime_allows_new_entries,False,"{'price': None, 'price_tv': None, 'price_finviz': 59.1, 'sma50': None, 'sma150': None, 'sma200': None, 'ema21': None, 'ema50': None, 'rsi14': None, 'atr14': None, 'atr_pct': None, 'rvol20': None, 'performance_21d_pct': None, 'distance_52w_high_pct': None, 'distance_resistance_pct': None, 'move_10d_pct': None, 'structural_trend_pass': False}",atr14;atr_pct;distance_52w_high_pct;distance_resistance_pct;ema21;ema50;eps_growth_yoy;gross_margin;move_10d_pct;operating_margin;pattern;performance_21d_pct;previous_revenue_growth_yoy;price;price_tv;resistance;revenue_growth_yoy;rsi14;rvol20;shares_change_6m_pct;sma150;sma200;sma50;week52_high,TradingView MCP + Finviz via finvizfinance screener views,2026-08-11T23:35:07+02:00,2026-08-19,8,,NORMAL,
LPLA,LPL Financial Holdings Inc,tradingview_gates,sma50_above_sma150;sma150_above_sma200;rsi14;atr_pct;distance_resistance_hard,,price_min;market_cap_min;avg_volume_min;price_above_sma50;sma50_above_sma150;sma150_above_sma200;ema21_above_ema50;within_25pct_52w_high;rsi14;atr_pct;rvol20_data_available;performance_21d;distance_resistance_hard;no_extended_move_10d;revenue_growth;eps_growth;eps_next_year;operating_margin;earnings_window;market_regime_allows_new_entries,True,"{'price': 371.19, 'price_tv': 371.19, 'price_finviz': 371.19, 'sma50': 313.1786, 'sma150': 319.8799, 'sma200': 330.75722500000006, 'ema21': 343.8490019209876, 'ema50': 325.2220512318791, 'rsi14': 74.78312371991811, 'atr14': 9.776229220130386, 'atr_pct': 2.6337533931761055, 'rvol20': 0.7176553630736389, 'performance_21d_pct': 15.613903943188179, 'distance_52w_high_pct': 7.239604158336671, 'distance_resistance_pct': 0.29365015221314555, 'move_10d_pct': 8.408294392523374, 'structural_trend_pass': False}",pattern;previous_revenue_growth_yoy;shares_change_6m_pct,TradingView MCP + Finviz via finvizfinance screener views,2026-08-11T23:35:35+02:00,2026-07-30,,12,PEAD_WINDOW,
LRCX,Lam Research Corp,tradingview_gates,price_above_sma50;ema21_above_ema50;within_25pct_52w_high;rsi14;performance_21d,,price_min;market_cap_min;avg_volume_min;price_above_sma50;sma50_above_sma150;sma150_above_sma200;ema21_above_ema50;within_25pct_52w_high;rsi14;atr_pct;rvol20_data_available;performance_21d;distance_resistance_hard;no_extended_move_10d;revenue_growth;eps_growth;eps_next_year;operating_margin;earnings_window;market_regime_allows_new_entries,True,"{'price': 311.41, 'price_tv': 311.41, 'price_finviz': 311.41, 'sma50': 337.4676, 'sma150': 275.42220000000003, 'sma200': 246.8605, 'ema21': 311.515084844373, 'ema50': 317.3845878098338, 'rsi14': 48.9134693408238, 'atr14': 23.146254802041963, 'atr_pct': 7.432726888038907, 'rvol20': 0.6799696798075228, 'performance_21d_pct': -5.610451018428709, 'distance_52w_high_pct': 28.982896237172174, 'distance_resistance_pct': 40.81114928871904, 'move_10d_pct': 15.503875968992254, 'structural_trend_pass': False}",pattern;previous_revenue_growth_yoy;shares_change_6m_pct,TradingView MCP + Finviz via finvizfinance screener views,2026-08-11T23:35:49+02:00,2026-07-29,,13,PEAD_WINDOW,
MPWR,Monolithic Power System Inc,tradingview_gates,price_above_sma50;ema21_above_ema50;rsi14,,price_min;market_cap_min;avg_volume_min;price_above_sma50;sma50_above_sma150;sma150_above_sma200;ema21_above_ema50;within_25pct_52w_high;rsi14;atr_pct;rvol20_data_available;performance_21d;distance_resistance_hard;no_extended_move_10d;revenue_growth;eps_growth;eps_next_year;operating_margin;earnings_window;market_regime_allows_new_entries,True,"{'price': 1402.11, 'price_tv': 1402.11, 'price_finviz': 1402.11, 'sma50': 1413.3964999999998, 'sma150': 1311.8653000000002, 'sma200': 1223.3309, 'ema21': 1363.1958260556298, 'ema50': 1387.8593479297751, 'rsi14': 53.20325980624129, 'atr14': 87.44257368481603, 'atr_pct': 6.236498825685291, 'rvol20': 0.4447392757184622, 'performance_21d_pct': 8.57454815778469, 'distance_52w_high_pct': 18.2009064985448, 'distance_resistance_pct': 22.25074352226288, 'move_10d_pct': 9.368101652873207, 'structural_trend_pass': False}",pattern;previous_revenue_growth_yoy;shares_change_6m_pct,TradingView MCP + Finviz via finvizfinance screener views,2026-08-11T23:36:03+02:00,2026-07-30,,12,PEAD_WINDOW,
NBIX,Neurocrine Biosciences Inc,tradingview_gates,price_above_sma50;rsi14;performance_21d,,price_min;market_cap_min;avg_volume_min;price_above_sma50;sma50_above_sma150;sma150_above_sma200;ema21_above_ema50;within_25pct_52w_high;rsi14;atr_pct;rvol20_data_available;performance_21d;distance_resistance_hard;no_extended_move_10d;revenue_growth;eps_growth;eps_next_year;operating_margin;earnings_window;market_regime_allows_new_entries,True,"{'price': 161.94, 'price_tv': 161.94, 'price_finviz': 161.94, 'sma50': 168.3691, 'sma150': 146.7773, 'sma200': 146.7414, 'ema21': 168.91183529773588, 'ema50': 166.03108219549094, 'rsi14': 41.606743960034024, 'atr14': 5.674053939974771, 'atr_pct': 3.5038001358372055, 'rvol20': 0.5994839609375321, 'performance_21d_pct': -6.984491671453186, 'distance_52w_high_pct': 12.991618310767251, 'distance_resistance_pct': 14.931456094849949, 'move_10d_pct': -11.425914784225789, 'structural_trend_pass': False}",pattern;previous_revenue_growth_yoy;shares_change_6m_pct,TradingView MCP + Finviz via finvizfinance screener views,2026-08-11T23:36:17+02:00,2026-07-30,,12,PEAD_WINDOW,
PENG,Penguin Solutions Inc,tradingview_gates,price_above_sma50;within_25pct_52w_high;rsi14;performance_21d,eps_growth,price_min;market_cap_min;avg_volume_min;price_above_sma50;sma50_above_sma150;sma150_above_sma200;ema21_above_ema50;within_25pct_52w_high;rsi14;atr_pct;rvol20_data_available;performance_21d;distance_resistance_hard;no_extended_move_10d;revenue_growth;eps_next_year;operating_margin;earnings_window;market_regime_allows_new_entries,True,"{'price': 57.33, 'price_tv': 57.33, 'price_finviz': 57.33, 'sma50': 62.9494, 'sma150': 38.11723333333333, 'sma200': 33.742325, 'ema21': 57.50660801285339, 'ema50': 57.223364671881654, 'rsi14': 49.052863927013696, 'atr14': 6.118887998286624, 'atr_pct': 10.673099595825263, 'rvol20': 0.3707480314412477, 'performance_21d_pct': -25.7479601087942, 'distance_52w_high_pct': 36.200756732695304, 'distance_resistance_pct': 56.74167102738532, 'move_10d_pct': 19.114897153542486, 'structural_trend_pass': False}",eps_growth_yoy;pattern;previous_revenue_growth_yoy;shares_change_6m_pct,TradingView MCP + Finviz via finvizfinance screener views,2026-08-11T23:36:31+02:00,2026-07-07,,35,NORMAL,
PPTA,Perpetua Resources Corp,tradingview_gates,sma50_above_sma150;ema21_above_ema50;within_25pct_52w_high;performance_21d;no_extended_move_10d,revenue_growth;eps_growth;operating_margin,price_min;market_cap_min;avg_volume_min;price_above_sma50;sma50_above_sma150;sma150_above_sma200;ema21_above_ema50;within_25pct_52w_high;rsi14;atr_pct;rvol20_data_available;performance_21d;distance_resistance_hard;no_extended_move_10d;eps_next_year;earnings_window;market_regime_allows_new_entries,True,"{'price': 25.43, 'price_tv': 25.43, 'price_finviz': 25.43, 'sma50': 21.274, 'sma150': 26.9836, 'sma200': 26.3913, 'ema21': 21.06754388449918, 'ema50': 21.815565588693552, 'rsi14': 71.4788221268067, 'atr14': 1.279553829782465, 'atr_pct': 5.0316705850667125, 'rvol20': 0.8503866292504204, 'performance_21d_pct': 36.2808145766345, 'distance_52w_high_pct': 31.950762643831947, 'distance_resistance_pct': 25.639009044435706, 'move_10d_pct': 46.23346751006325, 'structural_trend_pass': False}",gross_margin;operating_margin;pattern;previous_revenue_growth_yoy;revenue_growth_yoy;shares_change_6m_pct,TradingView MCP + Finviz via finvizfinance screener views,2026-08-11T23:36:36+02:00,2026-05-11,,92,NORMAL,
ROAD,Construction Partners Inc,tradingview_gates,sma50_above_sma150;ema21_above_ema50,,price_min;market_cap_min;avg_volume_min;price_above_sma50;sma50_above_sma150;sma150_above_sma200;ema21_above_ema50;within_25pct_52w_high;rsi14;atr_pct;rvol20_data_available;performance_21d;distance_resistance_hard;no_extended_move_10d;revenue_growth;eps_growth;eps_next_year;operating_margin;earnings_window;market_regime_allows_new_entries,True,"{'price': 120.79, 'price_tv': 120.79, 'price_finviz': 120.79, 'sma50': 109.74799999999999, 'sma150': 116.5493, 'sma200': 114.83472499999999, 'ema21': 108.58914575649004, 'ema50': 109.95555192347214, 'rsi14': 63.424760223492605, 'atr14': 6.226662539184727, 'atr_pct': 5.154948703687993, 'rvol20': 0.6511958916372641, 'performance_21d_pct': 29.173350443802804, 'distance_52w_high_pct': 20.006622516556288, 'distance_resistance_pct': 7.554433314016048, 'move_10d_pct': 13.24770298143636, 'structural_trend_pass': False}",pattern;previous_revenue_growth_yoy;shares_change_6m_pct,TradingView MCP + Finviz via finvizfinance screener views,2026-08-11T23:36:50+02:00,2026-08-07,,4,PEAD_WINDOW,
SHOP,Shopify Inc,tradingview_gates,sma50_above_sma150;sma150_above_sma200;distance_resistance_hard,,price_min;market_cap_min;avg_volume_min;price_above_sma50;sma50_above_sma150;sma150_above_sma200;ema21_above_ema50;within_25pct_52w_high;rsi14;atr_pct;rvol20_data_available;performance_21d;distance_resistance_hard;no_extended_move_10d;revenue_growth;eps_growth;eps_next_year;operating_margin;earnings_window;market_regime_allows_new_entries,True,"{'price': 152.61, 'price_tv': 152.61, 'price_finviz': 152.61, 'sma50': 120.7332, 'sma150': 122.9784, 'sma200': 132.5521, 'ema21': 132.17570907870845, 'ema50': 124.4552285811773, 'rsi14': 69.91034645941149, 'atr14': 7.474351496569631, 'atr_pct': 4.8976813423560905, 'rvol20': 0.7054703878181324, 'performance_21d_pct': 22.34247234247235, 'distance_52w_high_pct': 16.23579779351226, 'distance_resistance_pct': 1.9723478146910365, 'move_10d_pct': 17.140006140620212, 'structural_trend_pass': False}",pattern;previous_revenue_growth_yoy;shares_change_6m_pct,TradingView MCP + Finviz via finvizfinance screener views,2026-08-11T23:37:04+02:00,2026-08-05,,6,PEAD_WINDOW,
SOFI,SoFi Technologies Inc,tradingview_gates,sma50_above_sma150;sma150_above_sma200;within_25pct_52w_high;rsi14;performance_21d,,price_min;market_cap_min;avg_volume_min;price_above_sma50;sma50_above_sma150;sma150_above_sma200;ema21_above_ema50;within_25pct_52w_high;rsi14;atr_pct;rvol20_data_available;performance_21d;distance_resistance_hard;no_extended_move_10d;revenue_growth;eps_growth;eps_next_year;operating_margin;earnings_window;market_regime_allows_new_entries,True,"{'price': 17.98, 'price_tv': 17.98, 'price_finviz': 17.98, 'sma50': 17.456, 'sma150': 18.605900000000002, 'sma200': 20.980475000000002, 'ema21': 17.596306574944386, 'ema50': 17.47645979880921, 'rsi14': 53.38249751929744, 'atr14': 0.8329491807133138, 'atr_pct': 4.632642829328775, 'rvol20': 0.4935446627001111, 'performance_21d_pct': -0.8273579702151035, 'distance_52w_high_pct': 45.065688970363574, 'distance_resistance_pct': 9.78865406006673, 'move_10d_pct': 7.407407407407418, 'structural_trend_pass': False}",pattern;previous_revenue_growth_yoy;shares_change_6m_pct,TradingView MCP + Finviz via finvizfinance screener views,2026-08-11T23:37:09+02:00,2026-07-29,,13,PEAD_WINDOW,
SPCX,Space Exploration Technologies Corp,tradingview_gates,,price_above_sma50;sma50_above_sma150;sma150_above_sma200;ema21_above_ema50;within_25pct_52w_high;rsi14;atr_pct;rvol20_data_available;performance_21d;distance_resistance_hard;no_extended_move_10d;revenue_growth;eps_growth;operating_margin,price_min;market_cap_min;avg_volume_min;eps_next_year;earnings_window;market_regime_allows_new_entries,False,"{'price': None, 'price_tv': None, 'price_finviz': 133.29, 'sma50': None, 'sma150': None, 'sma200': None, 'ema21': None, 'ema50': None, 'rsi14': None, 'atr14': None, 'atr_pct': None, 'rvol20': None, 'performance_21d_pct': None, 'distance_52w_high_pct': None, 'distance_resistance_pct': None, 'move_10d_pct': None, 'structural_trend_pass': False}",atr14;atr_pct;distance_52w_high_pct;distance_resistance_pct;ema21;ema50;eps_growth_yoy;gross_margin;move_10d_pct;operating_margin;pattern;performance_21d_pct;previous_revenue_growth_yoy;price;price_tv;resistance;revenue_growth_yoy;rsi14;rvol20;shares_change_6m_pct;sma150;sma200;sma50;week52_high,TradingView MCP + Finviz via finvizfinance screener views,2026-08-11T23:37:14+02:00,2026-08-04,,7,PEAD_WINDOW,
STRC,Strategy Inc - VR PRF PERPETUAL USD 100 - Ser A,tradingview_gates,sma50_above_sma150;sma150_above_sma200;ema21_above_ema50;atr_pct,revenue_growth;eps_growth;operating_margin;earnings_window,price_min;market_cap_min;avg_volume_min;price_above_sma50;sma50_above_sma150;sma150_above_sma200;ema21_above_ema50;within_25pct_52w_high;rsi14;atr_pct;rvol20_data_available;performance_21d;distance_resistance_hard;no_extended_move_10d;eps_next_year;market_regime_allows_new_entries,True,"{'price': 95.32, 'price_tv': 95.32, 'price_finviz': 95.32, 'sma50': 89.54950000000001, 'sma150': 96.24186666666667, 'sma200': 96.7401, 'ema21': 90.86264872340703, 'ema50': 90.95291434734295, 'rsi14': 65.66878554014957, 'atr14': 2.2195687333745955, 'atr_pct': 2.3285446216686903, 'rvol20': 0.8176681433968246, 'performance_21d_pct': 9.53803723282003, 'distance_52w_high_pct': 5.076968119324989, 'distance_resistance_pct': 4.920268569030647, 'move_10d_pct': 8.048061664021766, 'structural_trend_pass': False}",eps_growth_yoy;gross_margin;operating_margin;pattern;previous_revenue_growth_yoy;revenue_growth_yoy;shares_change_6m_pct,TradingView MCP + Finviz via finvizfinance screener views,2026-08-11T23:37:42+02:00,,,,UNKNOWN,
STRL,Sterling Infrastructure Inc,tradingview_gates,price_above_sma50;ema21_above_ema50;within_25pct_52w_high;rsi14;performance_21d,,price_min;market_cap_min;avg_volume_min;price_above_sma50;sma50_above_sma150;sma150_above_sma200;ema21_above_ema50;within_25pct_52w_high;rsi14;atr_pct;rvol20_data_available;performance_21d;distance_resistance_hard;no_extended_move_10d;revenue_growth;eps_growth;eps_next_year;operating_margin;earnings_window;market_regime_allows_new_entries,True,"{'price': 532.76, 'price_tv': 532.76, 'price_finviz': 532.76, 'sma50': 730.7985000000001, 'sma150': 567.0056999999999, 'sma200': 510.41724999999997, 'ema21': 603.048621841637, 'ema50': 659.2398989156012, 'rsi14': 37.90393817263786, 'atr14': 52.9396658274898, 'atr_pct': 9.93686947734248, 'rvol20': 0.32356548333127977, 'performance_21d_pct': -19.28367977698321, 'distance_52w_high_pct': 47.02490911126619, 'distance_resistance_pct': 88.76796306028982, 'move_10d_pct': -0.9905406158821073, 'structural_trend_pass': False}",pattern;previous_revenue_growth_yoy;shares_change_6m_pct,TradingView MCP + Finviz via finvizfinance screener views,2026-08-11T23:37:56+02:00,2026-08-03,,8,PEAD_WINDOW,
STX,Seagate Technology Holdings Plc,tradingview_gates,price_above_sma50;within_25pct_52w_high;rsi14;performance_21d,,price_min;market_cap_min;avg_volume_min;price_above_sma50;sma50_above_sma150;sma150_above_sma200;ema21_above_ema50;within_25pct_52w_high;rsi14;atr_pct;rvol20_data_available;performance_21d;distance_resistance_hard;no_extended_move_10d;revenue_growth;eps_growth;eps_next_year;operating_margin;earnings_window;market_regime_allows_new_entries,True,"{'price': 820.52, 'price_tv': 820.52, 'price_finviz': 820.52, 'sma50': 889.368, 'sma150': 629.2641666666667, 'sma200': 539.69595, 'ema21': 839.0202093896326, 'ema50': 835.3940526135578, 'rsi14': 47.225574846658006, 'atr14': 74.91547458741206, 'atr_pct': 9.130243575709558, 'rvol20': 0.556367351125585, 'performance_21d_pct': -4.663862617061321, 'distance_52w_high_pct': 28.338864628820964, 'distance_resistance_pct': 39.54565397552771, 'move_10d_pct': 9.79793924795933, 'structural_trend_pass': False}",pattern;previous_revenue_growth_yoy;shares_change_6m_pct,TradingView MCP + Finviz via finvizfinance screener views,2026-08-11T23:38:10+02:00,2026-07-28,,14,PEAD_WINDOW,
TSEM,Tower Semiconductor Ltd,tradingview_gates,ema21_above_ema50;rsi14,,price_min;market_cap_min;avg_volume_min;price_above_sma50;sma50_above_sma150;sma150_above_sma200;ema21_above_ema50;within_25pct_52w_high;rsi14;atr_pct;rvol20_data_available;performance_21d;distance_resistance_hard;no_extended_move_10d;revenue_growth;eps_growth;eps_next_year;operating_margin;earnings_window;market_regime_allows_new_entries,True,"{'price': 249.58, 'price_tv': 249.58, 'price_finviz': 249.58, 'sma50': 244.7638, 'sma150': 196.7806, 'sma200': 173.70665, 'ema21': 234.86153362226955, 'ema50': 236.06066132533888, 'rsi14': 54.099302511404865, 'atr14': 24.219902667390645, 'atr_pct': 9.70426423086411, 'rvol20': 0.507715855062517, 'performance_21d_pct': 8.664228491814697, 'distance_52w_high_pct': 21.991623429393005, 'distance_resistance_pct': 28.191361487298654, 'move_10d_pct': 22.951869550224146, 'structural_trend_pass': True}",pattern;previous_revenue_growth_yoy;shares_change_6m_pct,TradingView MCP + Finviz via finvizfinance screener views,2026-08-11T23:38:24+02:00,2026-08-04,,7,PEAD_WINDOW,
TTMI,TTM Technologies Inc,tradingview_gates,price_above_sma50;ema21_above_ema50;within_25pct_52w_high;rsi14;performance_21d,,price_min;market_cap_min;avg_volume_min;price_above_sma50;sma50_above_sma150;sma150_above_sma200;ema21_above_ema50;within_25pct_52w_high;rsi14;atr_pct;rvol20_data_available;performance_21d;distance_resistance_hard;no_extended_move_10d;revenue_growth;eps_growth;eps_next_year;operating_margin;earnings_window;market_regime_allows_new_entries,True,"{'price': 130.74, 'price_tv': 130.74, 'price_finviz': 130.74, 'sma50': 159.7207, 'sma150': 130.71643333333333, 'sma200': 115.01615, 'ema21': 134.44520415339463, 'ema50': 145.6245212471657, 'rsi14': 45.411489950275325, 'atr14': 12.86472664604899, 'atr_pct': 9.839931655230984, 'rvol20': 0.6374315615871354, 'performance_21d_pct': -4.1073786122927896, 'distance_52w_high_pct': 41.58959924943037, 'distance_resistance_pct': 71.20238641578706, 'move_10d_pct': 20.287054926856207, 'structural_trend_pass': False}",pattern;previous_revenue_growth_yoy;shares_change_6m_pct,TradingView MCP + Finviz via finvizfinance screener views,2026-08-11T23:38:38+02:00,2026-08-05,,6,PEAD_WINDOW,
TXN,Texas Instruments Inc,tradingview_gates,price_above_sma50;ema21_above_ema50;rsi14;performance_21d,,price_min;market_cap_min;avg_volume_min;price_above_sma50;sma50_above_sma150;sma150_above_sma200;ema21_above_ema50;within_25pct_52w_high;rsi14;atr_pct;rvol20_data_available;performance_21d;distance_resistance_hard;no_extended_move_10d;revenue_growth;eps_growth;eps_next_year;operating_margin;earnings_window;market_regime_allows_new_entries,True,"{'price': 281.24, 'price_tv': 281.24, 'price_finviz': 281.24, 'sma50': 293.7507, 'sma150': 250.3938, 'sma200': 230.16299999999998, 'ema21': 283.85509388239336, 'ema50': 285.74642592411254, 'rsi14': 47.33725855800156, 'atr14': 11.710525481095198, 'atr_pct': 4.163890442716256, 'rvol20': 0.5556187652379652, 'performance_21d_pct': -5.804333992028665, 'distance_52w_high_pct': 15.80396970332005, 'distance_resistance_pct': 18.770445171383855, 'move_10d_pct': 1.5050348287436455, 'structural_trend_pass': False}",pattern;previous_revenue_growth_yoy;shares_change_6m_pct,TradingView MCP + Finviz via finvizfinance screener views,2026-08-11T23:38:53+02:00,2026-07-22,,20,NORMAL,
