ticker,name,exclusion_stage,failed_gates,unverifiable_gates,gates_evaluated,technical_gates_evaluated,values,missing_fields,source,retrieved_at,earnings_date,days_to_earnings,days_since_earnings,earnings_state,gate_distance
ABVX,Abivax ADR,finviz_prefilter,adr,,,False,"{'industry': 'Biotechnology', 'price_finviz': 114.3}",,Finviz via finvizfinance screener views,2026-08-27T23:30:29+02:00,,,,,
APGE,Apogee Therapeutics Inc,finviz_prefilter,biotech_pre_revenue,,,False,"{'industry': 'Biotechnology', 'price_finviz': 134.96}",,Finviz via finvizfinance screener views,2026-08-27T23:30:29+02:00,,,,,
ARM,Arm Holdings Plc ADR,finviz_prefilter,adr,,,False,"{'industry': 'Semiconductors', 'price_finviz': 255.21}",,Finviz via finvizfinance screener views,2026-08-27T23:30:29+02:00,,,,,
ATAT,Atour Lifestyle Holdings Ltd ADR,finviz_prefilter,adr,,,False,"{'industry': 'Lodging', 'price_finviz': 34.69}",,Finviz via finvizfinance screener views,2026-08-27T23:30:29+02:00,,,,,
BIDU,Baidu Inc ADR,finviz_prefilter,adr,,,False,"{'industry': 'Internet Content & Information', 'price_finviz': 96.94}",,Finviz via finvizfinance screener views,2026-08-27T23:30:29+02:00,,,,,
BILI,Bilibili Inc ADR,finviz_prefilter,adr,,,False,"{'industry': 'Internet Content & Information', 'price_finviz': 16.76}",,Finviz via finvizfinance screener views,2026-08-27T23:30:29+02:00,,,,,
BNTX,BioNTech SE ADR,finviz_prefilter,adr,,,False,"{'industry': 'Biotechnology', 'price_finviz': 111.4}",,Finviz via finvizfinance screener views,2026-08-27T23:30:29+02:00,,,,,
BZ,Kanzhun Ltd ADR,finviz_prefilter,adr,,,False,"{'industry': 'Internet Content & Information', 'price_finviz': 18.0}",,Finviz via finvizfinance screener views,2026-08-27T23:30:29+02:00,,,,,
CELC,Celcuity Inc,finviz_prefilter,biotech_pre_revenue,,,False,"{'industry': 'Biotechnology', 'price_finviz': 93.24}",,Finviz via finvizfinance screener views,2026-08-27T23:30:29+02:00,,,,,
COGT,Cogent Biosciences Inc,finviz_prefilter,biotech_pre_revenue,,,False,"{'industry': 'Biotechnology', 'price_finviz': 37.09}",,Finviz via finvizfinance screener views,2026-08-27T23:30:29+02:00,,,,,
DFTX,Definium Therapeutics Inc,finviz_prefilter,biotech_pre_revenue,,,False,"{'industry': 'Biotechnology', 'price_finviz': 43.82}",,Finviz via finvizfinance screener views,2026-08-27T23:30:29+02:00,,,,,
DYN,Dyne Therapeutics Inc,finviz_prefilter,biotech_pre_revenue,,,False,"{'industry': 'Biotechnology', 'price_finviz': 26.09}",,Finviz via finvizfinance screener views,2026-08-27T23:30:29+02:00,,,,,
ELVN,Enliven Therapeutics Inc,finviz_prefilter,biotech_pre_revenue,,,False,"{'industry': 'Biotechnology', 'price_finviz': 60.5}",,Finviz via finvizfinance screener views,2026-08-27T23:30:29+02:00,,,,,
ERAS,Erasca Inc,finviz_prefilter,biotech_pre_revenue,,,False,"{'industry': 'Biotechnology', 'price_finviz': 19.49}",,Finviz via finvizfinance screener views,2026-08-27T23:30:29+02:00,,,,,
EWTX,Edgewise Therapeutics Inc,finviz_prefilter,biotech_pre_revenue,,,False,"{'industry': 'Biotechnology', 'price_finviz': 44.19}",,Finviz via finvizfinance screener views,2026-08-27T23:30:29+02:00,,,,,
FUTU,Futu Holdings Ltd ADR,finviz_prefilter,adr,,,False,"{'industry': 'Capital Markets', 'price_finviz': 124.57}",,Finviz via finvizfinance screener views,2026-08-27T23:30:29+02:00,,,,,
GDS,GDS Holdings Limited ADR,finviz_prefilter,adr,,,False,"{'industry': 'Information Technology Services', 'price_finviz': 33.51}",,Finviz via finvizfinance screener views,2026-08-27T23:30:29+02:00,,,,,
GENB,Generate Biomedicines Inc,finviz_prefilter,biotech_pre_revenue,,,False,"{'industry': 'Biotechnology', 'price_finviz': 15.77}",,Finviz via finvizfinance screener views,2026-08-27T23:30:29+02:00,,,,,
GGAL,Grupo Financiero Galicia ADR,finviz_prefilter,adr,,,False,"{'industry': 'Banks - Regional', 'price_finviz': 42.91}",,Finviz via finvizfinance screener views,2026-08-27T23:30:29+02:00,,,,,
GMAB,Genmab ADR,finviz_prefilter,adr,,,False,"{'industry': 'Biotechnology', 'price_finviz': 34.1}",,Finviz via finvizfinance screener views,2026-08-27T23:30:29+02:00,,,,,
HSAI,Hesai Group ADR,finviz_prefilter,adr,,,False,"{'industry': 'Auto Parts', 'price_finviz': 17.49}",,Finviz via finvizfinance screener views,2026-08-27T23:30:29+02:00,,,,,
HTHT,H World Group Limited ADR,finviz_prefilter,adr,,,False,"{'industry': 'Lodging', 'price_finviz': 47.71}",,Finviz via finvizfinance screener views,2026-08-27T23:30:29+02:00,,,,,
IMVT,Immunovant Inc,finviz_prefilter,biotech_pre_revenue,,,False,"{'industry': 'Biotechnology', 'price_finviz': 43.82}",,Finviz via finvizfinance screener views,2026-08-27T23:30:29+02:00,,,,,
JD,JD.com Inc ADR,finviz_prefilter,adr,,,False,"{'industry': 'Internet Retail', 'price_finviz': 28.49}",,Finviz via finvizfinance screener views,2026-08-27T23:30:29+02:00,,,,,
LEGN,Legend Biotech Corp ADR,finviz_prefilter,adr,,,False,"{'industry': 'Biotechnology', 'price_finviz': 20.5}",,Finviz via finvizfinance screener views,2026-08-27T23:30:29+02:00,,,,,
MBX,MBX Biosciences Inc,finviz_prefilter,biotech_pre_revenue,,,False,"{'industry': 'Biotechnology', 'price_finviz': 66.39}",,Finviz via finvizfinance screener views,2026-08-27T23:30:29+02:00,,,,,
MLYS,Mineralys Therapeutics Inc,finviz_prefilter,biotech_pre_revenue,,,False,"{'industry': 'Biotechnology', 'price_finviz': 26.01}",,Finviz via finvizfinance screener views,2026-08-27T23:30:29+02:00,,,,,
NTES,NetEase Inc ADR,finviz_prefilter,adr,,,False,"{'industry': 'Electronic Gaming & Multimedia', 'price_finviz': 122.69}",,Finviz via finvizfinance screener views,2026-08-27T23:30:29+02:00,,,,,
ORKA,Oruka Therapeutics Inc,finviz_prefilter,biotech_pre_revenue,,,False,"{'industry': 'Biotechnology', 'price_finviz': 96.54}",,Finviz via finvizfinance screener views,2026-08-27T23:30:29+02:00,,,,,
PAYP,PayPay Corp ADR,finviz_prefilter,adr,,,False,"{'industry': 'Software - Infrastructure', 'price_finviz': 15.2}",,Finviz via finvizfinance screener views,2026-08-27T23:30:29+02:00,,,,,
PCVX,Vaxcyte Inc,finviz_prefilter,biotech_pre_revenue,,,False,"{'industry': 'Biotechnology', 'price_finviz': 61.15}",,Finviz via finvizfinance screener views,2026-08-27T23:30:29+02:00,,,,,
PDD,PDD Holdings Inc ADR,finviz_prefilter,adr,,,False,"{'industry': 'Internet Retail', 'price_finviz': 84.69}",,Finviz via finvizfinance screener views,2026-08-27T23:30:29+02:00,,,,,
RVMD,Revolution Medicines Inc,finviz_prefilter,biotech_pre_revenue,,,False,"{'industry': 'Biotechnology', 'price_finviz': 221.15}",,Finviz via finvizfinance screener views,2026-08-27T23:30:29+02:00,,,,,
RYAAY,Ryanair Holdings Plc ADR,finviz_prefilter,adr,,,False,"{'industry': 'Airlines', 'price_finviz': 55.45}",,Finviz via finvizfinance screener views,2026-08-27T23:30:29+02:00,,,,,
SIMO,Silicon Motion Technology Corp ADR,finviz_prefilter,adr,,,False,"{'industry': 'Semiconductors', 'price_finviz': 255.08}",,Finviz via finvizfinance screener views,2026-08-27T23:30:29+02:00,,,,,
SKHY,SK Hynix Inc ADR,finviz_prefilter,adr,,,False,"{'industry': 'Semiconductors', 'price_finviz': 161.61}",,Finviz via finvizfinance screener views,2026-08-27T23:30:29+02:00,,,,,
SLS,SELLAS Life Sciences Group Inc,finviz_prefilter,biotech_pre_revenue,,,False,"{'industry': 'Biotechnology', 'price_finviz': 15.21}",,Finviz via finvizfinance screener views,2026-08-27T23:30:29+02:00,,,,,
SNY,Sanofi ADR,finviz_prefilter,adr,,,False,"{'industry': 'Drug Manufacturers - General', 'price_finviz': 44.84}",,Finviz via finvizfinance screener views,2026-08-27T23:30:29+02:00,,,,,
SRRK,Scholar Rock Holding Corp,finviz_prefilter,biotech_pre_revenue,,,False,"{'industry': 'Biotechnology', 'price_finviz': 59.26}",,Finviz via finvizfinance screener views,2026-08-27T23:30:29+02:00,,,,,
SYRE,Spyre Therapeutics Inc,finviz_prefilter,biotech_pre_revenue,,,False,"{'industry': 'Biotechnology', 'price_finviz': 93.61}",,Finviz via finvizfinance screener views,2026-08-27T23:30:29+02:00,,,,,
TCOM,Trip.com Group Ltd ADR,finviz_prefilter,adr,,,False,"{'industry': 'Travel Services', 'price_finviz': 44.61}",,Finviz via finvizfinance screener views,2026-08-27T23:30:29+02:00,,,,,
TRVI,Trevi Therapeutics Inc,finviz_prefilter,biotech_pre_revenue,,,False,"{'industry': 'Biotechnology', 'price_finviz': 17.96}",,Finviz via finvizfinance screener views,2026-08-27T23:30:29+02:00,,,,,
VERA,Vera Therapeutics Inc,finviz_prefilter,biotech_pre_revenue,,,False,"{'industry': 'Biotechnology', 'price_finviz': 34.6}",,Finviz via finvizfinance screener views,2026-08-27T23:30:29+02:00,,,,,
VKTX,Viking Therapeutics Inc,finviz_prefilter,biotech_pre_revenue,,,False,"{'industry': 'Biotechnology', 'price_finviz': 33.86}",,Finviz via finvizfinance screener views,2026-08-27T23:30:29+02:00,,,,,
VOD,Vodafone Group plc ADR,finviz_prefilter,adr,,,False,"{'industry': 'Telecom Services', 'price_finviz': 15.88}",,Finviz via finvizfinance screener views,2026-08-27T23:30:29+02:00,,,,,
XENE,Xenon Pharmaceuticals Inc,finviz_prefilter,biotech_pre_revenue,,,False,"{'industry': 'Biotechnology', 'price_finviz': 61.93}",,Finviz via finvizfinance screener views,2026-08-27T23:30:29+02:00,,,,,
ZLAB,Zai Lab Limited ADR,finviz_prefilter,adr,,,False,"{'industry': 'Biotechnology', 'price_finviz': 26.82}",,Finviz via finvizfinance screener views,2026-08-27T23:30:29+02:00,,,,,
AAOI,Applied Optoelectronics Inc,finviz_prefilter,eps_growth;operating_margin,,price_min;market_cap_min;avg_volume_min;revenue_growth;eps_growth;eps_next_year;operating_margin;earnings_window,False,"{'revenue_growth_yoy': 86.42, 'eps_growth_yoy': -74.24, 'eps_next_year': 650.23, 'operating_margin': -11.31}",,Finviz via finvizfinance screener views,2026-08-27T23:30:29+02:00,2026-08-06,,21,NORMAL,
AAON,AAON Inc,finviz_prefilter,eps_growth,,price_min;market_cap_min;avg_volume_min;revenue_growth;eps_growth;eps_next_year;operating_margin;earnings_window,False,"{'revenue_growth_yoy': 101.23, 'eps_growth_yoy': 2.6251, 'eps_next_year': 51.17, 'operating_margin': 11.05}",,Finviz via finvizfinance screener views,2026-08-27T23:30:29+02:00,2026-08-10,,17,NORMAL,"{'failed_gate': 'eps_growth', 'actual_value': 2.6251, 'applicable_threshold': 20.0, 'distance_to_threshold': 17.3749, 'distance_to_threshold_pct': 86.8745, 'formula': 'minimo: distance = threshold - actual; pct = distance / abs(threshold) * 100'}"
AAPL,Apple Inc,finviz_prefilter,revenue_growth;eps_growth;eps_next_year,,price_min;market_cap_min;avg_volume_min;revenue_growth;eps_growth;eps_next_year;operating_margin;earnings_window,False,"{'revenue_growth_yoy': 16.36, 'eps_growth_yoy': 29.13, 'eps_next_year': 7.81, 'operating_margin': 33.17}",,Finviz via finvizfinance screener views,2026-08-27T23:30:29+02:00,2026-07-30,,28,NORMAL,
ABNB,Airbnb Inc,finviz_prefilter,revenue_growth,,price_min;market_cap_min;avg_volume_min;revenue_growth;eps_growth;eps_next_year;operating_margin;earnings_window,False,"{'revenue_growth_yoy': 16.54, 'eps_growth_yoy': 33.06, 'eps_next_year': 17.45, 'operating_margin': 21.21}",,Finviz via finvizfinance screener views,2026-08-27T23:30:29+02:00,2026-08-06,,21,NORMAL,"{'failed_gate': 'revenue_growth', 'actual_value': 16.54, 'applicable_threshold': 20.0, 'distance_to_threshold': 3.460000000000001, 'distance_to_threshold_pct': 17.300000000000004, 'formula': 'minimo: distance = threshold - actual; pct = distance / abs(threshold) * 100'}"
ACAD,Acadia Pharmaceuticals Inc,finviz_prefilter,revenue_growth;eps_growth;operating_margin,,price_min;market_cap_min;avg_volume_min;revenue_growth;eps_growth;eps_next_year;operating_margin;earnings_window,False,"{'revenue_growth_yoy': 16.400000000000002, 'eps_growth_yoy': 15.24, 'eps_next_year': 48.25, 'operating_margin': 7.59}",,Finviz via finvizfinance screener views,2026-08-27T23:30:29+02:00,2026-08-04,,23,NORMAL,
ACGL,Arch Capital Group Ltd,finviz_prefilter,revenue_growth;eps_growth;eps_next_year,,price_min;market_cap_min;avg_volume_min;revenue_growth;eps_growth;eps_next_year;operating_margin;earnings_window,False,"{'revenue_growth_yoy': -11.459999999999999, 'eps_growth_yoy': -7.06, 'eps_next_year': 4.16, 'operating_margin': 25.11}",,Finviz via finvizfinance screener views,2026-08-27T23:30:29+02:00,2026-07-28,,30,NORMAL,
ACHC,Acadia Healthcare Company Inc,finviz_prefilter,revenue_growth;eps_growth,,price_min;market_cap_min;avg_volume_min;revenue_growth;eps_growth;eps_next_year;operating_margin;earnings_window,False,"{'revenue_growth_yoy': -0.38999999999999996, 'eps_growth_yoy': -64.09, 'eps_next_year': 19.31, 'operating_margin': 10.059999999999999}",,Finviz via finvizfinance screener views,2026-08-27T23:30:29+02:00,2026-07-28,,30,NORMAL,
ACIW,ACI Worldwide Inc,finviz_prefilter,revenue_growth;eps_growth;eps_next_year,,price_min;market_cap_min;avg_volume_min;revenue_growth;eps_growth;eps_next_year;operating_margin;earnings_window,False,"{'revenue_growth_yoy': 7.2700000000000005, 'eps_growth_yoy': 1.6934, 'eps_next_year': 13.51, 'operating_margin': 19.02}",,Finviz via finvizfinance screener views,2026-08-27T23:30:29+02:00,2026-08-06,,21,NORMAL,
ACMR,ACM Research Inc,finviz_prefilter,eps_growth,,price_min;market_cap_min;avg_volume_min;revenue_growth;eps_growth;eps_next_year;operating_margin;earnings_window,False,"{'revenue_growth_yoy': 36.01, 'eps_growth_yoy': 1.8057, 'eps_next_year': 44.07, 'operating_margin': 13.29}",,Finviz via finvizfinance screener views,2026-08-27T23:30:29+02:00,2026-08-07,,20,NORMAL,"{'failed_gate': 'eps_growth', 'actual_value': 1.8057, 'applicable_threshold': 30.0, 'distance_to_threshold': 28.1943, 'distance_to_threshold_pct': 93.981, 'formula': 'minimo: distance = threshold - actual; pct = distance / abs(threshold) * 100'}"
ADBE,Adobe Inc,finviz_prefilter,revenue_growth;eps_growth;eps_next_year,,price_min;market_cap_min;avg_volume_min;revenue_growth;eps_growth;eps_next_year;operating_margin;earnings_window,False,"{'revenue_growth_yoy': 12.690000000000001, 'eps_growth_yoy': 8.04, 'eps_next_year': 12.73, 'operating_margin': 36.74}",,Finviz via finvizfinance screener views,2026-08-27T23:30:29+02:00,2026-09-10,14,,NORMAL,
ADEA,Adeia Inc,finviz_prefilter,revenue_growth;eps_growth;eps_next_year,,price_min;market_cap_min;avg_volume_min;revenue_growth;eps_growth;eps_next_year;operating_margin;earnings_window,False,"{'revenue_growth_yoy': 12.11, 'eps_growth_yoy': 1.81, 'eps_next_year': 13.13, 'operating_margin': 46.81}",,Finviz via finvizfinance screener views,2026-08-27T23:30:29+02:00,2026-08-03,,24,NORMAL,
ADI,Analog Devices Inc,finviz_prefilter,eps_growth,,price_min;market_cap_min;avg_volume_min;revenue_growth;eps_growth;eps_next_year;operating_margin;earnings_window,False,"{'revenue_growth_yoy': 39.629999999999995, 'eps_growth_yoy': 1.6261, 'eps_next_year': 28.97, 'operating_margin': 35.72}",,Finviz via finvizfinance screener views,2026-08-27T23:30:29+02:00,2026-08-19,,8,PEAD_WINDOW,"{'failed_gate': 'eps_growth', 'actual_value': 1.6261, 'applicable_threshold': 30.0, 'distance_to_threshold': 28.3739, 'distance_to_threshold_pct': 94.57966666666667, 'formula': 'minimo: distance = threshold - actual; pct = distance / abs(threshold) * 100'}"
ADP,Automatic Data Processing Inc,finviz_prefilter,revenue_growth;eps_growth;eps_next_year,,price_min;market_cap_min;avg_volume_min;revenue_growth;eps_growth;eps_next_year;operating_margin;earnings_window,False,"{'revenue_growth_yoy': 6.77, 'eps_growth_yoy': 9.62, 'eps_next_year': 9.22, 'operating_margin': 26.41}",,Finviz via finvizfinance screener views,2026-08-27T23:30:29+02:00,2026-07-29,,29,NORMAL,
ADPT,Adaptive Biotechnologies Corp,finviz_prefilter,eps_growth;operating_margin,,price_min;market_cap_min;avg_volume_min;revenue_growth;eps_growth;eps_next_year;operating_margin;earnings_window,False,"{'revenue_growth_yoy': 21.529999999999998, 'eps_growth_yoy': -47.8, 'eps_next_year': 67.66, 'operating_margin': -11.81}",,Finviz via finvizfinance screener views,2026-08-27T23:30:29+02:00,2026-07-29,,29,NORMAL,
ADSK,Autodesk Inc,finviz_prefilter,revenue_growth;eps_growth;eps_next_year;earnings_window,,price_min;market_cap_min;avg_volume_min;revenue_growth;eps_growth;eps_next_year;operating_margin;earnings_window,False,"{'revenue_growth_yoy': 19.63, 'eps_growth_yoy': 2.2912, 'eps_next_year': 12.61, 'operating_margin': 22.48}",,Finviz via finvizfinance screener views,2026-08-27T23:30:29+02:00,2026-08-27,0,,PRE_EARNINGS_BLACKOUT,
AEHR,Aehr Test Systems,finviz_prefilter,operating_margin,,price_min;market_cap_min;avg_volume_min;revenue_growth;eps_growth;eps_next_year;operating_margin;earnings_window,False,"{'revenue_growth_yoy': 33.69, 'eps_growth_yoy': 143.11, 'eps_next_year': None, 'operating_margin': -28.29}",,Finviz via finvizfinance screener views,2026-08-27T23:30:29+02:00,2026-07-14,,44,NORMAL,"{'failed_gate': 'operating_margin', 'actual_value': -28.29, 'applicable_threshold': 8.0, 'distance_to_threshold': 36.29, 'distance_to_threshold_pct': 453.625, 'formula': 'minimo: distance = threshold - actual; pct = distance / abs(threshold) * 100'}"
AEP,American Electric Power Company Inc,finviz_prefilter,revenue_growth;eps_growth;eps_next_year,,price_min;market_cap_min;avg_volume_min;revenue_growth;eps_growth;eps_next_year;operating_margin;earnings_window,False,"{'revenue_growth_yoy': 6.79, 'eps_growth_yoy': -43.33, 'eps_next_year': 7.57, 'operating_margin': 23.330000000000002}",,Finviz via finvizfinance screener views,2026-08-27T23:30:29+02:00,2026-07-30,,28,NORMAL,
AFRM,Affirm Holdings Inc,finviz_prefilter,earnings_window,,price_min;market_cap_min;avg_volume_min;revenue_growth;eps_growth;eps_next_year;operating_margin;earnings_window,False,"{'revenue_growth_yoy': 33.75, 'eps_growth_yoy': 35.4938, 'eps_next_year': 43.06, 'operating_margin': 20.96}",,Finviz via finvizfinance screener views,2026-08-27T23:30:29+02:00,2026-08-27,0,,PRE_EARNINGS_BLACKOUT,"{'failed_gate': 'earnings_window', 'actual_value': 0, 'applicable_threshold': 7, 'distance_to_threshold': 1, 'distance_to_threshold_pct': None, 'days_to_exit_blackout': 1, 'formula': 'days_to_exit_blackout = days_to_earnings + 1 (giorni; nessuna %)'}"
AGIO,Agios Pharmaceuticals Inc,finviz_prefilter,revenue_growth;eps_growth;operating_margin,,price_min;market_cap_min;avg_volume_min;revenue_growth;eps_growth;eps_next_year;operating_margin;earnings_window,False,"{'revenue_growth_yoy': 2.5925, 'eps_growth_yoy': 12.45, 'eps_next_year': 35.07, 'operating_margin': -4.6678}",,Finviz via finvizfinance screener views,2026-08-27T23:30:29+02:00,2026-07-30,,28,NORMAL,
AKAM,Akamai Technologies Inc,finviz_prefilter,revenue_growth;eps_growth;eps_next_year,,price_min;market_cap_min;avg_volume_min;revenue_growth;eps_growth;eps_next_year;operating_margin;earnings_window,False,"{'revenue_growth_yoy': 5.38, 'eps_growth_yoy': -27.57, 'eps_next_year': 6.14, 'operating_margin': 11.92}",,Finviz via finvizfinance screener views,2026-08-27T23:30:29+02:00,2026-08-06,,21,NORMAL,
ALAB,Astera Labs Inc,finviz_prefilter,eps_growth,,price_min;market_cap_min;avg_volume_min;revenue_growth;eps_growth;eps_next_year;operating_margin;earnings_window,False,"{'revenue_growth_yoy': 104.45, 'eps_growth_yoy': 1.9033, 'eps_next_year': 62.43, 'operating_margin': 22.75}",,Finviz via finvizfinance screener views,2026-08-27T23:30:29+02:00,2026-08-04,,23,NORMAL,"{'failed_gate': 'eps_growth', 'actual_value': 1.9033, 'applicable_threshold': 20.0, 'distance_to_threshold': 18.0967, 'distance_to_threshold_pct': 90.48349999999999, 'formula': 'minimo: distance = threshold - actual; pct = distance / abs(threshold) * 100'}"
ALGM,Allegro Microsystems Inc,finviz_prefilter,eps_growth;operating_margin,,price_min;market_cap_min;avg_volume_min;revenue_growth;eps_growth;eps_next_year;operating_margin;earnings_window,False,"{'revenue_growth_yoy': 27.450000000000003, 'eps_growth_yoy': 2.1785, 'eps_next_year': 45.97, 'operating_margin': 6.22}",,Finviz via finvizfinance screener views,2026-08-27T23:30:29+02:00,2026-07-30,,28,NORMAL,
ALGN,Align Technology Inc,finviz_prefilter,revenue_growth;eps_growth;eps_next_year,,price_min;market_cap_min;avg_volume_min;revenue_growth;eps_growth;eps_next_year;operating_margin;earnings_window,False,"{'revenue_growth_yoy': 4.32, 'eps_growth_yoy': -11.790000000000001, 'eps_next_year': 11.05, 'operating_margin': 18.38}",,Finviz via finvizfinance screener views,2026-08-27T23:30:29+02:00,2026-07-29,,29,NORMAL,
ALKS,Alkermes plc,finviz_prefilter,eps_growth,,price_min;market_cap_min;avg_volume_min;revenue_growth;eps_growth;eps_next_year;operating_margin;earnings_window,False,"{'revenue_growth_yoy': 26.97, 'eps_growth_yoy': -99.44, 'eps_next_year': 234.61, 'operating_margin': 8.62}",,Finviz via finvizfinance screener views,2026-08-27T23:30:29+02:00,2026-07-28,,30,NORMAL,"{'failed_gate': 'eps_growth', 'actual_value': -99.44, 'applicable_threshold': 30.0, 'distance_to_threshold': 129.44, 'distance_to_threshold_pct': 431.46666666666664, 'formula': 'minimo: distance = threshold - actual; pct = distance / abs(threshold) * 100'}"
ALKT,Alkami Technology Inc,finviz_prefilter,revenue_growth;operating_margin,,price_min;market_cap_min;avg_volume_min;revenue_growth;eps_growth;eps_next_year;operating_margin;earnings_window,False,"{'revenue_growth_yoy': 15.870000000000001, 'eps_growth_yoy': 36.61, 'eps_next_year': 38.22, 'operating_margin': -7.08}",,Finviz via finvizfinance screener views,2026-08-27T23:30:29+02:00,2026-07-29,,29,NORMAL,
ALM,Almonty Industries Inc,finviz_prefilter,revenue_growth;eps_growth;operating_margin,,price_min;market_cap_min;avg_volume_min;revenue_growth;eps_growth;eps_next_year;operating_margin;earnings_window,False,"{'revenue_growth_yoy': 4.9789, 'eps_growth_yoy': 2.3556, 'eps_next_year': 106.03, 'operating_margin': 5.27}",,Finviz via finvizfinance screener views,2026-08-27T23:30:29+02:00,2026-08-11,,16,NORMAL,
ALMS,Alumis Inc,finviz_prefilter,revenue_growth;eps_growth;eps_next_year;operating_margin,,price_min;market_cap_min;avg_volume_min;revenue_growth;eps_growth;eps_next_year;operating_margin;earnings_window,False,"{'revenue_growth_yoy': -37.66, 'eps_growth_yoy': -2.4388, 'eps_next_year': 14.0, 'operating_margin': -54.7955}",,Finviz via finvizfinance screener views,2026-08-27T23:30:29+02:00,2026-08-13,,14,PEAD_WINDOW,
ALNY,Alnylam Pharmaceuticals Inc,finviz_prefilter,eps_growth,,price_min;market_cap_min;avg_volume_min;revenue_growth;eps_growth;eps_next_year;operating_margin;earnings_window,False,"{'revenue_growth_yoy': 66.86, 'eps_growth_yoy': 3.3786, 'eps_next_year': 46.96, 'operating_margin': 20.810000000000002}",,Finviz via finvizfinance screener views,2026-08-27T23:30:29+02:00,2026-07-30,,28,NORMAL,"{'failed_gate': 'eps_growth', 'actual_value': 3.3786, 'applicable_threshold': 20.0, 'distance_to_threshold': 16.6214, 'distance_to_threshold_pct': 83.10700000000001, 'formula': 'minimo: distance = threshold - actual; pct = distance / abs(threshold) * 100'}"
AMBA,Ambarella Inc,finviz_prefilter,revenue_growth;eps_growth;operating_margin;earnings_window,,price_min;market_cap_min;avg_volume_min;revenue_growth;eps_growth;eps_next_year;operating_margin;earnings_window,False,"{'revenue_growth_yoy': 16.869999999999997, 'eps_growth_yoy': 27.99, 'eps_next_year': 36.48, 'operating_margin': -18.48}",,Finviz via finvizfinance screener views,2026-08-27T23:30:29+02:00,2026-09-03,7,,PRE_EARNINGS_BLACKOUT,
AMD,Advanced Micro Devices Inc,finviz_prefilter,eps_growth,,price_min;market_cap_min;avg_volume_min;revenue_growth;eps_growth;eps_next_year;operating_margin;earnings_window,False,"{'revenue_growth_yoy': 50.11, 'eps_growth_yoy': 1.588, 'eps_next_year': 106.17, 'operating_margin': 15.709999999999999}",,Finviz via finvizfinance screener views,2026-08-27T23:30:29+02:00,2026-08-04,,23,NORMAL,"{'failed_gate': 'eps_growth', 'actual_value': 1.588, 'applicable_threshold': 20.0, 'distance_to_threshold': 18.412, 'distance_to_threshold_pct': 92.06, 'formula': 'minimo: distance = threshold - actual; pct = distance / abs(threshold) * 100'}"
AMGN,AMGEN Inc,finviz_prefilter,revenue_growth;eps_next_year,,price_min;market_cap_min;avg_volume_min;revenue_growth;eps_growth;eps_next_year;operating_margin;earnings_window,False,"{'revenue_growth_yoy': 9.82, 'eps_growth_yoy': 64.92999999999999, 'eps_next_year': 5.8, 'operating_margin': 33.31}",,Finviz via finvizfinance screener views,2026-08-27T23:30:29+02:00,2026-08-04,,23,NORMAL,
AMKR,AMKOR Technology Inc,finviz_prefilter,eps_growth;eps_next_year,,price_min;market_cap_min;avg_volume_min;revenue_growth;eps_growth;eps_next_year;operating_margin;earnings_window,False,"{'revenue_growth_yoy': 25.580000000000002, 'eps_growth_yoy': 2.1653, 'eps_next_year': 8.84, 'operating_margin': 8.92}",,Finviz via finvizfinance screener views,2026-08-27T23:30:29+02:00,2026-07-27,,31,NORMAL,
AMRX,Amneal Pharmaceuticals Inc,finviz_prefilter,revenue_growth;eps_growth,,price_min;market_cap_min;avg_volume_min;revenue_growth;eps_growth;eps_next_year;operating_margin;earnings_window,False,"{'revenue_growth_yoy': 9.89, 'eps_growth_yoy': 1.5281, 'eps_next_year': 15.16, 'operating_margin': 15.299999999999999}",,Finviz via finvizfinance screener views,2026-08-27T23:30:29+02:00,2026-07-30,,28,NORMAL,
AMZN,Amazon.com Inc,finviz_prefilter,revenue_growth;eps_growth;eps_next_year,,price_min;market_cap_min;avg_volume_min;revenue_growth;eps_growth;eps_next_year;operating_margin;earnings_window,False,"{'revenue_growth_yoy': 19.62, 'eps_growth_yoy': 2.4183, 'eps_next_year': -16.06, 'operating_margin': 12.68}",,Finviz via finvizfinance screener views,2026-08-27T23:30:29+02:00,2026-07-30,,28,NORMAL,
APA,APA Corp,finviz_prefilter,revenue_growth;eps_growth;eps_next_year,,price_min;market_cap_min;avg_volume_min;revenue_growth;eps_growth;eps_next_year;operating_margin;earnings_window,False,"{'revenue_growth_yoy': 8.95, 'eps_growth_yoy': 26.33, 'eps_next_year': -28.9, 'operating_margin': 41.32}",,Finviz via finvizfinance screener views,2026-08-27T23:30:29+02:00,2026-08-05,,22,NORMAL,
APLD,Applied Digital Corp,finviz_prefilter,revenue_growth;eps_growth;operating_margin,,price_min;market_cap_min;avg_volume_min;revenue_growth;eps_growth;eps_next_year;operating_margin;earnings_window,False,"{'revenue_growth_yoy': 5.8068, 'eps_growth_yoy': -62.41, 'eps_next_year': 74.77, 'operating_margin': -29.73}",,Finviz via finvizfinance screener views,2026-08-27T23:30:29+02:00,2026-07-27,,31,NORMAL,
APPN,Appian Corp,finviz_prefilter,revenue_growth;eps_growth;operating_margin,,price_min;market_cap_min;avg_volume_min;revenue_growth;eps_growth;eps_next_year;operating_margin;earnings_window,False,"{'revenue_growth_yoy': 19.11, 'eps_growth_yoy': -37.5952, 'eps_next_year': 31.1, 'operating_margin': 4.37}",,Finviz via finvizfinance screener views,2026-08-27T23:30:29+02:00,2026-08-06,,21,NORMAL,
ARCC,Ares Capital Corp,finviz_prefilter,revenue_growth;eps_growth,,price_min;market_cap_min;avg_volume_min;revenue_growth;eps_growth;eps_next_year;operating_margin;earnings_window,False,"{'revenue_growth_yoy': -7.3, 'eps_growth_yoy': -54.14, 'eps_next_year': 143.0, 'operating_margin': 58.03}",,Finviz via finvizfinance screener views,2026-08-27T23:30:29+02:00,2026-07-29,,29,NORMAL,
ARQT,Arcutis Biotherapeutics Inc,finviz_prefilter,eps_growth;operating_margin,,price_min;market_cap_min;avg_volume_min;revenue_growth;eps_growth;eps_next_year;operating_margin;earnings_window,False,"{'revenue_growth_yoy': 59.330000000000005, 'eps_growth_yoy': 1.8825, 'eps_next_year': 171.05, 'operating_margin': 7.380000000000001}",,Finviz via finvizfinance screener views,2026-08-27T23:30:29+02:00,2026-08-05,,22,NORMAL,
ARWR,Arrowhead Pharmaceuticals Inc,finviz_prefilter,revenue_growth;eps_growth;eps_next_year;operating_margin,,price_min;market_cap_min;avg_volume_min;revenue_growth;eps_growth;eps_next_year;operating_margin;earnings_window,False,"{'revenue_growth_yoy': 1.7102, 'eps_growth_yoy': -7.51, 'eps_next_year': -34.23, 'operating_margin': -33.82}",,Finviz via finvizfinance screener views,2026-08-27T23:30:29+02:00,2026-08-04,,23,NORMAL,
ASO,Academy Sports and Outdoors Inc,finviz_prefilter,revenue_growth;eps_growth;eps_next_year,,price_min;market_cap_min;avg_volume_min;revenue_growth;eps_growth;eps_next_year;operating_margin;earnings_window,False,"{'revenue_growth_yoy': 6.7, 'eps_growth_yoy': 18.22, 'eps_next_year': 7.77, 'operating_margin': 8.42}",,Finviz via finvizfinance screener views,2026-08-27T23:30:29+02:00,2026-09-09,13,,NORMAL,
ASTS,AST SpaceMobile Inc,finviz_prefilter,eps_growth;operating_margin,,price_min;market_cap_min;avg_volume_min;revenue_growth;eps_growth;eps_next_year;operating_margin;earnings_window,False,"{'revenue_growth_yoy': 26.2664, 'eps_growth_yoy': -88.0, 'eps_next_year': 39.31, 'operating_margin': -4.1026}",,Finviz via finvizfinance screener views,2026-08-27T23:30:29+02:00,2026-08-10,,17,NORMAL,
ATRC,Atricure Inc,finviz_prefilter,revenue_growth;eps_growth;operating_margin,,price_min;market_cap_min;avg_volume_min;revenue_growth;eps_growth;eps_next_year;operating_margin;earnings_window,False,"{'revenue_growth_yoy': 12.83, 'eps_growth_yoy': 2.4125, 'eps_next_year': 291.48, 'operating_margin': 2.44}",,Finviz via finvizfinance screener views,2026-08-27T23:30:29+02:00,2026-07-23,,35,NORMAL,
AUGO,Aura Minerals Inc,finviz_prefilter,eps_next_year,,price_min;market_cap_min;avg_volume_min;revenue_growth;eps_growth;eps_next_year;operating_margin;earnings_window,False,"{'revenue_growth_yoy': 76.42, 'eps_growth_yoy': 22.7156, 'eps_next_year': 3.86, 'operating_margin': 53.42}",,Finviz via finvizfinance screener views,2026-08-27T23:30:29+02:00,2026-08-05,,22,NORMAL,"{'failed_gate': 'eps_next_year', 'actual_value': 3.86, 'applicable_threshold': 15.0, 'distance_to_threshold': 11.14, 'distance_to_threshold_pct': 74.26666666666667, 'formula': 'minimo: distance = threshold - actual; pct = distance / abs(threshold) * 100'}"
AUPH,Aurinia Pharmaceuticals Inc,finviz_prefilter,revenue_growth,,price_min;market_cap_min;avg_volume_min;revenue_growth;eps_growth;eps_next_year;operating_margin;earnings_window,False,"{'revenue_growth_yoy': 18.87, 'eps_growth_yoy': 79.16, 'eps_next_year': 24.79, 'operating_margin': 45.15}",,Finviz via finvizfinance screener views,2026-08-27T23:30:29+02:00,2026-08-06,,21,NORMAL,"{'failed_gate': 'revenue_growth', 'actual_value': 18.87, 'applicable_threshold': 20.0, 'distance_to_threshold': 1.129999999999999, 'distance_to_threshold_pct': 5.649999999999995, 'formula': 'minimo: distance = threshold - actual; pct = distance / abs(threshold) * 100'}"
AVAV,AeroVironment Inc,finviz_prefilter,operating_margin,,price_min;market_cap_min;avg_volume_min;revenue_growth;eps_growth;eps_next_year;operating_margin;earnings_window,False,"{'revenue_growth_yoy': 133.27, 'eps_growth_yoy': 112.23, 'eps_next_year': 37.44, 'operating_margin': -1.1199999999999999}",,Finviz via finvizfinance screener views,2026-08-27T23:30:29+02:00,2026-09-09,13,,NORMAL,"{'failed_gate': 'operating_margin', 'actual_value': -1.1199999999999999, 'applicable_threshold': 8.0, 'distance_to_threshold': 9.12, 'distance_to_threshold_pct': 113.99999999999999, 'formula': 'minimo: distance = threshold - actual; pct = distance / abs(threshold) * 100'}"
AVGO,Broadcom Inc,finviz_prefilter,earnings_window,,price_min;market_cap_min;avg_volume_min;revenue_growth;eps_growth;eps_next_year;operating_margin;earnings_window,False,"{'revenue_growth_yoy': 47.870000000000005, 'eps_growth_yoy': 85.59, 'eps_next_year': 68.63, 'operating_margin': 44.14}",,Finviz via finvizfinance screener views,2026-08-27T23:30:29+02:00,2026-09-02,6,,PRE_EARNINGS_BLACKOUT,"{'failed_gate': 'earnings_window', 'actual_value': 6, 'applicable_threshold': 7, 'distance_to_threshold': 7, 'distance_to_threshold_pct': None, 'days_to_exit_blackout': 7, 'formula': 'days_to_exit_blackout = days_to_earnings + 1 (giorni; nessuna %)'}"
AVT,Avnet Inc,finviz_prefilter,eps_growth;eps_next_year;operating_margin,,price_min;market_cap_min;avg_volume_min;revenue_growth;eps_growth;eps_next_year;operating_margin;earnings_window,False,"{'revenue_growth_yoy': 47.660000000000004, 'eps_growth_yoy': 19.8743, 'eps_next_year': 11.61, 'operating_margin': 3.11}",,Finviz via finvizfinance screener views,2026-08-27T23:30:29+02:00,2026-08-05,,22,NORMAL,
AXGN,Axogen Inc,finviz_prefilter,eps_growth;operating_margin,,price_min;market_cap_min;avg_volume_min;revenue_growth;eps_growth;eps_next_year;operating_margin;earnings_window,False,"{'revenue_growth_yoy': 23.06, 'eps_growth_yoy': -3.3471, 'eps_next_year': 53.07, 'operating_margin': -5.12}",,Finviz via finvizfinance screener views,2026-08-27T23:30:29+02:00,2026-07-29,,29,NORMAL,
AXON,Axon Enterprise Inc,finviz_prefilter,eps_growth;operating_margin,,price_min;market_cap_min;avg_volume_min;revenue_growth;eps_growth;eps_next_year;operating_margin;earnings_window,False,"{'revenue_growth_yoy': 35.28, 'eps_growth_yoy': -19.0, 'eps_next_year': 38.48, 'operating_margin': 1.15}",,Finviz via finvizfinance screener views,2026-08-27T23:30:29+02:00,2026-08-05,,22,NORMAL,
AXSM,Axsome Therapeutics Inc,finviz_prefilter,eps_growth;operating_margin,,price_min;market_cap_min;avg_volume_min;revenue_growth;eps_growth;eps_next_year;operating_margin;earnings_window,False,"{'revenue_growth_yoy': 45.540000000000006, 'eps_growth_yoy': -2.09, 'eps_next_year': 274.15, 'operating_margin': -23.549999999999997}",,Finviz via finvizfinance screener views,2026-08-27T23:30:29+02:00,2026-08-10,,17,NORMAL,
AXTI,AXT Inc,finviz_prefilter,revenue_growth;eps_growth;operating_margin,,price_min;market_cap_min;avg_volume_min;revenue_growth;eps_growth;eps_next_year;operating_margin;earnings_window,False,"{'revenue_growth_yoy': 1.6477, 'eps_growth_yoy': 2.0825, 'eps_next_year': 158.88, 'operating_margin': 3.09}",,Finviz via finvizfinance screener views,2026-08-27T23:30:29+02:00,2026-07-30,,28,NORMAL,
BBIO,BridgeBio Pharma Inc,finviz_prefilter,eps_growth;operating_margin,,price_min;market_cap_min;avg_volume_min;revenue_growth;eps_growth;eps_next_year;operating_margin;earnings_window,False,"{'revenue_growth_yoy': 120.39, 'eps_growth_yoy': 18.57, 'eps_next_year': 101.88, 'operating_margin': -67.01}",,Finviz via finvizfinance screener views,2026-08-27T23:30:29+02:00,2026-08-10,,17,NORMAL,
BEAM,Beam Therapeutics Inc,finviz_prefilter,revenue_growth;eps_growth;eps_next_year;operating_margin,,price_min;market_cap_min;avg_volume_min;revenue_growth;eps_growth;eps_next_year;operating_margin;earnings_window,False,"{'revenue_growth_yoy': -94.21000000000001, 'eps_growth_yoy': -17.25, 'eps_next_year': -6.99, 'operating_margin': -2.4227}",,Finviz via finvizfinance screener views,2026-08-27T23:30:29+02:00,2026-08-04,,23,NORMAL,
BIIB,Biogen Inc,finviz_prefilter,revenue_growth;eps_growth,,price_min;market_cap_min;avg_volume_min;revenue_growth;eps_growth;eps_next_year;operating_margin;earnings_window,False,"{'revenue_growth_yoy': 2.3800000000000003, 'eps_growth_yoy': -84.85000000000001, 'eps_next_year': 32.75, 'operating_margin': 19.5}",,Finviz via finvizfinance screener views,2026-08-27T23:30:29+02:00,2026-07-29,,29,NORMAL,
BKNG,Booking Holdings Inc,finviz_prefilter,revenue_growth,,price_min;market_cap_min;avg_volume_min;revenue_growth;eps_growth;eps_next_year;operating_margin;earnings_window,False,"{'revenue_growth_yoy': 8.15, 'eps_growth_yoy': 130.75, 'eps_next_year': 18.53, 'operating_margin': 35.17}",,Finviz via finvizfinance screener views,2026-08-27T23:30:29+02:00,2026-08-04,,23,NORMAL,"{'failed_gate': 'revenue_growth', 'actual_value': 8.15, 'applicable_threshold': 20.0, 'distance_to_threshold': 11.85, 'distance_to_threshold_pct': 59.25, 'formula': 'minimo: distance = threshold - actual; pct = distance / abs(threshold) * 100'}"
BKR,Baker Hughes Co,finviz_prefilter,revenue_growth;eps_growth;eps_next_year,,price_min;market_cap_min;avg_volume_min;revenue_growth;eps_growth;eps_next_year;operating_margin;earnings_window,False,"{'revenue_growth_yoy': -2.4299999999999997, 'eps_growth_yoy': -3.44, 'eps_next_year': 14.58, 'operating_margin': 12.959999999999999}",,Finviz via finvizfinance screener views,2026-08-27T23:30:29+02:00,2026-07-26,,32,NORMAL,
BLKB,Blackbaud Inc,finviz_prefilter,revenue_growth;eps_next_year,,price_min;market_cap_min;avg_volume_min;revenue_growth;eps_growth;eps_next_year;operating_margin;earnings_window,False,"{'revenue_growth_yoy': 3.3000000000000003, 'eps_growth_yoy': 46.300000000000004, 'eps_next_year': 13.82, 'operating_margin': 20.18}",,Finviz via finvizfinance screener views,2026-08-27T23:30:29+02:00,2026-07-29,,29,NORMAL,
BMRN,Biomarin Pharmaceutical Inc,finviz_prefilter,eps_growth,,price_min;market_cap_min;avg_volume_min;revenue_growth;eps_growth;eps_next_year;operating_margin;earnings_window,False,"{'revenue_growth_yoy': 20.41, 'eps_growth_yoy': -81.28, 'eps_next_year': 31.56, 'operating_margin': 18.5}",,Finviz via finvizfinance screener views,2026-08-27T23:30:29+02:00,2026-08-06,,21,NORMAL,"{'failed_gate': 'eps_growth', 'actual_value': -81.28, 'applicable_threshold': 30.0, 'distance_to_threshold': 111.28, 'distance_to_threshold_pct': 370.93333333333334, 'formula': 'minimo: distance = threshold - actual; pct = distance / abs(threshold) * 100'}"
BRKR,Bruker Corp,finviz_prefilter,revenue_growth;eps_growth;eps_next_year,,price_min;market_cap_min;avg_volume_min;revenue_growth;eps_growth;eps_next_year;operating_margin;earnings_window,False,"{'revenue_growth_yoy': 5.1499999999999995, 'eps_growth_yoy': -9.2435, 'eps_next_year': 13.58, 'operating_margin': 8.540000000000001}",,Finviz via finvizfinance screener views,2026-08-27T23:30:29+02:00,2026-08-04,,23,NORMAL,
BRZE,Braze Inc,finviz_prefilter,eps_growth;operating_margin,,price_min;market_cap_min;avg_volume_min;revenue_growth;eps_growth;eps_next_year;operating_margin;earnings_window,False,"{'revenue_growth_yoy': 30.2, 'eps_growth_yoy': 29.87, 'eps_next_year': 52.11, 'operating_margin': -16.43}",,Finviz via finvizfinance screener views,2026-08-27T23:30:29+02:00,2026-09-08,12,,NORMAL,
BSY,Bentley Systems Inc,finviz_prefilter,revenue_growth;eps_growth;eps_next_year,,price_min;market_cap_min;avg_volume_min;revenue_growth;eps_growth;eps_next_year;operating_margin;earnings_window,False,"{'revenue_growth_yoy': 12.8, 'eps_growth_yoy': 14.85, 'eps_next_year': 12.08, 'operating_margin': 24.37}",,Finviz via finvizfinance screener views,2026-08-27T23:30:29+02:00,2026-08-06,,21,NORMAL,
BTSG,BrightSpring Health Services Inc,finviz_prefilter,eps_growth;operating_margin,,price_min;market_cap_min;avg_volume_min;revenue_growth;eps_growth;eps_next_year;operating_margin;earnings_window,False,"{'revenue_growth_yoy': 23.05, 'eps_growth_yoy': 2.0176, 'eps_next_year': 26.86, 'operating_margin': 3.6799999999999997}",,Finviz via finvizfinance screener views,2026-08-27T23:30:29+02:00,2026-07-31,,27,NORMAL,
BUSE,First Busey Corp,finviz_prefilter,revenue_growth;eps_next_year,,price_min;market_cap_min;avg_volume_min;revenue_growth;eps_growth;eps_next_year;operating_margin;earnings_window,False,"{'revenue_growth_yoy': -6.94, 'eps_growth_yoy': 31.97, 'eps_next_year': 7.13, 'operating_margin': 27.32}",,Finviz via finvizfinance screener views,2026-08-27T23:30:29+02:00,2026-07-28,,30,NORMAL,
BWIN,Baldwin Insurance Group Inc,finviz_prefilter,eps_growth;operating_margin,,price_min;market_cap_min;avg_volume_min;revenue_growth;eps_growth;eps_next_year;operating_margin;earnings_window,False,"{'revenue_growth_yoy': 30.130000000000003, 'eps_growth_yoy': -8.0409, 'eps_next_year': 23.4, 'operating_margin': -2.65}",,Finviz via finvizfinance screener views,2026-08-27T23:30:29+02:00,2026-07-30,,28,NORMAL,
CAKE,Cheesecake Factory Inc,finviz_prefilter,revenue_growth;eps_growth;eps_next_year;operating_margin,,price_min;market_cap_min;avg_volume_min;revenue_growth;eps_growth;eps_next_year;operating_margin;earnings_window,False,"{'revenue_growth_yoy': 7.720000000000001, 'eps_growth_yoy': 23.78, 'eps_next_year': 10.71, 'operating_margin': 6.98}",,Finviz via finvizfinance screener views,2026-08-27T23:30:29+02:00,2026-07-28,,30,NORMAL,
CALM,Cal-Maine Foods Inc,finviz_prefilter,revenue_growth;eps_growth,,price_min;market_cap_min;avg_volume_min;revenue_growth;eps_growth;eps_next_year;operating_margin;earnings_window,False,"{'revenue_growth_yoy': -49.93, 'eps_growth_yoy': -110.85000000000001, 'eps_next_year': 135.66, 'operating_margin': 11.790000000000001}",,Finviz via finvizfinance screener views,2026-08-27T23:30:29+02:00,2026-07-22,,36,NORMAL,
CARG,CarGurus Inc,finviz_prefilter,revenue_growth,,price_min;market_cap_min;avg_volume_min;revenue_growth;eps_growth;eps_next_year;operating_margin;earnings_window,False,"{'revenue_growth_yoy': 7.24, 'eps_growth_yoy': 142.2, 'eps_next_year': 15.2, 'operating_margin': 25.71}",,Finviz via finvizfinance screener views,2026-08-27T23:30:29+02:00,2026-08-06,,21,NORMAL,"{'failed_gate': 'revenue_growth', 'actual_value': 7.24, 'applicable_threshold': 20.0, 'distance_to_threshold': 12.76, 'distance_to_threshold_pct': 63.800000000000004, 'formula': 'minimo: distance = threshold - actual; pct = distance / abs(threshold) * 100'}"
CART,Maplebear Inc,finviz_prefilter,revenue_growth;eps_growth,,price_min;market_cap_min;avg_volume_min;revenue_growth;eps_growth;eps_next_year;operating_margin;earnings_window,False,"{'revenue_growth_yoy': 14.11, 'eps_growth_yoy': 8.12, 'eps_next_year': 26.81, 'operating_margin': 16.68}",,Finviz via finvizfinance screener views,2026-08-27T23:30:29+02:00,2026-08-06,,21,NORMAL,
CBC,Central Bancompany Inc,finviz_prefilter,revenue_growth;eps_growth;eps_next_year,,price_min;market_cap_min;avg_volume_min;revenue_growth;eps_growth;eps_next_year;operating_margin;earnings_window,False,"{'revenue_growth_yoy': 7.109999999999999, 'eps_growth_yoy': 14.59, 'eps_next_year': 6.29, 'operating_margin': 43.47}",,Finviz via finvizfinance screener views,2026-08-27T23:30:29+02:00,2026-08-04,,23,NORMAL,
CBRS,Cerebras Systems Inc,finviz_prefilter,eps_growth;operating_margin,,price_min;market_cap_min;avg_volume_min;revenue_growth;eps_growth;eps_next_year;operating_margin;earnings_window,False,"{'revenue_growth_yoy': 74.32, 'eps_growth_yoy': -2.3728, 'eps_next_year': None, 'operating_margin': -81.17}",,Finviz via finvizfinance screener views,2026-08-27T23:30:29+02:00,2026-08-12,,15,PEAD_WINDOW,
CBSH,Commerce Bancshares Inc,finviz_prefilter,revenue_growth;eps_growth;eps_next_year,,price_min;market_cap_min;avg_volume_min;revenue_growth;eps_growth;eps_next_year;operating_margin;earnings_window,False,"{'revenue_growth_yoy': 14.280000000000001, 'eps_growth_yoy': 1.17, 'eps_next_year': 7.49, 'operating_margin': 33.739999999999995}",,Finviz via finvizfinance screener views,2026-08-27T23:30:29+02:00,2026-07-16,,42,NORMAL,
CCEP,Coca-Cola Europacific Partners Plc,finviz_prefilter,revenue_growth;eps_growth;eps_next_year,,price_min;market_cap_min;avg_volume_min;revenue_growth;eps_growth;eps_next_year;operating_margin;earnings_window,False,"{'revenue_growth_yoy': 1.72, 'eps_growth_yoy': 3.0705, 'eps_next_year': 9.21, 'operating_margin': 13.54}",,Finviz via finvizfinance screener views,2026-08-27T23:30:29+02:00,2026-08-04,,23,NORMAL,
CDNA,Caredx Inc,finviz_prefilter,eps_growth;eps_next_year;operating_margin,,price_min;market_cap_min;avg_volume_min;revenue_growth;eps_growth;eps_next_year;operating_margin;earnings_window,False,"{'revenue_growth_yoy': 52.23, 'eps_growth_yoy': 14.1242, 'eps_next_year': 11.68, 'operating_margin': -0.4}",,Finviz via finvizfinance screener views,2026-08-27T23:30:29+02:00,2026-07-30,,28,NORMAL,
CDW,CDW Corp,finviz_prefilter,revenue_growth;eps_growth;eps_next_year;operating_margin,,price_min;market_cap_min;avg_volume_min;revenue_growth;eps_growth;eps_next_year;operating_margin;earnings_window,False,"{'revenue_growth_yoy': 9.969999999999999, 'eps_growth_yoy': 5.1499999999999995, 'eps_next_year': 9.22, 'operating_margin': 7.17}",,Finviz via finvizfinance screener views,2026-08-27T23:30:29+02:00,2026-08-05,,22,NORMAL,
CECO,Ceco Environmental Corp,finviz_prefilter,eps_growth;operating_margin,,price_min;market_cap_min;avg_volume_min;revenue_growth;eps_growth;eps_next_year;operating_margin;earnings_window,False,"{'revenue_growth_yoy': 53.71, 'eps_growth_yoy': -4.0865, 'eps_next_year': 38.5, 'operating_margin': 5.82}",,Finviz via finvizfinance screener views,2026-08-27T23:30:29+02:00,2026-08-10,,17,NORMAL,
CEG,Constellation Energy Corp,finviz_prefilter,eps_growth;eps_next_year,,price_min;market_cap_min;avg_volume_min;revenue_growth;eps_growth;eps_next_year;operating_margin;earnings_window,False,"{'revenue_growth_yoy': 38.56, 'eps_growth_yoy': -46.67, 'eps_next_year': 10.14, 'operating_margin': 14.93}",,Finviz via finvizfinance screener views,2026-08-27T23:30:29+02:00,2026-08-06,,21,NORMAL,
CELH,Celsius Holdings Inc,finviz_prefilter,revenue_growth;eps_growth,,price_min;market_cap_min;avg_volume_min;revenue_growth;eps_growth;eps_next_year;operating_margin;earnings_window,False,"{'revenue_growth_yoy': 10.639999999999999, 'eps_growth_yoy': -56.95, 'eps_next_year': 20.58, 'operating_margin': 19.2}",,Finviz via finvizfinance screener views,2026-08-27T23:30:29+02:00,2026-08-06,,21,NORMAL,
CENX,Century Aluminum Co,finviz_prefilter,revenue_growth;eps_next_year,,price_min;market_cap_min;avg_volume_min;revenue_growth;eps_growth;eps_next_year;operating_margin;earnings_window,False,"{'revenue_growth_yoy': 19.74, 'eps_growth_yoy': 49.3874, 'eps_next_year': 11.95, 'operating_margin': 14.87}",,Finviz via finvizfinance screener views,2026-08-27T23:30:29+02:00,2026-08-06,,21,NORMAL,
CG,Carlyle Group Inc,finviz_prefilter,revenue_growth;eps_growth,,price_min;market_cap_min;avg_volume_min;revenue_growth;eps_growth;eps_next_year;operating_margin;earnings_window,False,"{'revenue_growth_yoy': -43.91, 'eps_growth_yoy': -57.15, 'eps_next_year': 41.01, 'operating_margin': 14.38}",,Finviz via finvizfinance screener views,2026-08-27T23:30:29+02:00,2026-08-05,,22,NORMAL,
CGNX,Cognex Corp,finviz_prefilter,revenue_growth,,price_min;market_cap_min;avg_volume_min;revenue_growth;eps_growth;eps_next_year;operating_margin;earnings_window,False,"{'revenue_growth_yoy': 16.93, 'eps_growth_yoy': 78.11, 'eps_next_year': 19.45, 'operating_margin': 21.9}",,Finviz via finvizfinance screener views,2026-08-27T23:30:29+02:00,2026-08-05,,22,NORMAL,"{'failed_gate': 'revenue_growth', 'actual_value': 16.93, 'applicable_threshold': 20.0, 'distance_to_threshold': 3.0700000000000003, 'distance_to_threshold_pct': 15.350000000000003, 'formula': 'minimo: distance = threshold - actual; pct = distance / abs(threshold) * 100'}"
CGON,Cg Oncology Inc,finviz_prefilter,eps_next_year;operating_margin,revenue_growth;eps_growth,price_min;market_cap_min;avg_volume_min;eps_next_year;operating_margin;earnings_window,False,"{'revenue_growth_yoy': None, 'eps_growth_yoy': -64.91, 'eps_next_year': 5.64, 'operating_margin': -40.5618}",,Finviz via finvizfinance screener views,2026-08-27T23:30:29+02:00,2026-08-06,,21,NORMAL,
CHDN,Churchill Downs Inc,finviz_prefilter,revenue_growth;eps_growth;eps_next_year,,price_min;market_cap_min;avg_volume_min;revenue_growth;eps_growth;eps_next_year;operating_margin;earnings_window,False,"{'revenue_growth_yoy': 4.88, 'eps_growth_yoy': 14.499999999999998, 'eps_next_year': 6.27, 'operating_margin': 25.81}",,Finviz via finvizfinance screener views,2026-08-27T23:30:29+02:00,2026-07-29,,29,NORMAL,
CHKP,Check Point Software Technologies Ltd,finviz_prefilter,revenue_growth;eps_growth;eps_next_year,,price_min;market_cap_min;avg_volume_min;revenue_growth;eps_growth;eps_next_year;operating_margin;earnings_window,False,"{'revenue_growth_yoy': 1.26, 'eps_growth_yoy': 1.9300000000000002, 'eps_next_year': 8.05, 'operating_margin': 29.020000000000003}",,Finviz via finvizfinance screener views,2026-08-27T23:30:29+02:00,2026-07-30,,28,NORMAL,
CHRD,Chord Energy Corp,finviz_prefilter,eps_growth;eps_next_year,,price_min;market_cap_min;avg_volume_min;revenue_growth;eps_growth;eps_next_year;operating_margin;earnings_window,False,"{'revenue_growth_yoy': 84.04, 'eps_growth_yoy': 2.3705, 'eps_next_year': -30.07, 'operating_margin': 18.93}",,Finviz via finvizfinance screener views,2026-08-27T23:30:29+02:00,2026-08-05,,22,NORMAL,
CHRW,C.H. Robinson Worldwide Inc,finviz_prefilter,revenue_growth;eps_growth;operating_margin,,price_min;market_cap_min;avg_volume_min;revenue_growth;eps_growth;eps_next_year;operating_margin;earnings_window,False,"{'revenue_growth_yoy': 19.28, 'eps_growth_yoy': 23.810000000000002, 'eps_next_year': 20.44, 'operating_margin': 4.91}",,Finviz via finvizfinance screener views,2026-08-27T23:30:29+02:00,2026-07-29,,29,NORMAL,
CHTR,Charter Communications Inc,finviz_prefilter,revenue_growth;eps_growth;eps_next_year,,price_min;market_cap_min;avg_volume_min;revenue_growth;eps_growth;eps_next_year;operating_margin;earnings_window,False,"{'revenue_growth_yoy': -1.7399999999999998, 'eps_growth_yoy': 16.04, 'eps_next_year': 9.59, 'operating_margin': 23.98}",,Finviz via finvizfinance screener views,2026-08-27T23:30:29+02:00,2026-07-24,,34,NORMAL,
CHYM,Chime Financial Inc,finviz_prefilter,revenue_growth;operating_margin,,price_min;market_cap_min;avg_volume_min;revenue_growth;eps_growth;eps_next_year;operating_margin;earnings_window,False,"{'revenue_growth_yoy': 10.61, 'eps_growth_yoy': 102.84, 'eps_next_year': 102.93, 'operating_margin': -0.83}",,Finviz via finvizfinance screener views,2026-08-27T23:30:29+02:00,2026-08-05,,22,NORMAL,
CIFR,Cipher Digital Inc,finviz_prefilter,revenue_growth;eps_growth;operating_margin,,price_min;market_cap_min;avg_volume_min;revenue_growth;eps_growth;eps_next_year;operating_margin;earnings_window,False,"{'revenue_growth_yoy': -42.99, 'eps_growth_yoy': -4.3522, 'eps_next_year': 79.15, 'operating_margin': -112.79999999999998}",,Finviz via finvizfinance screener views,2026-08-27T23:30:29+02:00,2026-08-04,,23,NORMAL,
CINF,Cincinnati Financial Corp,finviz_prefilter,eps_next_year,,price_min;market_cap_min;avg_volume_min;revenue_growth;eps_growth;eps_next_year;operating_margin;earnings_window,False,"{'revenue_growth_yoy': 31.59, 'eps_growth_yoy': 85.68, 'eps_next_year': 7.2, 'operating_margin': 30.159999999999997}",,Finviz via finvizfinance screener views,2026-08-27T23:30:29+02:00,2026-07-27,,31,NORMAL,"{'failed_gate': 'eps_next_year', 'actual_value': 7.2, 'applicable_threshold': 15.0, 'distance_to_threshold': 7.8, 'distance_to_threshold_pct': 52.0, 'formula': 'minimo: distance = threshold - actual; pct = distance / abs(threshold) * 100'}"
CLDX,Celldex Therapeutics Inc,finviz_prefilter,revenue_growth;eps_growth;eps_next_year;operating_margin,,price_min;market_cap_min;avg_volume_min;revenue_growth;eps_growth;eps_next_year;operating_margin;earnings_window,False,"{'revenue_growth_yoy': -96.99, 'eps_growth_yoy': -10.77, 'eps_next_year': -32.0, 'operating_margin': -2062.2025}",,Finviz via finvizfinance screener views,2026-08-27T23:30:29+02:00,2026-08-06,,21,NORMAL,
CLMT,Calumet Inc,finviz_prefilter,operating_margin,,price_min;market_cap_min;avg_volume_min;revenue_growth;eps_growth;eps_next_year;operating_margin;earnings_window,False,"{'revenue_growth_yoy': 40.77, 'eps_growth_yoy': 35.75, 'eps_next_year': 176.22, 'operating_margin': 1.1900000000000002}",,Finviz via finvizfinance screener views,2026-08-27T23:30:29+02:00,2026-08-07,,20,NORMAL,"{'failed_gate': 'operating_margin', 'actual_value': 1.1900000000000002, 'applicable_threshold': 8.0, 'distance_to_threshold': 6.81, 'distance_to_threshold_pct': 85.125, 'formula': 'minimo: distance = threshold - actual; pct = distance / abs(threshold) * 100'}"
CMCSA,Comcast Corp,finviz_prefilter,revenue_growth;eps_growth;eps_next_year,,price_min;market_cap_min;avg_volume_min;revenue_growth;eps_growth;eps_next_year;operating_margin;earnings_window,False,"{'revenue_growth_yoy': -1.23, 'eps_growth_yoy': -66.9, 'eps_next_year': 3.17, 'operating_margin': 14.85}",,Finviz via finvizfinance screener views,2026-08-27T23:30:29+02:00,2026-07-23,,35,NORMAL,
CME,CME Group Inc,finviz_prefilter,revenue_growth;eps_growth;eps_next_year,,price_min;market_cap_min;avg_volume_min;revenue_growth;eps_growth;eps_next_year;operating_margin;earnings_window,False,"{'revenue_growth_yoy': 0.84, 'eps_growth_yoy': 2.6599999999999997, 'eps_next_year': 5.41, 'operating_margin': 65.10000000000001}",,Finviz via finvizfinance screener views,2026-08-27T23:30:29+02:00,2026-07-22,,36,NORMAL,
COCO,Vita Coco Company Inc,finviz_prefilter,eps_next_year,,price_min;market_cap_min;avg_volume_min;revenue_growth;eps_growth;eps_next_year;operating_margin;earnings_window,False,"{'revenue_growth_yoy': 28.08, 'eps_growth_yoy': 112.29, 'eps_next_year': 12.67, 'operating_margin': 19.1}",,Finviz via finvizfinance screener views,2026-08-27T23:30:29+02:00,2026-07-23,,35,NORMAL,"{'failed_gate': 'eps_next_year', 'actual_value': 12.67, 'applicable_threshold': 15.0, 'distance_to_threshold': 2.33, 'distance_to_threshold_pct': 15.533333333333335, 'formula': 'minimo: distance = threshold - actual; pct = distance / abs(threshold) * 100'}"
COHU,Cohu Inc,finviz_prefilter,operating_margin,,price_min;market_cap_min;avg_volume_min;revenue_growth;eps_growth;eps_next_year;operating_margin;earnings_window,False,"{'revenue_growth_yoy': 38.37, 'eps_growth_yoy': 99.06, 'eps_next_year': 94.34, 'operating_margin': -6.38}",,Finviz via finvizfinance screener views,2026-08-27T23:30:29+02:00,2026-07-30,,28,NORMAL,"{'failed_gate': 'operating_margin', 'actual_value': -6.38, 'applicable_threshold': 8.0, 'distance_to_threshold': 14.379999999999999, 'distance_to_threshold_pct': 179.75, 'formula': 'minimo: distance = threshold - actual; pct = distance / abs(threshold) * 100'}"
COIN,Coinbase Global Inc,finviz_prefilter,revenue_growth;eps_growth;operating_margin,,price_min;market_cap_min;avg_volume_min;revenue_growth;eps_growth;eps_next_year;operating_margin;earnings_window,False,"{'revenue_growth_yoy': -61.1, 'eps_growth_yoy': -126.57000000000001, 'eps_next_year': 189.62, 'operating_margin': -37.56}",,Finviz via finvizfinance screener views,2026-08-27T23:30:29+02:00,2026-07-30,,28,NORMAL,
COLB,Columbia Banking System Inc,finviz_prefilter,eps_growth;eps_next_year,,price_min;market_cap_min;avg_volume_min;revenue_growth;eps_growth;eps_next_year;operating_margin;earnings_window,False,"{'revenue_growth_yoy': 21.959999999999997, 'eps_growth_yoy': 0.03, 'eps_next_year': 8.28, 'operating_margin': 30.620000000000005}",,Finviz via finvizfinance screener views,2026-08-27T23:30:29+02:00,2026-07-23,,35,NORMAL,
COO,Cooper Companies Inc,finviz_prefilter,revenue_growth;eps_growth;eps_next_year,,price_min;market_cap_min;avg_volume_min;revenue_growth;eps_growth;eps_next_year;operating_margin;earnings_window,False,"{'revenue_growth_yoy': 7.9, 'eps_growth_yoy': -1.9142, 'eps_next_year': 8.11, 'operating_margin': 18.19}",,Finviz via finvizfinance screener views,2026-08-27T23:30:29+02:00,2026-09-09,13,,NORMAL,
CORT,Corcept Therapeutics Inc,finviz_prefilter,eps_growth;operating_margin,,price_min;market_cap_min;avg_volume_min;revenue_growth;eps_growth;eps_next_year;operating_margin;earnings_window,False,"{'revenue_growth_yoy': 31.740000000000002, 'eps_growth_yoy': 23.91, 'eps_next_year': 108.21, 'operating_margin': 0.77}",,Finviz via finvizfinance screener views,2026-08-27T23:30:29+02:00,2026-07-29,,29,NORMAL,
CORZ,Core Scientific Inc,finviz_prefilter,eps_growth;operating_margin,,price_min;market_cap_min;avg_volume_min;revenue_growth;eps_growth;eps_next_year;operating_margin;earnings_window,False,"{'revenue_growth_yoy': 108.83, 'eps_growth_yoy': -78.6882, 'eps_next_year': 107.0, 'operating_margin': -30.620000000000005}",,Finviz via finvizfinance screener views,2026-08-27T23:30:29+02:00,2026-07-28,,30,NORMAL,
COST,Costco Wholesale Corp,finviz_prefilter,revenue_growth;eps_growth;eps_next_year;operating_margin,,price_min;market_cap_min;avg_volume_min;revenue_growth;eps_growth;eps_next_year;operating_margin;earnings_window,False,"{'revenue_growth_yoy': 11.58, 'eps_growth_yoy': 15.27, 'eps_next_year': 10.53, 'operating_margin': 3.82}",,Finviz via finvizfinance screener views,2026-08-27T23:30:29+02:00,2026-05-28,,91,NORMAL,
CPB,Campbells Co,finviz_prefilter,revenue_growth;eps_next_year;earnings_window,,price_min;market_cap_min;avg_volume_min;revenue_growth;eps_growth;eps_next_year;operating_margin;earnings_window,False,"{'revenue_growth_yoy': -4.3999999999999995, 'eps_growth_yoy': 87.9, 'eps_next_year': -13.76, 'operating_margin': 11.95}",,Finviz via finvizfinance screener views,2026-08-27T23:30:29+02:00,2026-09-03,7,,PRE_EARNINGS_BLACKOUT,
CPRT,Copart Inc,finviz_prefilter,revenue_growth;eps_growth;eps_next_year,,price_min;market_cap_min;avg_volume_min;revenue_growth;eps_growth;eps_next_year;operating_margin;earnings_window,False,"{'revenue_growth_yoy': 2.09, 'eps_growth_yoy': 2.67, 'eps_next_year': 5.59, 'operating_margin': 36.57}",,Finviz via finvizfinance screener views,2026-08-27T23:30:29+02:00,2026-05-21,,98,NORMAL,
CRDO,Credo Technology Group Holding Ltd,finviz_prefilter,revenue_growth;eps_growth;earnings_window,,price_min;market_cap_min;avg_volume_min;revenue_growth;eps_growth;eps_next_year;operating_margin;earnings_window,False,"{'revenue_growth_yoy': 1.5702, 'eps_growth_yoy': 3.3683, 'eps_next_year': 48.19, 'operating_margin': 34.03}",,Finviz via finvizfinance screener views,2026-08-27T23:30:29+02:00,2026-09-01,5,,PRE_EARNINGS_BLACKOUT,
CRNX,Crinetics Pharmaceuticals Inc,finviz_prefilter,eps_growth;eps_next_year;operating_margin,,price_min;market_cap_min;avg_volume_min;revenue_growth;eps_growth;eps_next_year;operating_margin;earnings_window,False,"{'revenue_growth_yoy': 23.3628, 'eps_growth_yoy': 7.140000000000001, 'eps_next_year': 12.04, 'operating_margin': -13.0252}",,Finviz via finvizfinance screener views,2026-08-27T23:30:29+02:00,2026-08-03,,24,NORMAL,
CROX,Crocs Inc,finviz_prefilter,revenue_growth;eps_next_year,,price_min;market_cap_min;avg_volume_min;revenue_growth;eps_growth;eps_next_year;operating_margin;earnings_window,False,"{'revenue_growth_yoy': 2.62, 'eps_growth_yoy': 146.78, 'eps_next_year': 7.17, 'operating_margin': 20.810000000000002}",,Finviz via finvizfinance screener views,2026-08-27T23:30:29+02:00,2026-07-30,,28,NORMAL,
CRSP,CRISPR Therapeutics AG,finviz_prefilter,revenue_growth;operating_margin,,price_min;market_cap_min;avg_volume_min;revenue_growth;eps_growth;eps_next_year;operating_margin;earnings_window,False,"{'revenue_growth_yoy': 10.4137, 'eps_growth_yoy': 60.57, 'eps_next_year': 25.73, 'operating_margin': -39.7153}",,Finviz via finvizfinance screener views,2026-08-27T23:30:29+02:00,2026-08-03,,24,NORMAL,
CRWD,Crowdstrike Holdings Inc,finviz_prefilter,operating_margin,,price_min;market_cap_min;avg_volume_min;revenue_growth;eps_growth;eps_next_year;operating_margin;earnings_window,False,"{'revenue_growth_yoy': 25.83, 'eps_growth_yoy': 106.56000000000002, 'eps_next_year': 26.53, 'operating_margin': -1.38}",,Finviz via finvizfinance screener views,2026-08-27T23:30:29+02:00,2026-08-26,,1,PEAD_WINDOW,"{'failed_gate': 'operating_margin', 'actual_value': -1.38, 'applicable_threshold': 8.0, 'distance_to_threshold': 9.379999999999999, 'distance_to_threshold_pct': 117.24999999999999, 'formula': 'minimo: distance = threshold - actual; pct = distance / abs(threshold) * 100'}"
CRWV,CoreWeave Inc,finviz_prefilter,eps_growth;operating_margin,,price_min;market_cap_min;avg_volume_min;revenue_growth;eps_growth;eps_next_year;operating_margin;earnings_window,False,"{'revenue_growth_yoy': 112.32, 'eps_growth_yoy': -79.2, 'eps_next_year': 51.84, 'operating_margin': -3.0300000000000002}",,Finviz via finvizfinance screener views,2026-08-27T23:30:29+02:00,2026-08-11,,16,NORMAL,
CSCO,Cisco Systems Inc,finviz_prefilter,revenue_growth;eps_next_year,,price_min;market_cap_min;avg_volume_min;revenue_growth;eps_growth;eps_next_year;operating_margin;earnings_window,False,"{'revenue_growth_yoy': 17.580000000000002, 'eps_growth_yoy': 37.16, 'eps_next_year': 9.2, 'operating_margin': 25.230000000000004}",,Finviz via finvizfinance screener views,2026-08-27T23:30:29+02:00,2026-08-12,,15,PEAD_WINDOW,
CSGP,Costar Group Inc,finviz_prefilter,revenue_growth;eps_growth;operating_margin,,price_min;market_cap_min;avg_volume_min;revenue_growth;eps_growth;eps_next_year;operating_margin;earnings_window,False,"{'revenue_growth_yoy': 18.39, 'eps_growth_yoy': 8.3151, 'eps_next_year': 25.66, 'operating_margin': 2.4299999999999997}",,Finviz via finvizfinance screener views,2026-08-27T23:30:29+02:00,2026-07-28,,30,NORMAL,
CSX,CSX Corp,finviz_prefilter,revenue_growth;eps_growth;eps_next_year,,price_min;market_cap_min;avg_volume_min;revenue_growth;eps_growth;eps_next_year;operating_margin;earnings_window,False,"{'revenue_growth_yoy': 10.100000000000001, 'eps_growth_yoy': 21.78, 'eps_next_year': 13.34, 'operating_margin': 35.27}",,Finviz via finvizfinance screener views,2026-08-27T23:30:29+02:00,2026-07-22,,36,NORMAL,
CTAS,Cintas Corp,finviz_prefilter,revenue_growth;eps_growth;eps_next_year,,price_min;market_cap_min;avg_volume_min;revenue_growth;eps_growth;eps_next_year;operating_margin;earnings_window,False,"{'revenue_growth_yoy': 8.9, 'eps_growth_yoy': 15.559999999999999, 'eps_next_year': 11.39, 'operating_margin': 23.26}",,Finviz via finvizfinance screener views,2026-08-27T23:30:29+02:00,2026-07-15,,43,NORMAL,
CTSH,Cognizant Technology Solutions Corp,finviz_prefilter,revenue_growth;eps_growth;eps_next_year,,price_min;market_cap_min;avg_volume_min;revenue_growth;eps_growth;eps_next_year;operating_margin;earnings_window,False,"{'revenue_growth_yoy': 4.5, 'eps_growth_yoy': 4.1000000000000005, 'eps_next_year': 9.76, 'operating_margin': 16.11}",,Finviz via finvizfinance screener views,2026-08-27T23:30:29+02:00,2026-07-29,,29,NORMAL,
CVBF,CVB Financial Corp,finviz_prefilter,eps_growth,,price_min;market_cap_min;avg_volume_min;revenue_growth;eps_growth;eps_next_year;operating_margin;earnings_window,False,"{'revenue_growth_yoy': 37.86, 'eps_growth_yoy': -21.58, 'eps_next_year': 31.93, 'operating_margin': 43.64}",,Finviz via finvizfinance screener views,2026-08-27T23:30:29+02:00,2026-07-22,,36,NORMAL,"{'failed_gate': 'eps_growth', 'actual_value': -21.58, 'applicable_threshold': 30.0, 'distance_to_threshold': 51.58, 'distance_to_threshold_pct': 171.93333333333334, 'formula': 'minimo: distance = threshold - actual; pct = distance / abs(threshold) * 100'}"
CYTK,Cytokinetics Inc,finviz_prefilter,revenue_growth;eps_growth;operating_margin,,price_min;market_cap_min;avg_volume_min;revenue_growth;eps_growth;eps_next_year;operating_margin;earnings_window,False,"{'revenue_growth_yoy': -57.13, 'eps_growth_yoy': -33.78, 'eps_next_year': 26.04, 'operating_margin': -10.4612}",,Finviz via finvizfinance screener views,2026-08-27T23:30:29+02:00,2026-08-06,,21,NORMAL,
CZR,Caesars Entertainment Inc,finviz_prefilter,revenue_growth;eps_growth,,price_min;market_cap_min;avg_volume_min;revenue_growth;eps_growth;eps_next_year;operating_margin;earnings_window,False,"{'revenue_growth_yoy': 2.96, 'eps_growth_yoy': 22.53, 'eps_next_year': 124.6, 'operating_margin': 17.69}",,Finviz via finvizfinance screener views,2026-08-27T23:30:29+02:00,2026-07-28,,30,NORMAL,
DASH,DoorDash Inc,finviz_prefilter,eps_growth;operating_margin,,price_min;market_cap_min;avg_volume_min;revenue_growth;eps_growth;eps_next_year;operating_margin;earnings_window,False,"{'revenue_growth_yoy': 35.63, 'eps_growth_yoy': -29.98, 'eps_next_year': 79.56, 'operating_margin': 5.46}",,Finviz via finvizfinance screener views,2026-08-27T23:30:29+02:00,2026-08-05,,22,NORMAL,
DBX,Dropbox Inc,finviz_prefilter,revenue_growth;eps_growth;eps_next_year,,price_min;market_cap_min;avg_volume_min;revenue_growth;eps_growth;eps_next_year;operating_margin;earnings_window,False,"{'revenue_growth_yoy': 0.9299999999999999, 'eps_growth_yoy': -6.94, 'eps_next_year': 8.34, 'operating_margin': 26.5}",,Finviz via finvizfinance screener views,2026-08-27T23:30:29+02:00,2026-08-06,,21,NORMAL,
DDOG,Datadog Inc,finviz_prefilter,eps_growth;operating_margin,,price_min;market_cap_min;avg_volume_min;revenue_growth;eps_growth;eps_next_year;operating_margin;earnings_window,False,"{'revenue_growth_yoy': 35.64, 'eps_growth_yoy': 15.5135, 'eps_next_year': 16.96, 'operating_margin': 0.48}",,Finviz via finvizfinance screener views,2026-08-27T23:30:29+02:00,2026-08-06,,21,NORMAL,
DKNG,DraftKings Inc,finviz_prefilter,revenue_growth;eps_growth;operating_margin,,price_min;market_cap_min;avg_volume_min;revenue_growth;eps_growth;eps_next_year;operating_margin;earnings_window,False,"{'revenue_growth_yoy': -4.58, 'eps_growth_yoy': -145.99, 'eps_next_year': 584.68, 'operating_margin': -2.83}",,Finviz via finvizfinance screener views,2026-08-27T23:30:29+02:00,2026-08-06,,21,NORMAL,
DLTR,Dollar Tree Inc,finviz_prefilter,revenue_growth;eps_growth;eps_next_year;earnings_window,,price_min;market_cap_min;avg_volume_min;revenue_growth;eps_growth;eps_next_year;operating_margin;earnings_window,False,"{'revenue_growth_yoy': 7.02, 'eps_growth_yoy': 1.9728, 'eps_next_year': 9.03, 'operating_margin': 8.44}",,Finviz via finvizfinance screener views,2026-08-27T23:30:29+02:00,2026-08-27,0,,PRE_EARNINGS_BLACKOUT,
DNLI,Denali Therapeutics Inc,finviz_prefilter,eps_next_year;operating_margin,revenue_growth;eps_growth,price_min;market_cap_min;avg_volume_min;eps_next_year;operating_margin;earnings_window,False,"{'revenue_growth_yoy': None, 'eps_growth_yoy': 5.93, 'eps_next_year': -68.0, 'operating_margin': -150.5819}",,Finviz via finvizfinance screener views,2026-08-27T23:30:29+02:00,2026-08-06,,21,NORMAL,
DNTH,Dianthus Therapeutics Inc,finviz_prefilter,revenue_growth;eps_growth;eps_next_year;operating_margin,,price_min;market_cap_min;avg_volume_min;revenue_growth;eps_growth;eps_next_year;operating_margin;earnings_window,False,"{'revenue_growth_yoy': 2.943, 'eps_growth_yoy': -1.51, 'eps_next_year': -21.63, 'operating_margin': -114.4139}",,Finviz via finvizfinance screener views,2026-08-27T23:30:29+02:00,2026-08-04,,23,NORMAL,
DOCU,DocuSign Inc,finviz_prefilter,revenue_growth;eps_growth;eps_next_year;earnings_window,,price_min;market_cap_min;avg_volume_min;revenue_growth;eps_growth;eps_next_year;operating_margin;earnings_window,False,"{'revenue_growth_yoy': 8.72, 'eps_growth_yoy': 17.51, 'eps_next_year': 12.57, 'operating_margin': 10.639999999999999}",,Finviz via finvizfinance screener views,2026-08-27T23:30:29+02:00,2026-09-03,7,,PRE_EARNINGS_BLACKOUT,
DOX,Amdocs Ltd,finviz_prefilter,revenue_growth;eps_growth;eps_next_year,,price_min;market_cap_min;avg_volume_min;revenue_growth;eps_growth;eps_next_year;operating_margin;earnings_window,False,"{'revenue_growth_yoy': 2.63, 'eps_growth_yoy': -57.53, 'eps_next_year': 8.06, 'operating_margin': 16.86}",,Finviz via finvizfinance screener views,2026-08-27T23:30:29+02:00,2026-08-05,,22,NORMAL,
DPZ,Dominos Pizza Inc,finviz_prefilter,revenue_growth;eps_growth;eps_next_year,,price_min;market_cap_min;avg_volume_min;revenue_growth;eps_growth;eps_next_year;operating_margin;earnings_window,False,"{'revenue_growth_yoy': 4.3, 'eps_growth_yoy': 6.92, 'eps_next_year': 9.82, 'operating_margin': 19.3}",,Finviz via finvizfinance screener views,2026-08-27T23:30:29+02:00,2026-07-20,,38,NORMAL,
DRS,Leonardo DRS Inc,finviz_prefilter,revenue_growth;eps_next_year,,price_min;market_cap_min;avg_volume_min;revenue_growth;eps_growth;eps_next_year;operating_margin;earnings_window,False,"{'revenue_growth_yoy': 10.13, 'eps_growth_yoy': 59.34, 'eps_next_year': 6.05, 'operating_margin': 10.56}",,Finviz via finvizfinance screener views,2026-08-27T23:30:29+02:00,2026-07-30,,28,NORMAL,
DUOL,Duolingo Inc,finviz_prefilter,revenue_growth;eps_growth,,price_min;market_cap_min;avg_volume_min;revenue_growth;eps_growth;eps_next_year;operating_margin;earnings_window,False,"{'revenue_growth_yoy': 18.310000000000002, 'eps_growth_yoy': -27.49, 'eps_next_year': 21.07, 'operating_margin': 14.21}",,Finviz via finvizfinance screener views,2026-08-27T23:30:29+02:00,2026-08-05,,22,NORMAL,
DXCM,Dexcom Inc,finviz_prefilter,revenue_growth,,price_min;market_cap_min;avg_volume_min;revenue_growth;eps_growth;eps_next_year;operating_margin;earnings_window,False,"{'revenue_growth_yoy': 13.08, 'eps_growth_yoy': 43.63, 'eps_next_year': 16.98, 'operating_margin': 22.919999999999998}",,Finviz via finvizfinance screener views,2026-08-27T23:30:29+02:00,2026-07-30,,28,NORMAL,"{'failed_gate': 'revenue_growth', 'actual_value': 13.08, 'applicable_threshold': 20.0, 'distance_to_threshold': 6.92, 'distance_to_threshold_pct': 34.599999999999994, 'formula': 'minimo: distance = threshold - actual; pct = distance / abs(threshold) * 100'}"
EBAY,EBay Inc,finviz_prefilter,revenue_growth;eps_next_year,,price_min;market_cap_min;avg_volume_min;revenue_growth;eps_growth;eps_next_year;operating_margin;earnings_window,False,"{'revenue_growth_yoy': 14.37, 'eps_growth_yoy': 54.379999999999995, 'eps_next_year': 9.91, 'operating_margin': 21.44}",,Finviz via finvizfinance screener views,2026-08-27T23:30:29+02:00,2026-08-05,,22,NORMAL,
EBC,Eastern Bankshares Inc,finviz_prefilter,eps_growth;eps_next_year,,price_min;market_cap_min;avg_volume_min;revenue_growth;eps_growth;eps_next_year;operating_margin;earnings_window,False,"{'revenue_growth_yoy': 26.36, 'eps_growth_yoy': -4.73, 'eps_next_year': 13.86, 'operating_margin': 26.919999999999998}",,Finviz via finvizfinance screener views,2026-08-27T23:30:29+02:00,2026-07-23,,35,NORMAL,
ECHO,EchoStar Corp,finviz_prefilter,revenue_growth;eps_growth;eps_next_year;operating_margin,,price_min;market_cap_min;avg_volume_min;revenue_growth;eps_growth;eps_next_year;operating_margin;earnings_window,False,"{'revenue_growth_yoy': -3.9899999999999998, 'eps_growth_yoy': 23.649, 'eps_next_year': -86.58, 'operating_margin': 7.1499999999999995}",,Finviz via finvizfinance screener views,2026-08-27T23:30:29+02:00,2026-08-03,,24,NORMAL,
ENPH,Enphase Energy Inc,finviz_prefilter,revenue_growth;eps_growth;eps_next_year,,price_min;market_cap_min;avg_volume_min;revenue_growth;eps_growth;eps_next_year;operating_margin;earnings_window,False,"{'revenue_growth_yoy': -19.63, 'eps_growth_yoy': -2.55, 'eps_next_year': 11.54, 'operating_margin': 25.629999999999995}",,Finviz via finvizfinance screener views,2026-08-27T23:30:29+02:00,2026-07-28,,30,NORMAL,
ENTG,Entegris Inc,finviz_prefilter,revenue_growth,,price_min;market_cap_min;avg_volume_min;revenue_growth;eps_growth;eps_next_year;operating_margin;earnings_window,False,"{'revenue_growth_yoy': 11.459999999999999, 'eps_growth_yoy': 75.32, 'eps_next_year': 29.19, 'operating_margin': 17.09}",,Finviz via finvizfinance screener views,2026-08-27T23:30:29+02:00,2026-08-04,,23,NORMAL,"{'failed_gate': 'revenue_growth', 'actual_value': 11.459999999999999, 'applicable_threshold': 20.0, 'distance_to_threshold': 8.540000000000001, 'distance_to_threshold_pct': 42.7, 'formula': 'minimo: distance = threshold - actual; pct = distance / abs(threshold) * 100'}"
EQPT,Equipmentshare.Com Inc,finviz_prefilter,eps_growth;operating_margin,,price_min;market_cap_min;avg_volume_min;revenue_growth;eps_growth;eps_next_year;operating_margin;earnings_window,False,"{'revenue_growth_yoy': 26.33, 'eps_growth_yoy': 29.24, 'eps_next_year': 59.61, 'operating_margin': 6.84}",,Finviz via finvizfinance screener views,2026-08-27T23:30:29+02:00,2026-08-12,,15,PEAD_WINDOW,
ETOR,Etoro Group Ltd,finviz_prefilter,revenue_growth,,price_min;market_cap_min;avg_volume_min;revenue_growth;eps_growth;eps_next_year;operating_margin;earnings_window,False,"{'revenue_growth_yoy': 10.299999999999999, 'eps_growth_yoy': 87.37, 'eps_next_year': 18.8, 'operating_margin': 31.96}",,Finviz via finvizfinance screener views,2026-08-27T23:30:29+02:00,2026-08-11,,16,NORMAL,"{'failed_gate': 'revenue_growth', 'actual_value': 10.299999999999999, 'applicable_threshold': 20.0, 'distance_to_threshold': 9.700000000000001, 'distance_to_threshold_pct': 48.50000000000001, 'formula': 'minimo: distance = threshold - actual; pct = distance / abs(threshold) * 100'}"
EVRG,Evergy Inc,finviz_prefilter,revenue_growth;eps_growth;eps_next_year,,price_min;market_cap_min;avg_volume_min;revenue_growth;eps_growth;eps_next_year;operating_margin;earnings_window,False,"{'revenue_growth_yoy': 4.84, 'eps_growth_yoy': 23.5, 'eps_next_year': 7.16, 'operating_margin': 25.55}",,Finviz via finvizfinance screener views,2026-08-27T23:30:29+02:00,2026-08-06,,21,NORMAL,
EWBC,East West Bancorp Inc,finviz_prefilter,revenue_growth;eps_growth;eps_next_year,,price_min;market_cap_min;avg_volume_min;revenue_growth;eps_growth;eps_next_year;operating_margin;earnings_window,False,"{'revenue_growth_yoy': 4.15, 'eps_growth_yoy': 17.64, 'eps_next_year': 6.52, 'operating_margin': 39.68}",,Finviz via finvizfinance screener views,2026-08-27T23:30:29+02:00,2026-07-21,,37,NORMAL,
EXC,Exelon Corp,finviz_prefilter,revenue_growth;eps_growth;eps_next_year,,price_min;market_cap_min;avg_volume_min;revenue_growth;eps_growth;eps_next_year;operating_margin;earnings_window,False,"{'revenue_growth_yoy': 9.950000000000001, 'eps_growth_yoy': -0.31, 'eps_next_year': 6.32, 'operating_margin': 20.79}",,Finviz via finvizfinance screener views,2026-08-27T23:30:29+02:00,2026-07-30,,28,NORMAL,
EXE,Expand Energy Corp,finviz_prefilter,revenue_growth;eps_growth;eps_next_year,,price_min;market_cap_min;avg_volume_min;revenue_growth;eps_growth;eps_next_year;operating_margin;earnings_window,False,"{'revenue_growth_yoy': -10.61, 'eps_growth_yoy': -45.58, 'eps_next_year': -4.97, 'operating_margin': 21.529999999999998}",,Finviz via finvizfinance screener views,2026-08-27T23:30:29+02:00,2026-07-28,,30,NORMAL,
EXEL,Exelixis Inc,finviz_prefilter,revenue_growth;eps_growth,,price_min;market_cap_min;avg_volume_min;revenue_growth;eps_growth;eps_next_year;operating_margin;earnings_window,False,"{'revenue_growth_yoy': 10.63, 'eps_growth_yoy': 25.629999999999995, 'eps_next_year': 15.96, 'operating_margin': 40.72}",,Finviz via finvizfinance screener views,2026-08-27T23:30:29+02:00,2026-08-05,,22,NORMAL,
EXLS,ExlService Holdings Inc,finviz_prefilter,revenue_growth;eps_growth;eps_next_year,,price_min;market_cap_min;avg_volume_min;revenue_growth;eps_growth;eps_next_year;operating_margin;earnings_window,False,"{'revenue_growth_yoy': 15.61, 'eps_growth_yoy': 4.92, 'eps_next_year': 13.47, 'operating_margin': 14.42}",,Finviz via finvizfinance screener views,2026-08-27T23:30:29+02:00,2026-07-28,,30,NORMAL,
EXPE,Expedia Group Inc,finviz_prefilter,revenue_growth;eps_growth,,price_min;market_cap_min;avg_volume_min;revenue_growth;eps_growth;eps_next_year;operating_margin;earnings_window,False,"{'revenue_growth_yoy': 13.969999999999999, 'eps_growth_yoy': 1.8833, 'eps_next_year': 16.37, 'operating_margin': 16.64}",,Finviz via finvizfinance screener views,2026-08-27T23:30:29+02:00,2026-08-05,,22,NORMAL,
EXTR,Extreme Networks Inc,finviz_prefilter,revenue_growth;eps_growth;operating_margin,,price_min;market_cap_min;avg_volume_min;revenue_growth;eps_growth;eps_next_year;operating_margin;earnings_window,False,"{'revenue_growth_yoy': 10.280000000000001, 'eps_growth_yoy': 3.2959, 'eps_next_year': 16.49, 'operating_margin': 5.050000000000001}",,Finviz via finvizfinance screener views,2026-08-27T23:30:29+02:00,2026-08-05,,22,NORMAL,
EZPW,EZCorp Inc,finviz_prefilter,eps_next_year,,price_min;market_cap_min;avg_volume_min;revenue_growth;eps_growth;eps_next_year;operating_margin;earnings_window,False,"{'revenue_growth_yoy': 34.65, 'eps_growth_yoy': 39.519999999999996, 'eps_next_year': 6.69, 'operating_margin': 13.969999999999999}",,Finviz via finvizfinance screener views,2026-08-27T23:30:29+02:00,2026-08-05,,22,NORMAL,"{'failed_gate': 'eps_next_year', 'actual_value': 6.69, 'applicable_threshold': 15.0, 'distance_to_threshold': 8.309999999999999, 'distance_to_threshold_pct': 55.39999999999999, 'formula': 'minimo: distance = threshold - actual; pct = distance / abs(threshold) * 100'}"
FA,First Advantage Corp,finviz_prefilter,revenue_growth,,price_min;market_cap_min;avg_volume_min;revenue_growth;eps_growth;eps_next_year;operating_margin;earnings_window,False,"{'revenue_growth_yoy': 14.879999999999999, 'eps_growth_yoy': 53.2222, 'eps_next_year': 17.96, 'operating_margin': 10.89}",,Finviz via finvizfinance screener views,2026-08-27T23:30:29+02:00,2026-08-06,,21,NORMAL,"{'failed_gate': 'revenue_growth', 'actual_value': 14.879999999999999, 'applicable_threshold': 20.0, 'distance_to_threshold': 5.120000000000001, 'distance_to_threshold_pct': 25.600000000000005, 'formula': 'minimo: distance = threshold - actual; pct = distance / abs(threshold) * 100'}"
FANG,Diamondback Energy Inc,finviz_prefilter,eps_growth;eps_next_year,,price_min;market_cap_min;avg_volume_min;revenue_growth;eps_growth;eps_next_year;operating_margin;earnings_window,False,"{'revenue_growth_yoy': 51.22, 'eps_growth_yoy': 1.7968, 'eps_next_year': -11.11, 'operating_margin': 35.05}",,Finviz via finvizfinance screener views,2026-08-27T23:30:29+02:00,2026-08-03,,24,NORMAL,
FAST,Fastenal Co,finviz_prefilter,revenue_growth;eps_growth;eps_next_year,,price_min;market_cap_min;avg_volume_min;revenue_growth;eps_growth;eps_next_year;operating_margin;earnings_window,False,"{'revenue_growth_yoy': 14.74, 'eps_growth_yoy': 15.879999999999999, 'eps_next_year': 10.82, 'operating_margin': 20.29}",,Finviz via finvizfinance screener views,2026-08-27T23:30:29+02:00,2026-07-14,,44,NORMAL,
FER,Ferrovial N. V,finviz_prefilter,revenue_growth;eps_growth,,price_min;market_cap_min;avg_volume_min;revenue_growth;eps_growth;eps_next_year;operating_margin;earnings_window,False,"{'revenue_growth_yoy': 6.64, 'eps_growth_yoy': 9.5324, 'eps_next_year': 18.92, 'operating_margin': 10.42}",,Finviz via finvizfinance screener views,2026-08-27T23:30:29+02:00,2026-07-28,,30,NORMAL,
FFBC,First Financial Bancorp,finviz_prefilter,revenue_growth;eps_growth;eps_next_year,,price_min;market_cap_min;avg_volume_min;revenue_growth;eps_growth;eps_next_year;operating_margin;earnings_window,False,"{'revenue_growth_yoy': 12.98, 'eps_growth_yoy': -0.33999999999999997, 'eps_next_year': 11.57, 'operating_margin': 26.06}",,Finviz via finvizfinance screener views,2026-08-27T23:30:29+02:00,2026-07-21,,37,NORMAL,
FFIN,First Financial Bankshares Inc,finviz_prefilter,revenue_growth;eps_growth;eps_next_year,,price_min;market_cap_min;avg_volume_min;revenue_growth;eps_growth;eps_next_year;operating_margin;earnings_window,False,"{'revenue_growth_yoy': 8.43, 'eps_growth_yoy': 7.61, 'eps_next_year': 5.05, 'operating_margin': 37.86}",,Finviz via finvizfinance screener views,2026-08-27T23:30:29+02:00,2026-07-16,,42,NORMAL,
FHB,First Hawaiian INC,finviz_prefilter,revenue_growth;eps_growth;eps_next_year,,price_min;market_cap_min;avg_volume_min;revenue_growth;eps_growth;eps_next_year;operating_margin;earnings_window,False,"{'revenue_growth_yoy': 0.7100000000000001, 'eps_growth_yoy': 3.04, 'eps_next_year': 7.12, 'operating_margin': 31.730000000000004}",,Finviz via finvizfinance screener views,2026-08-27T23:30:29+02:00,2026-07-24,,34,NORMAL,
FIBK,First Interstate BancSystem Inc,finviz_prefilter,revenue_growth;eps_growth;eps_next_year,,price_min;market_cap_min;avg_volume_min;revenue_growth;eps_growth;eps_next_year;operating_margin;earnings_window,False,"{'revenue_growth_yoy': -7.8, 'eps_growth_yoy': 24.97, 'eps_next_year': -57.99999999999999, 'operating_margin': 29.409999999999997}",,Finviz via finvizfinance screener views,2026-08-27T23:30:29+02:00,2026-07-23,,35,NORMAL,
FIGR,Figure Technology Solutions Inc,finviz_prefilter,eps_growth,,price_min;market_cap_min;avg_volume_min;revenue_growth;eps_growth;eps_next_year;operating_margin;earnings_window,False,"{'revenue_growth_yoy': 84.85000000000001, 'eps_growth_yoy': 1.7901, 'eps_next_year': 22.46, 'operating_margin': 42.11}",,Finviz via finvizfinance screener views,2026-08-27T23:30:29+02:00,2026-08-13,,14,PEAD_WINDOW,"{'failed_gate': 'eps_growth', 'actual_value': 1.7901, 'applicable_threshold': 20.0, 'distance_to_threshold': 18.2099, 'distance_to_threshold_pct': 91.04950000000001, 'formula': 'minimo: distance = threshold - actual; pct = distance / abs(threshold) * 100'}"
FISV,Fiserv Inc,finviz_prefilter,revenue_growth;eps_growth;eps_next_year,,price_min;market_cap_min;avg_volume_min;revenue_growth;eps_growth;eps_next_year;operating_margin;earnings_window,False,"{'revenue_growth_yoy': -4.06, 'eps_growth_yoy': -36.71, 'eps_next_year': 9.94, 'operating_margin': 21.57}",,Finviz via finvizfinance screener views,2026-08-27T23:30:29+02:00,2026-08-06,,21,NORMAL,
FIVE,Five Below Inc,finviz_prefilter,eps_growth;eps_next_year;earnings_window,,price_min;market_cap_min;avg_volume_min;revenue_growth;eps_growth;eps_next_year;operating_margin;earnings_window,False,"{'revenue_growth_yoy': 32.46, 'eps_growth_yoy': 1.9681, 'eps_next_year': 7.57, 'operating_margin': 11.04}",,Finviz via finvizfinance screener views,2026-08-27T23:30:29+02:00,2026-09-02,6,,PRE_EARNINGS_BLACKOUT,
FIVN,Five9 Inc,finviz_prefilter,revenue_growth;eps_growth;operating_margin,,price_min;market_cap_min;avg_volume_min;revenue_growth;eps_growth;eps_next_year;operating_margin;earnings_window,False,"{'revenue_growth_yoy': 10.299999999999999, 'eps_growth_yoy': 2.0308, 'eps_next_year': 18.03, 'operating_margin': 6.05}",,Finviz via finvizfinance screener views,2026-08-27T23:30:29+02:00,2026-08-06,,21,NORMAL,
FLEX,Flex Ltd,finviz_prefilter,operating_margin,,price_min;market_cap_min;avg_volume_min;revenue_growth;eps_growth;eps_next_year;operating_margin;earnings_window,False,"{'revenue_growth_yoy': 20.580000000000002, 'eps_growth_yoy': 51.22, 'eps_next_year': 51.51, 'operating_margin': 5.58}",,Finviz via finvizfinance screener views,2026-08-27T23:30:29+02:00,2026-07-29,,29,NORMAL,"{'failed_gate': 'operating_margin', 'actual_value': 5.58, 'applicable_threshold': 8.0, 'distance_to_threshold': 2.42, 'distance_to_threshold_pct': 30.25, 'formula': 'minimo: distance = threshold - actual; pct = distance / abs(threshold) * 100'}"
FLY,Firefly Aerospace Inc,finviz_prefilter,revenue_growth;eps_growth;operating_margin,,price_min;market_cap_min;avg_volume_min;revenue_growth;eps_growth;eps_next_year;operating_margin;earnings_window,False,"{'revenue_growth_yoy': 6.5685, 'eps_growth_yoy': -2.13, 'eps_next_year': 22.41, 'operating_margin': -116.39999999999999}",,Finviz via finvizfinance screener views,2026-08-27T23:30:29+02:00,2026-08-11,,16,NORMAL,
FLYW,Flywire Corp,finviz_prefilter,operating_margin,,price_min;market_cap_min;avg_volume_min;revenue_growth;eps_growth;eps_next_year;operating_margin;earnings_window,False,"{'revenue_growth_yoy': 27.18, 'eps_growth_yoy': 32.39, 'eps_next_year': 69.9, 'operating_margin': 5.94}",,Finviz via finvizfinance screener views,2026-08-27T23:30:29+02:00,2026-08-04,,23,NORMAL,"{'failed_gate': 'operating_margin', 'actual_value': 5.94, 'applicable_threshold': 8.0, 'distance_to_threshold': 2.0599999999999996, 'distance_to_threshold_pct': 25.749999999999996, 'formula': 'minimo: distance = threshold - actual; pct = distance / abs(threshold) * 100'}"
FORM,FormFactor Inc,finviz_prefilter,eps_growth,,price_min;market_cap_min;avg_volume_min;revenue_growth;eps_growth;eps_next_year;operating_margin;earnings_window,False,"{'revenue_growth_yoy': 31.89, 'eps_growth_yoy': 5.0247, 'eps_next_year': 22.96, 'operating_margin': 15.06}",,Finviz via finvizfinance screener views,2026-08-27T23:30:29+02:00,2026-07-29,,29,NORMAL,"{'failed_gate': 'eps_growth', 'actual_value': 5.0247, 'applicable_threshold': 30.0, 'distance_to_threshold': 24.9753, 'distance_to_threshold_pct': 83.25099999999999, 'formula': 'minimo: distance = threshold - actual; pct = distance / abs(threshold) * 100'}"
FOX,Fox Corp,finviz_prefilter,eps_growth;eps_next_year,,price_min;market_cap_min;avg_volume_min;revenue_growth;eps_growth;eps_next_year;operating_margin;earnings_window,False,"{'revenue_growth_yoy': 28.139999999999997, 'eps_growth_yoy': 2.91, 'eps_next_year': -134.0, 'operating_margin': 20.41}",,Finviz via finvizfinance screener views,2026-08-27T23:30:29+02:00,2026-08-06,,21,NORMAL,
FOXA,Fox Corp,finviz_prefilter,eps_growth;eps_next_year,,price_min;market_cap_min;avg_volume_min;revenue_growth;eps_growth;eps_next_year;operating_margin;earnings_window,False,"{'revenue_growth_yoy': 28.139999999999997, 'eps_growth_yoy': 2.91, 'eps_next_year': -1.59, 'operating_margin': 20.41}",,Finviz via finvizfinance screener views,2026-08-27T23:30:29+02:00,2026-08-06,,21,NORMAL,
FROG,JFrog Ltd,finviz_prefilter,operating_margin,,price_min;market_cap_min;avg_volume_min;revenue_growth;eps_growth;eps_next_year;operating_margin;earnings_window,False,"{'revenue_growth_yoy': 28.73, 'eps_growth_yoy': 81.82000000000001, 'eps_next_year': 16.76, 'operating_margin': -12.93}",,Finviz via finvizfinance screener views,2026-08-27T23:30:29+02:00,2026-08-06,,21,NORMAL,"{'failed_gate': 'operating_margin', 'actual_value': -12.93, 'applicable_threshold': 8.0, 'distance_to_threshold': 20.93, 'distance_to_threshold_pct': 261.625, 'formula': 'minimo: distance = threshold - actual; pct = distance / abs(threshold) * 100'}"
FRPT,Freshpet Inc,finviz_prefilter,revenue_growth;eps_growth;eps_next_year,,price_min;market_cap_min;avg_volume_min;revenue_growth;eps_growth;eps_next_year;operating_margin;earnings_window,False,"{'revenue_growth_yoy': 15.45, 'eps_growth_yoy': 19.15, 'eps_next_year': -3.91, 'operating_margin': 8.260000000000002}",,Finviz via finvizfinance screener views,2026-08-27T23:30:29+02:00,2026-08-05,,22,NORMAL,
FSLR,First Solar Inc,finviz_prefilter,revenue_growth;eps_growth,,price_min;market_cap_min;avg_volume_min;revenue_growth;eps_growth;eps_next_year;operating_margin;earnings_window,False,"{'revenue_growth_yoy': -3.73, 'eps_growth_yoy': 23.36, 'eps_next_year': 34.36, 'operating_margin': 34.98}",,Finviz via finvizfinance screener views,2026-08-27T23:30:29+02:00,2026-07-30,,28,NORMAL,
FSLY,Fastly Inc,finviz_prefilter,eps_next_year;operating_margin,,price_min;market_cap_min;avg_volume_min;revenue_growth;eps_growth;eps_next_year;operating_margin;earnings_window,False,"{'revenue_growth_yoy': 23.27, 'eps_growth_yoy': 61.59, 'eps_next_year': 11.25, 'operating_margin': -11.959999999999999}",,Finviz via finvizfinance screener views,2026-08-27T23:30:29+02:00,2026-08-05,,22,NORMAL,
FTAI,FTAI Aviation Ltd,finviz_prefilter,eps_growth,,price_min;market_cap_min;avg_volume_min;revenue_growth;eps_growth;eps_next_year;operating_margin;earnings_window,False,"{'revenue_growth_yoy': 40.79, 'eps_growth_yoy': -27.900000000000002, 'eps_next_year': 123.72, 'operating_margin': 25.119999999999997}",,Finviz via finvizfinance screener views,2026-08-27T23:30:29+02:00,2026-07-29,,29,NORMAL,"{'failed_gate': 'eps_growth', 'actual_value': -27.900000000000002, 'applicable_threshold': 20.0, 'distance_to_threshold': 47.900000000000006, 'distance_to_threshold_pct': 239.50000000000006, 'formula': 'minimo: distance = threshold - actual; pct = distance / abs(threshold) * 100'}"
FTNT,Fortinet Inc,finviz_prefilter,eps_next_year,,price_min;market_cap_min;avg_volume_min;revenue_growth;eps_growth;eps_next_year;operating_margin;earnings_window,False,"{'revenue_growth_yoy': 25.64, 'eps_growth_yoy': 43.86, 'eps_next_year': 9.44, 'operating_margin': 32.37}",,Finviz via finvizfinance screener views,2026-08-27T23:30:29+02:00,2026-07-29,,29,NORMAL,"{'failed_gate': 'eps_next_year', 'actual_value': 9.44, 'applicable_threshold': 15.0, 'distance_to_threshold': 5.5600000000000005, 'distance_to_threshold_pct': 37.06666666666667, 'formula': 'minimo: distance = threshold - actual; pct = distance / abs(threshold) * 100'}"
FULT,Fulton Financial Corp,finviz_prefilter,revenue_growth;eps_growth;eps_next_year,,price_min;market_cap_min;avg_volume_min;revenue_growth;eps_growth;eps_next_year;operating_margin;earnings_window,False,"{'revenue_growth_yoy': 7.580000000000001, 'eps_growth_yoy': -1.58, 'eps_next_year': 10.09, 'operating_margin': 26.540000000000003}",,Finviz via finvizfinance screener views,2026-08-27T23:30:29+02:00,2026-07-22,,36,NORMAL,
FWONK,Liberty Media Corp,finviz_prefilter,revenue_growth;eps_growth,,price_min;market_cap_min;avg_volume_min;revenue_growth;eps_growth;eps_next_year;operating_margin;earnings_window,False,"{'revenue_growth_yoy': -30.349999999999998, 'eps_growth_yoy': -98.69, 'eps_next_year': 21.85, 'operating_margin': 12.45}",,Finviz via finvizfinance screener views,2026-08-27T23:30:29+02:00,2026-08-06,,21,NORMAL,
GEHC,GE HealthCare Technologies Inc,finviz_prefilter,revenue_growth;eps_growth;eps_next_year,,price_min;market_cap_min;avg_volume_min;revenue_growth;eps_growth;eps_next_year;operating_margin;earnings_window,False,"{'revenue_growth_yoy': 5.75, 'eps_growth_yoy': 16.45, 'eps_next_year': 10.4, 'operating_margin': 13.73}",,Finviz via finvizfinance screener views,2026-08-27T23:30:29+02:00,2026-07-29,,29,NORMAL,
GEN,Gen Digital Inc,finviz_prefilter,revenue_growth;eps_next_year,,price_min;market_cap_min;avg_volume_min;revenue_growth;eps_growth;eps_next_year;operating_margin;earnings_window,False,"{'revenue_growth_yoy': 6.279999999999999, 'eps_growth_yoy': 64.79, 'eps_next_year': 12.82, 'operating_margin': 42.8}",,Finviz via finvizfinance screener views,2026-08-27T23:30:29+02:00,2026-08-06,,21,NORMAL,
GFS,GlobalFoundries Inc,finviz_prefilter,revenue_growth;eps_growth,,price_min;market_cap_min;avg_volume_min;revenue_growth;eps_growth;eps_next_year;operating_margin;earnings_window,False,"{'revenue_growth_yoy': 5.81, 'eps_growth_yoy': -27.05, 'eps_next_year': 30.46, 'operating_margin': 11.59}",,Finviz via finvizfinance screener views,2026-08-27T23:30:29+02:00,2026-08-05,,22,NORMAL,
GH,Guardant Health Inc,finviz_prefilter,eps_growth;operating_margin,,price_min;market_cap_min;avg_volume_min;revenue_growth;eps_growth;eps_next_year;operating_margin;earnings_window,False,"{'revenue_growth_yoy': 44.330000000000005, 'eps_growth_yoy': -12.34, 'eps_next_year': 39.43, 'operating_margin': -39.7}",,Finviz via finvizfinance screener views,2026-08-27T23:30:29+02:00,2026-07-30,,28,NORMAL,
GILD,Gilead Sciences Inc,finviz_prefilter,revenue_growth;eps_growth,,price_min;market_cap_min;avg_volume_min;revenue_growth;eps_growth;eps_next_year;operating_margin;earnings_window,False,"{'revenue_growth_yoy': 10.73, 'eps_growth_yoy': -6.4066, 'eps_next_year': 2217.45, 'operating_margin': 39.050000000000004}",,Finviz via finvizfinance screener views,2026-08-27T23:30:29+02:00,2026-08-04,,23,NORMAL,
GLBE,Global E Online Ltd,finviz_prefilter,eps_growth,,price_min;market_cap_min;avg_volume_min;revenue_growth;eps_growth;eps_next_year;operating_margin;earnings_window,False,"{'revenue_growth_yoy': 39.15, 'eps_growth_yoy': 3.4094, 'eps_next_year': 35.02, 'operating_margin': 14.280000000000001}",,Finviz via finvizfinance screener views,2026-08-27T23:30:29+02:00,2026-08-12,,15,PEAD_WINDOW,"{'failed_gate': 'eps_growth', 'actual_value': 3.4094, 'applicable_threshold': 30.0, 'distance_to_threshold': 26.5906, 'distance_to_threshold_pct': 88.63533333333334, 'formula': 'minimo: distance = threshold - actual; pct = distance / abs(threshold) * 100'}"
GLNG,Golar Lng,finviz_prefilter,eps_next_year,,price_min;market_cap_min;avg_volume_min;revenue_growth;eps_growth;eps_next_year;operating_margin;earnings_window,False,"{'revenue_growth_yoy': 72.42, 'eps_growth_yoy': 145.13, 'eps_next_year': -55.25, 'operating_margin': 45.51}",,Finviz via finvizfinance screener views,2026-08-27T23:30:29+02:00,2026-08-13,,14,PEAD_WINDOW,"{'failed_gate': 'eps_next_year', 'actual_value': -55.25, 'applicable_threshold': 15.0, 'distance_to_threshold': 70.25, 'distance_to_threshold_pct': 468.33333333333337, 'formula': 'minimo: distance = threshold - actual; pct = distance / abs(threshold) * 100'}"
GLPI,Gaming and Leisure Properties Inc,finviz_prefilter,revenue_growth;eps_next_year,,price_min;market_cap_min;avg_volume_min;revenue_growth;eps_growth;eps_next_year;operating_margin;earnings_window,False,"{'revenue_growth_yoy': 9.030000000000001, 'eps_growth_yoy': 46.54, 'eps_next_year': 3.27, 'operating_margin': 82.62}",,Finviz via finvizfinance screener views,2026-08-27T23:30:29+02:00,2026-07-30,,28,NORMAL,
GLXY,Galaxy Digital Inc,finviz_prefilter,revenue_growth;eps_growth,,price_min;market_cap_min;avg_volume_min;revenue_growth;eps_growth;eps_next_year;operating_margin;earnings_window,False,"{'revenue_growth_yoy': -73.19, 'eps_growth_yoy': -1.9171, 'eps_next_year': 74.51, 'operating_margin': 29.720000000000002}",,Finviz via finvizfinance screener views,2026-08-27T23:30:29+02:00,2026-08-05,,22,NORMAL,
GNTX,Gentex Corp,finviz_prefilter,revenue_growth;eps_growth;eps_next_year,,price_min;market_cap_min;avg_volume_min;revenue_growth;eps_growth;eps_next_year;operating_margin;earnings_window,False,"{'revenue_growth_yoy': -1.0, 'eps_growth_yoy': 25.53, 'eps_next_year': 5.89, 'operating_margin': 19.55}",,Finviz via finvizfinance screener views,2026-08-27T23:30:29+02:00,2026-07-24,,34,NORMAL,
GOOG,Alphabet Inc,finviz_prefilter,eps_growth;eps_next_year,,price_min;market_cap_min;avg_volume_min;revenue_growth;eps_growth;eps_next_year;operating_margin;earnings_window,False,"{'revenue_growth_yoy': 23.98, 'eps_growth_yoy': 2.9402, 'eps_next_year': -26.63, 'operating_margin': 33.96}",,Finviz via finvizfinance screener views,2026-08-27T23:30:29+02:00,2026-07-22,,36,NORMAL,
GOOGL,Alphabet Inc,finviz_prefilter,eps_growth;eps_next_year,,price_min;market_cap_min;avg_volume_min;revenue_growth;eps_growth;eps_next_year;operating_margin;earnings_window,False,"{'revenue_growth_yoy': 23.98, 'eps_growth_yoy': 2.9402, 'eps_next_year': -26.59, 'operating_margin': 33.96}",,Finviz via finvizfinance screener views,2026-08-27T23:30:29+02:00,2026-07-22,,36,NORMAL,
GSAT,Globalstar Inc,finviz_prefilter,revenue_growth;eps_growth;operating_margin,,price_min;market_cap_min;avg_volume_min;revenue_growth;eps_growth;eps_next_year;operating_margin;earnings_window,False,"{'revenue_growth_yoy': -3.54, 'eps_growth_yoy': -2.7438, 'eps_next_year': 83.29, 'operating_margin': 4.79}",,Finviz via finvizfinance screener views,2026-08-27T23:30:29+02:00,2026-08-06,,21,NORMAL,
GTLB,Gitlab Inc,finviz_prefilter,operating_margin;earnings_window,,price_min;market_cap_min;avg_volume_min;revenue_growth;eps_growth;eps_next_year;operating_margin;earnings_window,False,"{'revenue_growth_yoy': 23.150000000000002, 'eps_growth_yoy': 86.57000000000001, 'eps_next_year': 25.2, 'operating_margin': -4.4799999999999995}",,Finviz via finvizfinance screener views,2026-08-27T23:30:29+02:00,2026-09-01,5,,PRE_EARNINGS_BLACKOUT,
GTX,Garrett Motion Inc,finviz_prefilter,revenue_growth;eps_growth;eps_next_year,,price_min;market_cap_min;avg_volume_min;revenue_growth;eps_growth;eps_next_year;operating_margin;earnings_window,False,"{'revenue_growth_yoy': 6.9, 'eps_growth_yoy': 25.009999999999998, 'eps_next_year': 13.54, 'operating_margin': 14.81}",,Finviz via finvizfinance screener views,2026-08-27T23:30:29+02:00,2026-07-29,,29,NORMAL,
HAS,Hasbro Inc,finviz_prefilter,revenue_growth;eps_next_year,,price_min;market_cap_min;avg_volume_min;revenue_growth;eps_growth;eps_next_year;operating_margin;earnings_window,False,"{'revenue_growth_yoy': 16.189999999999998, 'eps_growth_yoy': 118.42999999999999, 'eps_next_year': 5.86, 'operating_margin': 28.13}",,Finviz via finvizfinance screener views,2026-08-27T23:30:29+02:00,2026-07-21,,37,NORMAL,
HBAN,Huntington Bancshares Inc,finviz_prefilter,eps_growth,,price_min;market_cap_min;avg_volume_min;revenue_growth;eps_growth;eps_next_year;operating_margin;earnings_window,False,"{'revenue_growth_yoy': 38.019999999999996, 'eps_growth_yoy': -2.56, 'eps_next_year': 35.57, 'operating_margin': 20.51}",,Finviz via finvizfinance screener views,2026-08-27T23:30:29+02:00,2026-07-23,,35,NORMAL,"{'failed_gate': 'eps_growth', 'actual_value': -2.56, 'applicable_threshold': 30.0, 'distance_to_threshold': 32.56, 'distance_to_threshold_pct': 108.53333333333335, 'formula': 'minimo: distance = threshold - actual; pct = distance / abs(threshold) * 100'}"
HLNE,Hamilton Lane Inc,finviz_prefilter,eps_next_year,,price_min;market_cap_min;avg_volume_min;revenue_growth;eps_growth;eps_next_year;operating_margin;earnings_window,False,"{'revenue_growth_yoy': 56.48, 'eps_growth_yoy': 50.480000000000004, 'eps_next_year': 2.87, 'operating_margin': 54.620000000000005}",,Finviz via finvizfinance screener views,2026-08-27T23:30:29+02:00,2026-08-04,,23,NORMAL,"{'failed_gate': 'eps_next_year', 'actual_value': 2.87, 'applicable_threshold': 15.0, 'distance_to_threshold': 12.129999999999999, 'distance_to_threshold_pct': 80.86666666666666, 'formula': 'minimo: distance = threshold - actual; pct = distance / abs(threshold) * 100'}"
HON,Honeywell International Inc,finviz_prefilter,revenue_growth;eps_growth,,price_min;market_cap_min;avg_volume_min;revenue_growth;eps_growth;eps_next_year;operating_margin;earnings_window,False,"{'revenue_growth_yoy': -6.12, 'eps_growth_yoy': 2.6401, 'eps_next_year': 20.21, 'operating_margin': 19.17}",,Finviz via finvizfinance screener views,2026-08-27T23:30:29+02:00,2026-07-23,,35,NORMAL,
HQY,Healthequity Inc,finviz_prefilter,revenue_growth;earnings_window,,price_min;market_cap_min;avg_volume_min;revenue_growth;eps_growth;eps_next_year;operating_margin;earnings_window,False,"{'revenue_growth_yoy': 7.13, 'eps_growth_yoy': 33.910000000000004, 'eps_next_year': 15.17, 'operating_margin': 25.95}",,Finviz via finvizfinance screener views,2026-08-27T23:30:29+02:00,2026-08-27,0,,PRE_EARNINGS_BLACKOUT,
HRMY,Harmony Biosciences Holdings Inc,finviz_prefilter,eps_next_year,,price_min;market_cap_min;avg_volume_min;revenue_growth;eps_growth;eps_next_year;operating_margin;earnings_window,False,"{'revenue_growth_yoy': 30.320000000000004, 'eps_growth_yoy': 88.57000000000001, 'eps_next_year': 8.52, 'operating_margin': 24.03}",,Finviz via finvizfinance screener views,2026-08-27T23:30:29+02:00,2026-08-04,,23,NORMAL,"{'failed_gate': 'eps_next_year', 'actual_value': 8.52, 'applicable_threshold': 15.0, 'distance_to_threshold': 6.48, 'distance_to_threshold_pct': 43.2, 'formula': 'minimo: distance = threshold - actual; pct = distance / abs(threshold) * 100'}"
HSIC,Henry Schein Inc,finviz_prefilter,revenue_growth;eps_growth;eps_next_year;operating_margin,,price_min;market_cap_min;avg_volume_min;revenue_growth;eps_growth;eps_next_year;operating_margin;earnings_window,False,"{'revenue_growth_yoy': 6.7299999999999995, 'eps_growth_yoy': 17.18, 'eps_next_year': 11.63, 'operating_margin': 5.9799999999999995}",,Finviz via finvizfinance screener views,2026-08-27T23:30:29+02:00,2026-08-04,,23,NORMAL,
HST,Host Hotels & Resorts Inc,finviz_prefilter,revenue_growth;eps_growth;eps_next_year,,price_min;market_cap_min;avg_volume_min;revenue_growth;eps_growth;eps_next_year;operating_margin;earnings_window,False,"{'revenue_growth_yoy': 3.4000000000000004, 'eps_growth_yoy': 8.32, 'eps_next_year': -22.87, 'operating_margin': 14.360000000000001}",,Finviz via finvizfinance screener views,2026-08-27T23:30:29+02:00,2026-08-05,,22,NORMAL,
HTFL,Heartflow Inc,finviz_prefilter,eps_growth;operating_margin,,price_min;market_cap_min;avg_volume_min;revenue_growth;eps_growth;eps_next_year;operating_margin;earnings_window,False,"{'revenue_growth_yoy': 47.57, 'eps_growth_yoy': -65.19, 'eps_next_year': 36.64, 'operating_margin': -34.31}",,Finviz via finvizfinance screener views,2026-08-27T23:30:29+02:00,2026-08-13,,14,PEAD_WINDOW,
HUBG,Hub Group Inc,finviz_prefilter,revenue_growth;eps_growth;operating_margin,,price_min;market_cap_min;avg_volume_min;revenue_growth;eps_growth;eps_next_year;operating_margin;earnings_window,False,"{'revenue_growth_yoy': -5.3100000000000005, 'eps_growth_yoy': 22.21, 'eps_next_year': 41.79, 'operating_margin': 3.81}",,Finviz via finvizfinance screener views,2026-08-27T23:30:29+02:00,2026-04-23,,126,NORMAL,
HUT,Hut 8 Corp,finviz_prefilter,eps_growth;operating_margin,,price_min;market_cap_min;avg_volume_min;revenue_growth;eps_growth;eps_next_year;operating_margin;earnings_window,False,"{'revenue_growth_yoy': 81.44, 'eps_growth_yoy': -2.0787, 'eps_next_year': 23.97, 'operating_margin': -54.09}",,Finviz via finvizfinance screener views,2026-08-27T23:30:29+02:00,2026-08-04,,23,NORMAL,
HWC,Hancock Whitney Corp,finviz_prefilter,revenue_growth;eps_growth;eps_next_year,,price_min;market_cap_min;avg_volume_min;revenue_growth;eps_growth;eps_next_year;operating_margin;earnings_window,False,"{'revenue_growth_yoy': 4.44, 'eps_growth_yoy': 18.14, 'eps_next_year': 12.39, 'operating_margin': 27.36}",,Finviz via finvizfinance screener views,2026-08-27T23:30:29+02:00,2026-07-21,,37,NORMAL,
ICHR,Ichor Holdings Ltd,finviz_prefilter,operating_margin,,price_min;market_cap_min;avg_volume_min;revenue_growth;eps_growth;eps_next_year;operating_margin;earnings_window,False,"{'revenue_growth_yoy': 22.68, 'eps_growth_yoy': 109.99000000000001, 'eps_next_year': 108.2, 'operating_margin': 1.06}",,Finviz via finvizfinance screener views,2026-08-27T23:30:29+02:00,2026-08-03,,24,NORMAL,"{'failed_gate': 'operating_margin', 'actual_value': 1.06, 'applicable_threshold': 8.0, 'distance_to_threshold': 6.9399999999999995, 'distance_to_threshold_pct': 86.75, 'formula': 'minimo: distance = threshold - actual; pct = distance / abs(threshold) * 100'}"
ICLR,Icon Plc,finviz_prefilter,revenue_growth;eps_growth;eps_next_year,,price_min;market_cap_min;avg_volume_min;revenue_growth;eps_growth;eps_next_year;operating_margin;earnings_window,False,"{'revenue_growth_yoy': 1.2, 'eps_growth_yoy': -63.33, 'eps_next_year': 12.66, 'operating_margin': 10.14}",,Finviz via finvizfinance screener views,2026-08-27T23:30:29+02:00,2026-07-29,,29,NORMAL,
IDYA,Ideaya Biosciences Inc,finviz_prefilter,eps_next_year;operating_margin,revenue_growth;eps_growth,price_min;market_cap_min;avg_volume_min;eps_next_year;operating_margin;earnings_window,False,"{'revenue_growth_yoy': None, 'eps_growth_yoy': -39.46, 'eps_next_year': 10.0, 'operating_margin': -92.66}",,Finviz via finvizfinance screener views,2026-08-27T23:30:29+02:00,2026-08-04,,23,NORMAL,
ILMN,Illumina Inc,finviz_prefilter,revenue_growth;eps_growth;eps_next_year,,price_min;market_cap_min;avg_volume_min;revenue_growth;eps_growth;eps_next_year;operating_margin;earnings_window,False,"{'revenue_growth_yoy': 9.84, 'eps_growth_yoy': -9.610000000000001, 'eps_next_year': 13.53, 'operating_margin': 19.869999999999997}",,Finviz via finvizfinance screener views,2026-08-27T23:30:29+02:00,2026-07-30,,28,NORMAL,
IMNM,Immunome Inc,finviz_prefilter,revenue_growth;eps_growth;eps_next_year,operating_margin,price_min;market_cap_min;avg_volume_min;revenue_growth;eps_growth;eps_next_year;earnings_window,False,"{'revenue_growth_yoy': -100.0, 'eps_growth_yoy': -29.43, 'eps_next_year': -6.21, 'operating_margin': None}",,Finviz via finvizfinance screener views,2026-08-27T23:30:29+02:00,2026-08-11,,16,NORMAL,
INDV,Indivior Pharmaceuticals Inc,finviz_prefilter,revenue_growth;eps_growth;eps_next_year,,price_min;market_cap_min;avg_volume_min;revenue_growth;eps_growth;eps_next_year;operating_margin;earnings_window,False,"{'revenue_growth_yoy': 13.58, 'eps_growth_yoy': 5.8852, 'eps_next_year': 9.44, 'operating_margin': 39.94}",,Finviz via finvizfinance screener views,2026-08-27T23:30:29+02:00,2026-08-03,,24,NORMAL,
INSM,Insmed Inc,finviz_prefilter,revenue_growth;operating_margin,,price_min;market_cap_min;avg_volume_min;revenue_growth;eps_growth;eps_next_year;operating_margin;earnings_window,False,"{'revenue_growth_yoy': 2.9611, 'eps_growth_yoy': 96.41999999999999, 'eps_next_year': 160.09, 'operating_margin': -71.43}",,Finviz via finvizfinance screener views,2026-08-27T23:30:29+02:00,2026-08-06,,21,NORMAL,
INTA,Intapp Inc,finviz_prefilter,revenue_growth;eps_growth;operating_margin,,price_min;market_cap_min;avg_volume_min;revenue_growth;eps_growth;eps_next_year;operating_margin;earnings_window,False,"{'revenue_growth_yoy': 12.950000000000001, 'eps_growth_yoy': -10.0923, 'eps_next_year': 22.3, 'operating_margin': -6.0600000000000005}",,Finviz via finvizfinance screener views,2026-08-27T23:30:29+02:00,2026-08-04,,23,NORMAL,
INTC,Intel Corp,finviz_prefilter,eps_growth,,price_min;market_cap_min;avg_volume_min;revenue_growth;eps_growth;eps_next_year;operating_margin;earnings_window,False,"{'revenue_growth_yoy': 25.419999999999998, 'eps_growth_yoy': -2.2364, 'eps_next_year': 38.13, 'operating_margin': 8.03}",,Finviz via finvizfinance screener views,2026-08-27T23:30:29+02:00,2026-07-23,,35,NORMAL,"{'failed_gate': 'eps_growth', 'actual_value': -2.2364, 'applicable_threshold': 30.0, 'distance_to_threshold': 32.2364, 'distance_to_threshold_pct': 107.45466666666668, 'formula': 'minimo: distance = threshold - actual; pct = distance / abs(threshold) * 100'}"
INTU,Intuit Inc,finviz_prefilter,revenue_growth;eps_growth;eps_next_year,,price_min;market_cap_min;avg_volume_min;revenue_growth;eps_growth;eps_next_year;operating_margin;earnings_window,False,"{'revenue_growth_yoy': 13.65, 'eps_growth_yoy': -1.22, 'eps_next_year': 13.05, 'operating_margin': 28.799999999999997}",,Finviz via finvizfinance screener views,2026-08-27T23:30:29+02:00,2026-08-25,,2,PEAD_WINDOW,
IONS,Ionis Pharmaceuticals Inc,finviz_prefilter,revenue_growth;eps_growth;operating_margin,,price_min;market_cap_min;avg_volume_min;revenue_growth;eps_growth;eps_next_year;operating_margin;earnings_window,False,"{'revenue_growth_yoy': -40.73, 'eps_growth_yoy': -2.0229, 'eps_next_year': 47.16, 'operating_margin': -68.08999999999999}",,Finviz via finvizfinance screener views,2026-08-27T23:30:29+02:00,2026-07-29,,29,NORMAL,
IRDM,Iridium Communications Inc,finviz_prefilter,revenue_growth;eps_growth,,price_min;market_cap_min;avg_volume_min;revenue_growth;eps_growth;eps_next_year;operating_margin;earnings_window,False,"{'revenue_growth_yoy': 3.84, 'eps_growth_yoy': -56.08, 'eps_next_year': 41.72, 'operating_margin': 23.76}",,Finviz via finvizfinance screener views,2026-08-27T23:30:29+02:00,2026-07-22,,36,NORMAL,
IREN,IREN Ltd,finviz_prefilter,revenue_growth;eps_growth;operating_margin;earnings_window,,price_min;market_cap_min;avg_volume_min;revenue_growth;eps_growth;eps_next_year;operating_margin;earnings_window,False,"{'revenue_growth_yoy': 2.3, 'eps_growth_yoy': -8.0255, 'eps_next_year': 40.65, 'operating_margin': -29.82}",,Finviz via finvizfinance screener views,2026-08-27T23:30:29+02:00,2026-08-27,0,,PRE_EARNINGS_BLACKOUT,
ISRG,Intuitive Surgical Inc,finviz_prefilter,revenue_growth;eps_growth;eps_next_year,,price_min;market_cap_min;avg_volume_min;revenue_growth;eps_growth;eps_next_year;operating_margin;earnings_window,False,"{'revenue_growth_yoy': 18.54, 'eps_growth_yoy': 26.619999999999997, 'eps_next_year': 11.87, 'operating_margin': 31.28}",,Finviz via finvizfinance screener views,2026-08-27T23:30:29+02:00,2026-07-16,,42,NORMAL,
ITRI,Itron Inc,finviz_prefilter,revenue_growth;eps_growth;eps_next_year,,price_min;market_cap_min;avg_volume_min;revenue_growth;eps_growth;eps_next_year;operating_margin;earnings_window,False,"{'revenue_growth_yoy': -7.23, 'eps_growth_yoy': -18.95, 'eps_next_year': 8.03, 'operating_margin': 13.87}",,Finviz via finvizfinance screener views,2026-08-27T23:30:29+02:00,2026-07-28,,30,NORMAL,
JAZZ,Jazz Pharmaceuticals plc,finviz_prefilter,revenue_growth;eps_next_year,,price_min;market_cap_min;avg_volume_min;revenue_growth;eps_growth;eps_next_year;operating_margin;earnings_window,False,"{'revenue_growth_yoy': 15.55, 'eps_growth_yoy': 123.66, 'eps_next_year': 3.65, 'operating_margin': 20.76}",,Finviz via finvizfinance screener views,2026-08-27T23:30:29+02:00,2026-08-03,,24,NORMAL,
JBHT,J.B. Hunt Transport Services Inc,finviz_prefilter,revenue_growth;operating_margin,,price_min;market_cap_min;avg_volume_min;revenue_growth;eps_growth;eps_next_year;operating_margin;earnings_window,False,"{'revenue_growth_yoy': 19.37, 'eps_growth_yoy': 45.25, 'eps_next_year': 29.59, 'operating_margin': 7.59}",,Finviz via finvizfinance screener views,2026-08-27T23:30:29+02:00,2026-07-15,,43,NORMAL,
JKHY,Jack Henry & Associates Inc,finviz_prefilter,revenue_growth;eps_growth;eps_next_year,,price_min;market_cap_min;avg_volume_min;revenue_growth;eps_growth;eps_next_year;operating_margin;earnings_window,False,"{'revenue_growth_yoy': 2.88, 'eps_growth_yoy': -10.209999999999999, 'eps_next_year': 9.32, 'operating_margin': 24.91}",,Finviz via finvizfinance screener views,2026-08-27T23:30:29+02:00,2026-08-18,,9,PEAD_WINDOW,
KDP,Keurig Dr Pepper Inc,finviz_prefilter,eps_growth;eps_next_year,,price_min;market_cap_min;avg_volume_min;revenue_growth;eps_growth;eps_next_year;operating_margin;earnings_window,False,"{'revenue_growth_yoy': 75.57000000000001, 'eps_growth_yoy': -89.03999999999999, 'eps_next_year': 10.48, 'operating_margin': 16.950000000000003}",,Finviz via finvizfinance screener views,2026-08-27T23:30:29+02:00,2026-08-06,,21,NORMAL,
KHC,Kraft Heinz Co,finviz_prefilter,revenue_growth,,price_min;market_cap_min;avg_volume_min;revenue_growth;eps_growth;eps_next_year;operating_margin;earnings_window,False,"{'revenue_growth_yoy': -1.4200000000000002, 'eps_growth_yoy': 30.270000000000003, 'eps_next_year': 82.0, 'operating_margin': 17.119999999999997}",,Finviz via finvizfinance screener views,2026-08-27T23:30:29+02:00,2026-08-05,,22,NORMAL,"{'failed_gate': 'revenue_growth', 'actual_value': -1.4200000000000002, 'applicable_threshold': 20.0, 'distance_to_threshold': 21.42, 'distance_to_threshold_pct': 107.10000000000002, 'formula': 'minimo: distance = threshold - actual; pct = distance / abs(threshold) * 100'}"
KLAC,KLA Corp,finviz_prefilter,revenue_growth;eps_growth,,price_min;market_cap_min;avg_volume_min;revenue_growth;eps_growth;eps_next_year;operating_margin;earnings_window,False,"{'revenue_growth_yoy': 15.18, 'eps_growth_yoy': 14.39, 'eps_next_year': 21.46, 'operating_margin': 41.68}",,Finviz via finvizfinance screener views,2026-08-27T23:30:29+02:00,2026-07-28,,30,NORMAL,
KLIC,Kulicke & Soffa Industries Inc,finviz_prefilter,eps_growth,,price_min;market_cap_min;avg_volume_min;revenue_growth;eps_growth;eps_next_year;operating_margin;earnings_window,False,"{'revenue_growth_yoy': 122.63, 'eps_growth_yoy': 18.2212, 'eps_next_year': 52.8, 'operating_margin': 13.059999999999999}",,Finviz via finvizfinance screener views,2026-08-27T23:30:29+02:00,2026-08-05,,22,NORMAL,"{'failed_gate': 'eps_growth', 'actual_value': 18.2212, 'applicable_threshold': 20.0, 'distance_to_threshold': 1.7788000000000004, 'distance_to_threshold_pct': 8.894000000000002, 'formula': 'minimo: distance = threshold - actual; pct = distance / abs(threshold) * 100'}"
KMB,Kimberly-Clark Corp,finviz_prefilter,revenue_growth;eps_growth;eps_next_year,,price_min;market_cap_min;avg_volume_min;revenue_growth;eps_growth;eps_next_year;operating_margin;earnings_window,False,"{'revenue_growth_yoy': 0.62, 'eps_growth_yoy': -32.22, 'eps_next_year': 13.0, 'operating_margin': 14.24}",,Finviz via finvizfinance screener views,2026-08-27T23:30:29+02:00,2026-08-04,,23,NORMAL,
KTOS,Kratos Defense & Security Solutions Inc,finviz_prefilter,eps_growth;operating_margin,,price_min;market_cap_min;avg_volume_min;revenue_growth;eps_growth;eps_next_year;operating_margin;earnings_window,False,"{'revenue_growth_yoy': 30.53, 'eps_growth_yoy': 26.090000000000003, 'eps_next_year': 34.4, 'operating_margin': 1.6}",,Finviz via finvizfinance screener views,2026-08-27T23:30:29+02:00,2026-08-04,,23,NORMAL,
KYMR,Kymera Therapeutics Inc,finviz_prefilter,revenue_growth;eps_next_year;operating_margin,,price_min;market_cap_min;avg_volume_min;revenue_growth;eps_growth;eps_next_year;operating_margin;earnings_window,False,"{'revenue_growth_yoy': 4.664, 'eps_growth_yoy': 34.53, 'eps_next_year': -30.02, 'operating_margin': -3.2983}",,Finviz via finvizfinance screener views,2026-08-27T23:30:29+02:00,2026-08-05,,22,NORMAL,
LASR,nLIGHT Inc,finviz_prefilter,operating_margin,,price_min;market_cap_min;avg_volume_min;revenue_growth;eps_growth;eps_next_year;operating_margin;earnings_window,False,"{'revenue_growth_yoy': 33.78, 'eps_growth_yoy': 67.54, 'eps_next_year': 27.13, 'operating_margin': -4.62}",,Finviz via finvizfinance screener views,2026-08-27T23:30:29+02:00,2026-08-06,,21,NORMAL,"{'failed_gate': 'operating_margin', 'actual_value': -4.62, 'applicable_threshold': 8.0, 'distance_to_threshold': 12.620000000000001, 'distance_to_threshold_pct': 157.75, 'formula': 'minimo: distance = threshold - actual; pct = distance / abs(threshold) * 100'}"
LAUR,Laureate Education Inc,finviz_prefilter,revenue_growth;eps_next_year,,price_min;market_cap_min;avg_volume_min;revenue_growth;eps_growth;eps_next_year;operating_margin;earnings_window,False,"{'revenue_growth_yoy': 17.5, 'eps_growth_yoy': 51.23, 'eps_next_year': 14.88, 'operating_margin': 24.42}",,Finviz via finvizfinance screener views,2026-08-27T23:30:29+02:00,2026-07-30,,28,NORMAL,
LBRDK,Liberty Broadband Corp,finviz_prefilter,revenue_growth;eps_growth,operating_margin,price_min;market_cap_min;avg_volume_min;revenue_growth;eps_growth;eps_next_year;earnings_window,False,"{'revenue_growth_yoy': -100.0, 'eps_growth_yoy': -6.5483, 'eps_next_year': None, 'operating_margin': None}",,Finviz via finvizfinance screener views,2026-08-27T23:30:29+02:00,2026-08-06,,21,NORMAL,
LGN,Legence Corp,finviz_prefilter,eps_growth;operating_margin,,price_min;market_cap_min;avg_volume_min;revenue_growth;eps_growth;eps_next_year;operating_margin;earnings_window,False,"{'revenue_growth_yoy': 110.74, 'eps_growth_yoy': -3.0644, 'eps_next_year': 112.32, 'operating_margin': 3.04}",,Finviz via finvizfinance screener views,2026-08-27T23:30:29+02:00,2026-08-13,,14,PEAD_WINDOW,
LIF,Life360 Inc,finviz_prefilter,eps_growth;operating_margin,,price_min;market_cap_min;avg_volume_min;revenue_growth;eps_growth;eps_next_year;operating_margin;earnings_window,False,"{'revenue_growth_yoy': 37.769999999999996, 'eps_growth_yoy': -28.71, 'eps_next_year': 45.24, 'operating_margin': 1.1400000000000001}",,Finviz via finvizfinance screener views,2026-08-27T23:30:29+02:00,2026-08-10,,17,NORMAL,
LIFE,Ethos Technologies Inc,finviz_prefilter,eps_growth;operating_margin,,price_min;market_cap_min;avg_volume_min;revenue_growth;eps_growth;eps_next_year;operating_margin;earnings_window,False,"{'revenue_growth_yoy': 113.35, 'eps_growth_yoy': 4.25, 'eps_next_year': 145.66, 'operating_margin': -17.669999999999998}",,Finviz via finvizfinance screener views,2026-08-27T23:30:29+02:00,2026-08-03,,24,NORMAL,
LIN,Linde Plc,finviz_prefilter,revenue_growth;eps_growth;eps_next_year,,price_min;market_cap_min;avg_volume_min;revenue_growth;eps_growth;eps_next_year;operating_margin;earnings_window,False,"{'revenue_growth_yoy': 9.35, 'eps_growth_yoy': 11.3, 'eps_next_year': 9.56, 'operating_margin': 27.1}",,Finviz via finvizfinance screener views,2026-08-27T23:30:29+02:00,2026-07-31,,27,NORMAL,
LINE,Lineage Inc,finviz_prefilter,revenue_growth;eps_growth;operating_margin,,price_min;market_cap_min;avg_volume_min;revenue_growth;eps_growth;eps_next_year;operating_margin;earnings_window,False,"{'revenue_growth_yoy': 0.8099999999999999, 'eps_growth_yoy': -3.855, 'eps_next_year': 24.63, 'operating_margin': 4.32}",,Finviz via finvizfinance screener views,2026-08-27T23:30:29+02:00,2026-08-05,,22,NORMAL,
LITE,Lumentum Holdings Inc,finviz_prefilter,eps_growth,,price_min;market_cap_min;avg_volume_min;revenue_growth;eps_growth;eps_next_year;operating_margin;earnings_window,False,"{'revenue_growth_yoy': 109.33999999999999, 'eps_growth_yoy': -29.5751, 'eps_next_year': 54.63, 'operating_margin': 17.89}",,Finviz via finvizfinance screener views,2026-08-27T23:30:29+02:00,2026-08-11,,16,NORMAL,"{'failed_gate': 'eps_growth', 'actual_value': -29.5751, 'applicable_threshold': 20.0, 'distance_to_threshold': 49.5751, 'distance_to_threshold_pct': 247.87550000000002, 'formula': 'minimo: distance = threshold - actual; pct = distance / abs(threshold) * 100'}"
LKQ,LKQ Corp,finviz_prefilter,revenue_growth;eps_growth;operating_margin,,price_min;market_cap_min;avg_volume_min;revenue_growth;eps_growth;eps_next_year;operating_margin;earnings_window,False,"{'revenue_growth_yoy': -6.43, 'eps_growth_yoy': -27.63, 'eps_next_year': 15.2, 'operating_margin': 7.24}",,Finviz via finvizfinance screener views,2026-08-27T23:30:29+02:00,2026-07-30,,28,NORMAL,
LNT,Alliant Energy Corp,finviz_prefilter,revenue_growth;eps_growth;eps_next_year,,price_min;market_cap_min;avg_volume_min;revenue_growth;eps_growth;eps_next_year;operating_margin;earnings_window,False,"{'revenue_growth_yoy': 1.04, 'eps_growth_yoy': -3.64, 'eps_next_year': 7.4, 'operating_margin': 22.1}",,Finviz via finvizfinance screener views,2026-08-27T23:30:29+02:00,2026-07-30,,28,NORMAL,
LNTH,Lantheus Holdings Inc,finviz_prefilter,revenue_growth;eps_growth,,price_min;market_cap_min;avg_volume_min;revenue_growth;eps_growth;eps_next_year;operating_margin;earnings_window,False,"{'revenue_growth_yoy': 2.68, 'eps_growth_yoy': -0.79, 'eps_next_year': 18.12, 'operating_margin': 19.45}",,Finviz via finvizfinance screener views,2026-08-27T23:30:29+02:00,2026-08-06,,21,NORMAL,
LOGI,Logitech International SA,finviz_prefilter,revenue_growth;eps_next_year,,price_min;market_cap_min;avg_volume_min;revenue_growth;eps_growth;eps_next_year;operating_margin;earnings_window,False,"{'revenue_growth_yoy': 6.93, 'eps_growth_yoy': 65.89, 'eps_next_year': 7.7, 'operating_margin': 18.14}",,Finviz via finvizfinance screener views,2026-08-27T23:30:29+02:00,2026-07-28,,30,NORMAL,
LQDA,Liquidia Corp,finviz_prefilter,revenue_growth;eps_growth,,price_min;market_cap_min;avg_volume_min;revenue_growth;eps_growth;eps_next_year;operating_margin;earnings_window,False,"{'revenue_growth_yoy': 18.4273, 'eps_growth_yoy': 2.5169, 'eps_next_year': 81.46, 'operating_margin': 37.39}",,Finviz via finvizfinance screener views,2026-08-27T23:30:29+02:00,2026-08-12,,15,PEAD_WINDOW,
LSCC,Lattice Semiconductor Corp,finviz_prefilter,eps_growth,,price_min;market_cap_min;avg_volume_min;revenue_growth;eps_growth;eps_next_year;operating_margin;earnings_window,False,"{'revenue_growth_yoy': 62.2, 'eps_growth_yoy': 5.5094, 'eps_next_year': 50.69, 'operating_margin': 8.469999999999999}",,Finviz via finvizfinance screener views,2026-08-27T23:30:29+02:00,2026-08-04,,23,NORMAL,"{'failed_gate': 'eps_growth', 'actual_value': 5.5094, 'applicable_threshold': 20.0, 'distance_to_threshold': 14.4906, 'distance_to_threshold_pct': 72.453, 'formula': 'minimo: distance = threshold - actual; pct = distance / abs(threshold) * 100'}"
LULU,Lululemon Athletica Inc,finviz_prefilter,revenue_growth;eps_growth;eps_next_year;earnings_window,,price_min;market_cap_min;avg_volume_min;revenue_growth;eps_growth;eps_next_year;operating_margin;earnings_window,False,"{'revenue_growth_yoy': 4.26, 'eps_growth_yoy': -35.120000000000005, 'eps_next_year': 3.13, 'operating_margin': 18.47}",,Finviz via finvizfinance screener views,2026-08-27T23:30:29+02:00,2026-09-03,7,,PRE_EARNINGS_BLACKOUT,
LUNR,Intuitive Machines Inc,finviz_prefilter,revenue_growth;eps_growth;operating_margin,,price_min;market_cap_min;avg_volume_min;revenue_growth;eps_growth;eps_next_year;operating_margin;earnings_window,False,"{'revenue_growth_yoy': 3.0977, 'eps_growth_yoy': -33.239999999999995, 'eps_next_year': 69.21, 'operating_margin': -19.62}",,Finviz via finvizfinance screener views,2026-08-27T23:30:29+02:00,2026-08-13,,14,PEAD_WINDOW,
LYFT,Lyft Inc,finviz_prefilter,revenue_growth;operating_margin,,price_min;market_cap_min;avg_volume_min;revenue_growth;eps_growth;eps_next_year;operating_margin;earnings_window,False,"{'revenue_growth_yoy': 16.08, 'eps_growth_yoy': 36.620000000000005, 'eps_next_year': 78.92, 'operating_margin': -1.67}",,Finviz via finvizfinance screener views,2026-08-27T23:30:29+02:00,2026-08-06,,21,NORMAL,
MANH,Manhattan Associates Inc,finviz_prefilter,revenue_growth;eps_growth;eps_next_year,,price_min;market_cap_min;avg_volume_min;revenue_growth;eps_growth;eps_next_year;operating_margin;earnings_window,False,"{'revenue_growth_yoy': 9.31, 'eps_growth_yoy': -8.200000000000001, 'eps_next_year': 11.52, 'operating_margin': 25.06}",,Finviz via finvizfinance screener views,2026-08-27T23:30:29+02:00,2026-07-28,,30,NORMAL,
MAR,Marriott International Inc,finviz_prefilter,revenue_growth;eps_growth;eps_next_year,,price_min;market_cap_min;avg_volume_min;revenue_growth;eps_growth;eps_next_year;operating_margin;earnings_window,False,"{'revenue_growth_yoy': 4.8500000000000005, 'eps_growth_yoy': 4.26, 'eps_next_year': 11.97, 'operating_margin': 15.73}",,Finviz via finvizfinance screener views,2026-08-27T23:30:29+02:00,2026-08-03,,24,NORMAL,
MCHP,Microchip Technology Inc,finviz_prefilter,eps_growth,,price_min;market_cap_min;avg_volume_min;revenue_growth;eps_growth;eps_next_year;operating_margin;earnings_window,False,"{'revenue_growth_yoy': 38.05, 'eps_growth_yoy': 5.2663, 'eps_next_year': 25.62, 'operating_margin': 16.23}",,Finviz via finvizfinance screener views,2026-08-27T23:30:29+02:00,2026-08-06,,21,NORMAL,"{'failed_gate': 'eps_growth', 'actual_value': 5.2663, 'applicable_threshold': 30.0, 'distance_to_threshold': 24.7337, 'distance_to_threshold_pct': 82.44566666666667, 'formula': 'minimo: distance = threshold - actual; pct = distance / abs(threshold) * 100'}"
MDB,MongoDB Inc,finviz_prefilter,operating_margin;earnings_window,,price_min;market_cap_min;avg_volume_min;revenue_growth;eps_growth;eps_next_year;operating_margin;earnings_window,False,"{'revenue_growth_yoy': 25.25, 'eps_growth_yoy': 111.72, 'eps_next_year': 19.65, 'operating_margin': -4.18}",,Finviz via finvizfinance screener views,2026-08-27T23:30:29+02:00,2026-09-01,5,,PRE_EARNINGS_BLACKOUT,
MDLN,Medline Inc,finviz_prefilter,revenue_growth;eps_growth;eps_next_year;operating_margin,,price_min;market_cap_min;avg_volume_min;revenue_growth;eps_growth;eps_next_year;operating_margin;earnings_window,False,"{'revenue_growth_yoy': 11.600000000000001, 'eps_growth_yoy': -83.26, 'eps_next_year': 5.21, 'operating_margin': 6.5}",,Finviz via finvizfinance screener views,2026-08-27T23:30:29+02:00,2026-08-05,,22,NORMAL,
MDLZ,Mondelez International Inc,finviz_prefilter,revenue_growth;eps_next_year,,price_min;market_cap_min;avg_volume_min;revenue_growth;eps_growth;eps_next_year;operating_margin;earnings_window,False,"{'revenue_growth_yoy': 4.130000000000001, 'eps_growth_yoy': 143.73, 'eps_next_year': 10.27, 'operating_margin': 15.840000000000002}",,Finviz via finvizfinance screener views,2026-08-27T23:30:29+02:00,2026-07-28,,30,NORMAL,
MEOH,Methanex Corp,finviz_prefilter,eps_growth;eps_next_year,,price_min;market_cap_min;avg_volume_min;revenue_growth;eps_growth;eps_next_year;operating_margin;earnings_window,False,"{'revenue_growth_yoy': 75.17, 'eps_growth_yoy': 1.688, 'eps_next_year': -37.77, 'operating_margin': 17.37}",,Finviz via finvizfinance screener views,2026-08-27T23:30:29+02:00,2026-07-28,,30,NORMAL,
META,Meta Platforms Inc,finviz_prefilter,eps_growth;eps_next_year,,price_min;market_cap_min;avg_volume_min;revenue_growth;eps_growth;eps_next_year;operating_margin;earnings_window,False,"{'revenue_growth_yoy': 27.96, 'eps_growth_yoy': -13.44, 'eps_next_year': 7.88, 'operating_margin': 38.080000000000005}",,Finviz via finvizfinance screener views,2026-08-27T23:30:29+02:00,2026-07-29,,29,NORMAL,
MGNI,Magnite Inc,finviz_prefilter,revenue_growth,,price_min;market_cap_min;avg_volume_min;revenue_growth;eps_growth;eps_next_year;operating_margin;earnings_window,False,"{'revenue_growth_yoy': 11.24, 'eps_growth_yoy': 75.22999999999999, 'eps_next_year': 18.5, 'operating_margin': 15.65}",,Finviz via finvizfinance screener views,2026-08-27T23:30:29+02:00,2026-08-05,,22,NORMAL,"{'failed_gate': 'revenue_growth', 'actual_value': 11.24, 'applicable_threshold': 20.0, 'distance_to_threshold': 8.76, 'distance_to_threshold_pct': 43.8, 'formula': 'minimo: distance = threshold - actual; pct = distance / abs(threshold) * 100'}"
MIRM,Mirum Pharmaceuticals Inc,finviz_prefilter,eps_growth;operating_margin,,price_min;market_cap_min;avg_volume_min;revenue_growth;eps_growth;eps_next_year;operating_margin;earnings_window,False,"{'revenue_growth_yoy': 37.92, 'eps_growth_yoy': -7.9975, 'eps_next_year': 94.97, 'operating_margin': -14.760000000000002}",,Finviz via finvizfinance screener views,2026-08-27T23:30:29+02:00,2026-08-05,,22,NORMAL,
MKSI,MKS Inc,finviz_prefilter,eps_growth,,price_min;market_cap_min;avg_volume_min;revenue_growth;eps_growth;eps_next_year;operating_margin;earnings_window,False,"{'revenue_growth_yoy': 28.26, 'eps_growth_yoy': 1.6168, 'eps_next_year': 33.27, 'operating_margin': 16.72}",,Finviz via finvizfinance screener views,2026-08-27T23:30:29+02:00,2026-08-05,,22,NORMAL,"{'failed_gate': 'eps_growth', 'actual_value': 1.6168, 'applicable_threshold': 30.0, 'distance_to_threshold': 28.3832, 'distance_to_threshold_pct': 94.61066666666666, 'formula': 'minimo: distance = threshold - actual; pct = distance / abs(threshold) * 100'}"
MKTX,MarketAxess Holdings Inc,finviz_prefilter,revenue_growth;eps_growth;eps_next_year,,price_min;market_cap_min;avg_volume_min;revenue_growth;eps_growth;eps_next_year;operating_margin;earnings_window,False,"{'revenue_growth_yoy': -2.75, 'eps_growth_yoy': 1.31, 'eps_next_year': 9.03, 'operating_margin': 40.28}",,Finviz via finvizfinance screener views,2026-08-27T23:30:29+02:00,2026-07-30,,28,NORMAL,
MMED,MiniMed Group Inc,finviz_prefilter,eps_next_year;earnings_window,revenue_growth;eps_growth;operating_margin,price_min;market_cap_min;avg_volume_min;eps_next_year;earnings_window,False,"{'revenue_growth_yoy': None, 'eps_growth_yoy': None, 'eps_next_year': 4.77, 'operating_margin': None}",,Finviz via finvizfinance screener views,2026-08-27T23:30:29+02:00,2026-09-01,5,,PRE_EARNINGS_BLACKOUT,
MMSI,Merit Medical Systems Inc,finviz_prefilter,revenue_growth;eps_growth;eps_next_year,,price_min;market_cap_min;avg_volume_min;revenue_growth;eps_growth;eps_next_year;operating_margin;earnings_window,False,"{'revenue_growth_yoy': 9.83, 'eps_growth_yoy': 20.3, 'eps_next_year': 7.19, 'operating_margin': 12.690000000000001}",,Finviz via finvizfinance screener views,2026-08-27T23:30:29+02:00,2026-07-30,,28,NORMAL,
MMYT,MakeMyTrip Ltd,finviz_prefilter,revenue_growth;eps_growth,,price_min;market_cap_min;avg_volume_min;revenue_growth;eps_growth;eps_next_year;operating_margin;earnings_window,False,"{'revenue_growth_yoy': 6.22, 'eps_growth_yoy': -61.53999999999999, 'eps_next_year': 97.7, 'operating_margin': 14.95}",,Finviz via finvizfinance screener views,2026-08-27T23:30:29+02:00,2026-08-03,,24,NORMAL,
MNDY,Monday.Com Ltd,finviz_prefilter,eps_growth;operating_margin,,price_min;market_cap_min;avg_volume_min;revenue_growth;eps_growth;eps_next_year;operating_margin;earnings_window,False,"{'revenue_growth_yoy': 21.94, 'eps_growth_yoy': 1.6373, 'eps_next_year': 22.27, 'operating_margin': 2.9000000000000004}",,Finviz via finvizfinance screener views,2026-08-27T23:30:29+02:00,2026-08-10,,17,NORMAL,
MNST,Monster Beverage Corp,finviz_prefilter,eps_growth;eps_next_year,,price_min;market_cap_min;avg_volume_min;revenue_growth;eps_growth;eps_next_year;operating_margin;earnings_window,False,"{'revenue_growth_yoy': 20.169999999999998, 'eps_growth_yoy': 19.040000000000003, 'eps_next_year': 12.84, 'operating_margin': 29.160000000000004}",,Finviz via finvizfinance screener views,2026-08-27T23:30:29+02:00,2026-08-06,,21,NORMAL,
MRCY,Mercury Systems Inc,finviz_prefilter,revenue_growth;eps_growth;operating_margin,,price_min;market_cap_min;avg_volume_min;revenue_growth;eps_growth;eps_next_year;operating_margin;earnings_window,False,"{'revenue_growth_yoy': 6.11, 'eps_growth_yoy': -95.27, 'eps_next_year': 33.66, 'operating_margin': 2.13}",,Finviz via finvizfinance screener views,2026-08-27T23:30:29+02:00,2026-08-18,,9,PEAD_WINDOW,
MRNA,Moderna Inc,finviz_prefilter,revenue_growth;eps_growth;operating_margin,,price_min;market_cap_min;avg_volume_min;revenue_growth;eps_growth;eps_next_year;operating_margin;earnings_window,False,"{'revenue_growth_yoy': 2.11, 'eps_growth_yoy': 7.6, 'eps_next_year': 41.15, 'operating_margin': -149.01}",,Finviz via finvizfinance screener views,2026-08-27T23:30:29+02:00,2026-07-31,,27,NORMAL,
MRVL,Marvell Technology Inc,finviz_prefilter,eps_growth;earnings_window,,price_min;market_cap_min;avg_volume_min;revenue_growth;eps_growth;eps_next_year;operating_margin;earnings_window,False,"{'revenue_growth_yoy': 27.57, 'eps_growth_yoy': -81.0, 'eps_next_year': 54.93, 'operating_margin': 16.41}",,Finviz via finvizfinance screener views,2026-08-27T23:30:29+02:00,2026-08-27,0,,PRE_EARNINGS_BLACKOUT,
MRX,Marex Group Ltd,finviz_prefilter,eps_next_year,,price_min;market_cap_min;avg_volume_min;revenue_growth;eps_growth;eps_next_year;operating_margin;earnings_window,False,"{'revenue_growth_yoy': 33.95, 'eps_growth_yoy': 105.96000000000001, 'eps_next_year': 11.99, 'operating_margin': 32.190000000000005}",,Finviz via finvizfinance screener views,2026-08-27T23:30:29+02:00,2026-08-12,,15,PEAD_WINDOW,"{'failed_gate': 'eps_next_year', 'actual_value': 11.99, 'applicable_threshold': 15.0, 'distance_to_threshold': 3.01, 'distance_to_threshold_pct': 20.066666666666666, 'formula': 'minimo: distance = threshold - actual; pct = distance / abs(threshold) * 100'}"
MSFT,Microsoft Corp,finviz_prefilter,revenue_growth,,price_min;market_cap_min;avg_volume_min;revenue_growth;eps_growth;eps_next_year;operating_margin;earnings_window,False,"{'revenue_growth_yoy': 17.75, 'eps_growth_yoy': 31.65, 'eps_next_year': 19.04, 'operating_margin': 46.78}",,Finviz via finvizfinance screener views,2026-08-27T23:30:29+02:00,2026-07-29,,29,NORMAL,"{'failed_gate': 'revenue_growth', 'actual_value': 17.75, 'applicable_threshold': 20.0, 'distance_to_threshold': 2.25, 'distance_to_threshold_pct': 11.25, 'formula': 'minimo: distance = threshold - actual; pct = distance / abs(threshold) * 100'}"
MSTR,Strategy Inc,finviz_prefilter,revenue_growth;eps_growth;operating_margin,,price_min;market_cap_min;avg_volume_min;revenue_growth;eps_growth;eps_next_year;operating_margin;earnings_window,False,"{'revenue_growth_yoy': 6.88, 'eps_growth_yoy': -1.7502, 'eps_next_year': 169.2, 'operating_margin': -8.129999999999999}",,Finviz via finvizfinance screener views,2026-08-27T23:30:29+02:00,2026-07-30,,28,NORMAL,
MTCH,Match Group Inc,finviz_prefilter,revenue_growth,,price_min;market_cap_min;avg_volume_min;revenue_growth;eps_growth;eps_next_year;operating_margin;earnings_window,False,"{'revenue_growth_yoy': -1.23, 'eps_growth_yoy': 43.47, 'eps_next_year': 16.0, 'operating_margin': 28.15}",,Finviz via finvizfinance screener views,2026-08-27T23:30:29+02:00,2026-08-04,,23,NORMAL,"{'failed_gate': 'revenue_growth', 'actual_value': -1.23, 'applicable_threshold': 20.0, 'distance_to_threshold': 21.23, 'distance_to_threshold_pct': 106.15, 'formula': 'minimo: distance = threshold - actual; pct = distance / abs(threshold) * 100'}"
MTSI,MACOM Technology Solutions Holdings Inc,finviz_prefilter,eps_growth,,price_min;market_cap_min;avg_volume_min;revenue_growth;eps_growth;eps_next_year;operating_margin;earnings_window,False,"{'revenue_growth_yoy': 35.77, 'eps_growth_yoy': 1.6669, 'eps_next_year': 53.79, 'operating_margin': 18.11}",,Finviz via finvizfinance screener views,2026-08-27T23:30:29+02:00,2026-08-06,,21,NORMAL,"{'failed_gate': 'eps_growth', 'actual_value': 1.6669, 'applicable_threshold': 30.0, 'distance_to_threshold': 28.3331, 'distance_to_threshold_pct': 94.44366666666667, 'formula': 'minimo: distance = threshold - actual; pct = distance / abs(threshold) * 100'}"
MU,Micron Technology Inc,finviz_prefilter,revenue_growth;eps_growth,,price_min;market_cap_min;avg_volume_min;revenue_growth;eps_growth;eps_next_year;operating_margin;earnings_window,False,"{'revenue_growth_yoy': 3.4572, 'eps_growth_yoy': 13.7209, 'eps_next_year': 112.19, 'operating_margin': 65.75}",,Finviz via finvizfinance screener views,2026-08-27T23:30:29+02:00,2026-06-24,,64,NORMAL,
MXL,MaxLinear Inc,finviz_prefilter,operating_margin,,price_min;market_cap_min;avg_volume_min;revenue_growth;eps_growth;eps_next_year;operating_margin;earnings_window,False,"{'revenue_growth_yoy': 55.169999999999995, 'eps_growth_yoy': 105.89999999999999, 'eps_next_year': 54.03, 'operating_margin': -11.600000000000001}",,Finviz via finvizfinance screener views,2026-08-27T23:30:29+02:00,2026-07-23,,35,NORMAL,"{'failed_gate': 'operating_margin', 'actual_value': -11.600000000000001, 'applicable_threshold': 8.0, 'distance_to_threshold': 19.6, 'distance_to_threshold_pct': 245.00000000000003, 'formula': 'minimo: distance = threshold - actual; pct = distance / abs(threshold) * 100'}"
NAMS,NewAmsterdam Pharma Company NV,finviz_prefilter,revenue_growth;eps_growth;operating_margin,,price_min;market_cap_min;avg_volume_min;revenue_growth;eps_growth;eps_next_year;operating_margin;earnings_window,False,"{'revenue_growth_yoy': -80.67, 'eps_growth_yoy': -2.5488, 'eps_next_year': 17.44, 'operating_margin': -34.322}",,Finviz via finvizfinance screener views,2026-08-27T23:30:29+02:00,2026-08-05,,22,NORMAL,
NAVN,Navan Inc,finviz_prefilter,operating_margin,,price_min;market_cap_min;avg_volume_min;revenue_growth;eps_growth;eps_next_year;operating_margin;earnings_window,False,"{'revenue_growth_yoy': 39.86, 'eps_growth_yoy': 66.82000000000001, 'eps_next_year': 51.81, 'operating_margin': -24.89}",,Finviz via finvizfinance screener views,2026-08-27T23:30:29+02:00,2026-09-09,13,,NORMAL,"{'failed_gate': 'operating_margin', 'actual_value': -24.89, 'applicable_threshold': 8.0, 'distance_to_threshold': 32.89, 'distance_to_threshold_pct': 411.125, 'formula': 'minimo: distance = threshold - actual; pct = distance / abs(threshold) * 100'}"
NBIS,Nebius Group NV,finviz_prefilter,revenue_growth;eps_growth;eps_next_year;operating_margin,,price_min;market_cap_min;avg_volume_min;revenue_growth;eps_growth;eps_next_year;operating_margin;earnings_window,False,"{'revenue_growth_yoy': 4.5404, 'eps_growth_yoy': -127.74000000000001, 'eps_next_year': -54.08, 'operating_margin': -49.34}",,Finviz via finvizfinance screener views,2026-08-27T23:30:29+02:00,2026-08-12,,15,PEAD_WINDOW,
NCNO,Ncino Inc,finviz_prefilter,revenue_growth,,price_min;market_cap_min;avg_volume_min;revenue_growth;eps_growth;eps_next_year;operating_margin;earnings_window,False,"{'revenue_growth_yoy': 8.19, 'eps_growth_yoy': 136.4, 'eps_next_year': 19.97, 'operating_margin': 8.77}",,Finviz via finvizfinance screener views,2026-08-27T23:30:29+02:00,2026-08-25,,2,PEAD_WINDOW,"{'failed_gate': 'revenue_growth', 'actual_value': 8.19, 'applicable_threshold': 20.0, 'distance_to_threshold': 11.81, 'distance_to_threshold_pct': 59.050000000000004, 'formula': 'minimo: distance = threshold - actual; pct = distance / abs(threshold) * 100'}"
NDAQ,Nasdaq Inc,finviz_prefilter,eps_growth;eps_next_year,,price_min;market_cap_min;avg_volume_min;revenue_growth;eps_growth;eps_next_year;operating_margin;earnings_window,False,"{'revenue_growth_yoy': 21.15, 'eps_growth_yoy': 14.38, 'eps_next_year': 13.12, 'operating_margin': 30.78}",,Finviz via finvizfinance screener views,2026-08-27T23:30:29+02:00,2026-07-23,,35,NORMAL,
NEO,Neogenomics Inc,finviz_prefilter,revenue_growth;operating_margin,,price_min;market_cap_min;avg_volume_min;revenue_growth;eps_growth;eps_next_year;operating_margin;earnings_window,False,"{'revenue_growth_yoy': 11.21, 'eps_growth_yoy': 104.85, 'eps_next_year': 85.08, 'operating_margin': -7.03}",,Finviz via finvizfinance screener views,2026-08-27T23:30:29+02:00,2026-07-28,,30,NORMAL,
NESR,National Energy Services Reunited Corp,finviz_prefilter,eps_growth,,price_min;market_cap_min;avg_volume_min;revenue_growth;eps_growth;eps_next_year;operating_margin;earnings_window,False,"{'revenue_growth_yoy': 59.07, 'eps_growth_yoy': 1.7386, 'eps_next_year': 59.37, 'operating_margin': 9.34}",,Finviz via finvizfinance screener views,2026-08-27T23:30:29+02:00,2026-08-10,,17,NORMAL,"{'failed_gate': 'eps_growth', 'actual_value': 1.7386, 'applicable_threshold': 20.0, 'distance_to_threshold': 18.261400000000002, 'distance_to_threshold_pct': 91.307, 'formula': 'minimo: distance = threshold - actual; pct = distance / abs(threshold) * 100'}"
NFLX,Netflix Inc,finviz_prefilter,revenue_growth;eps_growth;eps_next_year,,price_min;market_cap_min;avg_volume_min;revenue_growth;eps_growth;eps_next_year;operating_margin;earnings_window,False,"{'revenue_growth_yoy': 13.41, 'eps_growth_yoy': 11.06, 'eps_next_year': 5.98, 'operating_margin': 30.25}",,Finviz via finvizfinance screener views,2026-08-27T23:30:29+02:00,2026-07-16,,42,NORMAL,
NKTR,Nektar Therapeutics,finviz_prefilter,revenue_growth;eps_next_year;operating_margin,,price_min;market_cap_min;avg_volume_min;revenue_growth;eps_growth;eps_next_year;operating_margin;earnings_window,False,"{'revenue_growth_yoy': -9.34, 'eps_growth_yoy': 58.379999999999995, 'eps_next_year': -28.83, 'operating_margin': -2.3932}",,Finviz via finvizfinance screener views,2026-08-27T23:30:29+02:00,2026-08-13,,14,PEAD_WINDOW,
NMRK,Newmark Group Inc,finviz_prefilter,revenue_growth;eps_growth;eps_next_year;operating_margin,,price_min;market_cap_min;avg_volume_min;revenue_growth;eps_growth;eps_next_year;operating_margin;earnings_window,False,"{'revenue_growth_yoy': 18.91, 'eps_growth_yoy': -5.36, 'eps_next_year': 13.07, 'operating_margin': 7.59}",,Finviz via finvizfinance screener views,2026-08-27T23:30:29+02:00,2026-07-29,,29,NORMAL,
NN,NextNav Inc,finviz_prefilter,revenue_growth;eps_next_year;operating_margin,,price_min;market_cap_min;avg_volume_min;revenue_growth;eps_growth;eps_next_year;operating_margin;earnings_window,False,"{'revenue_growth_yoy': -4.33, 'eps_growth_yoy': 50.1, 'eps_next_year': 0.0, 'operating_margin': -19.0043}",,Finviz via finvizfinance screener views,2026-08-27T23:30:29+02:00,2026-08-11,,16,NORMAL,
NRIX,Nurix Therapeutics Inc,finviz_prefilter,revenue_growth;eps_growth;operating_margin,,price_min;market_cap_min;avg_volume_min;revenue_growth;eps_growth;eps_next_year;operating_margin;earnings_window,False,"{'revenue_growth_yoy': -79.47, 'eps_growth_yoy': -55.54, 'eps_next_year': 26.0, 'operating_margin': -9.8237}",,Finviz via finvizfinance screener views,2026-08-27T23:30:29+02:00,2026-07-09,,49,NORMAL,
NTAP,Netapp Inc,finviz_prefilter,revenue_growth;eps_growth;eps_next_year;earnings_window,,price_min;market_cap_min;avg_volume_min;revenue_growth;eps_growth;eps_next_year;operating_margin;earnings_window,False,"{'revenue_growth_yoy': 12.46, 'eps_growth_yoy': 23.01, 'eps_next_year': 11.2, 'operating_margin': 24.45}",,Finviz via finvizfinance screener views,2026-08-27T23:30:29+02:00,2026-09-02,6,,PRE_EARNINGS_BLACKOUT,
NTNX,Nutanix Inc,finviz_prefilter,revenue_growth,,price_min;market_cap_min;avg_volume_min;revenue_growth;eps_growth;eps_next_year;operating_margin;earnings_window,False,"{'revenue_growth_yoy': 15.89, 'eps_growth_yoy': 31.485, 'eps_next_year': 15.91, 'operating_margin': 10.82}",,Finviz via finvizfinance screener views,2026-08-27T23:30:29+02:00,2026-08-26,,1,PEAD_WINDOW,"{'failed_gate': 'revenue_growth', 'actual_value': 15.89, 'applicable_threshold': 20.0, 'distance_to_threshold': 4.109999999999999, 'distance_to_threshold_pct': 20.549999999999997, 'formula': 'minimo: distance = threshold - actual; pct = distance / abs(threshold) * 100'}"
NTRA,Natera Inc,finviz_prefilter,operating_margin,,price_min;market_cap_min;avg_volume_min;revenue_growth;eps_growth;eps_next_year;operating_margin;earnings_window,False,"{'revenue_growth_yoy': 37.71, 'eps_growth_yoy': 36.85, 'eps_next_year': 87.98, 'operating_margin': -10.56}",,Finviz via finvizfinance screener views,2026-08-27T23:30:29+02:00,2026-08-06,,21,NORMAL,"{'failed_gate': 'operating_margin', 'actual_value': -10.56, 'applicable_threshold': 8.0, 'distance_to_threshold': 18.560000000000002, 'distance_to_threshold_pct': 232.00000000000003, 'formula': 'minimo: distance = threshold - actual; pct = distance / abs(threshold) * 100'}"
NTRS,Northern Trust Corp,finviz_prefilter,revenue_growth;eps_next_year,,price_min;market_cap_min;avg_volume_min;revenue_growth;eps_growth;eps_next_year;operating_margin;earnings_window,False,"{'revenue_growth_yoy': 17.18, 'eps_growth_yoy': 98.21, 'eps_next_year': 9.29, 'operating_margin': 13.389999999999999}",,Finviz via finvizfinance screener views,2026-08-27T23:30:29+02:00,2026-07-22,,36,NORMAL,
NTSK,Netskope Inc,finviz_prefilter,eps_growth;operating_margin;earnings_window,,price_min;market_cap_min;avg_volume_min;revenue_growth;eps_growth;eps_next_year;operating_margin;earnings_window,False,"{'revenue_growth_yoy': 27.800000000000004, 'eps_growth_yoy': -40.26, 'eps_next_year': 110.97, 'operating_margin': -95.1}",,Finviz via finvizfinance screener views,2026-08-27T23:30:29+02:00,2026-09-02,6,,PRE_EARNINGS_BLACKOUT,
NVCR,NovoCure Ltd,finviz_prefilter,revenue_growth;operating_margin,,price_min;market_cap_min;avg_volume_min;revenue_growth;eps_growth;eps_next_year;operating_margin;earnings_window,False,"{'revenue_growth_yoy': 15.6, 'eps_growth_yoy': 62.480000000000004, 'eps_next_year': 34.73, 'operating_margin': -22.08}",,Finviz via finvizfinance screener views,2026-08-27T23:30:29+02:00,2026-07-23,,35,NORMAL,
NWBI,Northwest Bancshares Inc,finviz_prefilter,revenue_growth;eps_next_year,,price_min;market_cap_min;avg_volume_min;revenue_growth;eps_growth;eps_next_year;operating_margin;earnings_window,False,"{'revenue_growth_yoy': 18.310000000000002, 'eps_growth_yoy': 38.519999999999996, 'eps_next_year': 2.93, 'operating_margin': 25.03}",,Finviz via finvizfinance screener views,2026-08-27T23:30:29+02:00,2026-07-27,,31,NORMAL,
NWS,News Corp,finviz_prefilter,revenue_growth;eps_growth,,price_min;market_cap_min;avg_volume_min;revenue_growth;eps_growth;eps_next_year;operating_margin;earnings_window,False,"{'revenue_growth_yoy': 10.81, 'eps_growth_yoy': 5.8653, 'eps_next_year': 16.36, 'operating_margin': 12.64}",,Finviz via finvizfinance screener views,2026-08-27T23:30:29+02:00,2026-08-05,,22,NORMAL,
NWSA,News Corp,finviz_prefilter,revenue_growth;eps_growth,,price_min;market_cap_min;avg_volume_min;revenue_growth;eps_growth;eps_next_year;operating_margin;earnings_window,False,"{'revenue_growth_yoy': 10.81, 'eps_growth_yoy': 5.8653, 'eps_next_year': 16.36, 'operating_margin': 12.64}",,Finviz via finvizfinance screener views,2026-08-27T23:30:29+02:00,2026-08-05,,22,NORMAL,
NXPI,NXP Semiconductors NV,finviz_prefilter,revenue_growth,,price_min;market_cap_min;avg_volume_min;revenue_growth;eps_growth;eps_next_year;operating_margin;earnings_window,False,"{'revenue_growth_yoy': 19.48, 'eps_growth_yoy': 72.23, 'eps_next_year': 20.53, 'operating_margin': 28.7}",,Finviz via finvizfinance screener views,2026-08-27T23:30:29+02:00,2026-07-28,,30,NORMAL,"{'failed_gate': 'revenue_growth', 'actual_value': 19.48, 'applicable_threshold': 20.0, 'distance_to_threshold': 0.5199999999999996, 'distance_to_threshold_pct': 2.599999999999998, 'formula': 'minimo: distance = threshold - actual; pct = distance / abs(threshold) * 100'}"
NXT,Nextpower Inc,finviz_prefilter,revenue_growth;eps_growth,,price_min;market_cap_min;avg_volume_min;revenue_growth;eps_growth;eps_next_year;operating_margin;earnings_window,False,"{'revenue_growth_yoy': 8.21, 'eps_growth_yoy': 2.32, 'eps_next_year': 22.55, 'operating_margin': 19.7}",,Finviz via finvizfinance screener views,2026-08-27T23:30:29+02:00,2026-07-30,,28,NORMAL,
OCTV,Octave Intelligence Plc,finviz_prefilter,eps_next_year,revenue_growth;eps_growth;operating_margin,price_min;market_cap_min;avg_volume_min;eps_next_year;earnings_window,False,"{'revenue_growth_yoy': None, 'eps_growth_yoy': None, 'eps_next_year': 2.66, 'operating_margin': None}",,Finviz via finvizfinance screener views,2026-08-27T23:30:29+02:00,2026-08-12,,15,PEAD_WINDOW,"{'failed_gate': 'eps_next_year', 'actual_value': 2.66, 'applicable_threshold': 15.0, 'distance_to_threshold': 12.34, 'distance_to_threshold_pct': 82.26666666666667, 'formula': 'minimo: distance = threshold - actual; pct = distance / abs(threshold) * 100'}"
ODFL,Old Dominion Freight Line Inc,finviz_prefilter,revenue_growth;eps_next_year,,price_min;market_cap_min;avg_volume_min;revenue_growth;eps_growth;eps_next_year;operating_margin;earnings_window,False,"{'revenue_growth_yoy': 10.39, 'eps_growth_yoy': 32.68, 'eps_next_year': 14.21, 'operating_margin': 25.990000000000002}",,Finviz via finvizfinance screener views,2026-08-27T23:30:29+02:00,2026-07-29,,29,NORMAL,
OKTA,Okta Inc,finviz_prefilter,revenue_growth;eps_next_year;operating_margin,,price_min;market_cap_min;avg_volume_min;revenue_growth;eps_growth;eps_next_year;operating_margin;earnings_window,False,"{'revenue_growth_yoy': 10.58, 'eps_growth_yoy': 75.22999999999999, 'eps_next_year': 10.65, 'operating_margin': 7.68}",,Finviz via finvizfinance screener views,2026-08-27T23:30:29+02:00,2026-08-26,,1,PEAD_WINDOW,
OLED,Universal Display Corp,finviz_prefilter,revenue_growth;eps_growth;eps_next_year,,price_min;market_cap_min;avg_volume_min;revenue_growth;eps_growth;eps_next_year;operating_margin;earnings_window,False,"{'revenue_growth_yoy': -11.43, 'eps_growth_yoy': -24.92, 'eps_next_year': 12.5, 'operating_margin': 34.4}",,Finviz via finvizfinance screener views,2026-08-27T23:30:29+02:00,2026-07-30,,28,NORMAL,
OLLI,Ollies Bargain Outlet Holdings Inc,finviz_prefilter,revenue_growth;eps_growth;eps_next_year;earnings_window,,price_min;market_cap_min;avg_volume_min;revenue_growth;eps_growth;eps_next_year;operating_margin;earnings_window,False,"{'revenue_growth_yoy': 14.249999999999998, 'eps_growth_yoy': 19.79, 'eps_next_year': 13.41, 'operating_margin': 12.31}",,Finviz via finvizfinance screener views,2026-08-27T23:30:29+02:00,2026-09-02,6,,PRE_EARNINGS_BLACKOUT,
ON,ON Semiconductor Corp,finviz_prefilter,revenue_growth,,price_min;market_cap_min;avg_volume_min;revenue_growth;eps_growth;eps_next_year;operating_margin;earnings_window,False,"{'revenue_growth_yoy': 9.180000000000001, 'eps_growth_yoy': 36.51, 'eps_next_year': 40.6, 'operating_margin': 18.16}",,Finviz via finvizfinance screener views,2026-08-27T23:30:29+02:00,2026-08-03,,24,NORMAL,"{'failed_gate': 'revenue_growth', 'actual_value': 9.180000000000001, 'applicable_threshold': 20.0, 'distance_to_threshold': 10.819999999999999, 'distance_to_threshold_pct': 54.099999999999994, 'formula': 'minimo: distance = threshold - actual; pct = distance / abs(threshold) * 100'}"
ONB,Old National Bancorp,finviz_prefilter,revenue_growth;eps_next_year,,price_min;market_cap_min;avg_volume_min;revenue_growth;eps_growth;eps_next_year;operating_margin;earnings_window,False,"{'revenue_growth_yoy': 9.55, 'eps_growth_yoy': 93.78, 'eps_next_year': 10.92, 'operating_margin': 30.14}",,Finviz via finvizfinance screener views,2026-08-27T23:30:29+02:00,2026-07-22,,36,NORMAL,
OPCH,Option Care Health Inc,finviz_prefilter,revenue_growth;eps_growth;eps_next_year;operating_margin,,price_min;market_cap_min;avg_volume_min;revenue_growth;eps_growth;eps_next_year;operating_margin;earnings_window,False,"{'revenue_growth_yoy': 1.8599999999999999, 'eps_growth_yoy': 14.13, 'eps_next_year': 10.83, 'operating_margin': 5.86}",,Finviz via finvizfinance screener views,2026-08-27T23:30:29+02:00,2026-07-29,,29,NORMAL,
ORLY,O'Reilly Automotive Inc,finviz_prefilter,revenue_growth;eps_growth;eps_next_year,,price_min;market_cap_min;avg_volume_min;revenue_growth;eps_growth;eps_next_year;operating_margin;earnings_window,False,"{'revenue_growth_yoy': 8.110000000000001, 'eps_growth_yoy': 10.77, 'eps_next_year': 11.36, 'operating_margin': 19.56}",,Finviz via finvizfinance screener views,2026-08-27T23:30:29+02:00,2026-07-29,,29,NORMAL,
OSW,OneSpaWorld Holdings Limited,finviz_prefilter,revenue_growth;eps_growth;eps_next_year,,price_min;market_cap_min;avg_volume_min;revenue_growth;eps_growth;eps_next_year;operating_margin;earnings_window,False,"{'revenue_growth_yoy': 8.52, 'eps_growth_yoy': 17.72, 'eps_next_year': 13.49, 'operating_margin': 9.5}",,Finviz via finvizfinance screener views,2026-08-27T23:30:29+02:00,2026-07-29,,29,NORMAL,
OTEX,Open Text Corp,finviz_prefilter,revenue_growth;eps_growth;eps_next_year,,price_min;market_cap_min;avg_volume_min;revenue_growth;eps_growth;eps_next_year;operating_margin;earnings_window,False,"{'revenue_growth_yoy': 2.94, 'eps_growth_yoy': 4.7337, 'eps_next_year': 7.84, 'operating_margin': 23.169999999999998}",,Finviz via finvizfinance screener views,2026-08-27T23:30:29+02:00,2026-08-06,,21,NORMAL,
OUST,Ouster Inc,finviz_prefilter,operating_margin,,price_min;market_cap_min;avg_volume_min;revenue_growth;eps_growth;eps_next_year;operating_margin;earnings_window,False,"{'revenue_growth_yoy': 55.86, 'eps_growth_yoy': 27.46, 'eps_next_year': 102.63, 'operating_margin': -34.410000000000004}",,Finviz via finvizfinance screener views,2026-08-27T23:30:29+02:00,2026-08-06,,21,NORMAL,"{'failed_gate': 'operating_margin', 'actual_value': -34.410000000000004, 'applicable_threshold': 8.0, 'distance_to_threshold': 42.410000000000004, 'distance_to_threshold_pct': 530.125, 'formula': 'minimo: distance = threshold - actual; pct = distance / abs(threshold) * 100'}"
OZK,Bank OZK,finviz_prefilter,revenue_growth;eps_growth;eps_next_year,,price_min;market_cap_min;avg_volume_min;revenue_growth;eps_growth;eps_next_year;operating_margin;earnings_window,False,"{'revenue_growth_yoy': -3.82, 'eps_growth_yoy': -5.72, 'eps_next_year': 4.66, 'operating_margin': 32.35}",,Finviz via finvizfinance screener views,2026-08-27T23:30:29+02:00,2026-07-21,,37,NORMAL,
PAA,Plains All American Pipeline LP,finviz_prefilter,eps_growth;eps_next_year;operating_margin,,price_min;market_cap_min;avg_volume_min;revenue_growth;eps_growth;eps_next_year;operating_margin;earnings_window,False,"{'revenue_growth_yoy': 65.47, 'eps_growth_yoy': 9.8111, 'eps_next_year': 2.27, 'operating_margin': 2.78}",,Finviz via finvizfinance screener views,2026-08-27T23:30:29+02:00,2026-08-07,,20,NORMAL,
PAGP,Plains GP Holdings LP,finviz_prefilter,eps_growth;eps_next_year;operating_margin,,price_min;market_cap_min;avg_volume_min;revenue_growth;eps_growth;eps_next_year;operating_margin;earnings_window,False,"{'revenue_growth_yoy': 65.47, 'eps_growth_yoy': 11.9677, 'eps_next_year': -15.84, 'operating_margin': 2.83}",,Finviz via finvizfinance screener views,2026-08-27T23:30:29+02:00,2026-08-07,,20,NORMAL,
PANW,Palo Alto Networks Inc,finviz_prefilter,eps_growth;eps_next_year;operating_margin;earnings_window,,price_min;market_cap_min;avg_volume_min;revenue_growth;eps_growth;eps_next_year;operating_margin;earnings_window,False,"{'revenue_growth_yoy': 31.15, 'eps_growth_yoy': -1.5965, 'eps_next_year': 8.46, 'operating_margin': 7.39}",,Finviz via finvizfinance screener views,2026-08-27T23:30:29+02:00,2026-09-01,5,,PRE_EARNINGS_BLACKOUT,
PAYX,Paychex Inc,finviz_prefilter,revenue_growth;eps_next_year,,price_min;market_cap_min;avg_volume_min;revenue_growth;eps_growth;eps_next_year;operating_margin;earnings_window,False,"{'revenue_growth_yoy': 12.49, 'eps_growth_yoy': 43.14, 'eps_next_year': 7.51, 'operating_margin': 45.08}",,Finviz via finvizfinance screener views,2026-08-27T23:30:29+02:00,2026-06-24,,64,NORMAL,
PCAR,Paccar Inc,finviz_prefilter,revenue_growth;eps_growth,,price_min;market_cap_min;avg_volume_min;revenue_growth;eps_growth;eps_next_year;operating_margin;earnings_window,False,"{'revenue_growth_yoy': 0.5499999999999999, 'eps_growth_yoy': 3.7199999999999998, 'eps_next_year': 20.1, 'operating_margin': 10.37}",,Finviz via finvizfinance screener views,2026-08-27T23:30:29+02:00,2026-07-28,,30,NORMAL,
PCTY,Paylocity Holding Corp,finviz_prefilter,revenue_growth;eps_growth;eps_next_year,,price_min;market_cap_min;avg_volume_min;revenue_growth;eps_growth;eps_next_year;operating_margin;earnings_window,False,"{'revenue_growth_yoy': 10.979999999999999, 'eps_growth_yoy': 29.34, 'eps_next_year': 9.69, 'operating_margin': 22.14}",,Finviz via finvizfinance screener views,2026-08-27T23:30:29+02:00,2026-08-04,,23,NORMAL,
PECO,Phillips Edison & Company Inc,finviz_prefilter,revenue_growth;eps_growth;eps_next_year,,price_min;market_cap_min;avg_volume_min;revenue_growth;eps_growth;eps_next_year;operating_margin;earnings_window,False,"{'revenue_growth_yoy': 6.550000000000001, 'eps_growth_yoy': 2.5337, 'eps_next_year': 1.87, 'operating_margin': 28.910000000000004}",,Finviz via finvizfinance screener views,2026-08-27T23:30:29+02:00,2026-07-23,,35,NORMAL,
PEGA,Pegasystems Inc,finviz_prefilter,revenue_growth;eps_growth;eps_next_year,,price_min;market_cap_min;avg_volume_min;revenue_growth;eps_growth;eps_next_year;operating_margin;earnings_window,False,"{'revenue_growth_yoy': 9.42, 'eps_growth_yoy': -53.0, 'eps_next_year': 7.83, 'operating_margin': 11.32}",,Finviz via finvizfinance screener views,2026-08-27T23:30:29+02:00,2026-07-21,,37,NORMAL,
PENN,PENN Entertainment Inc,finviz_prefilter,revenue_growth;eps_growth;operating_margin,,price_min;market_cap_min;avg_volume_min;revenue_growth;eps_growth;eps_next_year;operating_margin;earnings_window,False,"{'revenue_growth_yoy': 5.24, 'eps_growth_yoy': 3.0856, 'eps_next_year': 71.69, 'operating_margin': 6.03}",,Finviz via finvizfinance screener views,2026-08-27T23:30:29+02:00,2026-08-06,,21,NORMAL,
PEP,PepsiCo Inc,finviz_prefilter,revenue_growth;eps_next_year,,price_min;market_cap_min;avg_volume_min;revenue_growth;eps_growth;eps_next_year;operating_margin;earnings_window,False,"{'revenue_growth_yoy': 6.41, 'eps_growth_yoy': 136.71, 'eps_next_year': 4.82, 'operating_margin': 15.55}",,Finviz via finvizfinance screener views,2026-08-27T23:30:29+02:00,2026-07-09,,49,NORMAL,
PFG,Principal Financial Group Inc,finviz_prefilter,revenue_growth;eps_growth;eps_next_year,,price_min;market_cap_min;avg_volume_min;revenue_growth;eps_growth;eps_next_year;operating_margin;earnings_window,False,"{'revenue_growth_yoy': 6.39, 'eps_growth_yoy': 2.85, 'eps_next_year': 8.65, 'operating_margin': 11.87}",,Finviz via finvizfinance screener views,2026-08-27T23:30:29+02:00,2026-07-27,,31,NORMAL,
PLTR,Palantir Technologies Inc,finviz_prefilter,eps_growth,,price_min;market_cap_min;avg_volume_min;revenue_growth;eps_growth;eps_next_year;operating_margin;earnings_window,False,"{'revenue_growth_yoy': 92.83, 'eps_growth_yoy': 2.2157, 'eps_next_year': 43.07, 'operating_margin': 42.8}",,Finviz via finvizfinance screener views,2026-08-27T23:30:29+02:00,2026-08-03,,24,NORMAL,"{'failed_gate': 'eps_growth', 'actual_value': 2.2157, 'applicable_threshold': 20.0, 'distance_to_threshold': 17.7843, 'distance_to_threshold_pct': 88.92150000000001, 'formula': 'minimo: distance = threshold - actual; pct = distance / abs(threshold) * 100'}"
PODD,Insulet Corp,finviz_prefilter,eps_growth,,price_min;market_cap_min;avg_volume_min;revenue_growth;eps_growth;eps_next_year;operating_margin;earnings_window,False,"{'revenue_growth_yoy': 23.51, 'eps_growth_yoy': 2.3476, 'eps_next_year': 18.65, 'operating_margin': 16.88}",,Finviz via finvizfinance screener views,2026-08-27T23:30:29+02:00,2026-08-05,,22,NORMAL,"{'failed_gate': 'eps_growth', 'actual_value': 2.3476, 'applicable_threshold': 30.0, 'distance_to_threshold': 27.6524, 'distance_to_threshold_pct': 92.17466666666667, 'formula': 'minimo: distance = threshold - actual; pct = distance / abs(threshold) * 100'}"
POOL,Pool Corp,finviz_prefilter,revenue_growth;eps_growth;eps_next_year,,price_min;market_cap_min;avg_volume_min;revenue_growth;eps_growth;eps_next_year;operating_margin;earnings_window,False,"{'revenue_growth_yoy': 2.15, 'eps_growth_yoy': 0.13999999999999999, 'eps_next_year': 7.64, 'operating_margin': 10.76}",,Finviz via finvizfinance screener views,2026-08-27T23:30:29+02:00,2026-07-23,,35,NORMAL,
POWI,Power Integrations Inc,finviz_prefilter,revenue_growth;eps_growth;operating_margin,,price_min;market_cap_min;avg_volume_min;revenue_growth;eps_growth;eps_next_year;operating_margin;earnings_window,False,"{'revenue_growth_yoy': 2.6599999999999997, 'eps_growth_yoy': 6.1358, 'eps_next_year': 32.86, 'operating_margin': 7.93}",,Finviz via finvizfinance screener views,2026-08-27T23:30:29+02:00,2026-08-05,,22,NORMAL,
PPC,Pilgrim's Pride Corp,finviz_prefilter,revenue_growth;eps_growth;operating_margin,,price_min;market_cap_min;avg_volume_min;revenue_growth;eps_growth;eps_next_year;operating_margin;earnings_window,False,"{'revenue_growth_yoy': -2.83, 'eps_growth_yoy': -96.24000000000001, 'eps_next_year': 19.37, 'operating_margin': 6.419999999999999}",,Finviz via finvizfinance screener views,2026-08-27T23:30:29+02:00,2026-07-29,,29,NORMAL,
PPLI,People Inc,finviz_prefilter,revenue_growth;eps_growth;eps_next_year;operating_margin,,price_min;market_cap_min;avg_volume_min;revenue_growth;eps_growth;eps_next_year;operating_margin;earnings_window,False,"{'revenue_growth_yoy': -25.590000000000003, 'eps_growth_yoy': 1.609, 'eps_next_year': -79.23, 'operating_margin': 0.9199999999999999}",,Finviz via finvizfinance screener views,2026-08-27T23:30:29+02:00,2026-08-03,,24,NORMAL,
PRVA,Privia Health Group Inc,finviz_prefilter,eps_growth;operating_margin,,price_min;market_cap_min;avg_volume_min;revenue_growth;eps_growth;eps_next_year;operating_margin;earnings_window,False,"{'revenue_growth_yoy': 21.39, 'eps_growth_yoy': 2.2823, 'eps_next_year': 59.48, 'operating_margin': 1.9}",,Finviz via finvizfinance screener views,2026-08-27T23:30:29+02:00,2026-08-06,,21,NORMAL,
PTC,PTC Inc,finviz_prefilter,revenue_growth;eps_growth;eps_next_year,,price_min;market_cap_min;avg_volume_min;revenue_growth;eps_growth;eps_next_year;operating_margin;earnings_window,False,"{'revenue_growth_yoy': -6.819999999999999, 'eps_growth_yoy': -11.940000000000001, 'eps_next_year': 8.67, 'operating_margin': 39.78}",,Finviz via finvizfinance screener views,2026-08-27T23:30:29+02:00,2026-07-29,,29,NORMAL,
PTCT,PTC Therapeutics Inc,finviz_prefilter,eps_growth,,price_min;market_cap_min;avg_volume_min;revenue_growth;eps_growth;eps_next_year;operating_margin;earnings_window,False,"{'revenue_growth_yoy': 101.55000000000001, 'eps_growth_yoy': 2.106, 'eps_next_year': 114.77, 'operating_margin': 11.57}",,Finviz via finvizfinance screener views,2026-08-27T23:30:29+02:00,2026-07-30,,28,NORMAL,"{'failed_gate': 'eps_growth', 'actual_value': 2.106, 'applicable_threshold': 20.0, 'distance_to_threshold': 17.894, 'distance_to_threshold_pct': 89.47, 'formula': 'minimo: distance = threshold - actual; pct = distance / abs(threshold) * 100'}"
PTRN,Pattern Group Inc,finviz_prefilter,operating_margin,,price_min;market_cap_min;avg_volume_min;revenue_growth;eps_growth;eps_next_year;operating_margin;earnings_window,False,"{'revenue_growth_yoy': 46.58, 'eps_growth_yoy': 62.529999999999994, 'eps_next_year': 25.35, 'operating_margin': 1.3599999999999999}",,Finviz via finvizfinance screener views,2026-08-27T23:30:29+02:00,2026-08-05,,22,NORMAL,"{'failed_gate': 'operating_margin', 'actual_value': 1.3599999999999999, 'applicable_threshold': 8.0, 'distance_to_threshold': 6.640000000000001, 'distance_to_threshold_pct': 83.0, 'formula': 'minimo: distance = threshold - actual; pct = distance / abs(threshold) * 100'}"
PYPL,PayPal Holdings Inc,finviz_prefilter,revenue_growth;eps_growth;eps_next_year,,price_min;market_cap_min;avg_volume_min;revenue_growth;eps_growth;eps_next_year;operating_margin;earnings_window,False,"{'revenue_growth_yoy': 3.8, 'eps_growth_yoy': -3.02, 'eps_next_year': 7.51, 'operating_margin': 18.94}",,Finviz via finvizfinance screener views,2026-08-27T23:30:29+02:00,2026-07-28,,30,NORMAL,
QBTS,D-Wave Quantum Inc,finviz_prefilter,revenue_growth;eps_next_year;operating_margin,,price_min;market_cap_min;avg_volume_min;revenue_growth;eps_growth;eps_next_year;operating_margin;earnings_window,False,"{'revenue_growth_yoy': -0.61, 'eps_growth_yoy': 76.6, 'eps_next_year': -27.25, 'operating_margin': -13.7288}",,Finviz via finvizfinance screener views,2026-08-27T23:30:29+02:00,2026-08-06,,21,NORMAL,
QCOM,Qualcomm Inc,finviz_prefilter,revenue_growth;eps_growth;eps_next_year,,price_min;market_cap_min;avg_volume_min;revenue_growth;eps_growth;eps_next_year;operating_margin;earnings_window,False,"{'revenue_growth_yoy': -4.03, 'eps_growth_yoy': -22.8, 'eps_next_year': -3.39, 'operating_margin': 23.5}",,Finviz via finvizfinance screener views,2026-08-27T23:30:29+02:00,2026-07-29,,29,NORMAL,
QLYS,Qualys Inc,finviz_prefilter,revenue_growth;eps_growth;eps_next_year,,price_min;market_cap_min;avg_volume_min;revenue_growth;eps_growth;eps_next_year;operating_margin;earnings_window,False,"{'revenue_growth_yoy': 11.92, 'eps_growth_yoy': 15.53, 'eps_next_year': 8.23, 'operating_margin': 35.04}",,Finviz via finvizfinance screener views,2026-08-27T23:30:29+02:00,2026-08-04,,23,NORMAL,
QRVO,Qorvo Inc,finviz_prefilter,revenue_growth;eps_growth;eps_next_year,,price_min;market_cap_min;avg_volume_min;revenue_growth;eps_growth;eps_next_year;operating_margin;earnings_window,False,"{'revenue_growth_yoy': -4.15, 'eps_growth_yoy': 2.5185, 'eps_next_year': 5.04, 'operating_margin': 18.17}",,Finviz via finvizfinance screener views,2026-08-27T23:30:29+02:00,2026-07-28,,30,NORMAL,
QURE,uniQure NV,finviz_prefilter,revenue_growth;eps_growth;operating_margin,,price_min;market_cap_min;avg_volume_min;revenue_growth;eps_growth;eps_next_year;operating_margin;earnings_window,False,"{'revenue_growth_yoy': 11.0, 'eps_growth_yoy': -77.81, 'eps_next_year': 23.77, 'operating_margin': -10.9318}",,Finviz via finvizfinance screener views,2026-08-27T23:30:29+02:00,2026-07-29,,29,NORMAL,
RARE,Ultragenyx Pharmaceutical Inc,finviz_prefilter,eps_growth;operating_margin,,price_min;market_cap_min;avg_volume_min;revenue_growth;eps_growth;eps_next_year;operating_margin;earnings_window,False,"{'revenue_growth_yoy': 28.53, 'eps_growth_yoy': 22.67, 'eps_next_year': 84.68, 'operating_margin': -73.77}",,Finviz via finvizfinance screener views,2026-08-27T23:30:29+02:00,2026-08-04,,23,NORMAL,
RDNT,Radnet Inc,finviz_prefilter,eps_growth;operating_margin,,price_min;market_cap_min;avg_volume_min;revenue_growth;eps_growth;eps_next_year;operating_margin;earnings_window,False,"{'revenue_growth_yoy': 24.990000000000002, 'eps_growth_yoy': -50.05, 'eps_next_year': 72.41, 'operating_margin': 4.63}",,Finviz via finvizfinance screener views,2026-08-27T23:30:29+02:00,2026-08-09,,18,NORMAL,
REG,Regency Centers Corp,finviz_prefilter,revenue_growth;eps_growth;eps_next_year,,price_min;market_cap_min;avg_volume_min;revenue_growth;eps_growth;eps_next_year;operating_margin;earnings_window,False,"{'revenue_growth_yoy': 8.6, 'eps_growth_yoy': 8.67, 'eps_next_year': 3.86, 'operating_margin': 37.269999999999996}",,Finviz via finvizfinance screener views,2026-08-27T23:30:29+02:00,2026-07-29,,29,NORMAL,
REGN,Regeneron Pharmaceuticals Inc,finviz_prefilter,revenue_growth;eps_growth;eps_next_year,,price_min;market_cap_min;avg_volume_min;revenue_growth;eps_growth;eps_next_year;operating_margin;earnings_window,False,"{'revenue_growth_yoy': 16.73, 'eps_growth_yoy': -4.52, 'eps_next_year': 12.24, 'operating_margin': 26.87}",,Finviz via finvizfinance screener views,2026-08-27T23:30:29+02:00,2026-07-30,,28,NORMAL,
RELY,Remitly Global Inc,finviz_prefilter,eps_next_year,,price_min;market_cap_min;avg_volume_min;revenue_growth;eps_growth;eps_next_year;operating_margin;earnings_window,False,"{'revenue_growth_yoy': 20.23, 'eps_growth_yoy': 30.2584, 'eps_next_year': -23.43, 'operating_margin': 10.36}",,Finviz via finvizfinance screener views,2026-08-27T23:30:29+02:00,2026-08-05,,22,NORMAL,"{'failed_gate': 'eps_next_year', 'actual_value': -23.43, 'applicable_threshold': 15.0, 'distance_to_threshold': 38.43, 'distance_to_threshold_pct': 256.2, 'formula': 'minimo: distance = threshold - actual; pct = distance / abs(threshold) * 100'}"
REYN,Reynolds Consumer Products Inc,finviz_prefilter,revenue_growth;eps_growth;eps_next_year,,price_min;market_cap_min;avg_volume_min;revenue_growth;eps_growth;eps_next_year;operating_margin;earnings_window,False,"{'revenue_growth_yoy': 0.64, 'eps_growth_yoy': 21.0, 'eps_next_year': 4.22, 'operating_margin': 14.13}",,Finviz via finvizfinance screener views,2026-08-27T23:30:29+02:00,2026-07-29,,29,NORMAL,
RGEN,Repligen Corp,finviz_prefilter,revenue_growth;eps_growth,,price_min;market_cap_min;avg_volume_min;revenue_growth;eps_growth;eps_next_year;operating_margin;earnings_window,False,"{'revenue_growth_yoy': 11.93, 'eps_growth_yoy': -66.4, 'eps_next_year': 27.28, 'operating_margin': 9.030000000000001}",,Finviz via finvizfinance screener views,2026-08-27T23:30:29+02:00,2026-07-28,,30,NORMAL,
RGTI,Rigetti Computing Inc,finviz_prefilter,revenue_growth;eps_growth;eps_next_year;operating_margin,,price_min;market_cap_min;avg_volume_min;revenue_growth;eps_growth;eps_next_year;operating_margin;earnings_window,False,"{'revenue_growth_yoy': 1.8529, 'eps_growth_yoy': -18.72, 'eps_next_year': -4.35, 'operating_margin': -7.2762}",,Finviz via finvizfinance screener views,2026-08-27T23:30:29+02:00,2026-08-06,,21,NORMAL,
RIOT,Riot Platforms Inc,finviz_prefilter,revenue_growth;eps_growth;operating_margin,,price_min;market_cap_min;avg_volume_min;revenue_growth;eps_growth;eps_next_year;operating_margin;earnings_window,False,"{'revenue_growth_yoy': 13.889999999999999, 'eps_growth_yoy': -2.1777, 'eps_next_year': 55.39, 'operating_margin': -74.16}",,Finviz via finvizfinance screener views,2026-08-27T23:30:29+02:00,2026-08-10,,17,NORMAL,
RIVN,Rivian Automotive Inc,finviz_prefilter,operating_margin,,price_min;market_cap_min;avg_volume_min;revenue_growth;eps_growth;eps_next_year;operating_margin;earnings_window,False,"{'revenue_growth_yoy': 27.24, 'eps_growth_yoy': 34.99, 'eps_next_year': 17.59, 'operating_margin': -60.050000000000004}",,Finviz via finvizfinance screener views,2026-08-27T23:30:29+02:00,2026-07-30,,28,NORMAL,"{'failed_gate': 'operating_margin', 'actual_value': -60.050000000000004, 'applicable_threshold': 8.0, 'distance_to_threshold': 68.05000000000001, 'distance_to_threshold_pct': 850.6250000000001, 'formula': 'minimo: distance = threshold - actual; pct = distance / abs(threshold) * 100'}"
RKLB,Rocket Lab Corp,finviz_prefilter,operating_margin,,price_min;market_cap_min;avg_volume_min;revenue_growth;eps_growth;eps_next_year;operating_margin;earnings_window,False,"{'revenue_growth_yoy': 61.99, 'eps_growth_yoy': 39.33, 'eps_next_year': 84.63, 'operating_margin': -29.060000000000002}",,Finviz via finvizfinance screener views,2026-08-27T23:30:29+02:00,2026-08-10,,17,NORMAL,"{'failed_gate': 'operating_margin', 'actual_value': -29.060000000000002, 'applicable_threshold': 8.0, 'distance_to_threshold': 37.06, 'distance_to_threshold_pct': 463.25, 'formula': 'minimo: distance = threshold - actual; pct = distance / abs(threshold) * 100'}"
RLAY,Relay Therapeutics Inc,finviz_prefilter,revenue_growth;eps_growth;eps_next_year;operating_margin,,price_min;market_cap_min;avg_volume_min;revenue_growth;eps_growth;eps_next_year;operating_margin;earnings_window,False,"{'revenue_growth_yoy': -48.3, 'eps_growth_yoy': -0.44, 'eps_next_year': -83.0, 'operating_margin': -29.9937}",,Finviz via finvizfinance screener views,2026-08-27T23:30:29+02:00,2026-08-06,,21,NORMAL,
RMBS,Rambus Inc,finviz_prefilter,eps_growth,,price_min;market_cap_min;avg_volume_min;revenue_growth;eps_growth;eps_next_year;operating_margin;earnings_window,False,"{'revenue_growth_yoy': 20.43, 'eps_growth_yoy': 15.129999999999999, 'eps_next_year': 23.63, 'operating_margin': 35.949999999999996}",,Finviz via finvizfinance screener views,2026-08-27T23:30:29+02:00,2026-07-27,,31,NORMAL,"{'failed_gate': 'eps_growth', 'actual_value': 15.129999999999999, 'applicable_threshold': 30.0, 'distance_to_threshold': 14.870000000000001, 'distance_to_threshold_pct': 49.56666666666667, 'formula': 'minimo: distance = threshold - actual; pct = distance / abs(threshold) * 100'}"
ROIV,Roivant Sciences Ltd,finviz_prefilter,revenue_growth;eps_growth;eps_next_year;operating_margin,,price_min;market_cap_min;avg_volume_min;revenue_growth;eps_growth;eps_next_year;operating_margin;earnings_window,False,"{'revenue_growth_yoy': -33.550000000000004, 'eps_growth_yoy': 19.77, 'eps_next_year': 6.24, 'operating_margin': -181.4612}",,Finviz via finvizfinance screener views,2026-08-27T23:30:29+02:00,2026-08-06,,21,NORMAL,
ROKU,Roku Inc,finviz_prefilter,eps_growth;operating_margin,,price_min;market_cap_min;avg_volume_min;revenue_growth;eps_growth;eps_next_year;operating_margin;earnings_window,False,"{'revenue_growth_yoy': 21.93, 'eps_growth_yoy': 14.4003, 'eps_next_year': 36.96, 'operating_margin': 5.25}",,Finviz via finvizfinance screener views,2026-08-27T23:30:29+02:00,2026-08-06,,21,NORMAL,
ROP,Roper Technologies Inc,finviz_prefilter,revenue_growth;eps_growth;eps_next_year,,price_min;market_cap_min;avg_volume_min;revenue_growth;eps_growth;eps_next_year;operating_margin;earnings_window,False,"{'revenue_growth_yoy': 8.5, 'eps_growth_yoy': 2.3284, 'eps_next_year': 9.53, 'operating_margin': 27.97}",,Finviz via finvizfinance screener views,2026-08-27T23:30:29+02:00,2026-07-23,,35,NORMAL,
ROST,Ross Stores Inc,finviz_prefilter,revenue_growth;eps_next_year,,price_min;market_cap_min;avg_volume_min;revenue_growth;eps_growth;eps_next_year;operating_margin;earnings_window,False,"{'revenue_growth_yoy': 13.309999999999999, 'eps_growth_yoy': 70.08, 'eps_next_year': 6.49, 'operating_margin': 13.750000000000002}",,Finviz via finvizfinance screener views,2026-08-27T23:30:29+02:00,2026-08-20,,7,PEAD_WINDOW,
RPRX,Royalty Pharma plc,finviz_prefilter,revenue_growth;eps_growth;eps_next_year,,price_min;market_cap_min;avg_volume_min;revenue_growth;eps_growth;eps_next_year;operating_margin;earnings_window,False,"{'revenue_growth_yoy': 16.5, 'eps_growth_yoy': -43.580000000000005, 'eps_next_year': 7.65, 'operating_margin': 62.33}",,Finviz via finvizfinance screener views,2026-08-27T23:30:29+02:00,2026-08-05,,22,NORMAL,
RYTM,Rhythm Pharmaceuticals Inc,finviz_prefilter,eps_growth;operating_margin,,price_min;market_cap_min;avg_volume_min;revenue_growth;eps_growth;eps_next_year;operating_margin;earnings_window,False,"{'revenue_growth_yoy': 46.910000000000004, 'eps_growth_yoy': 2.55, 'eps_next_year': 77.78, 'operating_margin': -83.62}",,Finviz via finvizfinance screener views,2026-08-27T23:30:29+02:00,2026-08-04,,23,NORMAL,
SAIL,Sailpoint Inc,finviz_prefilter,operating_margin,,price_min;market_cap_min;avg_volume_min;revenue_growth;eps_growth;eps_next_year;operating_margin;earnings_window,False,"{'revenue_growth_yoy': 21.55, 'eps_growth_yoy': 65.12, 'eps_next_year': 24.2, 'operating_margin': -17.91}",,Finviz via finvizfinance screener views,2026-08-27T23:30:29+02:00,2026-09-09,13,,NORMAL,"{'failed_gate': 'operating_margin', 'actual_value': -17.91, 'applicable_threshold': 8.0, 'distance_to_threshold': 25.91, 'distance_to_threshold_pct': 323.875, 'formula': 'minimo: distance = threshold - actual; pct = distance / abs(threshold) * 100'}"
SANM,Sanmina Corp,finviz_prefilter,operating_margin,,price_min;market_cap_min;avg_volume_min;revenue_growth;eps_growth;eps_next_year;operating_margin;earnings_window,False,"{'revenue_growth_yoy': 69.67, 'eps_growth_yoy': 68.72, 'eps_next_year': 15.15, 'operating_margin': 5.489999999999999}",,Finviz via finvizfinance screener views,2026-08-27T23:30:29+02:00,2026-07-27,,31,NORMAL,"{'failed_gate': 'operating_margin', 'actual_value': 5.489999999999999, 'applicable_threshold': 8.0, 'distance_to_threshold': 2.5100000000000007, 'distance_to_threshold_pct': 31.375000000000007, 'formula': 'minimo: distance = threshold - actual; pct = distance / abs(threshold) * 100'}"
SBAC,SBA Communications Corp,finviz_prefilter,revenue_growth;eps_growth;eps_next_year,,price_min;market_cap_min;avg_volume_min;revenue_growth;eps_growth;eps_next_year;operating_margin;earnings_window,False,"{'revenue_growth_yoy': 2.33, 'eps_growth_yoy': -10.69, 'eps_next_year': 9.29, 'operating_margin': 53.7}",,Finviz via finvizfinance screener views,2026-08-27T23:30:29+02:00,2026-08-03,,24,NORMAL,
SBCF,Seacoast Banking Corp Of Florida,finviz_prefilter,eps_growth;eps_next_year,,price_min;market_cap_min;avg_volume_min;revenue_growth;eps_growth;eps_next_year;operating_margin;earnings_window,False,"{'revenue_growth_yoy': 30.009999999999998, 'eps_growth_yoy': 9.83, 'eps_next_year': 8.7, 'operating_margin': 24.52}",,Finviz via finvizfinance screener views,2026-08-27T23:30:29+02:00,2026-07-28,,30,NORMAL,
SBLK,Star Bulk Carriers Corp,finviz_prefilter,eps_next_year,,price_min;market_cap_min;avg_volume_min;revenue_growth;eps_growth;eps_next_year;operating_margin;earnings_window,False,"{'revenue_growth_yoy': 44.46, 'eps_growth_yoy': 4329.0, 'eps_next_year': -6.42, 'operating_margin': 27.839999999999996}",,Finviz via finvizfinance screener views,2026-08-27T23:30:29+02:00,2026-08-05,,22,NORMAL,"{'failed_gate': 'eps_next_year', 'actual_value': -6.42, 'applicable_threshold': 15.0, 'distance_to_threshold': 21.42, 'distance_to_threshold_pct': 142.8, 'formula': 'minimo: distance = threshold - actual; pct = distance / abs(threshold) * 100'}"
SBRA,Sabra Healthcare REIT Inc,finviz_prefilter,eps_growth,,price_min;market_cap_min;avg_volume_min;revenue_growth;eps_growth;eps_next_year;operating_margin;earnings_window,False,"{'revenue_growth_yoy': 25.2, 'eps_growth_yoy': -136.73, 'eps_next_year': 40.48, 'operating_margin': 18.8}",,Finviz via finvizfinance screener views,2026-08-27T23:30:29+02:00,2026-08-03,,24,NORMAL,"{'failed_gate': 'eps_growth', 'actual_value': -136.73, 'applicable_threshold': 30.0, 'distance_to_threshold': 166.73, 'distance_to_threshold_pct': 555.7666666666667, 'formula': 'minimo: distance = threshold - actual; pct = distance / abs(threshold) * 100'}"
SBUX,Starbucks Corp,finviz_prefilter,revenue_growth,,price_min;market_cap_min;avg_volume_min;revenue_growth;eps_growth;eps_next_year;operating_margin;earnings_window,False,"{'revenue_growth_yoy': -1.43, 'eps_growth_yoy': 86.59, 'eps_next_year': 20.62, 'operating_margin': 10.01}",,Finviz via finvizfinance screener views,2026-08-27T23:30:29+02:00,2026-07-29,,29,NORMAL,"{'failed_gate': 'revenue_growth', 'actual_value': -1.43, 'applicable_threshold': 20.0, 'distance_to_threshold': 21.43, 'distance_to_threshold_pct': 107.14999999999999, 'formula': 'minimo: distance = threshold - actual; pct = distance / abs(threshold) * 100'}"
SEDG,Solaredge Technologies Inc,finviz_prefilter,revenue_growth;operating_margin,,price_min;market_cap_min;avg_volume_min;revenue_growth;eps_growth;eps_next_year;operating_margin;earnings_window,False,"{'revenue_growth_yoy': 19.63, 'eps_growth_yoy': 76.35, 'eps_next_year': 369.95, 'operating_margin': -9.969999999999999}",,Finviz via finvizfinance screener views,2026-08-27T23:30:29+02:00,2026-08-05,,22,NORMAL,
SFD,Smithfield Foods Inc,finviz_prefilter,revenue_growth;eps_growth;eps_next_year,,price_min;market_cap_min;avg_volume_min;revenue_growth;eps_growth;eps_next_year;operating_margin;earnings_window,False,"{'revenue_growth_yoy': -3.7800000000000002, 'eps_growth_yoy': 25.759999999999998, 'eps_next_year': -135.0, 'operating_margin': 8.559999999999999}",,Finviz via finvizfinance screener views,2026-08-27T23:30:29+02:00,2026-08-11,,16,NORMAL,
SFM,Sprouts Farmers Market Inc,finviz_prefilter,revenue_growth;eps_growth;eps_next_year;operating_margin,,price_min;market_cap_min;avg_volume_min;revenue_growth;eps_growth;eps_next_year;operating_margin;earnings_window,False,"{'revenue_growth_yoy': 4.74, 'eps_growth_yoy': 1.09, 'eps_next_year': 7.41, 'operating_margin': 7.489999999999999}",,Finviz via finvizfinance screener views,2026-08-27T23:30:29+02:00,2026-07-29,,29,NORMAL,
SFNC,Simmons First National Corp,finviz_prefilter,revenue_growth;eps_growth;eps_next_year;operating_margin,,price_min;market_cap_min;avg_volume_min;revenue_growth;eps_growth;eps_next_year;operating_margin;earnings_window,False,"{'revenue_growth_yoy': -0.69, 'eps_growth_yoy': 5.91, 'eps_next_year': 7.77, 'operating_margin': -74.6}",,Finviz via finvizfinance screener views,2026-08-27T23:30:29+02:00,2026-07-16,,42,NORMAL,
SHC,Sotera Health Co,finviz_prefilter,revenue_growth;eps_growth;eps_next_year,,price_min;market_cap_min;avg_volume_min;revenue_growth;eps_growth;eps_next_year;operating_margin;earnings_window,False,"{'revenue_growth_yoy': 9.180000000000001, 'eps_growth_yoy': 5.6738, 'eps_next_year': 9.16, 'operating_margin': 36.9}",,Finviz via finvizfinance screener views,2026-08-27T23:30:29+02:00,2026-08-06,,21,NORMAL,
SHOO,Steven Madden Ltd,finviz_prefilter,revenue_growth;eps_growth,,price_min;market_cap_min;avg_volume_min;revenue_growth;eps_growth;eps_next_year;operating_margin;earnings_window,False,"{'revenue_growth_yoy': 19.12, 'eps_growth_yoy': 1.6898, 'eps_next_year': 26.6, 'operating_margin': 9.030000000000001}",,Finviz via finvizfinance screener views,2026-08-27T23:30:29+02:00,2026-07-30,,28,NORMAL,
SIRI,Sirius XM Holdings Inc,finviz_prefilter,revenue_growth;eps_growth;eps_next_year,,price_min;market_cap_min;avg_volume_min;revenue_growth;eps_growth;eps_next_year;operating_margin;earnings_window,False,"{'revenue_growth_yoy': 1.03, 'eps_growth_yoy': 23.51, 'eps_next_year': 8.98, 'operating_margin': 22.53}",,Finviz via finvizfinance screener views,2026-08-27T23:30:29+02:00,2026-07-30,,28,NORMAL,
SLDE,Slide Insurance Holdings Inc,finviz_prefilter,eps_next_year,,price_min;market_cap_min;avg_volume_min;revenue_growth;eps_growth;eps_next_year;operating_margin;earnings_window,False,"{'revenue_growth_yoy': 47.86, 'eps_growth_yoy': 90.44, 'eps_next_year': -148.0, 'operating_margin': 53.05}",,Finviz via finvizfinance screener views,2026-08-27T23:30:29+02:00,2026-07-28,,30,NORMAL,"{'failed_gate': 'eps_next_year', 'actual_value': -148.0, 'applicable_threshold': 15.0, 'distance_to_threshold': 163.0, 'distance_to_threshold_pct': 1086.6666666666667, 'formula': 'minimo: distance = threshold - actual; pct = distance / abs(threshold) * 100'}"
SLM,SLM Corp,finviz_prefilter,revenue_growth;eps_growth;eps_next_year,,price_min;market_cap_min;avg_volume_min;revenue_growth;eps_growth;eps_next_year;operating_margin;earnings_window,False,"{'revenue_growth_yoy': -2.76, 'eps_growth_yoy': -8.559999999999999, 'eps_next_year': 7.63, 'operating_margin': 42.43}",,Finviz via finvizfinance screener views,2026-08-27T23:30:29+02:00,2026-07-23,,35,NORMAL,
SMCI,Super Micro Computer Inc,finviz_prefilter,eps_growth;operating_margin,,price_min;market_cap_min;avg_volume_min;revenue_growth;eps_growth;eps_next_year;operating_margin;earnings_window,False,"{'revenue_growth_yoy': 93.16, 'eps_growth_yoy': 4.1857, 'eps_next_year': 23.27, 'operating_margin': 7.090000000000001}",,Finviz via finvizfinance screener views,2026-08-27T23:30:29+02:00,2026-08-11,,16,NORMAL,
SMTC,Semtech Corp,finviz_prefilter,eps_growth,,price_min;market_cap_min;avg_volume_min;revenue_growth;eps_growth;eps_next_year;operating_margin;earnings_window,False,"{'revenue_growth_yoy': 32.72, 'eps_growth_yoy': 6.0878, 'eps_next_year': 67.97, 'operating_margin': 12.35}",,Finviz via finvizfinance screener views,2026-08-27T23:30:29+02:00,2026-08-25,,2,PEAD_WINDOW,"{'failed_gate': 'eps_growth', 'actual_value': 6.0878, 'applicable_threshold': 30.0, 'distance_to_threshold': 23.9122, 'distance_to_threshold_pct': 79.70733333333332, 'formula': 'minimo: distance = threshold - actual; pct = distance / abs(threshold) * 100'}"
SNDK,Sandisk Corp,finviz_prefilter,revenue_growth,,price_min;market_cap_min;avg_volume_min;revenue_growth;eps_growth;eps_next_year;operating_margin;earnings_window,False,"{'revenue_growth_yoy': 3.7159, 'eps_growth_yoy': 280.1632, 'eps_next_year': 22.55, 'operating_margin': 61.58}",,Finviz via finvizfinance screener views,2026-08-27T23:30:29+02:00,2026-08-05,,22,NORMAL,"{'failed_gate': 'revenue_growth', 'actual_value': 3.7159, 'applicable_threshold': 20.0, 'distance_to_threshold': 16.2841, 'distance_to_threshold_pct': 81.42049999999999, 'formula': 'minimo: distance = threshold - actual; pct = distance / abs(threshold) * 100'}"
SNEX,StoneX Group Inc,finviz_prefilter,revenue_growth;eps_growth;operating_margin,,price_min;market_cap_min;avg_volume_min;revenue_growth;eps_growth;eps_next_year;operating_margin;earnings_window,False,"{'revenue_growth_yoy': 15.379999999999999, 'eps_growth_yoy': 22.57, 'eps_next_year': 137.0, 'operating_margin': 1.6500000000000001}",,Finviz via finvizfinance screener views,2026-08-27T23:30:29+02:00,2026-08-05,,22,NORMAL,
SOLS,Solstice Advanced Materials Inc,finviz_prefilter,revenue_growth;eps_growth,,price_min;market_cap_min;avg_volume_min;revenue_growth;eps_growth;eps_next_year;operating_margin;earnings_window,False,"{'revenue_growth_yoy': 11.129999999999999, 'eps_growth_yoy': 22.15, 'eps_next_year': 16.11, 'operating_margin': 16.900000000000002}",,Finviz via finvizfinance screener views,2026-08-27T23:30:29+02:00,2026-07-30,,28,NORMAL,
SRPT,Sarepta Therapeutics Inc,finviz_prefilter,revenue_growth;eps_growth;eps_next_year;operating_margin,,price_min;market_cap_min;avg_volume_min;revenue_growth;eps_growth;eps_next_year;operating_margin;earnings_window,False,"{'revenue_growth_yoy': -34.339999999999996, 'eps_growth_yoy': -102.46, 'eps_next_year': -77.07, 'operating_margin': -3.15}",,Finviz via finvizfinance screener views,2026-08-27T23:30:29+02:00,2026-08-05,,22,NORMAL,
SSNC,SS&C Technologies Holdings Inc,finviz_prefilter,revenue_growth;eps_next_year,,price_min;market_cap_min;avg_volume_min;revenue_growth;eps_growth;eps_next_year;operating_margin;earnings_window,False,"{'revenue_growth_yoy': 10.34, 'eps_growth_yoy': 35.33, 'eps_next_year': 9.55, 'operating_margin': 24.36}",,Finviz via finvizfinance screener views,2026-08-27T23:30:29+02:00,2026-07-23,,35,NORMAL,
SSRM,SSR Mining Inc,finviz_prefilter,revenue_growth;eps_growth;eps_next_year,,price_min;market_cap_min;avg_volume_min;revenue_growth;eps_growth;eps_next_year;operating_margin;earnings_window,False,"{'revenue_growth_yoy': 9.46, 'eps_growth_yoy': 11.129999999999999, 'eps_next_year': 13.06, 'operating_margin': 42.3}",,Finviz via finvizfinance screener views,2026-08-27T23:30:29+02:00,2026-08-04,,23,NORMAL,
STEP,StepStone Group Inc,finviz_prefilter,revenue_growth;eps_growth;operating_margin,,price_min;market_cap_min;avg_volume_min;revenue_growth;eps_growth;eps_next_year;operating_margin;earnings_window,False,"{'revenue_growth_yoy': 13.200000000000001, 'eps_growth_yoy': -1.8616, 'eps_next_year': 37.32, 'operating_margin': -53.39}",,Finviz via finvizfinance screener views,2026-08-27T23:30:29+02:00,2026-08-06,,21,NORMAL,
STLD,Steel Dynamics Inc,finviz_prefilter,eps_next_year,,price_min;market_cap_min;avg_volume_min;revenue_growth;eps_growth;eps_next_year;operating_margin;earnings_window,False,"{'revenue_growth_yoy': 33.44, 'eps_growth_yoy': 84.19, 'eps_next_year': 14.98, 'operating_margin': 10.01}",,Finviz via finvizfinance screener views,2026-08-27T23:30:29+02:00,2026-07-20,,38,NORMAL,"{'failed_gate': 'eps_next_year', 'actual_value': 14.98, 'applicable_threshold': 15.0, 'distance_to_threshold': 0.019999999999999574, 'distance_to_threshold_pct': 0.1333333333333305, 'formula': 'minimo: distance = threshold - actual; pct = distance / abs(threshold) * 100'}"
STOK,Stoke Therapeutics Inc,finviz_prefilter,revenue_growth;eps_growth;eps_next_year;operating_margin,,price_min;market_cap_min;avg_volume_min;revenue_growth;eps_growth;eps_next_year;operating_margin;earnings_window,False,"{'revenue_growth_yoy': -32.51, 'eps_growth_yoy': -131.96, 'eps_next_year': 2.2, 'operating_margin': -8.0969}",,Finviz via finvizfinance screener views,2026-08-27T23:30:29+02:00,2026-08-03,,24,NORMAL,
SUPN,Supernus Pharmaceuticals Inc,finviz_prefilter,eps_growth;operating_margin,,price_min;market_cap_min;avg_volume_min;revenue_growth;eps_growth;eps_next_year;operating_margin;earnings_window,False,"{'revenue_growth_yoy': 32.4, 'eps_growth_yoy': -3.5307, 'eps_next_year': 73.88, 'operating_margin': -7.7299999999999995}",,Finviz via finvizfinance screener views,2026-08-27T23:30:29+02:00,2026-08-03,,24,NORMAL,
SWKS,Skyworks Solutions Inc,finviz_prefilter,revenue_growth;eps_growth;eps_next_year,,price_min;market_cap_min;avg_volume_min;revenue_growth;eps_growth;eps_next_year;operating_margin;earnings_window,False,"{'revenue_growth_yoy': -3.1300000000000003, 'eps_growth_yoy': -67.95, 'eps_next_year': -1.57, 'operating_margin': 8.7}",,Finviz via finvizfinance screener views,2026-08-27T23:30:29+02:00,2026-07-28,,30,NORMAL,
SYM,Symbotic Inc,finviz_prefilter,eps_growth;operating_margin,,price_min;market_cap_min;avg_volume_min;revenue_growth;eps_growth;eps_next_year;operating_margin;earnings_window,False,"{'revenue_growth_yoy': 21.740000000000002, 'eps_growth_yoy': 2.6162, 'eps_next_year': 35.77, 'operating_margin': 1.43}",,Finviz via finvizfinance screener views,2026-08-27T23:30:29+02:00,2026-08-05,,22,NORMAL,
SYNA,Synaptics Inc,finviz_prefilter,revenue_growth;eps_growth;operating_margin,,price_min;market_cap_min;avg_volume_min;revenue_growth;eps_growth;eps_next_year;operating_margin;earnings_window,False,"{'revenue_growth_yoy': 8.91, 'eps_growth_yoy': -93.6708, 'eps_next_year': 25.53, 'operating_margin': -2.93}",,Finviz via finvizfinance screener views,2026-08-27T23:30:29+02:00,2026-08-06,,21,NORMAL,
TARS,Tarsus Pharmaceuticals Inc,finviz_prefilter,eps_growth;operating_margin,,price_min;market_cap_min;avg_volume_min;revenue_growth;eps_growth;eps_next_year;operating_margin;earnings_window,False,"{'revenue_growth_yoy': 69.41000000000001, 'eps_growth_yoy': 10.97, 'eps_next_year': 162.34, 'operating_margin': -8.0}",,Finviz via finvizfinance screener views,2026-08-27T23:30:29+02:00,2026-08-06,,21,NORMAL,
TEAM,Atlassian Corp,finviz_prefilter,eps_growth;operating_margin,,price_min;market_cap_min;avg_volume_min;revenue_growth;eps_growth;eps_next_year;operating_margin;earnings_window,False,"{'revenue_growth_yoy': 27.6, 'eps_growth_yoy': 7.0374, 'eps_next_year': 21.63, 'operating_margin': 4.22}",,Finviz via finvizfinance screener views,2026-08-27T23:30:29+02:00,2026-08-06,,21,NORMAL,
TECH,Bio-Techne Corp,finviz_prefilter,revenue_growth;eps_growth;eps_next_year,,price_min;market_cap_min;avg_volume_min;revenue_growth;eps_growth;eps_next_year;operating_margin;earnings_window,False,"{'revenue_growth_yoy': 1.3299999999999998, 'eps_growth_yoy': 4.0446, 'eps_next_year': 13.85, 'operating_margin': 22.42}",,Finviz via finvizfinance screener views,2026-08-27T23:30:29+02:00,2026-08-12,,15,PEAD_WINDOW,
TEM,Tempus AI Inc,finviz_prefilter,operating_margin,,price_min;market_cap_min;avg_volume_min;revenue_growth;eps_growth;eps_next_year;operating_margin;earnings_window,False,"{'revenue_growth_yoy': 21.560000000000002, 'eps_growth_yoy': 112.51, 'eps_next_year': 113.46, 'operating_margin': -18.92}",,Finviz via finvizfinance screener views,2026-08-27T23:30:29+02:00,2026-07-30,,28,NORMAL,"{'failed_gate': 'operating_margin', 'actual_value': -18.92, 'applicable_threshold': 8.0, 'distance_to_threshold': 26.92, 'distance_to_threshold_pct': 336.5, 'formula': 'minimo: distance = threshold - actual; pct = distance / abs(threshold) * 100'}"
TENB,Tenable Holdings Inc,finviz_prefilter,revenue_growth;eps_next_year;operating_margin,,price_min;market_cap_min;avg_volume_min;revenue_growth;eps_growth;eps_next_year;operating_margin;earnings_window,False,"{'revenue_growth_yoy': 8.58, 'eps_growth_yoy': 127.47, 'eps_next_year': 9.93, 'operating_margin': 4.2}",,Finviz via finvizfinance screener views,2026-08-27T23:30:29+02:00,2026-07-29,,29,NORMAL,
TER,Teradyne Inc,finviz_prefilter,eps_growth,,price_min;market_cap_min;avg_volume_min;revenue_growth;eps_growth;eps_next_year;operating_margin;earnings_window,False,"{'revenue_growth_yoy': 103.99000000000001, 'eps_growth_yoy': 3.8531, 'eps_next_year': 27.62, 'operating_margin': 30.880000000000003}",,Finviz via finvizfinance screener views,2026-08-27T23:30:29+02:00,2026-07-28,,30,NORMAL,"{'failed_gate': 'eps_growth', 'actual_value': 3.8531, 'applicable_threshold': 20.0, 'distance_to_threshold': 16.1469, 'distance_to_threshold_pct': 80.7345, 'formula': 'minimo: distance = threshold - actual; pct = distance / abs(threshold) * 100'}"
TFSL,TFS Financial Corp,finviz_prefilter,revenue_growth;eps_next_year,,price_min;market_cap_min;avg_volume_min;revenue_growth;eps_growth;eps_next_year;operating_margin;earnings_window,False,"{'revenue_growth_yoy': 5.8999999999999995, 'eps_growth_yoy': 44.18, 'eps_next_year': 8.33, 'operating_margin': 15.659999999999998}",,Finviz via finvizfinance screener views,2026-08-27T23:30:29+02:00,2026-07-30,,28,NORMAL,
TGTX,TG Therapeutics Inc,finviz_prefilter,eps_growth,,price_min;market_cap_min;avg_volume_min;revenue_growth;eps_growth;eps_next_year;operating_margin;earnings_window,False,"{'revenue_growth_yoy': 70.27, 'eps_growth_yoy': -71.45, 'eps_next_year': 185.24, 'operating_margin': 17.05}",,Finviz via finvizfinance screener views,2026-08-27T23:30:29+02:00,2026-08-03,,24,NORMAL,"{'failed_gate': 'eps_growth', 'actual_value': -71.45, 'applicable_threshold': 20.0, 'distance_to_threshold': 91.45, 'distance_to_threshold_pct': 457.25, 'formula': 'minimo: distance = threshold - actual; pct = distance / abs(threshold) * 100'}"
TIGO,Millicom International Cellular SA,finviz_prefilter,eps_growth,,price_min;market_cap_min;avg_volume_min;revenue_growth;eps_growth;eps_next_year;operating_margin;earnings_window,False,"{'revenue_growth_yoy': 58.81999999999999, 'eps_growth_yoy': -83.91, 'eps_next_year': 47.35, 'operating_margin': 23.01}",,Finviz via finvizfinance screener views,2026-08-27T23:30:29+02:00,2026-08-06,,21,NORMAL,"{'failed_gate': 'eps_growth', 'actual_value': -83.91, 'applicable_threshold': 20.0, 'distance_to_threshold': 103.91, 'distance_to_threshold_pct': 519.55, 'formula': 'minimo: distance = threshold - actual; pct = distance / abs(threshold) * 100'}"
TLN,Talen Energy Corp,finviz_prefilter,revenue_growth;eps_growth,,price_min;market_cap_min;avg_volume_min;revenue_growth;eps_growth;eps_next_year;operating_margin;earnings_window,False,"{'revenue_growth_yoy': 3.2300000000000004, 'eps_growth_yoy': -2.3335, 'eps_next_year': 48.37, 'operating_margin': 31.09}",,Finviz via finvizfinance screener views,2026-08-27T23:30:29+02:00,2026-08-05,,22,NORMAL,
TMDX,Transmedics Group Inc,finviz_prefilter,eps_growth,,price_min;market_cap_min;avg_volume_min;revenue_growth;eps_growth;eps_next_year;operating_margin;earnings_window,False,"{'revenue_growth_yoy': 20.7, 'eps_growth_yoy': -55.84, 'eps_next_year': 53.71, 'operating_margin': 12.21}",,Finviz via finvizfinance screener views,2026-08-27T23:30:29+02:00,2026-08-04,,23,NORMAL,"{'failed_gate': 'eps_growth', 'actual_value': -55.84, 'applicable_threshold': 30.0, 'distance_to_threshold': 85.84, 'distance_to_threshold_pct': 286.1333333333333, 'formula': 'minimo: distance = threshold - actual; pct = distance / abs(threshold) * 100'}"
TMUS,T-Mobile US Inc,finviz_prefilter,revenue_growth;eps_growth,,price_min;market_cap_min;avg_volume_min;revenue_growth;eps_growth;eps_next_year;operating_margin;earnings_window,False,"{'revenue_growth_yoy': 7.85, 'eps_growth_yoy': 5.4, 'eps_next_year': 27.43, 'operating_margin': 21.17}",,Finviz via finvizfinance screener views,2026-08-27T23:30:29+02:00,2026-07-23,,35,NORMAL,
TNGX,Tango Therapeutics Inc,finviz_prefilter,revenue_growth;eps_growth;eps_next_year;operating_margin,,price_min;market_cap_min;avg_volume_min;revenue_growth;eps_growth;eps_next_year;operating_margin;earnings_window,False,"{'revenue_growth_yoy': -100.0, 'eps_growth_yoy': -5.04, 'eps_next_year': -18.0, 'operating_margin': -2.5338}",,Finviz via finvizfinance screener views,2026-08-27T23:30:29+02:00,2026-08-11,,16,NORMAL,
TPG,TPG Inc,finviz_prefilter,eps_growth,,price_min;market_cap_min;avg_volume_min;revenue_growth;eps_growth;eps_next_year;operating_margin;earnings_window,False,"{'revenue_growth_yoy': 99.00999999999999, 'eps_growth_yoy': 8.3283, 'eps_next_year': 26.83, 'operating_margin': 15.36}",,Finviz via finvizfinance screener views,2026-08-27T23:30:29+02:00,2026-08-04,,23,NORMAL,"{'failed_gate': 'eps_growth', 'actual_value': 8.3283, 'applicable_threshold': 20.0, 'distance_to_threshold': 11.6717, 'distance_to_threshold_pct': 58.3585, 'formula': 'minimo: distance = threshold - actual; pct = distance / abs(threshold) * 100'}"
TRI,Thomson-Reuters Corp,finviz_prefilter,revenue_growth;eps_next_year,,price_min;market_cap_min;avg_volume_min;revenue_growth;eps_growth;eps_next_year;operating_margin;earnings_window,False,"{'revenue_growth_yoy': 9.47, 'eps_growth_yoy': 47.38, 'eps_next_year': 14.33, 'operating_margin': 26.85}",,Finviz via finvizfinance screener views,2026-08-27T23:30:29+02:00,2026-08-05,,22,NORMAL,
TRMB,Trimble Inc,finviz_prefilter,revenue_growth;eps_growth;eps_next_year,,price_min;market_cap_min;avg_volume_min;revenue_growth;eps_growth;eps_next_year;operating_margin;earnings_window,False,"{'revenue_growth_yoy': 11.0, 'eps_growth_yoy': -6.4378, 'eps_next_year': 12.37, 'operating_margin': 18.67}",,Finviz via finvizfinance screener views,2026-08-27T23:30:29+02:00,2026-08-12,,15,PEAD_WINDOW,
TROW,T. Rowe Price Group Inc,finviz_prefilter,revenue_growth;eps_growth,,price_min;market_cap_min;avg_volume_min;revenue_growth;eps_growth;eps_next_year;operating_margin;earnings_window,False,"{'revenue_growth_yoy': 10.68, 'eps_growth_yoy': 28.62, 'eps_next_year': 28.000000000000004, 'operating_margin': 36.93}",,Finviz via finvizfinance screener views,2026-08-27T23:30:29+02:00,2026-07-31,,27,NORMAL,
TSCO,Tractor Supply Co,finviz_prefilter,revenue_growth;eps_growth;eps_next_year,,price_min;market_cap_min;avg_volume_min;revenue_growth;eps_growth;eps_next_year;operating_margin;earnings_window,False,"{'revenue_growth_yoy': 2.29, 'eps_growth_yoy': -14.899999999999999, 'eps_next_year': 5.79, 'operating_margin': 8.91}",,Finviz via finvizfinance screener views,2026-08-27T23:30:29+02:00,2026-07-23,,35,NORMAL,
TSLA,Tesla Inc,finviz_prefilter,eps_growth;operating_margin,,price_min;market_cap_min;avg_volume_min;revenue_growth;eps_growth;eps_next_year;operating_margin;earnings_window,False,"{'revenue_growth_yoy': 25.52, 'eps_growth_yoy': -5.5, 'eps_next_year': 33.03, 'operating_margin': 4.61}",,Finviz via finvizfinance screener views,2026-08-27T23:30:29+02:00,2026-07-22,,36,NORMAL,
TTAN,ServiceTitan Inc,finviz_prefilter,operating_margin,,price_min;market_cap_min;avg_volume_min;revenue_growth;eps_growth;eps_next_year;operating_margin;earnings_window,False,"{'revenue_growth_yoy': 24.63, 'eps_growth_yoy': 53.2, 'eps_next_year': 25.18, 'operating_margin': -13.94}",,Finviz via finvizfinance screener views,2026-08-27T23:30:29+02:00,2026-09-08,12,,NORMAL,"{'failed_gate': 'operating_margin', 'actual_value': -13.94, 'applicable_threshold': 8.0, 'distance_to_threshold': 21.939999999999998, 'distance_to_threshold_pct': 274.25, 'formula': 'minimo: distance = threshold - actual; pct = distance / abs(threshold) * 100'}"
TTEK,Tetra Tech Inc,finviz_prefilter,revenue_growth;eps_growth;eps_next_year,,price_min;market_cap_min;avg_volume_min;revenue_growth;eps_growth;eps_next_year;operating_margin;earnings_window,False,"{'revenue_growth_yoy': -4.47, 'eps_growth_yoy': -1.8599999999999999, 'eps_next_year': 10.19, 'operating_margin': 11.73}",,Finviz via finvizfinance screener views,2026-08-27T23:30:29+02:00,2026-07-29,,29,NORMAL,
TTWO,Take-Two Interactive Software Inc,finviz_prefilter,revenue_growth;eps_growth;operating_margin,,price_min;market_cap_min;avg_volume_min;revenue_growth;eps_growth;eps_next_year;operating_margin;earnings_window,False,"{'revenue_growth_yoy': 2.0, 'eps_growth_yoy': -1.7827, 'eps_next_year': 48.84, 'operating_margin': -0.96}",,Finviz via finvizfinance screener views,2026-08-27T23:30:29+02:00,2026-08-07,,20,NORMAL,
TVTX,Travere Therapeutics Inc,finviz_prefilter,eps_growth;operating_margin,,price_min;market_cap_min;avg_volume_min;revenue_growth;eps_growth;eps_next_year;operating_margin;earnings_window,False,"{'revenue_growth_yoy': 48.17, 'eps_growth_yoy': -1.5955, 'eps_next_year': 9888.53, 'operating_margin': -6.84}",,Finviz via finvizfinance screener views,2026-08-27T23:30:29+02:00,2026-08-04,,23,NORMAL,
TW,Tradeweb Markets Inc,finviz_prefilter,revenue_growth;eps_growth;eps_next_year,,price_min;market_cap_min;avg_volume_min;revenue_growth;eps_growth;eps_next_year;operating_margin;earnings_window,False,"{'revenue_growth_yoy': 8.959999999999999, 'eps_growth_yoy': 19.18, 'eps_next_year': 13.59, 'operating_margin': 43.61}",,Finviz via finvizfinance screener views,2026-08-27T23:30:29+02:00,2026-07-30,,28,NORMAL,
TWST,Twist Bioscience Corp,finviz_prefilter,eps_growth;operating_margin,,price_min;market_cap_min;avg_volume_min;revenue_growth;eps_growth;eps_next_year;operating_margin;earnings_window,False,"{'revenue_growth_yoy': 23.24, 'eps_growth_yoy': -2.6848, 'eps_next_year': 35.08, 'operating_margin': -31.91}",,Finviz via finvizfinance screener views,2026-08-27T23:30:29+02:00,2026-08-03,,24,NORMAL,
TXG,10x Genomics Inc,finviz_prefilter,revenue_growth;eps_growth;eps_next_year;operating_margin,,price_min;market_cap_min;avg_volume_min;revenue_growth;eps_growth;eps_next_year;operating_margin;earnings_window,False,"{'revenue_growth_yoy': -12.65, 'eps_growth_yoy': -149.75, 'eps_next_year': 3.63, 'operating_margin': -14.12}",,Finviz via finvizfinance screener views,2026-08-27T23:30:29+02:00,2026-08-06,,21,NORMAL,
TXRH,Texas Roadhouse Inc,finviz_prefilter,revenue_growth;eps_growth,,price_min;market_cap_min;avg_volume_min;revenue_growth;eps_growth;eps_next_year;operating_margin;earnings_window,False,"{'revenue_growth_yoy': 11.110000000000001, 'eps_growth_yoy': -0.72, 'eps_next_year': 18.12, 'operating_margin': 8.24}",,Finviz via finvizfinance screener views,2026-08-27T23:30:29+02:00,2026-08-06,,21,NORMAL,
UAL,United Airlines Holdings Inc,finviz_prefilter,revenue_growth;eps_growth;operating_margin,,price_min;market_cap_min;avg_volume_min;revenue_growth;eps_growth;eps_next_year;operating_margin;earnings_window,False,"{'revenue_growth_yoy': 15.989999999999998, 'eps_growth_yoy': -17.11, 'eps_next_year': 48.06, 'operating_margin': 6.77}",,Finviz via finvizfinance screener views,2026-08-27T23:30:29+02:00,2026-07-15,,43,NORMAL,
UBSI,United Bankshares Inc,finviz_prefilter,revenue_growth;eps_growth;eps_next_year,,price_min;market_cap_min;avg_volume_min;revenue_growth;eps_growth;eps_next_year;operating_margin;earnings_window,False,"{'revenue_growth_yoy': 0.9199999999999999, 'eps_growth_yoy': 12.11, 'eps_next_year': 4.04, 'operating_margin': 35.0}",,Finviz via finvizfinance screener views,2026-08-27T23:30:29+02:00,2026-07-23,,35,NORMAL,
UCTT,Ultra Clean Hldgs Inc,finviz_prefilter,operating_margin,,price_min;market_cap_min;avg_volume_min;revenue_growth;eps_growth;eps_next_year;operating_margin;earnings_window,False,"{'revenue_growth_yoy': 24.310000000000002, 'eps_growth_yoy': 105.25999999999999, 'eps_next_year': 106.91, 'operating_margin': 2.8400000000000003}",,Finviz via finvizfinance screener views,2026-08-27T23:30:29+02:00,2026-08-03,,24,NORMAL,"{'failed_gate': 'operating_margin', 'actual_value': 2.8400000000000003, 'applicable_threshold': 8.0, 'distance_to_threshold': 5.16, 'distance_to_threshold_pct': 64.5, 'formula': 'minimo: distance = threshold - actual; pct = distance / abs(threshold) * 100'}"
UPST,Upstart Holdings Inc,finviz_prefilter,eps_growth;operating_margin,,price_min;market_cap_min;avg_volume_min;revenue_growth;eps_growth;eps_next_year;operating_margin;earnings_window,False,"{'revenue_growth_yoy': 41.75, 'eps_growth_yoy': 1.855, 'eps_next_year': 163.44, 'operating_margin': 3.9899999999999998}",,Finviz via finvizfinance screener views,2026-08-27T23:30:29+02:00,2026-08-04,,23,NORMAL,
URBN,Urban Outfitters Inc,finviz_prefilter,revenue_growth;eps_next_year,,price_min;market_cap_min;avg_volume_min;revenue_growth;eps_growth;eps_next_year;operating_margin;earnings_window,False,"{'revenue_growth_yoy': 10.440000000000001, 'eps_growth_yoy': 76.17, 'eps_next_year': 9.12, 'operating_margin': 11.33}",,Finviz via finvizfinance screener views,2026-08-27T23:30:29+02:00,2026-08-26,,1,PEAD_WINDOW,
URGN,UroGen Pharma Ltd,finviz_prefilter,revenue_growth;operating_margin,,price_min;market_cap_min;avg_volume_min;revenue_growth;eps_growth;eps_next_year;operating_margin;earnings_window,False,"{'revenue_growth_yoy': 1.9922, 'eps_growth_yoy': 72.78, 'eps_next_year': 1223.7, 'operating_margin': -35.32}",,Finviz via finvizfinance screener views,2026-08-27T23:30:29+02:00,2026-08-05,,22,NORMAL,
USAR,USA Rare Earth Inc,finviz_prefilter,operating_margin,revenue_growth;eps_growth,price_min;market_cap_min;avg_volume_min;eps_next_year;operating_margin;earnings_window,False,"{'revenue_growth_yoy': None, 'eps_growth_yoy': 96.87, 'eps_next_year': 83.38, 'operating_margin': -9.4948}",,Finviz via finvizfinance screener views,2026-08-27T23:30:29+02:00,2026-08-10,,17,NORMAL,"{'failed_gate': 'operating_margin', 'actual_value': -9.4948, 'applicable_threshold': 8.0, 'distance_to_threshold': 17.494799999999998, 'distance_to_threshold_pct': 218.68499999999997, 'formula': 'minimo: distance = threshold - actual; pct = distance / abs(threshold) * 100'}"
VCYT,Veracyte Inc,finviz_prefilter,revenue_growth;eps_growth;eps_next_year,,price_min;market_cap_min;avg_volume_min;revenue_growth;eps_growth;eps_next_year;operating_margin;earnings_window,False,"{'revenue_growth_yoy': 15.49, 'eps_growth_yoy': 25.848, 'eps_next_year': 2.14, 'operating_margin': 17.22}",,Finviz via finvizfinance screener views,2026-08-27T23:30:29+02:00,2026-07-30,,28,NORMAL,
VECO,Veeco Instruments Inc,finviz_prefilter,revenue_growth;eps_growth;operating_margin,,price_min;market_cap_min;avg_volume_min;revenue_growth;eps_growth;eps_next_year;operating_margin;earnings_window,False,"{'revenue_growth_yoy': 16.48, 'eps_growth_yoy': -9.8, 'eps_next_year': 111.2, 'operating_margin': 4.26}",,Finviz via finvizfinance screener views,2026-08-27T23:30:29+02:00,2026-08-05,,22,NORMAL,
VIAV,Viavi Solutions Inc,finviz_prefilter,eps_growth,,price_min;market_cap_min;avg_volume_min;revenue_growth;eps_growth;eps_next_year;operating_margin;earnings_window,False,"{'revenue_growth_yoy': 52.53, 'eps_growth_yoy': 2.5597, 'eps_next_year': 18.59, 'operating_margin': 10.97}",,Finviz via finvizfinance screener views,2026-08-27T23:30:29+02:00,2026-08-05,,22,NORMAL,"{'failed_gate': 'eps_growth', 'actual_value': 2.5597, 'applicable_threshold': 20.0, 'distance_to_threshold': 17.4403, 'distance_to_threshold_pct': 87.2015, 'formula': 'minimo: distance = threshold - actual; pct = distance / abs(threshold) * 100'}"
VICR,Vicor Corp,finviz_prefilter,eps_growth,,price_min;market_cap_min;avg_volume_min;revenue_growth;eps_growth;eps_next_year;operating_margin;earnings_window,False,"{'revenue_growth_yoy': 49.25, 'eps_growth_yoy': 14.17, 'eps_next_year': 73.22, 'operating_margin': 18.64}",,Finviz via finvizfinance screener views,2026-08-27T23:30:29+02:00,2026-07-21,,37,NORMAL,"{'failed_gate': 'eps_growth', 'actual_value': 14.17, 'applicable_threshold': 20.0, 'distance_to_threshold': 5.83, 'distance_to_threshold_pct': 29.15, 'formula': 'minimo: distance = threshold - actual; pct = distance / abs(threshold) * 100'}"
VNOM,Viper Energy Inc,finviz_prefilter,eps_growth;eps_next_year,,price_min;market_cap_min;avg_volume_min;revenue_growth;eps_growth;eps_next_year;operating_margin;earnings_window,False,"{'revenue_growth_yoy': 129.26999999999998, 'eps_growth_yoy': 1.5799, 'eps_next_year': -7.45, 'operating_margin': 48.86}",,Finviz via finvizfinance screener views,2026-08-27T23:30:29+02:00,2026-08-03,,24,NORMAL,
VRDN,Viridian Therapeutics Inc,finviz_prefilter,revenue_growth;eps_growth;operating_margin,,price_min;market_cap_min;avg_volume_min;revenue_growth;eps_growth;eps_next_year;operating_margin;earnings_window,False,"{'revenue_growth_yoy': 2.7867, 'eps_growth_yoy': 4.5600000000000005, 'eps_next_year': 34.08, 'operating_margin': -5.6968}",,Finviz via finvizfinance screener views,2026-08-27T23:30:29+02:00,2026-08-06,,21,NORMAL,
VRNS,Varonis Systems Inc,finviz_prefilter,revenue_growth;eps_growth;operating_margin,,price_min;market_cap_min;avg_volume_min;revenue_growth;eps_growth;eps_next_year;operating_margin;earnings_window,False,"{'revenue_growth_yoy': 18.84, 'eps_growth_yoy': -27.529999999999998, 'eps_next_year': 178.96, 'operating_margin': -24.01}",,Finviz via finvizfinance screener views,2026-08-27T23:30:29+02:00,2026-07-28,,30,NORMAL,
VRSK,Verisk Analytics Inc,finviz_prefilter,revenue_growth;eps_growth;eps_next_year,,price_min;market_cap_min;avg_volume_min;revenue_growth;eps_growth;eps_next_year;operating_margin;earnings_window,False,"{'revenue_growth_yoy': 4.36, 'eps_growth_yoy': -3.2099999999999995, 'eps_next_year': 12.67, 'operating_margin': 44.81}",,Finviz via finvizfinance screener views,2026-08-27T23:30:29+02:00,2026-07-29,,29,NORMAL,
VRSN,Verisign Inc,finviz_prefilter,revenue_growth;eps_growth;eps_next_year,,price_min;market_cap_min;avg_volume_min;revenue_growth;eps_growth;eps_next_year;operating_margin;earnings_window,False,"{'revenue_growth_yoy': 6.03, 'eps_growth_yoy': 7.71, 'eps_next_year': 13.27, 'operating_margin': 67.86}",,Finviz via finvizfinance screener views,2026-08-27T23:30:29+02:00,2026-07-23,,35,NORMAL,
VRTX,Vertex Pharmaceuticals Inc,finviz_prefilter,revenue_growth;eps_growth;eps_next_year,,price_min;market_cap_min;avg_volume_min;revenue_growth;eps_growth;eps_next_year;operating_margin;earnings_window,False,"{'revenue_growth_yoy': 11.99, 'eps_growth_yoy': 8.02, 'eps_next_year': 14.26, 'operating_margin': 39.54}",,Finviz via finvizfinance screener views,2026-08-27T23:30:29+02:00,2026-08-03,,24,NORMAL,
VSAT,Viasat Inc,finviz_prefilter,revenue_growth;eps_growth;eps_next_year;operating_margin,,price_min;market_cap_min;avg_volume_min;revenue_growth;eps_growth;eps_next_year;operating_margin;earnings_window,False,"{'revenue_growth_yoy': -1.24, 'eps_growth_yoy': 12.030000000000001, 'eps_next_year': -149.0, 'operating_margin': 2.35}",,Finviz via finvizfinance screener views,2026-08-27T23:30:29+02:00,2026-08-04,,23,NORMAL,
VSNT,Versant Media Group Inc,finviz_prefilter,revenue_growth;eps_growth,,price_min;market_cap_min;avg_volume_min;revenue_growth;eps_growth;eps_next_year;operating_margin;earnings_window,False,"{'revenue_growth_yoy': -3.75, 'eps_growth_yoy': -28.54, 'eps_next_year': 63.27, 'operating_margin': 19.29}",,Finviz via finvizfinance screener views,2026-08-27T23:30:29+02:00,2026-08-06,,21,NORMAL,
VTRS,Viatris Inc,finviz_prefilter,revenue_growth;eps_growth;eps_next_year,,price_min;market_cap_min;avg_volume_min;revenue_growth;eps_growth;eps_next_year;operating_margin;earnings_window,False,"{'revenue_growth_yoy': 5.050000000000001, 'eps_growth_yoy': -25.1795, 'eps_next_year': 7.02, 'operating_margin': 9.69}",,Finviz via finvizfinance screener views,2026-08-27T23:30:29+02:00,2026-08-06,,21,NORMAL,
WAY,Waystar Holding Corp,finviz_prefilter,revenue_growth;eps_growth;eps_next_year,,price_min;market_cap_min;avg_volume_min;revenue_growth;eps_growth;eps_next_year;operating_margin;earnings_window,False,"{'revenue_growth_yoy': 18.11, 'eps_growth_yoy': 18.57, 'eps_next_year': 12.48, 'operating_margin': 25.36}",,Finviz via finvizfinance screener views,2026-08-27T23:30:29+02:00,2026-07-29,,29,NORMAL,
WBD,Warner Bros. Discovery Inc,finviz_prefilter,revenue_growth;eps_growth;operating_margin,,price_min;market_cap_min;avg_volume_min;revenue_growth;eps_growth;eps_next_year;operating_margin;earnings_window,False,"{'revenue_growth_yoy': -11.07, 'eps_growth_yoy': -90.84, 'eps_next_year': 101.21, 'operating_margin': 7.000000000000001}",,Finviz via finvizfinance screener views,2026-08-27T23:30:29+02:00,2026-08-06,,21,NORMAL,
WDAY,Workday Inc,finviz_prefilter,revenue_growth;eps_growth;earnings_window,,price_min;market_cap_min;avg_volume_min;revenue_growth;eps_growth;eps_next_year;operating_margin;earnings_window,False,"{'revenue_growth_yoy': 14.29, 'eps_growth_yoy': 2.4694, 'eps_next_year': 17.27, 'operating_margin': 12.34}",,Finviz via finvizfinance screener views,2026-08-27T23:30:29+02:00,2026-08-27,0,,PRE_EARNINGS_BLACKOUT,
WDC,Western Digital Corp,finviz_prefilter,eps_growth,,price_min;market_cap_min;avg_volume_min;revenue_growth;eps_growth;eps_next_year;operating_margin;earnings_window,False,"{'revenue_growth_yoy': 43.84, 'eps_growth_yoy': 9.8072, 'eps_next_year': 60.1, 'operating_margin': 35.58}",,Finviz via finvizfinance screener views,2026-08-27T23:30:29+02:00,2026-08-05,,22,NORMAL,"{'failed_gate': 'eps_growth', 'actual_value': 9.8072, 'applicable_threshold': 20.0, 'distance_to_threshold': 10.1928, 'distance_to_threshold_pct': 50.964, 'formula': 'minimo: distance = threshold - actual; pct = distance / abs(threshold) * 100'}"
WERN,Werner Enterprises Inc,finviz_prefilter,eps_growth;operating_margin,,price_min;market_cap_min;avg_volume_min;revenue_growth;eps_growth;eps_next_year;operating_margin;earnings_window,False,"{'revenue_growth_yoy': 24.0, 'eps_growth_yoy': -85.41, 'eps_next_year': 90.64, 'operating_margin': 0.7000000000000001}",,Finviz via finvizfinance screener views,2026-08-27T23:30:29+02:00,2026-07-28,,30,NORMAL,
WFRD,Weatherford International plc,finviz_prefilter,revenue_growth;eps_growth,,price_min;market_cap_min;avg_volume_min;revenue_growth;eps_growth;eps_next_year;operating_margin;earnings_window,False,"{'revenue_growth_yoy': -8.219999999999999, 'eps_growth_yoy': -71.24000000000001, 'eps_next_year': 37.89, 'operating_margin': 14.42}",,Finviz via finvizfinance screener views,2026-08-27T23:30:29+02:00,2026-07-21,,37,NORMAL,
WGS,GeneDx Holdings Corp,finviz_prefilter,revenue_growth;eps_growth;operating_margin,,price_min;market_cap_min;avg_volume_min;revenue_growth;eps_growth;eps_next_year;operating_margin;earnings_window,False,"{'revenue_growth_yoy': 11.44, 'eps_growth_yoy': -2.6435, 'eps_next_year': 1068.75, 'operating_margin': -12.49}",,Finviz via finvizfinance screener views,2026-08-27T23:30:29+02:00,2026-08-03,,24,NORMAL,
WING,Wingstop Inc,finviz_prefilter,revenue_growth;eps_growth,,price_min;market_cap_min;avg_volume_min;revenue_growth;eps_growth;eps_next_year;operating_margin;earnings_window,False,"{'revenue_growth_yoy': 6.4399999999999995, 'eps_growth_yoy': 20.11, 'eps_next_year': 20.77, 'operating_margin': 28.77}",,Finviz via finvizfinance screener views,2026-08-27T23:30:29+02:00,2026-07-29,,29,NORMAL,
WIX,Wix.com Ltd,finviz_prefilter,revenue_growth;eps_growth;operating_margin,,price_min;market_cap_min;avg_volume_min;revenue_growth;eps_growth;eps_next_year;operating_margin;earnings_window,False,"{'revenue_growth_yoy': 14.93, 'eps_growth_yoy': -2.8372, 'eps_next_year': 51.76, 'operating_margin': -3.1399999999999997}",,Finviz via finvizfinance screener views,2026-08-27T23:30:29+02:00,2026-08-04,,23,NORMAL,
WMG,Warner Music Group Corp,finviz_prefilter,revenue_growth;eps_growth,,price_min;market_cap_min;avg_volume_min;revenue_growth;eps_growth;eps_next_year;operating_margin;earnings_window,False,"{'revenue_growth_yoy': 10.36, 'eps_growth_yoy': 13.4853, 'eps_next_year': 20.79, 'operating_margin': 18.77}",,Finviz via finvizfinance screener views,2026-08-27T23:30:29+02:00,2026-08-05,,22,NORMAL,
WMT,Walmart Inc,finviz_prefilter,revenue_growth;eps_growth;eps_next_year;operating_margin,,price_min;market_cap_min;avg_volume_min;revenue_growth;eps_growth;eps_next_year;operating_margin;earnings_window,False,"{'revenue_growth_yoy': 5.94, 'eps_growth_yoy': -8.73, 'eps_next_year': 11.62, 'operating_margin': 4.390000000000001}",,Finviz via finvizfinance screener views,2026-08-27T23:30:29+02:00,2026-08-20,,7,PEAD_WINDOW,
WSBC,Wesbanco Inc,finviz_prefilter,revenue_growth;eps_next_year,,price_min;market_cap_min;avg_volume_min;revenue_growth;eps_growth;eps_next_year;operating_margin;earnings_window,False,"{'revenue_growth_yoy': 1.24, 'eps_growth_yoy': 59.650000000000006, 'eps_next_year': 8.05, 'operating_margin': 30.669999999999998}",,Finviz via finvizfinance screener views,2026-08-27T23:30:29+02:00,2026-07-21,,37,NORMAL,
WSC,WillScot Holdings Corp,finviz_prefilter,revenue_growth;eps_growth,,price_min;market_cap_min;avg_volume_min;revenue_growth;eps_growth;eps_next_year;operating_margin;earnings_window,False,"{'revenue_growth_yoy': 3.92, 'eps_growth_yoy': -1.11, 'eps_next_year': 16.28, 'operating_margin': 20.549999999999997}",,Finviz via finvizfinance screener views,2026-08-27T23:30:29+02:00,2026-08-06,,21,NORMAL,
WULF,TeraWulf Inc,finviz_prefilter,revenue_growth;eps_growth;operating_margin,,price_min;market_cap_min;avg_volume_min;revenue_growth;eps_growth;eps_next_year;operating_margin;earnings_window,False,"{'revenue_growth_yoy': -6.02, 'eps_growth_yoy': -39.7368, 'eps_next_year': 92.66, 'operating_margin': -2.2732}",,Finviz via finvizfinance screener views,2026-08-27T23:30:29+02:00,2026-08-05,,22,NORMAL,
WYNN,Wynn Resorts Ltd,finviz_prefilter,revenue_growth;eps_next_year,,price_min;market_cap_min;avg_volume_min;revenue_growth;eps_growth;eps_next_year;operating_margin;earnings_window,False,"{'revenue_growth_yoy': 6.859999999999999, 'eps_growth_yoy': 106.71, 'eps_next_year': 7.78, 'operating_margin': 16.3}",,Finviz via finvizfinance screener views,2026-08-27T23:30:29+02:00,2026-08-04,,23,NORMAL,
XE,X-Energy Inc,finviz_prefilter,eps_next_year,revenue_growth;eps_growth;operating_margin,price_min;market_cap_min;avg_volume_min;eps_next_year;earnings_window,False,"{'revenue_growth_yoy': None, 'eps_growth_yoy': None, 'eps_next_year': 12.94, 'operating_margin': None}",,Finviz via finvizfinance screener views,2026-08-27T23:30:29+02:00,2026-08-13,,14,PEAD_WINDOW,"{'failed_gate': 'eps_next_year', 'actual_value': 12.94, 'applicable_threshold': 15.0, 'distance_to_threshold': 2.0600000000000005, 'distance_to_threshold_pct': 13.733333333333336, 'formula': 'minimo: distance = threshold - actual; pct = distance / abs(threshold) * 100'}"
XEL,Xcel Energy Inc,finviz_prefilter,revenue_growth;eps_growth;eps_next_year,,price_min;market_cap_min;avg_volume_min;revenue_growth;eps_growth;eps_next_year;operating_margin;earnings_window,False,"{'revenue_growth_yoy': -4.9399999999999995, 'eps_growth_yoy': 23.77, 'eps_next_year': 10.57, 'operating_margin': 21.16}",,Finviz via finvizfinance screener views,2026-08-27T23:30:29+02:00,2026-07-30,,28,NORMAL,
XMTR,Xometry Inc,finviz_prefilter,operating_margin,,price_min;market_cap_min;avg_volume_min;revenue_growth;eps_growth;eps_next_year;operating_margin;earnings_window,False,"{'revenue_growth_yoy': 41.05, 'eps_growth_yoy': 81.2, 'eps_next_year': 83.45, 'operating_margin': -3.7600000000000002}",,Finviz via finvizfinance screener views,2026-08-27T23:30:29+02:00,2026-08-04,,23,NORMAL,"{'failed_gate': 'operating_margin', 'actual_value': -3.7600000000000002, 'applicable_threshold': 8.0, 'distance_to_threshold': 11.76, 'distance_to_threshold_pct': 147.0, 'formula': 'minimo: distance = threshold - actual; pct = distance / abs(threshold) * 100'}"
XNCR,Xencor Inc,finviz_prefilter,revenue_growth;eps_next_year;operating_margin,,price_min;market_cap_min;avg_volume_min;revenue_growth;eps_growth;eps_next_year;operating_margin;earnings_window,False,"{'revenue_growth_yoy': 17.46, 'eps_growth_yoy': 30.990000000000002, 'eps_next_year': -7.31, 'operating_margin': -2.0584}",,Finviz via finvizfinance screener views,2026-08-27T23:30:29+02:00,2026-08-05,,22,NORMAL,
XP,XP Inc,finviz_prefilter,eps_growth;eps_next_year,,price_min;market_cap_min;avg_volume_min;revenue_growth;eps_growth;eps_next_year;operating_margin;earnings_window,False,"{'revenue_growth_yoy': 20.82, 'eps_growth_yoy': 21.83, 'eps_next_year': 13.77, 'operating_margin': 31.869999999999997}",,Finviz via finvizfinance screener views,2026-08-27T23:30:29+02:00,2026-08-17,,10,PEAD_WINDOW,
Z,Zillow Group Inc,finviz_prefilter,revenue_growth;eps_growth;operating_margin,,price_min;market_cap_min;avg_volume_min;revenue_growth;eps_growth;eps_next_year;operating_margin;earnings_window,False,"{'revenue_growth_yoy': 17.86, 'eps_growth_yoy': -3.2, 'eps_next_year': 28.88, 'operating_margin': 1.78}",,Finviz via finvizfinance screener views,2026-08-27T23:30:29+02:00,2026-08-05,,22,NORMAL,
ZBIO,Zenas Biopharma Inc,finviz_prefilter,eps_next_year;operating_margin,revenue_growth;eps_growth,price_min;market_cap_min;avg_volume_min;eps_next_year;operating_margin;earnings_window,False,"{'revenue_growth_yoy': None, 'eps_growth_yoy': -41.57, 'eps_next_year': 10.88, 'operating_margin': -273.901}",,Finviz via finvizfinance screener views,2026-08-27T23:30:29+02:00,2026-08-13,,14,PEAD_WINDOW,
ZBRA,Zebra Technologies Corp,finviz_prefilter,revenue_growth;eps_next_year,,price_min;market_cap_min;avg_volume_min;revenue_growth;eps_growth;eps_next_year;operating_margin;earnings_window,False,"{'revenue_growth_yoy': 19.07, 'eps_growth_yoy': 121.66, 'eps_next_year': 5.09, 'operating_margin': 17.16}",,Finviz via finvizfinance screener views,2026-08-27T23:30:29+02:00,2026-08-04,,23,NORMAL,
ZG,Zillow Group Inc,finviz_prefilter,revenue_growth;eps_growth;operating_margin,,price_min;market_cap_min;avg_volume_min;revenue_growth;eps_growth;eps_next_year;operating_margin;earnings_window,False,"{'revenue_growth_yoy': 17.86, 'eps_growth_yoy': -3.2, 'eps_next_year': 29.63, 'operating_margin': 1.78}",,Finviz via finvizfinance screener views,2026-08-27T23:30:29+02:00,2026-08-05,,22,NORMAL,
ZION,Zions Bancorporation N.A,finviz_prefilter,revenue_growth;eps_next_year,,price_min;market_cap_min;avg_volume_min;revenue_growth;eps_growth;eps_next_year;operating_margin;earnings_window,False,"{'revenue_growth_yoy': 19.1, 'eps_growth_yoy': 86.9, 'eps_next_year': -14.23, 'operating_margin': 29.060000000000002}",,Finviz via finvizfinance screener views,2026-08-27T23:30:29+02:00,2026-07-20,,38,NORMAL,
ZM,Zoom Communications Inc,finviz_prefilter,revenue_growth;eps_growth;eps_next_year,,price_min;market_cap_min;avg_volume_min;revenue_growth;eps_growth;eps_next_year;operating_margin;earnings_window,False,"{'revenue_growth_yoy': 4.93, 'eps_growth_yoy': 3.4231, 'eps_next_year': 3.71, 'operating_margin': 24.169999999999998}",,Finviz via finvizfinance screener views,2026-08-27T23:30:29+02:00,2026-08-25,,2,PEAD_WINDOW,
ZS,Zscaler Inc,finviz_prefilter,eps_growth;eps_next_year;operating_margin;earnings_window,,price_min;market_cap_min;avg_volume_min;revenue_growth;eps_growth;eps_next_year;operating_margin;earnings_window,False,"{'revenue_growth_yoy': 25.430000000000003, 'eps_growth_yoy': -2.2481, 'eps_next_year': 11.14, 'operating_margin': -4.47}",,Finviz via finvizfinance screener views,2026-08-27T23:30:29+02:00,2026-09-03,7,,PRE_EARNINGS_BLACKOUT,
AEIS,Advanced Energy Industries Inc,tradingview_gates,price_above_sma50;sma50_above_sma150;ema21_above_ema50;within_25pct_52w_high;rsi14,,price_min;market_cap_min;avg_volume_min;price_above_sma50;sma50_above_sma150;sma150_above_sma200;ema21_above_ema50;within_25pct_52w_high;rsi14;atr_pct;rvol20_data_available;performance_21d;distance_resistance_hard;no_extended_move_10d;revenue_growth;eps_growth;eps_next_year;operating_margin;earnings_window;market_regime_allows_new_entries,True,"{'price': 287.09, 'price_tv': 287.09, 'price_finviz': 287.09, 'sma50': 314.9867, 'sma150': 323.24083333333334, 'sma200': 297.18107499999996, 'ema21': 301.726514116401, 'ema50': 310.8584451428572, 'rsi14': 44.08186794824894, 'atr14': 19.008883398598194, 'atr_pct': 6.621227976801071, 'rvol20': 0.7879710349251714, 'performance_21d_pct': 13.705764698892997, 'distance_52w_high_pct': 27.76519726247988, 'distance_resistance_pct': 35.772754188582, 'move_10d_pct': -12.881592522910735, 'structural_trend_pass': False}",pattern;previous_revenue_growth_yoy;shares_change_6m_pct,TradingView MCP + Finviz via finvizfinance screener views,2026-08-27T23:31:04+02:00,2026-08-03,,24,NORMAL,
AMAT,Applied Materials Inc,tradingview_gates,price_above_sma50;ema21_above_ema50;within_25pct_52w_high;rsi14,,price_min;market_cap_min;avg_volume_min;price_above_sma50;sma50_above_sma150;sma150_above_sma200;ema21_above_ema50;within_25pct_52w_high;rsi14;atr_pct;rvol20_data_available;performance_21d;distance_resistance_hard;no_extended_move_10d;revenue_growth;eps_growth;eps_next_year;operating_margin;earnings_window;market_regime_allows_new_entries,True,"{'price': 482.36, 'price_tv': 482.36, 'price_finviz': 482.36, 'sma50': 553.7597999999999, 'sma150': 445.5254, 'sma200': 400.4701, 'ema21': 509.2437372612959, 'ema50': 518.2392758095464, 'rsi14': 41.6724228388809, 'atr14': 27.719526519891506, 'atr_pct': 5.746647010509061, 'rvol20': 0.8276545831144887, 'performance_21d_pct': 10.518959789208381, 'distance_52w_high_pct': 34.78713480335825, 'distance_resistance_pct': 53.34397545401773, 'move_10d_pct': -9.761664234669054, 'structural_trend_pass': False}",pattern;previous_revenue_growth_yoy;shares_change_6m_pct,TradingView MCP + Finviz via finvizfinance screener views,2026-08-27T23:31:18+02:00,2026-08-13,,14,PEAD_WINDOW,
AMLX,Amylyx Pharmaceuticals Inc,tradingview_gates,rsi14;performance_21d;no_extended_move_10d,revenue_growth;eps_growth;operating_margin,price_min;market_cap_min;avg_volume_min;price_above_sma50;sma50_above_sma150;sma150_above_sma200;ema21_above_ema50;within_25pct_52w_high;rsi14;atr_pct;rvol20_data_available;performance_21d;distance_resistance_hard;no_extended_move_10d;eps_next_year;earnings_window;market_regime_allows_new_entries,True,"{'price': 37.18, 'price_tv': 37.18, 'price_finviz': 37.18, 'sma50': 22.0896, 'sma150': 17.213866666666664, 'sma200': 16.22565, 'ema21': 29.923252886976847, 'ema50': 24.15870600598356, 'rsi14': 76.19588226923511, 'atr14': 2.2834769574998366, 'atr_pct': 6.141680896987188, 'rvol20': 0.4976254388551397, 'performance_21d_pct': 88.44399391789153, 'distance_52w_high_pct': 9.625668449197864, 'distance_resistance_pct': 10.6508875739645, 'move_10d_pct': 65.39145907473309, 'structural_trend_pass': True}",gross_margin;operating_margin;pattern;previous_revenue_growth_yoy;revenue_growth_yoy;shares_change_6m_pct,TradingView MCP + Finviz via finvizfinance screener views,2026-08-27T23:31:32+02:00,2026-08-06,,21,NORMAL,
APP,Applovin Corp,tradingview_gates,price_above_sma50;sma50_above_sma150;sma150_above_sma200;ema21_above_ema50;within_25pct_52w_high;rsi14;performance_21d,,price_min;market_cap_min;avg_volume_min;price_above_sma50;sma50_above_sma150;sma150_above_sma200;ema21_above_ema50;within_25pct_52w_high;rsi14;atr_pct;rvol20_data_available;performance_21d;distance_resistance_hard;no_extended_move_10d;revenue_growth;eps_growth;eps_next_year;operating_margin;earnings_window;market_regime_allows_new_entries,True,"{'price': 312.63, 'price_tv': 312.63, 'price_finviz': 312.63, 'sma50': 411.6218, 'sma150': 447.95373333333333, 'sma200': 493.98917500000005, 'ema21': 337.9869780976355, 'ema50': 390.18753298495824, 'rsi14': 35.28408256216778, 'atr14': 17.81847306930771, 'atr_pct': 5.69954037338314, 'rvol20': 0.5636738624091138, 'performance_21d_pct': -21.73684474039954, 'distance_52w_high_pct': 58.0705730878073, 'distance_resistance_pct': 97.3578991139686, 'move_10d_pct': -0.012793040585923343, 'structural_trend_pass': False}",pattern;previous_revenue_growth_yoy;shares_change_6m_pct,TradingView MCP + Finviz via finvizfinance screener views,2026-08-27T23:31:46+02:00,2026-08-05,,22,NORMAL,
ARXS,Arxis Inc,tradingview_gates,,price_above_sma50;sma50_above_sma150;sma150_above_sma200;ema21_above_ema50;within_25pct_52w_high;rsi14;atr_pct;rvol20_data_available;performance_21d;distance_resistance_hard;no_extended_move_10d;revenue_growth;eps_growth;operating_margin,price_min;market_cap_min;avg_volume_min;eps_next_year;earnings_window;market_regime_allows_new_entries,False,"{'price': None, 'price_tv': None, 'price_finviz': 54.01, 'sma50': None, 'sma150': None, 'sma200': None, 'ema21': None, 'ema50': None, 'rsi14': None, 'atr14': None, 'atr_pct': None, 'rvol20': None, 'performance_21d_pct': None, 'distance_52w_high_pct': None, 'distance_resistance_pct': None, 'move_10d_pct': None, 'structural_trend_pass': False}",atr14;atr_pct;distance_52w_high_pct;distance_resistance_pct;ema21;ema50;eps_growth_yoy;gross_margin;move_10d_pct;operating_margin;pattern;performance_21d_pct;previous_revenue_growth_yoy;price;price_tv;resistance;revenue_growth_yoy;rsi14;rvol20;shares_change_6m_pct;sma150;sma200;sma50;week52_high,TradingView MCP + Finviz via finvizfinance screener views,2026-08-27T23:31:53+02:00,2026-07-29,,29,NORMAL,
ASML,ASML Holding NV,tradingview_gates,price_above_sma50;rsi14,,price_min;market_cap_min;avg_volume_min;price_above_sma50;sma50_above_sma150;sma150_above_sma200;ema21_above_ema50;within_25pct_52w_high;rsi14;atr_pct;rvol20_data_available;performance_21d;distance_resistance_hard;no_extended_move_10d;revenue_growth;eps_growth;eps_next_year;operating_margin;earnings_window;market_regime_allows_new_entries,True,"{'price': 1735.01, 'price_tv': 1735.01, 'price_finviz': 1735.01, 'sma50': 1771.6445999999999, 'sma150': 1574.4488000000001, 'sma200': 1460.755375, 'ema21': 1756.2275018571102, 'ema50': 1736.4117670989058, 'rsi14': 47.57188527834173, 'atr14': 58.38987499075744, 'atr_pct': 3.365391265223684, 'rvol20': 0.8153801308113322, 'performance_21d_pct': 11.886321572977177, 'distance_52w_high_pct': 13.247764955299107, 'distance_resistance_pct': 15.270805355588731, 'move_10d_pct': -6.109096812598091, 'structural_trend_pass': False}",pattern;previous_revenue_growth_yoy;shares_change_6m_pct,TradingView MCP + Finviz via finvizfinance screener views,2026-08-27T23:32:07+02:00,2026-07-15,,43,NORMAL,
BLLN,Billiontoone Inc,tradingview_gates,price_above_sma50;sma150_above_sma200;ema21_above_ema50;within_25pct_52w_high;rsi14;performance_21d,,price_min;market_cap_min;avg_volume_min;price_above_sma50;sma50_above_sma150;sma150_above_sma200;ema21_above_ema50;within_25pct_52w_high;rsi14;atr_pct;rvol20_data_available;performance_21d;distance_resistance_hard;no_extended_move_10d;revenue_growth;eps_growth;eps_next_year;operating_margin;earnings_window;market_regime_allows_new_entries,True,"{'price': 95.15, 'price_tv': 95.15, 'price_finviz': 95.15, 'sma50': 114.9263, 'sma150': 94.24203333333334, 'sma200': 95.28557500000001, 'ema21': 103.04364316167569, 'ema50': 107.45959622176686, 'rsi14': 40.59699331939051, 'atr14': 7.063466713523525, 'atr_pct': 7.42350679298321, 'rvol20': 0.7962371695766465, 'performance_21d_pct': -28.199517054029577, 'distance_52w_high_pct': 36.75219356554108, 'distance_resistance_pct': 58.108250131371506, 'move_10d_pct': 1.1803487877498853, 'structural_trend_pass': False}",pattern;previous_revenue_growth_yoy;shares_change_6m_pct,TradingView MCP + Finviz via finvizfinance screener views,2026-08-27T23:32:12+02:00,2026-08-05,,22,NORMAL,
BSP,Bending Spoons S.p.A,tradingview_gates,,price_above_sma50;sma50_above_sma150;sma150_above_sma200;ema21_above_ema50;within_25pct_52w_high;rsi14;atr_pct;rvol20_data_available;performance_21d;distance_resistance_hard;no_extended_move_10d;revenue_growth;eps_growth;operating_margin,price_min;market_cap_min;avg_volume_min;eps_next_year;earnings_window;market_regime_allows_new_entries,False,"{'price': None, 'price_tv': None, 'price_finviz': 46.15, 'sma50': None, 'sma150': None, 'sma200': None, 'ema21': None, 'ema50': None, 'rsi14': None, 'atr14': None, 'atr_pct': None, 'rvol20': None, 'performance_21d_pct': None, 'distance_52w_high_pct': None, 'distance_resistance_pct': None, 'move_10d_pct': None, 'structural_trend_pass': False}",atr14;atr_pct;distance_52w_high_pct;distance_resistance_pct;ema21;ema50;eps_growth_yoy;gross_margin;move_10d_pct;operating_margin;pattern;performance_21d_pct;previous_revenue_growth_yoy;price;price_tv;resistance;revenue_growth_yoy;rsi14;rvol20;shares_change_6m_pct;sma150;sma200;sma50;week52_high,TradingView MCP + Finviz via finvizfinance screener views,2026-08-27T23:32:27+02:00,2026-08-13,,14,PEAD_WINDOW,
CAI,Caris Life Sciences Inc,tradingview_gates,sma150_above_sma200;within_25pct_52w_high;performance_21d,,price_min;market_cap_min;avg_volume_min;price_above_sma50;sma50_above_sma150;sma150_above_sma200;ema21_above_ema50;within_25pct_52w_high;rsi14;atr_pct;rvol20_data_available;performance_21d;distance_resistance_hard;no_extended_move_10d;revenue_growth;eps_growth;eps_next_year;operating_margin;earnings_window;market_regime_allows_new_entries,True,"{'price': 26.38, 'price_tv': 26.38, 'price_finviz': 26.38, 'sma50': 19.1206, 'sma150': 19.06266666666667, 'sma200': 20.925075000000003, 'ema21': 22.729775985001268, 'ema50': 20.26903651860897, 'rsi14': 69.75837656702728, 'atr14': 1.3784918558245234, 'atr_pct': 5.2255187862946295, 'rvol20': 1.9805867827410835, 'performance_21d_pct': 69.21103271327773, 'distance_52w_high_pct': 32.67746175145785, 'distance_resistance_pct': 7.354056103108421, 'move_10d_pct': 18.935978358881876, 'structural_trend_pass': False}",pattern;previous_revenue_growth_yoy;shares_change_6m_pct,TradingView MCP + Finviz via finvizfinance screener views,2026-08-27T23:32:41+02:00,2026-08-05,,22,NORMAL,
CDNS,Cadence Design Systems Inc,tradingview_gates,price_above_sma50;ema21_above_ema50,,price_min;market_cap_min;avg_volume_min;price_above_sma50;sma50_above_sma150;sma150_above_sma200;ema21_above_ema50;within_25pct_52w_high;rsi14;atr_pct;rvol20_data_available;performance_21d;distance_resistance_hard;no_extended_move_10d;revenue_growth;eps_growth;eps_next_year;operating_margin;earnings_window;market_regime_allows_new_entries,True,"{'price': 347.55, 'price_tv': 347.55, 'price_finviz': 347.55, 'sma50': 349.4278, 'sma150': 330.36173333333335, 'sma200': 327.1735, 'ema21': 331.31964074217944, 'ema50': 341.18404250518336, 'rsi14': 59.23948469346008, 'atr14': 11.789711130190156, 'atr_pct': 3.3922345360926935, 'rvol20': 1.3110528768354726, 'performance_21d_pct': 4.444644789037144, 'distance_52w_high_pct': 16.592670810434612, 'distance_resistance_pct': 19.8935404977701, 'move_10d_pct': 7.344720017296247, 'structural_trend_pass': False}",pattern;previous_revenue_growth_yoy;shares_change_6m_pct,TradingView MCP + Finviz via finvizfinance screener views,2026-08-27T23:32:55+02:00,2026-07-27,,31,NORMAL,
DLO,DLocal Limited,tradingview_gates,sma150_above_sma200,,price_min;market_cap_min;avg_volume_min;price_above_sma50;sma50_above_sma150;sma150_above_sma200;ema21_above_ema50;within_25pct_52w_high;rsi14;atr_pct;rvol20_data_available;performance_21d;distance_resistance_hard;no_extended_move_10d;revenue_growth;eps_growth;eps_next_year;operating_margin;earnings_window;market_regime_allows_new_entries,True,"{'price': 15.14, 'price_tv': 15.14, 'price_finviz': 15.14, 'sma50': 14.333599999999999, 'sma150': 13.229366666666666, 'sma200': 13.384974999999999, 'ema21': 14.718516826958409, 'ema50': 14.285399719447486, 'rsi14': 56.52928059947413, 'atr14': 0.5670216936468847, 'atr_pct': 3.7451895221062395, 'rvol20': 0.722947004847087, 'performance_21d_pct': 3.7697052775873985, 'distance_52w_high_pct': 9.773539928486295, 'distance_resistance_pct': 4.0951122853368505, 'move_10d_pct': 2.57452574525745, 'structural_trend_pass': False}",pattern;previous_revenue_growth_yoy;shares_change_6m_pct,TradingView MCP + Finviz via finvizfinance screener views,2026-08-27T23:33:09+02:00,2026-08-13,,14,PEAD_WINDOW,
FRVO,Fervo Energy Co,tradingview_gates,,price_above_sma50;sma50_above_sma150;sma150_above_sma200;ema21_above_ema50;within_25pct_52w_high;rsi14;atr_pct;rvol20_data_available;performance_21d;distance_resistance_hard;no_extended_move_10d;revenue_growth;eps_growth;operating_margin,price_min;market_cap_min;avg_volume_min;eps_next_year;earnings_window;market_regime_allows_new_entries,False,"{'price': None, 'price_tv': None, 'price_finviz': 15.96, 'sma50': None, 'sma150': None, 'sma200': None, 'ema21': None, 'ema50': None, 'rsi14': None, 'atr14': None, 'atr_pct': None, 'rvol20': None, 'performance_21d_pct': None, 'distance_52w_high_pct': None, 'distance_resistance_pct': None, 'move_10d_pct': None, 'structural_trend_pass': False}",atr14;atr_pct;distance_52w_high_pct;distance_resistance_pct;ema21;ema50;eps_growth_yoy;gross_margin;move_10d_pct;operating_margin;pattern;performance_21d_pct;previous_revenue_growth_yoy;price;price_tv;resistance;revenue_growth_yoy;rsi14;rvol20;shares_change_6m_pct;sma150;sma200;sma50;week52_high,TradingView MCP + Finviz via finvizfinance screener views,2026-08-27T23:33:15+02:00,2026-08-12,,15,PEAD_WINDOW,
HALO,Halozyme Therapeutics Inc,tradingview_gates,atr_pct;distance_resistance_hard,,price_min;market_cap_min;avg_volume_min;price_above_sma50;sma50_above_sma150;sma150_above_sma200;ema21_above_ema50;within_25pct_52w_high;rsi14;atr_pct;rvol20_data_available;performance_21d;distance_resistance_hard;no_extended_move_10d;revenue_growth;eps_growth;eps_next_year;operating_margin;earnings_window;market_regime_allows_new_entries,True,"{'price': 106.92, 'price_tv': 106.92, 'price_finviz': 106.92, 'sma50': 86.053, 'sma150': 74.4842, 'sma200': 73.06285, 'ema21': 99.74028729034373, 'ema50': 89.59303652781738, 'rsi14': 71.99560850622967, 'atr14': 2.924051664785199, 'atr_pct': 2.73480327795099, 'rvol20': 0.56630545478087, 'performance_21d_pct': 28.38616714697406, 'distance_52w_high_pct': 2.498632135692135, 'distance_resistance_pct': 2.56266367377478, 'move_10d_pct': 6.208403695241871, 'structural_trend_pass': True}",pattern;previous_revenue_growth_yoy;shares_change_6m_pct,TradingView MCP + Finviz via finvizfinance screener views,2026-08-27T23:33:29+02:00,2026-08-06,,21,NORMAL,
HAPN,Happen Inc,tradingview_gates,price_above_sma50;sma150_above_sma200;rsi14;performance_21d,,price_min;market_cap_min;avg_volume_min;price_above_sma50;sma50_above_sma150;sma150_above_sma200;ema21_above_ema50;within_25pct_52w_high;rsi14;atr_pct;rvol20_data_available;performance_21d;distance_resistance_hard;no_extended_move_10d;revenue_growth;eps_growth;eps_next_year;operating_margin;earnings_window;market_regime_allows_new_entries,True,"{'price': 18.445, 'price_tv': 18.445, 'price_finviz': 18.44, 'sma50': 19.3077, 'sma150': 17.222299999999997, 'sma200': 17.660275, 'ema21': 18.857324136846927, 'ema50': 18.807053983727386, 'rsi14': 44.275477594281284, 'atr14': 0.6028505963913106, 'atr_pct': 3.2683686440298754, 'rvol20': 0.6329728586263926, 'performance_21d_pct': -0.4587155963302836, 'distance_52w_high_pct': 14.882325796031385, 'distance_resistance_pct': 15.212794795337494, 'move_10d_pct': -6.132315521628495, 'structural_trend_pass': False}",pattern;previous_revenue_growth_yoy;shares_change_6m_pct,TradingView MCP + Finviz via finvizfinance screener views,2026-08-27T23:33:34+02:00,2026-07-27,,31,NORMAL,
HONA,Honeywell Aerospace Inc,tradingview_gates,,price_above_sma50;sma50_above_sma150;sma150_above_sma200;ema21_above_ema50;within_25pct_52w_high;rsi14;atr_pct;rvol20_data_available;performance_21d;distance_resistance_hard;no_extended_move_10d;revenue_growth;eps_growth;operating_margin,price_min;market_cap_min;avg_volume_min;eps_next_year;earnings_window;market_regime_allows_new_entries,False,"{'price': None, 'price_tv': None, 'price_finviz': 160.75, 'sma50': None, 'sma150': None, 'sma200': None, 'ema21': None, 'ema50': None, 'rsi14': None, 'atr14': None, 'atr_pct': None, 'rvol20': None, 'performance_21d_pct': None, 'distance_52w_high_pct': None, 'distance_resistance_pct': None, 'move_10d_pct': None, 'structural_trend_pass': False}",atr14;atr_pct;distance_52w_high_pct;distance_resistance_pct;ema21;ema50;eps_growth_yoy;gross_margin;move_10d_pct;operating_margin;pattern;performance_21d_pct;previous_revenue_growth_yoy;price;price_tv;resistance;revenue_growth_yoy;rsi14;rvol20;shares_change_6m_pct;sma150;sma200;sma50;week52_high,TradingView MCP + Finviz via finvizfinance screener views,2026-08-27T23:33:48+02:00,2026-08-05,,22,NORMAL,
HOOD,Robinhood Markets Inc,tradingview_gates,sma150_above_sma200;within_25pct_52w_high,,price_min;market_cap_min;avg_volume_min;price_above_sma50;sma50_above_sma150;sma150_above_sma200;ema21_above_ema50;within_25pct_52w_high;rsi14;atr_pct;rvol20_data_available;performance_21d;distance_resistance_hard;no_extended_move_10d;revenue_growth;eps_growth;eps_next_year;operating_margin;earnings_window;market_regime_allows_new_entries,True,"{'price': 109.76, 'price_tv': 109.76, 'price_finviz': 109.76, 'sma50': 101.3848, 'sma150': 87.32469999999999, 'sma200': 95.56807500000001, 'ema21': 100.52438520214959, 'ema50': 97.93465572826551, 'rsi14': 60.32082685808929, 'atr14': 6.068445264386354, 'atr_pct': 5.528831326882611, 'rvol20': 0.7001629590730772, 'performance_21d_pct': 22.17275155832592, 'distance_52w_high_pct': 28.662374016881593, 'distance_resistance_pct': 9.374999999999991, 'move_10d_pct': 10.455871993559418, 'structural_trend_pass': False}",pattern;previous_revenue_growth_yoy;shares_change_6m_pct,TradingView MCP + Finviz via finvizfinance screener views,2026-08-27T23:34:02+02:00,2026-07-29,,29,NORMAL,
HYMC,Hycroft Mining Holding Corp,tradingview_gates,sma50_above_sma150;ema21_above_ema50;within_25pct_52w_high;rsi14;performance_21d,revenue_growth;eps_growth;operating_margin,price_min;market_cap_min;avg_volume_min;price_above_sma50;sma50_above_sma150;sma150_above_sma200;ema21_above_ema50;within_25pct_52w_high;rsi14;atr_pct;rvol20_data_available;performance_21d;distance_resistance_hard;no_extended_move_10d;eps_next_year;earnings_window;market_regime_allows_new_entries,True,"{'price': 25.96, 'price_tv': 25.96, 'price_finviz': 25.96, 'sma50': 23.2033, 'sma150': 32.88523333333333, 'sma200': 29.477625, 'ema21': 25.199127403322763, 'ema50': 25.29217943672601, 'rsi14': 53.58960172894718, 'atr14': 1.8936291212149812, 'atr_pct': 7.29441109867096, 'rvol20': 0.9338546859260487, 'performance_21d_pct': 35.490605427974955, 'distance_52w_high_pct': 55.79764310853585, 'distance_resistance_pct': 33.66718027734977, 'move_10d_pct': -2.2958223560406443, 'structural_trend_pass': False}",gross_margin;operating_margin;pattern;previous_revenue_growth_yoy;revenue_growth_yoy;shares_change_6m_pct,TradingView MCP + Finviz via finvizfinance screener views,2026-08-27T23:34:08+02:00,2026-07-28,,30,NORMAL,
IBKR,Interactive Brokers Group Inc,tradingview_gates,distance_resistance_hard,,price_min;market_cap_min;avg_volume_min;price_above_sma50;sma50_above_sma150;sma150_above_sma200;ema21_above_ema50;within_25pct_52w_high;rsi14;atr_pct;rvol20_data_available;performance_21d;distance_resistance_hard;no_extended_move_10d;revenue_growth;eps_growth;eps_next_year;operating_margin;earnings_window;market_regime_allows_new_entries,True,"{'price': 96.55, 'price_tv': 96.55, 'price_finviz': 96.55, 'sma50': 92.1874, 'sma150': 81.8874, 'sma200': 78.162025, 'ema21': 92.65955560383952, 'ema50': 90.88095330063157, 'rsi14': 59.05517962590533, 'atr14': 3.206751898020341, 'atr_pct': 3.3213380611293015, 'rvol20': 1.1622478903584894, 'performance_21d_pct': 11.92905170415024, 'distance_52w_high_pct': 2.2278481012658258, 'distance_resistance_pct': 2.27861211807354, 'move_10d_pct': 5.611463574710118, 'structural_trend_pass': True}",pattern;previous_revenue_growth_yoy;shares_change_6m_pct,TradingView MCP + Finviz via finvizfinance screener views,2026-08-27T23:34:22+02:00,2026-07-21,,37,NORMAL,
INCY,Incyte Corp,tradingview_gates,atr_pct,,price_min;market_cap_min;avg_volume_min;price_above_sma50;sma50_above_sma150;sma150_above_sma200;ema21_above_ema50;within_25pct_52w_high;rsi14;atr_pct;rvol20_data_available;performance_21d;distance_resistance_hard;no_extended_move_10d;revenue_growth;eps_growth;eps_next_year;operating_margin;earnings_window;market_regime_allows_new_entries,True,"{'price': 127.74, 'price_tv': 127.74, 'price_finviz': 127.74, 'sma50': 118.10860000000001, 'sma150': 104.70166666666667, 'sma200': 104.11995, 'ema21': 123.99973067208992, 'ema50': 118.28340382426926, 'rsi14': 62.39596314257835, 'atr14': 3.4044237985883967, 'atr_pct': 2.6651196168689504, 'rvol20': 0.4840011136486151, 'performance_21d_pct': 0.5035405192761688, 'distance_52w_high_pct': 3.6651583710407234, 'distance_resistance_pct': 3.80460310004697, 'move_10d_pct': 5.990706936608037, 'structural_trend_pass': True}",pattern;previous_revenue_growth_yoy;shares_change_6m_pct,TradingView MCP + Finviz via finvizfinance screener views,2026-08-27T23:34:36+02:00,2026-07-28,,30,NORMAL,
INIO,Innio NV,tradingview_gates,,price_above_sma50;sma50_above_sma150;sma150_above_sma200;ema21_above_ema50;within_25pct_52w_high;rsi14;atr_pct;rvol20_data_available;performance_21d;distance_resistance_hard;no_extended_move_10d;revenue_growth;eps_growth;operating_margin,price_min;market_cap_min;avg_volume_min;eps_next_year;earnings_window;market_regime_allows_new_entries,False,"{'price': None, 'price_tv': None, 'price_finviz': 22.54, 'sma50': None, 'sma150': None, 'sma200': None, 'ema21': None, 'ema50': None, 'rsi14': None, 'atr14': None, 'atr_pct': None, 'rvol20': None, 'performance_21d_pct': None, 'distance_52w_high_pct': None, 'distance_resistance_pct': None, 'move_10d_pct': None, 'structural_trend_pass': False}",atr14;atr_pct;distance_52w_high_pct;distance_resistance_pct;ema21;ema50;eps_growth_yoy;gross_margin;move_10d_pct;operating_margin;pattern;performance_21d_pct;previous_revenue_growth_yoy;price;price_tv;resistance;revenue_growth_yoy;rsi14;rvol20;shares_change_6m_pct;sma150;sma200;sma50;week52_high,TradingView MCP + Finviz via finvizfinance screener views,2026-08-27T23:34:41+02:00,2026-07-28,,30,NORMAL,
INOD,Innodata Inc,tradingview_gates,price_above_sma50;ema21_above_ema50;within_25pct_52w_high;rsi14,,price_min;market_cap_min;avg_volume_min;price_above_sma50;sma50_above_sma150;sma150_above_sma200;ema21_above_ema50;within_25pct_52w_high;rsi14;atr_pct;rvol20_data_available;performance_21d;distance_resistance_hard;no_extended_move_10d;revenue_growth;eps_growth;eps_next_year;operating_margin;earnings_window;market_regime_allows_new_entries,True,"{'price': 59.23, 'price_tv': 59.23, 'price_finviz': 59.23, 'sma50': 67.10430000000001, 'sma150': 62.21876666666667, 'sma200': 60.904925000000006, 'ema21': 61.82712633876597, 'ema50': 66.17945234077861, 'rsi14': 43.510874808340006, 'atr14': 4.544756691961458, 'atr_pct': 7.673065493772511, 'rvol20': 0.6478203064780752, 'performance_21d_pct': 6.913357400722009, 'distance_52w_high_pct': 52.66901070800702, 'distance_resistance_pct': 111.27806854634477, 'move_10d_pct': -4.6676323837115845, 'structural_trend_pass': False}",pattern;previous_revenue_growth_yoy;shares_change_6m_pct,TradingView MCP + Finviz via finvizfinance screener views,2026-08-27T23:34:55+02:00,2026-08-06,,21,NORMAL,
IOND,Ionic Digital Inc,tradingview_gates,,price_above_sma50;sma50_above_sma150;sma150_above_sma200;ema21_above_ema50;within_25pct_52w_high;rsi14;atr_pct;rvol20_data_available;performance_21d;distance_resistance_hard;no_extended_move_10d;revenue_growth;eps_growth;operating_margin,price_min;market_cap_min;avg_volume_min;eps_next_year;earnings_window;market_regime_allows_new_entries,False,"{'price': None, 'price_tv': None, 'price_finviz': 72.02, 'sma50': None, 'sma150': None, 'sma200': None, 'ema21': None, 'ema50': None, 'rsi14': None, 'atr14': None, 'atr_pct': None, 'rvol20': None, 'performance_21d_pct': None, 'distance_52w_high_pct': None, 'distance_resistance_pct': None, 'move_10d_pct': None, 'structural_trend_pass': False}",atr14;atr_pct;distance_52w_high_pct;distance_resistance_pct;ema21;ema50;eps_growth_yoy;gross_margin;move_10d_pct;operating_margin;pattern;performance_21d_pct;previous_revenue_growth_yoy;price;price_tv;resistance;revenue_growth_yoy;rsi14;rvol20;shares_change_6m_pct;sma150;sma200;sma50;week52_high,TradingView MCP + Finviz via finvizfinance screener views,2026-08-27T23:35:10+02:00,2026-08-19,,8,PEAD_WINDOW,
LFTO,Liftoff Mobile Inc,tradingview_gates,,price_above_sma50;sma50_above_sma150;sma150_above_sma200;ema21_above_ema50;within_25pct_52w_high;rsi14;atr_pct;rvol20_data_available;performance_21d;distance_resistance_hard;no_extended_move_10d,price_min;market_cap_min;avg_volume_min;revenue_growth;eps_growth;eps_next_year;operating_margin;earnings_window;market_regime_allows_new_entries,False,"{'price': None, 'price_tv': None, 'price_finviz': 18.63, 'sma50': None, 'sma150': None, 'sma200': None, 'ema21': None, 'ema50': None, 'rsi14': None, 'atr14': None, 'atr_pct': None, 'rvol20': None, 'performance_21d_pct': None, 'distance_52w_high_pct': None, 'distance_resistance_pct': None, 'move_10d_pct': None, 'structural_trend_pass': False}",atr14;atr_pct;distance_52w_high_pct;distance_resistance_pct;ema21;ema50;move_10d_pct;pattern;performance_21d_pct;previous_revenue_growth_yoy;price;price_tv;resistance;rsi14;rvol20;shares_change_6m_pct;sma150;sma200;sma50;week52_high,TradingView MCP + Finviz via finvizfinance screener views,2026-08-27T23:35:24+02:00,2026-08-12,,15,PEAD_WINDOW,
LPLA,LPL Financial Holdings Inc,tradingview_gates,sma150_above_sma200;atr_pct,,price_min;market_cap_min;avg_volume_min;price_above_sma50;sma50_above_sma150;sma150_above_sma200;ema21_above_ema50;within_25pct_52w_high;rsi14;atr_pct;rvol20_data_available;performance_21d;distance_resistance_hard;no_extended_move_10d;revenue_growth;eps_growth;eps_next_year;operating_margin;earnings_window;market_regime_allows_new_entries,True,"{'price': 361.22, 'price_tv': 361.22, 'price_finviz': 361.22, 'sma50': 331.77660000000003, 'sma150': 319.5471, 'sma200': 331.170875, 'ema21': 357.3405053422464, 'ema50': 340.1798200247858, 'rsi14': 57.2586401494018, 'atr14': 10.040530643095584, 'atr_pct': 2.779616478349921, 'rvol20': 0.7228471101747765, 'performance_21d_pct': 6.939428030078765, 'distance_52w_high_pct': 9.731107556977207, 'distance_resistance_pct': 4.922208072642703, 'move_10d_pct': -3.6643908683592796, 'structural_trend_pass': False}",pattern;previous_revenue_growth_yoy;shares_change_6m_pct,TradingView MCP + Finviz via finvizfinance screener views,2026-08-27T23:35:38+02:00,2026-07-30,,28,NORMAL,
LRCX,Lam Research Corp,tradingview_gates,price_above_sma50;ema21_above_ema50;within_25pct_52w_high;rsi14,,price_min;market_cap_min;avg_volume_min;price_above_sma50;sma50_above_sma150;sma150_above_sma200;ema21_above_ema50;within_25pct_52w_high;rsi14;atr_pct;rvol20_data_available;performance_21d;distance_resistance_hard;no_extended_move_10d;revenue_growth;eps_growth;eps_next_year;operating_margin;earnings_window;market_regime_allows_new_entries,True,"{'price': 318.58, 'price_tv': 318.58, 'price_finviz': 318.58, 'sma50': 332.6536, 'sma150': 283.8913333333333, 'sma200': 256.6642, 'ema21': 316.58875570871203, 'ema50': 318.475458672555, 'rsi14': 50.41218986201594, 'atr14': 18.24238080592637, 'atr_pct': 5.7261538093811195, 'rvol20': 0.7159396859754464, 'performance_21d_pct': 26.245294234198525, 'distance_52w_high_pct': 27.34777651083239, 'distance_resistance_pct': 37.642036537133535, 'move_10d_pct': -5.4686804545859165, 'structural_trend_pass': False}",pattern;previous_revenue_growth_yoy;shares_change_6m_pct,TradingView MCP + Finviz via finvizfinance screener views,2026-08-27T23:35:52+02:00,2026-07-29,,29,NORMAL,
MFP,Midera Food Processing Inc,tradingview_gates,,price_above_sma50;sma50_above_sma150;sma150_above_sma200;ema21_above_ema50;within_25pct_52w_high;rsi14;atr_pct;rvol20_data_available;performance_21d;distance_resistance_hard;no_extended_move_10d;revenue_growth;eps_growth;operating_margin,price_min;market_cap_min;avg_volume_min;eps_next_year;earnings_window;market_regime_allows_new_entries,False,"{'price': None, 'price_tv': None, 'price_finviz': 48.64, 'sma50': None, 'sma150': None, 'sma200': None, 'ema21': None, 'ema50': None, 'rsi14': None, 'atr14': None, 'atr_pct': None, 'rvol20': None, 'performance_21d_pct': None, 'distance_52w_high_pct': None, 'distance_resistance_pct': None, 'move_10d_pct': None, 'structural_trend_pass': False}",atr14;atr_pct;distance_52w_high_pct;distance_resistance_pct;ema21;ema50;eps_growth_yoy;gross_margin;move_10d_pct;operating_margin;pattern;performance_21d_pct;previous_revenue_growth_yoy;price;price_tv;resistance;revenue_growth_yoy;rsi14;rvol20;shares_change_6m_pct;sma150;sma200;sma50;week52_high,TradingView MCP + Finviz via finvizfinance screener views,2026-08-27T23:36:06+02:00,2026-08-13,,14,PEAD_WINDOW,
MPWR,Monolithic Power System Inc,tradingview_gates,price_above_sma50;ema21_above_ema50;rsi14,,price_min;market_cap_min;avg_volume_min;price_above_sma50;sma50_above_sma150;sma150_above_sma200;ema21_above_ema50;within_25pct_52w_high;rsi14;atr_pct;rvol20_data_available;performance_21d;distance_resistance_hard;no_extended_move_10d;revenue_growth;eps_growth;eps_next_year;operating_margin;earnings_window;market_regime_allows_new_entries,True,"{'price': 1311.08, 'price_tv': 1311.08, 'price_finviz': 1311.08, 'sma50': 1357.3335, 'sma150': 1338.6955666666665, 'sma200': 1241.6702, 'ema21': 1338.945232661406, 'ema50': 1367.339352918566, 'rsi14': 45.64761787302859, 'atr14': 66.40986571610469, 'atr_pct': 5.065279442604928, 'rvol20': 0.6115634980024875, 'performance_21d_pct': 4.990550626221202, 'distance_52w_high_pct': 23.511596445437316, 'distance_resistance_pct': 29.46197028404064, 'move_10d_pct': -3.7774760559245557, 'structural_trend_pass': False}",pattern;previous_revenue_growth_yoy;shares_change_6m_pct,TradingView MCP + Finviz via finvizfinance screener views,2026-08-27T23:36:20+02:00,2026-07-30,,28,NORMAL,
MWH,SOLV Energy Inc,tradingview_gates,,price_above_sma50;sma50_above_sma150;sma150_above_sma200;ema21_above_ema50;within_25pct_52w_high;rsi14;atr_pct;rvol20_data_available;performance_21d;distance_resistance_hard;no_extended_move_10d;operating_margin,price_min;market_cap_min;avg_volume_min;revenue_growth;eps_growth;eps_next_year;earnings_window;market_regime_allows_new_entries,False,"{'price': None, 'price_tv': None, 'price_finviz': 28.14, 'sma50': None, 'sma150': None, 'sma200': None, 'ema21': None, 'ema50': None, 'rsi14': None, 'atr14': None, 'atr_pct': None, 'rvol20': None, 'performance_21d_pct': None, 'distance_52w_high_pct': None, 'distance_resistance_pct': None, 'move_10d_pct': None, 'structural_trend_pass': False}",atr14;atr_pct;distance_52w_high_pct;distance_resistance_pct;ema21;ema50;gross_margin;move_10d_pct;operating_margin;pattern;performance_21d_pct;previous_revenue_growth_yoy;price;price_tv;resistance;rsi14;rvol20;shares_change_6m_pct;sma150;sma200;sma50;week52_high,TradingView MCP + Finviz via finvizfinance screener views,2026-08-27T23:36:34+02:00,2026-08-13,,14,PEAD_WINDOW,
NBIX,Neurocrine Biosciences Inc,tradingview_gates,price_above_sma50;ema21_above_ema50;rsi14;performance_21d,,price_min;market_cap_min;avg_volume_min;price_above_sma50;sma50_above_sma150;sma150_above_sma200;ema21_above_ema50;within_25pct_52w_high;rsi14;atr_pct;rvol20_data_available;performance_21d;distance_resistance_hard;no_extended_move_10d;revenue_growth;eps_growth;eps_next_year;operating_margin;earnings_window;market_regime_allows_new_entries,True,"{'price': 155.92, 'price_tv': 155.92, 'price_finviz': 155.92, 'sma50': 166.5473, 'sma150': 148.28443333333334, 'sma200': 147.2383, 'ema21': 158.90694200769596, 'ema50': 161.49125283850353, 'rsi14': 42.91336978522906, 'atr14': 4.69273109000442, 'atr_pct': 3.0097043932814396, 'rvol20': 0.5013016721702737, 'performance_21d_pct': -13.756291830300349, 'distance_52w_high_pct': 16.22609069417581, 'distance_resistance_pct': 19.368907131862507, 'move_10d_pct': 3.3815143880121967, 'structural_trend_pass': False}",pattern;previous_revenue_growth_yoy;shares_change_6m_pct,TradingView MCP + Finviz via finvizfinance screener views,2026-08-27T23:36:48+02:00,2026-07-30,,28,NORMAL,
NVDA,NVIDIA Corp,tradingview_gates,distance_resistance_hard,,price_min;market_cap_min;avg_volume_min;price_above_sma50;sma50_above_sma150;sma150_above_sma200;ema21_above_ema50;within_25pct_52w_high;rsi14;atr_pct;rvol20_data_available;performance_21d;distance_resistance_hard;no_extended_move_10d;revenue_growth;eps_growth;eps_next_year;operating_margin;earnings_window;market_regime_allows_new_entries,True,"{'price': 227.98, 'price_tv': 227.98, 'price_finviz': 227.98, 'sma50': 208.162, 'sma150': 199.62573333333333, 'sma200': 195.7327, 'ema21': 215.27847338867628, 'ema50': 211.2111327258477, 'rsi14': 61.31942486624716, 'atr14': 7.2947932050929944, 'atr_pct': 3.199751383934115, 'rvol20': 2.5527968129845426, 'performance_21d_pct': 19.983158781116785, 'distance_52w_high_pct': 3.618838251458528, 'distance_resistance_pct': 1.8861303623124888, 'move_10d_pct': 1.1895250776742028, 'structural_trend_pass': True}",pattern;previous_revenue_growth_yoy;shares_change_6m_pct,TradingView MCP + Finviz via finvizfinance screener views,2026-08-27T23:37:03+02:00,2026-08-26,,1,PEAD_WINDOW,
PENG,Penguin Solutions Inc,tradingview_gates,price_above_sma50;ema21_above_ema50;within_25pct_52w_high;rsi14,eps_growth,price_min;market_cap_min;avg_volume_min;price_above_sma50;sma50_above_sma150;sma150_above_sma200;ema21_above_ema50;within_25pct_52w_high;rsi14;atr_pct;rvol20_data_available;performance_21d;distance_resistance_hard;no_extended_move_10d;revenue_growth;eps_next_year;operating_margin;earnings_window;market_regime_allows_new_entries,True,"{'price': 52.45, 'price_tv': 52.45, 'price_finviz': 52.45, 'sma50': 60.8816, 'sma150': 40.9674, 'sma200': 35.744625, 'ema21': 55.35866351569667, 'ema50': 56.39290485455306, 'rsi14': 44.461990067453115, 'atr14': 4.576026944504429, 'atr_pct': 8.72455089514667, 'rvol20': 0.6217527848655992, 'performance_21d_pct': 20.022883295194504, 'distance_52w_high_pct': 41.63142666369908, 'distance_resistance_pct': 71.32507149666348, 'move_10d_pct': -13.875205254515588, 'structural_trend_pass': False}",eps_growth_yoy;pattern;previous_revenue_growth_yoy;shares_change_6m_pct,TradingView MCP + Finviz via finvizfinance screener views,2026-08-27T23:37:17+02:00,2026-07-07,,51,NORMAL,
PPTA,Perpetua Resources Corp,tradingview_gates,sma50_above_sma150;within_25pct_52w_high;performance_21d,revenue_growth;eps_growth;operating_margin,price_min;market_cap_min;avg_volume_min;price_above_sma50;sma50_above_sma150;sma150_above_sma200;ema21_above_ema50;within_25pct_52w_high;rsi14;atr_pct;rvol20_data_available;performance_21d;distance_resistance_hard;no_extended_move_10d;eps_next_year;earnings_window;market_regime_allows_new_entries,True,"{'price': 26.18, 'price_tv': 26.18, 'price_finviz': 26.18, 'sma50': 21.5598, 'sma150': 26.530733333333334, 'sma200': 26.5249, 'ema21': 24.14833542811592, 'ema50': 23.21425895419504, 'rsi14': 62.2777584783908, 'atr14': 1.3059848978769526, 'atr_pct': 4.988483185167887, 'rvol20': 0.7208482581118378, 'performance_21d_pct': 51.68018539976824, 'distance_52w_high_pct': 29.943805191329943, 'distance_resistance_pct': 5.271199388846444, 'move_10d_pct': 5.777777777777771, 'structural_trend_pass': False}",gross_margin;operating_margin;pattern;previous_revenue_growth_yoy;revenue_growth_yoy;shares_change_6m_pct,TradingView MCP + Finviz via finvizfinance screener views,2026-08-27T23:37:23+02:00,2026-08-15,,12,PEAD_WINDOW,
QNT,Quantinuum Inc,tradingview_gates,,price_above_sma50;sma50_above_sma150;sma150_above_sma200;ema21_above_ema50;within_25pct_52w_high;rsi14;atr_pct;rvol20_data_available;performance_21d;distance_resistance_hard;no_extended_move_10d;revenue_growth;eps_growth;operating_margin,price_min;market_cap_min;avg_volume_min;eps_next_year;earnings_window;market_regime_allows_new_entries,False,"{'price': None, 'price_tv': None, 'price_finviz': 54.0, 'sma50': None, 'sma150': None, 'sma200': None, 'ema21': None, 'ema50': None, 'rsi14': None, 'atr14': None, 'atr_pct': None, 'rvol20': None, 'performance_21d_pct': None, 'distance_52w_high_pct': None, 'distance_resistance_pct': None, 'move_10d_pct': None, 'structural_trend_pass': False}",atr14;atr_pct;distance_52w_high_pct;distance_resistance_pct;ema21;ema50;eps_growth_yoy;gross_margin;move_10d_pct;operating_margin;pattern;performance_21d_pct;previous_revenue_growth_yoy;price;price_tv;resistance;revenue_growth_yoy;rsi14;rvol20;shares_change_6m_pct;sma150;sma200;sma50;week52_high,TradingView MCP + Finviz via finvizfinance screener views,2026-08-27T23:37:37+02:00,2026-08-11,,16,NORMAL,
ROAD,Construction Partners Inc,tradingview_gates,sma50_above_sma150;rsi14,,price_min;market_cap_min;avg_volume_min;price_above_sma50;sma50_above_sma150;sma150_above_sma200;ema21_above_ema50;within_25pct_52w_high;rsi14;atr_pct;rvol20_data_available;performance_21d;distance_resistance_hard;no_extended_move_10d;revenue_growth;eps_growth;eps_next_year;operating_margin;earnings_window;market_regime_allows_new_entries,True,"{'price': 114.75, 'price_tv': 114.75, 'price_finviz': 114.75, 'sma50': 110.5907, 'sma150': 116.7042, 'sma200': 114.87225000000001, 'ema21': 112.55725568304679, 'ema50': 111.85024367503999, 'rsi14': 53.511789645236284, 'atr14': 5.122112175597391, 'atr_pct': 4.463714314246093, 'rvol20': 0.5245780385231126, 'performance_21d_pct': 10.304719792367578, 'distance_52w_high_pct': 24.00662251655629, 'distance_resistance_pct': 13.215686274509796, 'move_10d_pct': -3.242126565200898, 'structural_trend_pass': False}",pattern;previous_revenue_growth_yoy;shares_change_6m_pct,TradingView MCP + Finviz via finvizfinance screener views,2026-08-27T23:37:51+02:00,2026-08-07,,20,NORMAL,
SHAZ,SharonAI Holdings Inc,tradingview_gates,,price_above_sma50;sma50_above_sma150;sma150_above_sma200;ema21_above_ema50;within_25pct_52w_high;rsi14;atr_pct;rvol20_data_available;performance_21d;distance_resistance_hard;no_extended_move_10d;revenue_growth;eps_growth;operating_margin,price_min;market_cap_min;avg_volume_min;eps_next_year;earnings_window;market_regime_allows_new_entries,False,"{'price': None, 'price_tv': None, 'price_finviz': 59.21, 'sma50': None, 'sma150': None, 'sma200': None, 'ema21': None, 'ema50': None, 'rsi14': None, 'atr14': None, 'atr_pct': None, 'rvol20': None, 'performance_21d_pct': None, 'distance_52w_high_pct': None, 'distance_resistance_pct': None, 'move_10d_pct': None, 'structural_trend_pass': False}",atr14;atr_pct;distance_52w_high_pct;distance_resistance_pct;ema21;ema50;gross_margin;move_10d_pct;operating_margin;pattern;performance_21d_pct;previous_revenue_growth_yoy;price;price_tv;resistance;revenue_growth_yoy;rsi14;rvol20;shares_change_6m_pct;sma150;sma200;sma50;week52_high,TradingView MCP + Finviz via finvizfinance screener views,2026-08-27T23:38:05+02:00,2026-08-06,,21,NORMAL,
SHOP,Shopify Inc,tradingview_gates,sma150_above_sma200;distance_resistance_hard,,price_min;market_cap_min;avg_volume_min;price_above_sma50;sma50_above_sma150;sma150_above_sma200;ema21_above_ema50;within_25pct_52w_high;rsi14;atr_pct;rvol20_data_available;performance_21d;distance_resistance_hard;no_extended_move_10d;revenue_growth;eps_growth;eps_next_year;operating_margin;earnings_window;market_regime_allows_new_entries,True,"{'price': 154.33, 'price_tv': 154.33, 'price_finviz': 154.33, 'sma50': 129.8596, 'sma150': 122.40833333333333, 'sma200': 131.4724, 'ema21': 144.89662512243302, 'ema50': 134.5004032217016, 'rsi14': 63.10609307031423, 'atr14': 6.014268878701748, 'atr_pct': 3.897018647509718, 'rvol20': 0.6260525494656755, 'performance_21d_pct': 19.478207014012572, 'distance_52w_high_pct': 15.291728415390518, 'distance_resistance_pct': 2.9417482019050034, 'move_10d_pct': -2.649340818772461, 'structural_trend_pass': False}",pattern;previous_revenue_growth_yoy;shares_change_6m_pct,TradingView MCP + Finviz via finvizfinance screener views,2026-08-27T23:38:19+02:00,2026-08-05,,22,NORMAL,
SNPS,Synopsys Inc,tradingview_gates,sma50_above_sma150;sma150_above_sma200;ema21_above_ema50,,price_min;market_cap_min;avg_volume_min;price_above_sma50;sma50_above_sma150;sma150_above_sma200;ema21_above_ema50;within_25pct_52w_high;rsi14;atr_pct;rvol20_data_available;performance_21d;distance_resistance_hard;no_extended_move_10d;revenue_growth;eps_growth;eps_next_year;operating_margin;earnings_window;market_regime_allows_new_entries,True,"{'price': 464.89, 'price_tv': 464.89, 'price_finviz': 464.89, 'sma50': 417.3932, 'sma150': 442.1936333333333, 'sma200': 446.421875, 'ema21': 410.7612658945617, 'ema50': 419.45128989329817, 'rsi14': 71.73521353460062, 'atr14': 15.796979874709454, 'atr_pct': 3.398003801912163, 'rvol20': 2.5980027561041785, 'performance_21d_pct': 24.40525569322165, 'distance_52w_high_pct': 24.505413755445225, 'distance_resistance_pct': 9.428036739873956, 'move_10d_pct': 12.905889496053424, 'structural_trend_pass': False}",pattern;previous_revenue_growth_yoy;shares_change_6m_pct,TradingView MCP + Finviz via finvizfinance screener views,2026-08-27T23:38:25+02:00,2026-08-26,,1,PEAD_WINDOW,
SOFI,SoFi Technologies Inc,tradingview_gates,sma50_above_sma150;sma150_above_sma200;within_25pct_52w_high;distance_resistance_hard,,price_min;market_cap_min;avg_volume_min;price_above_sma50;sma50_above_sma150;sma150_above_sma200;ema21_above_ema50;within_25pct_52w_high;rsi14;atr_pct;rvol20_data_available;performance_21d;distance_resistance_hard;no_extended_move_10d;revenue_growth;eps_growth;eps_next_year;operating_margin;earnings_window;market_regime_allows_new_entries,True,"{'price': 19.18, 'price_tv': 19.18, 'price_finviz': 19.18, 'sma50': 17.8166, 'sma150': 17.9515, 'sma200': 20.317175, 'ema21': 18.234755525095295, 'ema50': 17.855813658687975, 'rsi14': 58.44216319606492, 'atr14': 0.8425030389325892, 'atr_pct': 4.392612298918609, 'rvol20': 0.7395174201220698, 'performance_21d_pct': 25.770491803278684, 'distance_52w_high_pct': 41.399327833791624, 'distance_resistance_pct': 2.9197080291970736, 'move_10d_pct': 4.069451980466621, 'structural_trend_pass': False}",pattern;previous_revenue_growth_yoy;shares_change_6m_pct,TradingView MCP + Finviz via finvizfinance screener views,2026-08-27T23:38:39+02:00,2026-07-29,,29,NORMAL,
SPCX,Space Exploration Technologies Corp,tradingview_gates,,price_above_sma50;sma50_above_sma150;sma150_above_sma200;ema21_above_ema50;within_25pct_52w_high;rsi14;atr_pct;rvol20_data_available;performance_21d;distance_resistance_hard;no_extended_move_10d;revenue_growth;eps_growth;operating_margin,price_min;market_cap_min;avg_volume_min;eps_next_year;earnings_window;market_regime_allows_new_entries,False,"{'price': None, 'price_tv': None, 'price_finviz': 140.87, 'sma50': None, 'sma150': None, 'sma200': None, 'ema21': None, 'ema50': None, 'rsi14': None, 'atr14': None, 'atr_pct': None, 'rvol20': None, 'performance_21d_pct': None, 'distance_52w_high_pct': None, 'distance_resistance_pct': None, 'move_10d_pct': None, 'structural_trend_pass': False}",atr14;atr_pct;distance_52w_high_pct;distance_resistance_pct;ema21;ema50;eps_growth_yoy;gross_margin;move_10d_pct;operating_margin;pattern;performance_21d_pct;previous_revenue_growth_yoy;price;price_tv;resistance;revenue_growth_yoy;rsi14;rvol20;shares_change_6m_pct;sma150;sma200;sma50;week52_high,TradingView MCP + Finviz via finvizfinance screener views,2026-08-27T23:38:45+02:00,2026-08-04,,23,NORMAL,
STRC,Strategy Inc - VR PRF PERPETUAL USD 100 - Ser A,tradingview_gates,sma50_above_sma150;sma150_above_sma200;atr_pct;distance_resistance_hard,revenue_growth;eps_growth;operating_margin;earnings_window,price_min;market_cap_min;avg_volume_min;price_above_sma50;sma50_above_sma150;sma150_above_sma200;ema21_above_ema50;within_25pct_52w_high;rsi14;atr_pct;rvol20_data_available;performance_21d;distance_resistance_hard;no_extended_move_10d;eps_next_year;market_regime_allows_new_entries,True,"{'price': 98, 'price_tv': 98, 'price_finviz': 98.0, 'sma50': 89.652, 'sma150': 95.92156666666666, 'sma200': 96.543075, 'ema21': 94.50393564130654, 'ema50': 92.88124980937602, 'rsi14': 69.9968593167962, 'atr14': 1.479720796217087, 'atr_pct': 1.5099191798133542, 'rvol20': 1.0324291148822513, 'performance_21d_pct': 11.987201462689967, 'distance_52w_high_pct': 2.4081292036702497, 'distance_resistance_pct': 0.15306122448980172, 'move_10d_pct': 2.328495353450988, 'structural_trend_pass': False}",eps_growth_yoy;gross_margin;operating_margin;pattern;previous_revenue_growth_yoy;revenue_growth_yoy;shares_change_6m_pct,TradingView MCP + Finviz via finvizfinance screener views,2026-08-27T23:38:59+02:00,,,,UNKNOWN,
STRL,Sterling Infrastructure Inc,tradingview_gates,price_above_sma50;ema21_above_ema50;within_25pct_52w_high;rsi14,,price_min;market_cap_min;avg_volume_min;price_above_sma50;sma50_above_sma150;sma150_above_sma200;ema21_above_ema50;within_25pct_52w_high;rsi14;atr_pct;rvol20_data_available;performance_21d;distance_resistance_hard;no_extended_move_10d;revenue_growth;eps_growth;eps_next_year;operating_margin;earnings_window;market_regime_allows_new_entries,True,"{'price': 506.37, 'price_tv': 506.37, 'price_finviz': 506.37, 'sma50': 649.1107, 'sma150': 583.3278333333334, 'sma200': 519.3827249999999, 'ema21': 549.2488427458944, 'ema50': 609.6613914985587, 'rsi14': 39.326982812246094, 'atr14': 38.72893137096475, 'atr_pct': 7.6483463417984385, 'rvol20': 0.6878095822313529, 'performance_21d_pct': 2.454273227581738, 'distance_52w_high_pct': 49.64900372901843, 'distance_resistance_pct': 98.60580208148193, 'move_10d_pct': -8.458673801431772, 'structural_trend_pass': False}",pattern;previous_revenue_growth_yoy;shares_change_6m_pct,TradingView MCP + Finviz via finvizfinance screener views,2026-08-27T23:39:13+02:00,2026-08-03,,24,NORMAL,
STX,Seagate Technology Holdings Plc,tradingview_gates,price_above_sma50;within_25pct_52w_high;rsi14,,price_min;market_cap_min;avg_volume_min;price_above_sma50;sma50_above_sma150;sma150_above_sma200;ema21_above_ema50;within_25pct_52w_high;rsi14;atr_pct;rvol20_data_available;performance_21d;distance_resistance_hard;no_extended_move_10d;revenue_growth;eps_growth;eps_next_year;operating_margin;earnings_window;market_regime_allows_new_entries,True,"{'price': 847.2, 'price_tv': 847.2, 'price_finviz': 847.2, 'sma50': 880.6504, 'sma150': 673.7410333333335, 'sma200': 577.000825, 'ema21': 855.960800090173, 'ema50': 848.9146445063363, 'rsi14': 48.862923492341096, 'atr14': 64.47054750945077, 'atr_pct': 7.609837996866238, 'rvol20': 1.0834979654812453, 'performance_21d_pct': 10.827675522938662, 'distance_52w_high_pct': 26.008733624454145, 'distance_resistance_pct': 35.15108593012275, 'move_10d_pct': -8.0499690678012, 'structural_trend_pass': False}",pattern;previous_revenue_growth_yoy;shares_change_6m_pct,TradingView MCP + Finviz via finvizfinance screener views,2026-08-27T23:39:27+02:00,2026-07-28,,30,NORMAL,
TSEM,Tower Semiconductor Ltd,tradingview_gates,price_above_sma50;ema21_above_ema50;within_25pct_52w_high;rsi14,,price_min;market_cap_min;avg_volume_min;price_above_sma50;sma50_above_sma150;sma150_above_sma200;ema21_above_ema50;within_25pct_52w_high;rsi14;atr_pct;rvol20_data_available;performance_21d;distance_resistance_hard;no_extended_move_10d;revenue_growth;eps_growth;eps_next_year;operating_margin;earnings_window;market_regime_allows_new_entries,True,"{'price': 219.85, 'price_tv': 219.85, 'price_finviz': 219.85, 'sma50': 239.7336, 'sma150': 205.60306666666665, 'sma200': 182.88665, 'ema21': 231.3794392436768, 'ema50': 234.7942842329129, 'rsi14': 44.8395852392667, 'atr14': 18.096054802711784, 'atr_pct': 8.2310915636624, 'rvol20': 0.5408710594401464, 'performance_21d_pct': 17.041098807495736, 'distance_52w_high_pct': 31.2839907482653, 'distance_resistance_pct': 45.526495337730275, 'move_10d_pct': -13.085590037556827, 'structural_trend_pass': False}",pattern;previous_revenue_growth_yoy;shares_change_6m_pct,TradingView MCP + Finviz via finvizfinance screener views,2026-08-27T23:39:41+02:00,2026-08-04,,23,NORMAL,
TTMI,TTM Technologies Inc,tradingview_gates,price_above_sma50;ema21_above_ema50;within_25pct_52w_high;rsi14,,price_min;market_cap_min;avg_volume_min;price_above_sma50;sma50_above_sma150;sma150_above_sma200;ema21_above_ema50;within_25pct_52w_high;rsi14;atr_pct;rvol20_data_available;performance_21d;distance_resistance_hard;no_extended_move_10d;revenue_growth;eps_growth;eps_next_year;operating_margin;earnings_window;market_regime_allows_new_entries,True,"{'price': 124.73, 'price_tv': 124.73, 'price_finviz': 124.73, 'sma50': 145.4175, 'sma150': 133.68083333333334, 'sma200': 118.62514999999999, 'ema21': 125.79023355143038, 'ema50': 137.03687085907728, 'rsi14': 47.25625708192384, 'atr14': 10.718883715935183, 'atr_pct': 8.593669298432761, 'rvol20': 0.8336542485944023, 'performance_21d_pct': 22.56067603419476, 'distance_52w_high_pct': 44.27467274270652, 'distance_resistance_pct': 79.45161548945723, 'move_10d_pct': -10.188652073732719, 'structural_trend_pass': False}",pattern;previous_revenue_growth_yoy;shares_change_6m_pct,TradingView MCP + Finviz via finvizfinance screener views,2026-08-27T23:39:55+02:00,2026-08-05,,22,NORMAL,
TXN,Texas Instruments Inc,tradingview_gates,price_above_sma50;ema21_above_ema50;rsi14;performance_21d,,price_min;market_cap_min;avg_volume_min;price_above_sma50;sma50_above_sma150;sma150_above_sma200;ema21_above_ema50;within_25pct_52w_high;rsi14;atr_pct;rvol20_data_available;performance_21d;distance_resistance_hard;no_extended_move_10d;revenue_growth;eps_growth;eps_next_year;operating_margin;earnings_window;market_regime_allows_new_entries,True,"{'price': 266.54, 'price_tv': 266.54, 'price_finviz': 266.54, 'sma50': 286.7569, 'sma150': 256.6748, 'sma200': 236.47935, 'ema21': 272.5391098314437, 'ema50': 279.0966983172714, 'rsi14': 43.19964602123994, 'atr14': 9.455020739900009, 'atr_pct': 3.547317753395366, 'rvol20': 0.9049613331461832, 'performance_21d_pct': -1.7545152967194944, 'distance_52w_high_pct': 20.204772026464678, 'distance_resistance_pct': 25.320777369250376, 'move_10d_pct': -2.5198405441977823, 'structural_trend_pass': False}",pattern;previous_revenue_growth_yoy;shares_change_6m_pct,TradingView MCP + Finviz via finvizfinance screener views,2026-08-27T23:40:09+02:00,2026-07-22,,36,NORMAL,
