ticker,name,exclusion_stage,failed_gates,unverifiable_gates,gates_evaluated,technical_gates_evaluated,values,missing_fields,source,retrieved_at,earnings_date,days_to_earnings,days_since_earnings,earnings_state,gate_distance
ABVX,Abivax ADR,finviz_prefilter,adr,,,False,"{'industry': 'Biotechnology', 'price_finviz': 106.99}",,Finviz via finvizfinance screener views,2026-09-17T23:30:36+02:00,,,,,
APGE,Apogee Therapeutics Inc,finviz_prefilter,biotech_pre_revenue,,,False,"{'industry': 'Biotechnology', 'price_finviz': 135.07}",,Finviz via finvizfinance screener views,2026-09-17T23:30:36+02:00,,,,,
ARM,Arm Holdings Plc ADR,finviz_prefilter,adr,,,False,"{'industry': 'Semiconductors', 'price_finviz': 264.9}",,Finviz via finvizfinance screener views,2026-09-17T23:30:36+02:00,,,,,
ATAT,Atour Lifestyle Holdings Ltd ADR,finviz_prefilter,adr,,,False,"{'industry': 'Lodging', 'price_finviz': 32.02}",,Finviz via finvizfinance screener views,2026-09-17T23:30:36+02:00,,,,,
BIDU,Baidu Inc ADR,finviz_prefilter,adr,,,False,"{'industry': 'Internet Content & Information', 'price_finviz': 90.03}",,Finviz via finvizfinance screener views,2026-09-17T23:30:36+02:00,,,,,
BNTX,BioNTech SE ADR,finviz_prefilter,adr,,,False,"{'industry': 'Biotechnology', 'price_finviz': 98.66}",,Finviz via finvizfinance screener views,2026-09-17T23:30:36+02:00,,,,,
CELC,Celcuity Inc,finviz_prefilter,biotech_pre_revenue,,,False,"{'industry': 'Biotechnology', 'price_finviz': 84.91}",,Finviz via finvizfinance screener views,2026-09-17T23:30:36+02:00,,,,,
CMPS,Compass Pathways Plc ADR,finviz_prefilter,adr,,,False,"{'industry': 'Medical Care Facilities', 'price_finviz': 15.0}",,Finviz via finvizfinance screener views,2026-09-17T23:30:36+02:00,,,,,
COGT,Cogent Biosciences Inc,finviz_prefilter,biotech_pre_revenue,,,False,"{'industry': 'Biotechnology', 'price_finviz': 33.19}",,Finviz via finvizfinance screener views,2026-09-17T23:30:36+02:00,,,,,
DFTX,Definium Therapeutics Inc,finviz_prefilter,biotech_pre_revenue,,,False,"{'industry': 'Biotechnology', 'price_finviz': 38.68}",,Finviz via finvizfinance screener views,2026-09-17T23:30:36+02:00,,,,,
DYN,Dyne Therapeutics Inc,finviz_prefilter,biotech_pre_revenue,,,False,"{'industry': 'Biotechnology', 'price_finviz': 18.06}",,Finviz via finvizfinance screener views,2026-09-17T23:30:36+02:00,,,,,
ELVN,Enliven Therapeutics Inc,finviz_prefilter,biotech_pre_revenue,,,False,"{'industry': 'Biotechnology', 'price_finviz': 50.24}",,Finviz via finvizfinance screener views,2026-09-17T23:30:36+02:00,,,,,
ERAS,Erasca Inc,finviz_prefilter,biotech_pre_revenue,,,False,"{'industry': 'Biotechnology', 'price_finviz': 15.34}",,Finviz via finvizfinance screener views,2026-09-17T23:30:36+02:00,,,,,
EWTX,Edgewise Therapeutics Inc,finviz_prefilter,biotech_pre_revenue,,,False,"{'industry': 'Biotechnology', 'price_finviz': 46.94}",,Finviz via finvizfinance screener views,2026-09-17T23:30:36+02:00,,,,,
FUTU,Futu Holdings Ltd ADR,finviz_prefilter,adr,,,False,"{'industry': 'Capital Markets', 'price_finviz': 111.36}",,Finviz via finvizfinance screener views,2026-09-17T23:30:36+02:00,,,,,
GDS,GDS Holdings Limited ADR,finviz_prefilter,adr,,,False,"{'industry': 'Information Technology Services', 'price_finviz': 31.3}",,Finviz via finvizfinance screener views,2026-09-17T23:30:36+02:00,,,,,
GENB,Generate Biomedicines Inc,finviz_prefilter,biotech_pre_revenue,,,False,"{'industry': 'Biotechnology', 'price_finviz': 17.12}",,Finviz via finvizfinance screener views,2026-09-17T23:30:36+02:00,,,,,
GGAL,Grupo Financiero Galicia ADR,finviz_prefilter,adr,,,False,"{'industry': 'Banks - Regional', 'price_finviz': 42.62}",,Finviz via finvizfinance screener views,2026-09-17T23:30:36+02:00,,,,,
GMAB,Genmab ADR,finviz_prefilter,adr,,,False,"{'industry': 'Biotechnology', 'price_finviz': 34.53}",,Finviz via finvizfinance screener views,2026-09-17T23:30:36+02:00,,,,,
GPCR,Structure Therapeutics Inc ADR,finviz_prefilter,adr,,,False,"{'industry': 'Biotechnology', 'price_finviz': 35.1}",,Finviz via finvizfinance screener views,2026-09-17T23:30:36+02:00,,,,,
HSAI,Hesai Group ADR,finviz_prefilter,adr,,,False,"{'industry': 'Auto Parts', 'price_finviz': 16.92}",,Finviz via finvizfinance screener views,2026-09-17T23:30:36+02:00,,,,,
HTHT,H World Group Limited ADR,finviz_prefilter,adr,,,False,"{'industry': 'Lodging', 'price_finviz': 43.21}",,Finviz via finvizfinance screener views,2026-09-17T23:30:36+02:00,,,,,
IMVT,Immunovant Inc,finviz_prefilter,biotech_pre_revenue,,,False,"{'industry': 'Biotechnology', 'price_finviz': 37.65}",,Finviz via finvizfinance screener views,2026-09-17T23:30:36+02:00,,,,,
JD,JD.com Inc ADR,finviz_prefilter,adr,,,False,"{'industry': 'Internet Retail', 'price_finviz': 26.64}",,Finviz via finvizfinance screener views,2026-09-17T23:30:36+02:00,,,,,
LEGN,Legend Biotech Corp ADR,finviz_prefilter,adr,,,False,"{'industry': 'Biotechnology', 'price_finviz': 17.58}",,Finviz via finvizfinance screener views,2026-09-17T23:30:36+02:00,,,,,
MLYS,Mineralys Therapeutics Inc,finviz_prefilter,biotech_pre_revenue,,,False,"{'industry': 'Biotechnology', 'price_finviz': 27.98}",,Finviz via finvizfinance screener views,2026-09-17T23:30:36+02:00,,,,,
NTES,NetEase Inc ADR,finviz_prefilter,adr,,,False,"{'industry': 'Electronic Gaming & Multimedia', 'price_finviz': 116.62}",,Finviz via finvizfinance screener views,2026-09-17T23:30:36+02:00,,,,,
ORKA,Oruka Therapeutics Inc,finviz_prefilter,biotech_pre_revenue,,,False,"{'industry': 'Biotechnology', 'price_finviz': 97.73}",,Finviz via finvizfinance screener views,2026-09-17T23:30:36+02:00,,,,,
PAYP,PayPay Corp ADR,finviz_prefilter,adr,,,False,"{'industry': 'Software - Infrastructure', 'price_finviz': 17.91}",,Finviz via finvizfinance screener views,2026-09-17T23:30:36+02:00,,,,,
PCVX,Vaxcyte Inc,finviz_prefilter,biotech_pre_revenue,,,False,"{'industry': 'Biotechnology', 'price_finviz': 60.37}",,Finviz via finvizfinance screener views,2026-09-17T23:30:36+02:00,,,,,
PDD,PDD Holdings Inc ADR,finviz_prefilter,adr,,,False,"{'industry': 'Internet Retail', 'price_finviz': 77.73}",,Finviz via finvizfinance screener views,2026-09-17T23:30:36+02:00,,,,,
RVMD,Revolution Medicines Inc,finviz_prefilter,biotech_pre_revenue,,,False,"{'industry': 'Biotechnology', 'price_finviz': 196.94}",,Finviz via finvizfinance screener views,2026-09-17T23:30:36+02:00,,,,,
RYAAY,Ryanair Holdings Plc ADR,finviz_prefilter,adr,,,False,"{'industry': 'Airlines', 'price_finviz': 53.5}",,Finviz via finvizfinance screener views,2026-09-17T23:30:36+02:00,,,,,
SIMO,Silicon Motion Technology Corp ADR,finviz_prefilter,adr,,,False,"{'industry': 'Semiconductors', 'price_finviz': 253.3}",,Finviz via finvizfinance screener views,2026-09-17T23:30:36+02:00,,,,,
SKHY,SK Hynix Inc ADR,finviz_prefilter,adr,,,False,"{'industry': 'Semiconductors', 'price_finviz': 182.99}",,Finviz via finvizfinance screener views,2026-09-17T23:30:36+02:00,,,,,
SMMT,Summit Therapeutics Inc,finviz_prefilter,biotech_pre_revenue,,,False,"{'industry': 'Biotechnology', 'price_finviz': 17.72}",,Finviz via finvizfinance screener views,2026-09-17T23:30:36+02:00,,,,,
SNY,Sanofi ADR,finviz_prefilter,adr,,,False,"{'industry': 'Drug Manufacturers - General', 'price_finviz': 43.14}",,Finviz via finvizfinance screener views,2026-09-17T23:30:36+02:00,,,,,
SRRK,Scholar Rock Holding Corp,finviz_prefilter,biotech_pre_revenue,,,False,"{'industry': 'Biotechnology', 'price_finviz': 49.02}",,Finviz via finvizfinance screener views,2026-09-17T23:30:36+02:00,,,,,
SYRE,Spyre Therapeutics Inc,finviz_prefilter,biotech_pre_revenue,,,False,"{'industry': 'Biotechnology', 'price_finviz': 92.68}",,Finviz via finvizfinance screener views,2026-09-17T23:30:36+02:00,,,,,
TCOM,Trip.com Group Ltd ADR,finviz_prefilter,adr,,,False,"{'industry': 'Travel Services', 'price_finviz': 40.36}",,Finviz via finvizfinance screener views,2026-09-17T23:30:36+02:00,,,,,
TRVI,Trevi Therapeutics Inc,finviz_prefilter,biotech_pre_revenue,,,False,"{'industry': 'Biotechnology', 'price_finviz': 15.21}",,Finviz via finvizfinance screener views,2026-09-17T23:30:36+02:00,,,,,
VERA,Vera Therapeutics Inc,finviz_prefilter,biotech_pre_revenue,,,False,"{'industry': 'Biotechnology', 'price_finviz': 34.27}",,Finviz via finvizfinance screener views,2026-09-17T23:30:36+02:00,,,,,
VKTX,Viking Therapeutics Inc,finviz_prefilter,biotech_pre_revenue,,,False,"{'industry': 'Biotechnology', 'price_finviz': 29.36}",,Finviz via finvizfinance screener views,2026-09-17T23:30:36+02:00,,,,,
VOD,Vodafone Group plc ADR,finviz_prefilter,adr,,,False,"{'industry': 'Telecom Services', 'price_finviz': 17.52}",,Finviz via finvizfinance screener views,2026-09-17T23:30:36+02:00,,,,,
XENE,Xenon Pharmaceuticals Inc,finviz_prefilter,biotech_pre_revenue,,,False,"{'industry': 'Biotechnology', 'price_finviz': 57.35}",,Finviz via finvizfinance screener views,2026-09-17T23:30:36+02:00,,,,,
ZLAB,Zai Lab Limited ADR,finviz_prefilter,adr,,,False,"{'industry': 'Biotechnology', 'price_finviz': 25.81}",,Finviz via finvizfinance screener views,2026-09-17T23:30:36+02:00,,,,,
AAOI,Applied Optoelectronics Inc,finviz_prefilter,eps_growth;operating_margin,,price_min;market_cap_min;avg_volume_min;revenue_growth;eps_growth;eps_next_year;operating_margin;earnings_window,False,"{'revenue_growth_yoy': 86.42, 'eps_growth_yoy': -74.24, 'eps_next_year': 650.23, 'operating_margin': -11.31}",,Finviz via finvizfinance screener views,2026-09-17T23:30:36+02:00,2026-08-06,,42,NORMAL,
AAPL,Apple Inc,finviz_prefilter,revenue_growth;eps_growth;eps_next_year,,price_min;market_cap_min;avg_volume_min;revenue_growth;eps_growth;eps_next_year;operating_margin;earnings_window,False,"{'revenue_growth_yoy': 16.36, 'eps_growth_yoy': 29.13, 'eps_next_year': 8.66, 'operating_margin': 33.17}",,Finviz via finvizfinance screener views,2026-09-17T23:30:36+02:00,2026-07-30,,49,NORMAL,
ABNB,Airbnb Inc,finviz_prefilter,revenue_growth,,price_min;market_cap_min;avg_volume_min;revenue_growth;eps_growth;eps_next_year;operating_margin;earnings_window,False,"{'revenue_growth_yoy': 16.54, 'eps_growth_yoy': 33.06, 'eps_next_year': 17.47, 'operating_margin': 21.21}",,Finviz via finvizfinance screener views,2026-09-17T23:30:36+02:00,2026-08-06,,42,NORMAL,"{'failed_gate': 'revenue_growth', 'actual_value': 16.54, 'applicable_threshold': 20.0, 'distance_to_threshold': 3.460000000000001, 'distance_to_threshold_pct': 17.300000000000004, 'formula': 'minimo: distance = threshold - actual; pct = distance / abs(threshold) * 100'}"
ACAD,Acadia Pharmaceuticals Inc,finviz_prefilter,revenue_growth;eps_growth;operating_margin,,price_min;market_cap_min;avg_volume_min;revenue_growth;eps_growth;eps_next_year;operating_margin;earnings_window,False,"{'revenue_growth_yoy': 16.400000000000002, 'eps_growth_yoy': 15.24, 'eps_next_year': 48.14, 'operating_margin': 7.59}",,Finviz via finvizfinance screener views,2026-09-17T23:30:36+02:00,2026-08-04,,44,NORMAL,
ACGL,Arch Capital Group Ltd,finviz_prefilter,revenue_growth;eps_growth;eps_next_year,,price_min;market_cap_min;avg_volume_min;revenue_growth;eps_growth;eps_next_year;operating_margin;earnings_window,False,"{'revenue_growth_yoy': -11.459999999999999, 'eps_growth_yoy': -7.06, 'eps_next_year': 4.11, 'operating_margin': 25.11}",,Finviz via finvizfinance screener views,2026-09-17T23:30:36+02:00,2026-07-28,,51,NORMAL,
ACHC,Acadia Healthcare Company Inc,finviz_prefilter,revenue_growth;eps_growth,,price_min;market_cap_min;avg_volume_min;revenue_growth;eps_growth;eps_next_year;operating_margin;earnings_window,False,"{'revenue_growth_yoy': -0.38999999999999996, 'eps_growth_yoy': -64.09, 'eps_next_year': 19.37, 'operating_margin': 10.059999999999999}",,Finviz via finvizfinance screener views,2026-09-17T23:30:36+02:00,2026-07-28,,51,NORMAL,
ACIW,ACI Worldwide Inc,finviz_prefilter,revenue_growth;eps_next_year,,price_min;market_cap_min;avg_volume_min;revenue_growth;eps_growth;eps_next_year;operating_margin;earnings_window,False,"{'revenue_growth_yoy': 7.2700000000000005, 'eps_growth_yoy': 169.34, 'eps_next_year': 13.51, 'operating_margin': 19.02}",,Finviz via finvizfinance screener views,2026-09-17T23:30:36+02:00,2026-08-06,,42,NORMAL,
ADBE,Adobe Inc,finviz_prefilter,revenue_growth;eps_growth;eps_next_year,,price_min;market_cap_min;avg_volume_min;revenue_growth;eps_growth;eps_next_year;operating_margin;earnings_window,False,"{'revenue_growth_yoy': 12.889999999999999, 'eps_growth_yoy': 10.7, 'eps_next_year': 13.29, 'operating_margin': 36.35}",,Finviz via finvizfinance screener views,2026-09-17T23:30:36+02:00,2026-09-10,,7,PEAD_WINDOW,
ADEA,Adeia Inc,finviz_prefilter,revenue_growth;eps_growth;eps_next_year,,price_min;market_cap_min;avg_volume_min;revenue_growth;eps_growth;eps_next_year;operating_margin;earnings_window,False,"{'revenue_growth_yoy': 12.11, 'eps_growth_yoy': 1.81, 'eps_next_year': 12.43, 'operating_margin': 46.81}",,Finviz via finvizfinance screener views,2026-09-17T23:30:36+02:00,2026-08-03,,45,NORMAL,
ADP,Automatic Data Processing Inc,finviz_prefilter,revenue_growth;eps_growth;eps_next_year,,price_min;market_cap_min;avg_volume_min;revenue_growth;eps_growth;eps_next_year;operating_margin;earnings_window,False,"{'revenue_growth_yoy': 6.77, 'eps_growth_yoy': 9.62, 'eps_next_year': 9.22, 'operating_margin': 26.41}",,Finviz via finvizfinance screener views,2026-09-17T23:30:36+02:00,2026-07-29,,50,NORMAL,
ADPT,Adaptive Biotechnologies Corp,finviz_prefilter,eps_growth;operating_margin,,price_min;market_cap_min;avg_volume_min;revenue_growth;eps_growth;eps_next_year;operating_margin;earnings_window,False,"{'revenue_growth_yoy': 21.529999999999998, 'eps_growth_yoy': -47.8, 'eps_next_year': 67.66, 'operating_margin': -11.81}",,Finviz via finvizfinance screener views,2026-09-17T23:30:36+02:00,2026-07-29,,50,NORMAL,
ADSK,Autodesk Inc,finviz_prefilter,revenue_growth;eps_next_year,,price_min;market_cap_min;avg_volume_min;revenue_growth;eps_growth;eps_next_year;operating_margin;earnings_window,False,"{'revenue_growth_yoy': 16.78, 'eps_growth_yoy': 60.17, 'eps_next_year': 12.5, 'operating_margin': 23.39}",,Finviz via finvizfinance screener views,2026-09-17T23:30:36+02:00,2026-08-27,,21,NORMAL,
AEHR,Aehr Test Systems,finviz_prefilter,operating_margin,,price_min;market_cap_min;avg_volume_min;revenue_growth;eps_growth;eps_next_year;operating_margin;earnings_window,False,"{'revenue_growth_yoy': 33.69, 'eps_growth_yoy': 143.11, 'eps_next_year': None, 'operating_margin': -28.29}",,Finviz via finvizfinance screener views,2026-09-17T23:30:36+02:00,2026-07-14,,65,NORMAL,"{'failed_gate': 'operating_margin', 'actual_value': -28.29, 'applicable_threshold': 8.0, 'distance_to_threshold': 36.29, 'distance_to_threshold_pct': 453.625, 'formula': 'minimo: distance = threshold - actual; pct = distance / abs(threshold) * 100'}"
AEP,American Electric Power Company Inc,finviz_prefilter,revenue_growth;eps_growth;eps_next_year,,price_min;market_cap_min;avg_volume_min;revenue_growth;eps_growth;eps_next_year;operating_margin;earnings_window,False,"{'revenue_growth_yoy': 6.79, 'eps_growth_yoy': -43.33, 'eps_next_year': 7.53, 'operating_margin': 23.330000000000002}",,Finviz via finvizfinance screener views,2026-09-17T23:30:36+02:00,2026-07-30,,49,NORMAL,
AGIO,Agios Pharmaceuticals Inc,finviz_prefilter,eps_growth;operating_margin,,price_min;market_cap_min;avg_volume_min;revenue_growth;eps_growth;eps_next_year;operating_margin;earnings_window,False,"{'revenue_growth_yoy': 259.25, 'eps_growth_yoy': 12.45, 'eps_next_year': 35.07, 'operating_margin': -466.78}",,Finviz via finvizfinance screener views,2026-09-17T23:30:36+02:00,2026-07-30,,49,NORMAL,
AKAM,Akamai Technologies Inc,finviz_prefilter,revenue_growth;eps_growth;eps_next_year,,price_min;market_cap_min;avg_volume_min;revenue_growth;eps_growth;eps_next_year;operating_margin;earnings_window,False,"{'revenue_growth_yoy': 5.38, 'eps_growth_yoy': -27.57, 'eps_next_year': 6.44, 'operating_margin': 11.92}",,Finviz via finvizfinance screener views,2026-09-17T23:30:36+02:00,2026-08-06,,42,NORMAL,
ALGM,Allegro Microsystems Inc,finviz_prefilter,operating_margin,,price_min;market_cap_min;avg_volume_min;revenue_growth;eps_growth;eps_next_year;operating_margin;earnings_window,False,"{'revenue_growth_yoy': 27.450000000000003, 'eps_growth_yoy': 217.85000000000002, 'eps_next_year': 45.99, 'operating_margin': 6.22}",,Finviz via finvizfinance screener views,2026-09-17T23:30:36+02:00,2026-07-30,,49,NORMAL,"{'failed_gate': 'operating_margin', 'actual_value': 6.22, 'applicable_threshold': 8.0, 'distance_to_threshold': 1.7800000000000002, 'distance_to_threshold_pct': 22.250000000000004, 'formula': 'minimo: distance = threshold - actual; pct = distance / abs(threshold) * 100'}"
ALGN,Align Technology Inc,finviz_prefilter,revenue_growth;eps_growth;eps_next_year,,price_min;market_cap_min;avg_volume_min;revenue_growth;eps_growth;eps_next_year;operating_margin;earnings_window,False,"{'revenue_growth_yoy': 4.32, 'eps_growth_yoy': -11.790000000000001, 'eps_next_year': 11.05, 'operating_margin': 18.38}",,Finviz via finvizfinance screener views,2026-09-17T23:30:36+02:00,2026-07-29,,50,NORMAL,
ALKS,Alkermes plc,finviz_prefilter,eps_growth,,price_min;market_cap_min;avg_volume_min;revenue_growth;eps_growth;eps_next_year;operating_margin;earnings_window,False,"{'revenue_growth_yoy': 26.97, 'eps_growth_yoy': -99.44, 'eps_next_year': 233.81, 'operating_margin': 8.62}",,Finviz via finvizfinance screener views,2026-09-17T23:30:36+02:00,2026-07-28,,51,NORMAL,"{'failed_gate': 'eps_growth', 'actual_value': -99.44, 'applicable_threshold': 30.0, 'distance_to_threshold': 129.44, 'distance_to_threshold_pct': 431.46666666666664, 'formula': 'minimo: distance = threshold - actual; pct = distance / abs(threshold) * 100'}"
ALKT,Alkami Technology Inc,finviz_prefilter,revenue_growth;operating_margin,,price_min;market_cap_min;avg_volume_min;revenue_growth;eps_growth;eps_next_year;operating_margin;earnings_window,False,"{'revenue_growth_yoy': 15.870000000000001, 'eps_growth_yoy': 36.61, 'eps_next_year': 38.22, 'operating_margin': -7.08}",,Finviz via finvizfinance screener views,2026-09-17T23:30:36+02:00,2026-07-29,,50,NORMAL,
AMBA,Ambarella Inc,finviz_prefilter,revenue_growth;operating_margin,,price_min;market_cap_min;avg_volume_min;revenue_growth;eps_growth;eps_next_year;operating_margin;earnings_window,False,"{'revenue_growth_yoy': 13.209999999999999, 'eps_growth_yoy': 67.66, 'eps_next_year': 31.23, 'operating_margin': -14.610000000000001}",,Finviz via finvizfinance screener views,2026-09-17T23:30:36+02:00,2026-09-03,,14,PEAD_WINDOW,
AMGN,AMGEN Inc,finviz_prefilter,revenue_growth;eps_next_year,,price_min;market_cap_min;avg_volume_min;revenue_growth;eps_growth;eps_next_year;operating_margin;earnings_window,False,"{'revenue_growth_yoy': 9.82, 'eps_growth_yoy': 64.92999999999999, 'eps_next_year': 5.82, 'operating_margin': 33.31}",,Finviz via finvizfinance screener views,2026-09-17T23:30:36+02:00,2026-08-04,,44,NORMAL,
AMKR,AMKOR Technology Inc,finviz_prefilter,eps_next_year,,price_min;market_cap_min;avg_volume_min;revenue_growth;eps_growth;eps_next_year;operating_margin;earnings_window,False,"{'revenue_growth_yoy': 25.580000000000002, 'eps_growth_yoy': 216.52999999999997, 'eps_next_year': 8.84, 'operating_margin': 8.92}",,Finviz via finvizfinance screener views,2026-09-17T23:30:36+02:00,2026-07-27,,52,NORMAL,"{'failed_gate': 'eps_next_year', 'actual_value': 8.84, 'applicable_threshold': 15.0, 'distance_to_threshold': 6.16, 'distance_to_threshold_pct': 41.06666666666667, 'formula': 'minimo: distance = threshold - actual; pct = distance / abs(threshold) * 100'}"
AMRX,Amneal Pharmaceuticals Inc,finviz_prefilter,revenue_growth,,price_min;market_cap_min;avg_volume_min;revenue_growth;eps_growth;eps_next_year;operating_margin;earnings_window,False,"{'revenue_growth_yoy': 9.89, 'eps_growth_yoy': 152.81, 'eps_next_year': 17.19, 'operating_margin': 15.299999999999999}",,Finviz via finvizfinance screener views,2026-09-17T23:30:36+02:00,2026-07-30,,49,NORMAL,"{'failed_gate': 'revenue_growth', 'actual_value': 9.89, 'applicable_threshold': 20.0, 'distance_to_threshold': 10.11, 'distance_to_threshold_pct': 50.55, 'formula': 'minimo: distance = threshold - actual; pct = distance / abs(threshold) * 100'}"
AMZN,Amazon.com Inc,finviz_prefilter,revenue_growth;eps_next_year,,price_min;market_cap_min;avg_volume_min;revenue_growth;eps_growth;eps_next_year;operating_margin;earnings_window,False,"{'revenue_growth_yoy': 19.62, 'eps_growth_yoy': 241.82999999999998, 'eps_next_year': -16.83, 'operating_margin': 12.68}",,Finviz via finvizfinance screener views,2026-09-17T23:30:36+02:00,2026-07-30,,49,NORMAL,
APA,APA Corp,finviz_prefilter,revenue_growth;eps_growth;eps_next_year,,price_min;market_cap_min;avg_volume_min;revenue_growth;eps_growth;eps_next_year;operating_margin;earnings_window,False,"{'revenue_growth_yoy': 8.95, 'eps_growth_yoy': 26.33, 'eps_next_year': -28.89, 'operating_margin': 41.32}",,Finviz via finvizfinance screener views,2026-09-17T23:30:36+02:00,2026-08-05,,43,NORMAL,
APLD,Applied Digital Corp,finviz_prefilter,eps_growth;operating_margin,,price_min;market_cap_min;avg_volume_min;revenue_growth;eps_growth;eps_next_year;operating_margin;earnings_window,False,"{'revenue_growth_yoy': 580.68, 'eps_growth_yoy': -62.41, 'eps_next_year': 49.35, 'operating_margin': -29.73}",,Finviz via finvizfinance screener views,2026-09-17T23:30:36+02:00,2026-07-27,,52,NORMAL,
APPN,Appian Corp,finviz_prefilter,revenue_growth;eps_growth;operating_margin,,price_min;market_cap_min;avg_volume_min;revenue_growth;eps_growth;eps_next_year;operating_margin;earnings_window,False,"{'revenue_growth_yoy': 19.11, 'eps_growth_yoy': -3759.52, 'eps_next_year': 31.1, 'operating_margin': 4.37}",,Finviz via finvizfinance screener views,2026-09-17T23:30:36+02:00,2026-08-06,,42,NORMAL,
ARCC,Ares Capital Corp,finviz_prefilter,revenue_growth;eps_growth;eps_next_year,,price_min;market_cap_min;avg_volume_min;revenue_growth;eps_growth;eps_next_year;operating_margin;earnings_window,False,"{'revenue_growth_yoy': -7.3, 'eps_growth_yoy': -54.14, 'eps_next_year': 1.46, 'operating_margin': 58.03}",,Finviz via finvizfinance screener views,2026-09-17T23:30:36+02:00,2026-07-29,,50,NORMAL,
ARQT,Arcutis Biotherapeutics Inc,finviz_prefilter,operating_margin,,price_min;market_cap_min;avg_volume_min;revenue_growth;eps_growth;eps_next_year;operating_margin;earnings_window,False,"{'revenue_growth_yoy': 59.330000000000005, 'eps_growth_yoy': 188.25, 'eps_next_year': 166.67, 'operating_margin': 7.380000000000001}",,Finviz via finvizfinance screener views,2026-09-17T23:30:36+02:00,2026-08-05,,43,NORMAL,"{'failed_gate': 'operating_margin', 'actual_value': 7.380000000000001, 'applicable_threshold': 8.0, 'distance_to_threshold': 0.6199999999999992, 'distance_to_threshold_pct': 7.74999999999999, 'formula': 'minimo: distance = threshold - actual; pct = distance / abs(threshold) * 100'}"
ARWR,Arrowhead Pharmaceuticals Inc,finviz_prefilter,eps_growth;eps_next_year;operating_margin,,price_min;market_cap_min;avg_volume_min;revenue_growth;eps_growth;eps_next_year;operating_margin;earnings_window,False,"{'revenue_growth_yoy': 171.01999999999998, 'eps_growth_yoy': -7.51, 'eps_next_year': -31.36, 'operating_margin': -33.82}",,Finviz via finvizfinance screener views,2026-09-17T23:30:36+02:00,2026-08-04,,44,NORMAL,
ASO,Academy Sports and Outdoors Inc,finviz_prefilter,revenue_growth;eps_growth;eps_next_year,,price_min;market_cap_min;avg_volume_min;revenue_growth;eps_growth;eps_next_year;operating_margin;earnings_window,False,"{'revenue_growth_yoy': 2.97, 'eps_growth_yoy': 17.1, 'eps_next_year': 5.29, 'operating_margin': 9.55}",,Finviz via finvizfinance screener views,2026-09-17T23:30:36+02:00,2026-09-09,,8,PEAD_WINDOW,
ASST,Strive Inc,finviz_prefilter,revenue_growth;eps_growth;operating_margin,,price_min;market_cap_min;avg_volume_min;revenue_growth;eps_growth;eps_next_year;operating_margin;earnings_window,False,"{'revenue_growth_yoy': -19.2, 'eps_growth_yoy': -10.31, 'eps_next_year': 123.47, 'operating_margin': -14415.58}",,Finviz via finvizfinance screener views,2026-09-17T23:30:36+02:00,2026-08-10,,38,NORMAL,
ASTS,AST SpaceMobile Inc,finviz_prefilter,eps_growth;operating_margin,,price_min;market_cap_min;avg_volume_min;revenue_growth;eps_growth;eps_next_year;operating_margin;earnings_window,False,"{'revenue_growth_yoy': 2626.64, 'eps_growth_yoy': -88.0, 'eps_next_year': 45.8, 'operating_margin': -410.26}",,Finviz via finvizfinance screener views,2026-09-17T23:30:36+02:00,2026-08-10,,38,NORMAL,
ATRC,Atricure Inc,finviz_prefilter,revenue_growth;operating_margin,,price_min;market_cap_min;avg_volume_min;revenue_growth;eps_growth;eps_next_year;operating_margin;earnings_window,False,"{'revenue_growth_yoy': 12.83, 'eps_growth_yoy': 241.25, 'eps_next_year': 291.48, 'operating_margin': 2.44}",,Finviz via finvizfinance screener views,2026-09-17T23:30:36+02:00,2026-07-23,,56,NORMAL,
AUPH,Aurinia Pharmaceuticals Inc,finviz_prefilter,revenue_growth,,price_min;market_cap_min;avg_volume_min;revenue_growth;eps_growth;eps_next_year;operating_margin;earnings_window,False,"{'revenue_growth_yoy': 18.87, 'eps_growth_yoy': 79.16, 'eps_next_year': 24.79, 'operating_margin': 45.15}",,Finviz via finvizfinance screener views,2026-09-17T23:30:36+02:00,2026-08-06,,42,NORMAL,"{'failed_gate': 'revenue_growth', 'actual_value': 18.87, 'applicable_threshold': 20.0, 'distance_to_threshold': 1.129999999999999, 'distance_to_threshold_pct': 5.649999999999995, 'formula': 'minimo: distance = threshold - actual; pct = distance / abs(threshold) * 100'}"
AVAV,AeroVironment Inc,finviz_prefilter,revenue_growth;operating_margin,,price_min;market_cap_min;avg_volume_min;revenue_growth;eps_growth;eps_next_year;operating_margin;earnings_window,False,"{'revenue_growth_yoy': 5.680000000000001, 'eps_growth_yoy': 92.92, 'eps_next_year': 38.05, 'operating_margin': 0.73}",,Finviz via finvizfinance screener views,2026-09-17T23:30:36+02:00,2026-09-09,,8,PEAD_WINDOW,
AVT,Avnet Inc,finviz_prefilter,eps_next_year;operating_margin,,price_min;market_cap_min;avg_volume_min;revenue_growth;eps_growth;eps_next_year;operating_margin;earnings_window,False,"{'revenue_growth_yoy': 47.660000000000004, 'eps_growth_yoy': 1987.43, 'eps_next_year': 11.61, 'operating_margin': 3.11}",,Finviz via finvizfinance screener views,2026-09-17T23:30:36+02:00,2026-08-05,,43,NORMAL,
AXGN,Axogen Inc,finviz_prefilter,eps_growth;operating_margin,,price_min;market_cap_min;avg_volume_min;revenue_growth;eps_growth;eps_next_year;operating_margin;earnings_window,False,"{'revenue_growth_yoy': 23.06, 'eps_growth_yoy': -334.71000000000004, 'eps_next_year': 53.62, 'operating_margin': -5.12}",,Finviz via finvizfinance screener views,2026-09-17T23:30:36+02:00,2026-07-29,,50,NORMAL,
AXON,Axon Enterprise Inc,finviz_prefilter,eps_growth;operating_margin,,price_min;market_cap_min;avg_volume_min;revenue_growth;eps_growth;eps_next_year;operating_margin;earnings_window,False,"{'revenue_growth_yoy': 35.28, 'eps_growth_yoy': -19.0, 'eps_next_year': 37.8, 'operating_margin': 1.15}",,Finviz via finvizfinance screener views,2026-09-17T23:30:36+02:00,2026-08-05,,43,NORMAL,
AXSM,Axsome Therapeutics Inc,finviz_prefilter,eps_growth;operating_margin,,price_min;market_cap_min;avg_volume_min;revenue_growth;eps_growth;eps_next_year;operating_margin;earnings_window,False,"{'revenue_growth_yoy': 45.540000000000006, 'eps_growth_yoy': -2.09, 'eps_next_year': 274.15, 'operating_margin': -23.549999999999997}",,Finviz via finvizfinance screener views,2026-09-17T23:30:36+02:00,2026-08-10,,38,NORMAL,
AXTI,AXT Inc,finviz_prefilter,operating_margin,,price_min;market_cap_min;avg_volume_min;revenue_growth;eps_growth;eps_next_year;operating_margin;earnings_window,False,"{'revenue_growth_yoy': 164.76999999999998, 'eps_growth_yoy': 208.25, 'eps_next_year': 158.88, 'operating_margin': 3.09}",,Finviz via finvizfinance screener views,2026-09-17T23:30:36+02:00,2026-07-30,,49,NORMAL,"{'failed_gate': 'operating_margin', 'actual_value': 3.09, 'applicable_threshold': 8.0, 'distance_to_threshold': 4.91, 'distance_to_threshold_pct': 61.375, 'formula': 'minimo: distance = threshold - actual; pct = distance / abs(threshold) * 100'}"
BBIO,BridgeBio Pharma Inc,finviz_prefilter,eps_growth;operating_margin,,price_min;market_cap_min;avg_volume_min;revenue_growth;eps_growth;eps_next_year;operating_margin;earnings_window,False,"{'revenue_growth_yoy': 120.39, 'eps_growth_yoy': 18.57, 'eps_next_year': 103.05, 'operating_margin': -67.01}",,Finviz via finvizfinance screener views,2026-09-17T23:30:36+02:00,2026-08-10,,38,NORMAL,
BEAM,Beam Therapeutics Inc,finviz_prefilter,revenue_growth;eps_growth;eps_next_year;operating_margin,,price_min;market_cap_min;avg_volume_min;revenue_growth;eps_growth;eps_next_year;operating_margin;earnings_window,False,"{'revenue_growth_yoy': -94.21000000000001, 'eps_growth_yoy': -17.25, 'eps_next_year': -7.96, 'operating_margin': -242.26999999999998}",,Finviz via finvizfinance screener views,2026-09-17T23:30:36+02:00,2026-08-04,,44,NORMAL,
BHF,Brighthouse Financial Inc,finviz_prefilter,eps_next_year,,price_min;market_cap_min;avg_volume_min;revenue_growth;eps_growth;eps_next_year;operating_margin;earnings_window,False,"{'revenue_growth_yoy': 86.22, 'eps_growth_yoy': 1490.47, 'eps_next_year': 8.58, 'operating_margin': 16.939999999999998}",,Finviz via finvizfinance screener views,2026-09-17T23:30:36+02:00,2026-08-05,,43,NORMAL,"{'failed_gate': 'eps_next_year', 'actual_value': 8.58, 'applicable_threshold': 15.0, 'distance_to_threshold': 6.42, 'distance_to_threshold_pct': 42.8, 'formula': 'minimo: distance = threshold - actual; pct = distance / abs(threshold) * 100'}"
BIIB,Biogen Inc,finviz_prefilter,revenue_growth;eps_growth,,price_min;market_cap_min;avg_volume_min;revenue_growth;eps_growth;eps_next_year;operating_margin;earnings_window,False,"{'revenue_growth_yoy': 2.3800000000000003, 'eps_growth_yoy': -84.85000000000001, 'eps_next_year': 33.29, 'operating_margin': 19.5}",,Finviz via finvizfinance screener views,2026-09-17T23:30:36+02:00,2026-07-29,,50,NORMAL,
BKNG,Booking Holdings Inc,finviz_prefilter,revenue_growth,,price_min;market_cap_min;avg_volume_min;revenue_growth;eps_growth;eps_next_year;operating_margin;earnings_window,False,"{'revenue_growth_yoy': 8.15, 'eps_growth_yoy': 130.75, 'eps_next_year': 18.43, 'operating_margin': 35.17}",,Finviz via finvizfinance screener views,2026-09-17T23:30:36+02:00,2026-08-04,,44,NORMAL,"{'failed_gate': 'revenue_growth', 'actual_value': 8.15, 'applicable_threshold': 20.0, 'distance_to_threshold': 11.85, 'distance_to_threshold_pct': 59.25, 'formula': 'minimo: distance = threshold - actual; pct = distance / abs(threshold) * 100'}"
BKR,Baker Hughes Co,finviz_prefilter,revenue_growth;eps_growth;eps_next_year,,price_min;market_cap_min;avg_volume_min;revenue_growth;eps_growth;eps_next_year;operating_margin;earnings_window,False,"{'revenue_growth_yoy': -2.4299999999999997, 'eps_growth_yoy': -3.44, 'eps_next_year': 14.31, 'operating_margin': 12.959999999999999}",,Finviz via finvizfinance screener views,2026-09-17T23:30:36+02:00,2026-07-26,,53,NORMAL,
BMRN,Biomarin Pharmaceutical Inc,finviz_prefilter,eps_growth,,price_min;market_cap_min;avg_volume_min;revenue_growth;eps_growth;eps_next_year;operating_margin;earnings_window,False,"{'revenue_growth_yoy': 20.41, 'eps_growth_yoy': -81.28, 'eps_next_year': 32.55, 'operating_margin': 18.5}",,Finviz via finvizfinance screener views,2026-09-17T23:30:36+02:00,2026-08-06,,42,NORMAL,"{'failed_gate': 'eps_growth', 'actual_value': -81.28, 'applicable_threshold': 30.0, 'distance_to_threshold': 111.28, 'distance_to_threshold_pct': 370.93333333333334, 'formula': 'minimo: distance = threshold - actual; pct = distance / abs(threshold) * 100'}"
BRKR,Bruker Corp,finviz_prefilter,revenue_growth;eps_growth;eps_next_year,,price_min;market_cap_min;avg_volume_min;revenue_growth;eps_growth;eps_next_year;operating_margin;earnings_window,False,"{'revenue_growth_yoy': 5.1499999999999995, 'eps_growth_yoy': -924.3499999999999, 'eps_next_year': 12.78, 'operating_margin': 8.540000000000001}",,Finviz via finvizfinance screener views,2026-09-17T23:30:36+02:00,2026-08-04,,44,NORMAL,
BRZE,Braze Inc,finviz_prefilter,operating_margin,,price_min;market_cap_min;avg_volume_min;revenue_growth;eps_growth;eps_next_year;operating_margin;earnings_window,False,"{'revenue_growth_yoy': 26.16, 'eps_growth_yoy': 35.11, 'eps_next_year': 52.03, 'operating_margin': -13.19}",,Finviz via finvizfinance screener views,2026-09-17T23:30:36+02:00,2026-09-08,,9,PEAD_WINDOW,"{'failed_gate': 'operating_margin', 'actual_value': -13.19, 'applicable_threshold': 8.0, 'distance_to_threshold': 21.189999999999998, 'distance_to_threshold_pct': 264.875, 'formula': 'minimo: distance = threshold - actual; pct = distance / abs(threshold) * 100'}"
BSY,Bentley Systems Inc,finviz_prefilter,revenue_growth;eps_growth;eps_next_year,,price_min;market_cap_min;avg_volume_min;revenue_growth;eps_growth;eps_next_year;operating_margin;earnings_window,False,"{'revenue_growth_yoy': 12.8, 'eps_growth_yoy': 14.85, 'eps_next_year': 12.17, 'operating_margin': 24.37}",,Finviz via finvizfinance screener views,2026-09-17T23:30:36+02:00,2026-08-06,,42,NORMAL,
BTSG,BrightSpring Health Services Inc,finviz_prefilter,operating_margin,,price_min;market_cap_min;avg_volume_min;revenue_growth;eps_growth;eps_next_year;operating_margin;earnings_window,False,"{'revenue_growth_yoy': 23.05, 'eps_growth_yoy': 201.76, 'eps_next_year': 26.86, 'operating_margin': 3.6799999999999997}",,Finviz via finvizfinance screener views,2026-09-17T23:30:36+02:00,2026-07-31,,48,NORMAL,"{'failed_gate': 'operating_margin', 'actual_value': 3.6799999999999997, 'applicable_threshold': 8.0, 'distance_to_threshold': 4.32, 'distance_to_threshold_pct': 54.0, 'formula': 'minimo: distance = threshold - actual; pct = distance / abs(threshold) * 100'}"
BUSE,First Busey Corp,finviz_prefilter,revenue_growth;eps_next_year,,price_min;market_cap_min;avg_volume_min;revenue_growth;eps_growth;eps_next_year;operating_margin;earnings_window,False,"{'revenue_growth_yoy': -6.94, 'eps_growth_yoy': 31.97, 'eps_next_year': 7.13, 'operating_margin': 27.32}",,Finviz via finvizfinance screener views,2026-09-17T23:30:36+02:00,2026-07-28,,51,NORMAL,
BWIN,Baldwin Insurance Group Inc,finviz_prefilter,eps_growth;operating_margin,,price_min;market_cap_min;avg_volume_min;revenue_growth;eps_growth;eps_next_year;operating_margin;earnings_window,False,"{'revenue_growth_yoy': 30.130000000000003, 'eps_growth_yoy': -804.09, 'eps_next_year': 23.4, 'operating_margin': -2.65}",,Finviz via finvizfinance screener views,2026-09-17T23:30:36+02:00,2026-07-30,,49,NORMAL,
CAKE,Cheesecake Factory Inc,finviz_prefilter,revenue_growth;eps_growth;eps_next_year;operating_margin,,price_min;market_cap_min;avg_volume_min;revenue_growth;eps_growth;eps_next_year;operating_margin;earnings_window,False,"{'revenue_growth_yoy': 7.720000000000001, 'eps_growth_yoy': 23.78, 'eps_next_year': 10.72, 'operating_margin': 6.98}",,Finviz via finvizfinance screener views,2026-09-17T23:30:36+02:00,2026-07-28,,51,NORMAL,
CALM,Cal-Maine Foods Inc,finviz_prefilter,revenue_growth;eps_growth,,price_min;market_cap_min;avg_volume_min;revenue_growth;eps_growth;eps_next_year;operating_margin;earnings_window,False,"{'revenue_growth_yoy': -49.93, 'eps_growth_yoy': -110.85000000000001, 'eps_next_year': 118.25, 'operating_margin': 11.790000000000001}",,Finviz via finvizfinance screener views,2026-09-17T23:30:36+02:00,2026-09-30,13,,NORMAL,
CARG,CarGurus Inc,finviz_prefilter,revenue_growth,,price_min;market_cap_min;avg_volume_min;revenue_growth;eps_growth;eps_next_year;operating_margin;earnings_window,False,"{'revenue_growth_yoy': 7.24, 'eps_growth_yoy': 142.2, 'eps_next_year': 15.2, 'operating_margin': 25.71}",,Finviz via finvizfinance screener views,2026-09-17T23:30:36+02:00,2026-08-06,,42,NORMAL,"{'failed_gate': 'revenue_growth', 'actual_value': 7.24, 'applicable_threshold': 20.0, 'distance_to_threshold': 12.76, 'distance_to_threshold_pct': 63.800000000000004, 'formula': 'minimo: distance = threshold - actual; pct = distance / abs(threshold) * 100'}"
CART,Maplebear Inc,finviz_prefilter,revenue_growth;eps_growth,,price_min;market_cap_min;avg_volume_min;revenue_growth;eps_growth;eps_next_year;operating_margin;earnings_window,False,"{'revenue_growth_yoy': 14.11, 'eps_growth_yoy': 8.12, 'eps_next_year': 26.88, 'operating_margin': 16.68}",,Finviz via finvizfinance screener views,2026-09-17T23:30:36+02:00,2026-08-06,,42,NORMAL,
CBC,Central Bancompany Inc,finviz_prefilter,revenue_growth;eps_growth;eps_next_year,,price_min;market_cap_min;avg_volume_min;revenue_growth;eps_growth;eps_next_year;operating_margin;earnings_window,False,"{'revenue_growth_yoy': 7.109999999999999, 'eps_growth_yoy': 14.59, 'eps_next_year': 6.3, 'operating_margin': 43.47}",,Finviz via finvizfinance screener views,2026-09-17T23:30:36+02:00,2026-08-04,,44,NORMAL,
CBRS,Cerebras Systems Inc,finviz_prefilter,eps_growth;operating_margin,,price_min;market_cap_min;avg_volume_min;revenue_growth;eps_growth;eps_next_year;operating_margin;earnings_window,False,"{'revenue_growth_yoy': 74.32, 'eps_growth_yoy': -237.27999999999997, 'eps_next_year': None, 'operating_margin': -81.17}",,Finviz via finvizfinance screener views,2026-09-17T23:30:36+02:00,2026-08-12,,36,NORMAL,
CBSH,Commerce Bancshares Inc,finviz_prefilter,revenue_growth;eps_growth;eps_next_year,,price_min;market_cap_min;avg_volume_min;revenue_growth;eps_growth;eps_next_year;operating_margin;earnings_window,False,"{'revenue_growth_yoy': 14.280000000000001, 'eps_growth_yoy': 1.17, 'eps_next_year': 7.85, 'operating_margin': 33.739999999999995}",,Finviz via finvizfinance screener views,2026-09-17T23:30:36+02:00,2026-07-16,,63,NORMAL,
CCEP,Coca-Cola Europacific Partners Plc,finviz_prefilter,revenue_growth;eps_next_year,,price_min;market_cap_min;avg_volume_min;revenue_growth;eps_growth;eps_next_year;operating_margin;earnings_window,False,"{'revenue_growth_yoy': 1.72, 'eps_growth_yoy': 307.05, 'eps_next_year': 9.17, 'operating_margin': 13.54}",,Finviz via finvizfinance screener views,2026-09-17T23:30:36+02:00,2026-08-04,,44,NORMAL,
CDNA,Caredx Inc,finviz_prefilter,eps_next_year;operating_margin,,price_min;market_cap_min;avg_volume_min;revenue_growth;eps_growth;eps_next_year;operating_margin;earnings_window,False,"{'revenue_growth_yoy': 52.23, 'eps_growth_yoy': 1412.42, 'eps_next_year': 10.31, 'operating_margin': -0.4}",,Finviz via finvizfinance screener views,2026-09-17T23:30:36+02:00,2026-07-30,,49,NORMAL,
CDW,CDW Corp,finviz_prefilter,revenue_growth;eps_growth;eps_next_year;operating_margin,,price_min;market_cap_min;avg_volume_min;revenue_growth;eps_growth;eps_next_year;operating_margin;earnings_window,False,"{'revenue_growth_yoy': 9.969999999999999, 'eps_growth_yoy': 5.1499999999999995, 'eps_next_year': 10.0, 'operating_margin': 7.17}",,Finviz via finvizfinance screener views,2026-09-17T23:30:36+02:00,2026-08-05,,43,NORMAL,
CECO,Ceco Environmental Corp,finviz_prefilter,eps_growth;operating_margin,,price_min;market_cap_min;avg_volume_min;revenue_growth;eps_growth;eps_next_year;operating_margin;earnings_window,False,"{'revenue_growth_yoy': 53.71, 'eps_growth_yoy': -408.65, 'eps_next_year': 37.11, 'operating_margin': 5.82}",,Finviz via finvizfinance screener views,2026-09-17T23:30:36+02:00,2026-08-10,,38,NORMAL,
CEG,Constellation Energy Corp,finviz_prefilter,eps_growth;eps_next_year,,price_min;market_cap_min;avg_volume_min;revenue_growth;eps_growth;eps_next_year;operating_margin;earnings_window,False,"{'revenue_growth_yoy': 38.56, 'eps_growth_yoy': -46.67, 'eps_next_year': 10.24, 'operating_margin': 14.93}",,Finviz via finvizfinance screener views,2026-09-17T23:30:36+02:00,2026-08-06,,42,NORMAL,
CELH,Celsius Holdings Inc,finviz_prefilter,revenue_growth;eps_growth,,price_min;market_cap_min;avg_volume_min;revenue_growth;eps_growth;eps_next_year;operating_margin;earnings_window,False,"{'revenue_growth_yoy': 10.639999999999999, 'eps_growth_yoy': -56.95, 'eps_next_year': 20.47, 'operating_margin': 19.2}",,Finviz via finvizfinance screener views,2026-09-17T23:30:36+02:00,2026-08-06,,42,NORMAL,
CENX,Century Aluminum Co,finviz_prefilter,revenue_growth;eps_next_year,,price_min;market_cap_min;avg_volume_min;revenue_growth;eps_growth;eps_next_year;operating_margin;earnings_window,False,"{'revenue_growth_yoy': 19.74, 'eps_growth_yoy': 4938.74, 'eps_next_year': 11.95, 'operating_margin': 14.87}",,Finviz via finvizfinance screener views,2026-09-17T23:30:36+02:00,2026-08-06,,42,NORMAL,
CG,Carlyle Group Inc,finviz_prefilter,revenue_growth;eps_growth,,price_min;market_cap_min;avg_volume_min;revenue_growth;eps_growth;eps_next_year;operating_margin;earnings_window,False,"{'revenue_growth_yoy': -43.91, 'eps_growth_yoy': -57.15, 'eps_next_year': 40.66, 'operating_margin': 14.38}",,Finviz via finvizfinance screener views,2026-09-17T23:30:36+02:00,2026-08-05,,43,NORMAL,
CGNX,Cognex Corp,finviz_prefilter,revenue_growth,,price_min;market_cap_min;avg_volume_min;revenue_growth;eps_growth;eps_next_year;operating_margin;earnings_window,False,"{'revenue_growth_yoy': 16.93, 'eps_growth_yoy': 78.11, 'eps_next_year': 19.38, 'operating_margin': 21.9}",,Finviz via finvizfinance screener views,2026-09-17T23:30:36+02:00,2026-08-05,,43,NORMAL,"{'failed_gate': 'revenue_growth', 'actual_value': 16.93, 'applicable_threshold': 20.0, 'distance_to_threshold': 3.0700000000000003, 'distance_to_threshold_pct': 15.350000000000003, 'formula': 'minimo: distance = threshold - actual; pct = distance / abs(threshold) * 100'}"
CGON,Cg Oncology Inc,finviz_prefilter,eps_next_year;operating_margin,revenue_growth;eps_growth,price_min;market_cap_min;avg_volume_min;eps_next_year;operating_margin;earnings_window,False,"{'revenue_growth_yoy': None, 'eps_growth_yoy': -64.91, 'eps_next_year': 5.64, 'operating_margin': -4056.18}",,Finviz via finvizfinance screener views,2026-09-17T23:30:36+02:00,2026-08-06,,42,NORMAL,
CHDN,Churchill Downs Inc,finviz_prefilter,revenue_growth;eps_growth;eps_next_year,,price_min;market_cap_min;avg_volume_min;revenue_growth;eps_growth;eps_next_year;operating_margin;earnings_window,False,"{'revenue_growth_yoy': 4.88, 'eps_growth_yoy': 14.499999999999998, 'eps_next_year': 6.69, 'operating_margin': 25.81}",,Finviz via finvizfinance screener views,2026-09-17T23:30:36+02:00,2026-07-29,,50,NORMAL,
CHKP,Check Point Software Technologies Ltd,finviz_prefilter,revenue_growth;eps_growth;eps_next_year,,price_min;market_cap_min;avg_volume_min;revenue_growth;eps_growth;eps_next_year;operating_margin;earnings_window,False,"{'revenue_growth_yoy': 1.26, 'eps_growth_yoy': 1.9300000000000002, 'eps_next_year': 8.03, 'operating_margin': 29.020000000000003}",,Finviz via finvizfinance screener views,2026-09-17T23:30:36+02:00,2026-07-30,,49,NORMAL,
CHRD,Chord Energy Corp,finviz_prefilter,eps_next_year,,price_min;market_cap_min;avg_volume_min;revenue_growth;eps_growth;eps_next_year;operating_margin;earnings_window,False,"{'revenue_growth_yoy': 84.04, 'eps_growth_yoy': 237.04999999999998, 'eps_next_year': -27.34, 'operating_margin': 18.93}",,Finviz via finvizfinance screener views,2026-09-17T23:30:36+02:00,2026-08-05,,43,NORMAL,"{'failed_gate': 'eps_next_year', 'actual_value': -27.34, 'applicable_threshold': 15.0, 'distance_to_threshold': 42.34, 'distance_to_threshold_pct': 282.2666666666667, 'formula': 'minimo: distance = threshold - actual; pct = distance / abs(threshold) * 100'}"
CHRW,C.H. Robinson Worldwide Inc,finviz_prefilter,revenue_growth;eps_growth;operating_margin,,price_min;market_cap_min;avg_volume_min;revenue_growth;eps_growth;eps_next_year;operating_margin;earnings_window,False,"{'revenue_growth_yoy': 19.28, 'eps_growth_yoy': 23.810000000000002, 'eps_next_year': 20.54, 'operating_margin': 4.91}",,Finviz via finvizfinance screener views,2026-09-17T23:30:36+02:00,2026-07-29,,50,NORMAL,
CHTR,Charter Communications Inc,finviz_prefilter,revenue_growth;eps_growth;eps_next_year,,price_min;market_cap_min;avg_volume_min;revenue_growth;eps_growth;eps_next_year;operating_margin;earnings_window,False,"{'revenue_growth_yoy': -1.7399999999999998, 'eps_growth_yoy': 16.04, 'eps_next_year': 8.03, 'operating_margin': 23.98}",,Finviz via finvizfinance screener views,2026-09-17T23:30:36+02:00,2026-07-24,,55,NORMAL,
CHYM,Chime Financial Inc,finviz_prefilter,revenue_growth;operating_margin,,price_min;market_cap_min;avg_volume_min;revenue_growth;eps_growth;eps_next_year;operating_margin;earnings_window,False,"{'revenue_growth_yoy': 10.61, 'eps_growth_yoy': 102.84, 'eps_next_year': 102.97, 'operating_margin': -0.83}",,Finviz via finvizfinance screener views,2026-09-17T23:30:36+02:00,2026-08-05,,43,NORMAL,
CIFR,Cipher Digital Inc,finviz_prefilter,revenue_growth;eps_growth;operating_margin,,price_min;market_cap_min;avg_volume_min;revenue_growth;eps_growth;eps_next_year;operating_margin;earnings_window,False,"{'revenue_growth_yoy': -42.99, 'eps_growth_yoy': -435.21999999999997, 'eps_next_year': 79.09, 'operating_margin': -112.79999999999998}",,Finviz via finvizfinance screener views,2026-09-17T23:30:36+02:00,2026-08-04,,44,NORMAL,
CLDX,Celldex Therapeutics Inc,finviz_prefilter,revenue_growth;eps_growth;eps_next_year;operating_margin,,price_min;market_cap_min;avg_volume_min;revenue_growth;eps_growth;eps_next_year;operating_margin;earnings_window,False,"{'revenue_growth_yoy': -96.99, 'eps_growth_yoy': -10.77, 'eps_next_year': -1.1, 'operating_margin': -206220.25}",,Finviz via finvizfinance screener views,2026-09-17T23:30:36+02:00,2026-08-06,,42,NORMAL,
CLMT,Calumet Inc,finviz_prefilter,operating_margin,,price_min;market_cap_min;avg_volume_min;revenue_growth;eps_growth;eps_next_year;operating_margin;earnings_window,False,"{'revenue_growth_yoy': 40.77, 'eps_growth_yoy': 35.75, 'eps_next_year': 198.28, 'operating_margin': 1.1900000000000002}",,Finviz via finvizfinance screener views,2026-09-17T23:30:36+02:00,2026-08-07,,41,NORMAL,"{'failed_gate': 'operating_margin', 'actual_value': 1.1900000000000002, 'applicable_threshold': 8.0, 'distance_to_threshold': 6.81, 'distance_to_threshold_pct': 85.125, 'formula': 'minimo: distance = threshold - actual; pct = distance / abs(threshold) * 100'}"
CMCSA,Comcast Corp,finviz_prefilter,revenue_growth;eps_growth;eps_next_year,,price_min;market_cap_min;avg_volume_min;revenue_growth;eps_growth;eps_next_year;operating_margin;earnings_window,False,"{'revenue_growth_yoy': -1.23, 'eps_growth_yoy': -66.9, 'eps_next_year': 2.51, 'operating_margin': 14.85}",,Finviz via finvizfinance screener views,2026-09-17T23:30:36+02:00,2026-07-23,,56,NORMAL,
CME,CME Group Inc,finviz_prefilter,revenue_growth;eps_growth;eps_next_year,,price_min;market_cap_min;avg_volume_min;revenue_growth;eps_growth;eps_next_year;operating_margin;earnings_window,False,"{'revenue_growth_yoy': 0.84, 'eps_growth_yoy': 2.6599999999999997, 'eps_next_year': 5.5, 'operating_margin': 65.10000000000001}",,Finviz via finvizfinance screener views,2026-09-17T23:30:36+02:00,2026-07-22,,57,NORMAL,
COCO,Vita Coco Company Inc,finviz_prefilter,eps_next_year,,price_min;market_cap_min;avg_volume_min;revenue_growth;eps_growth;eps_next_year;operating_margin;earnings_window,False,"{'revenue_growth_yoy': 28.08, 'eps_growth_yoy': 112.29, 'eps_next_year': 12.11, 'operating_margin': 19.1}",,Finviz via finvizfinance screener views,2026-09-17T23:30:36+02:00,2026-07-23,,56,NORMAL,"{'failed_gate': 'eps_next_year', 'actual_value': 12.11, 'applicable_threshold': 15.0, 'distance_to_threshold': 2.8900000000000006, 'distance_to_threshold_pct': 19.26666666666667, 'formula': 'minimo: distance = threshold - actual; pct = distance / abs(threshold) * 100'}"
COHU,Cohu Inc,finviz_prefilter,operating_margin,,price_min;market_cap_min;avg_volume_min;revenue_growth;eps_growth;eps_next_year;operating_margin;earnings_window,False,"{'revenue_growth_yoy': 38.37, 'eps_growth_yoy': 99.06, 'eps_next_year': 94.34, 'operating_margin': -6.38}",,Finviz via finvizfinance screener views,2026-09-17T23:30:36+02:00,2026-07-30,,49,NORMAL,"{'failed_gate': 'operating_margin', 'actual_value': -6.38, 'applicable_threshold': 8.0, 'distance_to_threshold': 14.379999999999999, 'distance_to_threshold_pct': 179.75, 'formula': 'minimo: distance = threshold - actual; pct = distance / abs(threshold) * 100'}"
COIN,Coinbase Global Inc,finviz_prefilter,revenue_growth;eps_growth;operating_margin,,price_min;market_cap_min;avg_volume_min;revenue_growth;eps_growth;eps_next_year;operating_margin;earnings_window,False,"{'revenue_growth_yoy': -61.1, 'eps_growth_yoy': -126.57000000000001, 'eps_next_year': 182.37, 'operating_margin': -37.56}",,Finviz via finvizfinance screener views,2026-09-17T23:30:36+02:00,2026-07-30,,49,NORMAL,
COLB,Columbia Banking System Inc,finviz_prefilter,eps_growth;eps_next_year,,price_min;market_cap_min;avg_volume_min;revenue_growth;eps_growth;eps_next_year;operating_margin;earnings_window,False,"{'revenue_growth_yoy': 21.959999999999997, 'eps_growth_yoy': 0.03, 'eps_next_year': 8.4, 'operating_margin': 30.620000000000005}",,Finviz via finvizfinance screener views,2026-09-17T23:30:36+02:00,2026-07-23,,56,NORMAL,
COO,Cooper Companies Inc,finviz_prefilter,revenue_growth;eps_next_year,,price_min;market_cap_min;avg_volume_min;revenue_growth;eps_growth;eps_next_year;operating_margin;earnings_window,False,"{'revenue_growth_yoy': 0.5599999999999999, 'eps_growth_yoy': 355.3, 'eps_next_year': 3.6, 'operating_margin': 19.259999999999998}",,Finviz via finvizfinance screener views,2026-09-17T23:30:36+02:00,2026-09-09,,8,PEAD_WINDOW,
CORT,Corcept Therapeutics Inc,finviz_prefilter,eps_growth;operating_margin,,price_min;market_cap_min;avg_volume_min;revenue_growth;eps_growth;eps_next_year;operating_margin;earnings_window,False,"{'revenue_growth_yoy': 31.740000000000002, 'eps_growth_yoy': 23.91, 'eps_next_year': 108.21, 'operating_margin': 0.77}",,Finviz via finvizfinance screener views,2026-09-17T23:30:36+02:00,2026-07-29,,50,NORMAL,
CORZ,Core Scientific Inc,finviz_prefilter,eps_growth;operating_margin,,price_min;market_cap_min;avg_volume_min;revenue_growth;eps_growth;eps_next_year;operating_margin;earnings_window,False,"{'revenue_growth_yoy': 108.83, 'eps_growth_yoy': -7868.82, 'eps_next_year': 106.06, 'operating_margin': -30.620000000000005}",,Finviz via finvizfinance screener views,2026-09-17T23:30:36+02:00,2026-07-28,,51,NORMAL,
COST,Costco Wholesale Corp,finviz_prefilter,revenue_growth;eps_growth;eps_next_year;operating_margin;earnings_window,,price_min;market_cap_min;avg_volume_min;revenue_growth;eps_growth;eps_next_year;operating_margin;earnings_window,False,"{'revenue_growth_yoy': 11.58, 'eps_growth_yoy': 15.27, 'eps_next_year': 10.5, 'operating_margin': 3.82}",,Finviz via finvizfinance screener views,2026-09-17T23:30:36+02:00,2026-09-24,7,,PRE_EARNINGS_BLACKOUT,
CPB,Campbells Co,finviz_prefilter,revenue_growth;eps_growth;eps_next_year,,price_min;market_cap_min;avg_volume_min;revenue_growth;eps_growth;eps_next_year;operating_margin;earnings_window,False,"{'revenue_growth_yoy': -7.93, 'eps_growth_yoy': -146.8, 'eps_next_year': 6.86, 'operating_margin': 9.56}",,Finviz via finvizfinance screener views,2026-09-17T23:30:36+02:00,2026-09-03,,14,PEAD_WINDOW,
CPRT,Copart Inc,finviz_prefilter,revenue_growth;eps_growth;eps_next_year,,price_min;market_cap_min;avg_volume_min;revenue_growth;eps_growth;eps_next_year;operating_margin;earnings_window,False,"{'revenue_growth_yoy': 2.4299999999999997, 'eps_growth_yoy': -13.34, 'eps_next_year': 8.68, 'operating_margin': 35.42}",,Finviz via finvizfinance screener views,2026-09-17T23:30:36+02:00,2026-09-10,,7,PEAD_WINDOW,
CROX,Crocs Inc,finviz_prefilter,revenue_growth;eps_next_year,,price_min;market_cap_min;avg_volume_min;revenue_growth;eps_growth;eps_next_year;operating_margin;earnings_window,False,"{'revenue_growth_yoy': 2.62, 'eps_growth_yoy': 146.78, 'eps_next_year': 7.14, 'operating_margin': 20.810000000000002}",,Finviz via finvizfinance screener views,2026-09-17T23:30:36+02:00,2026-07-30,,49,NORMAL,
CRSP,CRISPR Therapeutics AG,finviz_prefilter,operating_margin,,price_min;market_cap_min;avg_volume_min;revenue_growth;eps_growth;eps_next_year;operating_margin;earnings_window,False,"{'revenue_growth_yoy': 1041.3700000000001, 'eps_growth_yoy': 60.57, 'eps_next_year': 25.73, 'operating_margin': -3971.5299999999997}",,Finviz via finvizfinance screener views,2026-09-17T23:30:36+02:00,2026-08-03,,45,NORMAL,"{'failed_gate': 'operating_margin', 'actual_value': -3971.5299999999997, 'applicable_threshold': 8.0, 'distance_to_threshold': 3979.5299999999997, 'distance_to_threshold_pct': 49744.125, 'formula': 'minimo: distance = threshold - actual; pct = distance / abs(threshold) * 100'}"
CRUS,Cirrus Logic Inc,finviz_prefilter,revenue_growth;eps_growth;eps_next_year,,price_min;market_cap_min;avg_volume_min;revenue_growth;eps_growth;eps_next_year;operating_margin;earnings_window,False,"{'revenue_growth_yoy': 12.879999999999999, 'eps_growth_yoy': 28.939999999999998, 'eps_next_year': 5.56, 'operating_margin': 23.05}",,Finviz via finvizfinance screener views,2026-09-17T23:30:36+02:00,2026-08-05,,43,NORMAL,
CRWD,Crowdstrike Holdings Inc,finviz_prefilter,operating_margin,,price_min;market_cap_min;avg_volume_min;revenue_growth;eps_growth;eps_next_year;operating_margin;earnings_window,False,"{'revenue_growth_yoy': 25.83, 'eps_growth_yoy': 106.56000000000002, 'eps_next_year': 27.49, 'operating_margin': -1.23}",,Finviz via finvizfinance screener views,2026-09-17T23:30:36+02:00,2026-08-26,,22,NORMAL,"{'failed_gate': 'operating_margin', 'actual_value': -1.23, 'applicable_threshold': 8.0, 'distance_to_threshold': 9.23, 'distance_to_threshold_pct': 115.375, 'formula': 'minimo: distance = threshold - actual; pct = distance / abs(threshold) * 100'}"
CRWV,CoreWeave Inc,finviz_prefilter,eps_growth;operating_margin,,price_min;market_cap_min;avg_volume_min;revenue_growth;eps_growth;eps_next_year;operating_margin;earnings_window,False,"{'revenue_growth_yoy': 112.32, 'eps_growth_yoy': -79.2, 'eps_next_year': 50.76, 'operating_margin': -3.0300000000000002}",,Finviz via finvizfinance screener views,2026-09-17T23:30:36+02:00,2026-08-11,,37,NORMAL,
CSCO,Cisco Systems Inc,finviz_prefilter,revenue_growth;eps_next_year,,price_min;market_cap_min;avg_volume_min;revenue_growth;eps_growth;eps_next_year;operating_margin;earnings_window,False,"{'revenue_growth_yoy': 17.580000000000002, 'eps_growth_yoy': 36.96, 'eps_next_year': 9.21, 'operating_margin': 25.16}",,Finviz via finvizfinance screener views,2026-09-17T23:30:36+02:00,2026-08-12,,36,NORMAL,
CSGP,Costar Group Inc,finviz_prefilter,revenue_growth;operating_margin,,price_min;market_cap_min;avg_volume_min;revenue_growth;eps_growth;eps_next_year;operating_margin;earnings_window,False,"{'revenue_growth_yoy': 18.39, 'eps_growth_yoy': 831.5099999999999, 'eps_next_year': 25.61, 'operating_margin': 2.4299999999999997}",,Finviz via finvizfinance screener views,2026-09-17T23:30:36+02:00,2026-07-28,,51,NORMAL,
CSX,CSX Corp,finviz_prefilter,revenue_growth;eps_growth;eps_next_year,,price_min;market_cap_min;avg_volume_min;revenue_growth;eps_growth;eps_next_year;operating_margin;earnings_window,False,"{'revenue_growth_yoy': 10.100000000000001, 'eps_growth_yoy': 21.78, 'eps_next_year': 13.34, 'operating_margin': 35.27}",,Finviz via finvizfinance screener views,2026-09-17T23:30:36+02:00,2026-07-22,,57,NORMAL,
CTAS,Cintas Corp,finviz_prefilter,revenue_growth;eps_growth;eps_next_year;earnings_window,,price_min;market_cap_min;avg_volume_min;revenue_growth;eps_growth;eps_next_year;operating_margin;earnings_window,False,"{'revenue_growth_yoy': 8.9, 'eps_growth_yoy': 15.559999999999999, 'eps_next_year': 11.44, 'operating_margin': 23.26}",,Finviz via finvizfinance screener views,2026-09-17T23:30:36+02:00,2026-09-23,6,,PRE_EARNINGS_BLACKOUT,
CTSH,Cognizant Technology Solutions Corp,finviz_prefilter,revenue_growth;eps_growth;eps_next_year,,price_min;market_cap_min;avg_volume_min;revenue_growth;eps_growth;eps_next_year;operating_margin;earnings_window,False,"{'revenue_growth_yoy': 4.5, 'eps_growth_yoy': 4.1000000000000005, 'eps_next_year': 9.76, 'operating_margin': 16.11}",,Finviz via finvizfinance screener views,2026-09-17T23:30:36+02:00,2026-07-29,,50,NORMAL,
CVBF,CVB Financial Corp,finviz_prefilter,eps_growth,,price_min;market_cap_min;avg_volume_min;revenue_growth;eps_growth;eps_next_year;operating_margin;earnings_window,False,"{'revenue_growth_yoy': 37.86, 'eps_growth_yoy': -21.58, 'eps_next_year': 31.93, 'operating_margin': 43.64}",,Finviz via finvizfinance screener views,2026-09-17T23:30:36+02:00,2026-07-22,,57,NORMAL,"{'failed_gate': 'eps_growth', 'actual_value': -21.58, 'applicable_threshold': 30.0, 'distance_to_threshold': 51.58, 'distance_to_threshold_pct': 171.93333333333334, 'formula': 'minimo: distance = threshold - actual; pct = distance / abs(threshold) * 100'}"
CYTK,Cytokinetics Inc,finviz_prefilter,revenue_growth;eps_growth;operating_margin,,price_min;market_cap_min;avg_volume_min;revenue_growth;eps_growth;eps_next_year;operating_margin;earnings_window,False,"{'revenue_growth_yoy': -57.13, 'eps_growth_yoy': -33.78, 'eps_next_year': 26.06, 'operating_margin': -1046.12}",,Finviz via finvizfinance screener views,2026-09-17T23:30:36+02:00,2026-08-06,,42,NORMAL,
CZR,Caesars Entertainment Inc,finviz_prefilter,revenue_growth;eps_growth,,price_min;market_cap_min;avg_volume_min;revenue_growth;eps_growth;eps_next_year;operating_margin;earnings_window,False,"{'revenue_growth_yoy': 2.96, 'eps_growth_yoy': 22.53, 'eps_next_year': 125.24, 'operating_margin': 17.69}",,Finviz via finvizfinance screener views,2026-09-17T23:30:36+02:00,2026-07-28,,51,NORMAL,
DASH,DoorDash Inc,finviz_prefilter,eps_growth;operating_margin,,price_min;market_cap_min;avg_volume_min;revenue_growth;eps_growth;eps_next_year;operating_margin;earnings_window,False,"{'revenue_growth_yoy': 35.63, 'eps_growth_yoy': -29.98, 'eps_next_year': 79.73, 'operating_margin': 5.46}",,Finviz via finvizfinance screener views,2026-09-17T23:30:36+02:00,2026-08-05,,43,NORMAL,
DBX,Dropbox Inc,finviz_prefilter,revenue_growth;eps_growth;eps_next_year,,price_min;market_cap_min;avg_volume_min;revenue_growth;eps_growth;eps_next_year;operating_margin;earnings_window,False,"{'revenue_growth_yoy': 0.9299999999999999, 'eps_growth_yoy': -6.94, 'eps_next_year': 8.34, 'operating_margin': 26.5}",,Finviz via finvizfinance screener views,2026-09-17T23:30:36+02:00,2026-08-06,,42,NORMAL,
DDOG,Datadog Inc,finviz_prefilter,operating_margin,,price_min;market_cap_min;avg_volume_min;revenue_growth;eps_growth;eps_next_year;operating_margin;earnings_window,False,"{'revenue_growth_yoy': 35.64, 'eps_growth_yoy': 1551.3500000000001, 'eps_next_year': 16.96, 'operating_margin': 0.48}",,Finviz via finvizfinance screener views,2026-09-17T23:30:36+02:00,2026-08-06,,42,NORMAL,"{'failed_gate': 'operating_margin', 'actual_value': 0.48, 'applicable_threshold': 8.0, 'distance_to_threshold': 7.52, 'distance_to_threshold_pct': 94.0, 'formula': 'minimo: distance = threshold - actual; pct = distance / abs(threshold) * 100'}"
DKNG,DraftKings Inc,finviz_prefilter,revenue_growth;eps_growth;operating_margin,,price_min;market_cap_min;avg_volume_min;revenue_growth;eps_growth;eps_next_year;operating_margin;earnings_window,False,"{'revenue_growth_yoy': -4.58, 'eps_growth_yoy': -145.99, 'eps_next_year': 635.01, 'operating_margin': -2.83}",,Finviz via finvizfinance screener views,2026-09-17T23:30:36+02:00,2026-08-06,,42,NORMAL,
DLTR,Dollar Tree Inc,finviz_prefilter,revenue_growth;eps_next_year,,price_min;market_cap_min;avg_volume_min;revenue_growth;eps_growth;eps_next_year;operating_margin;earnings_window,False,"{'revenue_growth_yoy': 7.02, 'eps_growth_yoy': 197.28, 'eps_next_year': 0.33, 'operating_margin': 10.54}",,Finviz via finvizfinance screener views,2026-09-17T23:30:36+02:00,2026-08-27,,21,NORMAL,
DNLI,Denali Therapeutics Inc,finviz_prefilter,eps_next_year;operating_margin,revenue_growth;eps_growth,price_min;market_cap_min;avg_volume_min;eps_next_year;operating_margin;earnings_window,False,"{'revenue_growth_yoy': None, 'eps_growth_yoy': 5.93, 'eps_next_year': -2.4, 'operating_margin': -15058.189999999999}",,Finviz via finvizfinance screener views,2026-09-17T23:30:36+02:00,2026-08-06,,42,NORMAL,
DNTH,Dianthus Therapeutics Inc,finviz_prefilter,eps_growth;eps_next_year;operating_margin,,price_min;market_cap_min;avg_volume_min;revenue_growth;eps_growth;eps_next_year;operating_margin;earnings_window,False,"{'revenue_growth_yoy': 294.3, 'eps_growth_yoy': -1.51, 'eps_next_year': -20.63, 'operating_margin': -11441.39}",,Finviz via finvizfinance screener views,2026-09-17T23:30:36+02:00,2026-08-04,,44,NORMAL,
DOCU,DocuSign Inc,finviz_prefilter,revenue_growth;eps_next_year,,price_min;market_cap_min;avg_volume_min;revenue_growth;eps_growth;eps_next_year;operating_margin;earnings_window,False,"{'revenue_growth_yoy': 9.379999999999999, 'eps_growth_yoy': 34.81, 'eps_next_year': 12.8, 'operating_margin': 11.959999999999999}",,Finviz via finvizfinance screener views,2026-09-17T23:30:36+02:00,2026-09-03,,14,PEAD_WINDOW,
DOX,Amdocs Ltd,finviz_prefilter,revenue_growth;eps_growth;eps_next_year,,price_min;market_cap_min;avg_volume_min;revenue_growth;eps_growth;eps_next_year;operating_margin;earnings_window,False,"{'revenue_growth_yoy': 2.63, 'eps_growth_yoy': -57.53, 'eps_next_year': 8.06, 'operating_margin': 16.86}",,Finviz via finvizfinance screener views,2026-09-17T23:30:36+02:00,2026-08-05,,43,NORMAL,
DPZ,Dominos Pizza Inc,finviz_prefilter,revenue_growth;eps_growth;eps_next_year,,price_min;market_cap_min;avg_volume_min;revenue_growth;eps_growth;eps_next_year;operating_margin;earnings_window,False,"{'revenue_growth_yoy': 4.3, 'eps_growth_yoy': 6.92, 'eps_next_year': 9.61, 'operating_margin': 19.3}",,Finviz via finvizfinance screener views,2026-09-17T23:30:36+02:00,2026-07-20,,59,NORMAL,
DRS,Leonardo DRS Inc,finviz_prefilter,revenue_growth;eps_next_year,,price_min;market_cap_min;avg_volume_min;revenue_growth;eps_growth;eps_next_year;operating_margin;earnings_window,False,"{'revenue_growth_yoy': 10.13, 'eps_growth_yoy': 59.34, 'eps_next_year': 5.86, 'operating_margin': 10.56}",,Finviz via finvizfinance screener views,2026-09-17T23:30:36+02:00,2026-07-30,,49,NORMAL,
DUOL,Duolingo Inc,finviz_prefilter,revenue_growth;eps_growth,,price_min;market_cap_min;avg_volume_min;revenue_growth;eps_growth;eps_next_year;operating_margin;earnings_window,False,"{'revenue_growth_yoy': 18.310000000000002, 'eps_growth_yoy': -27.49, 'eps_next_year': 22.02, 'operating_margin': 14.21}",,Finviz via finvizfinance screener views,2026-09-17T23:30:36+02:00,2026-08-05,,43,NORMAL,
DXCM,Dexcom Inc,finviz_prefilter,revenue_growth,,price_min;market_cap_min;avg_volume_min;revenue_growth;eps_growth;eps_next_year;operating_margin;earnings_window,False,"{'revenue_growth_yoy': 13.08, 'eps_growth_yoy': 43.63, 'eps_next_year': 16.97, 'operating_margin': 22.919999999999998}",,Finviz via finvizfinance screener views,2026-09-17T23:30:36+02:00,2026-07-30,,49,NORMAL,"{'failed_gate': 'revenue_growth', 'actual_value': 13.08, 'applicable_threshold': 20.0, 'distance_to_threshold': 6.92, 'distance_to_threshold_pct': 34.599999999999994, 'formula': 'minimo: distance = threshold - actual; pct = distance / abs(threshold) * 100'}"
EBAY,EBay Inc,finviz_prefilter,revenue_growth;eps_next_year,,price_min;market_cap_min;avg_volume_min;revenue_growth;eps_growth;eps_next_year;operating_margin;earnings_window,False,"{'revenue_growth_yoy': 14.37, 'eps_growth_yoy': 54.379999999999995, 'eps_next_year': 9.67, 'operating_margin': 21.44}",,Finviz via finvizfinance screener views,2026-09-17T23:30:36+02:00,2026-08-05,,43,NORMAL,
EBC,Eastern Bankshares Inc,finviz_prefilter,eps_growth;eps_next_year,,price_min;market_cap_min;avg_volume_min;revenue_growth;eps_growth;eps_next_year;operating_margin;earnings_window,False,"{'revenue_growth_yoy': 26.36, 'eps_growth_yoy': -4.73, 'eps_next_year': 13.81, 'operating_margin': 26.919999999999998}",,Finviz via finvizfinance screener views,2026-09-17T23:30:36+02:00,2026-07-23,,56,NORMAL,
ECHO,EchoStar Corp,finviz_prefilter,revenue_growth;eps_next_year;operating_margin,,price_min;market_cap_min;avg_volume_min;revenue_growth;eps_growth;eps_next_year;operating_margin;earnings_window,False,"{'revenue_growth_yoy': -3.9899999999999998, 'eps_growth_yoy': 2364.9, 'eps_next_year': -88.23, 'operating_margin': 7.1499999999999995}",,Finviz via finvizfinance screener views,2026-09-17T23:30:36+02:00,2026-08-03,,45,NORMAL,
ENPH,Enphase Energy Inc,finviz_prefilter,revenue_growth;eps_growth;eps_next_year,,price_min;market_cap_min;avg_volume_min;revenue_growth;eps_growth;eps_next_year;operating_margin;earnings_window,False,"{'revenue_growth_yoy': -19.63, 'eps_growth_yoy': -2.55, 'eps_next_year': 13.0, 'operating_margin': 25.629999999999995}",,Finviz via finvizfinance screener views,2026-09-17T23:30:36+02:00,2026-07-28,,51,NORMAL,
ENTG,Entegris Inc,finviz_prefilter,revenue_growth,,price_min;market_cap_min;avg_volume_min;revenue_growth;eps_growth;eps_next_year;operating_margin;earnings_window,False,"{'revenue_growth_yoy': 11.459999999999999, 'eps_growth_yoy': 75.32, 'eps_next_year': 29.19, 'operating_margin': 17.09}",,Finviz via finvizfinance screener views,2026-09-17T23:30:36+02:00,2026-08-04,,44,NORMAL,"{'failed_gate': 'revenue_growth', 'actual_value': 11.459999999999999, 'applicable_threshold': 20.0, 'distance_to_threshold': 8.540000000000001, 'distance_to_threshold_pct': 42.7, 'formula': 'minimo: distance = threshold - actual; pct = distance / abs(threshold) * 100'}"
EQPT,Equipmentshare.Com Inc,finviz_prefilter,eps_growth;operating_margin,,price_min;market_cap_min;avg_volume_min;revenue_growth;eps_growth;eps_next_year;operating_margin;earnings_window,False,"{'revenue_growth_yoy': 26.33, 'eps_growth_yoy': 29.24, 'eps_next_year': 59.61, 'operating_margin': 6.84}",,Finviz via finvizfinance screener views,2026-09-17T23:30:36+02:00,2026-08-12,,36,NORMAL,
ETOR,Etoro Group Ltd,finviz_prefilter,revenue_growth,,price_min;market_cap_min;avg_volume_min;revenue_growth;eps_growth;eps_next_year;operating_margin;earnings_window,False,"{'revenue_growth_yoy': 10.299999999999999, 'eps_growth_yoy': 87.37, 'eps_next_year': 20.0, 'operating_margin': 31.96}",,Finviz via finvizfinance screener views,2026-09-17T23:30:36+02:00,2026-08-11,,37,NORMAL,"{'failed_gate': 'revenue_growth', 'actual_value': 10.299999999999999, 'applicable_threshold': 20.0, 'distance_to_threshold': 9.700000000000001, 'distance_to_threshold_pct': 48.50000000000001, 'formula': 'minimo: distance = threshold - actual; pct = distance / abs(threshold) * 100'}"
EVRG,Evergy Inc,finviz_prefilter,revenue_growth;eps_growth;eps_next_year,,price_min;market_cap_min;avg_volume_min;revenue_growth;eps_growth;eps_next_year;operating_margin;earnings_window,False,"{'revenue_growth_yoy': 4.84, 'eps_growth_yoy': 23.5, 'eps_next_year': 7.16, 'operating_margin': 25.55}",,Finviz via finvizfinance screener views,2026-09-17T23:30:36+02:00,2026-08-06,,42,NORMAL,
EWBC,East West Bancorp Inc,finviz_prefilter,revenue_growth;eps_growth;eps_next_year,,price_min;market_cap_min;avg_volume_min;revenue_growth;eps_growth;eps_next_year;operating_margin;earnings_window,False,"{'revenue_growth_yoy': 4.15, 'eps_growth_yoy': 17.64, 'eps_next_year': 6.6, 'operating_margin': 39.68}",,Finviz via finvizfinance screener views,2026-09-17T23:30:36+02:00,2026-07-21,,58,NORMAL,
EXC,Exelon Corp,finviz_prefilter,revenue_growth;eps_growth;eps_next_year,,price_min;market_cap_min;avg_volume_min;revenue_growth;eps_growth;eps_next_year;operating_margin;earnings_window,False,"{'revenue_growth_yoy': 9.950000000000001, 'eps_growth_yoy': -0.31, 'eps_next_year': 6.32, 'operating_margin': 20.79}",,Finviz via finvizfinance screener views,2026-09-17T23:30:36+02:00,2026-07-30,,49,NORMAL,
EXE,Expand Energy Corp,finviz_prefilter,revenue_growth;eps_growth;eps_next_year,,price_min;market_cap_min;avg_volume_min;revenue_growth;eps_growth;eps_next_year;operating_margin;earnings_window,False,"{'revenue_growth_yoy': -10.61, 'eps_growth_yoy': -45.58, 'eps_next_year': -0.37, 'operating_margin': 21.529999999999998}",,Finviz via finvizfinance screener views,2026-09-17T23:30:36+02:00,2026-07-28,,51,NORMAL,
EXEL,Exelixis Inc,finviz_prefilter,revenue_growth;eps_growth,,price_min;market_cap_min;avg_volume_min;revenue_growth;eps_growth;eps_next_year;operating_margin;earnings_window,False,"{'revenue_growth_yoy': 10.63, 'eps_growth_yoy': 25.629999999999995, 'eps_next_year': 18.04, 'operating_margin': 40.72}",,Finviz via finvizfinance screener views,2026-09-17T23:30:36+02:00,2026-08-05,,43,NORMAL,
EXLS,ExlService Holdings Inc,finviz_prefilter,revenue_growth;eps_growth;eps_next_year,,price_min;market_cap_min;avg_volume_min;revenue_growth;eps_growth;eps_next_year;operating_margin;earnings_window,False,"{'revenue_growth_yoy': 15.61, 'eps_growth_yoy': 4.92, 'eps_next_year': 13.5, 'operating_margin': 14.42}",,Finviz via finvizfinance screener views,2026-09-17T23:30:36+02:00,2026-07-28,,51,NORMAL,
EXPE,Expedia Group Inc,finviz_prefilter,revenue_growth,,price_min;market_cap_min;avg_volume_min;revenue_growth;eps_growth;eps_next_year;operating_margin;earnings_window,False,"{'revenue_growth_yoy': 13.969999999999999, 'eps_growth_yoy': 188.32999999999998, 'eps_next_year': 17.26, 'operating_margin': 16.64}",,Finviz via finvizfinance screener views,2026-09-17T23:30:36+02:00,2026-08-05,,43,NORMAL,"{'failed_gate': 'revenue_growth', 'actual_value': 13.969999999999999, 'applicable_threshold': 20.0, 'distance_to_threshold': 6.030000000000001, 'distance_to_threshold_pct': 30.150000000000006, 'formula': 'minimo: distance = threshold - actual; pct = distance / abs(threshold) * 100'}"
EXTR,Extreme Networks Inc,finviz_prefilter,revenue_growth;operating_margin,,price_min;market_cap_min;avg_volume_min;revenue_growth;eps_growth;eps_next_year;operating_margin;earnings_window,False,"{'revenue_growth_yoy': 10.280000000000001, 'eps_growth_yoy': 329.59000000000003, 'eps_next_year': 16.49, 'operating_margin': 5.050000000000001}",,Finviz via finvizfinance screener views,2026-09-17T23:30:36+02:00,2026-08-05,,43,NORMAL,
FA,First Advantage Corp,finviz_prefilter,revenue_growth,,price_min;market_cap_min;avg_volume_min;revenue_growth;eps_growth;eps_next_year;operating_margin;earnings_window,False,"{'revenue_growth_yoy': 14.879999999999999, 'eps_growth_yoy': 5322.22, 'eps_next_year': 17.97, 'operating_margin': 10.89}",,Finviz via finvizfinance screener views,2026-09-17T23:30:36+02:00,2026-08-06,,42,NORMAL,"{'failed_gate': 'revenue_growth', 'actual_value': 14.879999999999999, 'applicable_threshold': 20.0, 'distance_to_threshold': 5.120000000000001, 'distance_to_threshold_pct': 25.600000000000005, 'formula': 'minimo: distance = threshold - actual; pct = distance / abs(threshold) * 100'}"
FANG,Diamondback Energy Inc,finviz_prefilter,eps_next_year,,price_min;market_cap_min;avg_volume_min;revenue_growth;eps_growth;eps_next_year;operating_margin;earnings_window,False,"{'revenue_growth_yoy': 51.22, 'eps_growth_yoy': 179.68, 'eps_next_year': -10.52, 'operating_margin': 35.05}",,Finviz via finvizfinance screener views,2026-09-17T23:30:36+02:00,2026-08-03,,45,NORMAL,"{'failed_gate': 'eps_next_year', 'actual_value': -10.52, 'applicable_threshold': 15.0, 'distance_to_threshold': 25.52, 'distance_to_threshold_pct': 170.13333333333333, 'formula': 'minimo: distance = threshold - actual; pct = distance / abs(threshold) * 100'}"
FAST,Fastenal Co,finviz_prefilter,revenue_growth;eps_growth;eps_next_year,,price_min;market_cap_min;avg_volume_min;revenue_growth;eps_growth;eps_next_year;operating_margin;earnings_window,False,"{'revenue_growth_yoy': 14.74, 'eps_growth_yoy': 15.879999999999999, 'eps_next_year': 10.87, 'operating_margin': 20.29}",,Finviz via finvizfinance screener views,2026-09-17T23:30:36+02:00,2026-07-14,,65,NORMAL,
FER,Ferrovial N. V,finviz_prefilter,revenue_growth,,price_min;market_cap_min;avg_volume_min;revenue_growth;eps_growth;eps_next_year;operating_margin;earnings_window,False,"{'revenue_growth_yoy': 6.64, 'eps_growth_yoy': 953.2400000000001, 'eps_next_year': 18.87, 'operating_margin': 10.42}",,Finviz via finvizfinance screener views,2026-09-17T23:30:36+02:00,2026-07-28,,51,NORMAL,"{'failed_gate': 'revenue_growth', 'actual_value': 6.64, 'applicable_threshold': 20.0, 'distance_to_threshold': 13.36, 'distance_to_threshold_pct': 66.8, 'formula': 'minimo: distance = threshold - actual; pct = distance / abs(threshold) * 100'}"
FFBC,First Financial Bancorp,finviz_prefilter,revenue_growth;eps_growth;eps_next_year,,price_min;market_cap_min;avg_volume_min;revenue_growth;eps_growth;eps_next_year;operating_margin;earnings_window,False,"{'revenue_growth_yoy': 12.98, 'eps_growth_yoy': -0.33999999999999997, 'eps_next_year': 11.57, 'operating_margin': 26.06}",,Finviz via finvizfinance screener views,2026-09-17T23:30:36+02:00,2026-07-21,,58,NORMAL,
FFIN,First Financial Bankshares Inc,finviz_prefilter,revenue_growth;eps_growth;eps_next_year,,price_min;market_cap_min;avg_volume_min;revenue_growth;eps_growth;eps_next_year;operating_margin;earnings_window,False,"{'revenue_growth_yoy': 8.43, 'eps_growth_yoy': 7.61, 'eps_next_year': 5.37, 'operating_margin': 37.86}",,Finviz via finvizfinance screener views,2026-09-17T23:30:36+02:00,2026-07-16,,63,NORMAL,
FHB,First Hawaiian INC,finviz_prefilter,revenue_growth;eps_growth;eps_next_year,,price_min;market_cap_min;avg_volume_min;revenue_growth;eps_growth;eps_next_year;operating_margin;earnings_window,False,"{'revenue_growth_yoy': 0.7100000000000001, 'eps_growth_yoy': 3.04, 'eps_next_year': 7.12, 'operating_margin': 31.730000000000004}",,Finviz via finvizfinance screener views,2026-09-17T23:30:36+02:00,2026-07-24,,55,NORMAL,
FIBK,First Interstate BancSystem Inc,finviz_prefilter,revenue_growth;eps_growth;eps_next_year,,price_min;market_cap_min;avg_volume_min;revenue_growth;eps_growth;eps_next_year;operating_margin;earnings_window,False,"{'revenue_growth_yoy': -7.8, 'eps_growth_yoy': 24.97, 'eps_next_year': -0.58, 'operating_margin': 29.409999999999997}",,Finviz via finvizfinance screener views,2026-09-17T23:30:36+02:00,2026-07-23,,56,NORMAL,
FISV,Fiserv Inc,finviz_prefilter,revenue_growth;eps_growth;eps_next_year,,price_min;market_cap_min;avg_volume_min;revenue_growth;eps_growth;eps_next_year;operating_margin;earnings_window,False,"{'revenue_growth_yoy': -4.06, 'eps_growth_yoy': -36.71, 'eps_next_year': 9.73, 'operating_margin': 21.57}",,Finviz via finvizfinance screener views,2026-09-17T23:30:36+02:00,2026-08-06,,42,NORMAL,
FIVE,Five Below Inc,finviz_prefilter,eps_next_year,,price_min;market_cap_min;avg_volume_min;revenue_growth;eps_growth;eps_next_year;operating_margin;earnings_window,False,"{'revenue_growth_yoy': 22.85, 'eps_growth_yoy': 416.96, 'eps_next_year': 7.94, 'operating_margin': 14.75}",,Finviz via finvizfinance screener views,2026-09-17T23:30:36+02:00,2026-09-02,,15,PEAD_WINDOW,"{'failed_gate': 'eps_next_year', 'actual_value': 7.94, 'applicable_threshold': 15.0, 'distance_to_threshold': 7.06, 'distance_to_threshold_pct': 47.06666666666666, 'formula': 'minimo: distance = threshold - actual; pct = distance / abs(threshold) * 100'}"
FIVN,Five9 Inc,finviz_prefilter,revenue_growth;operating_margin,,price_min;market_cap_min;avg_volume_min;revenue_growth;eps_growth;eps_next_year;operating_margin;earnings_window,False,"{'revenue_growth_yoy': 10.299999999999999, 'eps_growth_yoy': 203.08, 'eps_next_year': 18.01, 'operating_margin': 6.05}",,Finviz via finvizfinance screener views,2026-09-17T23:30:36+02:00,2026-08-06,,42,NORMAL,
FLEX,Flex Ltd,finviz_prefilter,operating_margin,,price_min;market_cap_min;avg_volume_min;revenue_growth;eps_growth;eps_next_year;operating_margin;earnings_window,False,"{'revenue_growth_yoy': 20.580000000000002, 'eps_growth_yoy': 51.22, 'eps_next_year': 51.53, 'operating_margin': 5.58}",,Finviz via finvizfinance screener views,2026-09-17T23:30:36+02:00,2026-07-29,,50,NORMAL,"{'failed_gate': 'operating_margin', 'actual_value': 5.58, 'applicable_threshold': 8.0, 'distance_to_threshold': 2.42, 'distance_to_threshold_pct': 30.25, 'formula': 'minimo: distance = threshold - actual; pct = distance / abs(threshold) * 100'}"
FLY,Firefly Aerospace Inc,finviz_prefilter,eps_growth;operating_margin,,price_min;market_cap_min;avg_volume_min;revenue_growth;eps_growth;eps_next_year;operating_margin;earnings_window,False,"{'revenue_growth_yoy': 656.85, 'eps_growth_yoy': -2.13, 'eps_next_year': 23.63, 'operating_margin': -116.39999999999999}",,Finviz via finvizfinance screener views,2026-09-17T23:30:36+02:00,2026-08-11,,37,NORMAL,
FLYW,Flywire Corp,finviz_prefilter,operating_margin,,price_min;market_cap_min;avg_volume_min;revenue_growth;eps_growth;eps_next_year;operating_margin;earnings_window,False,"{'revenue_growth_yoy': 27.18, 'eps_growth_yoy': 32.39, 'eps_next_year': 70.32, 'operating_margin': 5.94}",,Finviz via finvizfinance screener views,2026-09-17T23:30:36+02:00,2026-08-04,,44,NORMAL,"{'failed_gate': 'operating_margin', 'actual_value': 5.94, 'applicable_threshold': 8.0, 'distance_to_threshold': 2.0599999999999996, 'distance_to_threshold_pct': 25.749999999999996, 'formula': 'minimo: distance = threshold - actual; pct = distance / abs(threshold) * 100'}"
FOX,Fox Corp,finviz_prefilter,eps_growth;eps_next_year,,price_min;market_cap_min;avg_volume_min;revenue_growth;eps_growth;eps_next_year;operating_margin;earnings_window,False,"{'revenue_growth_yoy': 28.139999999999997, 'eps_growth_yoy': 2.91, 'eps_next_year': -1.34, 'operating_margin': 20.41}",,Finviz via finvizfinance screener views,2026-09-17T23:30:36+02:00,2026-08-06,,42,NORMAL,
FOXA,Fox Corp,finviz_prefilter,eps_growth;eps_next_year,,price_min;market_cap_min;avg_volume_min;revenue_growth;eps_growth;eps_next_year;operating_margin;earnings_window,False,"{'revenue_growth_yoy': 28.139999999999997, 'eps_growth_yoy': 2.91, 'eps_next_year': -1.59, 'operating_margin': 20.41}",,Finviz via finvizfinance screener views,2026-09-17T23:30:36+02:00,2026-08-06,,42,NORMAL,
FROG,JFrog Ltd,finviz_prefilter,operating_margin,,price_min;market_cap_min;avg_volume_min;revenue_growth;eps_growth;eps_next_year;operating_margin;earnings_window,False,"{'revenue_growth_yoy': 28.73, 'eps_growth_yoy': 81.82000000000001, 'eps_next_year': 16.81, 'operating_margin': -12.93}",,Finviz via finvizfinance screener views,2026-09-17T23:30:36+02:00,2026-08-06,,42,NORMAL,"{'failed_gate': 'operating_margin', 'actual_value': -12.93, 'applicable_threshold': 8.0, 'distance_to_threshold': 20.93, 'distance_to_threshold_pct': 261.625, 'formula': 'minimo: distance = threshold - actual; pct = distance / abs(threshold) * 100'}"
FRPT,Freshpet Inc,finviz_prefilter,revenue_growth;eps_growth;eps_next_year,,price_min;market_cap_min;avg_volume_min;revenue_growth;eps_growth;eps_next_year;operating_margin;earnings_window,False,"{'revenue_growth_yoy': 15.45, 'eps_growth_yoy': 19.15, 'eps_next_year': -3.91, 'operating_margin': 8.260000000000002}",,Finviz via finvizfinance screener views,2026-09-17T23:30:36+02:00,2026-08-05,,43,NORMAL,
FSLR,First Solar Inc,finviz_prefilter,revenue_growth;eps_growth,,price_min;market_cap_min;avg_volume_min;revenue_growth;eps_growth;eps_next_year;operating_margin;earnings_window,False,"{'revenue_growth_yoy': -3.73, 'eps_growth_yoy': 23.36, 'eps_next_year': 34.33, 'operating_margin': 34.98}",,Finviz via finvizfinance screener views,2026-09-17T23:30:36+02:00,2026-07-30,,49,NORMAL,
FSLY,Fastly Inc,finviz_prefilter,eps_next_year;operating_margin,,price_min;market_cap_min;avg_volume_min;revenue_growth;eps_growth;eps_next_year;operating_margin;earnings_window,False,"{'revenue_growth_yoy': 23.27, 'eps_growth_yoy': 61.59, 'eps_next_year': 11.15, 'operating_margin': -11.959999999999999}",,Finviz via finvizfinance screener views,2026-09-17T23:30:36+02:00,2026-08-05,,43,NORMAL,
FTAI,FTAI Aviation Ltd,finviz_prefilter,eps_growth,,price_min;market_cap_min;avg_volume_min;revenue_growth;eps_growth;eps_next_year;operating_margin;earnings_window,False,"{'revenue_growth_yoy': 40.79, 'eps_growth_yoy': -27.900000000000002, 'eps_next_year': 122.94, 'operating_margin': 25.119999999999997}",,Finviz via finvizfinance screener views,2026-09-17T23:30:36+02:00,2026-07-29,,50,NORMAL,"{'failed_gate': 'eps_growth', 'actual_value': -27.900000000000002, 'applicable_threshold': 20.0, 'distance_to_threshold': 47.900000000000006, 'distance_to_threshold_pct': 239.50000000000006, 'formula': 'minimo: distance = threshold - actual; pct = distance / abs(threshold) * 100'}"
FTNT,Fortinet Inc,finviz_prefilter,eps_next_year,,price_min;market_cap_min;avg_volume_min;revenue_growth;eps_growth;eps_next_year;operating_margin;earnings_window,False,"{'revenue_growth_yoy': 25.64, 'eps_growth_yoy': 43.86, 'eps_next_year': 9.43, 'operating_margin': 32.37}",,Finviz via finvizfinance screener views,2026-09-17T23:30:36+02:00,2026-07-29,,50,NORMAL,"{'failed_gate': 'eps_next_year', 'actual_value': 9.43, 'applicable_threshold': 15.0, 'distance_to_threshold': 5.57, 'distance_to_threshold_pct': 37.13333333333333, 'formula': 'minimo: distance = threshold - actual; pct = distance / abs(threshold) * 100'}"
FULT,Fulton Financial Corp,finviz_prefilter,revenue_growth;eps_growth;eps_next_year,,price_min;market_cap_min;avg_volume_min;revenue_growth;eps_growth;eps_next_year;operating_margin;earnings_window,False,"{'revenue_growth_yoy': 7.580000000000001, 'eps_growth_yoy': -1.58, 'eps_next_year': 10.09, 'operating_margin': 26.540000000000003}",,Finviz via finvizfinance screener views,2026-09-17T23:30:36+02:00,2026-07-22,,57,NORMAL,
FWONK,Liberty Media Corp,finviz_prefilter,revenue_growth;eps_growth,,price_min;market_cap_min;avg_volume_min;revenue_growth;eps_growth;eps_next_year;operating_margin;earnings_window,False,"{'revenue_growth_yoy': -30.349999999999998, 'eps_growth_yoy': -98.69, 'eps_next_year': 21.89, 'operating_margin': 12.45}",,Finviz via finvizfinance screener views,2026-09-17T23:30:36+02:00,2026-08-06,,42,NORMAL,
GEHC,GE HealthCare Technologies Inc,finviz_prefilter,revenue_growth;eps_growth;eps_next_year,,price_min;market_cap_min;avg_volume_min;revenue_growth;eps_growth;eps_next_year;operating_margin;earnings_window,False,"{'revenue_growth_yoy': 5.75, 'eps_growth_yoy': 16.45, 'eps_next_year': 10.4, 'operating_margin': 13.73}",,Finviz via finvizfinance screener views,2026-09-17T23:30:36+02:00,2026-07-29,,50,NORMAL,
GEN,Gen Digital Inc,finviz_prefilter,revenue_growth;eps_next_year,,price_min;market_cap_min;avg_volume_min;revenue_growth;eps_growth;eps_next_year;operating_margin;earnings_window,False,"{'revenue_growth_yoy': 6.279999999999999, 'eps_growth_yoy': 64.79, 'eps_next_year': 12.85, 'operating_margin': 42.8}",,Finviz via finvizfinance screener views,2026-09-17T23:30:36+02:00,2026-08-06,,42,NORMAL,
GFS,GlobalFoundries Inc,finviz_prefilter,revenue_growth;eps_growth,,price_min;market_cap_min;avg_volume_min;revenue_growth;eps_growth;eps_next_year;operating_margin;earnings_window,False,"{'revenue_growth_yoy': 5.81, 'eps_growth_yoy': -27.05, 'eps_next_year': 30.16, 'operating_margin': 11.59}",,Finviz via finvizfinance screener views,2026-09-17T23:30:36+02:00,2026-08-05,,43,NORMAL,
GH,Guardant Health Inc,finviz_prefilter,eps_growth;operating_margin,,price_min;market_cap_min;avg_volume_min;revenue_growth;eps_growth;eps_next_year;operating_margin;earnings_window,False,"{'revenue_growth_yoy': 44.330000000000005, 'eps_growth_yoy': -12.34, 'eps_next_year': 40.29, 'operating_margin': -39.7}",,Finviz via finvizfinance screener views,2026-09-17T23:30:36+02:00,2026-07-30,,49,NORMAL,
GILD,Gilead Sciences Inc,finviz_prefilter,revenue_growth;eps_growth,,price_min;market_cap_min;avg_volume_min;revenue_growth;eps_growth;eps_next_year;operating_margin;earnings_window,False,"{'revenue_growth_yoy': 10.73, 'eps_growth_yoy': -640.66, 'eps_next_year': 2355.15, 'operating_margin': 39.050000000000004}",,Finviz via finvizfinance screener views,2026-09-17T23:30:36+02:00,2026-08-04,,44,NORMAL,
GLNG,Golar Lng,finviz_prefilter,eps_next_year,,price_min;market_cap_min;avg_volume_min;revenue_growth;eps_growth;eps_next_year;operating_margin;earnings_window,False,"{'revenue_growth_yoy': 72.42, 'eps_growth_yoy': 145.13, 'eps_next_year': -53.89, 'operating_margin': 45.51}",,Finviz via finvizfinance screener views,2026-09-17T23:30:36+02:00,2026-08-13,,35,NORMAL,"{'failed_gate': 'eps_next_year', 'actual_value': -53.89, 'applicable_threshold': 15.0, 'distance_to_threshold': 68.89, 'distance_to_threshold_pct': 459.2666666666667, 'formula': 'minimo: distance = threshold - actual; pct = distance / abs(threshold) * 100'}"
GLPI,Gaming and Leisure Properties Inc,finviz_prefilter,revenue_growth;eps_next_year,,price_min;market_cap_min;avg_volume_min;revenue_growth;eps_growth;eps_next_year;operating_margin;earnings_window,False,"{'revenue_growth_yoy': 9.030000000000001, 'eps_growth_yoy': 46.54, 'eps_next_year': 3.15, 'operating_margin': 82.62}",,Finviz via finvizfinance screener views,2026-09-17T23:30:36+02:00,2026-07-30,,49,NORMAL,
GLXY,Galaxy Digital Inc,finviz_prefilter,revenue_growth;eps_growth,,price_min;market_cap_min;avg_volume_min;revenue_growth;eps_growth;eps_next_year;operating_margin;earnings_window,False,"{'revenue_growth_yoy': -73.19, 'eps_growth_yoy': -191.71, 'eps_next_year': 72.67, 'operating_margin': 29.720000000000002}",,Finviz via finvizfinance screener views,2026-09-17T23:30:36+02:00,2026-08-05,,43,NORMAL,
GNTX,Gentex Corp,finviz_prefilter,revenue_growth;eps_growth;eps_next_year,,price_min;market_cap_min;avg_volume_min;revenue_growth;eps_growth;eps_next_year;operating_margin;earnings_window,False,"{'revenue_growth_yoy': -1.0, 'eps_growth_yoy': 25.53, 'eps_next_year': 5.49, 'operating_margin': 19.55}",,Finviz via finvizfinance screener views,2026-09-17T23:30:36+02:00,2026-07-24,,55,NORMAL,
GOOG,Alphabet Inc,finviz_prefilter,eps_next_year,,price_min;market_cap_min;avg_volume_min;revenue_growth;eps_growth;eps_next_year;operating_margin;earnings_window,False,"{'revenue_growth_yoy': 23.98, 'eps_growth_yoy': 294.02, 'eps_next_year': -26.69, 'operating_margin': 33.96}",,Finviz via finvizfinance screener views,2026-09-17T23:30:36+02:00,2026-07-22,,57,NORMAL,"{'failed_gate': 'eps_next_year', 'actual_value': -26.69, 'applicable_threshold': 15.0, 'distance_to_threshold': 41.69, 'distance_to_threshold_pct': 277.93333333333334, 'formula': 'minimo: distance = threshold - actual; pct = distance / abs(threshold) * 100'}"
GOOGL,Alphabet Inc,finviz_prefilter,eps_next_year,,price_min;market_cap_min;avg_volume_min;revenue_growth;eps_growth;eps_next_year;operating_margin;earnings_window,False,"{'revenue_growth_yoy': 23.98, 'eps_growth_yoy': 294.02, 'eps_next_year': -26.64, 'operating_margin': 33.96}",,Finviz via finvizfinance screener views,2026-09-17T23:30:36+02:00,2026-07-22,,57,NORMAL,"{'failed_gate': 'eps_next_year', 'actual_value': -26.64, 'applicable_threshold': 15.0, 'distance_to_threshold': 41.64, 'distance_to_threshold_pct': 277.6, 'formula': 'minimo: distance = threshold - actual; pct = distance / abs(threshold) * 100'}"
GSAT,Globalstar Inc,finviz_prefilter,revenue_growth;eps_growth;operating_margin,,price_min;market_cap_min;avg_volume_min;revenue_growth;eps_growth;eps_next_year;operating_margin;earnings_window,False,"{'revenue_growth_yoy': -3.54, 'eps_growth_yoy': -274.38, 'eps_next_year': 83.29, 'operating_margin': 4.79}",,Finviz via finvizfinance screener views,2026-09-17T23:30:36+02:00,2026-08-06,,42,NORMAL,
GTLB,Gitlab Inc,finviz_prefilter,eps_growth;operating_margin,,price_min;market_cap_min;avg_volume_min;revenue_growth;eps_growth;eps_next_year;operating_margin;earnings_window,False,"{'revenue_growth_yoy': 21.310000000000002, 'eps_growth_yoy': -293.51, 'eps_next_year': 19.89, 'operating_margin': -8.07}",,Finviz via finvizfinance screener views,2026-09-17T23:30:36+02:00,2026-09-01,,16,NORMAL,
GTX,Garrett Motion Inc,finviz_prefilter,revenue_growth;eps_growth;eps_next_year,,price_min;market_cap_min;avg_volume_min;revenue_growth;eps_growth;eps_next_year;operating_margin;earnings_window,False,"{'revenue_growth_yoy': 6.9, 'eps_growth_yoy': 25.009999999999998, 'eps_next_year': 13.54, 'operating_margin': 14.81}",,Finviz via finvizfinance screener views,2026-09-17T23:30:36+02:00,2026-07-29,,50,NORMAL,
HAS,Hasbro Inc,finviz_prefilter,revenue_growth;eps_next_year,,price_min;market_cap_min;avg_volume_min;revenue_growth;eps_growth;eps_next_year;operating_margin;earnings_window,False,"{'revenue_growth_yoy': 16.189999999999998, 'eps_growth_yoy': 118.42999999999999, 'eps_next_year': 5.94, 'operating_margin': 28.13}",,Finviz via finvizfinance screener views,2026-09-17T23:30:36+02:00,2026-07-21,,58,NORMAL,
HBAN,Huntington Bancshares Inc,finviz_prefilter,eps_growth,,price_min;market_cap_min;avg_volume_min;revenue_growth;eps_growth;eps_next_year;operating_margin;earnings_window,False,"{'revenue_growth_yoy': 38.019999999999996, 'eps_growth_yoy': -2.56, 'eps_next_year': 35.06, 'operating_margin': 20.51}",,Finviz via finvizfinance screener views,2026-09-17T23:30:36+02:00,2026-07-23,,56,NORMAL,"{'failed_gate': 'eps_growth', 'actual_value': -2.56, 'applicable_threshold': 30.0, 'distance_to_threshold': 32.56, 'distance_to_threshold_pct': 108.53333333333335, 'formula': 'minimo: distance = threshold - actual; pct = distance / abs(threshold) * 100'}"
HON,Honeywell International Inc,finviz_prefilter,revenue_growth,,price_min;market_cap_min;avg_volume_min;revenue_growth;eps_growth;eps_next_year;operating_margin;earnings_window,False,"{'revenue_growth_yoy': -6.12, 'eps_growth_yoy': 264.01, 'eps_next_year': 19.92, 'operating_margin': 19.17}",,Finviz via finvizfinance screener views,2026-09-17T23:30:36+02:00,2026-07-23,,56,NORMAL,"{'failed_gate': 'revenue_growth', 'actual_value': -6.12, 'applicable_threshold': 20.0, 'distance_to_threshold': 26.12, 'distance_to_threshold_pct': 130.6, 'formula': 'minimo: distance = threshold - actual; pct = distance / abs(threshold) * 100'}"
HQY,Healthequity Inc,finviz_prefilter,revenue_growth;eps_growth,,price_min;market_cap_min;avg_volume_min;revenue_growth;eps_growth;eps_next_year;operating_margin;earnings_window,False,"{'revenue_growth_yoy': 7.6499999999999995, 'eps_growth_yoy': 14.56, 'eps_next_year': 16.43, 'operating_margin': 26.119999999999997}",,Finviz via finvizfinance screener views,2026-09-17T23:30:36+02:00,2026-08-27,,21,NORMAL,
HRMY,Harmony Biosciences Holdings Inc,finviz_prefilter,eps_next_year,,price_min;market_cap_min;avg_volume_min;revenue_growth;eps_growth;eps_next_year;operating_margin;earnings_window,False,"{'revenue_growth_yoy': 30.320000000000004, 'eps_growth_yoy': 88.57000000000001, 'eps_next_year': 8.52, 'operating_margin': 24.03}",,Finviz via finvizfinance screener views,2026-09-17T23:30:36+02:00,2026-08-04,,44,NORMAL,"{'failed_gate': 'eps_next_year', 'actual_value': 8.52, 'applicable_threshold': 15.0, 'distance_to_threshold': 6.48, 'distance_to_threshold_pct': 43.2, 'formula': 'minimo: distance = threshold - actual; pct = distance / abs(threshold) * 100'}"
HSIC,Henry Schein Inc,finviz_prefilter,revenue_growth;eps_growth;eps_next_year;operating_margin,,price_min;market_cap_min;avg_volume_min;revenue_growth;eps_growth;eps_next_year;operating_margin;earnings_window,False,"{'revenue_growth_yoy': 6.7299999999999995, 'eps_growth_yoy': 17.18, 'eps_next_year': 11.63, 'operating_margin': 5.9799999999999995}",,Finviz via finvizfinance screener views,2026-09-17T23:30:36+02:00,2026-08-04,,44,NORMAL,
HST,Host Hotels & Resorts Inc,finviz_prefilter,revenue_growth;eps_growth;eps_next_year,,price_min;market_cap_min;avg_volume_min;revenue_growth;eps_growth;eps_next_year;operating_margin;earnings_window,False,"{'revenue_growth_yoy': 3.4000000000000004, 'eps_growth_yoy': 8.32, 'eps_next_year': -22.78, 'operating_margin': 14.360000000000001}",,Finviz via finvizfinance screener views,2026-09-17T23:30:36+02:00,2026-08-05,,43,NORMAL,
HTFL,Heartflow Inc,finviz_prefilter,eps_growth;operating_margin,,price_min;market_cap_min;avg_volume_min;revenue_growth;eps_growth;eps_next_year;operating_margin;earnings_window,False,"{'revenue_growth_yoy': 47.57, 'eps_growth_yoy': -65.19, 'eps_next_year': 38.1, 'operating_margin': -34.31}",,Finviz via finvizfinance screener views,2026-09-17T23:30:36+02:00,2026-08-13,,35,NORMAL,
HUBG,Hub Group Inc,finviz_prefilter,revenue_growth;eps_growth;operating_margin,,price_min;market_cap_min;avg_volume_min;revenue_growth;eps_growth;eps_next_year;operating_margin;earnings_window,False,"{'revenue_growth_yoy': -5.3100000000000005, 'eps_growth_yoy': 22.21, 'eps_next_year': 61.48, 'operating_margin': 3.81}",,Finviz via finvizfinance screener views,2026-09-17T23:30:36+02:00,2026-07-30,,49,NORMAL,
HUT,Hut 8 Corp,finviz_prefilter,eps_growth;operating_margin,,price_min;market_cap_min;avg_volume_min;revenue_growth;eps_growth;eps_next_year;operating_margin;earnings_window,False,"{'revenue_growth_yoy': 81.44, 'eps_growth_yoy': -207.87, 'eps_next_year': 20.44, 'operating_margin': -54.09}",,Finviz via finvizfinance screener views,2026-09-17T23:30:36+02:00,2026-08-04,,44,NORMAL,
HWC,Hancock Whitney Corp,finviz_prefilter,revenue_growth;eps_growth;eps_next_year,,price_min;market_cap_min;avg_volume_min;revenue_growth;eps_growth;eps_next_year;operating_margin;earnings_window,False,"{'revenue_growth_yoy': 4.44, 'eps_growth_yoy': 18.14, 'eps_next_year': 12.39, 'operating_margin': 27.36}",,Finviz via finvizfinance screener views,2026-09-17T23:30:36+02:00,2026-07-21,,58,NORMAL,
ICLR,Icon Plc,finviz_prefilter,revenue_growth;eps_growth;eps_next_year,,price_min;market_cap_min;avg_volume_min;revenue_growth;eps_growth;eps_next_year;operating_margin;earnings_window,False,"{'revenue_growth_yoy': 1.2, 'eps_growth_yoy': -63.33, 'eps_next_year': 12.06, 'operating_margin': 10.14}",,Finviz via finvizfinance screener views,2026-09-17T23:30:36+02:00,2026-07-29,,50,NORMAL,
IDYA,Ideaya Biosciences Inc,finviz_prefilter,eps_next_year;operating_margin,revenue_growth;eps_growth,price_min;market_cap_min;avg_volume_min;eps_next_year;operating_margin;earnings_window,False,"{'revenue_growth_yoy': None, 'eps_growth_yoy': -39.46, 'eps_next_year': 10.2, 'operating_margin': -92.66}",,Finviz via finvizfinance screener views,2026-09-17T23:30:36+02:00,2026-08-04,,44,NORMAL,
ILMN,Illumina Inc,finviz_prefilter,revenue_growth;eps_growth;eps_next_year,,price_min;market_cap_min;avg_volume_min;revenue_growth;eps_growth;eps_next_year;operating_margin;earnings_window,False,"{'revenue_growth_yoy': 9.84, 'eps_growth_yoy': -9.610000000000001, 'eps_next_year': 13.62, 'operating_margin': 19.869999999999997}",,Finviz via finvizfinance screener views,2026-09-17T23:30:36+02:00,2026-07-30,,49,NORMAL,
IMNM,Immunome Inc,finviz_prefilter,revenue_growth;eps_growth;eps_next_year,operating_margin,price_min;market_cap_min;avg_volume_min;revenue_growth;eps_growth;eps_next_year;earnings_window,False,"{'revenue_growth_yoy': -100.0, 'eps_growth_yoy': -29.43, 'eps_next_year': -6.21, 'operating_margin': None}",,Finviz via finvizfinance screener views,2026-09-17T23:30:36+02:00,2026-08-11,,37,NORMAL,
INDV,Indivior Pharmaceuticals Inc,finviz_prefilter,revenue_growth;eps_next_year,,price_min;market_cap_min;avg_volume_min;revenue_growth;eps_growth;eps_next_year;operating_margin;earnings_window,False,"{'revenue_growth_yoy': 13.58, 'eps_growth_yoy': 588.52, 'eps_next_year': 9.44, 'operating_margin': 39.94}",,Finviz via finvizfinance screener views,2026-09-17T23:30:36+02:00,2026-08-03,,45,NORMAL,
INSM,Insmed Inc,finviz_prefilter,operating_margin,,price_min;market_cap_min;avg_volume_min;revenue_growth;eps_growth;eps_next_year;operating_margin;earnings_window,False,"{'revenue_growth_yoy': 296.11, 'eps_growth_yoy': 96.41999999999999, 'eps_next_year': 151.54, 'operating_margin': -71.43}",,Finviz via finvizfinance screener views,2026-09-17T23:30:36+02:00,2026-08-06,,42,NORMAL,"{'failed_gate': 'operating_margin', 'actual_value': -71.43, 'applicable_threshold': 8.0, 'distance_to_threshold': 79.43, 'distance_to_threshold_pct': 992.8750000000001, 'formula': 'minimo: distance = threshold - actual; pct = distance / abs(threshold) * 100'}"
INTC,Intel Corp,finviz_prefilter,eps_growth,,price_min;market_cap_min;avg_volume_min;revenue_growth;eps_growth;eps_next_year;operating_margin;earnings_window,False,"{'revenue_growth_yoy': 25.419999999999998, 'eps_growth_yoy': -223.64000000000001, 'eps_next_year': 39.0, 'operating_margin': 8.03}",,Finviz via finvizfinance screener views,2026-09-17T23:30:36+02:00,2026-07-23,,56,NORMAL,"{'failed_gate': 'eps_growth', 'actual_value': -223.64000000000001, 'applicable_threshold': 30.0, 'distance_to_threshold': 253.64000000000001, 'distance_to_threshold_pct': 845.4666666666666, 'formula': 'minimo: distance = threshold - actual; pct = distance / abs(threshold) * 100'}"
INTU,Intuit Inc,finviz_prefilter,revenue_growth;eps_growth;eps_next_year,,price_min;market_cap_min;avg_volume_min;revenue_growth;eps_growth;eps_next_year;operating_margin;earnings_window,False,"{'revenue_growth_yoy': 13.65, 'eps_growth_yoy': -1.22, 'eps_next_year': 13.75, 'operating_margin': 28.799999999999997}",,Finviz via finvizfinance screener views,2026-09-17T23:30:36+02:00,2026-08-25,,23,NORMAL,
IONS,Ionis Pharmaceuticals Inc,finviz_prefilter,revenue_growth;eps_growth;operating_margin,,price_min;market_cap_min;avg_volume_min;revenue_growth;eps_growth;eps_next_year;operating_margin;earnings_window,False,"{'revenue_growth_yoy': -40.73, 'eps_growth_yoy': -202.29, 'eps_next_year': 44.34, 'operating_margin': -68.08999999999999}",,Finviz via finvizfinance screener views,2026-09-17T23:30:36+02:00,2026-07-29,,50,NORMAL,
IRDM,Iridium Communications Inc,finviz_prefilter,revenue_growth;eps_growth,,price_min;market_cap_min;avg_volume_min;revenue_growth;eps_growth;eps_next_year;operating_margin;earnings_window,False,"{'revenue_growth_yoy': 3.84, 'eps_growth_yoy': -56.08, 'eps_next_year': 41.72, 'operating_margin': 23.76}",,Finviz via finvizfinance screener views,2026-09-17T23:30:36+02:00,2026-07-22,,57,NORMAL,
IREN,IREN Ltd,finviz_prefilter,revenue_growth;eps_growth;operating_margin,,price_min;market_cap_min;avg_volume_min;revenue_growth;eps_growth;eps_next_year;operating_margin;earnings_window,False,"{'revenue_growth_yoy': -26.740000000000002, 'eps_growth_yoy': -361.57, 'eps_next_year': 168.55, 'operating_margin': -53.68000000000001}",,Finviz via finvizfinance screener views,2026-09-17T23:30:36+02:00,2026-08-27,,21,NORMAL,
ISRG,Intuitive Surgical Inc,finviz_prefilter,revenue_growth;eps_growth;eps_next_year,,price_min;market_cap_min;avg_volume_min;revenue_growth;eps_growth;eps_next_year;operating_margin;earnings_window,False,"{'revenue_growth_yoy': 18.54, 'eps_growth_yoy': 26.619999999999997, 'eps_next_year': 11.87, 'operating_margin': 31.28}",,Finviz via finvizfinance screener views,2026-09-17T23:30:36+02:00,2026-07-16,,63,NORMAL,
ITRI,Itron Inc,finviz_prefilter,revenue_growth;eps_growth;eps_next_year,,price_min;market_cap_min;avg_volume_min;revenue_growth;eps_growth;eps_next_year;operating_margin;earnings_window,False,"{'revenue_growth_yoy': -7.23, 'eps_growth_yoy': -18.95, 'eps_next_year': 8.03, 'operating_margin': 13.87}",,Finviz via finvizfinance screener views,2026-09-17T23:30:36+02:00,2026-07-28,,51,NORMAL,
JAZZ,Jazz Pharmaceuticals plc,finviz_prefilter,revenue_growth;eps_next_year,,price_min;market_cap_min;avg_volume_min;revenue_growth;eps_growth;eps_next_year;operating_margin;earnings_window,False,"{'revenue_growth_yoy': 15.55, 'eps_growth_yoy': 123.66, 'eps_next_year': 2.97, 'operating_margin': 20.76}",,Finviz via finvizfinance screener views,2026-09-17T23:30:36+02:00,2026-08-03,,45,NORMAL,
JBHT,J.B. Hunt Transport Services Inc,finviz_prefilter,revenue_growth;operating_margin,,price_min;market_cap_min;avg_volume_min;revenue_growth;eps_growth;eps_next_year;operating_margin;earnings_window,False,"{'revenue_growth_yoy': 19.37, 'eps_growth_yoy': 45.25, 'eps_next_year': 32.1, 'operating_margin': 7.59}",,Finviz via finvizfinance screener views,2026-09-17T23:30:36+02:00,2026-07-15,,64,NORMAL,
JKHY,Jack Henry & Associates Inc,finviz_prefilter,revenue_growth;eps_growth;eps_next_year,,price_min;market_cap_min;avg_volume_min;revenue_growth;eps_growth;eps_next_year;operating_margin;earnings_window,False,"{'revenue_growth_yoy': 2.88, 'eps_growth_yoy': -10.209999999999999, 'eps_next_year': 9.37, 'operating_margin': 24.93}",,Finviz via finvizfinance screener views,2026-09-17T23:30:36+02:00,2026-08-18,,30,NORMAL,
KDP,Keurig Dr Pepper Inc,finviz_prefilter,eps_growth;eps_next_year,,price_min;market_cap_min;avg_volume_min;revenue_growth;eps_growth;eps_next_year;operating_margin;earnings_window,False,"{'revenue_growth_yoy': 75.57000000000001, 'eps_growth_yoy': -89.03999999999999, 'eps_next_year': 10.4, 'operating_margin': 16.950000000000003}",,Finviz via finvizfinance screener views,2026-09-17T23:30:36+02:00,2026-08-06,,42,NORMAL,
KLAC,KLA Corp,finviz_prefilter,revenue_growth;eps_growth,,price_min;market_cap_min;avg_volume_min;revenue_growth;eps_growth;eps_next_year;operating_margin;earnings_window,False,"{'revenue_growth_yoy': 15.18, 'eps_growth_yoy': 14.39, 'eps_next_year': 21.96, 'operating_margin': 41.68}",,Finviz via finvizfinance screener views,2026-09-17T23:30:36+02:00,2026-07-28,,51,NORMAL,
KMB,Kimberly-Clark Corp,finviz_prefilter,revenue_growth;eps_growth;eps_next_year,,price_min;market_cap_min;avg_volume_min;revenue_growth;eps_growth;eps_next_year;operating_margin;earnings_window,False,"{'revenue_growth_yoy': 0.62, 'eps_growth_yoy': -32.22, 'eps_next_year': 0.26, 'operating_margin': 14.24}",,Finviz via finvizfinance screener views,2026-09-17T23:30:36+02:00,2026-08-04,,44,NORMAL,
KTOS,Kratos Defense & Security Solutions Inc,finviz_prefilter,eps_growth;operating_margin,,price_min;market_cap_min;avg_volume_min;revenue_growth;eps_growth;eps_next_year;operating_margin;earnings_window,False,"{'revenue_growth_yoy': 30.53, 'eps_growth_yoy': 26.090000000000003, 'eps_next_year': 33.53, 'operating_margin': 1.6}",,Finviz via finvizfinance screener views,2026-09-17T23:30:36+02:00,2026-08-04,,44,NORMAL,
KYMR,Kymera Therapeutics Inc,finviz_prefilter,eps_next_year;operating_margin,,price_min;market_cap_min;avg_volume_min;revenue_growth;eps_growth;eps_next_year;operating_margin;earnings_window,False,"{'revenue_growth_yoy': 466.4, 'eps_growth_yoy': 34.53, 'eps_next_year': -30.5, 'operating_margin': -329.83}",,Finviz via finvizfinance screener views,2026-09-17T23:30:36+02:00,2026-08-05,,43,NORMAL,
LASR,nLIGHT Inc,finviz_prefilter,operating_margin,,price_min;market_cap_min;avg_volume_min;revenue_growth;eps_growth;eps_next_year;operating_margin;earnings_window,False,"{'revenue_growth_yoy': 33.78, 'eps_growth_yoy': 67.54, 'eps_next_year': 27.13, 'operating_margin': -4.62}",,Finviz via finvizfinance screener views,2026-09-17T23:30:36+02:00,2026-08-06,,42,NORMAL,"{'failed_gate': 'operating_margin', 'actual_value': -4.62, 'applicable_threshold': 8.0, 'distance_to_threshold': 12.620000000000001, 'distance_to_threshold_pct': 157.75, 'formula': 'minimo: distance = threshold - actual; pct = distance / abs(threshold) * 100'}"
LAUR,Laureate Education Inc,finviz_prefilter,revenue_growth,,price_min;market_cap_min;avg_volume_min;revenue_growth;eps_growth;eps_next_year;operating_margin;earnings_window,False,"{'revenue_growth_yoy': 17.5, 'eps_growth_yoy': 51.23, 'eps_next_year': 15.86, 'operating_margin': 24.42}",,Finviz via finvizfinance screener views,2026-09-17T23:30:36+02:00,2026-07-30,,49,NORMAL,"{'failed_gate': 'revenue_growth', 'actual_value': 17.5, 'applicable_threshold': 20.0, 'distance_to_threshold': 2.5, 'distance_to_threshold_pct': 12.5, 'formula': 'minimo: distance = threshold - actual; pct = distance / abs(threshold) * 100'}"
LGN,Legence Corp,finviz_prefilter,eps_growth;operating_margin,,price_min;market_cap_min;avg_volume_min;revenue_growth;eps_growth;eps_next_year;operating_margin;earnings_window,False,"{'revenue_growth_yoy': 110.74, 'eps_growth_yoy': -306.44, 'eps_next_year': 113.45, 'operating_margin': 3.04}",,Finviz via finvizfinance screener views,2026-09-17T23:30:36+02:00,2026-08-13,,35,NORMAL,
LIF,Life360 Inc,finviz_prefilter,eps_growth;operating_margin,,price_min;market_cap_min;avg_volume_min;revenue_growth;eps_growth;eps_next_year;operating_margin;earnings_window,False,"{'revenue_growth_yoy': 37.769999999999996, 'eps_growth_yoy': -28.71, 'eps_next_year': 48.11, 'operating_margin': 1.1400000000000001}",,Finviz via finvizfinance screener views,2026-09-17T23:30:36+02:00,2026-08-10,,38,NORMAL,
LIFE,Ethos Technologies Inc,finviz_prefilter,eps_growth;operating_margin,,price_min;market_cap_min;avg_volume_min;revenue_growth;eps_growth;eps_next_year;operating_margin;earnings_window,False,"{'revenue_growth_yoy': 113.35, 'eps_growth_yoy': 4.25, 'eps_next_year': 145.66, 'operating_margin': -17.669999999999998}",,Finviz via finvizfinance screener views,2026-09-17T23:30:36+02:00,2026-08-03,,45,NORMAL,
LIN,Linde Plc,finviz_prefilter,revenue_growth;eps_growth;eps_next_year,,price_min;market_cap_min;avg_volume_min;revenue_growth;eps_growth;eps_next_year;operating_margin;earnings_window,False,"{'revenue_growth_yoy': 9.35, 'eps_growth_yoy': 11.3, 'eps_next_year': 9.56, 'operating_margin': 27.1}",,Finviz via finvizfinance screener views,2026-09-17T23:30:36+02:00,2026-07-31,,48,NORMAL,
LINE,Lineage Inc,finviz_prefilter,revenue_growth;eps_growth;operating_margin,,price_min;market_cap_min;avg_volume_min;revenue_growth;eps_growth;eps_next_year;operating_margin;earnings_window,False,"{'revenue_growth_yoy': 0.8099999999999999, 'eps_growth_yoy': -385.5, 'eps_next_year': 17.79, 'operating_margin': 4.32}",,Finviz via finvizfinance screener views,2026-09-17T23:30:36+02:00,2026-08-05,,43,NORMAL,
LITE,Lumentum Holdings Inc,finviz_prefilter,eps_growth,,price_min;market_cap_min;avg_volume_min;revenue_growth;eps_growth;eps_next_year;operating_margin;earnings_window,False,"{'revenue_growth_yoy': 109.33999999999999, 'eps_growth_yoy': -2957.5099999999998, 'eps_next_year': 57.39, 'operating_margin': 17.89}",,Finviz via finvizfinance screener views,2026-09-17T23:30:36+02:00,2026-08-11,,37,NORMAL,"{'failed_gate': 'eps_growth', 'actual_value': -2957.5099999999998, 'applicable_threshold': 20.0, 'distance_to_threshold': 2977.5099999999998, 'distance_to_threshold_pct': 14887.55, 'formula': 'minimo: distance = threshold - actual; pct = distance / abs(threshold) * 100'}"
LKQ,LKQ Corp,finviz_prefilter,revenue_growth;eps_growth;operating_margin,,price_min;market_cap_min;avg_volume_min;revenue_growth;eps_growth;eps_next_year;operating_margin;earnings_window,False,"{'revenue_growth_yoy': -6.43, 'eps_growth_yoy': -27.63, 'eps_next_year': 15.2, 'operating_margin': 7.24}",,Finviz via finvizfinance screener views,2026-09-17T23:30:36+02:00,2026-07-30,,49,NORMAL,
LNT,Alliant Energy Corp,finviz_prefilter,revenue_growth;eps_growth;eps_next_year,,price_min;market_cap_min;avg_volume_min;revenue_growth;eps_growth;eps_next_year;operating_margin;earnings_window,False,"{'revenue_growth_yoy': 1.04, 'eps_growth_yoy': -3.64, 'eps_next_year': 7.4, 'operating_margin': 22.1}",,Finviz via finvizfinance screener views,2026-09-17T23:30:36+02:00,2026-07-30,,49,NORMAL,
LNTH,Lantheus Holdings Inc,finviz_prefilter,revenue_growth;eps_growth,,price_min;market_cap_min;avg_volume_min;revenue_growth;eps_growth;eps_next_year;operating_margin;earnings_window,False,"{'revenue_growth_yoy': 2.68, 'eps_growth_yoy': -0.79, 'eps_next_year': 18.29, 'operating_margin': 19.45}",,Finviz via finvizfinance screener views,2026-09-17T23:30:36+02:00,2026-08-06,,42,NORMAL,
LOGI,Logitech International SA,finviz_prefilter,revenue_growth;eps_next_year,,price_min;market_cap_min;avg_volume_min;revenue_growth;eps_growth;eps_next_year;operating_margin;earnings_window,False,"{'revenue_growth_yoy': 6.93, 'eps_growth_yoy': 65.89, 'eps_next_year': 7.57, 'operating_margin': 18.14}",,Finviz via finvizfinance screener views,2026-09-17T23:30:36+02:00,2026-07-28,,51,NORMAL,
LULU,Lululemon Athletica Inc,finviz_prefilter,revenue_growth;eps_growth;eps_next_year,,price_min;market_cap_min;avg_volume_min;revenue_growth;eps_growth;eps_next_year;operating_margin;earnings_window,False,"{'revenue_growth_yoy': -4.34, 'eps_growth_yoy': -5.92, 'eps_next_year': -12.12, 'operating_margin': 18.029999999999998}",,Finviz via finvizfinance screener views,2026-09-17T23:30:36+02:00,2026-09-03,,14,PEAD_WINDOW,
LYFT,Lyft Inc,finviz_prefilter,revenue_growth;operating_margin,,price_min;market_cap_min;avg_volume_min;revenue_growth;eps_growth;eps_next_year;operating_margin;earnings_window,False,"{'revenue_growth_yoy': 16.08, 'eps_growth_yoy': 36.620000000000005, 'eps_next_year': 80.3, 'operating_margin': -1.67}",,Finviz via finvizfinance screener views,2026-09-17T23:30:36+02:00,2026-08-06,,42,NORMAL,
MANH,Manhattan Associates Inc,finviz_prefilter,revenue_growth;eps_growth;eps_next_year,,price_min;market_cap_min;avg_volume_min;revenue_growth;eps_growth;eps_next_year;operating_margin;earnings_window,False,"{'revenue_growth_yoy': 9.31, 'eps_growth_yoy': -8.200000000000001, 'eps_next_year': 11.79, 'operating_margin': 25.06}",,Finviz via finvizfinance screener views,2026-09-17T23:30:36+02:00,2026-07-28,,51,NORMAL,
MAR,Marriott International Inc,finviz_prefilter,revenue_growth;eps_growth;eps_next_year,,price_min;market_cap_min;avg_volume_min;revenue_growth;eps_growth;eps_next_year;operating_margin;earnings_window,False,"{'revenue_growth_yoy': 4.8500000000000005, 'eps_growth_yoy': 4.26, 'eps_next_year': 11.84, 'operating_margin': 15.73}",,Finviz via finvizfinance screener views,2026-09-17T23:30:36+02:00,2026-08-03,,45,NORMAL,
MDB,MongoDB Inc,finviz_prefilter,operating_margin,,price_min;market_cap_min;avg_volume_min;revenue_growth;eps_growth;eps_next_year;operating_margin;earnings_window,False,"{'revenue_growth_yoy': 30.5, 'eps_growth_yoy': 186.04, 'eps_next_year': 19.24, 'operating_margin': -0.54}",,Finviz via finvizfinance screener views,2026-09-17T23:30:36+02:00,2026-09-01,,16,NORMAL,"{'failed_gate': 'operating_margin', 'actual_value': -0.54, 'applicable_threshold': 8.0, 'distance_to_threshold': 8.54, 'distance_to_threshold_pct': 106.74999999999999, 'formula': 'minimo: distance = threshold - actual; pct = distance / abs(threshold) * 100'}"
MDLN,Medline Inc,finviz_prefilter,revenue_growth;eps_growth;eps_next_year;operating_margin,,price_min;market_cap_min;avg_volume_min;revenue_growth;eps_growth;eps_next_year;operating_margin;earnings_window,False,"{'revenue_growth_yoy': 11.600000000000001, 'eps_growth_yoy': -83.26, 'eps_next_year': 5.35, 'operating_margin': 6.5}",,Finviz via finvizfinance screener views,2026-09-17T23:30:36+02:00,2026-08-05,,43,NORMAL,
MDLZ,Mondelez International Inc,finviz_prefilter,revenue_growth;eps_next_year,,price_min;market_cap_min;avg_volume_min;revenue_growth;eps_growth;eps_next_year;operating_margin;earnings_window,False,"{'revenue_growth_yoy': 4.130000000000001, 'eps_growth_yoy': 143.73, 'eps_next_year': 10.19, 'operating_margin': 15.840000000000002}",,Finviz via finvizfinance screener views,2026-09-17T23:30:36+02:00,2026-07-28,,51,NORMAL,
MEOH,Methanex Corp,finviz_prefilter,eps_next_year,,price_min;market_cap_min;avg_volume_min;revenue_growth;eps_growth;eps_next_year;operating_margin;earnings_window,False,"{'revenue_growth_yoy': 75.17, 'eps_growth_yoy': 168.79999999999998, 'eps_next_year': -39.29, 'operating_margin': 17.37}",,Finviz via finvizfinance screener views,2026-09-17T23:30:36+02:00,2026-07-28,,51,NORMAL,"{'failed_gate': 'eps_next_year', 'actual_value': -39.29, 'applicable_threshold': 15.0, 'distance_to_threshold': 54.29, 'distance_to_threshold_pct': 361.9333333333333, 'formula': 'minimo: distance = threshold - actual; pct = distance / abs(threshold) * 100'}"
META,Meta Platforms Inc,finviz_prefilter,eps_growth;eps_next_year,,price_min;market_cap_min;avg_volume_min;revenue_growth;eps_growth;eps_next_year;operating_margin;earnings_window,False,"{'revenue_growth_yoy': 27.96, 'eps_growth_yoy': -13.44, 'eps_next_year': 7.85, 'operating_margin': 38.080000000000005}",,Finviz via finvizfinance screener views,2026-09-17T23:30:36+02:00,2026-07-29,,50,NORMAL,
MGNI,Magnite Inc,finviz_prefilter,revenue_growth,,price_min;market_cap_min;avg_volume_min;revenue_growth;eps_growth;eps_next_year;operating_margin;earnings_window,False,"{'revenue_growth_yoy': 11.24, 'eps_growth_yoy': 75.22999999999999, 'eps_next_year': 18.52, 'operating_margin': 15.65}",,Finviz via finvizfinance screener views,2026-09-17T23:30:36+02:00,2026-08-05,,43,NORMAL,"{'failed_gate': 'revenue_growth', 'actual_value': 11.24, 'applicable_threshold': 20.0, 'distance_to_threshold': 8.76, 'distance_to_threshold_pct': 43.8, 'formula': 'minimo: distance = threshold - actual; pct = distance / abs(threshold) * 100'}"
MIRM,Mirum Pharmaceuticals Inc,finviz_prefilter,eps_growth;operating_margin,,price_min;market_cap_min;avg_volume_min;revenue_growth;eps_growth;eps_next_year;operating_margin;earnings_window,False,"{'revenue_growth_yoy': 37.92, 'eps_growth_yoy': -799.75, 'eps_next_year': 94.97, 'operating_margin': -14.760000000000002}",,Finviz via finvizfinance screener views,2026-09-17T23:30:36+02:00,2026-08-05,,43,NORMAL,
MKTX,MarketAxess Holdings Inc,finviz_prefilter,revenue_growth;eps_growth;eps_next_year,,price_min;market_cap_min;avg_volume_min;revenue_growth;eps_growth;eps_next_year;operating_margin;earnings_window,False,"{'revenue_growth_yoy': -2.75, 'eps_growth_yoy': 1.31, 'eps_next_year': 9.03, 'operating_margin': 40.28}",,Finviz via finvizfinance screener views,2026-09-17T23:30:36+02:00,2026-07-30,,49,NORMAL,
MMED,MiniMed Group Inc,finviz_prefilter,revenue_growth;eps_next_year,operating_margin,price_min;market_cap_min;avg_volume_min;revenue_growth;eps_growth;eps_next_year;earnings_window,False,"{'revenue_growth_yoy': 16.439999999999998, 'eps_growth_yoy': 100.0, 'eps_next_year': -3.02, 'operating_margin': None}",,Finviz via finvizfinance screener views,2026-09-17T23:30:36+02:00,2026-09-01,,16,NORMAL,
MMSI,Merit Medical Systems Inc,finviz_prefilter,revenue_growth;eps_growth;eps_next_year,,price_min;market_cap_min;avg_volume_min;revenue_growth;eps_growth;eps_next_year;operating_margin;earnings_window,False,"{'revenue_growth_yoy': 9.83, 'eps_growth_yoy': 20.3, 'eps_next_year': 7.19, 'operating_margin': 12.690000000000001}",,Finviz via finvizfinance screener views,2026-09-17T23:30:36+02:00,2026-07-30,,49,NORMAL,
MMYT,MakeMyTrip Ltd,finviz_prefilter,revenue_growth;eps_growth,,price_min;market_cap_min;avg_volume_min;revenue_growth;eps_growth;eps_next_year;operating_margin;earnings_window,False,"{'revenue_growth_yoy': 6.22, 'eps_growth_yoy': -61.53999999999999, 'eps_next_year': 97.7, 'operating_margin': 14.95}",,Finviz via finvizfinance screener views,2026-09-17T23:30:36+02:00,2026-08-03,,45,NORMAL,
MNDY,Monday.Com Ltd,finviz_prefilter,operating_margin,,price_min;market_cap_min;avg_volume_min;revenue_growth;eps_growth;eps_next_year;operating_margin;earnings_window,False,"{'revenue_growth_yoy': 21.94, 'eps_growth_yoy': 163.73, 'eps_next_year': 22.27, 'operating_margin': 2.9000000000000004}",,Finviz via finvizfinance screener views,2026-09-17T23:30:36+02:00,2026-08-10,,38,NORMAL,"{'failed_gate': 'operating_margin', 'actual_value': 2.9000000000000004, 'applicable_threshold': 8.0, 'distance_to_threshold': 5.1, 'distance_to_threshold_pct': 63.74999999999999, 'formula': 'minimo: distance = threshold - actual; pct = distance / abs(threshold) * 100'}"
MNST,Monster Beverage Corp,finviz_prefilter,eps_growth;eps_next_year,,price_min;market_cap_min;avg_volume_min;revenue_growth;eps_growth;eps_next_year;operating_margin;earnings_window,False,"{'revenue_growth_yoy': 20.169999999999998, 'eps_growth_yoy': 19.040000000000003, 'eps_next_year': 13.04, 'operating_margin': 29.160000000000004}",,Finviz via finvizfinance screener views,2026-09-17T23:30:36+02:00,2026-08-06,,42,NORMAL,
MRNA,Moderna Inc,finviz_prefilter,revenue_growth;eps_growth;operating_margin,,price_min;market_cap_min;avg_volume_min;revenue_growth;eps_growth;eps_next_year;operating_margin;earnings_window,False,"{'revenue_growth_yoy': 2.11, 'eps_growth_yoy': 7.6, 'eps_next_year': 42.6, 'operating_margin': -149.01}",,Finviz via finvizfinance screener views,2026-09-17T23:30:36+02:00,2026-07-31,,48,NORMAL,
MRX,Marex Group Ltd,finviz_prefilter,eps_next_year,,price_min;market_cap_min;avg_volume_min;revenue_growth;eps_growth;eps_next_year;operating_margin;earnings_window,False,"{'revenue_growth_yoy': 33.95, 'eps_growth_yoy': 105.96000000000001, 'eps_next_year': 11.99, 'operating_margin': 32.190000000000005}",,Finviz via finvizfinance screener views,2026-09-17T23:30:36+02:00,2026-08-12,,36,NORMAL,"{'failed_gate': 'eps_next_year', 'actual_value': 11.99, 'applicable_threshold': 15.0, 'distance_to_threshold': 3.01, 'distance_to_threshold_pct': 20.066666666666666, 'formula': 'minimo: distance = threshold - actual; pct = distance / abs(threshold) * 100'}"
MSFT,Microsoft Corp,finviz_prefilter,revenue_growth,,price_min;market_cap_min;avg_volume_min;revenue_growth;eps_growth;eps_next_year;operating_margin;earnings_window,False,"{'revenue_growth_yoy': 17.75, 'eps_growth_yoy': 31.65, 'eps_next_year': 19.08, 'operating_margin': 46.78}",,Finviz via finvizfinance screener views,2026-09-17T23:30:36+02:00,2026-07-29,,50,NORMAL,"{'failed_gate': 'revenue_growth', 'actual_value': 17.75, 'applicable_threshold': 20.0, 'distance_to_threshold': 2.25, 'distance_to_threshold_pct': 11.25, 'formula': 'minimo: distance = threshold - actual; pct = distance / abs(threshold) * 100'}"
MSTR,Strategy Inc,finviz_prefilter,revenue_growth;eps_growth;operating_margin,,price_min;market_cap_min;avg_volume_min;revenue_growth;eps_growth;eps_next_year;operating_margin;earnings_window,False,"{'revenue_growth_yoy': 6.88, 'eps_growth_yoy': -175.02, 'eps_next_year': 160.91, 'operating_margin': -8.129999999999999}",,Finviz via finvizfinance screener views,2026-09-17T23:30:36+02:00,2026-07-30,,49,NORMAL,
MTCH,Match Group Inc,finviz_prefilter,revenue_growth,,price_min;market_cap_min;avg_volume_min;revenue_growth;eps_growth;eps_next_year;operating_margin;earnings_window,False,"{'revenue_growth_yoy': -1.23, 'eps_growth_yoy': 43.47, 'eps_next_year': 16.0, 'operating_margin': 28.15}",,Finviz via finvizfinance screener views,2026-09-17T23:30:36+02:00,2026-08-04,,44,NORMAL,"{'failed_gate': 'revenue_growth', 'actual_value': -1.23, 'applicable_threshold': 20.0, 'distance_to_threshold': 21.23, 'distance_to_threshold_pct': 106.15, 'formula': 'minimo: distance = threshold - actual; pct = distance / abs(threshold) * 100'}"
MXL,MaxLinear Inc,finviz_prefilter,operating_margin,,price_min;market_cap_min;avg_volume_min;revenue_growth;eps_growth;eps_next_year;operating_margin;earnings_window,False,"{'revenue_growth_yoy': 55.169999999999995, 'eps_growth_yoy': 105.89999999999999, 'eps_next_year': 54.03, 'operating_margin': -11.600000000000001}",,Finviz via finvizfinance screener views,2026-09-17T23:30:36+02:00,2026-07-23,,56,NORMAL,"{'failed_gate': 'operating_margin', 'actual_value': -11.600000000000001, 'applicable_threshold': 8.0, 'distance_to_threshold': 19.6, 'distance_to_threshold_pct': 245.00000000000003, 'formula': 'minimo: distance = threshold - actual; pct = distance / abs(threshold) * 100'}"
NAMS,NewAmsterdam Pharma Company NV,finviz_prefilter,revenue_growth;eps_growth;operating_margin,,price_min;market_cap_min;avg_volume_min;revenue_growth;eps_growth;eps_next_year;operating_margin;earnings_window,False,"{'revenue_growth_yoy': -80.67, 'eps_growth_yoy': -254.88, 'eps_next_year': 17.44, 'operating_margin': -3432.2000000000003}",,Finviz via finvizfinance screener views,2026-09-17T23:30:36+02:00,2026-08-05,,43,NORMAL,
NAVN,Navan Inc,finviz_prefilter,eps_growth;operating_margin,,price_min;market_cap_min;avg_volume_min;revenue_growth;eps_growth;eps_next_year;operating_margin;earnings_window,False,"{'revenue_growth_yoy': 35.38, 'eps_growth_yoy': 26.99, 'eps_next_year': 52.33, 'operating_margin': -24.79}",,Finviz via finvizfinance screener views,2026-09-17T23:30:36+02:00,2026-09-09,,8,PEAD_WINDOW,
NBIS,Nebius Group NV,finviz_prefilter,eps_growth;eps_next_year;operating_margin,,price_min;market_cap_min;avg_volume_min;revenue_growth;eps_growth;eps_next_year;operating_margin;earnings_window,False,"{'revenue_growth_yoy': 454.04, 'eps_growth_yoy': -127.74000000000001, 'eps_next_year': -87.35, 'operating_margin': -49.34}",,Finviz via finvizfinance screener views,2026-09-17T23:30:36+02:00,2026-08-12,,36,NORMAL,
NCNO,Ncino Inc,finviz_prefilter,revenue_growth,,price_min;market_cap_min;avg_volume_min;revenue_growth;eps_growth;eps_next_year;operating_margin;earnings_window,False,"{'revenue_growth_yoy': 8.19, 'eps_growth_yoy': 136.4, 'eps_next_year': 19.97, 'operating_margin': 8.77}",,Finviz via finvizfinance screener views,2026-09-17T23:30:36+02:00,2026-08-25,,23,NORMAL,"{'failed_gate': 'revenue_growth', 'actual_value': 8.19, 'applicable_threshold': 20.0, 'distance_to_threshold': 11.81, 'distance_to_threshold_pct': 59.050000000000004, 'formula': 'minimo: distance = threshold - actual; pct = distance / abs(threshold) * 100'}"
NDAQ,Nasdaq Inc,finviz_prefilter,eps_growth;eps_next_year,,price_min;market_cap_min;avg_volume_min;revenue_growth;eps_growth;eps_next_year;operating_margin;earnings_window,False,"{'revenue_growth_yoy': 21.15, 'eps_growth_yoy': 14.38, 'eps_next_year': 13.24, 'operating_margin': 30.78}",,Finviz via finvizfinance screener views,2026-09-17T23:30:36+02:00,2026-07-23,,56,NORMAL,
NEO,Neogenomics Inc,finviz_prefilter,revenue_growth;operating_margin,,price_min;market_cap_min;avg_volume_min;revenue_growth;eps_growth;eps_next_year;operating_margin;earnings_window,False,"{'revenue_growth_yoy': 11.21, 'eps_growth_yoy': 104.85, 'eps_next_year': 85.08, 'operating_margin': -7.03}",,Finviz via finvizfinance screener views,2026-09-17T23:30:36+02:00,2026-07-28,,51,NORMAL,
NFLX,Netflix Inc,finviz_prefilter,revenue_growth;eps_growth;eps_next_year,,price_min;market_cap_min;avg_volume_min;revenue_growth;eps_growth;eps_next_year;operating_margin;earnings_window,False,"{'revenue_growth_yoy': 13.41, 'eps_growth_yoy': 11.06, 'eps_next_year': 5.98, 'operating_margin': 30.25}",,Finviz via finvizfinance screener views,2026-09-17T23:30:36+02:00,2026-07-16,,63,NORMAL,
NKTR,Nektar Therapeutics,finviz_prefilter,revenue_growth;eps_next_year;operating_margin,,price_min;market_cap_min;avg_volume_min;revenue_growth;eps_growth;eps_next_year;operating_margin;earnings_window,False,"{'revenue_growth_yoy': -9.34, 'eps_growth_yoy': 58.379999999999995, 'eps_next_year': -28.79, 'operating_margin': -239.32000000000002}",,Finviz via finvizfinance screener views,2026-09-17T23:30:36+02:00,2026-08-13,,35,NORMAL,
NRIX,Nurix Therapeutics Inc,finviz_prefilter,revenue_growth;eps_growth;operating_margin,,price_min;market_cap_min;avg_volume_min;revenue_growth;eps_growth;eps_next_year;operating_margin;earnings_window,False,"{'revenue_growth_yoy': -79.47, 'eps_growth_yoy': -55.54, 'eps_next_year': 27.03, 'operating_margin': -982.37}",,Finviz via finvizfinance screener views,2026-09-17T23:30:36+02:00,2026-07-09,,70,NORMAL,
NTAP,Netapp Inc,finviz_prefilter,eps_next_year,,price_min;market_cap_min;avg_volume_min;revenue_growth;eps_growth;eps_next_year;operating_margin;earnings_window,False,"{'revenue_growth_yoy': 30.12, 'eps_growth_yoy': 63.36000000000001, 'eps_next_year': 11.01, 'operating_margin': 26.040000000000003}",,Finviz via finvizfinance screener views,2026-09-17T23:30:36+02:00,2026-09-02,,15,PEAD_WINDOW,"{'failed_gate': 'eps_next_year', 'actual_value': 11.01, 'applicable_threshold': 15.0, 'distance_to_threshold': 3.99, 'distance_to_threshold_pct': 26.6, 'formula': 'minimo: distance = threshold - actual; pct = distance / abs(threshold) * 100'}"
NTNX,Nutanix Inc,finviz_prefilter,revenue_growth,,price_min;market_cap_min;avg_volume_min;revenue_growth;eps_growth;eps_next_year;operating_margin;earnings_window,False,"{'revenue_growth_yoy': 15.89, 'eps_growth_yoy': 3148.5, 'eps_next_year': 15.61, 'operating_margin': 10.82}",,Finviz via finvizfinance screener views,2026-09-17T23:30:36+02:00,2026-08-26,,22,NORMAL,"{'failed_gate': 'revenue_growth', 'actual_value': 15.89, 'applicable_threshold': 20.0, 'distance_to_threshold': 4.109999999999999, 'distance_to_threshold_pct': 20.549999999999997, 'formula': 'minimo: distance = threshold - actual; pct = distance / abs(threshold) * 100'}"
NTRA,Natera Inc,finviz_prefilter,operating_margin,,price_min;market_cap_min;avg_volume_min;revenue_growth;eps_growth;eps_next_year;operating_margin;earnings_window,False,"{'revenue_growth_yoy': 37.71, 'eps_growth_yoy': 36.85, 'eps_next_year': 90.04, 'operating_margin': -10.56}",,Finviz via finvizfinance screener views,2026-09-17T23:30:36+02:00,2026-08-06,,42,NORMAL,"{'failed_gate': 'operating_margin', 'actual_value': -10.56, 'applicable_threshold': 8.0, 'distance_to_threshold': 18.560000000000002, 'distance_to_threshold_pct': 232.00000000000003, 'formula': 'minimo: distance = threshold - actual; pct = distance / abs(threshold) * 100'}"
NTRS,Northern Trust Corp,finviz_prefilter,revenue_growth;eps_next_year,,price_min;market_cap_min;avg_volume_min;revenue_growth;eps_growth;eps_next_year;operating_margin;earnings_window,False,"{'revenue_growth_yoy': 17.18, 'eps_growth_yoy': 98.21, 'eps_next_year': 9.37, 'operating_margin': 13.389999999999999}",,Finviz via finvizfinance screener views,2026-09-17T23:30:36+02:00,2026-07-22,,57,NORMAL,
NTSK,Netskope Inc,finviz_prefilter,eps_growth;operating_margin,,price_min;market_cap_min;avg_volume_min;revenue_growth;eps_growth;eps_next_year;operating_margin;earnings_window,False,"{'revenue_growth_yoy': 29.15, 'eps_growth_yoy': -15.790000000000001, 'eps_next_year': 128.08, 'operating_margin': -94.23}",,Finviz via finvizfinance screener views,2026-09-17T23:30:36+02:00,2026-09-02,,15,PEAD_WINDOW,
NWBI,Northwest Bancshares Inc,finviz_prefilter,revenue_growth;eps_next_year,,price_min;market_cap_min;avg_volume_min;revenue_growth;eps_growth;eps_next_year;operating_margin;earnings_window,False,"{'revenue_growth_yoy': 18.310000000000002, 'eps_growth_yoy': 38.519999999999996, 'eps_next_year': 2.93, 'operating_margin': 25.03}",,Finviz via finvizfinance screener views,2026-09-17T23:30:36+02:00,2026-07-27,,52,NORMAL,
NWS,News Corp,finviz_prefilter,revenue_growth,,price_min;market_cap_min;avg_volume_min;revenue_growth;eps_growth;eps_next_year;operating_margin;earnings_window,False,"{'revenue_growth_yoy': 10.81, 'eps_growth_yoy': 586.5300000000001, 'eps_next_year': 16.36, 'operating_margin': 12.64}",,Finviz via finvizfinance screener views,2026-09-17T23:30:36+02:00,2026-08-05,,43,NORMAL,"{'failed_gate': 'revenue_growth', 'actual_value': 10.81, 'applicable_threshold': 20.0, 'distance_to_threshold': 9.19, 'distance_to_threshold_pct': 45.949999999999996, 'formula': 'minimo: distance = threshold - actual; pct = distance / abs(threshold) * 100'}"
NWSA,News Corp,finviz_prefilter,revenue_growth,,price_min;market_cap_min;avg_volume_min;revenue_growth;eps_growth;eps_next_year;operating_margin;earnings_window,False,"{'revenue_growth_yoy': 10.81, 'eps_growth_yoy': 586.5300000000001, 'eps_next_year': 16.36, 'operating_margin': 12.64}",,Finviz via finvizfinance screener views,2026-09-17T23:30:36+02:00,2026-08-05,,43,NORMAL,"{'failed_gate': 'revenue_growth', 'actual_value': 10.81, 'applicable_threshold': 20.0, 'distance_to_threshold': 9.19, 'distance_to_threshold_pct': 45.949999999999996, 'formula': 'minimo: distance = threshold - actual; pct = distance / abs(threshold) * 100'}"
NXPI,NXP Semiconductors NV,finviz_prefilter,revenue_growth,,price_min;market_cap_min;avg_volume_min;revenue_growth;eps_growth;eps_next_year;operating_margin;earnings_window,False,"{'revenue_growth_yoy': 19.48, 'eps_growth_yoy': 72.23, 'eps_next_year': 20.53, 'operating_margin': 28.7}",,Finviz via finvizfinance screener views,2026-09-17T23:30:36+02:00,2026-07-28,,51,NORMAL,"{'failed_gate': 'revenue_growth', 'actual_value': 19.48, 'applicable_threshold': 20.0, 'distance_to_threshold': 0.5199999999999996, 'distance_to_threshold_pct': 2.599999999999998, 'formula': 'minimo: distance = threshold - actual; pct = distance / abs(threshold) * 100'}"
NXT,Nextpower Inc,finviz_prefilter,revenue_growth;eps_growth,,price_min;market_cap_min;avg_volume_min;revenue_growth;eps_growth;eps_next_year;operating_margin;earnings_window,False,"{'revenue_growth_yoy': 8.21, 'eps_growth_yoy': 2.32, 'eps_next_year': 22.18, 'operating_margin': 19.7}",,Finviz via finvizfinance screener views,2026-09-17T23:30:36+02:00,2026-07-30,,49,NORMAL,
OCTV,Octave Intelligence Plc,finviz_prefilter,eps_next_year,revenue_growth;eps_growth;operating_margin,price_min;market_cap_min;avg_volume_min;eps_next_year;earnings_window,False,"{'revenue_growth_yoy': None, 'eps_growth_yoy': None, 'eps_next_year': 1.86, 'operating_margin': None}",,Finviz via finvizfinance screener views,2026-09-17T23:30:36+02:00,2026-08-12,,36,NORMAL,"{'failed_gate': 'eps_next_year', 'actual_value': 1.86, 'applicable_threshold': 15.0, 'distance_to_threshold': 13.14, 'distance_to_threshold_pct': 87.6, 'formula': 'minimo: distance = threshold - actual; pct = distance / abs(threshold) * 100'}"
ODFL,Old Dominion Freight Line Inc,finviz_prefilter,revenue_growth;eps_next_year,,price_min;market_cap_min;avg_volume_min;revenue_growth;eps_growth;eps_next_year;operating_margin;earnings_window,False,"{'revenue_growth_yoy': 10.39, 'eps_growth_yoy': 32.68, 'eps_next_year': 14.21, 'operating_margin': 25.990000000000002}",,Finviz via finvizfinance screener views,2026-09-17T23:30:36+02:00,2026-07-29,,50,NORMAL,
OKTA,Okta Inc,finviz_prefilter,revenue_growth;eps_next_year;operating_margin,,price_min;market_cap_min;avg_volume_min;revenue_growth;eps_growth;eps_next_year;operating_margin;earnings_window,False,"{'revenue_growth_yoy': 10.58, 'eps_growth_yoy': 75.22999999999999, 'eps_next_year': 10.6, 'operating_margin': 7.68}",,Finviz via finvizfinance screener views,2026-09-17T23:30:36+02:00,2026-08-26,,22,NORMAL,
OLED,Universal Display Corp,finviz_prefilter,revenue_growth;eps_growth;eps_next_year,,price_min;market_cap_min;avg_volume_min;revenue_growth;eps_growth;eps_next_year;operating_margin;earnings_window,False,"{'revenue_growth_yoy': -11.43, 'eps_growth_yoy': -24.92, 'eps_next_year': 12.5, 'operating_margin': 34.4}",,Finviz via finvizfinance screener views,2026-09-17T23:30:36+02:00,2026-07-30,,49,NORMAL,
OLLI,Ollies Bargain Outlet Holdings Inc,finviz_prefilter,revenue_growth;eps_next_year,,price_min;market_cap_min;avg_volume_min;revenue_growth;eps_growth;eps_next_year;operating_margin;earnings_window,False,"{'revenue_growth_yoy': 9.09, 'eps_growth_yoy': 42.99, 'eps_next_year': 7.26, 'operating_margin': 13.03}",,Finviz via finvizfinance screener views,2026-09-17T23:30:36+02:00,2026-09-02,,15,PEAD_WINDOW,
ON,ON Semiconductor Corp,finviz_prefilter,revenue_growth,,price_min;market_cap_min;avg_volume_min;revenue_growth;eps_growth;eps_next_year;operating_margin;earnings_window,False,"{'revenue_growth_yoy': 9.180000000000001, 'eps_growth_yoy': 36.51, 'eps_next_year': 40.57, 'operating_margin': 18.16}",,Finviz via finvizfinance screener views,2026-09-17T23:30:36+02:00,2026-08-03,,45,NORMAL,"{'failed_gate': 'revenue_growth', 'actual_value': 9.180000000000001, 'applicable_threshold': 20.0, 'distance_to_threshold': 10.819999999999999, 'distance_to_threshold_pct': 54.099999999999994, 'formula': 'minimo: distance = threshold - actual; pct = distance / abs(threshold) * 100'}"
ONB,Old National Bancorp,finviz_prefilter,revenue_growth;eps_next_year,,price_min;market_cap_min;avg_volume_min;revenue_growth;eps_growth;eps_next_year;operating_margin;earnings_window,False,"{'revenue_growth_yoy': 9.55, 'eps_growth_yoy': 93.78, 'eps_next_year': 10.64, 'operating_margin': 30.14}",,Finviz via finvizfinance screener views,2026-09-17T23:30:36+02:00,2026-07-22,,57,NORMAL,
OPCH,Option Care Health Inc,finviz_prefilter,revenue_growth;eps_growth;eps_next_year;operating_margin,,price_min;market_cap_min;avg_volume_min;revenue_growth;eps_growth;eps_next_year;operating_margin;earnings_window,False,"{'revenue_growth_yoy': 1.8599999999999999, 'eps_growth_yoy': 14.13, 'eps_next_year': 10.83, 'operating_margin': 5.86}",,Finviz via finvizfinance screener views,2026-09-17T23:30:36+02:00,2026-07-29,,50,NORMAL,
ORLY,O'Reilly Automotive Inc,finviz_prefilter,revenue_growth;eps_growth;eps_next_year,,price_min;market_cap_min;avg_volume_min;revenue_growth;eps_growth;eps_next_year;operating_margin;earnings_window,False,"{'revenue_growth_yoy': 8.110000000000001, 'eps_growth_yoy': 10.77, 'eps_next_year': 11.32, 'operating_margin': 19.56}",,Finviz via finvizfinance screener views,2026-09-17T23:30:36+02:00,2026-07-29,,50,NORMAL,
OSW,OneSpaWorld Holdings Limited,finviz_prefilter,revenue_growth;eps_growth;eps_next_year,,price_min;market_cap_min;avg_volume_min;revenue_growth;eps_growth;eps_next_year;operating_margin;earnings_window,False,"{'revenue_growth_yoy': 8.52, 'eps_growth_yoy': 17.72, 'eps_next_year': 13.49, 'operating_margin': 9.5}",,Finviz via finvizfinance screener views,2026-09-17T23:30:36+02:00,2026-07-29,,50,NORMAL,
OTEX,Open Text Corp,finviz_prefilter,revenue_growth;eps_next_year,,price_min;market_cap_min;avg_volume_min;revenue_growth;eps_growth;eps_next_year;operating_margin;earnings_window,False,"{'revenue_growth_yoy': 2.94, 'eps_growth_yoy': 473.37, 'eps_next_year': 7.84, 'operating_margin': 23.169999999999998}",,Finviz via finvizfinance screener views,2026-09-17T23:30:36+02:00,2026-08-06,,42,NORMAL,
OUST,Ouster Inc,finviz_prefilter,operating_margin,,price_min;market_cap_min;avg_volume_min;revenue_growth;eps_growth;eps_next_year;operating_margin;earnings_window,False,"{'revenue_growth_yoy': 55.86, 'eps_growth_yoy': 27.46, 'eps_next_year': 102.63, 'operating_margin': -34.410000000000004}",,Finviz via finvizfinance screener views,2026-09-17T23:30:36+02:00,2026-08-06,,42,NORMAL,"{'failed_gate': 'operating_margin', 'actual_value': -34.410000000000004, 'applicable_threshold': 8.0, 'distance_to_threshold': 42.410000000000004, 'distance_to_threshold_pct': 530.125, 'formula': 'minimo: distance = threshold - actual; pct = distance / abs(threshold) * 100'}"
OZK,Bank OZK,finviz_prefilter,revenue_growth;eps_growth;eps_next_year,,price_min;market_cap_min;avg_volume_min;revenue_growth;eps_growth;eps_next_year;operating_margin;earnings_window,False,"{'revenue_growth_yoy': -3.82, 'eps_growth_yoy': -5.72, 'eps_next_year': 4.17, 'operating_margin': 32.35}",,Finviz via finvizfinance screener views,2026-09-17T23:30:36+02:00,2026-07-21,,58,NORMAL,
PAA,Plains All American Pipeline LP,finviz_prefilter,eps_next_year;operating_margin,,price_min;market_cap_min;avg_volume_min;revenue_growth;eps_growth;eps_next_year;operating_margin;earnings_window,False,"{'revenue_growth_yoy': 65.47, 'eps_growth_yoy': 981.11, 'eps_next_year': 8.0, 'operating_margin': 2.78}",,Finviz via finvizfinance screener views,2026-09-17T23:30:36+02:00,2026-08-07,,41,NORMAL,
PAGP,Plains GP Holdings LP,finviz_prefilter,eps_next_year;operating_margin,,price_min;market_cap_min;avg_volume_min;revenue_growth;eps_growth;eps_next_year;operating_margin;earnings_window,False,"{'revenue_growth_yoy': 65.47, 'eps_growth_yoy': 1196.77, 'eps_next_year': -20.16, 'operating_margin': 2.83}",,Finviz via finvizfinance screener views,2026-09-17T23:30:36+02:00,2026-08-07,,41,NORMAL,
PANW,Palo Alto Networks Inc,finviz_prefilter,eps_growth;operating_margin,,price_min;market_cap_min;avg_volume_min;revenue_growth;eps_growth;eps_next_year;operating_margin;earnings_window,False,"{'revenue_growth_yoy': 34.449999999999996, 'eps_growth_yoy': -196.42, 'eps_next_year': 16.27, 'operating_margin': 5.42}",,Finviz via finvizfinance screener views,2026-09-17T23:30:36+02:00,2026-09-01,,16,NORMAL,
PAYX,Paychex Inc,finviz_prefilter,revenue_growth;eps_next_year;earnings_window,,price_min;market_cap_min;avg_volume_min;revenue_growth;eps_growth;eps_next_year;operating_margin;earnings_window,False,"{'revenue_growth_yoy': 12.49, 'eps_growth_yoy': 43.14, 'eps_next_year': 7.59, 'operating_margin': 45.08}",,Finviz via finvizfinance screener views,2026-09-17T23:30:36+02:00,2026-09-23,6,,PRE_EARNINGS_BLACKOUT,
PCAR,Paccar Inc,finviz_prefilter,revenue_growth;eps_growth,,price_min;market_cap_min;avg_volume_min;revenue_growth;eps_growth;eps_next_year;operating_margin;earnings_window,False,"{'revenue_growth_yoy': 0.5499999999999999, 'eps_growth_yoy': 3.7199999999999998, 'eps_next_year': 21.4, 'operating_margin': 10.37}",,Finviz via finvizfinance screener views,2026-09-17T23:30:36+02:00,2026-07-28,,51,NORMAL,
PECO,Phillips Edison & Company Inc,finviz_prefilter,revenue_growth;eps_next_year,,price_min;market_cap_min;avg_volume_min;revenue_growth;eps_growth;eps_next_year;operating_margin;earnings_window,False,"{'revenue_growth_yoy': 6.550000000000001, 'eps_growth_yoy': 253.37, 'eps_next_year': -3.84, 'operating_margin': 28.910000000000004}",,Finviz via finvizfinance screener views,2026-09-17T23:30:36+02:00,2026-07-23,,56,NORMAL,
PEGA,Pegasystems Inc,finviz_prefilter,revenue_growth;eps_growth;eps_next_year,,price_min;market_cap_min;avg_volume_min;revenue_growth;eps_growth;eps_next_year;operating_margin;earnings_window,False,"{'revenue_growth_yoy': 9.42, 'eps_growth_yoy': -53.0, 'eps_next_year': 7.39, 'operating_margin': 11.32}",,Finviz via finvizfinance screener views,2026-09-17T23:30:36+02:00,2026-07-21,,58,NORMAL,
PENN,PENN Entertainment Inc,finviz_prefilter,revenue_growth;operating_margin,,price_min;market_cap_min;avg_volume_min;revenue_growth;eps_growth;eps_next_year;operating_margin;earnings_window,False,"{'revenue_growth_yoy': 5.24, 'eps_growth_yoy': 308.56, 'eps_next_year': 71.69, 'operating_margin': 6.03}",,Finviz via finvizfinance screener views,2026-09-17T23:30:36+02:00,2026-08-06,,42,NORMAL,
PEP,PepsiCo Inc,finviz_prefilter,revenue_growth;eps_next_year,,price_min;market_cap_min;avg_volume_min;revenue_growth;eps_growth;eps_next_year;operating_margin;earnings_window,False,"{'revenue_growth_yoy': 6.41, 'eps_growth_yoy': 136.71, 'eps_next_year': 4.77, 'operating_margin': 15.55}",,Finviz via finvizfinance screener views,2026-09-17T23:30:36+02:00,2026-10-08,21,,NORMAL,
PFG,Principal Financial Group Inc,finviz_prefilter,revenue_growth;eps_growth;eps_next_year,,price_min;market_cap_min;avg_volume_min;revenue_growth;eps_growth;eps_next_year;operating_margin;earnings_window,False,"{'revenue_growth_yoy': 6.39, 'eps_growth_yoy': 2.85, 'eps_next_year': 8.56, 'operating_margin': 11.87}",,Finviz via finvizfinance screener views,2026-09-17T23:30:36+02:00,2026-07-27,,52,NORMAL,
PGNY,Progyny Inc,finviz_prefilter,revenue_growth,,price_min;market_cap_min;avg_volume_min;revenue_growth;eps_growth;eps_next_year;operating_margin;earnings_window,False,"{'revenue_growth_yoy': 5.3, 'eps_growth_yoy': 78.89, 'eps_next_year': 18.19, 'operating_margin': 8.55}",,Finviz via finvizfinance screener views,2026-09-17T23:30:36+02:00,2026-08-06,,42,NORMAL,"{'failed_gate': 'revenue_growth', 'actual_value': 5.3, 'applicable_threshold': 20.0, 'distance_to_threshold': 14.7, 'distance_to_threshold_pct': 73.5, 'formula': 'minimo: distance = threshold - actual; pct = distance / abs(threshold) * 100'}"
POOL,Pool Corp,finviz_prefilter,revenue_growth;eps_growth;eps_next_year,,price_min;market_cap_min;avg_volume_min;revenue_growth;eps_growth;eps_next_year;operating_margin;earnings_window,False,"{'revenue_growth_yoy': 2.15, 'eps_growth_yoy': 0.13999999999999999, 'eps_next_year': 7.64, 'operating_margin': 10.76}",,Finviz via finvizfinance screener views,2026-09-17T23:30:36+02:00,2026-07-23,,56,NORMAL,
POWI,Power Integrations Inc,finviz_prefilter,revenue_growth;operating_margin,,price_min;market_cap_min;avg_volume_min;revenue_growth;eps_growth;eps_next_year;operating_margin;earnings_window,False,"{'revenue_growth_yoy': 2.6599999999999997, 'eps_growth_yoy': 613.5799999999999, 'eps_next_year': 32.86, 'operating_margin': 7.93}",,Finviz via finvizfinance screener views,2026-09-17T23:30:36+02:00,2026-08-05,,43,NORMAL,
PPC,Pilgrim's Pride Corp,finviz_prefilter,revenue_growth;eps_growth;operating_margin,,price_min;market_cap_min;avg_volume_min;revenue_growth;eps_growth;eps_next_year;operating_margin;earnings_window,False,"{'revenue_growth_yoy': -2.83, 'eps_growth_yoy': -96.24000000000001, 'eps_next_year': 19.5, 'operating_margin': 6.419999999999999}",,Finviz via finvizfinance screener views,2026-09-17T23:30:36+02:00,2026-07-29,,50,NORMAL,
PPLI,People Inc,finviz_prefilter,revenue_growth;eps_next_year;operating_margin,,price_min;market_cap_min;avg_volume_min;revenue_growth;eps_growth;eps_next_year;operating_margin;earnings_window,False,"{'revenue_growth_yoy': -25.590000000000003, 'eps_growth_yoy': 160.9, 'eps_next_year': -82.54, 'operating_margin': 0.9199999999999999}",,Finviz via finvizfinance screener views,2026-09-17T23:30:36+02:00,2026-08-03,,45,NORMAL,
PRVA,Privia Health Group Inc,finviz_prefilter,operating_margin,,price_min;market_cap_min;avg_volume_min;revenue_growth;eps_growth;eps_next_year;operating_margin;earnings_window,False,"{'revenue_growth_yoy': 21.39, 'eps_growth_yoy': 228.23000000000002, 'eps_next_year': 61.99, 'operating_margin': 1.9}",,Finviz via finvizfinance screener views,2026-09-17T23:30:36+02:00,2026-08-06,,42,NORMAL,"{'failed_gate': 'operating_margin', 'actual_value': 1.9, 'applicable_threshold': 8.0, 'distance_to_threshold': 6.1, 'distance_to_threshold_pct': 76.25, 'formula': 'minimo: distance = threshold - actual; pct = distance / abs(threshold) * 100'}"
PTC,PTC Inc,finviz_prefilter,revenue_growth;eps_growth;eps_next_year,,price_min;market_cap_min;avg_volume_min;revenue_growth;eps_growth;eps_next_year;operating_margin;earnings_window,False,"{'revenue_growth_yoy': -6.819999999999999, 'eps_growth_yoy': -11.940000000000001, 'eps_next_year': 8.77, 'operating_margin': 39.78}",,Finviz via finvizfinance screener views,2026-09-17T23:30:36+02:00,2026-07-29,,50,NORMAL,
PTRN,Pattern Group Inc,finviz_prefilter,operating_margin,,price_min;market_cap_min;avg_volume_min;revenue_growth;eps_growth;eps_next_year;operating_margin;earnings_window,False,"{'revenue_growth_yoy': 46.58, 'eps_growth_yoy': 62.529999999999994, 'eps_next_year': 25.35, 'operating_margin': 1.3599999999999999}",,Finviz via finvizfinance screener views,2026-09-17T23:30:36+02:00,2026-08-05,,43,NORMAL,"{'failed_gate': 'operating_margin', 'actual_value': 1.3599999999999999, 'applicable_threshold': 8.0, 'distance_to_threshold': 6.640000000000001, 'distance_to_threshold_pct': 83.0, 'formula': 'minimo: distance = threshold - actual; pct = distance / abs(threshold) * 100'}"
PYPL,PayPal Holdings Inc,finviz_prefilter,revenue_growth;eps_growth;eps_next_year,,price_min;market_cap_min;avg_volume_min;revenue_growth;eps_growth;eps_next_year;operating_margin;earnings_window,False,"{'revenue_growth_yoy': 3.8, 'eps_growth_yoy': -3.02, 'eps_next_year': 7.52, 'operating_margin': 18.94}",,Finviz via finvizfinance screener views,2026-09-17T23:30:36+02:00,2026-07-28,,51,NORMAL,
QBTS,D-Wave Quantum Inc,finviz_prefilter,revenue_growth;eps_next_year;operating_margin,,price_min;market_cap_min;avg_volume_min;revenue_growth;eps_growth;eps_next_year;operating_margin;earnings_window,False,"{'revenue_growth_yoy': -0.61, 'eps_growth_yoy': 76.6, 'eps_next_year': -27.05, 'operating_margin': -1372.8799999999999}",,Finviz via finvizfinance screener views,2026-09-17T23:30:36+02:00,2026-08-06,,42,NORMAL,
QCOM,Qualcomm Inc,finviz_prefilter,revenue_growth;eps_growth;eps_next_year,,price_min;market_cap_min;avg_volume_min;revenue_growth;eps_growth;eps_next_year;operating_margin;earnings_window,False,"{'revenue_growth_yoy': -4.03, 'eps_growth_yoy': -22.8, 'eps_next_year': -3.73, 'operating_margin': 23.5}",,Finviz via finvizfinance screener views,2026-09-17T23:30:36+02:00,2026-07-29,,50,NORMAL,
QLYS,Qualys Inc,finviz_prefilter,revenue_growth;eps_growth;eps_next_year,,price_min;market_cap_min;avg_volume_min;revenue_growth;eps_growth;eps_next_year;operating_margin;earnings_window,False,"{'revenue_growth_yoy': 11.92, 'eps_growth_yoy': 15.53, 'eps_next_year': 8.21, 'operating_margin': 35.04}",,Finviz via finvizfinance screener views,2026-09-17T23:30:36+02:00,2026-08-04,,44,NORMAL,
QRVO,Qorvo Inc,finviz_prefilter,revenue_growth;eps_next_year,,price_min;market_cap_min;avg_volume_min;revenue_growth;eps_growth;eps_next_year;operating_margin;earnings_window,False,"{'revenue_growth_yoy': -4.15, 'eps_growth_yoy': 251.85, 'eps_next_year': 5.04, 'operating_margin': 18.17}",,Finviz via finvizfinance screener views,2026-09-17T23:30:36+02:00,2026-07-28,,51,NORMAL,
QURE,uniQure NV,finviz_prefilter,revenue_growth;eps_growth;operating_margin,,price_min;market_cap_min;avg_volume_min;revenue_growth;eps_growth;eps_next_year;operating_margin;earnings_window,False,"{'revenue_growth_yoy': 11.0, 'eps_growth_yoy': -77.81, 'eps_next_year': 22.15, 'operating_margin': -1093.18}",,Finviz via finvizfinance screener views,2026-09-17T23:30:36+02:00,2026-07-29,,50,NORMAL,
RDNT,Radnet Inc,finviz_prefilter,eps_growth;operating_margin,,price_min;market_cap_min;avg_volume_min;revenue_growth;eps_growth;eps_next_year;operating_margin;earnings_window,False,"{'revenue_growth_yoy': 24.990000000000002, 'eps_growth_yoy': -50.05, 'eps_next_year': 72.41, 'operating_margin': 4.63}",,Finviz via finvizfinance screener views,2026-09-17T23:30:36+02:00,2026-08-09,,39,NORMAL,
REG,Regency Centers Corp,finviz_prefilter,revenue_growth;eps_growth;eps_next_year,,price_min;market_cap_min;avg_volume_min;revenue_growth;eps_growth;eps_next_year;operating_margin;earnings_window,False,"{'revenue_growth_yoy': 8.6, 'eps_growth_yoy': 8.67, 'eps_next_year': 1.76, 'operating_margin': 37.269999999999996}",,Finviz via finvizfinance screener views,2026-09-17T23:30:36+02:00,2026-07-29,,50,NORMAL,
REGN,Regeneron Pharmaceuticals Inc,finviz_prefilter,revenue_growth;eps_growth;eps_next_year,,price_min;market_cap_min;avg_volume_min;revenue_growth;eps_growth;eps_next_year;operating_margin;earnings_window,False,"{'revenue_growth_yoy': 16.73, 'eps_growth_yoy': -4.52, 'eps_next_year': 12.35, 'operating_margin': 26.87}",,Finviz via finvizfinance screener views,2026-09-17T23:30:36+02:00,2026-07-30,,49,NORMAL,
RELY,Remitly Global Inc,finviz_prefilter,eps_next_year,,price_min;market_cap_min;avg_volume_min;revenue_growth;eps_growth;eps_next_year;operating_margin;earnings_window,False,"{'revenue_growth_yoy': 20.23, 'eps_growth_yoy': 3025.84, 'eps_next_year': -23.43, 'operating_margin': 10.36}",,Finviz via finvizfinance screener views,2026-09-17T23:30:36+02:00,2026-08-05,,43,NORMAL,"{'failed_gate': 'eps_next_year', 'actual_value': -23.43, 'applicable_threshold': 15.0, 'distance_to_threshold': 38.43, 'distance_to_threshold_pct': 256.2, 'formula': 'minimo: distance = threshold - actual; pct = distance / abs(threshold) * 100'}"
REYN,Reynolds Consumer Products Inc,finviz_prefilter,revenue_growth;eps_growth;eps_next_year,,price_min;market_cap_min;avg_volume_min;revenue_growth;eps_growth;eps_next_year;operating_margin;earnings_window,False,"{'revenue_growth_yoy': 0.64, 'eps_growth_yoy': 21.0, 'eps_next_year': 4.22, 'operating_margin': 14.13}",,Finviz via finvizfinance screener views,2026-09-17T23:30:36+02:00,2026-07-29,,50,NORMAL,
RGEN,Repligen Corp,finviz_prefilter,revenue_growth;eps_growth,,price_min;market_cap_min;avg_volume_min;revenue_growth;eps_growth;eps_next_year;operating_margin;earnings_window,False,"{'revenue_growth_yoy': 11.93, 'eps_growth_yoy': -66.4, 'eps_next_year': 27.85, 'operating_margin': 9.030000000000001}",,Finviz via finvizfinance screener views,2026-09-17T23:30:36+02:00,2026-07-28,,51,NORMAL,
RGTI,Rigetti Computing Inc,finviz_prefilter,eps_growth;eps_next_year;operating_margin,,price_min;market_cap_min;avg_volume_min;revenue_growth;eps_growth;eps_next_year;operating_margin;earnings_window,False,"{'revenue_growth_yoy': 185.29, 'eps_growth_yoy': -18.72, 'eps_next_year': -3.38, 'operating_margin': -727.62}",,Finviz via finvizfinance screener views,2026-09-17T23:30:36+02:00,2026-08-06,,42,NORMAL,
RIOT,Riot Platforms Inc,finviz_prefilter,revenue_growth;eps_growth;operating_margin,,price_min;market_cap_min;avg_volume_min;revenue_growth;eps_growth;eps_next_year;operating_margin;earnings_window,False,"{'revenue_growth_yoy': 13.889999999999999, 'eps_growth_yoy': -217.77, 'eps_next_year': 55.34, 'operating_margin': -74.16}",,Finviz via finvizfinance screener views,2026-09-17T23:30:36+02:00,2026-08-10,,38,NORMAL,
RIVN,Rivian Automotive Inc,finviz_prefilter,operating_margin,,price_min;market_cap_min;avg_volume_min;revenue_growth;eps_growth;eps_next_year;operating_margin;earnings_window,False,"{'revenue_growth_yoy': 27.24, 'eps_growth_yoy': 34.99, 'eps_next_year': 20.01, 'operating_margin': -60.050000000000004}",,Finviz via finvizfinance screener views,2026-09-17T23:30:36+02:00,2026-07-30,,49,NORMAL,"{'failed_gate': 'operating_margin', 'actual_value': -60.050000000000004, 'applicable_threshold': 8.0, 'distance_to_threshold': 68.05000000000001, 'distance_to_threshold_pct': 850.6250000000001, 'formula': 'minimo: distance = threshold - actual; pct = distance / abs(threshold) * 100'}"
RKLB,Rocket Lab Corp,finviz_prefilter,operating_margin,,price_min;market_cap_min;avg_volume_min;revenue_growth;eps_growth;eps_next_year;operating_margin;earnings_window,False,"{'revenue_growth_yoy': 61.99, 'eps_growth_yoy': 39.33, 'eps_next_year': 85.1, 'operating_margin': -29.060000000000002}",,Finviz via finvizfinance screener views,2026-09-17T23:30:36+02:00,2026-08-10,,38,NORMAL,"{'failed_gate': 'operating_margin', 'actual_value': -29.060000000000002, 'applicable_threshold': 8.0, 'distance_to_threshold': 37.06, 'distance_to_threshold_pct': 463.25, 'formula': 'minimo: distance = threshold - actual; pct = distance / abs(threshold) * 100'}"
RLAY,Relay Therapeutics Inc,finviz_prefilter,revenue_growth;eps_growth;eps_next_year;operating_margin,,price_min;market_cap_min;avg_volume_min;revenue_growth;eps_growth;eps_next_year;operating_margin;earnings_window,False,"{'revenue_growth_yoy': -48.3, 'eps_growth_yoy': -0.44, 'eps_next_year': -0.73, 'operating_margin': -2999.37}",,Finviz via finvizfinance screener views,2026-09-17T23:30:36+02:00,2026-08-06,,42,NORMAL,
RMBS,Rambus Inc,finviz_prefilter,eps_growth,,price_min;market_cap_min;avg_volume_min;revenue_growth;eps_growth;eps_next_year;operating_margin;earnings_window,False,"{'revenue_growth_yoy': 20.43, 'eps_growth_yoy': 15.129999999999999, 'eps_next_year': 24.69, 'operating_margin': 35.949999999999996}",,Finviz via finvizfinance screener views,2026-09-17T23:30:36+02:00,2026-07-27,,52,NORMAL,"{'failed_gate': 'eps_growth', 'actual_value': 15.129999999999999, 'applicable_threshold': 30.0, 'distance_to_threshold': 14.870000000000001, 'distance_to_threshold_pct': 49.56666666666667, 'formula': 'minimo: distance = threshold - actual; pct = distance / abs(threshold) * 100'}"
ROIV,Roivant Sciences Ltd,finviz_prefilter,revenue_growth;eps_growth;eps_next_year;operating_margin,,price_min;market_cap_min;avg_volume_min;revenue_growth;eps_growth;eps_next_year;operating_margin;earnings_window,False,"{'revenue_growth_yoy': -33.550000000000004, 'eps_growth_yoy': 19.77, 'eps_next_year': 4.88, 'operating_margin': -18146.12}",,Finviz via finvizfinance screener views,2026-09-17T23:30:36+02:00,2026-08-06,,42,NORMAL,
ROKU,Roku Inc,finviz_prefilter,operating_margin,,price_min;market_cap_min;avg_volume_min;revenue_growth;eps_growth;eps_next_year;operating_margin;earnings_window,False,"{'revenue_growth_yoy': 21.93, 'eps_growth_yoy': 1440.03, 'eps_next_year': 36.15, 'operating_margin': 5.25}",,Finviz via finvizfinance screener views,2026-09-17T23:30:36+02:00,2026-08-06,,42,NORMAL,"{'failed_gate': 'operating_margin', 'actual_value': 5.25, 'applicable_threshold': 8.0, 'distance_to_threshold': 2.75, 'distance_to_threshold_pct': 34.375, 'formula': 'minimo: distance = threshold - actual; pct = distance / abs(threshold) * 100'}"
ROP,Roper Technologies Inc,finviz_prefilter,revenue_growth;eps_next_year,,price_min;market_cap_min;avg_volume_min;revenue_growth;eps_growth;eps_next_year;operating_margin;earnings_window,False,"{'revenue_growth_yoy': 8.5, 'eps_growth_yoy': 232.83999999999997, 'eps_next_year': 9.53, 'operating_margin': 27.97}",,Finviz via finvizfinance screener views,2026-09-17T23:30:36+02:00,2026-07-23,,56,NORMAL,
ROST,Ross Stores Inc,finviz_prefilter,revenue_growth;eps_next_year,,price_min;market_cap_min;avg_volume_min;revenue_growth;eps_growth;eps_next_year;operating_margin;earnings_window,False,"{'revenue_growth_yoy': 13.309999999999999, 'eps_growth_yoy': 70.39, 'eps_next_year': 6.51, 'operating_margin': 12.72}",,Finviz via finvizfinance screener views,2026-09-17T23:30:36+02:00,2026-08-20,,28,NORMAL,
RPRX,Royalty Pharma plc,finviz_prefilter,revenue_growth;eps_growth;eps_next_year,,price_min;market_cap_min;avg_volume_min;revenue_growth;eps_growth;eps_next_year;operating_margin;earnings_window,False,"{'revenue_growth_yoy': 16.5, 'eps_growth_yoy': -43.580000000000005, 'eps_next_year': 7.33, 'operating_margin': 62.33}",,Finviz via finvizfinance screener views,2026-09-17T23:30:36+02:00,2026-08-05,,43,NORMAL,
RRR,Red Rock Resorts Inc,finviz_prefilter,revenue_growth;eps_growth;eps_next_year,,price_min;market_cap_min;avg_volume_min;revenue_growth;eps_growth;eps_next_year;operating_margin;earnings_window,False,"{'revenue_growth_yoy': -3.04, 'eps_growth_yoy': -29.330000000000002, 'eps_next_year': 7.59, 'operating_margin': 28.58}",,Finviz via finvizfinance screener views,2026-09-17T23:30:36+02:00,2026-08-04,,44,NORMAL,
SAIL,Sailpoint Inc,finviz_prefilter,revenue_growth;eps_growth;operating_margin,,price_min;market_cap_min;avg_volume_min;revenue_growth;eps_growth;eps_next_year;operating_margin;earnings_window,False,"{'revenue_growth_yoy': 16.82, 'eps_growth_yoy': -366.32, 'eps_next_year': 24.82, 'operating_margin': -18.77}",,Finviz via finvizfinance screener views,2026-09-17T23:30:36+02:00,2026-09-09,,8,PEAD_WINDOW,
SANM,Sanmina Corp,finviz_prefilter,operating_margin,,price_min;market_cap_min;avg_volume_min;revenue_growth;eps_growth;eps_next_year;operating_margin;earnings_window,False,"{'revenue_growth_yoy': 69.67, 'eps_growth_yoy': 68.72, 'eps_next_year': 15.15, 'operating_margin': 5.489999999999999}",,Finviz via finvizfinance screener views,2026-09-17T23:30:36+02:00,2026-07-27,,52,NORMAL,"{'failed_gate': 'operating_margin', 'actual_value': 5.489999999999999, 'applicable_threshold': 8.0, 'distance_to_threshold': 2.5100000000000007, 'distance_to_threshold_pct': 31.375000000000007, 'formula': 'minimo: distance = threshold - actual; pct = distance / abs(threshold) * 100'}"
SBAC,SBA Communications Corp,finviz_prefilter,revenue_growth;eps_growth;eps_next_year,,price_min;market_cap_min;avg_volume_min;revenue_growth;eps_growth;eps_next_year;operating_margin;earnings_window,False,"{'revenue_growth_yoy': 2.33, 'eps_growth_yoy': -10.69, 'eps_next_year': 8.94, 'operating_margin': 53.7}",,Finviz via finvizfinance screener views,2026-09-17T23:30:36+02:00,2026-08-03,,45,NORMAL,
SBCF,Seacoast Banking Corp Of Florida,finviz_prefilter,eps_growth;eps_next_year,,price_min;market_cap_min;avg_volume_min;revenue_growth;eps_growth;eps_next_year;operating_margin;earnings_window,False,"{'revenue_growth_yoy': 30.009999999999998, 'eps_growth_yoy': 9.83, 'eps_next_year': 8.7, 'operating_margin': 24.52}",,Finviz via finvizfinance screener views,2026-09-17T23:30:36+02:00,2026-07-28,,51,NORMAL,
SBLK,Star Bulk Carriers Corp,finviz_prefilter,eps_next_year,,price_min;market_cap_min;avg_volume_min;revenue_growth;eps_growth;eps_next_year;operating_margin;earnings_window,False,"{'revenue_growth_yoy': 44.46, 'eps_growth_yoy': 432900.0, 'eps_next_year': -9.44, 'operating_margin': 27.839999999999996}",,Finviz via finvizfinance screener views,2026-09-17T23:30:36+02:00,2026-08-05,,43,NORMAL,"{'failed_gate': 'eps_next_year', 'actual_value': -9.44, 'applicable_threshold': 15.0, 'distance_to_threshold': 24.439999999999998, 'distance_to_threshold_pct': 162.9333333333333, 'formula': 'minimo: distance = threshold - actual; pct = distance / abs(threshold) * 100'}"
SBRA,Sabra Healthcare REIT Inc,finviz_prefilter,eps_growth,,price_min;market_cap_min;avg_volume_min;revenue_growth;eps_growth;eps_next_year;operating_margin;earnings_window,False,"{'revenue_growth_yoy': 25.2, 'eps_growth_yoy': -136.73, 'eps_next_year': 62.74, 'operating_margin': 18.8}",,Finviz via finvizfinance screener views,2026-09-17T23:30:36+02:00,2026-08-03,,45,NORMAL,"{'failed_gate': 'eps_growth', 'actual_value': -136.73, 'applicable_threshold': 30.0, 'distance_to_threshold': 166.73, 'distance_to_threshold_pct': 555.7666666666667, 'formula': 'minimo: distance = threshold - actual; pct = distance / abs(threshold) * 100'}"
SBUX,Starbucks Corp,finviz_prefilter,revenue_growth,,price_min;market_cap_min;avg_volume_min;revenue_growth;eps_growth;eps_next_year;operating_margin;earnings_window,False,"{'revenue_growth_yoy': -1.43, 'eps_growth_yoy': 86.59, 'eps_next_year': 20.73, 'operating_margin': 10.01}",,Finviz via finvizfinance screener views,2026-09-17T23:30:36+02:00,2026-07-29,,50,NORMAL,"{'failed_gate': 'revenue_growth', 'actual_value': -1.43, 'applicable_threshold': 20.0, 'distance_to_threshold': 21.43, 'distance_to_threshold_pct': 107.14999999999999, 'formula': 'minimo: distance = threshold - actual; pct = distance / abs(threshold) * 100'}"
SDGR,Schrodinger Inc,finviz_prefilter,revenue_growth;eps_next_year;operating_margin,,price_min;market_cap_min;avg_volume_min;revenue_growth;eps_growth;eps_next_year;operating_margin;earnings_window,False,"{'revenue_growth_yoy': 7.539999999999999, 'eps_growth_yoy': 113.42000000000002, 'eps_next_year': 11.6, 'operating_margin': -59.24}",,Finviz via finvizfinance screener views,2026-09-17T23:30:36+02:00,2026-08-05,,43,NORMAL,
SEDG,Solaredge Technologies Inc,finviz_prefilter,revenue_growth;operating_margin,,price_min;market_cap_min;avg_volume_min;revenue_growth;eps_growth;eps_next_year;operating_margin;earnings_window,False,"{'revenue_growth_yoy': 19.63, 'eps_growth_yoy': 76.35, 'eps_next_year': 338.19, 'operating_margin': -9.969999999999999}",,Finviz via finvizfinance screener views,2026-09-17T23:30:36+02:00,2026-08-05,,43,NORMAL,
SFD,Smithfield Foods Inc,finviz_prefilter,revenue_growth;eps_growth;eps_next_year,,price_min;market_cap_min;avg_volume_min;revenue_growth;eps_growth;eps_next_year;operating_margin;earnings_window,False,"{'revenue_growth_yoy': -3.7800000000000002, 'eps_growth_yoy': 25.759999999999998, 'eps_next_year': 1.0, 'operating_margin': 8.559999999999999}",,Finviz via finvizfinance screener views,2026-09-17T23:30:36+02:00,2026-08-11,,37,NORMAL,
SFM,Sprouts Farmers Market Inc,finviz_prefilter,revenue_growth;eps_growth;eps_next_year;operating_margin,,price_min;market_cap_min;avg_volume_min;revenue_growth;eps_growth;eps_next_year;operating_margin;earnings_window,False,"{'revenue_growth_yoy': 4.74, 'eps_growth_yoy': 1.09, 'eps_next_year': 7.41, 'operating_margin': 7.489999999999999}",,Finviz via finvizfinance screener views,2026-09-17T23:30:36+02:00,2026-07-29,,50,NORMAL,
SFNC,Simmons First National Corp,finviz_prefilter,revenue_growth;eps_growth;eps_next_year;operating_margin,,price_min;market_cap_min;avg_volume_min;revenue_growth;eps_growth;eps_next_year;operating_margin;earnings_window,False,"{'revenue_growth_yoy': -0.69, 'eps_growth_yoy': 5.91, 'eps_next_year': 12.12, 'operating_margin': -74.6}",,Finviz via finvizfinance screener views,2026-09-17T23:30:36+02:00,2026-07-16,,63,NORMAL,
SHC,Sotera Health Co,finviz_prefilter,revenue_growth;eps_next_year,,price_min;market_cap_min;avg_volume_min;revenue_growth;eps_growth;eps_next_year;operating_margin;earnings_window,False,"{'revenue_growth_yoy': 9.180000000000001, 'eps_growth_yoy': 567.38, 'eps_next_year': 9.16, 'operating_margin': 36.9}",,Finviz via finvizfinance screener views,2026-09-17T23:30:36+02:00,2026-08-06,,42,NORMAL,
SHOO,Steven Madden Ltd,finviz_prefilter,revenue_growth,,price_min;market_cap_min;avg_volume_min;revenue_growth;eps_growth;eps_next_year;operating_margin;earnings_window,False,"{'revenue_growth_yoy': 19.12, 'eps_growth_yoy': 168.98, 'eps_next_year': 26.04, 'operating_margin': 9.030000000000001}",,Finviz via finvizfinance screener views,2026-09-17T23:30:36+02:00,2026-07-30,,49,NORMAL,"{'failed_gate': 'revenue_growth', 'actual_value': 19.12, 'applicable_threshold': 20.0, 'distance_to_threshold': 0.879999999999999, 'distance_to_threshold_pct': 4.399999999999995, 'formula': 'minimo: distance = threshold - actual; pct = distance / abs(threshold) * 100'}"
SIRI,Sirius XM Holdings Inc,finviz_prefilter,revenue_growth;eps_growth;eps_next_year,,price_min;market_cap_min;avg_volume_min;revenue_growth;eps_growth;eps_next_year;operating_margin;earnings_window,False,"{'revenue_growth_yoy': 1.03, 'eps_growth_yoy': 23.51, 'eps_next_year': 10.28, 'operating_margin': 22.53}",,Finviz via finvizfinance screener views,2026-09-17T23:30:36+02:00,2026-07-30,,49,NORMAL,
SLDE,Slide Insurance Holdings Inc,finviz_prefilter,eps_next_year,,price_min;market_cap_min;avg_volume_min;revenue_growth;eps_growth;eps_next_year;operating_margin;earnings_window,False,"{'revenue_growth_yoy': 47.86, 'eps_growth_yoy': 90.44, 'eps_next_year': -1.48, 'operating_margin': 53.05}",,Finviz via finvizfinance screener views,2026-09-17T23:30:36+02:00,2026-07-28,,51,NORMAL,"{'failed_gate': 'eps_next_year', 'actual_value': -1.48, 'applicable_threshold': 15.0, 'distance_to_threshold': 16.48, 'distance_to_threshold_pct': 109.86666666666667, 'formula': 'minimo: distance = threshold - actual; pct = distance / abs(threshold) * 100'}"
SLM,SLM Corp,finviz_prefilter,revenue_growth;eps_growth;eps_next_year,,price_min;market_cap_min;avg_volume_min;revenue_growth;eps_growth;eps_next_year;operating_margin;earnings_window,False,"{'revenue_growth_yoy': -2.76, 'eps_growth_yoy': -8.559999999999999, 'eps_next_year': 7.62, 'operating_margin': 42.43}",,Finviz via finvizfinance screener views,2026-09-17T23:30:36+02:00,2026-07-23,,56,NORMAL,
SMCI,Super Micro Computer Inc,finviz_prefilter,operating_margin,,price_min;market_cap_min;avg_volume_min;revenue_growth;eps_growth;eps_next_year;operating_margin;earnings_window,False,"{'revenue_growth_yoy': 93.16, 'eps_growth_yoy': 445.49, 'eps_next_year': 23.28, 'operating_margin': 7.090000000000001}",,Finviz via finvizfinance screener views,2026-09-17T23:30:36+02:00,2026-08-11,,37,NORMAL,"{'failed_gate': 'operating_margin', 'actual_value': 7.090000000000001, 'applicable_threshold': 8.0, 'distance_to_threshold': 0.9099999999999993, 'distance_to_threshold_pct': 11.374999999999991, 'formula': 'minimo: distance = threshold - actual; pct = distance / abs(threshold) * 100'}"
SNEX,StoneX Group Inc,finviz_prefilter,revenue_growth;eps_growth;eps_next_year;operating_margin,,price_min;market_cap_min;avg_volume_min;revenue_growth;eps_growth;eps_next_year;operating_margin;earnings_window,False,"{'revenue_growth_yoy': 15.379999999999999, 'eps_growth_yoy': 22.57, 'eps_next_year': 1.37, 'operating_margin': 1.6500000000000001}",,Finviz via finvizfinance screener views,2026-09-17T23:30:36+02:00,2026-08-05,,43,NORMAL,
SOLS,Solstice Advanced Materials Inc,finviz_prefilter,revenue_growth;eps_growth,,price_min;market_cap_min;avg_volume_min;revenue_growth;eps_growth;eps_next_year;operating_margin;earnings_window,False,"{'revenue_growth_yoy': 11.129999999999999, 'eps_growth_yoy': 22.15, 'eps_next_year': 16.28, 'operating_margin': 16.900000000000002}",,Finviz via finvizfinance screener views,2026-09-17T23:30:36+02:00,2026-07-30,,49,NORMAL,
SRPT,Sarepta Therapeutics Inc,finviz_prefilter,revenue_growth;eps_growth;eps_next_year;operating_margin,,price_min;market_cap_min;avg_volume_min;revenue_growth;eps_growth;eps_next_year;operating_margin;earnings_window,False,"{'revenue_growth_yoy': -34.339999999999996, 'eps_growth_yoy': -102.46, 'eps_next_year': -76.47, 'operating_margin': -3.15}",,Finviz via finvizfinance screener views,2026-09-17T23:30:36+02:00,2026-08-05,,43,NORMAL,
SSNC,SS&C Technologies Holdings Inc,finviz_prefilter,revenue_growth;eps_next_year,,price_min;market_cap_min;avg_volume_min;revenue_growth;eps_growth;eps_next_year;operating_margin;earnings_window,False,"{'revenue_growth_yoy': 10.34, 'eps_growth_yoy': 35.33, 'eps_next_year': 9.55, 'operating_margin': 24.36}",,Finviz via finvizfinance screener views,2026-09-17T23:30:36+02:00,2026-07-23,,56,NORMAL,
SSRM,SSR Mining Inc,finviz_prefilter,revenue_growth;eps_growth;eps_next_year,,price_min;market_cap_min;avg_volume_min;revenue_growth;eps_growth;eps_next_year;operating_margin;earnings_window,False,"{'revenue_growth_yoy': 9.46, 'eps_growth_yoy': 11.129999999999999, 'eps_next_year': 12.66, 'operating_margin': 42.3}",,Finviz via finvizfinance screener views,2026-09-17T23:30:36+02:00,2026-08-04,,44,NORMAL,
STEP,StepStone Group Inc,finviz_prefilter,revenue_growth;eps_growth;operating_margin,,price_min;market_cap_min;avg_volume_min;revenue_growth;eps_growth;eps_next_year;operating_margin;earnings_window,False,"{'revenue_growth_yoy': 13.200000000000001, 'eps_growth_yoy': -186.16, 'eps_next_year': 37.51, 'operating_margin': -53.39}",,Finviz via finvizfinance screener views,2026-09-17T23:30:36+02:00,2026-08-06,,42,NORMAL,
STLD,Steel Dynamics Inc,finviz_prefilter,eps_next_year,,price_min;market_cap_min;avg_volume_min;revenue_growth;eps_growth;eps_next_year;operating_margin;earnings_window,False,"{'revenue_growth_yoy': 33.44, 'eps_growth_yoy': 84.19, 'eps_next_year': 15.0, 'operating_margin': 10.01}",,Finviz via finvizfinance screener views,2026-09-17T23:30:36+02:00,2026-07-20,,59,NORMAL,"{'failed_gate': 'eps_next_year', 'actual_value': 15.0, 'applicable_threshold': 15.0, 'distance_to_threshold': 0.0, 'distance_to_threshold_pct': 0.0, 'formula': 'minimo: distance = threshold - actual; pct = distance / abs(threshold) * 100'}"
SUPN,Supernus Pharmaceuticals Inc,finviz_prefilter,eps_growth;operating_margin,,price_min;market_cap_min;avg_volume_min;revenue_growth;eps_growth;eps_next_year;operating_margin;earnings_window,False,"{'revenue_growth_yoy': 32.4, 'eps_growth_yoy': -353.07, 'eps_next_year': 73.88, 'operating_margin': -7.7299999999999995}",,Finviz via finvizfinance screener views,2026-09-17T23:30:36+02:00,2026-08-03,,45,NORMAL,
SWKS,Skyworks Solutions Inc,finviz_prefilter,revenue_growth;eps_growth;eps_next_year,,price_min;market_cap_min;avg_volume_min;revenue_growth;eps_growth;eps_next_year;operating_margin;earnings_window,False,"{'revenue_growth_yoy': -3.1300000000000003, 'eps_growth_yoy': -67.95, 'eps_next_year': -1.57, 'operating_margin': 8.7}",,Finviz via finvizfinance screener views,2026-09-17T23:30:36+02:00,2026-07-28,,51,NORMAL,
SYM,Symbotic Inc,finviz_prefilter,operating_margin,,price_min;market_cap_min;avg_volume_min;revenue_growth;eps_growth;eps_next_year;operating_margin;earnings_window,False,"{'revenue_growth_yoy': 21.740000000000002, 'eps_growth_yoy': 261.62, 'eps_next_year': 82.32, 'operating_margin': 1.43}",,Finviz via finvizfinance screener views,2026-09-17T23:30:36+02:00,2026-08-05,,43,NORMAL,"{'failed_gate': 'operating_margin', 'actual_value': 1.43, 'applicable_threshold': 8.0, 'distance_to_threshold': 6.57, 'distance_to_threshold_pct': 82.125, 'formula': 'minimo: distance = threshold - actual; pct = distance / abs(threshold) * 100'}"
SYNA,Synaptics Inc,finviz_prefilter,revenue_growth;eps_growth;operating_margin,,price_min;market_cap_min;avg_volume_min;revenue_growth;eps_growth;eps_next_year;operating_margin;earnings_window,False,"{'revenue_growth_yoy': 8.91, 'eps_growth_yoy': -9367.08, 'eps_next_year': 25.53, 'operating_margin': -2.93}",,Finviz via finvizfinance screener views,2026-09-17T23:30:36+02:00,2026-08-06,,42,NORMAL,
TARS,Tarsus Pharmaceuticals Inc,finviz_prefilter,eps_growth;operating_margin,,price_min;market_cap_min;avg_volume_min;revenue_growth;eps_growth;eps_next_year;operating_margin;earnings_window,False,"{'revenue_growth_yoy': 69.41000000000001, 'eps_growth_yoy': 10.97, 'eps_next_year': 172.66, 'operating_margin': -8.0}",,Finviz via finvizfinance screener views,2026-09-17T23:30:36+02:00,2026-08-06,,42,NORMAL,
TEAM,Atlassian Corp,finviz_prefilter,operating_margin,,price_min;market_cap_min;avg_volume_min;revenue_growth;eps_growth;eps_next_year;operating_margin;earnings_window,False,"{'revenue_growth_yoy': 27.6, 'eps_growth_yoy': 703.74, 'eps_next_year': 21.62, 'operating_margin': 4.22}",,Finviz via finvizfinance screener views,2026-09-17T23:30:36+02:00,2026-08-06,,42,NORMAL,"{'failed_gate': 'operating_margin', 'actual_value': 4.22, 'applicable_threshold': 8.0, 'distance_to_threshold': 3.7800000000000002, 'distance_to_threshold_pct': 47.25, 'formula': 'minimo: distance = threshold - actual; pct = distance / abs(threshold) * 100'}"
TECH,Bio-Techne Corp,finviz_prefilter,revenue_growth;eps_next_year,,price_min;market_cap_min;avg_volume_min;revenue_growth;eps_growth;eps_next_year;operating_margin;earnings_window,False,"{'revenue_growth_yoy': 1.3299999999999998, 'eps_growth_yoy': 404.46, 'eps_next_year': 13.85, 'operating_margin': 22.42}",,Finviz via finvizfinance screener views,2026-09-17T23:30:36+02:00,2026-08-12,,36,NORMAL,
TEM,Tempus AI Inc,finviz_prefilter,operating_margin,,price_min;market_cap_min;avg_volume_min;revenue_growth;eps_growth;eps_next_year;operating_margin;earnings_window,False,"{'revenue_growth_yoy': 21.560000000000002, 'eps_growth_yoy': 112.51, 'eps_next_year': 117.99, 'operating_margin': -18.92}",,Finviz via finvizfinance screener views,2026-09-17T23:30:36+02:00,2026-07-30,,49,NORMAL,"{'failed_gate': 'operating_margin', 'actual_value': -18.92, 'applicable_threshold': 8.0, 'distance_to_threshold': 26.92, 'distance_to_threshold_pct': 336.5, 'formula': 'minimo: distance = threshold - actual; pct = distance / abs(threshold) * 100'}"
TENB,Tenable Holdings Inc,finviz_prefilter,revenue_growth;eps_next_year;operating_margin,,price_min;market_cap_min;avg_volume_min;revenue_growth;eps_growth;eps_next_year;operating_margin;earnings_window,False,"{'revenue_growth_yoy': 8.58, 'eps_growth_yoy': 127.47, 'eps_next_year': 9.67, 'operating_margin': 4.2}",,Finviz via finvizfinance screener views,2026-09-17T23:30:36+02:00,2026-07-29,,50,NORMAL,
TFSL,TFS Financial Corp,finviz_prefilter,revenue_growth;eps_next_year,,price_min;market_cap_min;avg_volume_min;revenue_growth;eps_growth;eps_next_year;operating_margin;earnings_window,False,"{'revenue_growth_yoy': 5.8999999999999995, 'eps_growth_yoy': 44.18, 'eps_next_year': 8.33, 'operating_margin': 15.659999999999998}",,Finviz via finvizfinance screener views,2026-09-17T23:30:36+02:00,2026-07-30,,49,NORMAL,
TGTX,TG Therapeutics Inc,finviz_prefilter,eps_growth,,price_min;market_cap_min;avg_volume_min;revenue_growth;eps_growth;eps_next_year;operating_margin;earnings_window,False,"{'revenue_growth_yoy': 70.27, 'eps_growth_yoy': -71.45, 'eps_next_year': 185.24, 'operating_margin': 17.05}",,Finviz via finvizfinance screener views,2026-09-17T23:30:36+02:00,2026-08-03,,45,NORMAL,"{'failed_gate': 'eps_growth', 'actual_value': -71.45, 'applicable_threshold': 20.0, 'distance_to_threshold': 91.45, 'distance_to_threshold_pct': 457.25, 'formula': 'minimo: distance = threshold - actual; pct = distance / abs(threshold) * 100'}"
TH,Target Hospitality Corp,finviz_prefilter,operating_margin,,price_min;market_cap_min;avg_volume_min;revenue_growth;eps_growth;eps_next_year;operating_margin;earnings_window,False,"{'revenue_growth_yoy': 38.71, 'eps_growth_yoy': 39.95, 'eps_next_year': 2666.67, 'operating_margin': -9.44}",,Finviz via finvizfinance screener views,2026-09-17T23:30:36+02:00,2026-08-10,,38,NORMAL,"{'failed_gate': 'operating_margin', 'actual_value': -9.44, 'applicable_threshold': 8.0, 'distance_to_threshold': 17.439999999999998, 'distance_to_threshold_pct': 217.99999999999997, 'formula': 'minimo: distance = threshold - actual; pct = distance / abs(threshold) * 100'}"
TIGO,Millicom International Cellular SA,finviz_prefilter,eps_growth,,price_min;market_cap_min;avg_volume_min;revenue_growth;eps_growth;eps_next_year;operating_margin;earnings_window,False,"{'revenue_growth_yoy': 58.81999999999999, 'eps_growth_yoy': -83.91, 'eps_next_year': 49.52, 'operating_margin': 23.01}",,Finviz via finvizfinance screener views,2026-09-17T23:30:36+02:00,2026-08-06,,42,NORMAL,"{'failed_gate': 'eps_growth', 'actual_value': -83.91, 'applicable_threshold': 20.0, 'distance_to_threshold': 103.91, 'distance_to_threshold_pct': 519.55, 'formula': 'minimo: distance = threshold - actual; pct = distance / abs(threshold) * 100'}"
TLN,Talen Energy Corp,finviz_prefilter,revenue_growth;eps_growth,,price_min;market_cap_min;avg_volume_min;revenue_growth;eps_growth;eps_next_year;operating_margin;earnings_window,False,"{'revenue_growth_yoy': 3.2300000000000004, 'eps_growth_yoy': -233.35, 'eps_next_year': 48.49, 'operating_margin': 31.09}",,Finviz via finvizfinance screener views,2026-09-17T23:30:36+02:00,2026-08-05,,43,NORMAL,
TMDX,Transmedics Group Inc,finviz_prefilter,eps_growth,,price_min;market_cap_min;avg_volume_min;revenue_growth;eps_growth;eps_next_year;operating_margin;earnings_window,False,"{'revenue_growth_yoy': 20.7, 'eps_growth_yoy': -55.84, 'eps_next_year': 55.05, 'operating_margin': 12.21}",,Finviz via finvizfinance screener views,2026-09-17T23:30:36+02:00,2026-08-04,,44,NORMAL,"{'failed_gate': 'eps_growth', 'actual_value': -55.84, 'applicable_threshold': 30.0, 'distance_to_threshold': 85.84, 'distance_to_threshold_pct': 286.1333333333333, 'formula': 'minimo: distance = threshold - actual; pct = distance / abs(threshold) * 100'}"
TMUS,T-Mobile US Inc,finviz_prefilter,revenue_growth;eps_growth,,price_min;market_cap_min;avg_volume_min;revenue_growth;eps_growth;eps_next_year;operating_margin;earnings_window,False,"{'revenue_growth_yoy': 7.85, 'eps_growth_yoy': 5.4, 'eps_next_year': 27.43, 'operating_margin': 21.17}",,Finviz via finvizfinance screener views,2026-09-17T23:30:36+02:00,2026-07-23,,56,NORMAL,
TNGX,Tango Therapeutics Inc,finviz_prefilter,revenue_growth;eps_growth;eps_next_year;operating_margin,,price_min;market_cap_min;avg_volume_min;revenue_growth;eps_growth;eps_next_year;operating_margin;earnings_window,False,"{'revenue_growth_yoy': -100.0, 'eps_growth_yoy': -5.04, 'eps_next_year': -19.08, 'operating_margin': -253.38}",,Finviz via finvizfinance screener views,2026-09-17T23:30:36+02:00,2026-08-11,,37,NORMAL,
TRI,Thomson-Reuters Corp,finviz_prefilter,revenue_growth;eps_next_year,,price_min;market_cap_min;avg_volume_min;revenue_growth;eps_growth;eps_next_year;operating_margin;earnings_window,False,"{'revenue_growth_yoy': 9.47, 'eps_growth_yoy': 47.38, 'eps_next_year': 14.32, 'operating_margin': 26.85}",,Finviz via finvizfinance screener views,2026-09-17T23:30:36+02:00,2026-08-05,,43,NORMAL,
TRMB,Trimble Inc,finviz_prefilter,revenue_growth;eps_growth;eps_next_year,,price_min;market_cap_min;avg_volume_min;revenue_growth;eps_growth;eps_next_year;operating_margin;earnings_window,False,"{'revenue_growth_yoy': 11.0, 'eps_growth_yoy': -643.78, 'eps_next_year': 12.38, 'operating_margin': 18.67}",,Finviz via finvizfinance screener views,2026-09-17T23:30:36+02:00,2026-08-12,,36,NORMAL,
TRMD,Torm Plc,finviz_prefilter,eps_next_year,,price_min;market_cap_min;avg_volume_min;revenue_growth;eps_growth;eps_next_year;operating_margin;earnings_window,False,"{'revenue_growth_yoy': 110.28, 'eps_growth_yoy': 458.41, 'eps_next_year': -47.48, 'operating_margin': 39.06}",,Finviz via finvizfinance screener views,2026-09-17T23:30:36+02:00,2026-08-26,,22,NORMAL,"{'failed_gate': 'eps_next_year', 'actual_value': -47.48, 'applicable_threshold': 15.0, 'distance_to_threshold': 62.48, 'distance_to_threshold_pct': 416.5333333333333, 'formula': 'minimo: distance = threshold - actual; pct = distance / abs(threshold) * 100'}"
TROW,T. Rowe Price Group Inc,finviz_prefilter,revenue_growth;eps_growth;eps_next_year,,price_min;market_cap_min;avg_volume_min;revenue_growth;eps_growth;eps_next_year;operating_margin;earnings_window,False,"{'revenue_growth_yoy': 10.68, 'eps_growth_yoy': 28.62, 'eps_next_year': 0.33, 'operating_margin': 36.93}",,Finviz via finvizfinance screener views,2026-09-17T23:30:36+02:00,2026-07-31,,48,NORMAL,
TSCO,Tractor Supply Co,finviz_prefilter,revenue_growth;eps_growth;eps_next_year,,price_min;market_cap_min;avg_volume_min;revenue_growth;eps_growth;eps_next_year;operating_margin;earnings_window,False,"{'revenue_growth_yoy': 2.29, 'eps_growth_yoy': -14.899999999999999, 'eps_next_year': 5.64, 'operating_margin': 8.91}",,Finviz via finvizfinance screener views,2026-09-17T23:30:36+02:00,2026-07-23,,56,NORMAL,
TSLA,Tesla Inc,finviz_prefilter,eps_growth;operating_margin,,price_min;market_cap_min;avg_volume_min;revenue_growth;eps_growth;eps_next_year;operating_margin;earnings_window,False,"{'revenue_growth_yoy': 25.52, 'eps_growth_yoy': -5.5, 'eps_next_year': 34.37, 'operating_margin': 4.61}",,Finviz via finvizfinance screener views,2026-09-17T23:30:36+02:00,2026-07-22,,57,NORMAL,
TTAN,ServiceTitan Inc,finviz_prefilter,eps_growth;operating_margin,,price_min;market_cap_min;avg_volume_min;revenue_growth;eps_growth;eps_next_year;operating_margin;earnings_window,False,"{'revenue_growth_yoy': 20.91, 'eps_growth_yoy': 26.029999999999998, 'eps_next_year': 21.91, 'operating_margin': -12.6}",,Finviz via finvizfinance screener views,2026-09-17T23:30:36+02:00,2026-09-08,,9,PEAD_WINDOW,
TTEK,Tetra Tech Inc,finviz_prefilter,revenue_growth;eps_growth;eps_next_year,,price_min;market_cap_min;avg_volume_min;revenue_growth;eps_growth;eps_next_year;operating_margin;earnings_window,False,"{'revenue_growth_yoy': -4.47, 'eps_growth_yoy': -1.8599999999999999, 'eps_next_year': 10.19, 'operating_margin': 11.73}",,Finviz via finvizfinance screener views,2026-09-17T23:30:36+02:00,2026-07-29,,50,NORMAL,
TTWO,Take-Two Interactive Software Inc,finviz_prefilter,revenue_growth;eps_growth;operating_margin,,price_min;market_cap_min;avg_volume_min;revenue_growth;eps_growth;eps_next_year;operating_margin;earnings_window,False,"{'revenue_growth_yoy': 2.0, 'eps_growth_yoy': -178.26999999999998, 'eps_next_year': 47.52, 'operating_margin': -0.96}",,Finviz via finvizfinance screener views,2026-09-17T23:30:36+02:00,2026-08-07,,41,NORMAL,
TVTX,Travere Therapeutics Inc,finviz_prefilter,eps_growth;operating_margin,,price_min;market_cap_min;avg_volume_min;revenue_growth;eps_growth;eps_next_year;operating_margin;earnings_window,False,"{'revenue_growth_yoy': 48.17, 'eps_growth_yoy': -159.54999999999998, 'eps_next_year': 11681.37, 'operating_margin': -6.84}",,Finviz via finvizfinance screener views,2026-09-17T23:30:36+02:00,2026-08-04,,44,NORMAL,
TW,Tradeweb Markets Inc,finviz_prefilter,revenue_growth;eps_growth;eps_next_year,,price_min;market_cap_min;avg_volume_min;revenue_growth;eps_growth;eps_next_year;operating_margin;earnings_window,False,"{'revenue_growth_yoy': 8.959999999999999, 'eps_growth_yoy': 19.18, 'eps_next_year': 13.85, 'operating_margin': 43.61}",,Finviz via finvizfinance screener views,2026-09-17T23:30:36+02:00,2026-07-30,,49,NORMAL,
TWST,Twist Bioscience Corp,finviz_prefilter,eps_growth;operating_margin,,price_min;market_cap_min;avg_volume_min;revenue_growth;eps_growth;eps_next_year;operating_margin;earnings_window,False,"{'revenue_growth_yoy': 23.24, 'eps_growth_yoy': -268.48, 'eps_next_year': 37.15, 'operating_margin': -31.91}",,Finviz via finvizfinance screener views,2026-09-17T23:30:36+02:00,2026-08-03,,45,NORMAL,
TXG,10x Genomics Inc,finviz_prefilter,revenue_growth;eps_growth;eps_next_year;operating_margin,,price_min;market_cap_min;avg_volume_min;revenue_growth;eps_growth;eps_next_year;operating_margin;earnings_window,False,"{'revenue_growth_yoy': -12.65, 'eps_growth_yoy': -149.75, 'eps_next_year': 3.44, 'operating_margin': -14.12}",,Finviz via finvizfinance screener views,2026-09-17T23:30:36+02:00,2026-08-06,,42,NORMAL,
TXRH,Texas Roadhouse Inc,finviz_prefilter,revenue_growth;eps_growth,,price_min;market_cap_min;avg_volume_min;revenue_growth;eps_growth;eps_next_year;operating_margin;earnings_window,False,"{'revenue_growth_yoy': 11.110000000000001, 'eps_growth_yoy': -0.72, 'eps_next_year': 18.27, 'operating_margin': 8.24}",,Finviz via finvizfinance screener views,2026-09-17T23:30:36+02:00,2026-08-06,,42,NORMAL,
UAL,United Airlines Holdings Inc,finviz_prefilter,revenue_growth;eps_growth;operating_margin,,price_min;market_cap_min;avg_volume_min;revenue_growth;eps_growth;eps_next_year;operating_margin;earnings_window,False,"{'revenue_growth_yoy': 15.989999999999998, 'eps_growth_yoy': -17.11, 'eps_next_year': 49.9, 'operating_margin': 6.77}",,Finviz via finvizfinance screener views,2026-09-17T23:30:36+02:00,2026-07-15,,64,NORMAL,
UBSI,United Bankshares Inc,finviz_prefilter,revenue_growth;eps_growth;eps_next_year,,price_min;market_cap_min;avg_volume_min;revenue_growth;eps_growth;eps_next_year;operating_margin;earnings_window,False,"{'revenue_growth_yoy': 0.9199999999999999, 'eps_growth_yoy': 12.11, 'eps_next_year': 4.04, 'operating_margin': 35.0}",,Finviz via finvizfinance screener views,2026-09-17T23:30:36+02:00,2026-07-23,,56,NORMAL,
UCTT,Ultra Clean Hldgs Inc,finviz_prefilter,operating_margin,,price_min;market_cap_min;avg_volume_min;revenue_growth;eps_growth;eps_next_year;operating_margin;earnings_window,False,"{'revenue_growth_yoy': 24.310000000000002, 'eps_growth_yoy': 105.25999999999999, 'eps_next_year': 106.91, 'operating_margin': 2.8400000000000003}",,Finviz via finvizfinance screener views,2026-09-17T23:30:36+02:00,2026-08-03,,45,NORMAL,"{'failed_gate': 'operating_margin', 'actual_value': 2.8400000000000003, 'applicable_threshold': 8.0, 'distance_to_threshold': 5.16, 'distance_to_threshold_pct': 64.5, 'formula': 'minimo: distance = threshold - actual; pct = distance / abs(threshold) * 100'}"
UPST,Upstart Holdings Inc,finviz_prefilter,operating_margin,,price_min;market_cap_min;avg_volume_min;revenue_growth;eps_growth;eps_next_year;operating_margin;earnings_window,False,"{'revenue_growth_yoy': 41.75, 'eps_growth_yoy': 185.5, 'eps_next_year': 171.16, 'operating_margin': 3.9899999999999998}",,Finviz via finvizfinance screener views,2026-09-17T23:30:36+02:00,2026-08-04,,44,NORMAL,"{'failed_gate': 'operating_margin', 'actual_value': 3.9899999999999998, 'applicable_threshold': 8.0, 'distance_to_threshold': 4.01, 'distance_to_threshold_pct': 50.125, 'formula': 'minimo: distance = threshold - actual; pct = distance / abs(threshold) * 100'}"
URBN,Urban Outfitters Inc,finviz_prefilter,revenue_growth;eps_next_year,,price_min;market_cap_min;avg_volume_min;revenue_growth;eps_growth;eps_next_year;operating_margin;earnings_window,False,"{'revenue_growth_yoy': 10.440000000000001, 'eps_growth_yoy': 75.96000000000001, 'eps_next_year': 7.84, 'operating_margin': 11.33}",,Finviz via finvizfinance screener views,2026-09-17T23:30:36+02:00,2026-08-26,,22,NORMAL,
URGN,UroGen Pharma Ltd,finviz_prefilter,operating_margin,,price_min;market_cap_min;avg_volume_min;revenue_growth;eps_growth;eps_next_year;operating_margin;earnings_window,False,"{'revenue_growth_yoy': 199.22, 'eps_growth_yoy': 72.78, 'eps_next_year': 1223.7, 'operating_margin': -35.32}",,Finviz via finvizfinance screener views,2026-09-17T23:30:36+02:00,2026-08-05,,43,NORMAL,"{'failed_gate': 'operating_margin', 'actual_value': -35.32, 'applicable_threshold': 8.0, 'distance_to_threshold': 43.32, 'distance_to_threshold_pct': 541.5, 'formula': 'minimo: distance = threshold - actual; pct = distance / abs(threshold) * 100'}"
USAR,USA Rare Earth Inc,finviz_prefilter,operating_margin,revenue_growth;eps_growth,price_min;market_cap_min;avg_volume_min;eps_next_year;operating_margin;earnings_window,False,"{'revenue_growth_yoy': None, 'eps_growth_yoy': 96.87, 'eps_next_year': 86.44, 'operating_margin': -949.48}",,Finviz via finvizfinance screener views,2026-09-17T23:30:36+02:00,2026-08-10,,38,NORMAL,"{'failed_gate': 'operating_margin', 'actual_value': -949.48, 'applicable_threshold': 8.0, 'distance_to_threshold': 957.48, 'distance_to_threshold_pct': 11968.5, 'formula': 'minimo: distance = threshold - actual; pct = distance / abs(threshold) * 100'}"
VCYT,Veracyte Inc,finviz_prefilter,revenue_growth;eps_next_year,,price_min;market_cap_min;avg_volume_min;revenue_growth;eps_growth;eps_next_year;operating_margin;earnings_window,False,"{'revenue_growth_yoy': 15.49, 'eps_growth_yoy': 2584.7999999999997, 'eps_next_year': 1.94, 'operating_margin': 17.22}",,Finviz via finvizfinance screener views,2026-09-17T23:30:36+02:00,2026-07-30,,49,NORMAL,
VECO,Veeco Instruments Inc,finviz_prefilter,revenue_growth;eps_growth;operating_margin,,price_min;market_cap_min;avg_volume_min;revenue_growth;eps_growth;eps_next_year;operating_margin;earnings_window,False,"{'revenue_growth_yoy': 16.48, 'eps_growth_yoy': -9.8, 'eps_next_year': 111.2, 'operating_margin': 4.26}",,Finviz via finvizfinance screener views,2026-09-17T23:30:36+02:00,2026-08-05,,43,NORMAL,
VICR,Vicor Corp,finviz_prefilter,eps_growth,,price_min;market_cap_min;avg_volume_min;revenue_growth;eps_growth;eps_next_year;operating_margin;earnings_window,False,"{'revenue_growth_yoy': 49.25, 'eps_growth_yoy': 14.17, 'eps_next_year': 73.22, 'operating_margin': 18.64}",,Finviz via finvizfinance screener views,2026-09-17T23:30:36+02:00,2026-07-21,,58,NORMAL,"{'failed_gate': 'eps_growth', 'actual_value': 14.17, 'applicable_threshold': 20.0, 'distance_to_threshold': 5.83, 'distance_to_threshold_pct': 29.15, 'formula': 'minimo: distance = threshold - actual; pct = distance / abs(threshold) * 100'}"
VNOM,Viper Energy Inc,finviz_prefilter,eps_next_year,,price_min;market_cap_min;avg_volume_min;revenue_growth;eps_growth;eps_next_year;operating_margin;earnings_window,False,"{'revenue_growth_yoy': 129.26999999999998, 'eps_growth_yoy': 157.99, 'eps_next_year': -7.15, 'operating_margin': 48.86}",,Finviz via finvizfinance screener views,2026-09-17T23:30:36+02:00,2026-08-03,,45,NORMAL,"{'failed_gate': 'eps_next_year', 'actual_value': -7.15, 'applicable_threshold': 15.0, 'distance_to_threshold': 22.15, 'distance_to_threshold_pct': 147.66666666666666, 'formula': 'minimo: distance = threshold - actual; pct = distance / abs(threshold) * 100'}"
VRDN,Viridian Therapeutics Inc,finviz_prefilter,eps_growth;operating_margin,,price_min;market_cap_min;avg_volume_min;revenue_growth;eps_growth;eps_next_year;operating_margin;earnings_window,False,"{'revenue_growth_yoy': 278.67, 'eps_growth_yoy': 4.5600000000000005, 'eps_next_year': 34.08, 'operating_margin': -569.68}",,Finviz via finvizfinance screener views,2026-09-17T23:30:36+02:00,2026-08-06,,42,NORMAL,
VRNS,Varonis Systems Inc,finviz_prefilter,revenue_growth;eps_growth;operating_margin,,price_min;market_cap_min;avg_volume_min;revenue_growth;eps_growth;eps_next_year;operating_margin;earnings_window,False,"{'revenue_growth_yoy': 18.84, 'eps_growth_yoy': -27.529999999999998, 'eps_next_year': 176.81, 'operating_margin': -24.01}",,Finviz via finvizfinance screener views,2026-09-17T23:30:36+02:00,2026-07-28,,51,NORMAL,
VRSK,Verisk Analytics Inc,finviz_prefilter,revenue_growth;eps_growth;eps_next_year,,price_min;market_cap_min;avg_volume_min;revenue_growth;eps_growth;eps_next_year;operating_margin;earnings_window,False,"{'revenue_growth_yoy': 4.36, 'eps_growth_yoy': -3.2099999999999995, 'eps_next_year': 12.67, 'operating_margin': 44.81}",,Finviz via finvizfinance screener views,2026-09-17T23:30:36+02:00,2026-07-29,,50,NORMAL,
VRSN,Verisign Inc,finviz_prefilter,revenue_growth;eps_growth;eps_next_year,,price_min;market_cap_min;avg_volume_min;revenue_growth;eps_growth;eps_next_year;operating_margin;earnings_window,False,"{'revenue_growth_yoy': 6.03, 'eps_growth_yoy': 7.71, 'eps_next_year': 13.42, 'operating_margin': 67.86}",,Finviz via finvizfinance screener views,2026-09-17T23:30:36+02:00,2026-07-23,,56,NORMAL,
VRTX,Vertex Pharmaceuticals Inc,finviz_prefilter,revenue_growth;eps_growth;eps_next_year,,price_min;market_cap_min;avg_volume_min;revenue_growth;eps_growth;eps_next_year;operating_margin;earnings_window,False,"{'revenue_growth_yoy': 11.99, 'eps_growth_yoy': 8.02, 'eps_next_year': 13.18, 'operating_margin': 39.54}",,Finviz via finvizfinance screener views,2026-09-17T23:30:36+02:00,2026-08-03,,45,NORMAL,
VSAT,Viasat Inc,finviz_prefilter,revenue_growth;eps_growth;eps_next_year;operating_margin,,price_min;market_cap_min;avg_volume_min;revenue_growth;eps_growth;eps_next_year;operating_margin;earnings_window,False,"{'revenue_growth_yoy': -1.24, 'eps_growth_yoy': 12.030000000000001, 'eps_next_year': -1.39, 'operating_margin': 2.35}",,Finviz via finvizfinance screener views,2026-09-17T23:30:36+02:00,2026-08-04,,44,NORMAL,
VSNT,Versant Media Group Inc,finviz_prefilter,revenue_growth;eps_growth,,price_min;market_cap_min;avg_volume_min;revenue_growth;eps_growth;eps_next_year;operating_margin;earnings_window,False,"{'revenue_growth_yoy': -3.75, 'eps_growth_yoy': -28.54, 'eps_next_year': 63.29, 'operating_margin': 19.29}",,Finviz via finvizfinance screener views,2026-09-17T23:30:36+02:00,2026-08-06,,42,NORMAL,
VTRS,Viatris Inc,finviz_prefilter,revenue_growth;eps_growth;eps_next_year,,price_min;market_cap_min;avg_volume_min;revenue_growth;eps_growth;eps_next_year;operating_margin;earnings_window,False,"{'revenue_growth_yoy': 5.050000000000001, 'eps_growth_yoy': -2517.9500000000003, 'eps_next_year': 5.93, 'operating_margin': 9.69}",,Finviz via finvizfinance screener views,2026-09-17T23:30:36+02:00,2026-08-06,,42,NORMAL,
WAY,Waystar Holding Corp,finviz_prefilter,revenue_growth;eps_growth;eps_next_year,,price_min;market_cap_min;avg_volume_min;revenue_growth;eps_growth;eps_next_year;operating_margin;earnings_window,False,"{'revenue_growth_yoy': 18.11, 'eps_growth_yoy': 18.57, 'eps_next_year': 12.48, 'operating_margin': 25.36}",,Finviz via finvizfinance screener views,2026-09-17T23:30:36+02:00,2026-07-29,,50,NORMAL,
WBD,Warner Bros. Discovery Inc,finviz_prefilter,revenue_growth;eps_growth;operating_margin,,price_min;market_cap_min;avg_volume_min;revenue_growth;eps_growth;eps_next_year;operating_margin;earnings_window,False,"{'revenue_growth_yoy': -11.07, 'eps_growth_yoy': -90.84, 'eps_next_year': 100.25, 'operating_margin': 7.000000000000001}",,Finviz via finvizfinance screener views,2026-09-17T23:30:36+02:00,2026-08-06,,42,NORMAL,
WDAY,Workday Inc,finviz_prefilter,revenue_growth,,price_min;market_cap_min;avg_volume_min;revenue_growth;eps_growth;eps_next_year;operating_margin;earnings_window,False,"{'revenue_growth_yoy': 13.29, 'eps_growth_yoy': 204.05, 'eps_next_year': 19.5, 'operating_margin': 12.64}",,Finviz via finvizfinance screener views,2026-09-17T23:30:36+02:00,2026-08-27,,21,NORMAL,"{'failed_gate': 'revenue_growth', 'actual_value': 13.29, 'applicable_threshold': 20.0, 'distance_to_threshold': 6.710000000000001, 'distance_to_threshold_pct': 33.550000000000004, 'formula': 'minimo: distance = threshold - actual; pct = distance / abs(threshold) * 100'}"
WERN,Werner Enterprises Inc,finviz_prefilter,eps_growth;operating_margin,,price_min;market_cap_min;avg_volume_min;revenue_growth;eps_growth;eps_next_year;operating_margin;earnings_window,False,"{'revenue_growth_yoy': 24.0, 'eps_growth_yoy': -85.41, 'eps_next_year': 101.03, 'operating_margin': 0.7000000000000001}",,Finviz via finvizfinance screener views,2026-09-17T23:30:36+02:00,2026-07-28,,51,NORMAL,
WFRD,Weatherford International plc,finviz_prefilter,revenue_growth;eps_growth,,price_min;market_cap_min;avg_volume_min;revenue_growth;eps_growth;eps_next_year;operating_margin;earnings_window,False,"{'revenue_growth_yoy': -8.219999999999999, 'eps_growth_yoy': -71.24000000000001, 'eps_next_year': 42.19, 'operating_margin': 14.42}",,Finviz via finvizfinance screener views,2026-09-17T23:30:36+02:00,2026-07-21,,58,NORMAL,
WING,Wingstop Inc,finviz_prefilter,revenue_growth;eps_growth,,price_min;market_cap_min;avg_volume_min;revenue_growth;eps_growth;eps_next_year;operating_margin;earnings_window,False,"{'revenue_growth_yoy': 6.4399999999999995, 'eps_growth_yoy': 20.11, 'eps_next_year': 20.7, 'operating_margin': 28.77}",,Finviz via finvizfinance screener views,2026-09-17T23:30:36+02:00,2026-07-29,,50,NORMAL,
WIX,Wix.com Ltd,finviz_prefilter,revenue_growth;eps_growth;operating_margin,,price_min;market_cap_min;avg_volume_min;revenue_growth;eps_growth;eps_next_year;operating_margin;earnings_window,False,"{'revenue_growth_yoy': 14.93, 'eps_growth_yoy': -283.72, 'eps_next_year': 51.76, 'operating_margin': -3.1399999999999997}",,Finviz via finvizfinance screener views,2026-09-17T23:30:36+02:00,2026-08-04,,44,NORMAL,
WMG,Warner Music Group Corp,finviz_prefilter,revenue_growth,,price_min;market_cap_min;avg_volume_min;revenue_growth;eps_growth;eps_next_year;operating_margin;earnings_window,False,"{'revenue_growth_yoy': 10.36, 'eps_growth_yoy': 1348.53, 'eps_next_year': 20.88, 'operating_margin': 18.77}",,Finviz via finvizfinance screener views,2026-09-17T23:30:36+02:00,2026-08-05,,43,NORMAL,"{'failed_gate': 'revenue_growth', 'actual_value': 10.36, 'applicable_threshold': 20.0, 'distance_to_threshold': 9.64, 'distance_to_threshold_pct': 48.2, 'formula': 'minimo: distance = threshold - actual; pct = distance / abs(threshold) * 100'}"
WMT,Walmart Inc,finviz_prefilter,revenue_growth;eps_growth;eps_next_year;operating_margin,,price_min;market_cap_min;avg_volume_min;revenue_growth;eps_growth;eps_next_year;operating_margin;earnings_window,False,"{'revenue_growth_yoy': 5.94, 'eps_growth_yoy': -8.97, 'eps_next_year': 11.71, 'operating_margin': 4.390000000000001}",,Finviz via finvizfinance screener views,2026-09-17T23:30:36+02:00,2026-08-20,,28,NORMAL,
WSBC,Wesbanco Inc,finviz_prefilter,revenue_growth;eps_next_year,,price_min;market_cap_min;avg_volume_min;revenue_growth;eps_growth;eps_next_year;operating_margin;earnings_window,False,"{'revenue_growth_yoy': 1.24, 'eps_growth_yoy': 59.650000000000006, 'eps_next_year': 8.05, 'operating_margin': 30.669999999999998}",,Finviz via finvizfinance screener views,2026-09-17T23:30:36+02:00,2026-07-21,,58,NORMAL,
WSC,WillScot Holdings Corp,finviz_prefilter,revenue_growth;eps_growth,,price_min;market_cap_min;avg_volume_min;revenue_growth;eps_growth;eps_next_year;operating_margin;earnings_window,False,"{'revenue_growth_yoy': 3.92, 'eps_growth_yoy': -1.11, 'eps_next_year': 15.66, 'operating_margin': 20.549999999999997}",,Finviz via finvizfinance screener views,2026-09-17T23:30:36+02:00,2026-08-06,,42,NORMAL,
WULF,TeraWulf Inc,finviz_prefilter,revenue_growth;eps_growth;operating_margin,,price_min;market_cap_min;avg_volume_min;revenue_growth;eps_growth;eps_next_year;operating_margin;earnings_window,False,"{'revenue_growth_yoy': -6.02, 'eps_growth_yoy': -3973.6800000000003, 'eps_next_year': 92.3, 'operating_margin': -227.32000000000002}",,Finviz via finvizfinance screener views,2026-09-17T23:30:36+02:00,2026-08-05,,43,NORMAL,
WYNN,Wynn Resorts Ltd,finviz_prefilter,revenue_growth;eps_next_year,,price_min;market_cap_min;avg_volume_min;revenue_growth;eps_growth;eps_next_year;operating_margin;earnings_window,False,"{'revenue_growth_yoy': 6.859999999999999, 'eps_growth_yoy': 106.71, 'eps_next_year': 7.58, 'operating_margin': 16.3}",,Finviz via finvizfinance screener views,2026-09-17T23:30:36+02:00,2026-08-04,,44,NORMAL,
XEL,Xcel Energy Inc,finviz_prefilter,revenue_growth;eps_growth;eps_next_year,,price_min;market_cap_min;avg_volume_min;revenue_growth;eps_growth;eps_next_year;operating_margin;earnings_window,False,"{'revenue_growth_yoy': -4.9399999999999995, 'eps_growth_yoy': 23.77, 'eps_next_year': 10.6, 'operating_margin': 21.16}",,Finviz via finvizfinance screener views,2026-09-17T23:30:36+02:00,2026-07-30,,49,NORMAL,
XP,XP Inc,finviz_prefilter,eps_growth;eps_next_year,,price_min;market_cap_min;avg_volume_min;revenue_growth;eps_growth;eps_next_year;operating_margin;earnings_window,False,"{'revenue_growth_yoy': 20.82, 'eps_growth_yoy': 21.83, 'eps_next_year': 13.68, 'operating_margin': 31.869999999999997}",,Finviz via finvizfinance screener views,2026-09-17T23:30:36+02:00,2026-08-17,,31,NORMAL,
Z,Zillow Group Inc,finviz_prefilter,revenue_growth;eps_growth;operating_margin,,price_min;market_cap_min;avg_volume_min;revenue_growth;eps_growth;eps_next_year;operating_margin;earnings_window,False,"{'revenue_growth_yoy': 17.86, 'eps_growth_yoy': -320.0, 'eps_next_year': 28.03, 'operating_margin': 1.78}",,Finviz via finvizfinance screener views,2026-09-17T23:30:36+02:00,2026-08-05,,43,NORMAL,
ZBIO,Zenas Biopharma Inc,finviz_prefilter,eps_next_year;operating_margin,revenue_growth;eps_growth,price_min;market_cap_min;avg_volume_min;eps_next_year;operating_margin;earnings_window,False,"{'revenue_growth_yoy': None, 'eps_growth_yoy': -41.57, 'eps_next_year': 10.88, 'operating_margin': -27390.100000000002}",,Finviz via finvizfinance screener views,2026-09-17T23:30:36+02:00,2026-08-13,,35,NORMAL,
ZG,Zillow Group Inc,finviz_prefilter,revenue_growth;eps_growth;operating_margin,,price_min;market_cap_min;avg_volume_min;revenue_growth;eps_growth;eps_next_year;operating_margin;earnings_window,False,"{'revenue_growth_yoy': 17.86, 'eps_growth_yoy': -320.0, 'eps_next_year': 28.85, 'operating_margin': 1.78}",,Finviz via finvizfinance screener views,2026-09-17T23:30:36+02:00,2026-08-05,,43,NORMAL,
ZION,Zions Bancorporation N.A,finviz_prefilter,revenue_growth;eps_next_year,,price_min;market_cap_min;avg_volume_min;revenue_growth;eps_growth;eps_next_year;operating_margin;earnings_window,False,"{'revenue_growth_yoy': 19.1, 'eps_growth_yoy': 86.9, 'eps_next_year': -14.27, 'operating_margin': 29.060000000000002}",,Finviz via finvizfinance screener views,2026-09-17T23:30:36+02:00,2026-07-20,,59,NORMAL,
ZM,Zoom Communications Inc,finviz_prefilter,revenue_growth;eps_next_year,,price_min;market_cap_min;avg_volume_min;revenue_growth;eps_growth;eps_next_year;operating_margin;earnings_window,False,"{'revenue_growth_yoy': 4.93, 'eps_growth_yoy': 342.31, 'eps_next_year': 3.49, 'operating_margin': 23.73}",,Finviz via finvizfinance screener views,2026-09-17T23:30:36+02:00,2026-08-25,,23,NORMAL,
ZS,Zscaler Inc,finviz_prefilter,eps_next_year;operating_margin,,price_min;market_cap_min;avg_volume_min;revenue_growth;eps_growth;eps_next_year;operating_margin;earnings_window,False,"{'revenue_growth_yoy': 24.88, 'eps_growth_yoy': 81.47999999999999, 'eps_next_year': 14.74, 'operating_margin': -3.65}",,Finviz via finvizfinance screener views,2026-09-17T23:30:36+02:00,2026-09-03,,14,PEAD_WINDOW,
AAON,AAON Inc,tradingview_gates,price_above_sma50;sma50_above_sma150;ema21_above_ema50;within_25pct_52w_high;rsi14;performance_21d,,price_min;market_cap_min;avg_volume_min;price_above_sma50;sma50_above_sma150;sma150_above_sma200;ema21_above_ema50;within_25pct_52w_high;rsi14;atr_pct;rvol20_data_available;performance_21d;distance_resistance_hard;no_extended_move_10d;revenue_growth;eps_growth;eps_next_year;operating_margin;earnings_window;market_regime_allows_new_entries,True,"{'price': 76.43, 'price_tv': 76.43, 'price_finviz': 76.43, 'sma50': 89.36110000000001, 'sma150': 101.92876666666668, 'sma200': 97.9392, 'ema21': 79.16846508718103, 'ema50': 88.39282075598828, 'rsi14': 40.77877543934092, 'atr14': 3.998666102349174, 'atr_pct': 5.231801782479621, 'rvol20': 0.9737052881678557, 'performance_21d_pct': -6.8608335364367505, 'distance_52w_high_pct': 49.20241207125619, 'distance_resistance_pct': 81.505953159754, 'move_10d_pct': 2.425623157330481, 'structural_trend_pass': False}",pattern;previous_revenue_growth_yoy;shares_change_6m_pct,TradingView MCP + Finviz via finvizfinance screener views,2026-09-17T23:31:12+02:00,2026-08-10,,38,NORMAL,
ACMR,ACM Research Inc,tradingview_gates,price_above_sma50;ema21_above_ema50;within_25pct_52w_high;rsi14;performance_21d,,price_min;market_cap_min;avg_volume_min;price_above_sma50;sma50_above_sma150;sma150_above_sma200;ema21_above_ema50;within_25pct_52w_high;rsi14;atr_pct;rvol20_data_available;performance_21d;distance_resistance_hard;no_extended_move_10d;revenue_growth;eps_growth;eps_next_year;operating_margin;earnings_window;market_regime_allows_new_entries,True,"{'price': 67.77, 'price_tv': 67.77, 'price_finviz': 67.77, 'sma50': 79.8854, 'sma150': 70.68726666666667, 'sma200': 64.775975, 'ema21': 72.77438486616535, 'ema50': 77.3837315445667, 'rsi14': 40.658685169989155, 'atr14': 5.060167433696923, 'atr_pct': 7.466677635674963, 'rvol20': 1.012004851962017, 'performance_21d_pct': -19.67524001422307, 'distance_52w_high_pct': 46.717509238147656, 'distance_resistance_pct': 87.6789139737347, 'move_10d_pct': -3.047210300429193, 'structural_trend_pass': False}",pattern;previous_revenue_growth_yoy;shares_change_6m_pct,TradingView MCP + Finviz via finvizfinance screener views,2026-09-17T23:31:17+02:00,2026-08-07,,41,NORMAL,
ADI,Analog Devices Inc,tradingview_gates,price_above_sma50;ema21_above_ema50;rsi14;performance_21d,,price_min;market_cap_min;avg_volume_min;price_above_sma50;sma50_above_sma150;sma150_above_sma200;ema21_above_ema50;within_25pct_52w_high;rsi14;atr_pct;rvol20_data_available;performance_21d;distance_resistance_hard;no_extended_move_10d;revenue_growth;eps_growth;eps_next_year;operating_margin;earnings_window;market_regime_allows_new_entries,True,"{'price': 362.65, 'price_tv': 362.65, 'price_finviz': 362.65, 'sma50': 373.76709999999997, 'sma150': 373.2214333333333, 'sma200': 353.20214999999996, 'ema21': 366.5028748090667, 'ema50': 373.50371336709003, 'rsi14': 45.79062754082258, 'atr14': 11.304665680680108, 'atr_pct': 3.117238571813073, 'rvol20': 0.7942769423063031, 'performance_21d_pct': -3.711865756843591, 'distance_52w_high_pct': 18.671929313090093, 'distance_resistance_pct': 19.087274231352552, 'move_10d_pct': 1.951027522419957, 'structural_trend_pass': False}",pattern;previous_revenue_growth_yoy;shares_change_6m_pct,TradingView MCP + Finviz via finvizfinance screener views,2026-09-17T23:31:31+02:00,2026-08-19,,29,NORMAL,
AFRM,Affirm Holdings Inc,tradingview_gates,price_above_sma50;sma150_above_sma200;ema21_above_ema50;rsi14;performance_21d,,price_min;market_cap_min;avg_volume_min;price_above_sma50;sma50_above_sma150;sma150_above_sma200;ema21_above_ema50;within_25pct_52w_high;rsi14;atr_pct;rvol20_data_available;performance_21d;distance_resistance_hard;no_extended_move_10d;revenue_growth;eps_growth;eps_next_year;operating_margin;earnings_window;market_regime_allows_new_entries,True,"{'price': 70.28, 'price_tv': 70.28, 'price_finviz': 70.28, 'sma50': 75.1885, 'sma150': 65.40023333333333, 'sma200': 66.681275, 'ema21': 72.91615005620251, 'ema50': 73.65966472496095, 'rsi14': 43.5578293144313, 'atr14': 3.7378734640057942, 'atr_pct': 5.31854505407768, 'rvol20': 0.6190758486176475, 'performance_21d_pct': -4.458945078847199, 'distance_52w_high_pct': 24.07087294727744, 'distance_resistance_pct': 28.685258964143422, 'move_10d_pct': -5.142394385207183, 'structural_trend_pass': False}",pattern;previous_revenue_growth_yoy;shares_change_6m_pct,TradingView MCP + Finviz via finvizfinance screener views,2026-09-17T23:31:46+02:00,2026-08-27,,21,NORMAL,
ALAB,Astera Labs Inc,tradingview_gates,price_above_sma50;ema21_above_ema50;within_25pct_52w_high;rsi14;performance_21d,,price_min;market_cap_min;avg_volume_min;price_above_sma50;sma50_above_sma150;sma150_above_sma200;ema21_above_ema50;within_25pct_52w_high;rsi14;atr_pct;rvol20_data_available;performance_21d;distance_resistance_hard;no_extended_move_10d;revenue_growth;eps_growth;eps_next_year;operating_margin;earnings_window;market_regime_allows_new_entries,True,"{'price': 293.56, 'price_tv': 293.56, 'price_finviz': 293.56, 'sma50': 307.66110000000003, 'sma150': 252.62783333333334, 'sma200': 230.49654999999998, 'ema21': 287.9501685310587, 'ema50': 301.0757772221463, 'rsi14': 50.386304481891074, 'atr14': 22.88385057310398, 'atr_pct': 7.7952890629186475, 'rvol20': 1.221677878304139, 'performance_21d_pct': -3.2559978908515697, 'distance_52w_high_pct': 41.22642880681802, 'distance_resistance_pct': 70.14450197574601, 'move_10d_pct': 7.087878014080906, 'structural_trend_pass': False}",pattern;previous_revenue_growth_yoy;shares_change_6m_pct,TradingView MCP + Finviz via finvizfinance screener views,2026-09-17T23:32:00+02:00,2026-08-04,,44,NORMAL,
ALNY,Alnylam Pharmaceuticals Inc,tradingview_gates,price_above_sma50;sma50_above_sma150;sma150_above_sma200;ema21_above_ema50;within_25pct_52w_high;rsi14,,price_min;market_cap_min;avg_volume_min;price_above_sma50;sma50_above_sma150;sma150_above_sma200;ema21_above_ema50;within_25pct_52w_high;rsi14;atr_pct;rvol20_data_available;performance_21d;distance_resistance_hard;no_extended_move_10d;revenue_growth;eps_growth;eps_next_year;operating_margin;earnings_window;market_regime_allows_new_entries,True,"{'price': 245.51, 'price_tv': 245.51, 'price_finviz': 245.51, 'sma50': 249.40380000000002, 'sma150': 289.2175666666667, 'sma200': 313.245475, 'ema21': 246.44765911512025, 'ema50': 253.32988703539192, 'rsi14': 49.04087997837395, 'atr14': 10.784415200220407, 'atr_pct': 4.392658221750807, 'rvol20': 0.5745478441299195, 'performance_21d_pct': 7.392502515200539, 'distance_52w_high_pct': 50.457067904348705, 'distance_resistance_pct': 54.77984603478474, 'move_10d_pct': -8.186237845923705, 'structural_trend_pass': False}",pattern;previous_revenue_growth_yoy;shares_change_6m_pct,TradingView MCP + Finviz via finvizfinance screener views,2026-09-17T23:32:14+02:00,2026-07-30,,49,NORMAL,
AMAT,Applied Materials Inc,tradingview_gates,price_above_sma50;ema21_above_ema50;within_25pct_52w_high;rsi14;performance_21d,,price_min;market_cap_min;avg_volume_min;price_above_sma50;sma50_above_sma150;sma150_above_sma200;ema21_above_ema50;within_25pct_52w_high;rsi14;atr_pct;rvol20_data_available;performance_21d;distance_resistance_hard;no_extended_move_10d;revenue_growth;eps_growth;eps_next_year;operating_margin;earnings_window;market_regime_allows_new_entries,True,"{'price': 417.4, 'price_tv': 417.4, 'price_finviz': 417.4, 'sma50': 504.0, 'sma150': 456.6963333333333, 'sma200': 415.31402499999996, 'ema21': 458.05090873435785, 'ema50': 485.77019291764265, 'rsi14': 33.80610202388553, 'atr14': 21.181967554029928, 'atr_pct': 5.074740669389058, 'rvol20': 1.1262313937286144, 'performance_21d_pct': -18.84587716057785, 'distance_52w_high_pct': 43.56942961050198, 'distance_resistance_pct': 77.20891231432678, 'move_10d_pct': -4.803174747981576, 'structural_trend_pass': False}",pattern;previous_revenue_growth_yoy;shares_change_6m_pct,TradingView MCP + Finviz via finvizfinance screener views,2026-09-17T23:32:19+02:00,2026-08-13,,35,NORMAL,
AMLX,Amylyx Pharmaceuticals Inc,tradingview_gates,performance_21d,revenue_growth;eps_growth;operating_margin,price_min;market_cap_min;avg_volume_min;price_above_sma50;sma50_above_sma150;sma150_above_sma200;ema21_above_ema50;within_25pct_52w_high;rsi14;atr_pct;rvol20_data_available;performance_21d;distance_resistance_hard;no_extended_move_10d;eps_next_year;earnings_window;market_regime_allows_new_entries,True,"{'price': 33.94, 'price_tv': 33.94, 'price_finviz': 33.94, 'sma50': 26.5996, 'sma150': 18.9795, 'sma200': 17.604300000000002, 'ema21': 32.40210387970126, 'ema50': 28.1089656621254, 'rsi14': 59.332511594874475, 'atr14': 1.8980678728239135, 'atr_pct': 5.592421546328561, 'rvol20': 0.5634737254402084, 'performance_21d_pct': -3.3323839362005225, 'distance_52w_high_pct': 17.501215362177934, 'distance_resistance_pct': 21.213906894519752, 'move_10d_pct': -1.5946651203247453, 'structural_trend_pass': True}",gross_margin;operating_margin;pattern;previous_revenue_growth_yoy;revenue_growth_yoy;shares_change_6m_pct,TradingView MCP + Finviz via finvizfinance screener views,2026-09-17T23:32:48+02:00,2026-08-06,,42,NORMAL,
APP,Applovin Corp,tradingview_gates,price_above_sma50;sma50_above_sma150;sma150_above_sma200;ema21_above_ema50;within_25pct_52w_high;rsi14,,price_min;market_cap_min;avg_volume_min;price_above_sma50;sma50_above_sma150;sma150_above_sma200;ema21_above_ema50;within_25pct_52w_high;rsi14;atr_pct;rvol20_data_available;performance_21d;distance_resistance_hard;no_extended_move_10d;revenue_growth;eps_growth;eps_next_year;operating_margin;earnings_window;market_regime_allows_new_entries,True,"{'price': 321.6, 'price_tv': 321.6, 'price_finviz': 321.6, 'sma50': 361.44059999999996, 'sma150': 433.0992, 'sma200': 476.894675, 'ema21': 325.24398179517937, 'ema50': 359.92769820949263, 'rsi14': 45.15081422532382, 'atr14': 16.064788468975244, 'atr_pct': 4.995270046323148, 'rvol20': 0.9981663045130966, 'performance_21d_pct': 4.667057215387627, 'distance_52w_high_pct': 56.86753128311047, 'distance_resistance_pct': 79.24748134328355, 'move_10d_pct': 0.7992477668077091, 'structural_trend_pass': False}",pattern;previous_revenue_growth_yoy;shares_change_6m_pct,TradingView MCP + Finviz via finvizfinance screener views,2026-09-17T23:33:02+02:00,2026-08-05,,43,NORMAL,
ARXS,Arxis Inc,tradingview_gates,,price_above_sma50;sma50_above_sma150;sma150_above_sma200;ema21_above_ema50;within_25pct_52w_high;rsi14;atr_pct;rvol20_data_available;performance_21d;distance_resistance_hard;no_extended_move_10d;revenue_growth;eps_growth;operating_margin,price_min;market_cap_min;avg_volume_min;eps_next_year;earnings_window;market_regime_allows_new_entries,False,"{'price': None, 'price_tv': None, 'price_finviz': 49.7, 'sma50': None, 'sma150': None, 'sma200': None, 'ema21': None, 'ema50': None, 'rsi14': None, 'atr14': None, 'atr_pct': None, 'rvol20': None, 'performance_21d_pct': None, 'distance_52w_high_pct': None, 'distance_resistance_pct': None, 'move_10d_pct': None, 'structural_trend_pass': False}",atr14;atr_pct;distance_52w_high_pct;distance_resistance_pct;ema21;ema50;eps_growth_yoy;gross_margin;move_10d_pct;operating_margin;pattern;performance_21d_pct;previous_revenue_growth_yoy;price;price_tv;resistance;revenue_growth_yoy;rsi14;rvol20;shares_change_6m_pct;sma150;sma200;sma50;week52_high,TradingView MCP + Finviz via finvizfinance screener views,2026-09-17T23:33:07+02:00,2026-07-29,,50,NORMAL,
ASML,ASML Holding NV,tradingview_gates,price_above_sma50;ema21_above_ema50;rsi14;performance_21d,,price_min;market_cap_min;avg_volume_min;price_above_sma50;sma50_above_sma150;sma150_above_sma200;ema21_above_ema50;within_25pct_52w_high;rsi14;atr_pct;rvol20_data_available;performance_21d;distance_resistance_hard;no_extended_move_10d;revenue_growth;eps_growth;eps_next_year;operating_margin;earnings_window;market_regime_allows_new_entries,True,"{'price': 1629.67, 'price_tv': 1629.67, 'price_finviz': 1629.67, 'sma50': 1724.6366, 'sma150': 1598.4683333333332, 'sma200': 1506.5099249999998, 'ema21': 1683.984814346364, 'ema50': 1705.874960106018, 'rsi14': 42.86127874340188, 'atr14': 56.02138836224175, 'atr_pct': 3.4375909455436835, 'rvol20': 1.183297167692375, 'performance_21d_pct': -9.612419438928876, 'distance_52w_high_pct': 18.514870297405945, 'distance_resistance_pct': 22.72177802868065, 'move_10d_pct': -3.12845509124412, 'structural_trend_pass': False}",pattern;previous_revenue_growth_yoy;shares_change_6m_pct,TradingView MCP + Finviz via finvizfinance screener views,2026-09-17T23:33:21+02:00,2026-07-15,,64,NORMAL,
AUGO,Aura Minerals Inc,tradingview_gates,sma50_above_sma150;distance_resistance_hard,,price_min;market_cap_min;avg_volume_min;price_above_sma50;sma50_above_sma150;sma150_above_sma200;ema21_above_ema50;within_25pct_52w_high;rsi14;atr_pct;rvol20_data_available;performance_21d;distance_resistance_hard;no_extended_move_10d;revenue_growth;eps_growth;eps_next_year;operating_margin;earnings_window;market_regime_allows_new_entries,True,"{'price': 88.71, 'price_tv': 88.71, 'price_finviz': 88.71, 'sma50': 72.0711, 'sma150': 75.4656, 'sma200': 70.52275, 'ema21': 83.74241633537521, 'ema50': 77.45489861492025, 'rsi14': 63.239980259882195, 'atr14': 4.628122769144127, 'atr_pct': 5.217137604716636, 'rvol20': 1.399949270039158, 'performance_21d_pct': 16.356243441762853, 'distance_52w_high_pct': 19.589198792614283, 'distance_resistance_pct': 2.1756284522601814, 'move_10d_pct': 4.8581560283687875, 'structural_trend_pass': False}",pattern;previous_revenue_growth_yoy;shares_change_6m_pct,TradingView MCP + Finviz via finvizfinance screener views,2026-09-17T23:33:26+02:00,2026-08-05,,43,NORMAL,
AVGO,Broadcom Inc,tradingview_gates,price_above_sma50;ema21_above_ema50;within_25pct_52w_high;rsi14;performance_21d,,price_min;market_cap_min;avg_volume_min;price_above_sma50;sma50_above_sma150;sma150_above_sma200;ema21_above_ema50;within_25pct_52w_high;rsi14;atr_pct;rvol20_data_available;performance_21d;distance_resistance_hard;no_extended_move_10d;revenue_growth;eps_growth;eps_next_year;operating_margin;earnings_window;market_regime_allows_new_entries,True,"{'price': 347.3, 'price_tv': 347.3, 'price_finviz': 347.3, 'sma50': 380.62489999999997, 'sma150': 376.25786666666664, 'sma200': 369.23904999999996, 'ema21': 361.934719027136, 'ema50': 374.51067713736313, 'rsi14': 38.54327938523912, 'atr14': 11.922526039562186, 'atr_pct': 3.432918525644165, 'rvol20': 0.8804180715626954, 'performance_21d_pct': -8.605263157894738, 'distance_52w_high_pct': 29.838383838383837, 'distance_resistance_pct': 24.598329974085807, 'move_10d_pct': -5.429691754710819, 'structural_trend_pass': False}",pattern;previous_revenue_growth_yoy;shares_change_6m_pct,TradingView MCP + Finviz via finvizfinance screener views,2026-09-17T23:33:41+02:00,2026-09-02,,15,PEAD_WINDOW,
AYA,Aya Gold & Silver Inc,tradingview_gates,,earnings_window,price_min;market_cap_min;avg_volume_min;price_above_sma50;sma50_above_sma150;sma150_above_sma200;ema21_above_ema50;within_25pct_52w_high;rsi14;atr_pct;rvol20_data_available;performance_21d;distance_resistance_hard;no_extended_move_10d;revenue_growth;eps_growth;eps_next_year;operating_margin;market_regime_allows_new_entries,True,"{'price': 28.82, 'price_tv': 28.82, 'price_finviz': 28.82, 'sma50': 24.586399999999998, 'sma150': 20.059768000000002, 'sma200': 18.991813, 'ema21': 27.44353252303193, 'ema50': 25.26562972350209, 'rsi14': 57.60123664858092, 'atr14': 1.7482412880698204, 'atr_pct': 6.066069701838377, 'rvol20': 1.0530091779303348, 'performance_21d_pct': 15.326130452180875, 'distance_52w_high_pct': 5.1973684210526265, 'distance_resistance_pct': 5.482303955586392, 'move_10d_pct': 1.6578483245149878, 'structural_trend_pass': True}",pattern;previous_revenue_growth_yoy;shares_change_6m_pct,TradingView MCP + Finviz via finvizfinance screener views,2026-09-17T23:33:55+02:00,,,,UNKNOWN,
BSP,Bending Spoons S.p.A,tradingview_gates,,price_above_sma50;sma50_above_sma150;sma150_above_sma200;ema21_above_ema50;within_25pct_52w_high;rsi14;atr_pct;rvol20_data_available;performance_21d;distance_resistance_hard;no_extended_move_10d;revenue_growth;eps_growth;operating_margin,price_min;market_cap_min;avg_volume_min;eps_next_year;earnings_window;market_regime_allows_new_entries,False,"{'price': None, 'price_tv': None, 'price_finviz': 38.55, 'sma50': None, 'sma150': None, 'sma200': None, 'ema21': None, 'ema50': None, 'rsi14': None, 'atr14': None, 'atr_pct': None, 'rvol20': None, 'performance_21d_pct': None, 'distance_52w_high_pct': None, 'distance_resistance_pct': None, 'move_10d_pct': None, 'structural_trend_pass': False}",atr14;atr_pct;distance_52w_high_pct;distance_resistance_pct;ema21;ema50;eps_growth_yoy;gross_margin;move_10d_pct;operating_margin;pattern;performance_21d_pct;previous_revenue_growth_yoy;price;price_tv;resistance;revenue_growth_yoy;rsi14;rvol20;shares_change_6m_pct;sma150;sma200;sma50;week52_high,TradingView MCP + Finviz via finvizfinance screener views,2026-09-17T23:34:01+02:00,2026-08-13,,35,NORMAL,
CAI,Caris Life Sciences Inc,tradingview_gates,sma150_above_sma200;rsi14;performance_21d;distance_resistance_hard,,price_min;market_cap_min;avg_volume_min;price_above_sma50;sma50_above_sma150;sma150_above_sma200;ema21_above_ema50;within_25pct_52w_high;rsi14;atr_pct;rvol20_data_available;performance_21d;distance_resistance_hard;no_extended_move_10d;revenue_growth;eps_growth;eps_next_year;operating_margin;earnings_window;market_regime_allows_new_entries,True,"{'price': 30.92, 'price_tv': 30.92, 'price_finviz': 30.92, 'sma50': 21.313000000000002, 'sma150': 19.281000000000002, 'sma200': 21.016475, 'ema21': 25.419052691405003, 'ema50': 22.752554655637795, 'rsi14': 76.24556561980965, 'atr14': 1.5197180257334553, 'atr_pct': 4.915000083225922, 'rvol20': 1.422105838650134, 'performance_21d_pct': 47.44873628993802, 'distance_52w_high_pct': 10.490449805753844, 'distance_resistance_pct': -5.934670116429499, 'move_10d_pct': 24.677419354838715, 'structural_trend_pass': False}",pattern;previous_revenue_growth_yoy;shares_change_6m_pct,TradingView MCP + Finviz via finvizfinance screener views,2026-09-17T23:34:15+02:00,2026-08-05,,43,NORMAL,
CDNS,Cadence Design Systems Inc,tradingview_gates,price_above_sma50;sma50_above_sma150;ema21_above_ema50;within_25pct_52w_high;rsi14;performance_21d,,price_min;market_cap_min;avg_volume_min;price_above_sma50;sma50_above_sma150;sma150_above_sma200;ema21_above_ema50;within_25pct_52w_high;rsi14;atr_pct;rvol20_data_available;performance_21d;distance_resistance_hard;no_extended_move_10d;revenue_growth;eps_growth;eps_next_year;operating_margin;earnings_window;market_regime_allows_new_entries,True,"{'price': 280.76, 'price_tv': 280.76, 'price_finviz': 280.76, 'sma50': 326.83529999999996, 'sma150': 330.37850000000003, 'sma200': 326.218275, 'ema21': 301.12397057989915, 'ema50': 320.8686641884922, 'rsi14': 32.923835869904366, 'atr14': 10.605312870807621, 'atr_pct': 3.777358908251753, 'rvol20': 0.8403425969839744, 'performance_21d_pct': -11.29786427397953, 'distance_52w_high_pct': 32.62137320310063, 'distance_resistance_pct': 39.26485254309731, 'move_10d_pct': -8.44882120846513, 'structural_trend_pass': False}",pattern;previous_revenue_growth_yoy;shares_change_6m_pct,TradingView MCP + Finviz via finvizfinance screener views,2026-09-17T23:34:29+02:00,2026-07-27,,52,NORMAL,
CRDO,Credo Technology Group Holding Ltd,tradingview_gates,price_above_sma50;ema21_above_ema50;within_25pct_52w_high;rsi14;performance_21d,,price_min;market_cap_min;avg_volume_min;price_above_sma50;sma50_above_sma150;sma150_above_sma200;ema21_above_ema50;within_25pct_52w_high;rsi14;atr_pct;rvol20_data_available;performance_21d;distance_resistance_hard;no_extended_move_10d;revenue_growth;eps_growth;eps_next_year;operating_margin;earnings_window;market_regime_allows_new_entries,True,"{'price': 168.25, 'price_tv': 168.25, 'price_finviz': 168.25, 'sma50': 215.4529, 'sma150': 186.45583333333335, 'sma200': 175.809025, 'ema21': 186.64215977548548, 'ema50': 205.89432139410624, 'rsi14': 39.521233383138956, 'atr14': 14.812488277342078, 'atr_pct': 8.803856331258293, 'rvol20': 1.1584594326175766, 'performance_21d_pct': -31.597349270236208, 'distance_52w_high_pct': 45.491931671990045, 'distance_resistance_pct': 72.61812778603269, 'move_10d_pct': 1.8339184118145502, 'structural_trend_pass': False}",pattern;previous_revenue_growth_yoy;shares_change_6m_pct,TradingView MCP + Finviz via finvizfinance screener views,2026-09-17T23:34:44+02:00,2026-09-01,,16,NORMAL,
FIGR,Figure Technology Solutions Inc,tradingview_gates,sma50_above_sma150;sma150_above_sma200;within_25pct_52w_high;rsi14;performance_21d,,price_min;market_cap_min;avg_volume_min;price_above_sma50;sma50_above_sma150;sma150_above_sma200;ema21_above_ema50;within_25pct_52w_high;rsi14;atr_pct;rvol20_data_available;performance_21d;distance_resistance_hard;no_extended_move_10d;revenue_growth;eps_growth;eps_next_year;operating_margin;earnings_window;market_regime_allows_new_entries,True,"{'price': 33.71, 'price_tv': 33.71, 'price_finviz': 33.71, 'sma50': 32.415, 'sma150': 32.947766666666666, 'sma200': 36.8685, 'ema21': 34.886550410413804, 'ema50': 33.62700915614065, 'rsi14': 47.5249619255408, 'atr14': 2.566688088211248, 'atr_pct': 7.614025773394388, 'rvol20': 0.8034193047163192, 'performance_21d_pct': -5.095720720720731, 'distance_52w_high_pct': 56.782051282051285, 'distance_resistance_pct': 23.10886977158113, 'move_10d_pct': 1.5667369689665644, 'structural_trend_pass': False}",pattern;previous_revenue_growth_yoy;shares_change_6m_pct,TradingView MCP + Finviz via finvizfinance screener views,2026-09-17T23:34:58+02:00,2026-08-13,,35,NORMAL,
FORM,FormFactor Inc,tradingview_gates,sma50_above_sma150;ema21_above_ema50;within_25pct_52w_high;rsi14;performance_21d,,price_min;market_cap_min;avg_volume_min;price_above_sma50;sma50_above_sma150;sma150_above_sma200;ema21_above_ema50;within_25pct_52w_high;rsi14;atr_pct;rvol20_data_available;performance_21d;distance_resistance_hard;no_extended_move_10d;revenue_growth;eps_growth;eps_next_year;operating_margin;earnings_window;market_regime_allows_new_entries,True,"{'price': 111.53, 'price_tv': 111.53, 'price_finviz': 111.53, 'sma50': 110.6683, 'sma150': 116.70406666666668, 'sma200': 104.343825, 'ema21': 108.450882147838, 'ema50': 112.42928729061285, 'rsi14': 51.82034669342538, 'atr14': 7.4462894389409024, 'atr_pct': 6.676490127267015, 'rvol20': 1.2772028031890135, 'performance_21d_pct': -10.302396654334888, 'distance_52w_high_pct': 30.411181131840024, 'distance_resistance_pct': 43.70124630144356, 'move_10d_pct': 15.479395319942025, 'structural_trend_pass': False}",pattern;previous_revenue_growth_yoy;shares_change_6m_pct,TradingView MCP + Finviz via finvizfinance screener views,2026-09-17T23:35:12+02:00,2026-07-29,,50,NORMAL,
FRVO,Fervo Energy Co,tradingview_gates,,price_above_sma50;sma50_above_sma150;sma150_above_sma200;ema21_above_ema50;within_25pct_52w_high;rsi14;atr_pct;rvol20_data_available;performance_21d;distance_resistance_hard;no_extended_move_10d;revenue_growth;eps_growth;operating_margin,price_min;market_cap_min;avg_volume_min;eps_next_year;earnings_window;market_regime_allows_new_entries,False,"{'price': None, 'price_tv': None, 'price_finviz': 16.66, 'sma50': None, 'sma150': None, 'sma200': None, 'ema21': None, 'ema50': None, 'rsi14': None, 'atr14': None, 'atr_pct': None, 'rvol20': None, 'performance_21d_pct': None, 'distance_52w_high_pct': None, 'distance_resistance_pct': None, 'move_10d_pct': None, 'structural_trend_pass': False}",atr14;atr_pct;distance_52w_high_pct;distance_resistance_pct;ema21;ema50;eps_growth_yoy;gross_margin;move_10d_pct;operating_margin;pattern;performance_21d_pct;previous_revenue_growth_yoy;price;price_tv;resistance;revenue_growth_yoy;rsi14;rvol20;shares_change_6m_pct;sma150;sma200;sma50;week52_high,TradingView MCP + Finviz via finvizfinance screener views,2026-09-17T23:35:17+02:00,2026-08-12,,36,NORMAL,
GLBE,Global E Online Ltd,tradingview_gates,price_above_sma50;sma150_above_sma200;rsi14;performance_21d,,price_min;market_cap_min;avg_volume_min;price_above_sma50;sma50_above_sma150;sma150_above_sma200;ema21_above_ema50;within_25pct_52w_high;rsi14;atr_pct;rvol20_data_available;performance_21d;distance_resistance_hard;no_extended_move_10d;revenue_growth;eps_growth;eps_next_year;operating_margin;earnings_window;market_regime_allows_new_entries,True,"{'price': 38.38, 'price_tv': 38.38, 'price_finviz': 38.38, 'sma50': 38.9276, 'sma150': 34.6706, 'sma200': 35.559825000000004, 'ema21': 38.10311898865892, 'ema50': 37.94843889513898, 'rsi14': 50.68695786825687, 'atr14': 1.3938198473187458, 'atr_pct': 3.631630660027998, 'rvol20': 1.1837608636972552, 'performance_21d_pct': -7.09271362866134, 'distance_52w_high_pct': 12.752898385996817, 'distance_resistance_pct': 14.616988014590932, 'move_10d_pct': -1.0824742268041088, 'structural_trend_pass': False}",pattern;previous_revenue_growth_yoy;shares_change_6m_pct,TradingView MCP + Finviz via finvizfinance screener views,2026-09-17T23:35:31+02:00,2026-08-12,,36,NORMAL,
HALO,Halozyme Therapeutics Inc,tradingview_gates,atr_pct;distance_resistance_hard,,price_min;market_cap_min;avg_volume_min;price_above_sma50;sma50_above_sma150;sma150_above_sma200;ema21_above_ema50;within_25pct_52w_high;rsi14;atr_pct;rvol20_data_available;performance_21d;distance_resistance_hard;no_extended_move_10d;revenue_growth;eps_growth;eps_next_year;operating_margin;earnings_window;market_regime_allows_new_entries,True,"{'price': 109.68, 'price_tv': 109.68, 'price_finviz': 109.68, 'sma50': 95.3185, 'sma150': 77.52733333333333, 'sma200': 75.6693, 'ema21': 105.89053576187666, 'ema50': 97.51110997688208, 'rsi14': 65.27519881461207, 'atr14': 2.834085564945648, 'atr_pct': 2.58395839254709, 'rvol20': 1.3141889908498305, 'performance_21d_pct': 4.566688912193739, 'distance_52w_high_pct': 1.3225371120107952, 'distance_resistance_pct': 1.3402625820568916, 'move_10d_pct': 0.018238190771491247, 'structural_trend_pass': True}",pattern;previous_revenue_growth_yoy;shares_change_6m_pct,TradingView MCP + Finviz via finvizfinance screener views,2026-09-17T23:35:46+02:00,2026-08-06,,42,NORMAL,
HONA,Honeywell Aerospace Inc,tradingview_gates,,price_above_sma50;sma50_above_sma150;sma150_above_sma200;ema21_above_ema50;within_25pct_52w_high;rsi14;atr_pct;rvol20_data_available;performance_21d;distance_resistance_hard;no_extended_move_10d;revenue_growth;eps_growth;operating_margin,price_min;market_cap_min;avg_volume_min;eps_next_year;earnings_window;market_regime_allows_new_entries,False,"{'price': None, 'price_tv': None, 'price_finviz': 167.13, 'sma50': None, 'sma150': None, 'sma200': None, 'ema21': None, 'ema50': None, 'rsi14': None, 'atr14': None, 'atr_pct': None, 'rvol20': None, 'performance_21d_pct': None, 'distance_52w_high_pct': None, 'distance_resistance_pct': None, 'move_10d_pct': None, 'structural_trend_pass': False}",atr14;atr_pct;distance_52w_high_pct;distance_resistance_pct;ema21;ema50;eps_growth_yoy;gross_margin;move_10d_pct;operating_margin;pattern;performance_21d_pct;previous_revenue_growth_yoy;price;price_tv;resistance;revenue_growth_yoy;rsi14;rvol20;shares_change_6m_pct;sma150;sma200;sma50;week52_high,TradingView MCP + Finviz via finvizfinance screener views,2026-09-17T23:35:51+02:00,2026-08-05,,43,NORMAL,
HOOD,Robinhood Markets Inc,tradingview_gates,sma150_above_sma200;within_25pct_52w_high;rsi14,,price_min;market_cap_min;avg_volume_min;price_above_sma50;sma50_above_sma150;sma150_above_sma200;ema21_above_ema50;within_25pct_52w_high;rsi14;atr_pct;rvol20_data_available;performance_21d;distance_resistance_hard;no_extended_move_10d;revenue_growth;eps_growth;eps_next_year;operating_margin;earnings_window;market_regime_allows_new_entries,True,"{'price': 109.81, 'price_tv': 109.81, 'price_finviz': 109.81, 'sma50': 103.0808, 'sma150': 89.1737, 'sma200': 94.917775, 'ema21': 108.7841331327442, 'ema50': 103.87594173056394, 'rsi14': 52.19235495431425, 'atr14': 6.6130854121776395, 'atr_pct': 6.022297980309297, 'rvol20': 0.904136418520448, 'performance_21d_pct': 19.97159401289195, 'distance_52w_high_pct': 28.629876920497153, 'distance_resistance_pct': 14.060650214006007, 'move_10d_pct': 2.6357603514347128, 'structural_trend_pass': False}",pattern;previous_revenue_growth_yoy;shares_change_6m_pct,TradingView MCP + Finviz via finvizfinance screener views,2026-09-17T23:36:06+02:00,2026-07-29,,50,NORMAL,
HYMC,Hycroft Mining Holding Corp,tradingview_gates,price_above_sma50;sma50_above_sma150;ema21_above_ema50;within_25pct_52w_high;rsi14;performance_21d,revenue_growth;eps_growth;operating_margin,price_min;market_cap_min;avg_volume_min;price_above_sma50;sma50_above_sma150;sma150_above_sma200;ema21_above_ema50;within_25pct_52w_high;rsi14;atr_pct;rvol20_data_available;performance_21d;distance_resistance_hard;no_extended_move_10d;eps_next_year;earnings_window;market_regime_allows_new_entries,True,"{'price': 21.51, 'price_tv': 21.51, 'price_finviz': 21.51, 'sma50': 22.8568, 'sma150': 31.039466666666666, 'sma200': 30.3419, 'ema21': 22.64050568025977, 'ema50': 23.851563536984557, 'rsi14': 43.8985072100237, 'atr14': 1.672691701332641, 'atr_pct': 7.776344497129897, 'rvol20': 1.1321537413575515, 'performance_21d_pct': -11.078958247209592, 'distance_52w_high_pct': 63.37470351558575, 'distance_resistance_pct': 38.40074384007437, 'move_10d_pct': -7.3244291253769855, 'structural_trend_pass': False}",gross_margin;operating_margin;pattern;previous_revenue_growth_yoy;revenue_growth_yoy;shares_change_6m_pct,TradingView MCP + Finviz via finvizfinance screener views,2026-09-17T23:36:11+02:00,2026-07-29,,50,NORMAL,
IBKR,Interactive Brokers Group Inc,tradingview_gates,price_above_sma50;rsi14;performance_21d,,price_min;market_cap_min;avg_volume_min;price_above_sma50;sma50_above_sma150;sma150_above_sma200;ema21_above_ema50;within_25pct_52w_high;rsi14;atr_pct;rvol20_data_available;performance_21d;distance_resistance_hard;no_extended_move_10d;revenue_growth;eps_growth;eps_next_year;operating_margin;earnings_window;market_regime_allows_new_entries,True,"{'price': 88.38, 'price_tv': 88.38, 'price_finviz': 88.38, 'sma50': 91.6626, 'sma150': 83.3596, 'sma200': 79.954475, 'ema21': 90.92804727820676, 'ema50': 90.81913135603749, 'rsi14': 44.090410189031054, 'atr14': 3.0277658571325072, 'atr_pct': 3.425849578108743, 'rvol20': 1.140970687682768, 'performance_21d_pct': -2.407243816254423, 'distance_52w_high_pct': 10.501265822784815, 'distance_resistance_pct': 11.73342385155013, 'move_10d_pct': -0.8303411131059368, 'structural_trend_pass': False}",pattern;previous_revenue_growth_yoy;shares_change_6m_pct,TradingView MCP + Finviz via finvizfinance screener views,2026-09-17T23:36:26+02:00,2026-07-21,,58,NORMAL,
INCY,Incyte Corp,tradingview_gates,atr_pct,,price_min;market_cap_min;avg_volume_min;price_above_sma50;sma50_above_sma150;sma150_above_sma200;ema21_above_ema50;within_25pct_52w_high;rsi14;atr_pct;rvol20_data_available;performance_21d;distance_resistance_hard;no_extended_move_10d;revenue_growth;eps_growth;eps_next_year;operating_margin;earnings_window;market_regime_allows_new_entries,True,"{'price': 127.62, 'price_tv': 127.62, 'price_finviz': 127.62, 'sma50': 122.16879999999999, 'sma150': 106.78173333333334, 'sma200': 105.52285, 'ema21': 124.4811145982081, 'ema50': 121.05644225957933, 'rsi14': 57.65842911382516, 'atr14': 3.2938038923569057, 'atr_pct': 2.580946475753726, 'rvol20': 1.1339059080821914, 'performance_21d_pct': 3.3611403579816956, 'distance_52w_high_pct': 3.755656108597277, 'distance_resistance_pct': 3.9022096850023424, 'move_10d_pct': -0.939222230846859, 'structural_trend_pass': True}",pattern;previous_revenue_growth_yoy;shares_change_6m_pct,TradingView MCP + Finviz via finvizfinance screener views,2026-09-17T23:36:40+02:00,2026-07-28,,51,NORMAL,
INIO,Innio NV,tradingview_gates,,price_above_sma50;sma50_above_sma150;sma150_above_sma200;ema21_above_ema50;within_25pct_52w_high;rsi14;atr_pct;rvol20_data_available;performance_21d;distance_resistance_hard;no_extended_move_10d;revenue_growth;eps_growth;operating_margin,price_min;market_cap_min;avg_volume_min;eps_next_year;earnings_window;market_regime_allows_new_entries,False,"{'price': None, 'price_tv': None, 'price_finviz': 20.96, 'sma50': None, 'sma150': None, 'sma200': None, 'ema21': None, 'ema50': None, 'rsi14': None, 'atr14': None, 'atr_pct': None, 'rvol20': None, 'performance_21d_pct': None, 'distance_52w_high_pct': None, 'distance_resistance_pct': None, 'move_10d_pct': None, 'structural_trend_pass': False}",atr14;atr_pct;distance_52w_high_pct;distance_resistance_pct;ema21;ema50;eps_growth_yoy;gross_margin;move_10d_pct;operating_margin;pattern;performance_21d_pct;previous_revenue_growth_yoy;price;price_tv;resistance;revenue_growth_yoy;rsi14;rvol20;shares_change_6m_pct;sma150;sma200;sma50;week52_high,TradingView MCP + Finviz via finvizfinance screener views,2026-09-17T23:36:45+02:00,2026-07-28,,51,NORMAL,
IOND,Ionic Digital Inc,tradingview_gates,,price_above_sma50;sma50_above_sma150;sma150_above_sma200;ema21_above_ema50;within_25pct_52w_high;rsi14;atr_pct;rvol20_data_available;performance_21d;distance_resistance_hard;no_extended_move_10d;revenue_growth;eps_growth;operating_margin,price_min;market_cap_min;avg_volume_min;eps_next_year;earnings_window;market_regime_allows_new_entries,False,"{'price': None, 'price_tv': None, 'price_finviz': 84.85, 'sma50': None, 'sma150': None, 'sma200': None, 'ema21': None, 'ema50': None, 'rsi14': None, 'atr14': None, 'atr_pct': None, 'rvol20': None, 'performance_21d_pct': None, 'distance_52w_high_pct': None, 'distance_resistance_pct': None, 'move_10d_pct': None, 'structural_trend_pass': False}",atr14;atr_pct;distance_52w_high_pct;distance_resistance_pct;ema21;ema50;eps_growth_yoy;gross_margin;move_10d_pct;operating_margin;pattern;performance_21d_pct;previous_revenue_growth_yoy;price;price_tv;resistance;revenue_growth_yoy;rsi14;rvol20;shares_change_6m_pct;sma150;sma200;sma50;week52_high,TradingView MCP + Finviz via finvizfinance screener views,2026-09-17T23:36:59+02:00,2026-08-19,,29,NORMAL,
KLIC,Kulicke & Soffa Industries Inc,tradingview_gates,price_above_sma50;ema21_above_ema50;within_25pct_52w_high;rsi14;performance_21d,,price_min;market_cap_min;avg_volume_min;price_above_sma50;sma50_above_sma150;sma150_above_sma200;ema21_above_ema50;within_25pct_52w_high;rsi14;atr_pct;rvol20_data_available;performance_21d;distance_resistance_hard;no_extended_move_10d;revenue_growth;eps_growth;eps_next_year;operating_margin;earnings_window;market_regime_allows_new_entries,True,"{'price': 81.92, 'price_tv': 81.92, 'price_finviz': 81.92, 'sma50': 91.3265, 'sma150': 89.63296666666666, 'sma200': 80.66787500000001, 'ema21': 83.69657516614208, 'ema50': 89.65185447847725, 'rsi14': 44.59725860286028, 'atr14': 4.2418122627824735, 'atr_pct': 5.1779934848418865, 'rvol20': 1.1572286166899448, 'performance_21d_pct': -11.014555724527487, 'distance_52w_high_pct': 39.6759941089838, 'distance_resistance_pct': 65.77148437500001, 'move_10d_pct': 3.761874604179849, 'structural_trend_pass': False}",pattern;previous_revenue_growth_yoy;shares_change_6m_pct,TradingView MCP + Finviz via finvizfinance screener views,2026-09-17T23:37:14+02:00,2026-08-05,,43,NORMAL,
LFTO,Liftoff Mobile Inc,tradingview_gates,,price_above_sma50;sma50_above_sma150;sma150_above_sma200;ema21_above_ema50;within_25pct_52w_high;rsi14;atr_pct;rvol20_data_available;performance_21d;distance_resistance_hard;no_extended_move_10d,price_min;market_cap_min;avg_volume_min;revenue_growth;eps_growth;eps_next_year;operating_margin;earnings_window;market_regime_allows_new_entries,False,"{'price': None, 'price_tv': None, 'price_finviz': 17.42, 'sma50': None, 'sma150': None, 'sma200': None, 'ema21': None, 'ema50': None, 'rsi14': None, 'atr14': None, 'atr_pct': None, 'rvol20': None, 'performance_21d_pct': None, 'distance_52w_high_pct': None, 'distance_resistance_pct': None, 'move_10d_pct': None, 'structural_trend_pass': False}",atr14;atr_pct;distance_52w_high_pct;distance_resistance_pct;ema21;ema50;move_10d_pct;pattern;performance_21d_pct;previous_revenue_growth_yoy;price;price_tv;resistance;rsi14;rvol20;shares_change_6m_pct;sma150;sma200;sma50;week52_high,TradingView MCP + Finviz via finvizfinance screener views,2026-09-17T23:37:28+02:00,2026-08-12,,36,NORMAL,
LPLA,LPL Financial Holdings Inc,tradingview_gates,price_above_sma50;sma150_above_sma200;rsi14;performance_21d,,price_min;market_cap_min;avg_volume_min;price_above_sma50;sma50_above_sma150;sma150_above_sma200;ema21_above_ema50;within_25pct_52w_high;rsi14;atr_pct;rvol20_data_available;performance_21d;distance_resistance_hard;no_extended_move_10d;revenue_growth;eps_growth;eps_next_year;operating_margin;earnings_window;market_regime_allows_new_entries,True,"{'price': 329.94, 'price_tv': 329.94, 'price_finviz': 329.94, 'sma50': 348.8297, 'sma150': 317.82779999999997, 'sma200': 330.59675000000004, 'ema21': 350.2089752103646, 'ema50': 344.3973344118911, 'rsi14': 33.930503489180396, 'atr14': 10.331523661374616, 'atr_pct': 3.131334079340067, 'rvol20': 0.9894496067674136, 'performance_21d_pct': -10.51989260434465, 'distance_52w_high_pct': 17.547980807676936, 'distance_resistance_pct': 14.869370188519127, 'move_10d_pct': -7.085328076598152, 'structural_trend_pass': False}",pattern;previous_revenue_growth_yoy;shares_change_6m_pct,TradingView MCP + Finviz via finvizfinance screener views,2026-09-17T23:37:42+02:00,2026-07-30,,49,NORMAL,
LQDA,Liquidia Corp,tradingview_gates,price_above_sma50;ema21_above_ema50;within_25pct_52w_high;rsi14;performance_21d,,price_min;market_cap_min;avg_volume_min;price_above_sma50;sma50_above_sma150;sma150_above_sma200;ema21_above_ema50;within_25pct_52w_high;rsi14;atr_pct;rvol20_data_available;performance_21d;distance_resistance_hard;no_extended_move_10d;revenue_growth;eps_growth;eps_next_year;operating_margin;earnings_window;market_regime_allows_new_entries,True,"{'price': 68.39, 'price_tv': 68.39, 'price_finviz': 68.39, 'sma50': 76.6551, 'sma150': 58.112700000000004, 'sma200': 52.831975, 'ema21': 69.92008931801946, 'ema50': 72.0134493599664, 'rsi14': 43.92885107584482, 'atr14': 3.437426506893122, 'atr_pct': 5.026212175600412, 'rvol20': 0.967485819416539, 'performance_21d_pct': -7.991389748419209, 'distance_52w_high_pct': 26.941566072000857, 'distance_resistance_pct': 36.87673636496564, 'move_10d_pct': -1.851320321469585, 'structural_trend_pass': False}",pattern;previous_revenue_growth_yoy;shares_change_6m_pct,TradingView MCP + Finviz via finvizfinance screener views,2026-09-17T23:37:56+02:00,2026-08-12,,36,NORMAL,
LRCX,Lam Research Corp,tradingview_gates,price_above_sma50;ema21_above_ema50;within_25pct_52w_high;rsi14;performance_21d,,price_min;market_cap_min;avg_volume_min;price_above_sma50;sma50_above_sma150;sma150_above_sma200;ema21_above_ema50;within_25pct_52w_high;rsi14;atr_pct;rvol20_data_available;performance_21d;distance_resistance_hard;no_extended_move_10d;revenue_growth;eps_growth;eps_next_year;operating_margin;earnings_window;market_regime_allows_new_entries,True,"{'price': 269.31, 'price_tv': 269.31, 'price_finviz': 269.31, 'sma50': 308.682, 'sma150': 289.78746666666666, 'sma200': 266.53355, 'ema21': 295.9917139369873, 'ema50': 306.72647228128153, 'rsi14': 36.07592238843177, 'atr14': 15.575524608769387, 'atr_pct': 5.783492855359766, 'rvol20': 1.3503284179889623, 'performance_21d_pct': -17.873261771163705, 'distance_52w_high_pct': 38.58380843785633, 'distance_resistance_pct': 62.82351193791541, 'move_10d_pct': -6.593368479467254, 'structural_trend_pass': False}",pattern;previous_revenue_growth_yoy;shares_change_6m_pct,TradingView MCP + Finviz via finvizfinance screener views,2026-09-17T23:38:10+02:00,2026-07-29,,50,NORMAL,
LSCC,Lattice Semiconductor Corp,tradingview_gates,price_above_sma50;ema21_above_ema50;within_25pct_52w_high;rsi14;performance_21d,,price_min;market_cap_min;avg_volume_min;price_above_sma50;sma50_above_sma150;sma150_above_sma200;ema21_above_ema50;within_25pct_52w_high;rsi14;atr_pct;rvol20_data_available;performance_21d;distance_resistance_hard;no_extended_move_10d;revenue_growth;eps_growth;eps_next_year;operating_margin;earnings_window;market_regime_allows_new_entries,True,"{'price': 108.53, 'price_tv': 108.53, 'price_finviz': 108.53, 'sma50': 122.95700000000001, 'sma150': 119.53126666666665, 'sma200': 109.7922, 'ema21': 114.97177345749972, 'ema50': 120.99983260507796, 'rsi14': 40.06804230825415, 'atr14': 5.8111952892855125, 'atr_pct': 5.354459862973844, 'rvol20': 0.9183064417380166, 'performance_21d_pct': -12.623782304162301, 'distance_52w_high_pct': 30.877014202917007, 'distance_resistance_pct': 42.8176541048558, 'move_10d_pct': -4.697927643133115, 'structural_trend_pass': False}",pattern;previous_revenue_growth_yoy;shares_change_6m_pct,TradingView MCP + Finviz via finvizfinance screener views,2026-09-17T23:38:24+02:00,2026-08-04,,44,NORMAL,
MCHP,Microchip Technology Inc,tradingview_gates,price_above_sma50;sma50_above_sma150;ema21_above_ema50;within_25pct_52w_high;rsi14;performance_21d,,price_min;market_cap_min;avg_volume_min;price_above_sma50;sma50_above_sma150;sma150_above_sma200;ema21_above_ema50;within_25pct_52w_high;rsi14;atr_pct;rvol20_data_available;performance_21d;distance_resistance_hard;no_extended_move_10d;revenue_growth;eps_growth;eps_next_year;operating_margin;earnings_window;market_regime_allows_new_entries,True,"{'price': 70.82, 'price_tv': 70.82, 'price_finviz': 70.82, 'sma50': 77.3996, 'sma150': 80.74626666666667, 'sma200': 78.20305, 'ema21': 73.5207655900448, 'ema50': 77.23056460107392, 'rsi14': 41.33540077539949, 'atr14': 2.8816847719671537, 'atr_pct': 4.069026788996263, 'rvol20': 1.0045683338650724, 'performance_21d_pct': -9.425757769535748, 'distance_52w_high_pct': 33.13190444717213, 'distance_resistance_pct': 38.91556057610845, 'move_10d_pct': -2.6663001649257945, 'structural_trend_pass': False}",pattern;previous_revenue_growth_yoy;shares_change_6m_pct,TradingView MCP + Finviz via finvizfinance screener views,2026-09-17T23:38:39+02:00,2026-08-06,,42,NORMAL,
MFP,Midera Food Processing Inc,tradingview_gates,,price_above_sma50;sma50_above_sma150;sma150_above_sma200;ema21_above_ema50;within_25pct_52w_high;rsi14;atr_pct;rvol20_data_available;performance_21d;distance_resistance_hard;no_extended_move_10d;revenue_growth;eps_growth;operating_margin,price_min;market_cap_min;avg_volume_min;eps_next_year;earnings_window;market_regime_allows_new_entries,False,"{'price': None, 'price_tv': None, 'price_finviz': 44.99, 'sma50': None, 'sma150': None, 'sma200': None, 'ema21': None, 'ema50': None, 'rsi14': None, 'atr14': None, 'atr_pct': None, 'rvol20': None, 'performance_21d_pct': None, 'distance_52w_high_pct': None, 'distance_resistance_pct': None, 'move_10d_pct': None, 'structural_trend_pass': False}",atr14;atr_pct;distance_52w_high_pct;distance_resistance_pct;ema21;ema50;eps_growth_yoy;gross_margin;move_10d_pct;operating_margin;pattern;performance_21d_pct;previous_revenue_growth_yoy;price;price_tv;resistance;revenue_growth_yoy;rsi14;rvol20;shares_change_6m_pct;sma150;sma200;sma50;week52_high,TradingView MCP + Finviz via finvizfinance screener views,2026-09-17T23:38:53+02:00,2026-08-13,,35,NORMAL,
MKSI,MKS Inc,tradingview_gates,price_above_sma50;ema21_above_ema50;within_25pct_52w_high;rsi14;performance_21d,,price_min;market_cap_min;avg_volume_min;price_above_sma50;sma50_above_sma150;sma150_above_sma200;ema21_above_ema50;within_25pct_52w_high;rsi14;atr_pct;rvol20_data_available;performance_21d;distance_resistance_hard;no_extended_move_10d;revenue_growth;eps_growth;eps_next_year;operating_margin;earnings_window;market_regime_allows_new_entries,True,"{'price': 240.23, 'price_tv': 240.23, 'price_finviz': 240.23, 'sma50': 294.441, 'sma150': 291.7010666666667, 'sma200': 266.5242, 'ema21': 261.4730875812982, 'ema50': 285.1267592944395, 'rsi14': 37.23457736870873, 'atr14': 14.327496366834927, 'atr_pct': 5.96407458137407, 'rvol20': 0.7900175154459055, 'performance_21d_pct': -19.987343458566485, 'distance_52w_high_pct': 46.331709932532064, 'distance_resistance_pct': 86.32976730633143, 'move_10d_pct': -4.435515951945268, 'structural_trend_pass': False}",pattern;previous_revenue_growth_yoy;shares_change_6m_pct,TradingView MCP + Finviz via finvizfinance screener views,2026-09-17T23:39:07+02:00,2026-08-05,,43,NORMAL,
MPWR,Monolithic Power System Inc,tradingview_gates,price_above_sma50;sma50_above_sma150;ema21_above_ema50;within_25pct_52w_high;rsi14;performance_21d,,price_min;market_cap_min;avg_volume_min;price_above_sma50;sma50_above_sma150;sma150_above_sma200;ema21_above_ema50;within_25pct_52w_high;rsi14;atr_pct;rvol20_data_available;performance_21d;distance_resistance_hard;no_extended_move_10d;revenue_growth;eps_growth;eps_next_year;operating_margin;earnings_window;market_regime_allows_new_entries,True,"{'price': 1169.58, 'price_tv': 1169.58, 'price_finviz': 1169.58, 'sma50': 1306.1925, 'sma150': 1343.6987, 'sma200': 1262.14935, 'ema21': 1230.1914286021645, 'ema50': 1294.8964097421529, 'rsi14': 38.604866681053785, 'atr14': 51.41138233449414, 'atr_pct': 4.395713190589284, 'rvol20': 1.40858064290591, 'performance_21d_pct': -12.271411212289419, 'distance_52w_high_pct': 31.766706051998796, 'distance_resistance_pct': 34.083175156893944, 'move_10d_pct': -4.08246949219262, 'structural_trend_pass': False}",pattern;previous_revenue_growth_yoy;shares_change_6m_pct,TradingView MCP + Finviz via finvizfinance screener views,2026-09-17T23:39:21+02:00,2026-07-30,,49,NORMAL,
MRVL,Marvell Technology Inc,tradingview_gates,within_25pct_52w_high,,price_min;market_cap_min;avg_volume_min;price_above_sma50;sma50_above_sma150;sma150_above_sma200;ema21_above_ema50;within_25pct_52w_high;rsi14;atr_pct;rvol20_data_available;performance_21d;distance_resistance_hard;no_extended_move_10d;revenue_growth;eps_growth;eps_next_year;operating_margin;earnings_window;market_regime_allows_new_entries,True,"{'price': 240.76, 'price_tv': 240.76, 'price_finviz': 240.76, 'sma50': 215.92610000000002, 'sma150': 181.9361, 'sma200': 157.6493, 'ema21': 225.57041720209983, 'ema50': 222.26725852267006, 'rsi14': 56.78395894672748, 'atr14': 14.971640496137884, 'atr_pct': 6.2184916498329805, 'rvol20': 0.8806344487220733, 'performance_21d_pct': 11.462962962962964, 'distance_52w_high_pct': 27.01588456408391, 'distance_resistance_pct': 24.605416182090053, 'move_10d_pct': 16.602092212320805, 'structural_trend_pass': True}",pattern;previous_revenue_growth_yoy;shares_change_6m_pct,TradingView MCP + Finviz via finvizfinance screener views,2026-09-17T23:39:36+02:00,2026-08-27,,21,NORMAL,
MTSI,MACOM Technology Solutions Holdings Inc,tradingview_gates,price_above_sma50;sma50_above_sma150;ema21_above_ema50;within_25pct_52w_high;rsi14;performance_21d,,price_min;market_cap_min;avg_volume_min;price_above_sma50;sma50_above_sma150;sma150_above_sma200;ema21_above_ema50;within_25pct_52w_high;rsi14;atr_pct;rvol20_data_available;performance_21d;distance_resistance_hard;no_extended_move_10d;revenue_growth;eps_growth;eps_next_year;operating_margin;earnings_window;market_regime_allows_new_entries,True,"{'price': 263.14, 'price_tv': 263.14, 'price_finviz': 263.14, 'sma50': 275.95489999999995, 'sma150': 291.0299, 'sma200': 267.5518, 'ema21': 266.864989675686, 'ema50': 281.2236988750382, 'rsi14': 47.323956604132604, 'atr14': 15.89624461424631, 'atr_pct': 6.040983740307939, 'rvol20': 1.0701345200453203, 'performance_21d_pct': -10.152795561246275, 'distance_52w_high_pct': 37.183098591549296, 'distance_resistance_pct': 49.13730333662691, 'move_10d_pct': 2.166485479111646, 'structural_trend_pass': False}",pattern;previous_revenue_growth_yoy;shares_change_6m_pct,TradingView MCP + Finviz via finvizfinance screener views,2026-09-17T23:39:50+02:00,2026-08-06,,42,NORMAL,
MU,Micron Technology Inc,tradingview_gates,rsi14,,price_min;market_cap_min;avg_volume_min;price_above_sma50;sma50_above_sma150;sma150_above_sma200;ema21_above_ema50;within_25pct_52w_high;rsi14;atr_pct;rvol20_data_available;performance_21d;distance_resistance_hard;no_extended_move_10d;revenue_growth;eps_growth;eps_next_year;operating_margin;earnings_window;market_regime_allows_new_entries,True,"{'price': 977.5, 'price_tv': 977.5, 'price_finviz': 977.5, 'sma50': 926.7737, 'sma150': 740.5949, 'sma200': 636.269625, 'ema21': 953.5511601756799, 'ema50': 933.1688407402422, 'rsi14': 53.810144252545236, 'atr14': 50.050504715999445, 'atr_pct': 5.1202562369308895, 'rvol20': 0.8943565365364377, 'performance_21d_pct': 3.9053531187550394, 'distance_52w_high_pct': 22.111553784860558, 'distance_resistance_pct': 28.388746803069054, 'move_10d_pct': 2.240398293029866, 'structural_trend_pass': True}",pattern;previous_revenue_growth_yoy;shares_change_6m_pct,TradingView MCP + Finviz via finvizfinance screener views,2026-09-17T23:40:04+02:00,2026-09-30,13,,NORMAL,
MWH,SOLV Energy Inc,tradingview_gates,,price_above_sma50;sma50_above_sma150;sma150_above_sma200;ema21_above_ema50;within_25pct_52w_high;rsi14;atr_pct;rvol20_data_available;performance_21d;distance_resistance_hard;no_extended_move_10d;operating_margin,price_min;market_cap_min;avg_volume_min;revenue_growth;eps_growth;eps_next_year;earnings_window;market_regime_allows_new_entries,False,"{'price': None, 'price_tv': None, 'price_finviz': 25.72, 'sma50': None, 'sma150': None, 'sma200': None, 'ema21': None, 'ema50': None, 'rsi14': None, 'atr14': None, 'atr_pct': None, 'rvol20': None, 'performance_21d_pct': None, 'distance_52w_high_pct': None, 'distance_resistance_pct': None, 'move_10d_pct': None, 'structural_trend_pass': False}",atr14;atr_pct;distance_52w_high_pct;distance_resistance_pct;ema21;ema50;gross_margin;move_10d_pct;operating_margin;pattern;performance_21d_pct;previous_revenue_growth_yoy;price;price_tv;resistance;rsi14;rvol20;shares_change_6m_pct;sma150;sma200;sma50;week52_high,TradingView MCP + Finviz via finvizfinance screener views,2026-09-17T23:40:18+02:00,2026-08-13,,35,NORMAL,
NBIX,Neurocrine Biosciences Inc,tradingview_gates,price_above_sma50;ema21_above_ema50;rsi14;atr_pct;performance_21d,,price_min;market_cap_min;avg_volume_min;price_above_sma50;sma50_above_sma150;sma150_above_sma200;ema21_above_ema50;within_25pct_52w_high;rsi14;atr_pct;rvol20_data_available;performance_21d;distance_resistance_hard;no_extended_move_10d;revenue_growth;eps_growth;eps_next_year;operating_margin;earnings_window;market_regime_allows_new_entries,True,"{'price': 151.83, 'price_tv': 151.83, 'price_finviz': 151.83, 'sma50': 162.9224, 'sma150': 149.92943333333335, 'sma200': 147.965775, 'ema21': 155.4985059896049, 'ema50': 158.55449953391602, 'rsi14': 40.795581976631276, 'atr14': 4.3933118923211945, 'atr_pct': 2.8935730042292, 'rvol20': 1.1600617883887983, 'performance_21d_pct': -1.5561174868702454, 'distance_52w_high_pct': 18.423597678916824, 'distance_resistance_pct': 22.58446947243627, 'move_10d_pct': -3.777172190886613, 'structural_trend_pass': False}",pattern;previous_revenue_growth_yoy;shares_change_6m_pct,TradingView MCP + Finviz via finvizfinance screener views,2026-09-17T23:40:33+02:00,2026-07-30,,49,NORMAL,
NESR,National Energy Services Reunited Corp,tradingview_gates,rsi14;performance_21d,,price_min;market_cap_min;avg_volume_min;price_above_sma50;sma50_above_sma150;sma150_above_sma200;ema21_above_ema50;within_25pct_52w_high;rsi14;atr_pct;rvol20_data_available;performance_21d;distance_resistance_hard;no_extended_move_10d;revenue_growth;eps_growth;eps_next_year;operating_margin;earnings_window;market_regime_allows_new_entries,True,"{'price': 32.49, 'price_tv': 32.49, 'price_finviz': 32.49, 'sma50': 31.395100000000003, 'sma150': 26.5335, 'sma200': 24.199225000000002, 'ema21': 33.201171159661605, 'ema50': 31.635558647031058, 'rsi14': 47.345935834586435, 'atr14': 1.5267290215842184, 'atr_pct': 4.699073627529142, 'rvol20': 1.499946628413768, 'performance_21d_pct': -7.934258996882959, 'distance_52w_high_pct': 12.046561992420129, 'distance_resistance_pct': 13.6965220067713, 'move_10d_pct': -6.476683937823835, 'structural_trend_pass': True}",pattern;previous_revenue_growth_yoy;shares_change_6m_pct,TradingView MCP + Finviz via finvizfinance screener views,2026-09-17T23:40:47+02:00,2026-08-10,,38,NORMAL,
NVDA,NVIDIA Corp,tradingview_gates,rsi14;atr_pct;performance_21d,,price_min;market_cap_min;avg_volume_min;price_above_sma50;sma50_above_sma150;sma150_above_sma200;ema21_above_ema50;within_25pct_52w_high;rsi14;atr_pct;rvol20_data_available;performance_21d;distance_resistance_hard;no_extended_move_10d;revenue_growth;eps_growth;eps_next_year;operating_margin;earnings_window;market_regime_allows_new_entries,True,"{'price': 219.34, 'price_tv': 219.34, 'price_finviz': 219.34, 'sma50': 213.88279999999997, 'sma150': 202.80926666666667, 'sma200': 198.16639999999998, 'ema21': 218.03993027537564, 'ema50': 214.83918118626326, 'rsi14': 51.71826404743142, 'atr14': 6.556585705169313, 'atr_pct': 2.989233931416665, 'rvol20': 0.7148857821539213, 'performance_21d_pct': -0.18203331209611928, 'distance_52w_high_pct': 7.271497421154979, 'distance_resistance_pct': 7.030181453451258, 'move_10d_pct': -2.259257608840959, 'structural_trend_pass': True}",pattern;previous_revenue_growth_yoy;shares_change_6m_pct,TradingView MCP + Finviz via finvizfinance screener views,2026-09-17T23:41:01+02:00,2026-08-26,,22,NORMAL,
PENG,Penguin Solutions Inc,tradingview_gates,price_above_sma50;ema21_above_ema50;within_25pct_52w_high;rsi14;performance_21d,,price_min;market_cap_min;avg_volume_min;price_above_sma50;sma50_above_sma150;sma150_above_sma200;ema21_above_ema50;within_25pct_52w_high;rsi14;atr_pct;rvol20_data_available;performance_21d;distance_resistance_hard;no_extended_move_10d;revenue_growth;eps_growth;eps_next_year;operating_margin;earnings_window;market_regime_allows_new_entries,True,"{'price': 52.55, 'price_tv': 52.55, 'price_finviz': 52.55, 'sma50': 55.9328, 'sma150': 43.794533333333334, 'sma200': 37.854275, 'ema21': 51.0069114628829, 'ema50': 53.39637108055425, 'rsi14': 51.36948711357973, 'atr14': 3.5717165353952134, 'atr_pct': 6.796796451751121, 'rvol20': 1.0841590374946928, 'performance_21d_pct': -9.95544893762852, 'distance_52w_high_pct': 41.520142443801475, 'distance_resistance_pct': 70.99904852521409, 'move_10d_pct': 10.422357638159262, 'structural_trend_pass': False}",pattern;previous_revenue_growth_yoy;shares_change_6m_pct,TradingView MCP + Finviz via finvizfinance screener views,2026-09-17T23:41:16+02:00,2026-07-07,,72,NORMAL,
PLTR,Palantir Technologies Inc,tradingview_gates,sma150_above_sma200,,price_min;market_cap_min;avg_volume_min;price_above_sma50;sma50_above_sma150;sma150_above_sma200;ema21_above_ema50;within_25pct_52w_high;rsi14;atr_pct;rvol20_data_available;performance_21d;distance_resistance_hard;no_extended_move_10d;revenue_growth;eps_growth;eps_next_year;operating_margin;earnings_window;market_regime_allows_new_entries,True,"{'price': 176.24, 'price_tv': 176.24, 'price_finviz': 176.24, 'sma50': 157.28719999999998, 'sma150': 145.15343333333334, 'sma200': 151.701925, 'ema21': 171.84193303519933, 'ema50': 161.87574977995578, 'rsi14': 55.931083897592856, 'atr14': 7.180194188415196, 'atr_pct': 4.074100197693597, 'rvol20': 0.7932240557834698, 'performance_21d_pct': 2.7398857409350663, 'distance_52w_high_pct': 15.073245952197379, 'distance_resistance_pct': 6.882660009078527, 'move_10d_pct': 4.000944175616672, 'structural_trend_pass': False}",pattern;previous_revenue_growth_yoy;shares_change_6m_pct,TradingView MCP + Finviz via finvizfinance screener views,2026-09-17T23:41:21+02:00,2026-08-03,,45,NORMAL,
PODD,Insulet Corp,tradingview_gates,price_above_sma50;sma50_above_sma150;sma150_above_sma200;ema21_above_ema50;within_25pct_52w_high;rsi14;performance_21d,,price_min;market_cap_min;avg_volume_min;price_above_sma50;sma50_above_sma150;sma150_above_sma200;ema21_above_ema50;within_25pct_52w_high;rsi14;atr_pct;rvol20_data_available;performance_21d;distance_resistance_hard;no_extended_move_10d;revenue_growth;eps_growth;eps_next_year;operating_margin;earnings_window;market_regime_allows_new_entries,True,"{'price': 141.55, 'price_tv': 141.55, 'price_finviz': 141.55, 'sma50': 151.0174, 'sma150': 176.2568, 'sma200': 202.5102, 'ema21': 143.02116941340512, 'ema50': 148.79679525634592, 'rsi14': 46.33930319466918, 'atr14': 5.56946975563988, 'atr_pct': 3.9346306998515574, 'rvol20': 0.6827358027679116, 'performance_21d_pct': -4.37749104911166, 'distance_52w_high_pct': 60.11327772768259, 'distance_resistance_pct': 22.15824796891556, 'move_10d_pct': -4.448494667206681, 'structural_trend_pass': False}",pattern;previous_revenue_growth_yoy;shares_change_6m_pct,TradingView MCP + Finviz via finvizfinance screener views,2026-09-17T23:41:35+02:00,2026-08-05,,43,NORMAL,
PPTA,Perpetua Resources Corp,tradingview_gates,sma50_above_sma150;sma150_above_sma200;within_25pct_52w_high;rsi14;performance_21d,revenue_growth;eps_growth;operating_margin,price_min;market_cap_min;avg_volume_min;price_above_sma50;sma50_above_sma150;sma150_above_sma200;ema21_above_ema50;within_25pct_52w_high;rsi14;atr_pct;rvol20_data_available;performance_21d;distance_resistance_hard;no_extended_move_10d;eps_next_year;earnings_window;market_regime_allows_new_entries,True,"{'price': 23.37, 'price_tv': 23.37, 'price_finviz': 23.37, 'sma50': 22.222800000000003, 'sma150': 25.935566666666666, 'sma200': 26.5801, 'ema21': 23.837750369600887, 'ema50': 23.50372035813865, 'rsi14': 47.67760237641667, 'atr14': 1.1989019257395073, 'atr_pct': 5.130089541033407, 'rvol20': 0.7295165734780815, 'performance_21d_pct': -1.7654476670870056, 'distance_52w_high_pct': 37.463205780037455, 'distance_resistance_pct': 17.928968763371834, 'move_10d_pct': -4.495300367797295, 'structural_trend_pass': False}",gross_margin;operating_margin;pattern;previous_revenue_growth_yoy;revenue_growth_yoy;shares_change_6m_pct,TradingView MCP + Finviz via finvizfinance screener views,2026-09-17T23:41:49+02:00,2026-08-15,,33,NORMAL,
PTCT,PTC Therapeutics Inc,tradingview_gates,price_above_sma50;sma150_above_sma200;ema21_above_ema50;within_25pct_52w_high;rsi14;performance_21d,,price_min;market_cap_min;avg_volume_min;price_above_sma50;sma50_above_sma150;sma150_above_sma200;ema21_above_ema50;within_25pct_52w_high;rsi14;atr_pct;rvol20_data_available;performance_21d;distance_resistance_hard;no_extended_move_10d;revenue_growth;eps_growth;eps_next_year;operating_margin;earnings_window;market_regime_allows_new_entries,True,"{'price': 68, 'price_tv': 68, 'price_finviz': 68.0, 'sma50': 73.0623, 'sma150': 71.80153333333332, 'sma200': 72.82435000000001, 'ema21': 69.32730624296651, 'ema50': 71.71744743796886, 'rsi14': 42.877766091469894, 'atr14': 2.1325466033330875, 'atr_pct': 3.1360979460780705, 'rvol20': 1.2327134863521216, 'performance_21d_pct': -6.374776263252091, 'distance_52w_high_pct': 25.167822163530325, 'distance_resistance_pct': 33.63235294117648, 'move_10d_pct': -5.279286808747741, 'structural_trend_pass': False}",pattern;previous_revenue_growth_yoy;shares_change_6m_pct,TradingView MCP + Finviz via finvizfinance screener views,2026-09-17T23:42:03+02:00,2026-07-30,,49,NORMAL,
QNT,Quantinuum Inc,tradingview_gates,,price_above_sma50;sma50_above_sma150;sma150_above_sma200;ema21_above_ema50;within_25pct_52w_high;rsi14;atr_pct;rvol20_data_available;performance_21d;distance_resistance_hard;no_extended_move_10d;revenue_growth;eps_growth;operating_margin,price_min;market_cap_min;avg_volume_min;eps_next_year;earnings_window;market_regime_allows_new_entries,False,"{'price': None, 'price_tv': None, 'price_finviz': 54.5, 'sma50': None, 'sma150': None, 'sma200': None, 'ema21': None, 'ema50': None, 'rsi14': None, 'atr14': None, 'atr_pct': None, 'rvol20': None, 'performance_21d_pct': None, 'distance_52w_high_pct': None, 'distance_resistance_pct': None, 'move_10d_pct': None, 'structural_trend_pass': False}",atr14;atr_pct;distance_52w_high_pct;distance_resistance_pct;ema21;ema50;eps_growth_yoy;gross_margin;move_10d_pct;operating_margin;pattern;performance_21d_pct;previous_revenue_growth_yoy;price;price_tv;resistance;revenue_growth_yoy;rsi14;rvol20;shares_change_6m_pct;sma150;sma200;sma50;week52_high,TradingView MCP + Finviz via finvizfinance screener views,2026-09-17T23:42:18+02:00,2026-08-11,,37,NORMAL,
ROAD,Construction Partners Inc,tradingview_gates,price_above_sma50;sma50_above_sma150;ema21_above_ema50;within_25pct_52w_high;rsi14;performance_21d,,price_min;market_cap_min;avg_volume_min;price_above_sma50;sma50_above_sma150;sma150_above_sma200;ema21_above_ema50;within_25pct_52w_high;rsi14;atr_pct;rvol20_data_available;performance_21d;distance_resistance_hard;no_extended_move_10d;revenue_growth;eps_growth;eps_next_year;operating_margin;earnings_window;market_regime_allows_new_entries,True,"{'price': 94.62, 'price_tv': 94.62, 'price_finviz': 94.62, 'sma50': 105.9385, 'sma150': 114.99426666666666, 'sma200': 114.4356, 'ema21': 102.44249763447951, 'ema50': 106.62076982395129, 'rsi14': 35.94699496496632, 'atr14': 4.4487110918274455, 'atr_pct': 4.70166042256124, 'rvol20': 0.978634221013928, 'performance_21d_pct': -16.66373084375551, 'distance_52w_high_pct': 37.33774834437086, 'distance_resistance_pct': 37.301838934686096, 'move_10d_pct': -6.437258973598325, 'structural_trend_pass': False}",pattern;previous_revenue_growth_yoy;shares_change_6m_pct,TradingView MCP + Finviz via finvizfinance screener views,2026-09-17T23:42:32+02:00,2026-08-07,,41,NORMAL,
SHAZ,SharonAI Holdings Inc,tradingview_gates,,price_above_sma50;sma50_above_sma150;sma150_above_sma200;ema21_above_ema50;within_25pct_52w_high;rsi14;atr_pct;rvol20_data_available;performance_21d;distance_resistance_hard;no_extended_move_10d;revenue_growth;eps_growth;operating_margin,price_min;market_cap_min;avg_volume_min;eps_next_year;earnings_window;market_regime_allows_new_entries,False,"{'price': None, 'price_tv': None, 'price_finviz': 56.72, 'sma50': None, 'sma150': None, 'sma200': None, 'ema21': None, 'ema50': None, 'rsi14': None, 'atr14': None, 'atr_pct': None, 'rvol20': None, 'performance_21d_pct': None, 'distance_52w_high_pct': None, 'distance_resistance_pct': None, 'move_10d_pct': None, 'structural_trend_pass': False}",atr14;atr_pct;distance_52w_high_pct;distance_resistance_pct;ema21;ema50;gross_margin;move_10d_pct;operating_margin;pattern;performance_21d_pct;previous_revenue_growth_yoy;price;price_tv;resistance;revenue_growth_yoy;rsi14;rvol20;shares_change_6m_pct;sma150;sma200;sma50;week52_high,TradingView MCP + Finviz via finvizfinance screener views,2026-09-17T23:42:46+02:00,2026-08-06,,42,NORMAL,
SHOP,Shopify Inc,tradingview_gates,price_above_sma50;sma150_above_sma200;within_25pct_52w_high;rsi14;performance_21d,,price_min;market_cap_min;avg_volume_min;price_above_sma50;sma50_above_sma150;sma150_above_sma200;ema21_above_ema50;within_25pct_52w_high;rsi14;atr_pct;rvol20_data_available;performance_21d;distance_resistance_hard;no_extended_move_10d;revenue_growth;eps_growth;eps_next_year;operating_margin;earnings_window;market_regime_allows_new_entries,True,"{'price': 128.6, 'price_tv': 128.6, 'price_finviz': 128.6, 'sma50': 135.9706, 'sma150': 123.29419999999999, 'sma200': 130.44905, 'ema21': 136.89414731794437, 'ema50': 134.89674612020198, 'rsi14': 40.60172031251743, 'atr14': 5.960035759854786, 'atr_pct': 4.634553468005277, 'rvol20': 0.9169415918232866, 'performance_21d_pct': -12.266339200436638, 'distance_52w_high_pct': 29.414347659037272, 'distance_resistance_pct': 23.538102643856927, 'move_10d_pct': -9.353633608232892, 'structural_trend_pass': False}",pattern;previous_revenue_growth_yoy;shares_change_6m_pct,TradingView MCP + Finviz via finvizfinance screener views,2026-09-17T23:43:00+02:00,2026-08-05,,43,NORMAL,
SMTC,Semtech Corp,tradingview_gates,performance_21d;distance_resistance_hard;no_extended_move_10d,,price_min;market_cap_min;avg_volume_min;price_above_sma50;sma50_above_sma150;sma150_above_sma200;ema21_above_ema50;within_25pct_52w_high;rsi14;atr_pct;rvol20_data_available;performance_21d;distance_resistance_hard;no_extended_move_10d;revenue_growth;eps_growth;eps_next_year;operating_margin;earnings_window;market_regime_allows_new_entries,True,"{'price': 178.19, 'price_tv': 178.19, 'price_finviz': 178.19, 'sma50': 135.8939, 'sma150': 122.26073333333333, 'sma200': 111.2092, 'ema21': 149.32579030324302, 'ema50': 141.50352757623054, 'rsi14': 65.0495400920878, 'atr14': 12.013971383562323, 'atr_pct': 6.7422253681813356, 'rvol20': 1.2776698072813262, 'performance_21d_pct': 31.76809879464617, 'distance_52w_high_pct': 2.1632899577225047, 'distance_resistance_pct': -4.063078736180486, 'move_10d_pct': 33.12663429211804, 'structural_trend_pass': True}",pattern;previous_revenue_growth_yoy;shares_change_6m_pct,TradingView MCP + Finviz via finvizfinance screener views,2026-09-17T23:43:05+02:00,2026-08-25,,23,NORMAL,
SNDK,Sandisk Corp,tradingview_gates,within_25pct_52w_high;rsi14;performance_21d,,price_min;market_cap_min;avg_volume_min;price_above_sma50;sma50_above_sma150;sma150_above_sma200;ema21_above_ema50;within_25pct_52w_high;rsi14;atr_pct;rvol20_data_available;performance_21d;distance_resistance_hard;no_extended_move_10d;revenue_growth;eps_growth;eps_next_year;operating_margin;earnings_window;market_regime_allows_new_entries,True,"{'price': 1614.39, 'price_tv': 1614.39, 'price_finviz': 1614.39, 'sma50': 1505.5303, 'sma150': 1291.8705, 'sma200': 1060.3298750000001, 'ema21': 1577.250762435769, 'ema50': 1550.6541471415253, 'rsi14': 52.84955254941609, 'atr14': 111.4923420389831, 'atr_pct': 6.906159108950321, 'rvol20': 0.778991170926193, 'performance_21d_pct': -0.7005867952613487, 'distance_52w_high_pct': 31.43064366696442, 'distance_resistance_pct': 45.44186968452478, 'move_10d_pct': 3.926226342217065, 'structural_trend_pass': True}",pattern;previous_revenue_growth_yoy;shares_change_6m_pct,TradingView MCP + Finviz via finvizfinance screener views,2026-09-17T23:43:20+02:00,2026-08-05,,43,NORMAL,
SNPS,Synopsys Inc,tradingview_gates,price_above_sma50;sma50_above_sma150;sma150_above_sma200;ema21_above_ema50;within_25pct_52w_high;rsi14;performance_21d,,price_min;market_cap_min;avg_volume_min;price_above_sma50;sma50_above_sma150;sma150_above_sma200;ema21_above_ema50;within_25pct_52w_high;rsi14;atr_pct;rvol20_data_available;performance_21d;distance_resistance_hard;no_extended_move_10d;revenue_growth;eps_growth;eps_next_year;operating_margin;earnings_window;market_regime_allows_new_entries,True,"{'price': 381.17, 'price_tv': 381.17, 'price_finviz': 381.17, 'sma50': 403.32660000000004, 'sma150': 436.862, 'sma200': 446.744475, 'ema21': 398.273725088034, 'ema50': 410.1417777334523, 'rsi14': 41.32463850754674, 'atr14': 15.091452548001014, 'atr_pct': 3.9592445753865766, 'rvol20': 0.8135648720073968, 'performance_21d_pct': -5.746643258079676, 'distance_52w_high_pct': 29.34492474234448, 'distance_resistance_pct': 25.875593567174747, 'move_10d_pct': -8.365987931822005, 'structural_trend_pass': False}",pattern;previous_revenue_growth_yoy;shares_change_6m_pct,TradingView MCP + Finviz via finvizfinance screener views,2026-09-17T23:43:34+02:00,2026-08-26,,22,NORMAL,
SOFI,SoFi Technologies Inc,tradingview_gates,price_above_sma50;sma150_above_sma200;ema21_above_ema50;within_25pct_52w_high;rsi14;performance_21d,,price_min;market_cap_min;avg_volume_min;price_above_sma50;sma50_above_sma150;sma150_above_sma200;ema21_above_ema50;within_25pct_52w_high;rsi14;atr_pct;rvol20_data_available;performance_21d;distance_resistance_hard;no_extended_move_10d;revenue_growth;eps_growth;eps_next_year;operating_margin;earnings_window;market_regime_allows_new_entries,True,"{'price': 16.73, 'price_tv': 16.73, 'price_finviz': 16.73, 'sma50': 17.749000000000002, 'sma150': 17.477166666666665, 'sma200': 19.576025, 'ema21': 17.627206268685594, 'ema50': 17.700354067877665, 'rsi14': 41.43171949374146, 'atr14': 0.7402971331351349, 'atr_pct': 4.4249679207121035, 'rvol20': 1.0760451633433157, 'performance_21d_pct': -5.266138165345414, 'distance_52w_high_pct': 48.884815154292696, 'distance_resistance_pct': 17.99163179916317, 'move_10d_pct': -6.221973094170396, 'structural_trend_pass': False}",pattern;previous_revenue_growth_yoy;shares_change_6m_pct,TradingView MCP + Finviz via finvizfinance screener views,2026-09-17T23:43:48+02:00,2026-07-29,,50,NORMAL,
SPCX,Space Exploration Technologies Corp,tradingview_gates,,price_above_sma50;sma50_above_sma150;sma150_above_sma200;ema21_above_ema50;within_25pct_52w_high;rsi14;atr_pct;rvol20_data_available;performance_21d;distance_resistance_hard;no_extended_move_10d;revenue_growth;eps_growth;operating_margin,price_min;market_cap_min;avg_volume_min;eps_next_year;earnings_window;market_regime_allows_new_entries,False,"{'price': None, 'price_tv': None, 'price_finviz': 154.81, 'sma50': None, 'sma150': None, 'sma200': None, 'ema21': None, 'ema50': None, 'rsi14': None, 'atr14': None, 'atr_pct': None, 'rvol20': None, 'performance_21d_pct': None, 'distance_52w_high_pct': None, 'distance_resistance_pct': None, 'move_10d_pct': None, 'structural_trend_pass': False}",atr14;atr_pct;distance_52w_high_pct;distance_resistance_pct;ema21;ema50;eps_growth_yoy;gross_margin;move_10d_pct;operating_margin;pattern;performance_21d_pct;previous_revenue_growth_yoy;price;price_tv;resistance;revenue_growth_yoy;rsi14;rvol20;shares_change_6m_pct;sma150;sma200;sma50;week52_high,TradingView MCP + Finviz via finvizfinance screener views,2026-09-17T23:43:54+02:00,2026-08-04,,44,NORMAL,
STRC,Strategy Inc - VR PRF PERPETUAL USD 100 - Ser A,tradingview_gates,sma50_above_sma150;sma150_above_sma200;atr_pct;distance_resistance_hard,revenue_growth;eps_growth;operating_margin;earnings_window,price_min;market_cap_min;avg_volume_min;price_above_sma50;sma50_above_sma150;sma150_above_sma200;ema21_above_ema50;within_25pct_52w_high;rsi14;atr_pct;rvol20_data_available;performance_21d;distance_resistance_hard;no_extended_move_10d;eps_next_year;market_regime_allows_new_entries,True,"{'price': 98.13, 'price_tv': 98.13, 'price_finviz': 98.13, 'sma50': 93.2052, 'sma150': 95.83106666666667, 'sma200': 96.59825000000001, 'ema21': 96.91200417850922, 'ema50': 94.95964711502623, 'rsi14': 60.857926317801834, 'atr14': 1.0534651225489122, 'atr_pct': 1.0735403266574057, 'rvol20': 0.6857007039517615, 'performance_21d_pct': 4.382512498670343, 'distance_52w_high_pct': 2.278670599552674, 'distance_resistance_pct': 0.9171507184347352, 'move_10d_pct': 1.0919954671886334, 'structural_trend_pass': False}",eps_growth_yoy;gross_margin;operating_margin;pattern;previous_revenue_growth_yoy;revenue_growth_yoy;shares_change_6m_pct,TradingView MCP + Finviz via finvizfinance screener views,2026-09-17T23:44:08+02:00,,,,UNKNOWN,
STRL,Sterling Infrastructure Inc,tradingview_gates,price_above_sma50;sma50_above_sma150;ema21_above_ema50;within_25pct_52w_high;rsi14;performance_21d,,price_min;market_cap_min;avg_volume_min;price_above_sma50;sma50_above_sma150;sma150_above_sma200;ema21_above_ema50;within_25pct_52w_high;rsi14;atr_pct;rvol20_data_available;performance_21d;distance_resistance_hard;no_extended_move_10d;revenue_growth;eps_growth;eps_next_year;operating_margin;earnings_window;market_regime_allows_new_entries,True,"{'price': 505.72, 'price_tv': 505.72, 'price_finviz': 505.72, 'sma50': 558.1645, 'sma150': 592.4603, 'sma200': 528.946325, 'ema21': 500.16713625672315, 'ema50': 554.4627211926121, 'rsi14': 48.80683087065875, 'atr14': 31.478604095917397, 'atr_pct': 6.2245123973577074, 'rvol20': 1.2063061093583145, 'performance_21d_pct': -8.839858677626356, 'distance_52w_high_pct': 49.71363660137686, 'distance_resistance_pct': 83.07363758601596, 'move_10d_pct': 10.515734265734267, 'structural_trend_pass': False}",pattern;previous_revenue_growth_yoy;shares_change_6m_pct,TradingView MCP + Finviz via finvizfinance screener views,2026-09-17T23:44:22+02:00,2026-08-03,,45,NORMAL,
STX,Seagate Technology Holdings Plc,tradingview_gates,price_above_sma50;ema21_above_ema50;within_25pct_52w_high;rsi14;performance_21d,,price_min;market_cap_min;avg_volume_min;price_above_sma50;sma50_above_sma150;sma150_above_sma200;ema21_above_ema50;within_25pct_52w_high;rsi14;atr_pct;rvol20_data_available;performance_21d;distance_resistance_hard;no_extended_move_10d;revenue_growth;eps_growth;eps_next_year;operating_margin;earnings_window;market_regime_allows_new_entries,True,"{'price': 803.13, 'price_tv': 803.13, 'price_finviz': 803.13, 'sma50': 843.9592, 'sma150': 712.7081, 'sma200': 616.3761, 'ema21': 831.0335780972287, 'ema50': 838.7454086743339, 'rsi14': 45.454634640755636, 'atr14': 50.75804029477718, 'atr_pct': 6.320027927580489, 'rvol20': 1.4078725040668638, 'performance_21d_pct': -11.126726274787535, 'distance_52w_high_pct': 29.85764192139738, 'distance_resistance_pct': 38.33376912828558, 'move_10d_pct': -0.6691072797882613, 'structural_trend_pass': False}",pattern;previous_revenue_growth_yoy;shares_change_6m_pct,TradingView MCP + Finviz via finvizfinance screener views,2026-09-17T23:44:36+02:00,2026-07-28,,51,NORMAL,
TER,Teradyne Inc,tradingview_gates,price_above_sma50;ema21_above_ema50;within_25pct_52w_high;rsi14;performance_21d,,price_min;market_cap_min;avg_volume_min;price_above_sma50;sma50_above_sma150;sma150_above_sma200;ema21_above_ema50;within_25pct_52w_high;rsi14;atr_pct;rvol20_data_available;performance_21d;distance_resistance_hard;no_extended_move_10d;revenue_growth;eps_growth;eps_next_year;operating_margin;earnings_window;market_regime_allows_new_entries,True,"{'price': 353.13, 'price_tv': 353.13, 'price_finviz': 353.13, 'sma50': 364.08029999999997, 'sma150': 357.2151666666667, 'sma200': 323.89135, 'ema21': 359.55401874903214, 'ema50': 366.5118116961757, 'rsi14': 47.53812631481423, 'atr14': 21.91018428680183, 'atr_pct': 6.2045661050609775, 'rvol20': 1.0689906255862167, 'performance_21d_pct': -12.65428281678993, 'distance_52w_high_pct': 27.62394703941301, 'distance_resistance_pct': 38.16724718942034, 'move_10d_pct': 3.3692406767753535, 'structural_trend_pass': False}",pattern;previous_revenue_growth_yoy;shares_change_6m_pct,TradingView MCP + Finviz via finvizfinance screener views,2026-09-17T23:44:51+02:00,2026-07-28,,51,NORMAL,
TPG,TPG Inc,tradingview_gates,price_above_sma50;sma150_above_sma200;within_25pct_52w_high;rsi14;performance_21d,,price_min;market_cap_min;avg_volume_min;price_above_sma50;sma50_above_sma150;sma150_above_sma200;ema21_above_ema50;within_25pct_52w_high;rsi14;atr_pct;rvol20_data_available;performance_21d;distance_resistance_hard;no_extended_move_10d;revenue_growth;eps_growth;eps_next_year;operating_margin;earnings_window;market_regime_allows_new_entries,True,"{'price': 46.22, 'price_tv': 46.22, 'price_finviz': 46.22, 'sma50': 48.110699999999994, 'sma150': 44.214000000000006, 'sma200': 48.810575, 'ema21': 49.46436366474293, 'ema50': 48.351236447336966, 'rsi14': 36.310390372182624, 'atr14': 1.8562091818402042, 'atr_pct': 4.0160302506278756, 'rvol20': 1.077499152156811, 'performance_21d_pct': -11.149557862360638, 'distance_52w_high_pct': 34.327934072179595, 'distance_resistance_pct': 20.07788836001731, 'move_10d_pct': -11.659021406727831, 'structural_trend_pass': False}",pattern;previous_revenue_growth_yoy;shares_change_6m_pct,TradingView MCP + Finviz via finvizfinance screener views,2026-09-17T23:44:56+02:00,2026-08-04,,44,NORMAL,
TSEM,Tower Semiconductor Ltd,tradingview_gates,price_above_sma50;ema21_above_ema50;within_25pct_52w_high;rsi14;performance_21d,,price_min;market_cap_min;avg_volume_min;price_above_sma50;sma50_above_sma150;sma150_above_sma200;ema21_above_ema50;within_25pct_52w_high;rsi14;atr_pct;rvol20_data_available;performance_21d;distance_resistance_hard;no_extended_move_10d;revenue_growth;eps_growth;eps_next_year;operating_margin;earnings_window;market_regime_allows_new_entries,True,"{'price': 219.24, 'price_tv': 219.24, 'price_finviz': 219.24, 'sma50': 226.4193, 'sma150': 212.49103333333332, 'sma200': 190.521575, 'ema21': 213.91735166243802, 'ema50': 223.2368200291049, 'rsi14': 51.11912211747584, 'atr14': 13.990787678832394, 'atr_pct': 6.381494106382227, 'rvol20': 1.8591590894140422, 'performance_21d_pct': -8.858865100810643, 'distance_52w_high_pct': 31.474651497155715, 'distance_resistance_pct': 33.79857690202516, 'move_10d_pct': 6.010347662105309, 'structural_trend_pass': False}",pattern;previous_revenue_growth_yoy;shares_change_6m_pct,TradingView MCP + Finviz via finvizfinance screener views,2026-09-17T23:45:02+02:00,2026-08-04,,44,NORMAL,
TTMI,TTM Technologies Inc,tradingview_gates,price_above_sma50;sma50_above_sma150;ema21_above_ema50;within_25pct_52w_high;rsi14;performance_21d,,price_min;market_cap_min;avg_volume_min;price_above_sma50;sma50_above_sma150;sma150_above_sma200;ema21_above_ema50;within_25pct_52w_high;rsi14;atr_pct;rvol20_data_available;performance_21d;distance_resistance_hard;no_extended_move_10d;revenue_growth;eps_growth;eps_next_year;operating_margin;earnings_window;market_regime_allows_new_entries,True,"{'price': 114.77, 'price_tv': 114.77, 'price_finviz': 114.77, 'sma50': 126.46709999999999, 'sma150': 135.73436666666666, 'sma200': 122.35445, 'ema21': 120.39999732946241, 'ema50': 129.23157074328108, 'rsi14': 43.4253774029811, 'atr14': 8.401850410743265, 'atr_pct': 7.320598075057301, 'rvol20': 0.670514889015779, 'performance_21d_pct': -8.702569405775195, 'distance_52w_high_pct': 48.7244783987848, 'distance_resistance_pct': 91.51346170602075, 'move_10d_pct': -0.7179930795847778, 'structural_trend_pass': False}",pattern;previous_revenue_growth_yoy;shares_change_6m_pct,TradingView MCP + Finviz via finvizfinance screener views,2026-09-17T23:45:16+02:00,2026-08-05,,43,NORMAL,
TXN,Texas Instruments Inc,tradingview_gates,price_above_sma50;ema21_above_ema50;rsi14;performance_21d,,price_min;market_cap_min;avg_volume_min;price_above_sma50;sma50_above_sma150;sma150_above_sma200;ema21_above_ema50;within_25pct_52w_high;rsi14;atr_pct;rvol20_data_available;performance_21d;distance_resistance_hard;no_extended_move_10d;revenue_growth;eps_growth;eps_next_year;operating_margin;earnings_window;market_regime_allows_new_entries,True,"{'price': 258.14, 'price_tv': 258.14, 'price_finviz': 258.14, 'sma50': 274.73220000000003, 'sma150': 260.7522666666666, 'sma200': 243.4289, 'ema21': 263.4763570786426, 'ema50': 270.84498959810605, 'rsi14': 42.95874100792878, 'atr14': 8.819397475258366, 'atr_pct': 3.41651719038443, 'rvol20': 1.234673486719368, 'performance_21d_pct': -5.179253599764921, 'distance_52w_high_pct': 22.71951621111876, 'distance_resistance_pct': 22.642751995041447, 'move_10d_pct': 1.3108320251177252, 'structural_trend_pass': False}",pattern;previous_revenue_growth_yoy;shares_change_6m_pct,TradingView MCP + Finviz via finvizfinance screener views,2026-09-17T23:45:30+02:00,2026-07-22,,57,NORMAL,
VIAV,Viavi Solutions Inc,tradingview_gates,price_above_sma50;sma50_above_sma150;ema21_above_ema50;within_25pct_52w_high;rsi14;performance_21d,,price_min;market_cap_min;avg_volume_min;price_above_sma50;sma50_above_sma150;sma150_above_sma200;ema21_above_ema50;within_25pct_52w_high;rsi14;atr_pct;rvol20_data_available;performance_21d;distance_resistance_hard;no_extended_move_10d;revenue_growth;eps_growth;eps_next_year;operating_margin;earnings_window;market_regime_allows_new_entries,True,"{'price': 34.74, 'price_tv': 34.74, 'price_finviz': 34.74, 'sma50': 38.532199999999996, 'sma150': 40.836733333333335, 'sma200': 35.595, 'ema21': 36.73372718629247, 'ema50': 38.86699131236196, 'rsi14': 43.47907941925911, 'atr14': 2.4436354760565933, 'atr_pct': 7.0340687278543275, 'rvol20': 0.9279778297109391, 'performance_21d_pct': -16.026105873821596, 'distance_52w_high_pct': 42.51199735230845, 'distance_resistance_pct': 48.9061600460564, 'move_10d_pct': 0.6956521739130528, 'structural_trend_pass': False}",pattern;previous_revenue_growth_yoy;shares_change_6m_pct,TradingView MCP + Finviz via finvizfinance screener views,2026-09-17T23:45:44+02:00,2026-08-05,,43,NORMAL,
WDC,Western Digital Corp,tradingview_gates,price_above_sma50;ema21_above_ema50;within_25pct_52w_high;rsi14;performance_21d,,price_min;market_cap_min;avg_volume_min;price_above_sma50;sma50_above_sma150;sma150_above_sma200;ema21_above_ema50;within_25pct_52w_high;rsi14;atr_pct;rvol20_data_available;performance_21d;distance_resistance_hard;no_extended_move_10d;revenue_growth;eps_growth;eps_next_year;operating_margin;earnings_window;market_regime_allows_new_entries,True,"{'price': 423.87, 'price_tv': 423.87, 'price_finviz': 423.87, 'sma50': 484.44190000000003, 'sma150': 442.53799999999995, 'sma200': 384.483375, 'ema21': 452.4978840580896, 'ema50': 476.4021100484822, 'rsi14': 40.866745959459415, 'atr14': 28.880115553966583, 'atr_pct': 6.813437033516546, 'rvol20': 1.1820043484760203, 'performance_21d_pct': -14.569896807481463, 'distance_52w_high_pct': 47.00763874129546, 'distance_resistance_pct': 71.98669403354802, 'move_10d_pct': -5.5758520828692255, 'structural_trend_pass': False}",pattern;previous_revenue_growth_yoy;shares_change_6m_pct,TradingView MCP + Finviz via finvizfinance screener views,2026-09-17T23:45:50+02:00,2026-08-05,,43,NORMAL,
XE,X-Energy Inc,tradingview_gates,,price_above_sma50;sma50_above_sma150;sma150_above_sma200;ema21_above_ema50;within_25pct_52w_high;rsi14;atr_pct;rvol20_data_available;performance_21d;distance_resistance_hard;no_extended_move_10d;revenue_growth;eps_growth;operating_margin,price_min;market_cap_min;avg_volume_min;eps_next_year;earnings_window;market_regime_allows_new_entries,False,"{'price': None, 'price_tv': None, 'price_finviz': 16.33, 'sma50': None, 'sma150': None, 'sma200': None, 'ema21': None, 'ema50': None, 'rsi14': None, 'atr14': None, 'atr_pct': None, 'rvol20': None, 'performance_21d_pct': None, 'distance_52w_high_pct': None, 'distance_resistance_pct': None, 'move_10d_pct': None, 'structural_trend_pass': False}",atr14;atr_pct;distance_52w_high_pct;distance_resistance_pct;ema21;ema50;eps_growth_yoy;gross_margin;move_10d_pct;operating_margin;pattern;performance_21d_pct;previous_revenue_growth_yoy;price;price_tv;resistance;revenue_growth_yoy;rsi14;rvol20;shares_change_6m_pct;sma150;sma200;sma50;week52_high,TradingView MCP + Finviz via finvizfinance screener views,2026-09-17T23:46:04+02:00,2026-08-13,,35,NORMAL,
