ticker,name,exclusion_stage,failed_gates,unverifiable_gates,gates_evaluated,technical_gates_evaluated,values,missing_fields,source,retrieved_at,earnings_date,days_to_earnings,days_since_earnings,earnings_state,gate_distance
ABVX,Abivax ADR,finviz_prefilter,adr,,,False,"{'industry': 'Biotechnology', 'price_finviz': 118.64}",,Finviz via finvizfinance screener views,2026-09-11T23:30:27+02:00,,,,,
APGE,Apogee Therapeutics Inc,finviz_prefilter,biotech_pre_revenue,,,False,"{'industry': 'Biotechnology', 'price_finviz': 135.07}",,Finviz via finvizfinance screener views,2026-09-11T23:30:27+02:00,,,,,
ARM,Arm Holdings Plc ADR,finviz_prefilter,adr,,,False,"{'industry': 'Semiconductors', 'price_finviz': 264.79}",,Finviz via finvizfinance screener views,2026-09-11T23:30:27+02:00,,,,,
ATAT,Atour Lifestyle Holdings Ltd ADR,finviz_prefilter,adr,,,False,"{'industry': 'Lodging', 'price_finviz': 32.41}",,Finviz via finvizfinance screener views,2026-09-11T23:30:27+02:00,,,,,
BIDU,Baidu Inc ADR,finviz_prefilter,adr,,,False,"{'industry': 'Internet Content & Information', 'price_finviz': 91.4}",,Finviz via finvizfinance screener views,2026-09-11T23:30:27+02:00,,,,,
BILI,Bilibili Inc ADR,finviz_prefilter,adr,,,False,"{'industry': 'Internet Content & Information', 'price_finviz': 15.54}",,Finviz via finvizfinance screener views,2026-09-11T23:30:27+02:00,,,,,
BNTX,BioNTech SE ADR,finviz_prefilter,adr,,,False,"{'industry': 'Biotechnology', 'price_finviz': 96.73}",,Finviz via finvizfinance screener views,2026-09-11T23:30:27+02:00,,,,,
BZ,Kanzhun Ltd ADR,finviz_prefilter,adr,,,False,"{'industry': 'Internet Content & Information', 'price_finviz': 16.44}",,Finviz via finvizfinance screener views,2026-09-11T23:30:27+02:00,,,,,
CELC,Celcuity Inc,finviz_prefilter,biotech_pre_revenue,,,False,"{'industry': 'Biotechnology', 'price_finviz': 83.45}",,Finviz via finvizfinance screener views,2026-09-11T23:30:27+02:00,,,,,
COGT,Cogent Biosciences Inc,finviz_prefilter,biotech_pre_revenue,,,False,"{'industry': 'Biotechnology', 'price_finviz': 33.41}",,Finviz via finvizfinance screener views,2026-09-11T23:30:27+02:00,,,,,
DFTX,Definium Therapeutics Inc,finviz_prefilter,biotech_pre_revenue,,,False,"{'industry': 'Biotechnology', 'price_finviz': 38.89}",,Finviz via finvizfinance screener views,2026-09-11T23:30:27+02:00,,,,,
DYN,Dyne Therapeutics Inc,finviz_prefilter,biotech_pre_revenue,,,False,"{'industry': 'Biotechnology', 'price_finviz': 18.21}",,Finviz via finvizfinance screener views,2026-09-11T23:30:27+02:00,,,,,
ELVN,Enliven Therapeutics Inc,finviz_prefilter,biotech_pre_revenue,,,False,"{'industry': 'Biotechnology', 'price_finviz': 54.32}",,Finviz via finvizfinance screener views,2026-09-11T23:30:27+02:00,,,,,
ERAS,Erasca Inc,finviz_prefilter,biotech_pre_revenue,,,False,"{'industry': 'Biotechnology', 'price_finviz': 15.88}",,Finviz via finvizfinance screener views,2026-09-11T23:30:27+02:00,,,,,
EWTX,Edgewise Therapeutics Inc,finviz_prefilter,biotech_pre_revenue,,,False,"{'industry': 'Biotechnology', 'price_finviz': 44.4}",,Finviz via finvizfinance screener views,2026-09-11T23:30:27+02:00,,,,,
FUTU,Futu Holdings Ltd ADR,finviz_prefilter,adr,,,False,"{'industry': 'Capital Markets', 'price_finviz': 112.73}",,Finviz via finvizfinance screener views,2026-09-11T23:30:27+02:00,,,,,
GDS,GDS Holdings Limited ADR,finviz_prefilter,adr,,,False,"{'industry': 'Information Technology Services', 'price_finviz': 30.82}",,Finviz via finvizfinance screener views,2026-09-11T23:30:27+02:00,,,,,
GENB,Generate Biomedicines Inc,finviz_prefilter,biotech_pre_revenue,,,False,"{'industry': 'Biotechnology', 'price_finviz': 15.72}",,Finviz via finvizfinance screener views,2026-09-11T23:30:27+02:00,,,,,
GGAL,Grupo Financiero Galicia ADR,finviz_prefilter,adr,,,False,"{'industry': 'Banks - Regional', 'price_finviz': 43.86}",,Finviz via finvizfinance screener views,2026-09-11T23:30:27+02:00,,,,,
GMAB,Genmab ADR,finviz_prefilter,adr,,,False,"{'industry': 'Biotechnology', 'price_finviz': 32.47}",,Finviz via finvizfinance screener views,2026-09-11T23:30:27+02:00,,,,,
GPCR,Structure Therapeutics Inc ADR,finviz_prefilter,adr,,,False,"{'industry': 'Biotechnology', 'price_finviz': 38.66}",,Finviz via finvizfinance screener views,2026-09-11T23:30:27+02:00,,,,,
HSAI,Hesai Group ADR,finviz_prefilter,adr,,,False,"{'industry': 'Auto Parts', 'price_finviz': 17.31}",,Finviz via finvizfinance screener views,2026-09-11T23:30:27+02:00,,,,,
HTHT,H World Group Limited ADR,finviz_prefilter,adr,,,False,"{'industry': 'Lodging', 'price_finviz': 42.66}",,Finviz via finvizfinance screener views,2026-09-11T23:30:27+02:00,,,,,
IMVT,Immunovant Inc,finviz_prefilter,biotech_pre_revenue,,,False,"{'industry': 'Biotechnology', 'price_finviz': 37.36}",,Finviz via finvizfinance screener views,2026-09-11T23:30:27+02:00,,,,,
JD,JD.com Inc ADR,finviz_prefilter,adr,,,False,"{'industry': 'Internet Retail', 'price_finviz': 27.06}",,Finviz via finvizfinance screener views,2026-09-11T23:30:27+02:00,,,,,
LEGN,Legend Biotech Corp ADR,finviz_prefilter,adr,,,False,"{'industry': 'Biotechnology', 'price_finviz': 18.64}",,Finviz via finvizfinance screener views,2026-09-11T23:30:27+02:00,,,,,
MLYS,Mineralys Therapeutics Inc,finviz_prefilter,biotech_pre_revenue,,,False,"{'industry': 'Biotechnology', 'price_finviz': 28.2}",,Finviz via finvizfinance screener views,2026-09-11T23:30:27+02:00,,,,,
NTES,NetEase Inc ADR,finviz_prefilter,adr,,,False,"{'industry': 'Electronic Gaming & Multimedia', 'price_finviz': 115.61}",,Finviz via finvizfinance screener views,2026-09-11T23:30:27+02:00,,,,,
ORKA,Oruka Therapeutics Inc,finviz_prefilter,biotech_pre_revenue,,,False,"{'industry': 'Biotechnology', 'price_finviz': 92.38}",,Finviz via finvizfinance screener views,2026-09-11T23:30:27+02:00,,,,,
PAYP,PayPay Corp ADR,finviz_prefilter,adr,,,False,"{'industry': 'Software - Infrastructure', 'price_finviz': 18.45}",,Finviz via finvizfinance screener views,2026-09-11T23:30:27+02:00,,,,,
PCVX,Vaxcyte Inc,finviz_prefilter,biotech_pre_revenue,,,False,"{'industry': 'Biotechnology', 'price_finviz': 59.47}",,Finviz via finvizfinance screener views,2026-09-11T23:30:27+02:00,,,,,
PDD,PDD Holdings Inc ADR,finviz_prefilter,adr,,,False,"{'industry': 'Internet Retail', 'price_finviz': 77.81}",,Finviz via finvizfinance screener views,2026-09-11T23:30:27+02:00,,,,,
RVMD,Revolution Medicines Inc,finviz_prefilter,biotech_pre_revenue,,,False,"{'industry': 'Biotechnology', 'price_finviz': 203.77}",,Finviz via finvizfinance screener views,2026-09-11T23:30:27+02:00,,,,,
RYAAY,Ryanair Holdings Plc ADR,finviz_prefilter,adr,,,False,"{'industry': 'Airlines', 'price_finviz': 53.8}",,Finviz via finvizfinance screener views,2026-09-11T23:30:27+02:00,,,,,
SIMO,Silicon Motion Technology Corp ADR,finviz_prefilter,adr,,,False,"{'industry': 'Semiconductors', 'price_finviz': 284.48}",,Finviz via finvizfinance screener views,2026-09-11T23:30:27+02:00,,,,,
SKHY,SK Hynix Inc ADR,finviz_prefilter,adr,,,False,"{'industry': 'Semiconductors', 'price_finviz': 190.07}",,Finviz via finvizfinance screener views,2026-09-11T23:30:27+02:00,,,,,
SMMT,Summit Therapeutics Inc,finviz_prefilter,biotech_pre_revenue,,,False,"{'industry': 'Biotechnology', 'price_finviz': 17.55}",,Finviz via finvizfinance screener views,2026-09-11T23:30:27+02:00,,,,,
SNY,Sanofi ADR,finviz_prefilter,adr,,,False,"{'industry': 'Drug Manufacturers - General', 'price_finviz': 42.77}",,Finviz via finvizfinance screener views,2026-09-11T23:30:27+02:00,,,,,
SRRK,Scholar Rock Holding Corp,finviz_prefilter,biotech_pre_revenue,,,False,"{'industry': 'Biotechnology', 'price_finviz': 55.41}",,Finviz via finvizfinance screener views,2026-09-11T23:30:27+02:00,,,,,
SYRE,Spyre Therapeutics Inc,finviz_prefilter,biotech_pre_revenue,,,False,"{'industry': 'Biotechnology', 'price_finviz': 90.6}",,Finviz via finvizfinance screener views,2026-09-11T23:30:27+02:00,,,,,
TCOM,Trip.com Group Ltd ADR,finviz_prefilter,adr,,,False,"{'industry': 'Travel Services', 'price_finviz': 39.02}",,Finviz via finvizfinance screener views,2026-09-11T23:30:27+02:00,,,,,
TRVI,Trevi Therapeutics Inc,finviz_prefilter,biotech_pre_revenue,,,False,"{'industry': 'Biotechnology', 'price_finviz': 15.9}",,Finviz via finvizfinance screener views,2026-09-11T23:30:27+02:00,,,,,
VERA,Vera Therapeutics Inc,finviz_prefilter,biotech_pre_revenue,,,False,"{'industry': 'Biotechnology', 'price_finviz': 35.05}",,Finviz via finvizfinance screener views,2026-09-11T23:30:27+02:00,,,,,
VKTX,Viking Therapeutics Inc,finviz_prefilter,biotech_pre_revenue,,,False,"{'industry': 'Biotechnology', 'price_finviz': 31.98}",,Finviz via finvizfinance screener views,2026-09-11T23:30:27+02:00,,,,,
VOD,Vodafone Group plc ADR,finviz_prefilter,adr,,,False,"{'industry': 'Telecom Services', 'price_finviz': 17.4}",,Finviz via finvizfinance screener views,2026-09-11T23:30:27+02:00,,,,,
XENE,Xenon Pharmaceuticals Inc,finviz_prefilter,biotech_pre_revenue,,,False,"{'industry': 'Biotechnology', 'price_finviz': 58.65}",,Finviz via finvizfinance screener views,2026-09-11T23:30:27+02:00,,,,,
ZLAB,Zai Lab Limited ADR,finviz_prefilter,adr,,,False,"{'industry': 'Biotechnology', 'price_finviz': 24.14}",,Finviz via finvizfinance screener views,2026-09-11T23:30:27+02:00,,,,,
AAOI,Applied Optoelectronics Inc,finviz_prefilter,eps_growth;operating_margin,,price_min;market_cap_min;avg_volume_min;revenue_growth;eps_growth;eps_next_year;operating_margin;earnings_window,False,"{'revenue_growth_yoy': 86.42, 'eps_growth_yoy': -74.24, 'eps_next_year': 650.23, 'operating_margin': -11.31}",,Finviz via finvizfinance screener views,2026-09-11T23:30:27+02:00,2026-08-06,,36,NORMAL,
AAPL,Apple Inc,finviz_prefilter,revenue_growth;eps_growth;eps_next_year,,price_min;market_cap_min;avg_volume_min;revenue_growth;eps_growth;eps_next_year;operating_margin;earnings_window,False,"{'revenue_growth_yoy': 16.36, 'eps_growth_yoy': 29.13, 'eps_next_year': 8.52, 'operating_margin': 33.17}",,Finviz via finvizfinance screener views,2026-09-11T23:30:27+02:00,2026-07-30,,43,NORMAL,
ABNB,Airbnb Inc,finviz_prefilter,revenue_growth,,price_min;market_cap_min;avg_volume_min;revenue_growth;eps_growth;eps_next_year;operating_margin;earnings_window,False,"{'revenue_growth_yoy': 16.54, 'eps_growth_yoy': 33.06, 'eps_next_year': 17.38, 'operating_margin': 21.21}",,Finviz via finvizfinance screener views,2026-09-11T23:30:27+02:00,2026-08-06,,36,NORMAL,"{'failed_gate': 'revenue_growth', 'actual_value': 16.54, 'applicable_threshold': 20.0, 'distance_to_threshold': 3.460000000000001, 'distance_to_threshold_pct': 17.300000000000004, 'formula': 'minimo: distance = threshold - actual; pct = distance / abs(threshold) * 100'}"
ACAD,Acadia Pharmaceuticals Inc,finviz_prefilter,revenue_growth;eps_growth;operating_margin,,price_min;market_cap_min;avg_volume_min;revenue_growth;eps_growth;eps_next_year;operating_margin;earnings_window,False,"{'revenue_growth_yoy': 16.400000000000002, 'eps_growth_yoy': 15.24, 'eps_next_year': 48.25, 'operating_margin': 7.59}",,Finviz via finvizfinance screener views,2026-09-11T23:30:27+02:00,2026-08-04,,38,NORMAL,
ACGL,Arch Capital Group Ltd,finviz_prefilter,revenue_growth;eps_growth;eps_next_year,,price_min;market_cap_min;avg_volume_min;revenue_growth;eps_growth;eps_next_year;operating_margin;earnings_window,False,"{'revenue_growth_yoy': -11.459999999999999, 'eps_growth_yoy': -7.06, 'eps_next_year': 4.16, 'operating_margin': 25.11}",,Finviz via finvizfinance screener views,2026-09-11T23:30:27+02:00,2026-07-28,,45,NORMAL,
ACHC,Acadia Healthcare Company Inc,finviz_prefilter,revenue_growth;eps_growth,,price_min;market_cap_min;avg_volume_min;revenue_growth;eps_growth;eps_next_year;operating_margin;earnings_window,False,"{'revenue_growth_yoy': -0.38999999999999996, 'eps_growth_yoy': -64.09, 'eps_next_year': 19.39, 'operating_margin': 10.059999999999999}",,Finviz via finvizfinance screener views,2026-09-11T23:30:27+02:00,2026-07-28,,45,NORMAL,
ACIW,ACI Worldwide Inc,finviz_prefilter,revenue_growth;eps_next_year,,price_min;market_cap_min;avg_volume_min;revenue_growth;eps_growth;eps_next_year;operating_margin;earnings_window,False,"{'revenue_growth_yoy': 7.2700000000000005, 'eps_growth_yoy': 169.34, 'eps_next_year': 13.51, 'operating_margin': 19.02}",,Finviz via finvizfinance screener views,2026-09-11T23:30:27+02:00,2026-08-06,,36,NORMAL,
ADBE,Adobe Inc,finviz_prefilter,revenue_growth;eps_growth;eps_next_year,,price_min;market_cap_min;avg_volume_min;revenue_growth;eps_growth;eps_next_year;operating_margin;earnings_window,False,"{'revenue_growth_yoy': 12.889999999999999, 'eps_growth_yoy': 10.7, 'eps_next_year': 13.17, 'operating_margin': 36.35}",,Finviz via finvizfinance screener views,2026-09-11T23:30:27+02:00,2026-09-10,,1,PEAD_WINDOW,
ADEA,Adeia Inc,finviz_prefilter,revenue_growth;eps_growth;eps_next_year,,price_min;market_cap_min;avg_volume_min;revenue_growth;eps_growth;eps_next_year;operating_margin;earnings_window,False,"{'revenue_growth_yoy': 12.11, 'eps_growth_yoy': 1.81, 'eps_next_year': 13.13, 'operating_margin': 46.81}",,Finviz via finvizfinance screener views,2026-09-11T23:30:27+02:00,2026-08-03,,39,NORMAL,
ADP,Automatic Data Processing Inc,finviz_prefilter,revenue_growth;eps_growth;eps_next_year,,price_min;market_cap_min;avg_volume_min;revenue_growth;eps_growth;eps_next_year;operating_margin;earnings_window,False,"{'revenue_growth_yoy': 6.77, 'eps_growth_yoy': 9.62, 'eps_next_year': 9.22, 'operating_margin': 26.41}",,Finviz via finvizfinance screener views,2026-09-11T23:30:27+02:00,2026-07-29,,44,NORMAL,
ADPT,Adaptive Biotechnologies Corp,finviz_prefilter,eps_growth;operating_margin,,price_min;market_cap_min;avg_volume_min;revenue_growth;eps_growth;eps_next_year;operating_margin;earnings_window,False,"{'revenue_growth_yoy': 21.529999999999998, 'eps_growth_yoy': -47.8, 'eps_next_year': 67.66, 'operating_margin': -11.81}",,Finviz via finvizfinance screener views,2026-09-11T23:30:27+02:00,2026-07-29,,44,NORMAL,
ADSK,Autodesk Inc,finviz_prefilter,revenue_growth;eps_next_year,,price_min;market_cap_min;avg_volume_min;revenue_growth;eps_growth;eps_next_year;operating_margin;earnings_window,False,"{'revenue_growth_yoy': 16.78, 'eps_growth_yoy': 60.17, 'eps_next_year': 12.57, 'operating_margin': 23.39}",,Finviz via finvizfinance screener views,2026-09-11T23:30:27+02:00,2026-08-27,,15,PEAD_WINDOW,
AEHR,Aehr Test Systems,finviz_prefilter,operating_margin,,price_min;market_cap_min;avg_volume_min;revenue_growth;eps_growth;eps_next_year;operating_margin;earnings_window,False,"{'revenue_growth_yoy': 33.69, 'eps_growth_yoy': 143.11, 'eps_next_year': None, 'operating_margin': -28.29}",,Finviz via finvizfinance screener views,2026-09-11T23:30:27+02:00,2026-07-14,,59,NORMAL,"{'failed_gate': 'operating_margin', 'actual_value': -28.29, 'applicable_threshold': 8.0, 'distance_to_threshold': 36.29, 'distance_to_threshold_pct': 453.625, 'formula': 'minimo: distance = threshold - actual; pct = distance / abs(threshold) * 100'}"
AEP,American Electric Power Company Inc,finviz_prefilter,revenue_growth;eps_growth;eps_next_year,,price_min;market_cap_min;avg_volume_min;revenue_growth;eps_growth;eps_next_year;operating_margin;earnings_window,False,"{'revenue_growth_yoy': 6.79, 'eps_growth_yoy': -43.33, 'eps_next_year': 7.58, 'operating_margin': 23.330000000000002}",,Finviz via finvizfinance screener views,2026-09-11T23:30:27+02:00,2026-07-30,,43,NORMAL,
AGIO,Agios Pharmaceuticals Inc,finviz_prefilter,eps_growth;operating_margin,,price_min;market_cap_min;avg_volume_min;revenue_growth;eps_growth;eps_next_year;operating_margin;earnings_window,False,"{'revenue_growth_yoy': 259.25, 'eps_growth_yoy': 12.45, 'eps_next_year': 35.07, 'operating_margin': -466.78}",,Finviz via finvizfinance screener views,2026-09-11T23:30:27+02:00,2026-07-30,,43,NORMAL,
AKAM,Akamai Technologies Inc,finviz_prefilter,revenue_growth;eps_growth;eps_next_year,,price_min;market_cap_min;avg_volume_min;revenue_growth;eps_growth;eps_next_year;operating_margin;earnings_window,False,"{'revenue_growth_yoy': 5.38, 'eps_growth_yoy': -27.57, 'eps_next_year': 6.44, 'operating_margin': 11.92}",,Finviz via finvizfinance screener views,2026-09-11T23:30:27+02:00,2026-08-06,,36,NORMAL,
ALGM,Allegro Microsystems Inc,finviz_prefilter,operating_margin,,price_min;market_cap_min;avg_volume_min;revenue_growth;eps_growth;eps_next_year;operating_margin;earnings_window,False,"{'revenue_growth_yoy': 27.450000000000003, 'eps_growth_yoy': 217.85000000000002, 'eps_next_year': 46.01, 'operating_margin': 6.22}",,Finviz via finvizfinance screener views,2026-09-11T23:30:27+02:00,2026-07-30,,43,NORMAL,"{'failed_gate': 'operating_margin', 'actual_value': 6.22, 'applicable_threshold': 8.0, 'distance_to_threshold': 1.7800000000000002, 'distance_to_threshold_pct': 22.250000000000004, 'formula': 'minimo: distance = threshold - actual; pct = distance / abs(threshold) * 100'}"
ALGN,Align Technology Inc,finviz_prefilter,revenue_growth;eps_growth;eps_next_year,,price_min;market_cap_min;avg_volume_min;revenue_growth;eps_growth;eps_next_year;operating_margin;earnings_window,False,"{'revenue_growth_yoy': 4.32, 'eps_growth_yoy': -11.790000000000001, 'eps_next_year': 11.05, 'operating_margin': 18.38}",,Finviz via finvizfinance screener views,2026-09-11T23:30:27+02:00,2026-07-29,,44,NORMAL,
ALKS,Alkermes plc,finviz_prefilter,eps_growth,,price_min;market_cap_min;avg_volume_min;revenue_growth;eps_growth;eps_next_year;operating_margin;earnings_window,False,"{'revenue_growth_yoy': 26.97, 'eps_growth_yoy': -99.44, 'eps_next_year': 242.28, 'operating_margin': 8.62}",,Finviz via finvizfinance screener views,2026-09-11T23:30:27+02:00,2026-07-28,,45,NORMAL,"{'failed_gate': 'eps_growth', 'actual_value': -99.44, 'applicable_threshold': 30.0, 'distance_to_threshold': 129.44, 'distance_to_threshold_pct': 431.46666666666664, 'formula': 'minimo: distance = threshold - actual; pct = distance / abs(threshold) * 100'}"
ALKT,Alkami Technology Inc,finviz_prefilter,revenue_growth;operating_margin,,price_min;market_cap_min;avg_volume_min;revenue_growth;eps_growth;eps_next_year;operating_margin;earnings_window,False,"{'revenue_growth_yoy': 15.870000000000001, 'eps_growth_yoy': 36.61, 'eps_next_year': 38.22, 'operating_margin': -7.08}",,Finviz via finvizfinance screener views,2026-09-11T23:30:27+02:00,2026-07-29,,44,NORMAL,
ALM,Almonty Industries Inc,finviz_prefilter,operating_margin,,price_min;market_cap_min;avg_volume_min;revenue_growth;eps_growth;eps_next_year;operating_margin;earnings_window,False,"{'revenue_growth_yoy': 497.89000000000004, 'eps_growth_yoy': 235.56, 'eps_next_year': 125.38, 'operating_margin': 5.27}",,Finviz via finvizfinance screener views,2026-09-11T23:30:27+02:00,2026-08-11,,31,NORMAL,"{'failed_gate': 'operating_margin', 'actual_value': 5.27, 'applicable_threshold': 8.0, 'distance_to_threshold': 2.7300000000000004, 'distance_to_threshold_pct': 34.12500000000001, 'formula': 'minimo: distance = threshold - actual; pct = distance / abs(threshold) * 100'}"
AMBA,Ambarella Inc,finviz_prefilter,revenue_growth;operating_margin,,price_min;market_cap_min;avg_volume_min;revenue_growth;eps_growth;eps_next_year;operating_margin;earnings_window,False,"{'revenue_growth_yoy': 13.209999999999999, 'eps_growth_yoy': 67.66, 'eps_next_year': 31.23, 'operating_margin': -14.610000000000001}",,Finviz via finvizfinance screener views,2026-09-11T23:30:27+02:00,2026-09-03,,8,PEAD_WINDOW,
AMGN,AMGEN Inc,finviz_prefilter,revenue_growth;eps_next_year,,price_min;market_cap_min;avg_volume_min;revenue_growth;eps_growth;eps_next_year;operating_margin;earnings_window,False,"{'revenue_growth_yoy': 9.82, 'eps_growth_yoy': 64.92999999999999, 'eps_next_year': 5.83, 'operating_margin': 33.31}",,Finviz via finvizfinance screener views,2026-09-11T23:30:27+02:00,2026-08-04,,38,NORMAL,
AMKR,AMKOR Technology Inc,finviz_prefilter,eps_next_year,,price_min;market_cap_min;avg_volume_min;revenue_growth;eps_growth;eps_next_year;operating_margin;earnings_window,False,"{'revenue_growth_yoy': 25.580000000000002, 'eps_growth_yoy': 216.52999999999997, 'eps_next_year': 8.84, 'operating_margin': 8.92}",,Finviz via finvizfinance screener views,2026-09-11T23:30:27+02:00,2026-07-27,,46,NORMAL,"{'failed_gate': 'eps_next_year', 'actual_value': 8.84, 'applicable_threshold': 15.0, 'distance_to_threshold': 6.16, 'distance_to_threshold_pct': 41.06666666666667, 'formula': 'minimo: distance = threshold - actual; pct = distance / abs(threshold) * 100'}"
AMRX,Amneal Pharmaceuticals Inc,finviz_prefilter,revenue_growth,,price_min;market_cap_min;avg_volume_min;revenue_growth;eps_growth;eps_next_year;operating_margin;earnings_window,False,"{'revenue_growth_yoy': 9.89, 'eps_growth_yoy': 152.81, 'eps_next_year': 15.86, 'operating_margin': 15.299999999999999}",,Finviz via finvizfinance screener views,2026-09-11T23:30:27+02:00,2026-07-30,,43,NORMAL,"{'failed_gate': 'revenue_growth', 'actual_value': 9.89, 'applicable_threshold': 20.0, 'distance_to_threshold': 10.11, 'distance_to_threshold_pct': 50.55, 'formula': 'minimo: distance = threshold - actual; pct = distance / abs(threshold) * 100'}"
AMZN,Amazon.com Inc,finviz_prefilter,revenue_growth;eps_next_year,,price_min;market_cap_min;avg_volume_min;revenue_growth;eps_growth;eps_next_year;operating_margin;earnings_window,False,"{'revenue_growth_yoy': 19.62, 'eps_growth_yoy': 241.82999999999998, 'eps_next_year': -16.82, 'operating_margin': 12.68}",,Finviz via finvizfinance screener views,2026-09-11T23:30:27+02:00,2026-07-30,,43,NORMAL,
APA,APA Corp,finviz_prefilter,revenue_growth;eps_growth;eps_next_year,,price_min;market_cap_min;avg_volume_min;revenue_growth;eps_growth;eps_next_year;operating_margin;earnings_window,False,"{'revenue_growth_yoy': 8.95, 'eps_growth_yoy': 26.33, 'eps_next_year': -29.65, 'operating_margin': 41.32}",,Finviz via finvizfinance screener views,2026-09-11T23:30:27+02:00,2026-08-05,,37,NORMAL,
APLD,Applied Digital Corp,finviz_prefilter,eps_growth;operating_margin,,price_min;market_cap_min;avg_volume_min;revenue_growth;eps_growth;eps_next_year;operating_margin;earnings_window,False,"{'revenue_growth_yoy': 580.68, 'eps_growth_yoy': -62.41, 'eps_next_year': 74.77, 'operating_margin': -29.73}",,Finviz via finvizfinance screener views,2026-09-11T23:30:27+02:00,2026-07-27,,46,NORMAL,
APPN,Appian Corp,finviz_prefilter,revenue_growth;eps_growth;operating_margin,,price_min;market_cap_min;avg_volume_min;revenue_growth;eps_growth;eps_next_year;operating_margin;earnings_window,False,"{'revenue_growth_yoy': 19.11, 'eps_growth_yoy': -3759.52, 'eps_next_year': 31.1, 'operating_margin': 4.37}",,Finviz via finvizfinance screener views,2026-09-11T23:30:27+02:00,2026-08-06,,36,NORMAL,
ARCC,Ares Capital Corp,finviz_prefilter,revenue_growth;eps_growth;eps_next_year,,price_min;market_cap_min;avg_volume_min;revenue_growth;eps_growth;eps_next_year;operating_margin;earnings_window,False,"{'revenue_growth_yoy': -7.3, 'eps_growth_yoy': -54.14, 'eps_next_year': 1.46, 'operating_margin': 58.03}",,Finviz via finvizfinance screener views,2026-09-11T23:30:27+02:00,2026-07-29,,44,NORMAL,
ARQT,Arcutis Biotherapeutics Inc,finviz_prefilter,operating_margin,,price_min;market_cap_min;avg_volume_min;revenue_growth;eps_growth;eps_next_year;operating_margin;earnings_window,False,"{'revenue_growth_yoy': 59.330000000000005, 'eps_growth_yoy': 188.25, 'eps_next_year': 171.05, 'operating_margin': 7.380000000000001}",,Finviz via finvizfinance screener views,2026-09-11T23:30:27+02:00,2026-08-05,,37,NORMAL,"{'failed_gate': 'operating_margin', 'actual_value': 7.380000000000001, 'applicable_threshold': 8.0, 'distance_to_threshold': 0.6199999999999992, 'distance_to_threshold_pct': 7.74999999999999, 'formula': 'minimo: distance = threshold - actual; pct = distance / abs(threshold) * 100'}"
ARWR,Arrowhead Pharmaceuticals Inc,finviz_prefilter,eps_growth;eps_next_year;operating_margin,,price_min;market_cap_min;avg_volume_min;revenue_growth;eps_growth;eps_next_year;operating_margin;earnings_window,False,"{'revenue_growth_yoy': 171.01999999999998, 'eps_growth_yoy': -7.51, 'eps_next_year': -31.36, 'operating_margin': -33.82}",,Finviz via finvizfinance screener views,2026-09-11T23:30:27+02:00,2026-08-04,,38,NORMAL,
ASO,Academy Sports and Outdoors Inc,finviz_prefilter,revenue_growth;eps_growth;eps_next_year,,price_min;market_cap_min;avg_volume_min;revenue_growth;eps_growth;eps_next_year;operating_margin;earnings_window,False,"{'revenue_growth_yoy': 2.97, 'eps_growth_yoy': 17.1, 'eps_next_year': 5.5, 'operating_margin': 9.55}",,Finviz via finvizfinance screener views,2026-09-11T23:30:27+02:00,2026-09-09,,2,PEAD_WINDOW,
ASST,Strive Inc,finviz_prefilter,revenue_growth;eps_growth;operating_margin,,price_min;market_cap_min;avg_volume_min;revenue_growth;eps_growth;eps_next_year;operating_margin;earnings_window,False,"{'revenue_growth_yoy': -19.2, 'eps_growth_yoy': -10.31, 'eps_next_year': 123.47, 'operating_margin': -14415.58}",,Finviz via finvizfinance screener views,2026-09-11T23:30:27+02:00,2026-08-10,,32,NORMAL,
ASTS,AST SpaceMobile Inc,finviz_prefilter,eps_growth;operating_margin,,price_min;market_cap_min;avg_volume_min;revenue_growth;eps_growth;eps_next_year;operating_margin;earnings_window,False,"{'revenue_growth_yoy': 2626.64, 'eps_growth_yoy': -88.0, 'eps_next_year': 43.97, 'operating_margin': -410.26}",,Finviz via finvizfinance screener views,2026-09-11T23:30:27+02:00,2026-08-10,,32,NORMAL,
ATRC,Atricure Inc,finviz_prefilter,revenue_growth;operating_margin,,price_min;market_cap_min;avg_volume_min;revenue_growth;eps_growth;eps_next_year;operating_margin;earnings_window,False,"{'revenue_growth_yoy': 12.83, 'eps_growth_yoy': 241.25, 'eps_next_year': 291.48, 'operating_margin': 2.44}",,Finviz via finvizfinance screener views,2026-09-11T23:30:27+02:00,2026-07-23,,50,NORMAL,
AUPH,Aurinia Pharmaceuticals Inc,finviz_prefilter,revenue_growth,,price_min;market_cap_min;avg_volume_min;revenue_growth;eps_growth;eps_next_year;operating_margin;earnings_window,False,"{'revenue_growth_yoy': 18.87, 'eps_growth_yoy': 79.16, 'eps_next_year': 24.79, 'operating_margin': 45.15}",,Finviz via finvizfinance screener views,2026-09-11T23:30:27+02:00,2026-08-06,,36,NORMAL,"{'failed_gate': 'revenue_growth', 'actual_value': 18.87, 'applicable_threshold': 20.0, 'distance_to_threshold': 1.129999999999999, 'distance_to_threshold_pct': 5.649999999999995, 'formula': 'minimo: distance = threshold - actual; pct = distance / abs(threshold) * 100'}"
AVAV,AeroVironment Inc,finviz_prefilter,revenue_growth;operating_margin,,price_min;market_cap_min;avg_volume_min;revenue_growth;eps_growth;eps_next_year;operating_margin;earnings_window,False,"{'revenue_growth_yoy': 5.680000000000001, 'eps_growth_yoy': 92.92, 'eps_next_year': 38.29, 'operating_margin': 0.73}",,Finviz via finvizfinance screener views,2026-09-11T23:30:27+02:00,2026-09-09,,2,PEAD_WINDOW,
AVT,Avnet Inc,finviz_prefilter,eps_next_year;operating_margin,,price_min;market_cap_min;avg_volume_min;revenue_growth;eps_growth;eps_next_year;operating_margin;earnings_window,False,"{'revenue_growth_yoy': 47.660000000000004, 'eps_growth_yoy': 1987.43, 'eps_next_year': 11.61, 'operating_margin': 3.11}",,Finviz via finvizfinance screener views,2026-09-11T23:30:27+02:00,2026-08-05,,37,NORMAL,
AXGN,Axogen Inc,finviz_prefilter,eps_growth;operating_margin,,price_min;market_cap_min;avg_volume_min;revenue_growth;eps_growth;eps_next_year;operating_margin;earnings_window,False,"{'revenue_growth_yoy': 23.06, 'eps_growth_yoy': -334.71000000000004, 'eps_next_year': 54.16, 'operating_margin': -5.12}",,Finviz via finvizfinance screener views,2026-09-11T23:30:27+02:00,2026-07-29,,44,NORMAL,
AXON,Axon Enterprise Inc,finviz_prefilter,eps_growth;operating_margin,,price_min;market_cap_min;avg_volume_min;revenue_growth;eps_growth;eps_next_year;operating_margin;earnings_window,False,"{'revenue_growth_yoy': 35.28, 'eps_growth_yoy': -19.0, 'eps_next_year': 37.8, 'operating_margin': 1.15}",,Finviz via finvizfinance screener views,2026-09-11T23:30:27+02:00,2026-08-05,,37,NORMAL,
AXSM,Axsome Therapeutics Inc,finviz_prefilter,eps_growth;operating_margin,,price_min;market_cap_min;avg_volume_min;revenue_growth;eps_growth;eps_next_year;operating_margin;earnings_window,False,"{'revenue_growth_yoy': 45.540000000000006, 'eps_growth_yoy': -2.09, 'eps_next_year': 274.15, 'operating_margin': -23.549999999999997}",,Finviz via finvizfinance screener views,2026-09-11T23:30:27+02:00,2026-08-10,,32,NORMAL,
AXTI,AXT Inc,finviz_prefilter,operating_margin,,price_min;market_cap_min;avg_volume_min;revenue_growth;eps_growth;eps_next_year;operating_margin;earnings_window,False,"{'revenue_growth_yoy': 164.76999999999998, 'eps_growth_yoy': 208.25, 'eps_next_year': 158.88, 'operating_margin': 3.09}",,Finviz via finvizfinance screener views,2026-09-11T23:30:27+02:00,2026-07-30,,43,NORMAL,"{'failed_gate': 'operating_margin', 'actual_value': 3.09, 'applicable_threshold': 8.0, 'distance_to_threshold': 4.91, 'distance_to_threshold_pct': 61.375, 'formula': 'minimo: distance = threshold - actual; pct = distance / abs(threshold) * 100'}"
BBIO,BridgeBio Pharma Inc,finviz_prefilter,eps_growth;operating_margin,,price_min;market_cap_min;avg_volume_min;revenue_growth;eps_growth;eps_next_year;operating_margin;earnings_window,False,"{'revenue_growth_yoy': 120.39, 'eps_growth_yoy': 18.57, 'eps_next_year': 103.21, 'operating_margin': -67.01}",,Finviz via finvizfinance screener views,2026-09-11T23:30:27+02:00,2026-08-10,,32,NORMAL,
BEAM,Beam Therapeutics Inc,finviz_prefilter,revenue_growth;eps_growth;eps_next_year;operating_margin,,price_min;market_cap_min;avg_volume_min;revenue_growth;eps_growth;eps_next_year;operating_margin;earnings_window,False,"{'revenue_growth_yoy': -94.21000000000001, 'eps_growth_yoy': -17.25, 'eps_next_year': -7.96, 'operating_margin': -242.26999999999998}",,Finviz via finvizfinance screener views,2026-09-11T23:30:27+02:00,2026-08-04,,38,NORMAL,
BHF,Brighthouse Financial Inc,finviz_prefilter,eps_next_year,,price_min;market_cap_min;avg_volume_min;revenue_growth;eps_growth;eps_next_year;operating_margin;earnings_window,False,"{'revenue_growth_yoy': 86.22, 'eps_growth_yoy': 1490.47, 'eps_next_year': 8.58, 'operating_margin': 16.939999999999998}",,Finviz via finvizfinance screener views,2026-09-11T23:30:27+02:00,2026-08-05,,37,NORMAL,"{'failed_gate': 'eps_next_year', 'actual_value': 8.58, 'applicable_threshold': 15.0, 'distance_to_threshold': 6.42, 'distance_to_threshold_pct': 42.8, 'formula': 'minimo: distance = threshold - actual; pct = distance / abs(threshold) * 100'}"
BIIB,Biogen Inc,finviz_prefilter,revenue_growth;eps_growth,,price_min;market_cap_min;avg_volume_min;revenue_growth;eps_growth;eps_next_year;operating_margin;earnings_window,False,"{'revenue_growth_yoy': 2.3800000000000003, 'eps_growth_yoy': -84.85000000000001, 'eps_next_year': 33.29, 'operating_margin': 19.5}",,Finviz via finvizfinance screener views,2026-09-11T23:30:27+02:00,2026-07-29,,44,NORMAL,
BKNG,Booking Holdings Inc,finviz_prefilter,revenue_growth,,price_min;market_cap_min;avg_volume_min;revenue_growth;eps_growth;eps_next_year;operating_margin;earnings_window,False,"{'revenue_growth_yoy': 8.15, 'eps_growth_yoy': 130.75, 'eps_next_year': 18.43, 'operating_margin': 35.17}",,Finviz via finvizfinance screener views,2026-09-11T23:30:27+02:00,2026-08-04,,38,NORMAL,"{'failed_gate': 'revenue_growth', 'actual_value': 8.15, 'applicable_threshold': 20.0, 'distance_to_threshold': 11.85, 'distance_to_threshold_pct': 59.25, 'formula': 'minimo: distance = threshold - actual; pct = distance / abs(threshold) * 100'}"
BKR,Baker Hughes Co,finviz_prefilter,revenue_growth;eps_growth;eps_next_year,,price_min;market_cap_min;avg_volume_min;revenue_growth;eps_growth;eps_next_year;operating_margin;earnings_window,False,"{'revenue_growth_yoy': -2.4299999999999997, 'eps_growth_yoy': -3.44, 'eps_next_year': 14.09, 'operating_margin': 12.959999999999999}",,Finviz via finvizfinance screener views,2026-09-11T23:30:27+02:00,2026-07-26,,47,NORMAL,
BMRN,Biomarin Pharmaceutical Inc,finviz_prefilter,eps_growth,,price_min;market_cap_min;avg_volume_min;revenue_growth;eps_growth;eps_next_year;operating_margin;earnings_window,False,"{'revenue_growth_yoy': 20.41, 'eps_growth_yoy': -81.28, 'eps_next_year': 32.43, 'operating_margin': 18.5}",,Finviz via finvizfinance screener views,2026-09-11T23:30:27+02:00,2026-08-06,,36,NORMAL,"{'failed_gate': 'eps_growth', 'actual_value': -81.28, 'applicable_threshold': 30.0, 'distance_to_threshold': 111.28, 'distance_to_threshold_pct': 370.93333333333334, 'formula': 'minimo: distance = threshold - actual; pct = distance / abs(threshold) * 100'}"
BRKR,Bruker Corp,finviz_prefilter,revenue_growth;eps_growth;eps_next_year,,price_min;market_cap_min;avg_volume_min;revenue_growth;eps_growth;eps_next_year;operating_margin;earnings_window,False,"{'revenue_growth_yoy': 5.1499999999999995, 'eps_growth_yoy': -924.3499999999999, 'eps_next_year': 12.78, 'operating_margin': 8.540000000000001}",,Finviz via finvizfinance screener views,2026-09-11T23:30:27+02:00,2026-08-04,,38,NORMAL,
BRZE,Braze Inc,finviz_prefilter,operating_margin,,price_min;market_cap_min;avg_volume_min;revenue_growth;eps_growth;eps_next_year;operating_margin;earnings_window,False,"{'revenue_growth_yoy': 26.16, 'eps_growth_yoy': 35.11, 'eps_next_year': 52.03, 'operating_margin': -13.19}",,Finviz via finvizfinance screener views,2026-09-11T23:30:27+02:00,2026-09-08,,3,PEAD_WINDOW,"{'failed_gate': 'operating_margin', 'actual_value': -13.19, 'applicable_threshold': 8.0, 'distance_to_threshold': 21.189999999999998, 'distance_to_threshold_pct': 264.875, 'formula': 'minimo: distance = threshold - actual; pct = distance / abs(threshold) * 100'}"
BSY,Bentley Systems Inc,finviz_prefilter,revenue_growth;eps_growth;eps_next_year,,price_min;market_cap_min;avg_volume_min;revenue_growth;eps_growth;eps_next_year;operating_margin;earnings_window,False,"{'revenue_growth_yoy': 12.8, 'eps_growth_yoy': 14.85, 'eps_next_year': 12.12, 'operating_margin': 24.37}",,Finviz via finvizfinance screener views,2026-09-11T23:30:27+02:00,2026-08-06,,36,NORMAL,
BTSG,BrightSpring Health Services Inc,finviz_prefilter,operating_margin,,price_min;market_cap_min;avg_volume_min;revenue_growth;eps_growth;eps_next_year;operating_margin;earnings_window,False,"{'revenue_growth_yoy': 23.05, 'eps_growth_yoy': 201.76, 'eps_next_year': 26.86, 'operating_margin': 3.6799999999999997}",,Finviz via finvizfinance screener views,2026-09-11T23:30:27+02:00,2026-07-31,,42,NORMAL,"{'failed_gate': 'operating_margin', 'actual_value': 3.6799999999999997, 'applicable_threshold': 8.0, 'distance_to_threshold': 4.32, 'distance_to_threshold_pct': 54.0, 'formula': 'minimo: distance = threshold - actual; pct = distance / abs(threshold) * 100'}"
BUSE,First Busey Corp,finviz_prefilter,revenue_growth;eps_next_year,,price_min;market_cap_min;avg_volume_min;revenue_growth;eps_growth;eps_next_year;operating_margin;earnings_window,False,"{'revenue_growth_yoy': -6.94, 'eps_growth_yoy': 31.97, 'eps_next_year': 7.13, 'operating_margin': 27.32}",,Finviz via finvizfinance screener views,2026-09-11T23:30:27+02:00,2026-07-28,,45,NORMAL,
BWIN,Baldwin Insurance Group Inc,finviz_prefilter,eps_growth;operating_margin,,price_min;market_cap_min;avg_volume_min;revenue_growth;eps_growth;eps_next_year;operating_margin;earnings_window,False,"{'revenue_growth_yoy': 30.130000000000003, 'eps_growth_yoy': -804.09, 'eps_next_year': 23.4, 'operating_margin': -2.65}",,Finviz via finvizfinance screener views,2026-09-11T23:30:27+02:00,2026-07-30,,43,NORMAL,
CAKE,Cheesecake Factory Inc,finviz_prefilter,revenue_growth;eps_growth;eps_next_year;operating_margin,,price_min;market_cap_min;avg_volume_min;revenue_growth;eps_growth;eps_next_year;operating_margin;earnings_window,False,"{'revenue_growth_yoy': 7.720000000000001, 'eps_growth_yoy': 23.78, 'eps_next_year': 10.67, 'operating_margin': 6.98}",,Finviz via finvizfinance screener views,2026-09-11T23:30:27+02:00,2026-07-28,,45,NORMAL,
CALM,Cal-Maine Foods Inc,finviz_prefilter,revenue_growth;eps_growth,,price_min;market_cap_min;avg_volume_min;revenue_growth;eps_growth;eps_next_year;operating_margin;earnings_window,False,"{'revenue_growth_yoy': -49.93, 'eps_growth_yoy': -110.85000000000001, 'eps_next_year': 118.25, 'operating_margin': 11.790000000000001}",,Finviz via finvizfinance screener views,2026-09-11T23:30:27+02:00,2026-07-22,,51,NORMAL,
CARG,CarGurus Inc,finviz_prefilter,revenue_growth,,price_min;market_cap_min;avg_volume_min;revenue_growth;eps_growth;eps_next_year;operating_margin;earnings_window,False,"{'revenue_growth_yoy': 7.24, 'eps_growth_yoy': 142.2, 'eps_next_year': 15.2, 'operating_margin': 25.71}",,Finviz via finvizfinance screener views,2026-09-11T23:30:27+02:00,2026-08-06,,36,NORMAL,"{'failed_gate': 'revenue_growth', 'actual_value': 7.24, 'applicable_threshold': 20.0, 'distance_to_threshold': 12.76, 'distance_to_threshold_pct': 63.800000000000004, 'formula': 'minimo: distance = threshold - actual; pct = distance / abs(threshold) * 100'}"
CART,Maplebear Inc,finviz_prefilter,revenue_growth;eps_growth,,price_min;market_cap_min;avg_volume_min;revenue_growth;eps_growth;eps_next_year;operating_margin;earnings_window,False,"{'revenue_growth_yoy': 14.11, 'eps_growth_yoy': 8.12, 'eps_next_year': 26.68, 'operating_margin': 16.68}",,Finviz via finvizfinance screener views,2026-09-11T23:30:27+02:00,2026-08-06,,36,NORMAL,
CBC,Central Bancompany Inc,finviz_prefilter,revenue_growth;eps_growth;eps_next_year,,price_min;market_cap_min;avg_volume_min;revenue_growth;eps_growth;eps_next_year;operating_margin;earnings_window,False,"{'revenue_growth_yoy': 7.109999999999999, 'eps_growth_yoy': 14.59, 'eps_next_year': 6.3, 'operating_margin': 43.47}",,Finviz via finvizfinance screener views,2026-09-11T23:30:27+02:00,2026-08-04,,38,NORMAL,
CBRS,Cerebras Systems Inc,finviz_prefilter,eps_growth;operating_margin,,price_min;market_cap_min;avg_volume_min;revenue_growth;eps_growth;eps_next_year;operating_margin;earnings_window,False,"{'revenue_growth_yoy': 74.32, 'eps_growth_yoy': -237.27999999999997, 'eps_next_year': None, 'operating_margin': -81.17}",,Finviz via finvizfinance screener views,2026-09-11T23:30:27+02:00,2026-08-12,,30,NORMAL,
CBSH,Commerce Bancshares Inc,finviz_prefilter,revenue_growth;eps_growth;eps_next_year,,price_min;market_cap_min;avg_volume_min;revenue_growth;eps_growth;eps_next_year;operating_margin;earnings_window,False,"{'revenue_growth_yoy': 14.280000000000001, 'eps_growth_yoy': 1.17, 'eps_next_year': 7.85, 'operating_margin': 33.739999999999995}",,Finviz via finvizfinance screener views,2026-09-11T23:30:27+02:00,2026-07-16,,57,NORMAL,
CCEP,Coca-Cola Europacific Partners Plc,finviz_prefilter,revenue_growth;eps_next_year,,price_min;market_cap_min;avg_volume_min;revenue_growth;eps_growth;eps_next_year;operating_margin;earnings_window,False,"{'revenue_growth_yoy': 1.72, 'eps_growth_yoy': 307.05, 'eps_next_year': 9.17, 'operating_margin': 13.54}",,Finviz via finvizfinance screener views,2026-09-11T23:30:27+02:00,2026-08-04,,38,NORMAL,
CDNA,Caredx Inc,finviz_prefilter,eps_next_year;operating_margin,,price_min;market_cap_min;avg_volume_min;revenue_growth;eps_growth;eps_next_year;operating_margin;earnings_window,False,"{'revenue_growth_yoy': 52.23, 'eps_growth_yoy': 1412.42, 'eps_next_year': 10.31, 'operating_margin': -0.4}",,Finviz via finvizfinance screener views,2026-09-11T23:30:27+02:00,2026-07-30,,43,NORMAL,
CDW,CDW Corp,finviz_prefilter,revenue_growth;eps_growth;eps_next_year;operating_margin,,price_min;market_cap_min;avg_volume_min;revenue_growth;eps_growth;eps_next_year;operating_margin;earnings_window,False,"{'revenue_growth_yoy': 9.969999999999999, 'eps_growth_yoy': 5.1499999999999995, 'eps_next_year': 10.0, 'operating_margin': 7.17}",,Finviz via finvizfinance screener views,2026-09-11T23:30:27+02:00,2026-08-05,,37,NORMAL,
CECO,Ceco Environmental Corp,finviz_prefilter,eps_growth;operating_margin,,price_min;market_cap_min;avg_volume_min;revenue_growth;eps_growth;eps_next_year;operating_margin;earnings_window,False,"{'revenue_growth_yoy': 53.71, 'eps_growth_yoy': -408.65, 'eps_next_year': 37.11, 'operating_margin': 5.82}",,Finviz via finvizfinance screener views,2026-09-11T23:30:27+02:00,2026-08-10,,32,NORMAL,
CEG,Constellation Energy Corp,finviz_prefilter,eps_growth;eps_next_year,,price_min;market_cap_min;avg_volume_min;revenue_growth;eps_growth;eps_next_year;operating_margin;earnings_window,False,"{'revenue_growth_yoy': 38.56, 'eps_growth_yoy': -46.67, 'eps_next_year': 10.14, 'operating_margin': 14.93}",,Finviz via finvizfinance screener views,2026-09-11T23:30:27+02:00,2026-08-06,,36,NORMAL,
CELH,Celsius Holdings Inc,finviz_prefilter,revenue_growth;eps_growth,,price_min;market_cap_min;avg_volume_min;revenue_growth;eps_growth;eps_next_year;operating_margin;earnings_window,False,"{'revenue_growth_yoy': 10.639999999999999, 'eps_growth_yoy': -56.95, 'eps_next_year': 20.58, 'operating_margin': 19.2}",,Finviz via finvizfinance screener views,2026-09-11T23:30:27+02:00,2026-08-06,,36,NORMAL,
CENX,Century Aluminum Co,finviz_prefilter,revenue_growth;eps_next_year,,price_min;market_cap_min;avg_volume_min;revenue_growth;eps_growth;eps_next_year;operating_margin;earnings_window,False,"{'revenue_growth_yoy': 19.74, 'eps_growth_yoy': 4938.74, 'eps_next_year': 11.95, 'operating_margin': 14.87}",,Finviz via finvizfinance screener views,2026-09-11T23:30:27+02:00,2026-08-06,,36,NORMAL,
CG,Carlyle Group Inc,finviz_prefilter,revenue_growth;eps_growth,,price_min;market_cap_min;avg_volume_min;revenue_growth;eps_growth;eps_next_year;operating_margin;earnings_window,False,"{'revenue_growth_yoy': -43.91, 'eps_growth_yoy': -57.15, 'eps_next_year': 40.66, 'operating_margin': 14.38}",,Finviz via finvizfinance screener views,2026-09-11T23:30:27+02:00,2026-08-05,,37,NORMAL,
CGNX,Cognex Corp,finviz_prefilter,revenue_growth,,price_min;market_cap_min;avg_volume_min;revenue_growth;eps_growth;eps_next_year;operating_margin;earnings_window,False,"{'revenue_growth_yoy': 16.93, 'eps_growth_yoy': 78.11, 'eps_next_year': 19.45, 'operating_margin': 21.9}",,Finviz via finvizfinance screener views,2026-09-11T23:30:27+02:00,2026-08-05,,37,NORMAL,"{'failed_gate': 'revenue_growth', 'actual_value': 16.93, 'applicable_threshold': 20.0, 'distance_to_threshold': 3.0700000000000003, 'distance_to_threshold_pct': 15.350000000000003, 'formula': 'minimo: distance = threshold - actual; pct = distance / abs(threshold) * 100'}"
CGON,Cg Oncology Inc,finviz_prefilter,eps_next_year;operating_margin,revenue_growth;eps_growth,price_min;market_cap_min;avg_volume_min;eps_next_year;operating_margin;earnings_window,False,"{'revenue_growth_yoy': None, 'eps_growth_yoy': -64.91, 'eps_next_year': 5.64, 'operating_margin': -4056.18}",,Finviz via finvizfinance screener views,2026-09-11T23:30:27+02:00,2026-08-06,,36,NORMAL,
CHDN,Churchill Downs Inc,finviz_prefilter,revenue_growth;eps_growth;eps_next_year,,price_min;market_cap_min;avg_volume_min;revenue_growth;eps_growth;eps_next_year;operating_margin;earnings_window,False,"{'revenue_growth_yoy': 4.88, 'eps_growth_yoy': 14.499999999999998, 'eps_next_year': 6.69, 'operating_margin': 25.81}",,Finviz via finvizfinance screener views,2026-09-11T23:30:27+02:00,2026-07-29,,44,NORMAL,
CHKP,Check Point Software Technologies Ltd,finviz_prefilter,revenue_growth;eps_growth;eps_next_year,,price_min;market_cap_min;avg_volume_min;revenue_growth;eps_growth;eps_next_year;operating_margin;earnings_window,False,"{'revenue_growth_yoy': 1.26, 'eps_growth_yoy': 1.9300000000000002, 'eps_next_year': 8.03, 'operating_margin': 29.020000000000003}",,Finviz via finvizfinance screener views,2026-09-11T23:30:27+02:00,2026-07-30,,43,NORMAL,
CHRD,Chord Energy Corp,finviz_prefilter,eps_next_year,,price_min;market_cap_min;avg_volume_min;revenue_growth;eps_growth;eps_next_year;operating_margin;earnings_window,False,"{'revenue_growth_yoy': 84.04, 'eps_growth_yoy': 237.04999999999998, 'eps_next_year': -29.38, 'operating_margin': 18.93}",,Finviz via finvizfinance screener views,2026-09-11T23:30:27+02:00,2026-08-05,,37,NORMAL,"{'failed_gate': 'eps_next_year', 'actual_value': -29.38, 'applicable_threshold': 15.0, 'distance_to_threshold': 44.379999999999995, 'distance_to_threshold_pct': 295.8666666666666, 'formula': 'minimo: distance = threshold - actual; pct = distance / abs(threshold) * 100'}"
CHRW,C.H. Robinson Worldwide Inc,finviz_prefilter,revenue_growth;eps_growth;operating_margin,,price_min;market_cap_min;avg_volume_min;revenue_growth;eps_growth;eps_next_year;operating_margin;earnings_window,False,"{'revenue_growth_yoy': 19.28, 'eps_growth_yoy': 23.810000000000002, 'eps_next_year': 20.44, 'operating_margin': 4.91}",,Finviz via finvizfinance screener views,2026-09-11T23:30:27+02:00,2026-07-29,,44,NORMAL,
CHTR,Charter Communications Inc,finviz_prefilter,revenue_growth;eps_growth;eps_next_year,,price_min;market_cap_min;avg_volume_min;revenue_growth;eps_growth;eps_next_year;operating_margin;earnings_window,False,"{'revenue_growth_yoy': -1.7399999999999998, 'eps_growth_yoy': 16.04, 'eps_next_year': 9.59, 'operating_margin': 23.98}",,Finviz via finvizfinance screener views,2026-09-11T23:30:27+02:00,2026-07-24,,49,NORMAL,
CHYM,Chime Financial Inc,finviz_prefilter,revenue_growth;operating_margin,,price_min;market_cap_min;avg_volume_min;revenue_growth;eps_growth;eps_next_year;operating_margin;earnings_window,False,"{'revenue_growth_yoy': 10.61, 'eps_growth_yoy': 102.84, 'eps_next_year': 102.23, 'operating_margin': -0.83}",,Finviz via finvizfinance screener views,2026-09-11T23:30:27+02:00,2026-08-05,,37,NORMAL,
CIFR,Cipher Digital Inc,finviz_prefilter,revenue_growth;eps_growth;operating_margin,,price_min;market_cap_min;avg_volume_min;revenue_growth;eps_growth;eps_next_year;operating_margin;earnings_window,False,"{'revenue_growth_yoy': -42.99, 'eps_growth_yoy': -435.21999999999997, 'eps_next_year': 79.15, 'operating_margin': -112.79999999999998}",,Finviz via finvizfinance screener views,2026-09-11T23:30:27+02:00,2026-08-04,,38,NORMAL,
CINF,Cincinnati Financial Corp,finviz_prefilter,eps_next_year,,price_min;market_cap_min;avg_volume_min;revenue_growth;eps_growth;eps_next_year;operating_margin;earnings_window,False,"{'revenue_growth_yoy': 31.59, 'eps_growth_yoy': 85.68, 'eps_next_year': 7.2, 'operating_margin': 30.159999999999997}",,Finviz via finvizfinance screener views,2026-09-11T23:30:27+02:00,2026-07-27,,46,NORMAL,"{'failed_gate': 'eps_next_year', 'actual_value': 7.2, 'applicable_threshold': 15.0, 'distance_to_threshold': 7.8, 'distance_to_threshold_pct': 52.0, 'formula': 'minimo: distance = threshold - actual; pct = distance / abs(threshold) * 100'}"
CLDX,Celldex Therapeutics Inc,finviz_prefilter,revenue_growth;eps_growth;eps_next_year;operating_margin,,price_min;market_cap_min;avg_volume_min;revenue_growth;eps_growth;eps_next_year;operating_margin;earnings_window,False,"{'revenue_growth_yoy': -96.99, 'eps_growth_yoy': -10.77, 'eps_next_year': -1.1, 'operating_margin': -206220.25}",,Finviz via finvizfinance screener views,2026-09-11T23:30:27+02:00,2026-08-06,,36,NORMAL,
CLMT,Calumet Inc,finviz_prefilter,operating_margin,,price_min;market_cap_min;avg_volume_min;revenue_growth;eps_growth;eps_next_year;operating_margin;earnings_window,False,"{'revenue_growth_yoy': 40.77, 'eps_growth_yoy': 35.75, 'eps_next_year': 193.54, 'operating_margin': 1.1900000000000002}",,Finviz via finvizfinance screener views,2026-09-11T23:30:27+02:00,2026-08-07,,35,NORMAL,"{'failed_gate': 'operating_margin', 'actual_value': 1.1900000000000002, 'applicable_threshold': 8.0, 'distance_to_threshold': 6.81, 'distance_to_threshold_pct': 85.125, 'formula': 'minimo: distance = threshold - actual; pct = distance / abs(threshold) * 100'}"
CMCSA,Comcast Corp,finviz_prefilter,revenue_growth;eps_growth;eps_next_year,,price_min;market_cap_min;avg_volume_min;revenue_growth;eps_growth;eps_next_year;operating_margin;earnings_window,False,"{'revenue_growth_yoy': -1.23, 'eps_growth_yoy': -66.9, 'eps_next_year': 3.04, 'operating_margin': 14.85}",,Finviz via finvizfinance screener views,2026-09-11T23:30:27+02:00,2026-07-23,,50,NORMAL,
CME,CME Group Inc,finviz_prefilter,revenue_growth;eps_growth;eps_next_year,,price_min;market_cap_min;avg_volume_min;revenue_growth;eps_growth;eps_next_year;operating_margin;earnings_window,False,"{'revenue_growth_yoy': 0.84, 'eps_growth_yoy': 2.6599999999999997, 'eps_next_year': 5.5, 'operating_margin': 65.10000000000001}",,Finviz via finvizfinance screener views,2026-09-11T23:30:27+02:00,2026-07-22,,51,NORMAL,
COCO,Vita Coco Company Inc,finviz_prefilter,eps_next_year,,price_min;market_cap_min;avg_volume_min;revenue_growth;eps_growth;eps_next_year;operating_margin;earnings_window,False,"{'revenue_growth_yoy': 28.08, 'eps_growth_yoy': 112.29, 'eps_next_year': 12.11, 'operating_margin': 19.1}",,Finviz via finvizfinance screener views,2026-09-11T23:30:27+02:00,2026-07-23,,50,NORMAL,"{'failed_gate': 'eps_next_year', 'actual_value': 12.11, 'applicable_threshold': 15.0, 'distance_to_threshold': 2.8900000000000006, 'distance_to_threshold_pct': 19.26666666666667, 'formula': 'minimo: distance = threshold - actual; pct = distance / abs(threshold) * 100'}"
COHU,Cohu Inc,finviz_prefilter,operating_margin,,price_min;market_cap_min;avg_volume_min;revenue_growth;eps_growth;eps_next_year;operating_margin;earnings_window,False,"{'revenue_growth_yoy': 38.37, 'eps_growth_yoy': 99.06, 'eps_next_year': 94.34, 'operating_margin': -6.38}",,Finviz via finvizfinance screener views,2026-09-11T23:30:27+02:00,2026-07-30,,43,NORMAL,"{'failed_gate': 'operating_margin', 'actual_value': -6.38, 'applicable_threshold': 8.0, 'distance_to_threshold': 14.379999999999999, 'distance_to_threshold_pct': 179.75, 'formula': 'minimo: distance = threshold - actual; pct = distance / abs(threshold) * 100'}"
COIN,Coinbase Global Inc,finviz_prefilter,revenue_growth;eps_growth;operating_margin,,price_min;market_cap_min;avg_volume_min;revenue_growth;eps_growth;eps_next_year;operating_margin;earnings_window,False,"{'revenue_growth_yoy': -61.1, 'eps_growth_yoy': -126.57000000000001, 'eps_next_year': 183.91, 'operating_margin': -37.56}",,Finviz via finvizfinance screener views,2026-09-11T23:30:27+02:00,2026-07-30,,43,NORMAL,
COLB,Columbia Banking System Inc,finviz_prefilter,eps_growth;eps_next_year,,price_min;market_cap_min;avg_volume_min;revenue_growth;eps_growth;eps_next_year;operating_margin;earnings_window,False,"{'revenue_growth_yoy': 21.959999999999997, 'eps_growth_yoy': 0.03, 'eps_next_year': 8.4, 'operating_margin': 30.620000000000005}",,Finviz via finvizfinance screener views,2026-09-11T23:30:27+02:00,2026-07-23,,50,NORMAL,
COO,Cooper Companies Inc,finviz_prefilter,revenue_growth;eps_next_year,,price_min;market_cap_min;avg_volume_min;revenue_growth;eps_growth;eps_next_year;operating_margin;earnings_window,False,"{'revenue_growth_yoy': 0.5599999999999999, 'eps_growth_yoy': 355.3, 'eps_next_year': 3.6, 'operating_margin': 19.259999999999998}",,Finviz via finvizfinance screener views,2026-09-11T23:30:27+02:00,2026-09-09,,2,PEAD_WINDOW,
CORT,Corcept Therapeutics Inc,finviz_prefilter,eps_growth;operating_margin,,price_min;market_cap_min;avg_volume_min;revenue_growth;eps_growth;eps_next_year;operating_margin;earnings_window,False,"{'revenue_growth_yoy': 31.740000000000002, 'eps_growth_yoy': 23.91, 'eps_next_year': 108.21, 'operating_margin': 0.77}",,Finviz via finvizfinance screener views,2026-09-11T23:30:27+02:00,2026-07-29,,44,NORMAL,
CORZ,Core Scientific Inc,finviz_prefilter,eps_growth;operating_margin,,price_min;market_cap_min;avg_volume_min;revenue_growth;eps_growth;eps_next_year;operating_margin;earnings_window,False,"{'revenue_growth_yoy': 108.83, 'eps_growth_yoy': -7868.82, 'eps_next_year': 106.57, 'operating_margin': -30.620000000000005}",,Finviz via finvizfinance screener views,2026-09-11T23:30:27+02:00,2026-07-28,,45,NORMAL,
COST,Costco Wholesale Corp,finviz_prefilter,revenue_growth;eps_growth;eps_next_year;operating_margin,,price_min;market_cap_min;avg_volume_min;revenue_growth;eps_growth;eps_next_year;operating_margin;earnings_window,False,"{'revenue_growth_yoy': 11.58, 'eps_growth_yoy': 15.27, 'eps_next_year': 10.47, 'operating_margin': 3.82}",,Finviz via finvizfinance screener views,2026-09-11T23:30:27+02:00,2026-09-24,13,,NORMAL,
CPB,Campbells Co,finviz_prefilter,revenue_growth;eps_growth;eps_next_year,,price_min;market_cap_min;avg_volume_min;revenue_growth;eps_growth;eps_next_year;operating_margin;earnings_window,False,"{'revenue_growth_yoy': -7.93, 'eps_growth_yoy': -146.8, 'eps_next_year': 6.88, 'operating_margin': 9.56}",,Finviz via finvizfinance screener views,2026-09-11T23:30:27+02:00,2026-09-03,,8,PEAD_WINDOW,
CPRT,Copart Inc,finviz_prefilter,revenue_growth;eps_growth;eps_next_year,,price_min;market_cap_min;avg_volume_min;revenue_growth;eps_growth;eps_next_year;operating_margin;earnings_window,False,"{'revenue_growth_yoy': 2.4299999999999997, 'eps_growth_yoy': -13.34, 'eps_next_year': 8.54, 'operating_margin': 35.42}",,Finviz via finvizfinance screener views,2026-09-11T23:30:27+02:00,2026-09-10,,1,PEAD_WINDOW,
CRNX,Crinetics Pharmaceuticals Inc,finviz_prefilter,eps_growth;eps_next_year;operating_margin,,price_min;market_cap_min;avg_volume_min;revenue_growth;eps_growth;eps_next_year;operating_margin;earnings_window,False,"{'revenue_growth_yoy': 2336.28, 'eps_growth_yoy': 7.140000000000001, 'eps_next_year': 11.91, 'operating_margin': -1302.52}",,Finviz via finvizfinance screener views,2026-09-11T23:30:27+02:00,2026-08-03,,39,NORMAL,
CROX,Crocs Inc,finviz_prefilter,revenue_growth;eps_next_year,,price_min;market_cap_min;avg_volume_min;revenue_growth;eps_growth;eps_next_year;operating_margin;earnings_window,False,"{'revenue_growth_yoy': 2.62, 'eps_growth_yoy': 146.78, 'eps_next_year': 7.14, 'operating_margin': 20.810000000000002}",,Finviz via finvizfinance screener views,2026-09-11T23:30:27+02:00,2026-07-30,,43,NORMAL,
CRSP,CRISPR Therapeutics AG,finviz_prefilter,operating_margin,,price_min;market_cap_min;avg_volume_min;revenue_growth;eps_growth;eps_next_year;operating_margin;earnings_window,False,"{'revenue_growth_yoy': 1041.3700000000001, 'eps_growth_yoy': 60.57, 'eps_next_year': 25.73, 'operating_margin': -3971.5299999999997}",,Finviz via finvizfinance screener views,2026-09-11T23:30:27+02:00,2026-08-03,,39,NORMAL,"{'failed_gate': 'operating_margin', 'actual_value': -3971.5299999999997, 'applicable_threshold': 8.0, 'distance_to_threshold': 3979.5299999999997, 'distance_to_threshold_pct': 49744.125, 'formula': 'minimo: distance = threshold - actual; pct = distance / abs(threshold) * 100'}"
CRWD,Crowdstrike Holdings Inc,finviz_prefilter,operating_margin,,price_min;market_cap_min;avg_volume_min;revenue_growth;eps_growth;eps_next_year;operating_margin;earnings_window,False,"{'revenue_growth_yoy': 25.83, 'eps_growth_yoy': 106.56000000000002, 'eps_next_year': 27.37, 'operating_margin': -1.23}",,Finviz via finvizfinance screener views,2026-09-11T23:30:27+02:00,2026-08-26,,16,NORMAL,"{'failed_gate': 'operating_margin', 'actual_value': -1.23, 'applicable_threshold': 8.0, 'distance_to_threshold': 9.23, 'distance_to_threshold_pct': 115.375, 'formula': 'minimo: distance = threshold - actual; pct = distance / abs(threshold) * 100'}"
CRWV,CoreWeave Inc,finviz_prefilter,eps_growth;operating_margin,,price_min;market_cap_min;avg_volume_min;revenue_growth;eps_growth;eps_next_year;operating_margin;earnings_window,False,"{'revenue_growth_yoy': 112.32, 'eps_growth_yoy': -79.2, 'eps_next_year': 50.72, 'operating_margin': -3.0300000000000002}",,Finviz via finvizfinance screener views,2026-09-11T23:30:27+02:00,2026-08-11,,31,NORMAL,
CSCO,Cisco Systems Inc,finviz_prefilter,revenue_growth;eps_next_year,,price_min;market_cap_min;avg_volume_min;revenue_growth;eps_growth;eps_next_year;operating_margin;earnings_window,False,"{'revenue_growth_yoy': 17.580000000000002, 'eps_growth_yoy': 36.96, 'eps_next_year': 9.23, 'operating_margin': 25.16}",,Finviz via finvizfinance screener views,2026-09-11T23:30:27+02:00,2026-08-12,,30,NORMAL,
CSGP,Costar Group Inc,finviz_prefilter,revenue_growth;operating_margin,,price_min;market_cap_min;avg_volume_min;revenue_growth;eps_growth;eps_next_year;operating_margin;earnings_window,False,"{'revenue_growth_yoy': 18.39, 'eps_growth_yoy': 831.5099999999999, 'eps_next_year': 25.61, 'operating_margin': 2.4299999999999997}",,Finviz via finvizfinance screener views,2026-09-11T23:30:27+02:00,2026-07-28,,45,NORMAL,
CSX,CSX Corp,finviz_prefilter,revenue_growth;eps_growth;eps_next_year,,price_min;market_cap_min;avg_volume_min;revenue_growth;eps_growth;eps_next_year;operating_margin;earnings_window,False,"{'revenue_growth_yoy': 10.100000000000001, 'eps_growth_yoy': 21.78, 'eps_next_year': 13.33, 'operating_margin': 35.27}",,Finviz via finvizfinance screener views,2026-09-11T23:30:27+02:00,2026-07-22,,51,NORMAL,
CTAS,Cintas Corp,finviz_prefilter,revenue_growth;eps_growth;eps_next_year,,price_min;market_cap_min;avg_volume_min;revenue_growth;eps_growth;eps_next_year;operating_margin;earnings_window,False,"{'revenue_growth_yoy': 8.9, 'eps_growth_yoy': 15.559999999999999, 'eps_next_year': 11.45, 'operating_margin': 23.26}",,Finviz via finvizfinance screener views,2026-09-11T23:30:27+02:00,2026-09-23,12,,NORMAL,
CTSH,Cognizant Technology Solutions Corp,finviz_prefilter,revenue_growth;eps_growth;eps_next_year,,price_min;market_cap_min;avg_volume_min;revenue_growth;eps_growth;eps_next_year;operating_margin;earnings_window,False,"{'revenue_growth_yoy': 4.5, 'eps_growth_yoy': 4.1000000000000005, 'eps_next_year': 9.76, 'operating_margin': 16.11}",,Finviz via finvizfinance screener views,2026-09-11T23:30:27+02:00,2026-07-29,,44,NORMAL,
CVBF,CVB Financial Corp,finviz_prefilter,eps_growth,,price_min;market_cap_min;avg_volume_min;revenue_growth;eps_growth;eps_next_year;operating_margin;earnings_window,False,"{'revenue_growth_yoy': 37.86, 'eps_growth_yoy': -21.58, 'eps_next_year': 31.93, 'operating_margin': 43.64}",,Finviz via finvizfinance screener views,2026-09-11T23:30:27+02:00,2026-07-22,,51,NORMAL,"{'failed_gate': 'eps_growth', 'actual_value': -21.58, 'applicable_threshold': 30.0, 'distance_to_threshold': 51.58, 'distance_to_threshold_pct': 171.93333333333334, 'formula': 'minimo: distance = threshold - actual; pct = distance / abs(threshold) * 100'}"
CYTK,Cytokinetics Inc,finviz_prefilter,revenue_growth;eps_growth;operating_margin,,price_min;market_cap_min;avg_volume_min;revenue_growth;eps_growth;eps_next_year;operating_margin;earnings_window,False,"{'revenue_growth_yoy': -57.13, 'eps_growth_yoy': -33.78, 'eps_next_year': 26.06, 'operating_margin': -1046.12}",,Finviz via finvizfinance screener views,2026-09-11T23:30:27+02:00,2026-08-06,,36,NORMAL,
CZR,Caesars Entertainment Inc,finviz_prefilter,revenue_growth;eps_growth,,price_min;market_cap_min;avg_volume_min;revenue_growth;eps_growth;eps_next_year;operating_margin;earnings_window,False,"{'revenue_growth_yoy': 2.96, 'eps_growth_yoy': 22.53, 'eps_next_year': 125.24, 'operating_margin': 17.69}",,Finviz via finvizfinance screener views,2026-09-11T23:30:27+02:00,2026-07-28,,45,NORMAL,
DASH,DoorDash Inc,finviz_prefilter,eps_growth;operating_margin,,price_min;market_cap_min;avg_volume_min;revenue_growth;eps_growth;eps_next_year;operating_margin;earnings_window,False,"{'revenue_growth_yoy': 35.63, 'eps_growth_yoy': -29.98, 'eps_next_year': 79.7, 'operating_margin': 5.46}",,Finviz via finvizfinance screener views,2026-09-11T23:30:27+02:00,2026-08-05,,37,NORMAL,
DBX,Dropbox Inc,finviz_prefilter,revenue_growth;eps_growth;eps_next_year,,price_min;market_cap_min;avg_volume_min;revenue_growth;eps_growth;eps_next_year;operating_margin;earnings_window,False,"{'revenue_growth_yoy': 0.9299999999999999, 'eps_growth_yoy': -6.94, 'eps_next_year': 8.34, 'operating_margin': 26.5}",,Finviz via finvizfinance screener views,2026-09-11T23:30:27+02:00,2026-08-06,,36,NORMAL,
DDOG,Datadog Inc,finviz_prefilter,operating_margin,,price_min;market_cap_min;avg_volume_min;revenue_growth;eps_growth;eps_next_year;operating_margin;earnings_window,False,"{'revenue_growth_yoy': 35.64, 'eps_growth_yoy': 1551.3500000000001, 'eps_next_year': 16.96, 'operating_margin': 0.48}",,Finviz via finvizfinance screener views,2026-09-11T23:30:27+02:00,2026-08-06,,36,NORMAL,"{'failed_gate': 'operating_margin', 'actual_value': 0.48, 'applicable_threshold': 8.0, 'distance_to_threshold': 7.52, 'distance_to_threshold_pct': 94.0, 'formula': 'minimo: distance = threshold - actual; pct = distance / abs(threshold) * 100'}"
DKNG,DraftKings Inc,finviz_prefilter,revenue_growth;eps_growth;operating_margin,,price_min;market_cap_min;avg_volume_min;revenue_growth;eps_growth;eps_next_year;operating_margin;earnings_window,False,"{'revenue_growth_yoy': -4.58, 'eps_growth_yoy': -145.99, 'eps_next_year': 603.07, 'operating_margin': -2.83}",,Finviz via finvizfinance screener views,2026-09-11T23:30:27+02:00,2026-08-06,,36,NORMAL,
DLTR,Dollar Tree Inc,finviz_prefilter,revenue_growth;eps_next_year,,price_min;market_cap_min;avg_volume_min;revenue_growth;eps_growth;eps_next_year;operating_margin;earnings_window,False,"{'revenue_growth_yoy': 7.02, 'eps_growth_yoy': 197.28, 'eps_next_year': 0.33, 'operating_margin': 10.54}",,Finviz via finvizfinance screener views,2026-09-11T23:30:27+02:00,2026-08-27,,15,PEAD_WINDOW,
DNLI,Denali Therapeutics Inc,finviz_prefilter,eps_next_year;operating_margin,revenue_growth;eps_growth,price_min;market_cap_min;avg_volume_min;eps_next_year;operating_margin;earnings_window,False,"{'revenue_growth_yoy': None, 'eps_growth_yoy': 5.93, 'eps_next_year': -2.4, 'operating_margin': -15058.189999999999}",,Finviz via finvizfinance screener views,2026-09-11T23:30:27+02:00,2026-08-06,,36,NORMAL,
DNTH,Dianthus Therapeutics Inc,finviz_prefilter,eps_growth;eps_next_year;operating_margin,,price_min;market_cap_min;avg_volume_min;revenue_growth;eps_growth;eps_next_year;operating_margin;earnings_window,False,"{'revenue_growth_yoy': 294.3, 'eps_growth_yoy': -1.51, 'eps_next_year': -20.63, 'operating_margin': -11441.39}",,Finviz via finvizfinance screener views,2026-09-11T23:30:27+02:00,2026-08-04,,38,NORMAL,
DOCU,DocuSign Inc,finviz_prefilter,revenue_growth;eps_next_year,,price_min;market_cap_min;avg_volume_min;revenue_growth;eps_growth;eps_next_year;operating_margin;earnings_window,False,"{'revenue_growth_yoy': 9.379999999999999, 'eps_growth_yoy': 34.81, 'eps_next_year': 12.82, 'operating_margin': 11.959999999999999}",,Finviz via finvizfinance screener views,2026-09-11T23:30:27+02:00,2026-09-03,,8,PEAD_WINDOW,
DOX,Amdocs Ltd,finviz_prefilter,revenue_growth;eps_growth;eps_next_year,,price_min;market_cap_min;avg_volume_min;revenue_growth;eps_growth;eps_next_year;operating_margin;earnings_window,False,"{'revenue_growth_yoy': 2.63, 'eps_growth_yoy': -57.53, 'eps_next_year': 8.06, 'operating_margin': 16.86}",,Finviz via finvizfinance screener views,2026-09-11T23:30:27+02:00,2026-08-05,,37,NORMAL,
DPZ,Dominos Pizza Inc,finviz_prefilter,revenue_growth;eps_growth;eps_next_year,,price_min;market_cap_min;avg_volume_min;revenue_growth;eps_growth;eps_next_year;operating_margin;earnings_window,False,"{'revenue_growth_yoy': 4.3, 'eps_growth_yoy': 6.92, 'eps_next_year': 9.62, 'operating_margin': 19.3}",,Finviz via finvizfinance screener views,2026-09-11T23:30:27+02:00,2026-07-20,,53,NORMAL,
DRS,Leonardo DRS Inc,finviz_prefilter,revenue_growth;eps_next_year,,price_min;market_cap_min;avg_volume_min;revenue_growth;eps_growth;eps_next_year;operating_margin;earnings_window,False,"{'revenue_growth_yoy': 10.13, 'eps_growth_yoy': 59.34, 'eps_next_year': 6.05, 'operating_margin': 10.56}",,Finviz via finvizfinance screener views,2026-09-11T23:30:27+02:00,2026-07-30,,43,NORMAL,
DUOL,Duolingo Inc,finviz_prefilter,revenue_growth;eps_growth,,price_min;market_cap_min;avg_volume_min;revenue_growth;eps_growth;eps_next_year;operating_margin;earnings_window,False,"{'revenue_growth_yoy': 18.310000000000002, 'eps_growth_yoy': -27.49, 'eps_next_year': 22.02, 'operating_margin': 14.21}",,Finviz via finvizfinance screener views,2026-09-11T23:30:27+02:00,2026-08-05,,37,NORMAL,
DXCM,Dexcom Inc,finviz_prefilter,revenue_growth,,price_min;market_cap_min;avg_volume_min;revenue_growth;eps_growth;eps_next_year;operating_margin;earnings_window,False,"{'revenue_growth_yoy': 13.08, 'eps_growth_yoy': 43.63, 'eps_next_year': 16.97, 'operating_margin': 22.919999999999998}",,Finviz via finvizfinance screener views,2026-09-11T23:30:27+02:00,2026-07-30,,43,NORMAL,"{'failed_gate': 'revenue_growth', 'actual_value': 13.08, 'applicable_threshold': 20.0, 'distance_to_threshold': 6.92, 'distance_to_threshold_pct': 34.599999999999994, 'formula': 'minimo: distance = threshold - actual; pct = distance / abs(threshold) * 100'}"
EBAY,EBay Inc,finviz_prefilter,revenue_growth;eps_next_year,,price_min;market_cap_min;avg_volume_min;revenue_growth;eps_growth;eps_next_year;operating_margin;earnings_window,False,"{'revenue_growth_yoy': 14.37, 'eps_growth_yoy': 54.379999999999995, 'eps_next_year': 9.91, 'operating_margin': 21.44}",,Finviz via finvizfinance screener views,2026-09-11T23:30:27+02:00,2026-08-05,,37,NORMAL,
EBC,Eastern Bankshares Inc,finviz_prefilter,eps_growth;eps_next_year,,price_min;market_cap_min;avg_volume_min;revenue_growth;eps_growth;eps_next_year;operating_margin;earnings_window,False,"{'revenue_growth_yoy': 26.36, 'eps_growth_yoy': -4.73, 'eps_next_year': 13.86, 'operating_margin': 26.919999999999998}",,Finviz via finvizfinance screener views,2026-09-11T23:30:27+02:00,2026-07-23,,50,NORMAL,
ECHO,EchoStar Corp,finviz_prefilter,revenue_growth;eps_next_year;operating_margin,,price_min;market_cap_min;avg_volume_min;revenue_growth;eps_growth;eps_next_year;operating_margin;earnings_window,False,"{'revenue_growth_yoy': -3.9899999999999998, 'eps_growth_yoy': 2364.9, 'eps_next_year': -87.98, 'operating_margin': 7.1499999999999995}",,Finviz via finvizfinance screener views,2026-09-11T23:30:27+02:00,2026-08-03,,39,NORMAL,
ENPH,Enphase Energy Inc,finviz_prefilter,revenue_growth;eps_growth;eps_next_year,,price_min;market_cap_min;avg_volume_min;revenue_growth;eps_growth;eps_next_year;operating_margin;earnings_window,False,"{'revenue_growth_yoy': -19.63, 'eps_growth_yoy': -2.55, 'eps_next_year': 13.96, 'operating_margin': 25.629999999999995}",,Finviz via finvizfinance screener views,2026-09-11T23:30:27+02:00,2026-07-28,,45,NORMAL,
ENTG,Entegris Inc,finviz_prefilter,revenue_growth,,price_min;market_cap_min;avg_volume_min;revenue_growth;eps_growth;eps_next_year;operating_margin;earnings_window,False,"{'revenue_growth_yoy': 11.459999999999999, 'eps_growth_yoy': 75.32, 'eps_next_year': 29.19, 'operating_margin': 17.09}",,Finviz via finvizfinance screener views,2026-09-11T23:30:27+02:00,2026-08-04,,38,NORMAL,"{'failed_gate': 'revenue_growth', 'actual_value': 11.459999999999999, 'applicable_threshold': 20.0, 'distance_to_threshold': 8.540000000000001, 'distance_to_threshold_pct': 42.7, 'formula': 'minimo: distance = threshold - actual; pct = distance / abs(threshold) * 100'}"
EQPT,Equipmentshare.Com Inc,finviz_prefilter,eps_growth;operating_margin,,price_min;market_cap_min;avg_volume_min;revenue_growth;eps_growth;eps_next_year;operating_margin;earnings_window,False,"{'revenue_growth_yoy': 26.33, 'eps_growth_yoy': 29.24, 'eps_next_year': 59.61, 'operating_margin': 6.84}",,Finviz via finvizfinance screener views,2026-09-11T23:30:27+02:00,2026-08-12,,30,NORMAL,
ETOR,Etoro Group Ltd,finviz_prefilter,revenue_growth,,price_min;market_cap_min;avg_volume_min;revenue_growth;eps_growth;eps_next_year;operating_margin;earnings_window,False,"{'revenue_growth_yoy': 10.299999999999999, 'eps_growth_yoy': 87.37, 'eps_next_year': 20.01, 'operating_margin': 31.96}",,Finviz via finvizfinance screener views,2026-09-11T23:30:27+02:00,2026-08-11,,31,NORMAL,"{'failed_gate': 'revenue_growth', 'actual_value': 10.299999999999999, 'applicable_threshold': 20.0, 'distance_to_threshold': 9.700000000000001, 'distance_to_threshold_pct': 48.50000000000001, 'formula': 'minimo: distance = threshold - actual; pct = distance / abs(threshold) * 100'}"
EVRG,Evergy Inc,finviz_prefilter,revenue_growth;eps_growth;eps_next_year,,price_min;market_cap_min;avg_volume_min;revenue_growth;eps_growth;eps_next_year;operating_margin;earnings_window,False,"{'revenue_growth_yoy': 4.84, 'eps_growth_yoy': 23.5, 'eps_next_year': 7.16, 'operating_margin': 25.55}",,Finviz via finvizfinance screener views,2026-09-11T23:30:27+02:00,2026-08-06,,36,NORMAL,
EWBC,East West Bancorp Inc,finviz_prefilter,revenue_growth;eps_growth;eps_next_year,,price_min;market_cap_min;avg_volume_min;revenue_growth;eps_growth;eps_next_year;operating_margin;earnings_window,False,"{'revenue_growth_yoy': 4.15, 'eps_growth_yoy': 17.64, 'eps_next_year': 6.6, 'operating_margin': 39.68}",,Finviz via finvizfinance screener views,2026-09-11T23:30:27+02:00,2026-07-21,,52,NORMAL,
EXC,Exelon Corp,finviz_prefilter,revenue_growth;eps_growth;eps_next_year,,price_min;market_cap_min;avg_volume_min;revenue_growth;eps_growth;eps_next_year;operating_margin;earnings_window,False,"{'revenue_growth_yoy': 9.950000000000001, 'eps_growth_yoy': -0.31, 'eps_next_year': 6.32, 'operating_margin': 20.79}",,Finviz via finvizfinance screener views,2026-09-11T23:30:27+02:00,2026-07-30,,43,NORMAL,
EXE,Expand Energy Corp,finviz_prefilter,revenue_growth;eps_growth;eps_next_year,,price_min;market_cap_min;avg_volume_min;revenue_growth;eps_growth;eps_next_year;operating_margin;earnings_window,False,"{'revenue_growth_yoy': -10.61, 'eps_growth_yoy': -45.58, 'eps_next_year': 0.12, 'operating_margin': 21.529999999999998}",,Finviz via finvizfinance screener views,2026-09-11T23:30:27+02:00,2026-07-28,,45,NORMAL,
EXEL,Exelixis Inc,finviz_prefilter,revenue_growth;eps_growth,,price_min;market_cap_min;avg_volume_min;revenue_growth;eps_growth;eps_next_year;operating_margin;earnings_window,False,"{'revenue_growth_yoy': 10.63, 'eps_growth_yoy': 25.629999999999995, 'eps_next_year': 18.04, 'operating_margin': 40.72}",,Finviz via finvizfinance screener views,2026-09-11T23:30:27+02:00,2026-08-05,,37,NORMAL,
EXLS,ExlService Holdings Inc,finviz_prefilter,revenue_growth;eps_growth;eps_next_year,,price_min;market_cap_min;avg_volume_min;revenue_growth;eps_growth;eps_next_year;operating_margin;earnings_window,False,"{'revenue_growth_yoy': 15.61, 'eps_growth_yoy': 4.92, 'eps_next_year': 13.5, 'operating_margin': 14.42}",,Finviz via finvizfinance screener views,2026-09-11T23:30:27+02:00,2026-07-28,,45,NORMAL,
EXPE,Expedia Group Inc,finviz_prefilter,revenue_growth,,price_min;market_cap_min;avg_volume_min;revenue_growth;eps_growth;eps_next_year;operating_margin;earnings_window,False,"{'revenue_growth_yoy': 13.969999999999999, 'eps_growth_yoy': 188.32999999999998, 'eps_next_year': 17.1, 'operating_margin': 16.64}",,Finviz via finvizfinance screener views,2026-09-11T23:30:27+02:00,2026-08-05,,37,NORMAL,"{'failed_gate': 'revenue_growth', 'actual_value': 13.969999999999999, 'applicable_threshold': 20.0, 'distance_to_threshold': 6.030000000000001, 'distance_to_threshold_pct': 30.150000000000006, 'formula': 'minimo: distance = threshold - actual; pct = distance / abs(threshold) * 100'}"
EXTR,Extreme Networks Inc,finviz_prefilter,revenue_growth;operating_margin,,price_min;market_cap_min;avg_volume_min;revenue_growth;eps_growth;eps_next_year;operating_margin;earnings_window,False,"{'revenue_growth_yoy': 10.280000000000001, 'eps_growth_yoy': 329.59000000000003, 'eps_next_year': 16.49, 'operating_margin': 5.050000000000001}",,Finviz via finvizfinance screener views,2026-09-11T23:30:27+02:00,2026-08-05,,37,NORMAL,
FA,First Advantage Corp,finviz_prefilter,revenue_growth,,price_min;market_cap_min;avg_volume_min;revenue_growth;eps_growth;eps_next_year;operating_margin;earnings_window,False,"{'revenue_growth_yoy': 14.879999999999999, 'eps_growth_yoy': 5322.22, 'eps_next_year': 17.97, 'operating_margin': 10.89}",,Finviz via finvizfinance screener views,2026-09-11T23:30:27+02:00,2026-08-06,,36,NORMAL,"{'failed_gate': 'revenue_growth', 'actual_value': 14.879999999999999, 'applicable_threshold': 20.0, 'distance_to_threshold': 5.120000000000001, 'distance_to_threshold_pct': 25.600000000000005, 'formula': 'minimo: distance = threshold - actual; pct = distance / abs(threshold) * 100'}"
FANG,Diamondback Energy Inc,finviz_prefilter,eps_next_year,,price_min;market_cap_min;avg_volume_min;revenue_growth;eps_growth;eps_next_year;operating_margin;earnings_window,False,"{'revenue_growth_yoy': 51.22, 'eps_growth_yoy': 179.68, 'eps_next_year': -10.76, 'operating_margin': 35.05}",,Finviz via finvizfinance screener views,2026-09-11T23:30:27+02:00,2026-08-03,,39,NORMAL,"{'failed_gate': 'eps_next_year', 'actual_value': -10.76, 'applicable_threshold': 15.0, 'distance_to_threshold': 25.759999999999998, 'distance_to_threshold_pct': 171.73333333333332, 'formula': 'minimo: distance = threshold - actual; pct = distance / abs(threshold) * 100'}"
FAST,Fastenal Co,finviz_prefilter,revenue_growth;eps_growth;eps_next_year,,price_min;market_cap_min;avg_volume_min;revenue_growth;eps_growth;eps_next_year;operating_margin;earnings_window,False,"{'revenue_growth_yoy': 14.74, 'eps_growth_yoy': 15.879999999999999, 'eps_next_year': 10.83, 'operating_margin': 20.29}",,Finviz via finvizfinance screener views,2026-09-11T23:30:27+02:00,2026-07-14,,59,NORMAL,
FER,Ferrovial N. V,finviz_prefilter,revenue_growth,,price_min;market_cap_min;avg_volume_min;revenue_growth;eps_growth;eps_next_year;operating_margin;earnings_window,False,"{'revenue_growth_yoy': 6.64, 'eps_growth_yoy': 953.2400000000001, 'eps_next_year': 18.57, 'operating_margin': 10.42}",,Finviz via finvizfinance screener views,2026-09-11T23:30:27+02:00,2026-07-28,,45,NORMAL,"{'failed_gate': 'revenue_growth', 'actual_value': 6.64, 'applicable_threshold': 20.0, 'distance_to_threshold': 13.36, 'distance_to_threshold_pct': 66.8, 'formula': 'minimo: distance = threshold - actual; pct = distance / abs(threshold) * 100'}"
FFBC,First Financial Bancorp,finviz_prefilter,revenue_growth;eps_growth;eps_next_year,,price_min;market_cap_min;avg_volume_min;revenue_growth;eps_growth;eps_next_year;operating_margin;earnings_window,False,"{'revenue_growth_yoy': 12.98, 'eps_growth_yoy': -0.33999999999999997, 'eps_next_year': 11.57, 'operating_margin': 26.06}",,Finviz via finvizfinance screener views,2026-09-11T23:30:27+02:00,2026-07-21,,52,NORMAL,
FFIN,First Financial Bankshares Inc,finviz_prefilter,revenue_growth;eps_growth;eps_next_year,,price_min;market_cap_min;avg_volume_min;revenue_growth;eps_growth;eps_next_year;operating_margin;earnings_window,False,"{'revenue_growth_yoy': 8.43, 'eps_growth_yoy': 7.61, 'eps_next_year': 5.37, 'operating_margin': 37.86}",,Finviz via finvizfinance screener views,2026-09-11T23:30:27+02:00,2026-07-16,,57,NORMAL,
FHB,First Hawaiian INC,finviz_prefilter,revenue_growth;eps_growth;eps_next_year,,price_min;market_cap_min;avg_volume_min;revenue_growth;eps_growth;eps_next_year;operating_margin;earnings_window,False,"{'revenue_growth_yoy': 0.7100000000000001, 'eps_growth_yoy': 3.04, 'eps_next_year': 7.12, 'operating_margin': 31.730000000000004}",,Finviz via finvizfinance screener views,2026-09-11T23:30:27+02:00,2026-07-24,,49,NORMAL,
FIBK,First Interstate BancSystem Inc,finviz_prefilter,revenue_growth;eps_growth;eps_next_year,,price_min;market_cap_min;avg_volume_min;revenue_growth;eps_growth;eps_next_year;operating_margin;earnings_window,False,"{'revenue_growth_yoy': -7.8, 'eps_growth_yoy': 24.97, 'eps_next_year': -0.58, 'operating_margin': 29.409999999999997}",,Finviz via finvizfinance screener views,2026-09-11T23:30:27+02:00,2026-07-23,,50,NORMAL,
FISV,Fiserv Inc,finviz_prefilter,revenue_growth;eps_growth;eps_next_year,,price_min;market_cap_min;avg_volume_min;revenue_growth;eps_growth;eps_next_year;operating_margin;earnings_window,False,"{'revenue_growth_yoy': -4.06, 'eps_growth_yoy': -36.71, 'eps_next_year': 9.74, 'operating_margin': 21.57}",,Finviz via finvizfinance screener views,2026-09-11T23:30:27+02:00,2026-08-06,,36,NORMAL,
FIVE,Five Below Inc,finviz_prefilter,eps_next_year,,price_min;market_cap_min;avg_volume_min;revenue_growth;eps_growth;eps_next_year;operating_margin;earnings_window,False,"{'revenue_growth_yoy': 22.85, 'eps_growth_yoy': 416.96, 'eps_next_year': 7.94, 'operating_margin': 14.75}",,Finviz via finvizfinance screener views,2026-09-11T23:30:27+02:00,2026-09-02,,9,PEAD_WINDOW,"{'failed_gate': 'eps_next_year', 'actual_value': 7.94, 'applicable_threshold': 15.0, 'distance_to_threshold': 7.06, 'distance_to_threshold_pct': 47.06666666666666, 'formula': 'minimo: distance = threshold - actual; pct = distance / abs(threshold) * 100'}"
FIVN,Five9 Inc,finviz_prefilter,revenue_growth;operating_margin,,price_min;market_cap_min;avg_volume_min;revenue_growth;eps_growth;eps_next_year;operating_margin;earnings_window,False,"{'revenue_growth_yoy': 10.299999999999999, 'eps_growth_yoy': 203.08, 'eps_next_year': 18.03, 'operating_margin': 6.05}",,Finviz via finvizfinance screener views,2026-09-11T23:30:27+02:00,2026-08-06,,36,NORMAL,
FLEX,Flex Ltd,finviz_prefilter,operating_margin,,price_min;market_cap_min;avg_volume_min;revenue_growth;eps_growth;eps_next_year;operating_margin;earnings_window,False,"{'revenue_growth_yoy': 20.580000000000002, 'eps_growth_yoy': 51.22, 'eps_next_year': 51.51, 'operating_margin': 5.58}",,Finviz via finvizfinance screener views,2026-09-11T23:30:27+02:00,2026-07-29,,44,NORMAL,"{'failed_gate': 'operating_margin', 'actual_value': 5.58, 'applicable_threshold': 8.0, 'distance_to_threshold': 2.42, 'distance_to_threshold_pct': 30.25, 'formula': 'minimo: distance = threshold - actual; pct = distance / abs(threshold) * 100'}"
FLY,Firefly Aerospace Inc,finviz_prefilter,eps_growth;operating_margin,,price_min;market_cap_min;avg_volume_min;revenue_growth;eps_growth;eps_next_year;operating_margin;earnings_window,False,"{'revenue_growth_yoy': 656.85, 'eps_growth_yoy': -2.13, 'eps_next_year': 22.41, 'operating_margin': -116.39999999999999}",,Finviz via finvizfinance screener views,2026-09-11T23:30:27+02:00,2026-08-11,,31,NORMAL,
FLYW,Flywire Corp,finviz_prefilter,operating_margin,,price_min;market_cap_min;avg_volume_min;revenue_growth;eps_growth;eps_next_year;operating_margin;earnings_window,False,"{'revenue_growth_yoy': 27.18, 'eps_growth_yoy': 32.39, 'eps_next_year': 69.9, 'operating_margin': 5.94}",,Finviz via finvizfinance screener views,2026-09-11T23:30:27+02:00,2026-08-04,,38,NORMAL,"{'failed_gate': 'operating_margin', 'actual_value': 5.94, 'applicable_threshold': 8.0, 'distance_to_threshold': 2.0599999999999996, 'distance_to_threshold_pct': 25.749999999999996, 'formula': 'minimo: distance = threshold - actual; pct = distance / abs(threshold) * 100'}"
FOX,Fox Corp,finviz_prefilter,eps_growth;eps_next_year,,price_min;market_cap_min;avg_volume_min;revenue_growth;eps_growth;eps_next_year;operating_margin;earnings_window,False,"{'revenue_growth_yoy': 28.139999999999997, 'eps_growth_yoy': 2.91, 'eps_next_year': -1.49, 'operating_margin': 20.41}",,Finviz via finvizfinance screener views,2026-09-11T23:30:27+02:00,2026-08-06,,36,NORMAL,
FOXA,Fox Corp,finviz_prefilter,eps_growth;eps_next_year,,price_min;market_cap_min;avg_volume_min;revenue_growth;eps_growth;eps_next_year;operating_margin;earnings_window,False,"{'revenue_growth_yoy': 28.139999999999997, 'eps_growth_yoy': 2.91, 'eps_next_year': -1.74, 'operating_margin': 20.41}",,Finviz via finvizfinance screener views,2026-09-11T23:30:27+02:00,2026-08-06,,36,NORMAL,
FROG,JFrog Ltd,finviz_prefilter,operating_margin,,price_min;market_cap_min;avg_volume_min;revenue_growth;eps_growth;eps_next_year;operating_margin;earnings_window,False,"{'revenue_growth_yoy': 28.73, 'eps_growth_yoy': 81.82000000000001, 'eps_next_year': 16.81, 'operating_margin': -12.93}",,Finviz via finvizfinance screener views,2026-09-11T23:30:27+02:00,2026-08-06,,36,NORMAL,"{'failed_gate': 'operating_margin', 'actual_value': -12.93, 'applicable_threshold': 8.0, 'distance_to_threshold': 20.93, 'distance_to_threshold_pct': 261.625, 'formula': 'minimo: distance = threshold - actual; pct = distance / abs(threshold) * 100'}"
FRPT,Freshpet Inc,finviz_prefilter,revenue_growth;eps_growth;eps_next_year,,price_min;market_cap_min;avg_volume_min;revenue_growth;eps_growth;eps_next_year;operating_margin;earnings_window,False,"{'revenue_growth_yoy': 15.45, 'eps_growth_yoy': 19.15, 'eps_next_year': -3.91, 'operating_margin': 8.260000000000002}",,Finviz via finvizfinance screener views,2026-09-11T23:30:27+02:00,2026-08-05,,37,NORMAL,
FSLR,First Solar Inc,finviz_prefilter,revenue_growth;eps_growth,,price_min;market_cap_min;avg_volume_min;revenue_growth;eps_growth;eps_next_year;operating_margin;earnings_window,False,"{'revenue_growth_yoy': -3.73, 'eps_growth_yoy': 23.36, 'eps_next_year': 34.33, 'operating_margin': 34.98}",,Finviz via finvizfinance screener views,2026-09-11T23:30:27+02:00,2026-07-30,,43,NORMAL,
FSLY,Fastly Inc,finviz_prefilter,eps_next_year;operating_margin,,price_min;market_cap_min;avg_volume_min;revenue_growth;eps_growth;eps_next_year;operating_margin;earnings_window,False,"{'revenue_growth_yoy': 23.27, 'eps_growth_yoy': 61.59, 'eps_next_year': 11.15, 'operating_margin': -11.959999999999999}",,Finviz via finvizfinance screener views,2026-09-11T23:30:27+02:00,2026-08-05,,37,NORMAL,
FTAI,FTAI Aviation Ltd,finviz_prefilter,eps_growth,,price_min;market_cap_min;avg_volume_min;revenue_growth;eps_growth;eps_next_year;operating_margin;earnings_window,False,"{'revenue_growth_yoy': 40.79, 'eps_growth_yoy': -27.900000000000002, 'eps_next_year': 123.72, 'operating_margin': 25.119999999999997}",,Finviz via finvizfinance screener views,2026-09-11T23:30:27+02:00,2026-07-29,,44,NORMAL,"{'failed_gate': 'eps_growth', 'actual_value': -27.900000000000002, 'applicable_threshold': 20.0, 'distance_to_threshold': 47.900000000000006, 'distance_to_threshold_pct': 239.50000000000006, 'formula': 'minimo: distance = threshold - actual; pct = distance / abs(threshold) * 100'}"
FTNT,Fortinet Inc,finviz_prefilter,eps_next_year,,price_min;market_cap_min;avg_volume_min;revenue_growth;eps_growth;eps_next_year;operating_margin;earnings_window,False,"{'revenue_growth_yoy': 25.64, 'eps_growth_yoy': 43.86, 'eps_next_year': 9.43, 'operating_margin': 32.37}",,Finviz via finvizfinance screener views,2026-09-11T23:30:27+02:00,2026-07-29,,44,NORMAL,"{'failed_gate': 'eps_next_year', 'actual_value': 9.43, 'applicable_threshold': 15.0, 'distance_to_threshold': 5.57, 'distance_to_threshold_pct': 37.13333333333333, 'formula': 'minimo: distance = threshold - actual; pct = distance / abs(threshold) * 100'}"
FULT,Fulton Financial Corp,finviz_prefilter,revenue_growth;eps_growth;eps_next_year,,price_min;market_cap_min;avg_volume_min;revenue_growth;eps_growth;eps_next_year;operating_margin;earnings_window,False,"{'revenue_growth_yoy': 7.580000000000001, 'eps_growth_yoy': -1.58, 'eps_next_year': 10.09, 'operating_margin': 26.540000000000003}",,Finviz via finvizfinance screener views,2026-09-11T23:30:27+02:00,2026-07-22,,51,NORMAL,
FWONK,Liberty Media Corp,finviz_prefilter,revenue_growth;eps_growth,,price_min;market_cap_min;avg_volume_min;revenue_growth;eps_growth;eps_next_year;operating_margin;earnings_window,False,"{'revenue_growth_yoy': -30.349999999999998, 'eps_growth_yoy': -98.69, 'eps_next_year': 21.89, 'operating_margin': 12.45}",,Finviz via finvizfinance screener views,2026-09-11T23:30:27+02:00,2026-08-06,,36,NORMAL,
GEHC,GE HealthCare Technologies Inc,finviz_prefilter,revenue_growth;eps_growth;eps_next_year,,price_min;market_cap_min;avg_volume_min;revenue_growth;eps_growth;eps_next_year;operating_margin;earnings_window,False,"{'revenue_growth_yoy': 5.75, 'eps_growth_yoy': 16.45, 'eps_next_year': 10.41, 'operating_margin': 13.73}",,Finviz via finvizfinance screener views,2026-09-11T23:30:27+02:00,2026-07-29,,44,NORMAL,
GEN,Gen Digital Inc,finviz_prefilter,revenue_growth;eps_next_year,,price_min;market_cap_min;avg_volume_min;revenue_growth;eps_growth;eps_next_year;operating_margin;earnings_window,False,"{'revenue_growth_yoy': 6.279999999999999, 'eps_growth_yoy': 64.79, 'eps_next_year': 12.85, 'operating_margin': 42.8}",,Finviz via finvizfinance screener views,2026-09-11T23:30:27+02:00,2026-08-06,,36,NORMAL,
GFS,GlobalFoundries Inc,finviz_prefilter,revenue_growth;eps_growth,,price_min;market_cap_min;avg_volume_min;revenue_growth;eps_growth;eps_next_year;operating_margin;earnings_window,False,"{'revenue_growth_yoy': 5.81, 'eps_growth_yoy': -27.05, 'eps_next_year': 30.46, 'operating_margin': 11.59}",,Finviz via finvizfinance screener views,2026-09-11T23:30:27+02:00,2026-08-05,,37,NORMAL,
GH,Guardant Health Inc,finviz_prefilter,eps_growth;operating_margin,,price_min;market_cap_min;avg_volume_min;revenue_growth;eps_growth;eps_next_year;operating_margin;earnings_window,False,"{'revenue_growth_yoy': 44.330000000000005, 'eps_growth_yoy': -12.34, 'eps_next_year': 40.29, 'operating_margin': -39.7}",,Finviz via finvizfinance screener views,2026-09-11T23:30:27+02:00,2026-07-30,,43,NORMAL,
GILD,Gilead Sciences Inc,finviz_prefilter,revenue_growth;eps_growth,,price_min;market_cap_min;avg_volume_min;revenue_growth;eps_growth;eps_next_year;operating_margin;earnings_window,False,"{'revenue_growth_yoy': 10.73, 'eps_growth_yoy': -640.66, 'eps_next_year': 2345.42, 'operating_margin': 39.050000000000004}",,Finviz via finvizfinance screener views,2026-09-11T23:30:27+02:00,2026-08-04,,38,NORMAL,
GLNG,Golar Lng,finviz_prefilter,eps_next_year,,price_min;market_cap_min;avg_volume_min;revenue_growth;eps_growth;eps_next_year;operating_margin;earnings_window,False,"{'revenue_growth_yoy': 72.42, 'eps_growth_yoy': 145.13, 'eps_next_year': -53.93, 'operating_margin': 45.51}",,Finviz via finvizfinance screener views,2026-09-11T23:30:27+02:00,2026-08-13,,29,NORMAL,"{'failed_gate': 'eps_next_year', 'actual_value': -53.93, 'applicable_threshold': 15.0, 'distance_to_threshold': 68.93, 'distance_to_threshold_pct': 459.53333333333336, 'formula': 'minimo: distance = threshold - actual; pct = distance / abs(threshold) * 100'}"
GLPI,Gaming and Leisure Properties Inc,finviz_prefilter,revenue_growth;eps_next_year,,price_min;market_cap_min;avg_volume_min;revenue_growth;eps_growth;eps_next_year;operating_margin;earnings_window,False,"{'revenue_growth_yoy': 9.030000000000001, 'eps_growth_yoy': 46.54, 'eps_next_year': 3.33, 'operating_margin': 82.62}",,Finviz via finvizfinance screener views,2026-09-11T23:30:27+02:00,2026-07-30,,43,NORMAL,
GLXY,Galaxy Digital Inc,finviz_prefilter,revenue_growth;eps_growth,,price_min;market_cap_min;avg_volume_min;revenue_growth;eps_growth;eps_next_year;operating_margin;earnings_window,False,"{'revenue_growth_yoy': -73.19, 'eps_growth_yoy': -191.71, 'eps_next_year': 72.67, 'operating_margin': 29.720000000000002}",,Finviz via finvizfinance screener views,2026-09-11T23:30:27+02:00,2026-08-05,,37,NORMAL,
GNTX,Gentex Corp,finviz_prefilter,revenue_growth;eps_growth;eps_next_year,,price_min;market_cap_min;avg_volume_min;revenue_growth;eps_growth;eps_next_year;operating_margin;earnings_window,False,"{'revenue_growth_yoy': -1.0, 'eps_growth_yoy': 25.53, 'eps_next_year': 5.54, 'operating_margin': 19.55}",,Finviz via finvizfinance screener views,2026-09-11T23:30:27+02:00,2026-07-24,,49,NORMAL,
GOOG,Alphabet Inc,finviz_prefilter,eps_next_year,,price_min;market_cap_min;avg_volume_min;revenue_growth;eps_growth;eps_next_year;operating_margin;earnings_window,False,"{'revenue_growth_yoy': 23.98, 'eps_growth_yoy': 294.02, 'eps_next_year': -26.62, 'operating_margin': 33.96}",,Finviz via finvizfinance screener views,2026-09-11T23:30:27+02:00,2026-07-22,,51,NORMAL,"{'failed_gate': 'eps_next_year', 'actual_value': -26.62, 'applicable_threshold': 15.0, 'distance_to_threshold': 41.620000000000005, 'distance_to_threshold_pct': 277.4666666666667, 'formula': 'minimo: distance = threshold - actual; pct = distance / abs(threshold) * 100'}"
GOOGL,Alphabet Inc,finviz_prefilter,eps_next_year,,price_min;market_cap_min;avg_volume_min;revenue_growth;eps_growth;eps_next_year;operating_margin;earnings_window,False,"{'revenue_growth_yoy': 23.98, 'eps_growth_yoy': 294.02, 'eps_next_year': -26.58, 'operating_margin': 33.96}",,Finviz via finvizfinance screener views,2026-09-11T23:30:27+02:00,2026-07-22,,51,NORMAL,"{'failed_gate': 'eps_next_year', 'actual_value': -26.58, 'applicable_threshold': 15.0, 'distance_to_threshold': 41.58, 'distance_to_threshold_pct': 277.2, 'formula': 'minimo: distance = threshold - actual; pct = distance / abs(threshold) * 100'}"
GSAT,Globalstar Inc,finviz_prefilter,revenue_growth;eps_growth;operating_margin,,price_min;market_cap_min;avg_volume_min;revenue_growth;eps_growth;eps_next_year;operating_margin;earnings_window,False,"{'revenue_growth_yoy': -3.54, 'eps_growth_yoy': -274.38, 'eps_next_year': 83.29, 'operating_margin': 4.79}",,Finviz via finvizfinance screener views,2026-09-11T23:30:27+02:00,2026-08-06,,36,NORMAL,
GTLB,Gitlab Inc,finviz_prefilter,eps_growth;operating_margin,,price_min;market_cap_min;avg_volume_min;revenue_growth;eps_growth;eps_next_year;operating_margin;earnings_window,False,"{'revenue_growth_yoy': 21.310000000000002, 'eps_growth_yoy': -293.51, 'eps_next_year': 19.86, 'operating_margin': -8.07}",,Finviz via finvizfinance screener views,2026-09-11T23:30:27+02:00,2026-09-01,,10,PEAD_WINDOW,
GTX,Garrett Motion Inc,finviz_prefilter,revenue_growth;eps_growth;eps_next_year,,price_min;market_cap_min;avg_volume_min;revenue_growth;eps_growth;eps_next_year;operating_margin;earnings_window,False,"{'revenue_growth_yoy': 6.9, 'eps_growth_yoy': 25.009999999999998, 'eps_next_year': 13.54, 'operating_margin': 14.81}",,Finviz via finvizfinance screener views,2026-09-11T23:30:27+02:00,2026-07-29,,44,NORMAL,
HAS,Hasbro Inc,finviz_prefilter,revenue_growth;eps_next_year,,price_min;market_cap_min;avg_volume_min;revenue_growth;eps_growth;eps_next_year;operating_margin;earnings_window,False,"{'revenue_growth_yoy': 16.189999999999998, 'eps_growth_yoy': 118.42999999999999, 'eps_next_year': 5.94, 'operating_margin': 28.13}",,Finviz via finvizfinance screener views,2026-09-11T23:30:27+02:00,2026-07-21,,52,NORMAL,
HBAN,Huntington Bancshares Inc,finviz_prefilter,eps_growth,,price_min;market_cap_min;avg_volume_min;revenue_growth;eps_growth;eps_next_year;operating_margin;earnings_window,False,"{'revenue_growth_yoy': 38.019999999999996, 'eps_growth_yoy': -2.56, 'eps_next_year': 35.63, 'operating_margin': 20.51}",,Finviz via finvizfinance screener views,2026-09-11T23:30:27+02:00,2026-07-23,,50,NORMAL,"{'failed_gate': 'eps_growth', 'actual_value': -2.56, 'applicable_threshold': 30.0, 'distance_to_threshold': 32.56, 'distance_to_threshold_pct': 108.53333333333335, 'formula': 'minimo: distance = threshold - actual; pct = distance / abs(threshold) * 100'}"
HLNE,Hamilton Lane Inc,finviz_prefilter,eps_next_year,,price_min;market_cap_min;avg_volume_min;revenue_growth;eps_growth;eps_next_year;operating_margin;earnings_window,False,"{'revenue_growth_yoy': 56.48, 'eps_growth_yoy': 50.480000000000004, 'eps_next_year': 2.87, 'operating_margin': 54.620000000000005}",,Finviz via finvizfinance screener views,2026-09-11T23:30:27+02:00,2026-08-04,,38,NORMAL,"{'failed_gate': 'eps_next_year', 'actual_value': 2.87, 'applicable_threshold': 15.0, 'distance_to_threshold': 12.129999999999999, 'distance_to_threshold_pct': 80.86666666666666, 'formula': 'minimo: distance = threshold - actual; pct = distance / abs(threshold) * 100'}"
HON,Honeywell International Inc,finviz_prefilter,revenue_growth,,price_min;market_cap_min;avg_volume_min;revenue_growth;eps_growth;eps_next_year;operating_margin;earnings_window,False,"{'revenue_growth_yoy': -6.12, 'eps_growth_yoy': 264.01, 'eps_next_year': 19.87, 'operating_margin': 19.17}",,Finviz via finvizfinance screener views,2026-09-11T23:30:27+02:00,2026-07-23,,50,NORMAL,"{'failed_gate': 'revenue_growth', 'actual_value': -6.12, 'applicable_threshold': 20.0, 'distance_to_threshold': 26.12, 'distance_to_threshold_pct': 130.6, 'formula': 'minimo: distance = threshold - actual; pct = distance / abs(threshold) * 100'}"
HQY,Healthequity Inc,finviz_prefilter,revenue_growth;eps_growth,,price_min;market_cap_min;avg_volume_min;revenue_growth;eps_growth;eps_next_year;operating_margin;earnings_window,False,"{'revenue_growth_yoy': 7.6499999999999995, 'eps_growth_yoy': 14.56, 'eps_next_year': 16.43, 'operating_margin': 26.119999999999997}",,Finviz via finvizfinance screener views,2026-09-11T23:30:27+02:00,2026-08-27,,15,PEAD_WINDOW,
HRMY,Harmony Biosciences Holdings Inc,finviz_prefilter,eps_next_year,,price_min;market_cap_min;avg_volume_min;revenue_growth;eps_growth;eps_next_year;operating_margin;earnings_window,False,"{'revenue_growth_yoy': 30.320000000000004, 'eps_growth_yoy': 88.57000000000001, 'eps_next_year': 8.52, 'operating_margin': 24.03}",,Finviz via finvizfinance screener views,2026-09-11T23:30:27+02:00,2026-08-04,,38,NORMAL,"{'failed_gate': 'eps_next_year', 'actual_value': 8.52, 'applicable_threshold': 15.0, 'distance_to_threshold': 6.48, 'distance_to_threshold_pct': 43.2, 'formula': 'minimo: distance = threshold - actual; pct = distance / abs(threshold) * 100'}"
HSIC,Henry Schein Inc,finviz_prefilter,revenue_growth;eps_growth;eps_next_year;operating_margin,,price_min;market_cap_min;avg_volume_min;revenue_growth;eps_growth;eps_next_year;operating_margin;earnings_window,False,"{'revenue_growth_yoy': 6.7299999999999995, 'eps_growth_yoy': 17.18, 'eps_next_year': 11.63, 'operating_margin': 5.9799999999999995}",,Finviz via finvizfinance screener views,2026-09-11T23:30:27+02:00,2026-08-04,,38,NORMAL,
HST,Host Hotels & Resorts Inc,finviz_prefilter,revenue_growth;eps_growth;eps_next_year,,price_min;market_cap_min;avg_volume_min;revenue_growth;eps_growth;eps_next_year;operating_margin;earnings_window,False,"{'revenue_growth_yoy': 3.4000000000000004, 'eps_growth_yoy': 8.32, 'eps_next_year': -22.78, 'operating_margin': 14.360000000000001}",,Finviz via finvizfinance screener views,2026-09-11T23:30:27+02:00,2026-08-05,,37,NORMAL,
HTFL,Heartflow Inc,finviz_prefilter,eps_growth;operating_margin,,price_min;market_cap_min;avg_volume_min;revenue_growth;eps_growth;eps_next_year;operating_margin;earnings_window,False,"{'revenue_growth_yoy': 47.57, 'eps_growth_yoy': -65.19, 'eps_next_year': 38.1, 'operating_margin': -34.31}",,Finviz via finvizfinance screener views,2026-09-11T23:30:27+02:00,2026-08-13,,29,NORMAL,
HUBG,Hub Group Inc,finviz_prefilter,revenue_growth;eps_growth;operating_margin,,price_min;market_cap_min;avg_volume_min;revenue_growth;eps_growth;eps_next_year;operating_margin;earnings_window,False,"{'revenue_growth_yoy': -5.3100000000000005, 'eps_growth_yoy': 22.21, 'eps_next_year': 38.39, 'operating_margin': 3.81}",,Finviz via finvizfinance screener views,2026-09-11T23:30:27+02:00,2026-07-30,,43,NORMAL,
HUT,Hut 8 Corp,finviz_prefilter,eps_growth;operating_margin,,price_min;market_cap_min;avg_volume_min;revenue_growth;eps_growth;eps_next_year;operating_margin;earnings_window,False,"{'revenue_growth_yoy': 81.44, 'eps_growth_yoy': -207.87, 'eps_next_year': 23.97, 'operating_margin': -54.09}",,Finviz via finvizfinance screener views,2026-09-11T23:30:27+02:00,2026-08-04,,38,NORMAL,
HWC,Hancock Whitney Corp,finviz_prefilter,revenue_growth;eps_growth;eps_next_year,,price_min;market_cap_min;avg_volume_min;revenue_growth;eps_growth;eps_next_year;operating_margin;earnings_window,False,"{'revenue_growth_yoy': 4.44, 'eps_growth_yoy': 18.14, 'eps_next_year': 12.39, 'operating_margin': 27.36}",,Finviz via finvizfinance screener views,2026-09-11T23:30:27+02:00,2026-07-21,,52,NORMAL,
ICHR,Ichor Holdings Ltd,finviz_prefilter,operating_margin,,price_min;market_cap_min;avg_volume_min;revenue_growth;eps_growth;eps_next_year;operating_margin;earnings_window,False,"{'revenue_growth_yoy': 22.68, 'eps_growth_yoy': 109.99000000000001, 'eps_next_year': 108.2, 'operating_margin': 1.32}",,Finviz via finvizfinance screener views,2026-09-11T23:30:27+02:00,2026-08-03,,39,NORMAL,"{'failed_gate': 'operating_margin', 'actual_value': 1.32, 'applicable_threshold': 8.0, 'distance_to_threshold': 6.68, 'distance_to_threshold_pct': 83.5, 'formula': 'minimo: distance = threshold - actual; pct = distance / abs(threshold) * 100'}"
ICLR,Icon Plc,finviz_prefilter,revenue_growth;eps_growth;eps_next_year,,price_min;market_cap_min;avg_volume_min;revenue_growth;eps_growth;eps_next_year;operating_margin;earnings_window,False,"{'revenue_growth_yoy': 1.2, 'eps_growth_yoy': -63.33, 'eps_next_year': 12.67, 'operating_margin': 10.14}",,Finviz via finvizfinance screener views,2026-09-11T23:30:27+02:00,2026-07-29,,44,NORMAL,
IDYA,Ideaya Biosciences Inc,finviz_prefilter,eps_next_year;operating_margin,revenue_growth;eps_growth,price_min;market_cap_min;avg_volume_min;eps_next_year;operating_margin;earnings_window,False,"{'revenue_growth_yoy': None, 'eps_growth_yoy': -39.46, 'eps_next_year': 10.2, 'operating_margin': -92.66}",,Finviz via finvizfinance screener views,2026-09-11T23:30:27+02:00,2026-08-04,,38,NORMAL,
ILMN,Illumina Inc,finviz_prefilter,revenue_growth;eps_growth;eps_next_year,,price_min;market_cap_min;avg_volume_min;revenue_growth;eps_growth;eps_next_year;operating_margin;earnings_window,False,"{'revenue_growth_yoy': 9.84, 'eps_growth_yoy': -9.610000000000001, 'eps_next_year': 13.62, 'operating_margin': 19.869999999999997}",,Finviz via finvizfinance screener views,2026-09-11T23:30:27+02:00,2026-07-30,,43,NORMAL,
IMNM,Immunome Inc,finviz_prefilter,revenue_growth;eps_growth;eps_next_year,operating_margin,price_min;market_cap_min;avg_volume_min;revenue_growth;eps_growth;eps_next_year;earnings_window,False,"{'revenue_growth_yoy': -100.0, 'eps_growth_yoy': -29.43, 'eps_next_year': -6.21, 'operating_margin': None}",,Finviz via finvizfinance screener views,2026-09-11T23:30:27+02:00,2026-08-11,,31,NORMAL,
INDV,Indivior Pharmaceuticals Inc,finviz_prefilter,revenue_growth;eps_next_year,,price_min;market_cap_min;avg_volume_min;revenue_growth;eps_growth;eps_next_year;operating_margin;earnings_window,False,"{'revenue_growth_yoy': 13.58, 'eps_growth_yoy': 588.52, 'eps_next_year': 9.44, 'operating_margin': 39.94}",,Finviz via finvizfinance screener views,2026-09-11T23:30:27+02:00,2026-08-03,,39,NORMAL,
INSM,Insmed Inc,finviz_prefilter,operating_margin,,price_min;market_cap_min;avg_volume_min;revenue_growth;eps_growth;eps_next_year;operating_margin;earnings_window,False,"{'revenue_growth_yoy': 296.11, 'eps_growth_yoy': 96.41999999999999, 'eps_next_year': 157.16, 'operating_margin': -71.43}",,Finviz via finvizfinance screener views,2026-09-11T23:30:27+02:00,2026-08-06,,36,NORMAL,"{'failed_gate': 'operating_margin', 'actual_value': -71.43, 'applicable_threshold': 8.0, 'distance_to_threshold': 79.43, 'distance_to_threshold_pct': 992.8750000000001, 'formula': 'minimo: distance = threshold - actual; pct = distance / abs(threshold) * 100'}"
INTA,Intapp Inc,finviz_prefilter,revenue_growth;eps_growth;operating_margin,,price_min;market_cap_min;avg_volume_min;revenue_growth;eps_growth;eps_next_year;operating_margin;earnings_window,False,"{'revenue_growth_yoy': 12.950000000000001, 'eps_growth_yoy': -1009.23, 'eps_next_year': 22.3, 'operating_margin': -6.0600000000000005}",,Finviz via finvizfinance screener views,2026-09-11T23:30:27+02:00,2026-08-04,,38,NORMAL,
INTC,Intel Corp,finviz_prefilter,eps_growth,,price_min;market_cap_min;avg_volume_min;revenue_growth;eps_growth;eps_next_year;operating_margin;earnings_window,False,"{'revenue_growth_yoy': 25.419999999999998, 'eps_growth_yoy': -223.64000000000001, 'eps_next_year': 38.45, 'operating_margin': 8.03}",,Finviz via finvizfinance screener views,2026-09-11T23:30:27+02:00,2026-07-23,,50,NORMAL,"{'failed_gate': 'eps_growth', 'actual_value': -223.64000000000001, 'applicable_threshold': 30.0, 'distance_to_threshold': 253.64000000000001, 'distance_to_threshold_pct': 845.4666666666666, 'formula': 'minimo: distance = threshold - actual; pct = distance / abs(threshold) * 100'}"
INTU,Intuit Inc,finviz_prefilter,revenue_growth;eps_growth;eps_next_year,,price_min;market_cap_min;avg_volume_min;revenue_growth;eps_growth;eps_next_year;operating_margin;earnings_window,False,"{'revenue_growth_yoy': 13.65, 'eps_growth_yoy': -1.22, 'eps_next_year': 13.26, 'operating_margin': 28.799999999999997}",,Finviz via finvizfinance screener views,2026-09-11T23:30:27+02:00,2026-08-25,,17,NORMAL,
IONS,Ionis Pharmaceuticals Inc,finviz_prefilter,revenue_growth;eps_growth;operating_margin,,price_min;market_cap_min;avg_volume_min;revenue_growth;eps_growth;eps_next_year;operating_margin;earnings_window,False,"{'revenue_growth_yoy': -40.73, 'eps_growth_yoy': -202.29, 'eps_next_year': 46.14, 'operating_margin': -68.08999999999999}",,Finviz via finvizfinance screener views,2026-09-11T23:30:27+02:00,2026-07-29,,44,NORMAL,
IRDM,Iridium Communications Inc,finviz_prefilter,revenue_growth;eps_growth,,price_min;market_cap_min;avg_volume_min;revenue_growth;eps_growth;eps_next_year;operating_margin;earnings_window,False,"{'revenue_growth_yoy': 3.84, 'eps_growth_yoy': -56.08, 'eps_next_year': 41.72, 'operating_margin': 23.76}",,Finviz via finvizfinance screener views,2026-09-11T23:30:27+02:00,2026-07-22,,51,NORMAL,
IREN,IREN Ltd,finviz_prefilter,revenue_growth;eps_growth;operating_margin,,price_min;market_cap_min;avg_volume_min;revenue_growth;eps_growth;eps_next_year;operating_margin;earnings_window,False,"{'revenue_growth_yoy': -26.740000000000002, 'eps_growth_yoy': -361.57, 'eps_next_year': 175.38, 'operating_margin': -53.68000000000001}",,Finviz via finvizfinance screener views,2026-09-11T23:30:27+02:00,2026-08-27,,15,PEAD_WINDOW,
ISRG,Intuitive Surgical Inc,finviz_prefilter,revenue_growth;eps_growth;eps_next_year,,price_min;market_cap_min;avg_volume_min;revenue_growth;eps_growth;eps_next_year;operating_margin;earnings_window,False,"{'revenue_growth_yoy': 18.54, 'eps_growth_yoy': 26.619999999999997, 'eps_next_year': 11.87, 'operating_margin': 31.28}",,Finviz via finvizfinance screener views,2026-09-11T23:30:27+02:00,2026-07-16,,57,NORMAL,
ITRI,Itron Inc,finviz_prefilter,revenue_growth;eps_growth;eps_next_year,,price_min;market_cap_min;avg_volume_min;revenue_growth;eps_growth;eps_next_year;operating_margin;earnings_window,False,"{'revenue_growth_yoy': -7.23, 'eps_growth_yoy': -18.95, 'eps_next_year': 8.03, 'operating_margin': 13.87}",,Finviz via finvizfinance screener views,2026-09-11T23:30:27+02:00,2026-07-28,,45,NORMAL,
JAZZ,Jazz Pharmaceuticals plc,finviz_prefilter,revenue_growth;eps_next_year,,price_min;market_cap_min;avg_volume_min;revenue_growth;eps_growth;eps_next_year;operating_margin;earnings_window,False,"{'revenue_growth_yoy': 15.55, 'eps_growth_yoy': 123.66, 'eps_next_year': 3.47, 'operating_margin': 20.76}",,Finviz via finvizfinance screener views,2026-09-11T23:30:27+02:00,2026-08-03,,39,NORMAL,
JBHT,J.B. Hunt Transport Services Inc,finviz_prefilter,revenue_growth;operating_margin,,price_min;market_cap_min;avg_volume_min;revenue_growth;eps_growth;eps_next_year;operating_margin;earnings_window,False,"{'revenue_growth_yoy': 19.37, 'eps_growth_yoy': 45.25, 'eps_next_year': 29.71, 'operating_margin': 7.59}",,Finviz via finvizfinance screener views,2026-09-11T23:30:27+02:00,2026-07-15,,58,NORMAL,
JKHY,Jack Henry & Associates Inc,finviz_prefilter,revenue_growth;eps_growth;eps_next_year,,price_min;market_cap_min;avg_volume_min;revenue_growth;eps_growth;eps_next_year;operating_margin;earnings_window,False,"{'revenue_growth_yoy': 2.88, 'eps_growth_yoy': -10.209999999999999, 'eps_next_year': 9.29, 'operating_margin': 24.93}",,Finviz via finvizfinance screener views,2026-09-11T23:30:27+02:00,2026-08-18,,24,NORMAL,
KDP,Keurig Dr Pepper Inc,finviz_prefilter,eps_growth;eps_next_year,,price_min;market_cap_min;avg_volume_min;revenue_growth;eps_growth;eps_next_year;operating_margin;earnings_window,False,"{'revenue_growth_yoy': 75.57000000000001, 'eps_growth_yoy': -89.03999999999999, 'eps_next_year': 10.51, 'operating_margin': 16.950000000000003}",,Finviz via finvizfinance screener views,2026-09-11T23:30:27+02:00,2026-08-06,,36,NORMAL,
KHC,Kraft Heinz Co,finviz_prefilter,revenue_growth;eps_next_year,,price_min;market_cap_min;avg_volume_min;revenue_growth;eps_growth;eps_next_year;operating_margin;earnings_window,False,"{'revenue_growth_yoy': -1.4200000000000002, 'eps_growth_yoy': 30.270000000000003, 'eps_next_year': 0.83, 'operating_margin': 17.119999999999997}",,Finviz via finvizfinance screener views,2026-09-11T23:30:27+02:00,2026-08-05,,37,NORMAL,
KLAC,KLA Corp,finviz_prefilter,revenue_growth;eps_growth,,price_min;market_cap_min;avg_volume_min;revenue_growth;eps_growth;eps_next_year;operating_margin;earnings_window,False,"{'revenue_growth_yoy': 15.18, 'eps_growth_yoy': 14.39, 'eps_next_year': 21.96, 'operating_margin': 41.68}",,Finviz via finvizfinance screener views,2026-09-11T23:30:27+02:00,2026-07-28,,45,NORMAL,
KMB,Kimberly-Clark Corp,finviz_prefilter,revenue_growth;eps_growth;eps_next_year,,price_min;market_cap_min;avg_volume_min;revenue_growth;eps_growth;eps_next_year;operating_margin;earnings_window,False,"{'revenue_growth_yoy': 0.62, 'eps_growth_yoy': -32.22, 'eps_next_year': 0.26, 'operating_margin': 14.24}",,Finviz via finvizfinance screener views,2026-09-11T23:30:27+02:00,2026-08-04,,38,NORMAL,
KTOS,Kratos Defense & Security Solutions Inc,finviz_prefilter,eps_growth;operating_margin,,price_min;market_cap_min;avg_volume_min;revenue_growth;eps_growth;eps_next_year;operating_margin;earnings_window,False,"{'revenue_growth_yoy': 30.53, 'eps_growth_yoy': 26.090000000000003, 'eps_next_year': 34.4, 'operating_margin': 1.6}",,Finviz via finvizfinance screener views,2026-09-11T23:30:27+02:00,2026-08-04,,38,NORMAL,
KYMR,Kymera Therapeutics Inc,finviz_prefilter,eps_next_year;operating_margin,,price_min;market_cap_min;avg_volume_min;revenue_growth;eps_growth;eps_next_year;operating_margin;earnings_window,False,"{'revenue_growth_yoy': 466.4, 'eps_growth_yoy': 34.53, 'eps_next_year': -30.03, 'operating_margin': -329.83}",,Finviz via finvizfinance screener views,2026-09-11T23:30:27+02:00,2026-08-05,,37,NORMAL,
LASR,nLIGHT Inc,finviz_prefilter,operating_margin,,price_min;market_cap_min;avg_volume_min;revenue_growth;eps_growth;eps_next_year;operating_margin;earnings_window,False,"{'revenue_growth_yoy': 33.78, 'eps_growth_yoy': 67.54, 'eps_next_year': 27.13, 'operating_margin': -4.62}",,Finviz via finvizfinance screener views,2026-09-11T23:30:27+02:00,2026-08-06,,36,NORMAL,"{'failed_gate': 'operating_margin', 'actual_value': -4.62, 'applicable_threshold': 8.0, 'distance_to_threshold': 12.620000000000001, 'distance_to_threshold_pct': 157.75, 'formula': 'minimo: distance = threshold - actual; pct = distance / abs(threshold) * 100'}"
LAUR,Laureate Education Inc,finviz_prefilter,revenue_growth,,price_min;market_cap_min;avg_volume_min;revenue_growth;eps_growth;eps_next_year;operating_margin;earnings_window,False,"{'revenue_growth_yoy': 17.5, 'eps_growth_yoy': 51.23, 'eps_next_year': 15.86, 'operating_margin': 24.42}",,Finviz via finvizfinance screener views,2026-09-11T23:30:27+02:00,2026-07-30,,43,NORMAL,"{'failed_gate': 'revenue_growth', 'actual_value': 17.5, 'applicable_threshold': 20.0, 'distance_to_threshold': 2.5, 'distance_to_threshold_pct': 12.5, 'formula': 'minimo: distance = threshold - actual; pct = distance / abs(threshold) * 100'}"
LGN,Legence Corp,finviz_prefilter,eps_growth;operating_margin,,price_min;market_cap_min;avg_volume_min;revenue_growth;eps_growth;eps_next_year;operating_margin;earnings_window,False,"{'revenue_growth_yoy': 110.74, 'eps_growth_yoy': -306.44, 'eps_next_year': 113.45, 'operating_margin': 3.04}",,Finviz via finvizfinance screener views,2026-09-11T23:30:27+02:00,2026-08-13,,29,NORMAL,
LIF,Life360 Inc,finviz_prefilter,eps_growth;operating_margin,,price_min;market_cap_min;avg_volume_min;revenue_growth;eps_growth;eps_next_year;operating_margin;earnings_window,False,"{'revenue_growth_yoy': 37.769999999999996, 'eps_growth_yoy': -28.71, 'eps_next_year': 45.24, 'operating_margin': 1.1400000000000001}",,Finviz via finvizfinance screener views,2026-09-11T23:30:27+02:00,2026-08-10,,32,NORMAL,
LIFE,Ethos Technologies Inc,finviz_prefilter,eps_growth;operating_margin,,price_min;market_cap_min;avg_volume_min;revenue_growth;eps_growth;eps_next_year;operating_margin;earnings_window,False,"{'revenue_growth_yoy': 113.35, 'eps_growth_yoy': 4.25, 'eps_next_year': 145.66, 'operating_margin': -17.669999999999998}",,Finviz via finvizfinance screener views,2026-09-11T23:30:27+02:00,2026-08-03,,39,NORMAL,
LIN,Linde Plc,finviz_prefilter,revenue_growth;eps_growth;eps_next_year,,price_min;market_cap_min;avg_volume_min;revenue_growth;eps_growth;eps_next_year;operating_margin;earnings_window,False,"{'revenue_growth_yoy': 9.35, 'eps_growth_yoy': 11.3, 'eps_next_year': 9.56, 'operating_margin': 27.1}",,Finviz via finvizfinance screener views,2026-09-11T23:30:27+02:00,2026-07-31,,42,NORMAL,
LINE,Lineage Inc,finviz_prefilter,revenue_growth;eps_growth;operating_margin,,price_min;market_cap_min;avg_volume_min;revenue_growth;eps_growth;eps_next_year;operating_margin;earnings_window,False,"{'revenue_growth_yoy': 0.8099999999999999, 'eps_growth_yoy': -385.5, 'eps_next_year': 17.79, 'operating_margin': 4.32}",,Finviz via finvizfinance screener views,2026-09-11T23:30:27+02:00,2026-08-05,,37,NORMAL,
LITE,Lumentum Holdings Inc,finviz_prefilter,eps_growth,,price_min;market_cap_min;avg_volume_min;revenue_growth;eps_growth;eps_next_year;operating_margin;earnings_window,False,"{'revenue_growth_yoy': 109.33999999999999, 'eps_growth_yoy': -2957.5099999999998, 'eps_next_year': 56.35, 'operating_margin': 17.89}",,Finviz via finvizfinance screener views,2026-09-11T23:30:27+02:00,2026-08-11,,31,NORMAL,"{'failed_gate': 'eps_growth', 'actual_value': -2957.5099999999998, 'applicable_threshold': 20.0, 'distance_to_threshold': 2977.5099999999998, 'distance_to_threshold_pct': 14887.55, 'formula': 'minimo: distance = threshold - actual; pct = distance / abs(threshold) * 100'}"
LKQ,LKQ Corp,finviz_prefilter,revenue_growth;eps_growth;operating_margin,,price_min;market_cap_min;avg_volume_min;revenue_growth;eps_growth;eps_next_year;operating_margin;earnings_window,False,"{'revenue_growth_yoy': -6.43, 'eps_growth_yoy': -27.63, 'eps_next_year': 15.2, 'operating_margin': 7.24}",,Finviz via finvizfinance screener views,2026-09-11T23:30:27+02:00,2026-07-30,,43,NORMAL,
LNT,Alliant Energy Corp,finviz_prefilter,revenue_growth;eps_growth;eps_next_year,,price_min;market_cap_min;avg_volume_min;revenue_growth;eps_growth;eps_next_year;operating_margin;earnings_window,False,"{'revenue_growth_yoy': 1.04, 'eps_growth_yoy': -3.64, 'eps_next_year': 7.4, 'operating_margin': 22.1}",,Finviz via finvizfinance screener views,2026-09-11T23:30:27+02:00,2026-07-30,,43,NORMAL,
LNTH,Lantheus Holdings Inc,finviz_prefilter,revenue_growth;eps_growth,,price_min;market_cap_min;avg_volume_min;revenue_growth;eps_growth;eps_next_year;operating_margin;earnings_window,False,"{'revenue_growth_yoy': 2.68, 'eps_growth_yoy': -0.79, 'eps_next_year': 18.84, 'operating_margin': 19.45}",,Finviz via finvizfinance screener views,2026-09-11T23:30:27+02:00,2026-08-06,,36,NORMAL,
LOGI,Logitech International SA,finviz_prefilter,revenue_growth;eps_next_year,,price_min;market_cap_min;avg_volume_min;revenue_growth;eps_growth;eps_next_year;operating_margin;earnings_window,False,"{'revenue_growth_yoy': 6.93, 'eps_growth_yoy': 65.89, 'eps_next_year': 7.57, 'operating_margin': 18.14}",,Finviz via finvizfinance screener views,2026-09-11T23:30:27+02:00,2026-07-28,,45,NORMAL,
LULU,Lululemon Athletica Inc,finviz_prefilter,revenue_growth;eps_growth;eps_next_year,,price_min;market_cap_min;avg_volume_min;revenue_growth;eps_growth;eps_next_year;operating_margin;earnings_window,False,"{'revenue_growth_yoy': -4.34, 'eps_growth_yoy': -5.92, 'eps_next_year': -11.34, 'operating_margin': 18.029999999999998}",,Finviz via finvizfinance screener views,2026-09-11T23:30:27+02:00,2026-09-03,,8,PEAD_WINDOW,
LYFT,Lyft Inc,finviz_prefilter,revenue_growth;operating_margin,,price_min;market_cap_min;avg_volume_min;revenue_growth;eps_growth;eps_next_year;operating_margin;earnings_window,False,"{'revenue_growth_yoy': 16.08, 'eps_growth_yoy': 36.620000000000005, 'eps_next_year': 78.97, 'operating_margin': -1.67}",,Finviz via finvizfinance screener views,2026-09-11T23:30:27+02:00,2026-08-06,,36,NORMAL,
MANH,Manhattan Associates Inc,finviz_prefilter,revenue_growth;eps_growth;eps_next_year,,price_min;market_cap_min;avg_volume_min;revenue_growth;eps_growth;eps_next_year;operating_margin;earnings_window,False,"{'revenue_growth_yoy': 9.31, 'eps_growth_yoy': -8.200000000000001, 'eps_next_year': 11.79, 'operating_margin': 25.06}",,Finviz via finvizfinance screener views,2026-09-11T23:30:27+02:00,2026-07-28,,45,NORMAL,
MAR,Marriott International Inc,finviz_prefilter,revenue_growth;eps_growth;eps_next_year,,price_min;market_cap_min;avg_volume_min;revenue_growth;eps_growth;eps_next_year;operating_margin;earnings_window,False,"{'revenue_growth_yoy': 4.8500000000000005, 'eps_growth_yoy': 4.26, 'eps_next_year': 11.84, 'operating_margin': 15.73}",,Finviz via finvizfinance screener views,2026-09-11T23:30:27+02:00,2026-08-03,,39,NORMAL,
MDB,MongoDB Inc,finviz_prefilter,operating_margin,,price_min;market_cap_min;avg_volume_min;revenue_growth;eps_growth;eps_next_year;operating_margin;earnings_window,False,"{'revenue_growth_yoy': 30.5, 'eps_growth_yoy': 186.04, 'eps_next_year': 19.24, 'operating_margin': -0.54}",,Finviz via finvizfinance screener views,2026-09-11T23:30:27+02:00,2026-09-01,,10,PEAD_WINDOW,"{'failed_gate': 'operating_margin', 'actual_value': -0.54, 'applicable_threshold': 8.0, 'distance_to_threshold': 8.54, 'distance_to_threshold_pct': 106.74999999999999, 'formula': 'minimo: distance = threshold - actual; pct = distance / abs(threshold) * 100'}"
MDLN,Medline Inc,finviz_prefilter,revenue_growth;eps_growth;eps_next_year;operating_margin,,price_min;market_cap_min;avg_volume_min;revenue_growth;eps_growth;eps_next_year;operating_margin;earnings_window,False,"{'revenue_growth_yoy': 11.600000000000001, 'eps_growth_yoy': -83.26, 'eps_next_year': 5.32, 'operating_margin': 6.5}",,Finviz via finvizfinance screener views,2026-09-11T23:30:27+02:00,2026-08-05,,37,NORMAL,
MDLZ,Mondelez International Inc,finviz_prefilter,revenue_growth;eps_next_year,,price_min;market_cap_min;avg_volume_min;revenue_growth;eps_growth;eps_next_year;operating_margin;earnings_window,False,"{'revenue_growth_yoy': 4.130000000000001, 'eps_growth_yoy': 143.73, 'eps_next_year': 10.26, 'operating_margin': 15.840000000000002}",,Finviz via finvizfinance screener views,2026-09-11T23:30:27+02:00,2026-07-28,,45,NORMAL,
MEOH,Methanex Corp,finviz_prefilter,eps_next_year,,price_min;market_cap_min;avg_volume_min;revenue_growth;eps_growth;eps_next_year;operating_margin;earnings_window,False,"{'revenue_growth_yoy': 75.17, 'eps_growth_yoy': 168.79999999999998, 'eps_next_year': -39.29, 'operating_margin': 17.37}",,Finviz via finvizfinance screener views,2026-09-11T23:30:27+02:00,2026-07-28,,45,NORMAL,"{'failed_gate': 'eps_next_year', 'actual_value': -39.29, 'applicable_threshold': 15.0, 'distance_to_threshold': 54.29, 'distance_to_threshold_pct': 361.9333333333333, 'formula': 'minimo: distance = threshold - actual; pct = distance / abs(threshold) * 100'}"
META,Meta Platforms Inc,finviz_prefilter,eps_growth;eps_next_year,,price_min;market_cap_min;avg_volume_min;revenue_growth;eps_growth;eps_next_year;operating_margin;earnings_window,False,"{'revenue_growth_yoy': 27.96, 'eps_growth_yoy': -13.44, 'eps_next_year': 7.58, 'operating_margin': 38.080000000000005}",,Finviz via finvizfinance screener views,2026-09-11T23:30:27+02:00,2026-07-29,,44,NORMAL,
MGNI,Magnite Inc,finviz_prefilter,revenue_growth,,price_min;market_cap_min;avg_volume_min;revenue_growth;eps_growth;eps_next_year;operating_margin;earnings_window,False,"{'revenue_growth_yoy': 11.24, 'eps_growth_yoy': 75.22999999999999, 'eps_next_year': 18.52, 'operating_margin': 15.65}",,Finviz via finvizfinance screener views,2026-09-11T23:30:27+02:00,2026-08-05,,37,NORMAL,"{'failed_gate': 'revenue_growth', 'actual_value': 11.24, 'applicable_threshold': 20.0, 'distance_to_threshold': 8.76, 'distance_to_threshold_pct': 43.8, 'formula': 'minimo: distance = threshold - actual; pct = distance / abs(threshold) * 100'}"
MIRM,Mirum Pharmaceuticals Inc,finviz_prefilter,eps_growth;operating_margin,,price_min;market_cap_min;avg_volume_min;revenue_growth;eps_growth;eps_next_year;operating_margin;earnings_window,False,"{'revenue_growth_yoy': 37.92, 'eps_growth_yoy': -799.75, 'eps_next_year': 94.97, 'operating_margin': -14.760000000000002}",,Finviz via finvizfinance screener views,2026-09-11T23:30:27+02:00,2026-08-05,,37,NORMAL,
MKTX,MarketAxess Holdings Inc,finviz_prefilter,revenue_growth;eps_growth;eps_next_year,,price_min;market_cap_min;avg_volume_min;revenue_growth;eps_growth;eps_next_year;operating_margin;earnings_window,False,"{'revenue_growth_yoy': -2.75, 'eps_growth_yoy': 1.31, 'eps_next_year': 9.03, 'operating_margin': 40.28}",,Finviz via finvizfinance screener views,2026-09-11T23:30:27+02:00,2026-07-30,,43,NORMAL,
MMED,MiniMed Group Inc,finviz_prefilter,revenue_growth;eps_next_year,operating_margin,price_min;market_cap_min;avg_volume_min;revenue_growth;eps_growth;eps_next_year;earnings_window,False,"{'revenue_growth_yoy': 16.439999999999998, 'eps_growth_yoy': 100.0, 'eps_next_year': -3.12, 'operating_margin': None}",,Finviz via finvizfinance screener views,2026-09-11T23:30:27+02:00,2026-09-01,,10,PEAD_WINDOW,
MMSI,Merit Medical Systems Inc,finviz_prefilter,revenue_growth;eps_growth;eps_next_year,,price_min;market_cap_min;avg_volume_min;revenue_growth;eps_growth;eps_next_year;operating_margin;earnings_window,False,"{'revenue_growth_yoy': 9.83, 'eps_growth_yoy': 20.3, 'eps_next_year': 7.19, 'operating_margin': 12.690000000000001}",,Finviz via finvizfinance screener views,2026-09-11T23:30:27+02:00,2026-07-30,,43,NORMAL,
MMYT,MakeMyTrip Ltd,finviz_prefilter,revenue_growth;eps_growth,,price_min;market_cap_min;avg_volume_min;revenue_growth;eps_growth;eps_next_year;operating_margin;earnings_window,False,"{'revenue_growth_yoy': 6.22, 'eps_growth_yoy': -61.53999999999999, 'eps_next_year': 97.7, 'operating_margin': 14.95}",,Finviz via finvizfinance screener views,2026-09-11T23:30:27+02:00,2026-08-03,,39,NORMAL,
MNDY,Monday.Com Ltd,finviz_prefilter,operating_margin,,price_min;market_cap_min;avg_volume_min;revenue_growth;eps_growth;eps_next_year;operating_margin;earnings_window,False,"{'revenue_growth_yoy': 21.94, 'eps_growth_yoy': 163.73, 'eps_next_year': 22.27, 'operating_margin': 2.9000000000000004}",,Finviz via finvizfinance screener views,2026-09-11T23:30:27+02:00,2026-08-10,,32,NORMAL,"{'failed_gate': 'operating_margin', 'actual_value': 2.9000000000000004, 'applicable_threshold': 8.0, 'distance_to_threshold': 5.1, 'distance_to_threshold_pct': 63.74999999999999, 'formula': 'minimo: distance = threshold - actual; pct = distance / abs(threshold) * 100'}"
MNST,Monster Beverage Corp,finviz_prefilter,eps_growth;eps_next_year,,price_min;market_cap_min;avg_volume_min;revenue_growth;eps_growth;eps_next_year;operating_margin;earnings_window,False,"{'revenue_growth_yoy': 20.169999999999998, 'eps_growth_yoy': 19.040000000000003, 'eps_next_year': 13.04, 'operating_margin': 29.160000000000004}",,Finviz via finvizfinance screener views,2026-09-11T23:30:27+02:00,2026-08-06,,36,NORMAL,
MRNA,Moderna Inc,finviz_prefilter,revenue_growth;eps_growth;operating_margin,,price_min;market_cap_min;avg_volume_min;revenue_growth;eps_growth;eps_next_year;operating_margin;earnings_window,False,"{'revenue_growth_yoy': 2.11, 'eps_growth_yoy': 7.6, 'eps_next_year': 42.6, 'operating_margin': -149.01}",,Finviz via finvizfinance screener views,2026-09-11T23:30:27+02:00,2026-07-31,,42,NORMAL,
MRX,Marex Group Ltd,finviz_prefilter,eps_next_year,,price_min;market_cap_min;avg_volume_min;revenue_growth;eps_growth;eps_next_year;operating_margin;earnings_window,False,"{'revenue_growth_yoy': 33.95, 'eps_growth_yoy': 105.96000000000001, 'eps_next_year': 11.99, 'operating_margin': 32.190000000000005}",,Finviz via finvizfinance screener views,2026-09-11T23:30:27+02:00,2026-08-12,,30,NORMAL,"{'failed_gate': 'eps_next_year', 'actual_value': 11.99, 'applicable_threshold': 15.0, 'distance_to_threshold': 3.01, 'distance_to_threshold_pct': 20.066666666666666, 'formula': 'minimo: distance = threshold - actual; pct = distance / abs(threshold) * 100'}"
MSFT,Microsoft Corp,finviz_prefilter,revenue_growth,,price_min;market_cap_min;avg_volume_min;revenue_growth;eps_growth;eps_next_year;operating_margin;earnings_window,False,"{'revenue_growth_yoy': 17.75, 'eps_growth_yoy': 31.65, 'eps_next_year': 19.03, 'operating_margin': 46.78}",,Finviz via finvizfinance screener views,2026-09-11T23:30:27+02:00,2026-07-29,,44,NORMAL,"{'failed_gate': 'revenue_growth', 'actual_value': 17.75, 'applicable_threshold': 20.0, 'distance_to_threshold': 2.25, 'distance_to_threshold_pct': 11.25, 'formula': 'minimo: distance = threshold - actual; pct = distance / abs(threshold) * 100'}"
MSTR,Strategy Inc,finviz_prefilter,revenue_growth;eps_growth;operating_margin,,price_min;market_cap_min;avg_volume_min;revenue_growth;eps_growth;eps_next_year;operating_margin;earnings_window,False,"{'revenue_growth_yoy': 6.88, 'eps_growth_yoy': -175.02, 'eps_next_year': 158.13, 'operating_margin': -8.129999999999999}",,Finviz via finvizfinance screener views,2026-09-11T23:30:27+02:00,2026-07-30,,43,NORMAL,
MTCH,Match Group Inc,finviz_prefilter,revenue_growth,,price_min;market_cap_min;avg_volume_min;revenue_growth;eps_growth;eps_next_year;operating_margin;earnings_window,False,"{'revenue_growth_yoy': -1.23, 'eps_growth_yoy': 43.47, 'eps_next_year': 16.0, 'operating_margin': 28.15}",,Finviz via finvizfinance screener views,2026-09-11T23:30:27+02:00,2026-08-04,,38,NORMAL,"{'failed_gate': 'revenue_growth', 'actual_value': -1.23, 'applicable_threshold': 20.0, 'distance_to_threshold': 21.23, 'distance_to_threshold_pct': 106.15, 'formula': 'minimo: distance = threshold - actual; pct = distance / abs(threshold) * 100'}"
MXL,MaxLinear Inc,finviz_prefilter,operating_margin,,price_min;market_cap_min;avg_volume_min;revenue_growth;eps_growth;eps_next_year;operating_margin;earnings_window,False,"{'revenue_growth_yoy': 55.169999999999995, 'eps_growth_yoy': 105.89999999999999, 'eps_next_year': 54.03, 'operating_margin': -11.600000000000001}",,Finviz via finvizfinance screener views,2026-09-11T23:30:27+02:00,2026-07-23,,50,NORMAL,"{'failed_gate': 'operating_margin', 'actual_value': -11.600000000000001, 'applicable_threshold': 8.0, 'distance_to_threshold': 19.6, 'distance_to_threshold_pct': 245.00000000000003, 'formula': 'minimo: distance = threshold - actual; pct = distance / abs(threshold) * 100'}"
NAMS,NewAmsterdam Pharma Company NV,finviz_prefilter,revenue_growth;eps_growth;operating_margin,,price_min;market_cap_min;avg_volume_min;revenue_growth;eps_growth;eps_next_year;operating_margin;earnings_window,False,"{'revenue_growth_yoy': -80.67, 'eps_growth_yoy': -254.88, 'eps_next_year': 17.44, 'operating_margin': -3432.2000000000003}",,Finviz via finvizfinance screener views,2026-09-11T23:30:27+02:00,2026-08-05,,37,NORMAL,
NAVN,Navan Inc,finviz_prefilter,eps_growth;operating_margin,,price_min;market_cap_min;avg_volume_min;revenue_growth;eps_growth;eps_next_year;operating_margin;earnings_window,False,"{'revenue_growth_yoy': 35.38, 'eps_growth_yoy': 26.99, 'eps_next_year': 52.33, 'operating_margin': -24.79}",,Finviz via finvizfinance screener views,2026-09-11T23:30:27+02:00,2026-09-09,,2,PEAD_WINDOW,
NBIS,Nebius Group NV,finviz_prefilter,eps_growth;eps_next_year;operating_margin,,price_min;market_cap_min;avg_volume_min;revenue_growth;eps_growth;eps_next_year;operating_margin;earnings_window,False,"{'revenue_growth_yoy': 454.04, 'eps_growth_yoy': -127.74000000000001, 'eps_next_year': -93.82, 'operating_margin': -49.34}",,Finviz via finvizfinance screener views,2026-09-11T23:30:27+02:00,2026-08-12,,30,NORMAL,
NCNO,Ncino Inc,finviz_prefilter,revenue_growth,,price_min;market_cap_min;avg_volume_min;revenue_growth;eps_growth;eps_next_year;operating_margin;earnings_window,False,"{'revenue_growth_yoy': 8.19, 'eps_growth_yoy': 136.4, 'eps_next_year': 19.97, 'operating_margin': 8.77}",,Finviz via finvizfinance screener views,2026-09-11T23:30:27+02:00,2026-08-25,,17,NORMAL,"{'failed_gate': 'revenue_growth', 'actual_value': 8.19, 'applicable_threshold': 20.0, 'distance_to_threshold': 11.81, 'distance_to_threshold_pct': 59.050000000000004, 'formula': 'minimo: distance = threshold - actual; pct = distance / abs(threshold) * 100'}"
NDAQ,Nasdaq Inc,finviz_prefilter,eps_growth;eps_next_year,,price_min;market_cap_min;avg_volume_min;revenue_growth;eps_growth;eps_next_year;operating_margin;earnings_window,False,"{'revenue_growth_yoy': 21.15, 'eps_growth_yoy': 14.38, 'eps_next_year': 13.24, 'operating_margin': 30.78}",,Finviz via finvizfinance screener views,2026-09-11T23:30:27+02:00,2026-07-23,,50,NORMAL,
NEO,Neogenomics Inc,finviz_prefilter,revenue_growth;operating_margin,,price_min;market_cap_min;avg_volume_min;revenue_growth;eps_growth;eps_next_year;operating_margin;earnings_window,False,"{'revenue_growth_yoy': 11.21, 'eps_growth_yoy': 104.85, 'eps_next_year': 85.08, 'operating_margin': -7.03}",,Finviz via finvizfinance screener views,2026-09-11T23:30:27+02:00,2026-07-28,,45,NORMAL,
NFLX,Netflix Inc,finviz_prefilter,revenue_growth;eps_growth;eps_next_year,,price_min;market_cap_min;avg_volume_min;revenue_growth;eps_growth;eps_next_year;operating_margin;earnings_window,False,"{'revenue_growth_yoy': 13.41, 'eps_growth_yoy': 11.06, 'eps_next_year': 5.98, 'operating_margin': 30.25}",,Finviz via finvizfinance screener views,2026-09-11T23:30:27+02:00,2026-07-16,,57,NORMAL,
NKTR,Nektar Therapeutics,finviz_prefilter,revenue_growth;eps_next_year;operating_margin,,price_min;market_cap_min;avg_volume_min;revenue_growth;eps_growth;eps_next_year;operating_margin;earnings_window,False,"{'revenue_growth_yoy': -9.34, 'eps_growth_yoy': 58.379999999999995, 'eps_next_year': -28.79, 'operating_margin': -239.32000000000002}",,Finviz via finvizfinance screener views,2026-09-11T23:30:27+02:00,2026-08-13,,29,NORMAL,
NN,NextNav Inc,finviz_prefilter,revenue_growth;eps_next_year;operating_margin,,price_min;market_cap_min;avg_volume_min;revenue_growth;eps_growth;eps_next_year;operating_margin;earnings_window,False,"{'revenue_growth_yoy': -4.33, 'eps_growth_yoy': 50.1, 'eps_next_year': 0.0, 'operating_margin': -1900.43}",,Finviz via finvizfinance screener views,2026-09-11T23:30:27+02:00,2026-08-11,,31,NORMAL,
NRIX,Nurix Therapeutics Inc,finviz_prefilter,revenue_growth;eps_growth;operating_margin,,price_min;market_cap_min;avg_volume_min;revenue_growth;eps_growth;eps_next_year;operating_margin;earnings_window,False,"{'revenue_growth_yoy': -79.47, 'eps_growth_yoy': -55.54, 'eps_next_year': 27.03, 'operating_margin': -982.37}",,Finviz via finvizfinance screener views,2026-09-11T23:30:27+02:00,2026-07-09,,64,NORMAL,
NTAP,Netapp Inc,finviz_prefilter,eps_next_year,,price_min;market_cap_min;avg_volume_min;revenue_growth;eps_growth;eps_next_year;operating_margin;earnings_window,False,"{'revenue_growth_yoy': 30.12, 'eps_growth_yoy': 63.36000000000001, 'eps_next_year': 10.87, 'operating_margin': 26.040000000000003}",,Finviz via finvizfinance screener views,2026-09-11T23:30:27+02:00,2026-09-02,,9,PEAD_WINDOW,"{'failed_gate': 'eps_next_year', 'actual_value': 10.87, 'applicable_threshold': 15.0, 'distance_to_threshold': 4.130000000000001, 'distance_to_threshold_pct': 27.53333333333334, 'formula': 'minimo: distance = threshold - actual; pct = distance / abs(threshold) * 100'}"
NTNX,Nutanix Inc,finviz_prefilter,revenue_growth,,price_min;market_cap_min;avg_volume_min;revenue_growth;eps_growth;eps_next_year;operating_margin;earnings_window,False,"{'revenue_growth_yoy': 15.89, 'eps_growth_yoy': 3148.5, 'eps_next_year': 15.61, 'operating_margin': 10.82}",,Finviz via finvizfinance screener views,2026-09-11T23:30:27+02:00,2026-08-26,,16,NORMAL,"{'failed_gate': 'revenue_growth', 'actual_value': 15.89, 'applicable_threshold': 20.0, 'distance_to_threshold': 4.109999999999999, 'distance_to_threshold_pct': 20.549999999999997, 'formula': 'minimo: distance = threshold - actual; pct = distance / abs(threshold) * 100'}"
NTRA,Natera Inc,finviz_prefilter,operating_margin,,price_min;market_cap_min;avg_volume_min;revenue_growth;eps_growth;eps_next_year;operating_margin;earnings_window,False,"{'revenue_growth_yoy': 37.71, 'eps_growth_yoy': 36.85, 'eps_next_year': 90.04, 'operating_margin': -10.56}",,Finviz via finvizfinance screener views,2026-09-11T23:30:27+02:00,2026-08-06,,36,NORMAL,"{'failed_gate': 'operating_margin', 'actual_value': -10.56, 'applicable_threshold': 8.0, 'distance_to_threshold': 18.560000000000002, 'distance_to_threshold_pct': 232.00000000000003, 'formula': 'minimo: distance = threshold - actual; pct = distance / abs(threshold) * 100'}"
NTRS,Northern Trust Corp,finviz_prefilter,revenue_growth;eps_next_year,,price_min;market_cap_min;avg_volume_min;revenue_growth;eps_growth;eps_next_year;operating_margin;earnings_window,False,"{'revenue_growth_yoy': 17.18, 'eps_growth_yoy': 98.21, 'eps_next_year': 9.37, 'operating_margin': 13.389999999999999}",,Finviz via finvizfinance screener views,2026-09-11T23:30:27+02:00,2026-07-22,,51,NORMAL,
NWBI,Northwest Bancshares Inc,finviz_prefilter,revenue_growth;eps_next_year,,price_min;market_cap_min;avg_volume_min;revenue_growth;eps_growth;eps_next_year;operating_margin;earnings_window,False,"{'revenue_growth_yoy': 18.310000000000002, 'eps_growth_yoy': 38.519999999999996, 'eps_next_year': 2.93, 'operating_margin': 25.03}",,Finviz via finvizfinance screener views,2026-09-11T23:30:27+02:00,2026-07-27,,46,NORMAL,
NWS,News Corp,finviz_prefilter,revenue_growth,,price_min;market_cap_min;avg_volume_min;revenue_growth;eps_growth;eps_next_year;operating_margin;earnings_window,False,"{'revenue_growth_yoy': 10.81, 'eps_growth_yoy': 586.5300000000001, 'eps_next_year': 16.36, 'operating_margin': 12.64}",,Finviz via finvizfinance screener views,2026-09-11T23:30:27+02:00,2026-08-05,,37,NORMAL,"{'failed_gate': 'revenue_growth', 'actual_value': 10.81, 'applicable_threshold': 20.0, 'distance_to_threshold': 9.19, 'distance_to_threshold_pct': 45.949999999999996, 'formula': 'minimo: distance = threshold - actual; pct = distance / abs(threshold) * 100'}"
NWSA,News Corp,finviz_prefilter,revenue_growth,,price_min;market_cap_min;avg_volume_min;revenue_growth;eps_growth;eps_next_year;operating_margin;earnings_window,False,"{'revenue_growth_yoy': 10.81, 'eps_growth_yoy': 586.5300000000001, 'eps_next_year': 16.36, 'operating_margin': 12.64}",,Finviz via finvizfinance screener views,2026-09-11T23:30:27+02:00,2026-08-05,,37,NORMAL,"{'failed_gate': 'revenue_growth', 'actual_value': 10.81, 'applicable_threshold': 20.0, 'distance_to_threshold': 9.19, 'distance_to_threshold_pct': 45.949999999999996, 'formula': 'minimo: distance = threshold - actual; pct = distance / abs(threshold) * 100'}"
NXPI,NXP Semiconductors NV,finviz_prefilter,revenue_growth,,price_min;market_cap_min;avg_volume_min;revenue_growth;eps_growth;eps_next_year;operating_margin;earnings_window,False,"{'revenue_growth_yoy': 19.48, 'eps_growth_yoy': 72.23, 'eps_next_year': 20.53, 'operating_margin': 28.7}",,Finviz via finvizfinance screener views,2026-09-11T23:30:27+02:00,2026-07-28,,45,NORMAL,"{'failed_gate': 'revenue_growth', 'actual_value': 19.48, 'applicable_threshold': 20.0, 'distance_to_threshold': 0.5199999999999996, 'distance_to_threshold_pct': 2.599999999999998, 'formula': 'minimo: distance = threshold - actual; pct = distance / abs(threshold) * 100'}"
NXT,Nextpower Inc,finviz_prefilter,revenue_growth;eps_growth,,price_min;market_cap_min;avg_volume_min;revenue_growth;eps_growth;eps_next_year;operating_margin;earnings_window,False,"{'revenue_growth_yoy': 8.21, 'eps_growth_yoy': 2.32, 'eps_next_year': 22.18, 'operating_margin': 19.7}",,Finviz via finvizfinance screener views,2026-09-11T23:30:27+02:00,2026-07-30,,43,NORMAL,
OCTV,Octave Intelligence Plc,finviz_prefilter,eps_next_year,revenue_growth;eps_growth;operating_margin,price_min;market_cap_min;avg_volume_min;eps_next_year;earnings_window,False,"{'revenue_growth_yoy': None, 'eps_growth_yoy': None, 'eps_next_year': 2.66, 'operating_margin': None}",,Finviz via finvizfinance screener views,2026-09-11T23:30:27+02:00,2026-08-12,,30,NORMAL,"{'failed_gate': 'eps_next_year', 'actual_value': 2.66, 'applicable_threshold': 15.0, 'distance_to_threshold': 12.34, 'distance_to_threshold_pct': 82.26666666666667, 'formula': 'minimo: distance = threshold - actual; pct = distance / abs(threshold) * 100'}"
ODFL,Old Dominion Freight Line Inc,finviz_prefilter,revenue_growth;eps_next_year,,price_min;market_cap_min;avg_volume_min;revenue_growth;eps_growth;eps_next_year;operating_margin;earnings_window,False,"{'revenue_growth_yoy': 10.39, 'eps_growth_yoy': 32.68, 'eps_next_year': 14.21, 'operating_margin': 25.990000000000002}",,Finviz via finvizfinance screener views,2026-09-11T23:30:27+02:00,2026-07-29,,44,NORMAL,
OKTA,Okta Inc,finviz_prefilter,revenue_growth;eps_next_year;operating_margin,,price_min;market_cap_min;avg_volume_min;revenue_growth;eps_growth;eps_next_year;operating_margin;earnings_window,False,"{'revenue_growth_yoy': 10.58, 'eps_growth_yoy': 75.22999999999999, 'eps_next_year': 10.6, 'operating_margin': 7.68}",,Finviz via finvizfinance screener views,2026-09-11T23:30:27+02:00,2026-08-26,,16,NORMAL,
OLED,Universal Display Corp,finviz_prefilter,revenue_growth;eps_growth;eps_next_year,,price_min;market_cap_min;avg_volume_min;revenue_growth;eps_growth;eps_next_year;operating_margin;earnings_window,False,"{'revenue_growth_yoy': -11.43, 'eps_growth_yoy': -24.92, 'eps_next_year': 12.5, 'operating_margin': 34.4}",,Finviz via finvizfinance screener views,2026-09-11T23:30:27+02:00,2026-07-30,,43,NORMAL,
OLLI,Ollies Bargain Outlet Holdings Inc,finviz_prefilter,revenue_growth;eps_next_year,,price_min;market_cap_min;avg_volume_min;revenue_growth;eps_growth;eps_next_year;operating_margin;earnings_window,False,"{'revenue_growth_yoy': 9.09, 'eps_growth_yoy': 42.99, 'eps_next_year': 7.26, 'operating_margin': 13.03}",,Finviz via finvizfinance screener views,2026-09-11T23:30:27+02:00,2026-09-02,,9,PEAD_WINDOW,
ON,ON Semiconductor Corp,finviz_prefilter,revenue_growth,,price_min;market_cap_min;avg_volume_min;revenue_growth;eps_growth;eps_next_year;operating_margin;earnings_window,False,"{'revenue_growth_yoy': 9.180000000000001, 'eps_growth_yoy': 36.51, 'eps_next_year': 40.62, 'operating_margin': 18.16}",,Finviz via finvizfinance screener views,2026-09-11T23:30:27+02:00,2026-08-03,,39,NORMAL,"{'failed_gate': 'revenue_growth', 'actual_value': 9.180000000000001, 'applicable_threshold': 20.0, 'distance_to_threshold': 10.819999999999999, 'distance_to_threshold_pct': 54.099999999999994, 'formula': 'minimo: distance = threshold - actual; pct = distance / abs(threshold) * 100'}"
ONB,Old National Bancorp,finviz_prefilter,revenue_growth;eps_next_year,,price_min;market_cap_min;avg_volume_min;revenue_growth;eps_growth;eps_next_year;operating_margin;earnings_window,False,"{'revenue_growth_yoy': 9.55, 'eps_growth_yoy': 93.78, 'eps_next_year': 10.61, 'operating_margin': 30.14}",,Finviz via finvizfinance screener views,2026-09-11T23:30:27+02:00,2026-07-22,,51,NORMAL,
OPCH,Option Care Health Inc,finviz_prefilter,revenue_growth;eps_growth;eps_next_year;operating_margin,,price_min;market_cap_min;avg_volume_min;revenue_growth;eps_growth;eps_next_year;operating_margin;earnings_window,False,"{'revenue_growth_yoy': 1.8599999999999999, 'eps_growth_yoy': 14.13, 'eps_next_year': 10.83, 'operating_margin': 5.86}",,Finviz via finvizfinance screener views,2026-09-11T23:30:27+02:00,2026-07-29,,44,NORMAL,
ORLY,O'Reilly Automotive Inc,finviz_prefilter,revenue_growth;eps_growth;eps_next_year,,price_min;market_cap_min;avg_volume_min;revenue_growth;eps_growth;eps_next_year;operating_margin;earnings_window,False,"{'revenue_growth_yoy': 8.110000000000001, 'eps_growth_yoy': 10.77, 'eps_next_year': 11.31, 'operating_margin': 19.56}",,Finviz via finvizfinance screener views,2026-09-11T23:30:27+02:00,2026-07-29,,44,NORMAL,
OSW,OneSpaWorld Holdings Limited,finviz_prefilter,revenue_growth;eps_growth;eps_next_year,,price_min;market_cap_min;avg_volume_min;revenue_growth;eps_growth;eps_next_year;operating_margin;earnings_window,False,"{'revenue_growth_yoy': 8.52, 'eps_growth_yoy': 17.72, 'eps_next_year': 13.49, 'operating_margin': 9.5}",,Finviz via finvizfinance screener views,2026-09-11T23:30:27+02:00,2026-07-29,,44,NORMAL,
OTEX,Open Text Corp,finviz_prefilter,revenue_growth;eps_next_year,,price_min;market_cap_min;avg_volume_min;revenue_growth;eps_growth;eps_next_year;operating_margin;earnings_window,False,"{'revenue_growth_yoy': 2.94, 'eps_growth_yoy': 473.37, 'eps_next_year': 7.84, 'operating_margin': 23.169999999999998}",,Finviz via finvizfinance screener views,2026-09-11T23:30:27+02:00,2026-08-06,,36,NORMAL,
OUST,Ouster Inc,finviz_prefilter,operating_margin,,price_min;market_cap_min;avg_volume_min;revenue_growth;eps_growth;eps_next_year;operating_margin;earnings_window,False,"{'revenue_growth_yoy': 55.86, 'eps_growth_yoy': 27.46, 'eps_next_year': 102.63, 'operating_margin': -34.410000000000004}",,Finviz via finvizfinance screener views,2026-09-11T23:30:27+02:00,2026-08-06,,36,NORMAL,"{'failed_gate': 'operating_margin', 'actual_value': -34.410000000000004, 'applicable_threshold': 8.0, 'distance_to_threshold': 42.410000000000004, 'distance_to_threshold_pct': 530.125, 'formula': 'minimo: distance = threshold - actual; pct = distance / abs(threshold) * 100'}"
OZK,Bank OZK,finviz_prefilter,revenue_growth;eps_growth;eps_next_year,,price_min;market_cap_min;avg_volume_min;revenue_growth;eps_growth;eps_next_year;operating_margin;earnings_window,False,"{'revenue_growth_yoy': -3.82, 'eps_growth_yoy': -5.72, 'eps_next_year': 4.17, 'operating_margin': 32.35}",,Finviz via finvizfinance screener views,2026-09-11T23:30:27+02:00,2026-07-21,,52,NORMAL,
PAA,Plains All American Pipeline LP,finviz_prefilter,eps_next_year;operating_margin,,price_min;market_cap_min;avg_volume_min;revenue_growth;eps_growth;eps_next_year;operating_margin;earnings_window,False,"{'revenue_growth_yoy': 65.47, 'eps_growth_yoy': 981.11, 'eps_next_year': 8.77, 'operating_margin': 2.78}",,Finviz via finvizfinance screener views,2026-09-11T23:30:27+02:00,2026-08-07,,35,NORMAL,
PAGP,Plains GP Holdings LP,finviz_prefilter,eps_next_year;operating_margin,,price_min;market_cap_min;avg_volume_min;revenue_growth;eps_growth;eps_next_year;operating_margin;earnings_window,False,"{'revenue_growth_yoy': 65.47, 'eps_growth_yoy': 1196.77, 'eps_next_year': -19.56, 'operating_margin': 2.83}",,Finviz via finvizfinance screener views,2026-09-11T23:30:27+02:00,2026-08-07,,35,NORMAL,
PANW,Palo Alto Networks Inc,finviz_prefilter,eps_growth;operating_margin,,price_min;market_cap_min;avg_volume_min;revenue_growth;eps_growth;eps_next_year;operating_margin;earnings_window,False,"{'revenue_growth_yoy': 34.449999999999996, 'eps_growth_yoy': -196.42, 'eps_next_year': 16.27, 'operating_margin': 5.42}",,Finviz via finvizfinance screener views,2026-09-11T23:30:27+02:00,2026-09-01,,10,PEAD_WINDOW,
PAYX,Paychex Inc,finviz_prefilter,revenue_growth;eps_next_year,,price_min;market_cap_min;avg_volume_min;revenue_growth;eps_growth;eps_next_year;operating_margin;earnings_window,False,"{'revenue_growth_yoy': 12.49, 'eps_growth_yoy': 43.14, 'eps_next_year': 7.54, 'operating_margin': 45.08}",,Finviz via finvizfinance screener views,2026-09-11T23:30:27+02:00,2026-09-23,12,,NORMAL,
PCAR,Paccar Inc,finviz_prefilter,revenue_growth;eps_growth,,price_min;market_cap_min;avg_volume_min;revenue_growth;eps_growth;eps_next_year;operating_margin;earnings_window,False,"{'revenue_growth_yoy': 0.5499999999999999, 'eps_growth_yoy': 3.7199999999999998, 'eps_next_year': 21.4, 'operating_margin': 10.37}",,Finviz via finvizfinance screener views,2026-09-11T23:30:27+02:00,2026-07-28,,45,NORMAL,
PCTY,Paylocity Holding Corp,finviz_prefilter,revenue_growth;eps_growth;eps_next_year,,price_min;market_cap_min;avg_volume_min;revenue_growth;eps_growth;eps_next_year;operating_margin;earnings_window,False,"{'revenue_growth_yoy': 10.979999999999999, 'eps_growth_yoy': 29.34, 'eps_next_year': 9.69, 'operating_margin': 22.14}",,Finviz via finvizfinance screener views,2026-09-11T23:30:27+02:00,2026-08-04,,38,NORMAL,
PECO,Phillips Edison & Company Inc,finviz_prefilter,revenue_growth;eps_next_year,,price_min;market_cap_min;avg_volume_min;revenue_growth;eps_growth;eps_next_year;operating_margin;earnings_window,False,"{'revenue_growth_yoy': 6.550000000000001, 'eps_growth_yoy': 253.37, 'eps_next_year': -3.84, 'operating_margin': 28.910000000000004}",,Finviz via finvizfinance screener views,2026-09-11T23:30:27+02:00,2026-07-23,,50,NORMAL,
PEGA,Pegasystems Inc,finviz_prefilter,revenue_growth;eps_growth;eps_next_year,,price_min;market_cap_min;avg_volume_min;revenue_growth;eps_growth;eps_next_year;operating_margin;earnings_window,False,"{'revenue_growth_yoy': 9.42, 'eps_growth_yoy': -53.0, 'eps_next_year': 7.83, 'operating_margin': 11.32}",,Finviz via finvizfinance screener views,2026-09-11T23:30:27+02:00,2026-07-21,,52,NORMAL,
PENN,PENN Entertainment Inc,finviz_prefilter,revenue_growth;operating_margin,,price_min;market_cap_min;avg_volume_min;revenue_growth;eps_growth;eps_next_year;operating_margin;earnings_window,False,"{'revenue_growth_yoy': 5.24, 'eps_growth_yoy': 308.56, 'eps_next_year': 71.69, 'operating_margin': 6.03}",,Finviz via finvizfinance screener views,2026-09-11T23:30:27+02:00,2026-08-06,,36,NORMAL,
PEP,PepsiCo Inc,finviz_prefilter,revenue_growth;eps_next_year,,price_min;market_cap_min;avg_volume_min;revenue_growth;eps_growth;eps_next_year;operating_margin;earnings_window,False,"{'revenue_growth_yoy': 6.41, 'eps_growth_yoy': 136.71, 'eps_next_year': 4.77, 'operating_margin': 15.55}",,Finviz via finvizfinance screener views,2026-09-11T23:30:27+02:00,2026-07-09,,64,NORMAL,
PFG,Principal Financial Group Inc,finviz_prefilter,revenue_growth;eps_growth;eps_next_year,,price_min;market_cap_min;avg_volume_min;revenue_growth;eps_growth;eps_next_year;operating_margin;earnings_window,False,"{'revenue_growth_yoy': 6.39, 'eps_growth_yoy': 2.85, 'eps_next_year': 8.56, 'operating_margin': 11.87}",,Finviz via finvizfinance screener views,2026-09-11T23:30:27+02:00,2026-07-27,,46,NORMAL,
PGNY,Progyny Inc,finviz_prefilter,revenue_growth,,price_min;market_cap_min;avg_volume_min;revenue_growth;eps_growth;eps_next_year;operating_margin;earnings_window,False,"{'revenue_growth_yoy': 5.3, 'eps_growth_yoy': 78.89, 'eps_next_year': 18.19, 'operating_margin': 8.55}",,Finviz via finvizfinance screener views,2026-09-11T23:30:27+02:00,2026-08-06,,36,NORMAL,"{'failed_gate': 'revenue_growth', 'actual_value': 5.3, 'applicable_threshold': 20.0, 'distance_to_threshold': 14.7, 'distance_to_threshold_pct': 73.5, 'formula': 'minimo: distance = threshold - actual; pct = distance / abs(threshold) * 100'}"
POOL,Pool Corp,finviz_prefilter,revenue_growth;eps_growth;eps_next_year,,price_min;market_cap_min;avg_volume_min;revenue_growth;eps_growth;eps_next_year;operating_margin;earnings_window,False,"{'revenue_growth_yoy': 2.15, 'eps_growth_yoy': 0.13999999999999999, 'eps_next_year': 7.64, 'operating_margin': 10.76}",,Finviz via finvizfinance screener views,2026-09-11T23:30:27+02:00,2026-07-23,,50,NORMAL,
POWI,Power Integrations Inc,finviz_prefilter,revenue_growth;operating_margin,,price_min;market_cap_min;avg_volume_min;revenue_growth;eps_growth;eps_next_year;operating_margin;earnings_window,False,"{'revenue_growth_yoy': 2.6599999999999997, 'eps_growth_yoy': 613.5799999999999, 'eps_next_year': 32.86, 'operating_margin': 7.93}",,Finviz via finvizfinance screener views,2026-09-11T23:30:27+02:00,2026-08-05,,37,NORMAL,
PPC,Pilgrim's Pride Corp,finviz_prefilter,revenue_growth;eps_growth;operating_margin,,price_min;market_cap_min;avg_volume_min;revenue_growth;eps_growth;eps_next_year;operating_margin;earnings_window,False,"{'revenue_growth_yoy': -2.83, 'eps_growth_yoy': -96.24000000000001, 'eps_next_year': 19.37, 'operating_margin': 6.419999999999999}",,Finviz via finvizfinance screener views,2026-09-11T23:30:27+02:00,2026-07-29,,44,NORMAL,
PPLI,People Inc,finviz_prefilter,revenue_growth;eps_next_year;operating_margin,,price_min;market_cap_min;avg_volume_min;revenue_growth;eps_growth;eps_next_year;operating_margin;earnings_window,False,"{'revenue_growth_yoy': -25.590000000000003, 'eps_growth_yoy': 160.9, 'eps_next_year': -82.54, 'operating_margin': 0.9199999999999999}",,Finviz via finvizfinance screener views,2026-09-11T23:30:27+02:00,2026-08-03,,39,NORMAL,
PRVA,Privia Health Group Inc,finviz_prefilter,operating_margin,,price_min;market_cap_min;avg_volume_min;revenue_growth;eps_growth;eps_next_year;operating_margin;earnings_window,False,"{'revenue_growth_yoy': 21.39, 'eps_growth_yoy': 228.23000000000002, 'eps_next_year': 61.99, 'operating_margin': 1.9}",,Finviz via finvizfinance screener views,2026-09-11T23:30:27+02:00,2026-08-06,,36,NORMAL,"{'failed_gate': 'operating_margin', 'actual_value': 1.9, 'applicable_threshold': 8.0, 'distance_to_threshold': 6.1, 'distance_to_threshold_pct': 76.25, 'formula': 'minimo: distance = threshold - actual; pct = distance / abs(threshold) * 100'}"
PTC,PTC Inc,finviz_prefilter,revenue_growth;eps_growth;eps_next_year,,price_min;market_cap_min;avg_volume_min;revenue_growth;eps_growth;eps_next_year;operating_margin;earnings_window,False,"{'revenue_growth_yoy': -6.819999999999999, 'eps_growth_yoy': -11.940000000000001, 'eps_next_year': 8.77, 'operating_margin': 39.78}",,Finviz via finvizfinance screener views,2026-09-11T23:30:27+02:00,2026-07-29,,44,NORMAL,
PTRN,Pattern Group Inc,finviz_prefilter,operating_margin,,price_min;market_cap_min;avg_volume_min;revenue_growth;eps_growth;eps_next_year;operating_margin;earnings_window,False,"{'revenue_growth_yoy': 46.58, 'eps_growth_yoy': 62.529999999999994, 'eps_next_year': 25.35, 'operating_margin': 1.3599999999999999}",,Finviz via finvizfinance screener views,2026-09-11T23:30:27+02:00,2026-08-05,,37,NORMAL,"{'failed_gate': 'operating_margin', 'actual_value': 1.3599999999999999, 'applicable_threshold': 8.0, 'distance_to_threshold': 6.640000000000001, 'distance_to_threshold_pct': 83.0, 'formula': 'minimo: distance = threshold - actual; pct = distance / abs(threshold) * 100'}"
PYPL,PayPal Holdings Inc,finviz_prefilter,revenue_growth;eps_growth;eps_next_year,,price_min;market_cap_min;avg_volume_min;revenue_growth;eps_growth;eps_next_year;operating_margin;earnings_window,False,"{'revenue_growth_yoy': 3.8, 'eps_growth_yoy': -3.02, 'eps_next_year': 7.51, 'operating_margin': 18.94}",,Finviz via finvizfinance screener views,2026-09-11T23:30:27+02:00,2026-07-28,,45,NORMAL,
QBTS,D-Wave Quantum Inc,finviz_prefilter,revenue_growth;eps_next_year;operating_margin,,price_min;market_cap_min;avg_volume_min;revenue_growth;eps_growth;eps_next_year;operating_margin;earnings_window,False,"{'revenue_growth_yoy': -0.61, 'eps_growth_yoy': 76.6, 'eps_next_year': -27.05, 'operating_margin': -1372.8799999999999}",,Finviz via finvizfinance screener views,2026-09-11T23:30:27+02:00,2026-08-06,,36,NORMAL,
QCOM,Qualcomm Inc,finviz_prefilter,revenue_growth;eps_growth;eps_next_year,,price_min;market_cap_min;avg_volume_min;revenue_growth;eps_growth;eps_next_year;operating_margin;earnings_window,False,"{'revenue_growth_yoy': -4.03, 'eps_growth_yoy': -22.8, 'eps_next_year': -3.59, 'operating_margin': 23.5}",,Finviz via finvizfinance screener views,2026-09-11T23:30:27+02:00,2026-07-29,,44,NORMAL,
QLYS,Qualys Inc,finviz_prefilter,revenue_growth;eps_growth;eps_next_year,,price_min;market_cap_min;avg_volume_min;revenue_growth;eps_growth;eps_next_year;operating_margin;earnings_window,False,"{'revenue_growth_yoy': 11.92, 'eps_growth_yoy': 15.53, 'eps_next_year': 8.21, 'operating_margin': 35.04}",,Finviz via finvizfinance screener views,2026-09-11T23:30:27+02:00,2026-08-04,,38,NORMAL,
QRVO,Qorvo Inc,finviz_prefilter,revenue_growth;eps_next_year,,price_min;market_cap_min;avg_volume_min;revenue_growth;eps_growth;eps_next_year;operating_margin;earnings_window,False,"{'revenue_growth_yoy': -4.15, 'eps_growth_yoy': 251.85, 'eps_next_year': 5.04, 'operating_margin': 18.17}",,Finviz via finvizfinance screener views,2026-09-11T23:30:27+02:00,2026-07-28,,45,NORMAL,
QURE,uniQure NV,finviz_prefilter,revenue_growth;eps_growth;operating_margin,,price_min;market_cap_min;avg_volume_min;revenue_growth;eps_growth;eps_next_year;operating_margin;earnings_window,False,"{'revenue_growth_yoy': 11.0, 'eps_growth_yoy': -77.81, 'eps_next_year': 22.22, 'operating_margin': -1093.18}",,Finviz via finvizfinance screener views,2026-09-11T23:30:27+02:00,2026-07-29,,44,NORMAL,
RDNT,Radnet Inc,finviz_prefilter,eps_growth;operating_margin,,price_min;market_cap_min;avg_volume_min;revenue_growth;eps_growth;eps_next_year;operating_margin;earnings_window,False,"{'revenue_growth_yoy': 24.990000000000002, 'eps_growth_yoy': -50.05, 'eps_next_year': 72.41, 'operating_margin': 4.63}",,Finviz via finvizfinance screener views,2026-09-11T23:30:27+02:00,2026-08-09,,33,NORMAL,
REG,Regency Centers Corp,finviz_prefilter,revenue_growth;eps_growth;eps_next_year,,price_min;market_cap_min;avg_volume_min;revenue_growth;eps_growth;eps_next_year;operating_margin;earnings_window,False,"{'revenue_growth_yoy': 8.6, 'eps_growth_yoy': 8.67, 'eps_next_year': 1.76, 'operating_margin': 37.269999999999996}",,Finviz via finvizfinance screener views,2026-09-11T23:30:27+02:00,2026-07-29,,44,NORMAL,
REGN,Regeneron Pharmaceuticals Inc,finviz_prefilter,revenue_growth;eps_growth;eps_next_year,,price_min;market_cap_min;avg_volume_min;revenue_growth;eps_growth;eps_next_year;operating_margin;earnings_window,False,"{'revenue_growth_yoy': 16.73, 'eps_growth_yoy': -4.52, 'eps_next_year': 12.35, 'operating_margin': 26.87}",,Finviz via finvizfinance screener views,2026-09-11T23:30:27+02:00,2026-07-30,,43,NORMAL,
RELY,Remitly Global Inc,finviz_prefilter,eps_next_year,,price_min;market_cap_min;avg_volume_min;revenue_growth;eps_growth;eps_next_year;operating_margin;earnings_window,False,"{'revenue_growth_yoy': 20.23, 'eps_growth_yoy': 3025.84, 'eps_next_year': -23.43, 'operating_margin': 10.36}",,Finviz via finvizfinance screener views,2026-09-11T23:30:27+02:00,2026-08-05,,37,NORMAL,"{'failed_gate': 'eps_next_year', 'actual_value': -23.43, 'applicable_threshold': 15.0, 'distance_to_threshold': 38.43, 'distance_to_threshold_pct': 256.2, 'formula': 'minimo: distance = threshold - actual; pct = distance / abs(threshold) * 100'}"
REYN,Reynolds Consumer Products Inc,finviz_prefilter,revenue_growth;eps_growth;eps_next_year,,price_min;market_cap_min;avg_volume_min;revenue_growth;eps_growth;eps_next_year;operating_margin;earnings_window,False,"{'revenue_growth_yoy': 0.64, 'eps_growth_yoy': 21.0, 'eps_next_year': 4.22, 'operating_margin': 14.13}",,Finviz via finvizfinance screener views,2026-09-11T23:30:27+02:00,2026-07-29,,44,NORMAL,
RGEN,Repligen Corp,finviz_prefilter,revenue_growth;eps_growth,,price_min;market_cap_min;avg_volume_min;revenue_growth;eps_growth;eps_next_year;operating_margin;earnings_window,False,"{'revenue_growth_yoy': 11.93, 'eps_growth_yoy': -66.4, 'eps_next_year': 27.85, 'operating_margin': 9.030000000000001}",,Finviz via finvizfinance screener views,2026-09-11T23:30:27+02:00,2026-07-28,,45,NORMAL,
RGTI,Rigetti Computing Inc,finviz_prefilter,eps_growth;eps_next_year;operating_margin,,price_min;market_cap_min;avg_volume_min;revenue_growth;eps_growth;eps_next_year;operating_margin;earnings_window,False,"{'revenue_growth_yoy': 185.29, 'eps_growth_yoy': -18.72, 'eps_next_year': -3.38, 'operating_margin': -727.62}",,Finviz via finvizfinance screener views,2026-09-11T23:30:27+02:00,2026-08-06,,36,NORMAL,
RIOT,Riot Platforms Inc,finviz_prefilter,revenue_growth;eps_growth;operating_margin,,price_min;market_cap_min;avg_volume_min;revenue_growth;eps_growth;eps_next_year;operating_margin;earnings_window,False,"{'revenue_growth_yoy': 13.889999999999999, 'eps_growth_yoy': -217.77, 'eps_next_year': 55.34, 'operating_margin': -74.16}",,Finviz via finvizfinance screener views,2026-09-11T23:30:27+02:00,2026-08-10,,32,NORMAL,
RIVN,Rivian Automotive Inc,finviz_prefilter,operating_margin,,price_min;market_cap_min;avg_volume_min;revenue_growth;eps_growth;eps_next_year;operating_margin;earnings_window,False,"{'revenue_growth_yoy': 27.24, 'eps_growth_yoy': 34.99, 'eps_next_year': 17.59, 'operating_margin': -60.050000000000004}",,Finviz via finvizfinance screener views,2026-09-11T23:30:27+02:00,2026-07-30,,43,NORMAL,"{'failed_gate': 'operating_margin', 'actual_value': -60.050000000000004, 'applicable_threshold': 8.0, 'distance_to_threshold': 68.05000000000001, 'distance_to_threshold_pct': 850.6250000000001, 'formula': 'minimo: distance = threshold - actual; pct = distance / abs(threshold) * 100'}"
RKLB,Rocket Lab Corp,finviz_prefilter,operating_margin,,price_min;market_cap_min;avg_volume_min;revenue_growth;eps_growth;eps_next_year;operating_margin;earnings_window,False,"{'revenue_growth_yoy': 61.99, 'eps_growth_yoy': 39.33, 'eps_next_year': 85.1, 'operating_margin': -29.060000000000002}",,Finviz via finvizfinance screener views,2026-09-11T23:30:27+02:00,2026-08-10,,32,NORMAL,"{'failed_gate': 'operating_margin', 'actual_value': -29.060000000000002, 'applicable_threshold': 8.0, 'distance_to_threshold': 37.06, 'distance_to_threshold_pct': 463.25, 'formula': 'minimo: distance = threshold - actual; pct = distance / abs(threshold) * 100'}"
RLAY,Relay Therapeutics Inc,finviz_prefilter,revenue_growth;eps_growth;eps_next_year;operating_margin,,price_min;market_cap_min;avg_volume_min;revenue_growth;eps_growth;eps_next_year;operating_margin;earnings_window,False,"{'revenue_growth_yoy': -48.3, 'eps_growth_yoy': -0.44, 'eps_next_year': -0.73, 'operating_margin': -2999.37}",,Finviz via finvizfinance screener views,2026-09-11T23:30:27+02:00,2026-08-06,,36,NORMAL,
RMBS,Rambus Inc,finviz_prefilter,eps_growth,,price_min;market_cap_min;avg_volume_min;revenue_growth;eps_growth;eps_next_year;operating_margin;earnings_window,False,"{'revenue_growth_yoy': 20.43, 'eps_growth_yoy': 15.129999999999999, 'eps_next_year': 24.69, 'operating_margin': 35.949999999999996}",,Finviz via finvizfinance screener views,2026-09-11T23:30:27+02:00,2026-07-27,,46,NORMAL,"{'failed_gate': 'eps_growth', 'actual_value': 15.129999999999999, 'applicable_threshold': 30.0, 'distance_to_threshold': 14.870000000000001, 'distance_to_threshold_pct': 49.56666666666667, 'formula': 'minimo: distance = threshold - actual; pct = distance / abs(threshold) * 100'}"
ROIV,Roivant Sciences Ltd,finviz_prefilter,revenue_growth;eps_growth;eps_next_year;operating_margin,,price_min;market_cap_min;avg_volume_min;revenue_growth;eps_growth;eps_next_year;operating_margin;earnings_window,False,"{'revenue_growth_yoy': -33.550000000000004, 'eps_growth_yoy': 19.77, 'eps_next_year': 4.96, 'operating_margin': -18146.12}",,Finviz via finvizfinance screener views,2026-09-11T23:30:27+02:00,2026-08-06,,36,NORMAL,
ROKU,Roku Inc,finviz_prefilter,operating_margin,,price_min;market_cap_min;avg_volume_min;revenue_growth;eps_growth;eps_next_year;operating_margin;earnings_window,False,"{'revenue_growth_yoy': 21.93, 'eps_growth_yoy': 1440.03, 'eps_next_year': 37.11, 'operating_margin': 5.25}",,Finviz via finvizfinance screener views,2026-09-11T23:30:27+02:00,2026-08-06,,36,NORMAL,"{'failed_gate': 'operating_margin', 'actual_value': 5.25, 'applicable_threshold': 8.0, 'distance_to_threshold': 2.75, 'distance_to_threshold_pct': 34.375, 'formula': 'minimo: distance = threshold - actual; pct = distance / abs(threshold) * 100'}"
ROP,Roper Technologies Inc,finviz_prefilter,revenue_growth;eps_next_year,,price_min;market_cap_min;avg_volume_min;revenue_growth;eps_growth;eps_next_year;operating_margin;earnings_window,False,"{'revenue_growth_yoy': 8.5, 'eps_growth_yoy': 232.83999999999997, 'eps_next_year': 9.53, 'operating_margin': 27.97}",,Finviz via finvizfinance screener views,2026-09-11T23:30:27+02:00,2026-07-23,,50,NORMAL,
ROST,Ross Stores Inc,finviz_prefilter,revenue_growth;eps_next_year,,price_min;market_cap_min;avg_volume_min;revenue_growth;eps_growth;eps_next_year;operating_margin;earnings_window,False,"{'revenue_growth_yoy': 13.309999999999999, 'eps_growth_yoy': 70.39, 'eps_next_year': 6.51, 'operating_margin': 12.72}",,Finviz via finvizfinance screener views,2026-09-11T23:30:27+02:00,2026-08-20,,22,NORMAL,
RPRX,Royalty Pharma plc,finviz_prefilter,revenue_growth;eps_growth;eps_next_year,,price_min;market_cap_min;avg_volume_min;revenue_growth;eps_growth;eps_next_year;operating_margin;earnings_window,False,"{'revenue_growth_yoy': 16.5, 'eps_growth_yoy': -43.580000000000005, 'eps_next_year': 7.33, 'operating_margin': 62.33}",,Finviz via finvizfinance screener views,2026-09-11T23:30:27+02:00,2026-08-05,,37,NORMAL,
RRR,Red Rock Resorts Inc,finviz_prefilter,revenue_growth;eps_growth;eps_next_year,,price_min;market_cap_min;avg_volume_min;revenue_growth;eps_growth;eps_next_year;operating_margin;earnings_window,False,"{'revenue_growth_yoy': -3.04, 'eps_growth_yoy': -29.330000000000002, 'eps_next_year': 7.59, 'operating_margin': 28.58}",,Finviz via finvizfinance screener views,2026-09-11T23:30:27+02:00,2026-08-04,,38,NORMAL,
RYTM,Rhythm Pharmaceuticals Inc,finviz_prefilter,eps_growth;operating_margin,,price_min;market_cap_min;avg_volume_min;revenue_growth;eps_growth;eps_next_year;operating_margin;earnings_window,False,"{'revenue_growth_yoy': 46.910000000000004, 'eps_growth_yoy': 2.55, 'eps_next_year': 77.88, 'operating_margin': -83.62}",,Finviz via finvizfinance screener views,2026-09-11T23:30:27+02:00,2026-08-04,,38,NORMAL,
SAIL,Sailpoint Inc,finviz_prefilter,revenue_growth;eps_growth;operating_margin,,price_min;market_cap_min;avg_volume_min;revenue_growth;eps_growth;eps_next_year;operating_margin;earnings_window,False,"{'revenue_growth_yoy': 16.82, 'eps_growth_yoy': -366.32, 'eps_next_year': 24.83, 'operating_margin': -18.77}",,Finviz via finvizfinance screener views,2026-09-11T23:30:27+02:00,2026-09-09,,2,PEAD_WINDOW,
SANM,Sanmina Corp,finviz_prefilter,operating_margin,,price_min;market_cap_min;avg_volume_min;revenue_growth;eps_growth;eps_next_year;operating_margin;earnings_window,False,"{'revenue_growth_yoy': 69.67, 'eps_growth_yoy': 68.72, 'eps_next_year': 15.15, 'operating_margin': 5.489999999999999}",,Finviz via finvizfinance screener views,2026-09-11T23:30:27+02:00,2026-07-27,,46,NORMAL,"{'failed_gate': 'operating_margin', 'actual_value': 5.489999999999999, 'applicable_threshold': 8.0, 'distance_to_threshold': 2.5100000000000007, 'distance_to_threshold_pct': 31.375000000000007, 'formula': 'minimo: distance = threshold - actual; pct = distance / abs(threshold) * 100'}"
SBAC,SBA Communications Corp,finviz_prefilter,revenue_growth;eps_growth;eps_next_year,,price_min;market_cap_min;avg_volume_min;revenue_growth;eps_growth;eps_next_year;operating_margin;earnings_window,False,"{'revenue_growth_yoy': 2.33, 'eps_growth_yoy': -10.69, 'eps_next_year': 9.01, 'operating_margin': 53.7}",,Finviz via finvizfinance screener views,2026-09-11T23:30:27+02:00,2026-08-03,,39,NORMAL,
SBCF,Seacoast Banking Corp Of Florida,finviz_prefilter,eps_growth;eps_next_year,,price_min;market_cap_min;avg_volume_min;revenue_growth;eps_growth;eps_next_year;operating_margin;earnings_window,False,"{'revenue_growth_yoy': 30.009999999999998, 'eps_growth_yoy': 9.83, 'eps_next_year': 8.7, 'operating_margin': 24.52}",,Finviz via finvizfinance screener views,2026-09-11T23:30:27+02:00,2026-07-28,,45,NORMAL,
SBLK,Star Bulk Carriers Corp,finviz_prefilter,eps_next_year,,price_min;market_cap_min;avg_volume_min;revenue_growth;eps_growth;eps_next_year;operating_margin;earnings_window,False,"{'revenue_growth_yoy': 44.46, 'eps_growth_yoy': 432900.0, 'eps_next_year': -6.42, 'operating_margin': 27.839999999999996}",,Finviz via finvizfinance screener views,2026-09-11T23:30:27+02:00,2026-08-05,,37,NORMAL,"{'failed_gate': 'eps_next_year', 'actual_value': -6.42, 'applicable_threshold': 15.0, 'distance_to_threshold': 21.42, 'distance_to_threshold_pct': 142.8, 'formula': 'minimo: distance = threshold - actual; pct = distance / abs(threshold) * 100'}"
SBRA,Sabra Healthcare REIT Inc,finviz_prefilter,eps_growth,,price_min;market_cap_min;avg_volume_min;revenue_growth;eps_growth;eps_next_year;operating_margin;earnings_window,False,"{'revenue_growth_yoy': 25.2, 'eps_growth_yoy': -136.73, 'eps_next_year': 62.74, 'operating_margin': 18.8}",,Finviz via finvizfinance screener views,2026-09-11T23:30:27+02:00,2026-08-03,,39,NORMAL,"{'failed_gate': 'eps_growth', 'actual_value': -136.73, 'applicable_threshold': 30.0, 'distance_to_threshold': 166.73, 'distance_to_threshold_pct': 555.7666666666667, 'formula': 'minimo: distance = threshold - actual; pct = distance / abs(threshold) * 100'}"
SBUX,Starbucks Corp,finviz_prefilter,revenue_growth,,price_min;market_cap_min;avg_volume_min;revenue_growth;eps_growth;eps_next_year;operating_margin;earnings_window,False,"{'revenue_growth_yoy': -1.43, 'eps_growth_yoy': 86.59, 'eps_next_year': 20.75, 'operating_margin': 10.01}",,Finviz via finvizfinance screener views,2026-09-11T23:30:27+02:00,2026-07-29,,44,NORMAL,"{'failed_gate': 'revenue_growth', 'actual_value': -1.43, 'applicable_threshold': 20.0, 'distance_to_threshold': 21.43, 'distance_to_threshold_pct': 107.14999999999999, 'formula': 'minimo: distance = threshold - actual; pct = distance / abs(threshold) * 100'}"
SEDG,Solaredge Technologies Inc,finviz_prefilter,revenue_growth;operating_margin,,price_min;market_cap_min;avg_volume_min;revenue_growth;eps_growth;eps_next_year;operating_margin;earnings_window,False,"{'revenue_growth_yoy': 19.63, 'eps_growth_yoy': 76.35, 'eps_next_year': 338.19, 'operating_margin': -9.969999999999999}",,Finviz via finvizfinance screener views,2026-09-11T23:30:27+02:00,2026-08-05,,37,NORMAL,
SFD,Smithfield Foods Inc,finviz_prefilter,revenue_growth;eps_growth;eps_next_year,,price_min;market_cap_min;avg_volume_min;revenue_growth;eps_growth;eps_next_year;operating_margin;earnings_window,False,"{'revenue_growth_yoy': -3.7800000000000002, 'eps_growth_yoy': 25.759999999999998, 'eps_next_year': 0.97, 'operating_margin': 8.559999999999999}",,Finviz via finvizfinance screener views,2026-09-11T23:30:27+02:00,2026-08-11,,31,NORMAL,
SFM,Sprouts Farmers Market Inc,finviz_prefilter,revenue_growth;eps_growth;eps_next_year;operating_margin,,price_min;market_cap_min;avg_volume_min;revenue_growth;eps_growth;eps_next_year;operating_margin;earnings_window,False,"{'revenue_growth_yoy': 4.74, 'eps_growth_yoy': 1.09, 'eps_next_year': 7.14, 'operating_margin': 7.489999999999999}",,Finviz via finvizfinance screener views,2026-09-11T23:30:27+02:00,2026-07-29,,44,NORMAL,
SFNC,Simmons First National Corp,finviz_prefilter,revenue_growth;eps_growth;eps_next_year;operating_margin,,price_min;market_cap_min;avg_volume_min;revenue_growth;eps_growth;eps_next_year;operating_margin;earnings_window,False,"{'revenue_growth_yoy': -0.69, 'eps_growth_yoy': 5.91, 'eps_next_year': 12.12, 'operating_margin': -74.6}",,Finviz via finvizfinance screener views,2026-09-11T23:30:27+02:00,2026-07-16,,57,NORMAL,
SHC,Sotera Health Co,finviz_prefilter,revenue_growth;eps_next_year,,price_min;market_cap_min;avg_volume_min;revenue_growth;eps_growth;eps_next_year;operating_margin;earnings_window,False,"{'revenue_growth_yoy': 9.180000000000001, 'eps_growth_yoy': 567.38, 'eps_next_year': 9.16, 'operating_margin': 36.9}",,Finviz via finvizfinance screener views,2026-09-11T23:30:27+02:00,2026-08-06,,36,NORMAL,
SHOO,Steven Madden Ltd,finviz_prefilter,revenue_growth,,price_min;market_cap_min;avg_volume_min;revenue_growth;eps_growth;eps_next_year;operating_margin;earnings_window,False,"{'revenue_growth_yoy': 19.12, 'eps_growth_yoy': 168.98, 'eps_next_year': 26.04, 'operating_margin': 9.030000000000001}",,Finviz via finvizfinance screener views,2026-09-11T23:30:27+02:00,2026-07-30,,43,NORMAL,"{'failed_gate': 'revenue_growth', 'actual_value': 19.12, 'applicable_threshold': 20.0, 'distance_to_threshold': 0.879999999999999, 'distance_to_threshold_pct': 4.399999999999995, 'formula': 'minimo: distance = threshold - actual; pct = distance / abs(threshold) * 100'}"
SIRI,Sirius XM Holdings Inc,finviz_prefilter,revenue_growth;eps_growth;eps_next_year,,price_min;market_cap_min;avg_volume_min;revenue_growth;eps_growth;eps_next_year;operating_margin;earnings_window,False,"{'revenue_growth_yoy': 1.03, 'eps_growth_yoy': 23.51, 'eps_next_year': 9.72, 'operating_margin': 22.53}",,Finviz via finvizfinance screener views,2026-09-11T23:30:27+02:00,2026-07-30,,43,NORMAL,
SLDE,Slide Insurance Holdings Inc,finviz_prefilter,eps_next_year,,price_min;market_cap_min;avg_volume_min;revenue_growth;eps_growth;eps_next_year;operating_margin;earnings_window,False,"{'revenue_growth_yoy': 47.86, 'eps_growth_yoy': 90.44, 'eps_next_year': -1.48, 'operating_margin': 53.05}",,Finviz via finvizfinance screener views,2026-09-11T23:30:27+02:00,2026-07-28,,45,NORMAL,"{'failed_gate': 'eps_next_year', 'actual_value': -1.48, 'applicable_threshold': 15.0, 'distance_to_threshold': 16.48, 'distance_to_threshold_pct': 109.86666666666667, 'formula': 'minimo: distance = threshold - actual; pct = distance / abs(threshold) * 100'}"
SLM,SLM Corp,finviz_prefilter,revenue_growth;eps_growth;eps_next_year,,price_min;market_cap_min;avg_volume_min;revenue_growth;eps_growth;eps_next_year;operating_margin;earnings_window,False,"{'revenue_growth_yoy': -2.76, 'eps_growth_yoy': -8.559999999999999, 'eps_next_year': 7.63, 'operating_margin': 42.43}",,Finviz via finvizfinance screener views,2026-09-11T23:30:27+02:00,2026-07-23,,50,NORMAL,
SMCI,Super Micro Computer Inc,finviz_prefilter,operating_margin,,price_min;market_cap_min;avg_volume_min;revenue_growth;eps_growth;eps_next_year;operating_margin;earnings_window,False,"{'revenue_growth_yoy': 93.16, 'eps_growth_yoy': 445.49, 'eps_next_year': 23.27, 'operating_margin': 7.090000000000001}",,Finviz via finvizfinance screener views,2026-09-11T23:30:27+02:00,2026-08-11,,31,NORMAL,"{'failed_gate': 'operating_margin', 'actual_value': 7.090000000000001, 'applicable_threshold': 8.0, 'distance_to_threshold': 0.9099999999999993, 'distance_to_threshold_pct': 11.374999999999991, 'formula': 'minimo: distance = threshold - actual; pct = distance / abs(threshold) * 100'}"
SNEX,StoneX Group Inc,finviz_prefilter,revenue_growth;eps_growth;eps_next_year;operating_margin,,price_min;market_cap_min;avg_volume_min;revenue_growth;eps_growth;eps_next_year;operating_margin;earnings_window,False,"{'revenue_growth_yoy': 15.379999999999999, 'eps_growth_yoy': 22.57, 'eps_next_year': 1.37, 'operating_margin': 1.6500000000000001}",,Finviz via finvizfinance screener views,2026-09-11T23:30:27+02:00,2026-08-05,,37,NORMAL,
SOLS,Solstice Advanced Materials Inc,finviz_prefilter,revenue_growth;eps_growth,,price_min;market_cap_min;avg_volume_min;revenue_growth;eps_growth;eps_next_year;operating_margin;earnings_window,False,"{'revenue_growth_yoy': 11.129999999999999, 'eps_growth_yoy': 22.15, 'eps_next_year': 16.28, 'operating_margin': 16.900000000000002}",,Finviz via finvizfinance screener views,2026-09-11T23:30:27+02:00,2026-07-30,,43,NORMAL,
SRPT,Sarepta Therapeutics Inc,finviz_prefilter,revenue_growth;eps_growth;eps_next_year;operating_margin,,price_min;market_cap_min;avg_volume_min;revenue_growth;eps_growth;eps_next_year;operating_margin;earnings_window,False,"{'revenue_growth_yoy': -34.339999999999996, 'eps_growth_yoy': -102.46, 'eps_next_year': -77.07, 'operating_margin': -3.15}",,Finviz via finvizfinance screener views,2026-09-11T23:30:27+02:00,2026-08-05,,37,NORMAL,
SSNC,SS&C Technologies Holdings Inc,finviz_prefilter,revenue_growth;eps_next_year,,price_min;market_cap_min;avg_volume_min;revenue_growth;eps_growth;eps_next_year;operating_margin;earnings_window,False,"{'revenue_growth_yoy': 10.34, 'eps_growth_yoy': 35.33, 'eps_next_year': 9.55, 'operating_margin': 24.36}",,Finviz via finvizfinance screener views,2026-09-11T23:30:27+02:00,2026-07-23,,50,NORMAL,
SSRM,SSR Mining Inc,finviz_prefilter,revenue_growth;eps_growth;eps_next_year,,price_min;market_cap_min;avg_volume_min;revenue_growth;eps_growth;eps_next_year;operating_margin;earnings_window,False,"{'revenue_growth_yoy': 9.46, 'eps_growth_yoy': 11.129999999999999, 'eps_next_year': 13.06, 'operating_margin': 42.3}",,Finviz via finvizfinance screener views,2026-09-11T23:30:27+02:00,2026-08-04,,38,NORMAL,
STEP,StepStone Group Inc,finviz_prefilter,revenue_growth;eps_growth;operating_margin,,price_min;market_cap_min;avg_volume_min;revenue_growth;eps_growth;eps_next_year;operating_margin;earnings_window,False,"{'revenue_growth_yoy': 13.200000000000001, 'eps_growth_yoy': -186.16, 'eps_next_year': 37.51, 'operating_margin': -53.39}",,Finviz via finvizfinance screener views,2026-09-11T23:30:27+02:00,2026-08-06,,36,NORMAL,
SUPN,Supernus Pharmaceuticals Inc,finviz_prefilter,eps_growth;operating_margin,,price_min;market_cap_min;avg_volume_min;revenue_growth;eps_growth;eps_next_year;operating_margin;earnings_window,False,"{'revenue_growth_yoy': 32.4, 'eps_growth_yoy': -353.07, 'eps_next_year': 73.88, 'operating_margin': -7.7299999999999995}",,Finviz via finvizfinance screener views,2026-09-11T23:30:27+02:00,2026-08-03,,39,NORMAL,
SWKS,Skyworks Solutions Inc,finviz_prefilter,revenue_growth;eps_growth;eps_next_year,,price_min;market_cap_min;avg_volume_min;revenue_growth;eps_growth;eps_next_year;operating_margin;earnings_window,False,"{'revenue_growth_yoy': -3.1300000000000003, 'eps_growth_yoy': -67.95, 'eps_next_year': -1.57, 'operating_margin': 8.7}",,Finviz via finvizfinance screener views,2026-09-11T23:30:27+02:00,2026-07-28,,45,NORMAL,
SYM,Symbotic Inc,finviz_prefilter,operating_margin,,price_min;market_cap_min;avg_volume_min;revenue_growth;eps_growth;eps_next_year;operating_margin;earnings_window,False,"{'revenue_growth_yoy': 21.740000000000002, 'eps_growth_yoy': 261.62, 'eps_next_year': 79.45, 'operating_margin': 1.43}",,Finviz via finvizfinance screener views,2026-09-11T23:30:27+02:00,2026-08-05,,37,NORMAL,"{'failed_gate': 'operating_margin', 'actual_value': 1.43, 'applicable_threshold': 8.0, 'distance_to_threshold': 6.57, 'distance_to_threshold_pct': 82.125, 'formula': 'minimo: distance = threshold - actual; pct = distance / abs(threshold) * 100'}"
SYNA,Synaptics Inc,finviz_prefilter,revenue_growth;eps_growth;operating_margin,,price_min;market_cap_min;avg_volume_min;revenue_growth;eps_growth;eps_next_year;operating_margin;earnings_window,False,"{'revenue_growth_yoy': 8.91, 'eps_growth_yoy': -9367.08, 'eps_next_year': 25.53, 'operating_margin': -2.93}",,Finviz via finvizfinance screener views,2026-09-11T23:30:27+02:00,2026-08-06,,36,NORMAL,
TARS,Tarsus Pharmaceuticals Inc,finviz_prefilter,eps_growth;operating_margin,,price_min;market_cap_min;avg_volume_min;revenue_growth;eps_growth;eps_next_year;operating_margin;earnings_window,False,"{'revenue_growth_yoy': 69.41000000000001, 'eps_growth_yoy': 10.97, 'eps_next_year': 172.22, 'operating_margin': -8.0}",,Finviz via finvizfinance screener views,2026-09-11T23:30:27+02:00,2026-08-06,,36,NORMAL,
TEAM,Atlassian Corp,finviz_prefilter,operating_margin,,price_min;market_cap_min;avg_volume_min;revenue_growth;eps_growth;eps_next_year;operating_margin;earnings_window,False,"{'revenue_growth_yoy': 27.6, 'eps_growth_yoy': 703.74, 'eps_next_year': 21.62, 'operating_margin': 4.22}",,Finviz via finvizfinance screener views,2026-09-11T23:30:27+02:00,2026-08-06,,36,NORMAL,"{'failed_gate': 'operating_margin', 'actual_value': 4.22, 'applicable_threshold': 8.0, 'distance_to_threshold': 3.7800000000000002, 'distance_to_threshold_pct': 47.25, 'formula': 'minimo: distance = threshold - actual; pct = distance / abs(threshold) * 100'}"
TECH,Bio-Techne Corp,finviz_prefilter,revenue_growth;eps_next_year,,price_min;market_cap_min;avg_volume_min;revenue_growth;eps_growth;eps_next_year;operating_margin;earnings_window,False,"{'revenue_growth_yoy': 1.3299999999999998, 'eps_growth_yoy': 404.46, 'eps_next_year': 13.85, 'operating_margin': 22.42}",,Finviz via finvizfinance screener views,2026-09-11T23:30:27+02:00,2026-08-12,,30,NORMAL,
TEM,Tempus AI Inc,finviz_prefilter,operating_margin,,price_min;market_cap_min;avg_volume_min;revenue_growth;eps_growth;eps_next_year;operating_margin;earnings_window,False,"{'revenue_growth_yoy': 21.560000000000002, 'eps_growth_yoy': 112.51, 'eps_next_year': 117.99, 'operating_margin': -18.92}",,Finviz via finvizfinance screener views,2026-09-11T23:30:27+02:00,2026-07-30,,43,NORMAL,"{'failed_gate': 'operating_margin', 'actual_value': -18.92, 'applicable_threshold': 8.0, 'distance_to_threshold': 26.92, 'distance_to_threshold_pct': 336.5, 'formula': 'minimo: distance = threshold - actual; pct = distance / abs(threshold) * 100'}"
TENB,Tenable Holdings Inc,finviz_prefilter,revenue_growth;eps_next_year;operating_margin,,price_min;market_cap_min;avg_volume_min;revenue_growth;eps_growth;eps_next_year;operating_margin;earnings_window,False,"{'revenue_growth_yoy': 8.58, 'eps_growth_yoy': 127.47, 'eps_next_year': 9.67, 'operating_margin': 4.2}",,Finviz via finvizfinance screener views,2026-09-11T23:30:27+02:00,2026-07-29,,44,NORMAL,
TFSL,TFS Financial Corp,finviz_prefilter,revenue_growth;eps_next_year,,price_min;market_cap_min;avg_volume_min;revenue_growth;eps_growth;eps_next_year;operating_margin;earnings_window,False,"{'revenue_growth_yoy': 5.8999999999999995, 'eps_growth_yoy': 44.18, 'eps_next_year': 8.33, 'operating_margin': 15.659999999999998}",,Finviz via finvizfinance screener views,2026-09-11T23:30:27+02:00,2026-07-30,,43,NORMAL,
TGTX,TG Therapeutics Inc,finviz_prefilter,eps_growth,,price_min;market_cap_min;avg_volume_min;revenue_growth;eps_growth;eps_next_year;operating_margin;earnings_window,False,"{'revenue_growth_yoy': 70.27, 'eps_growth_yoy': -71.45, 'eps_next_year': 185.24, 'operating_margin': 17.05}",,Finviz via finvizfinance screener views,2026-09-11T23:30:27+02:00,2026-08-03,,39,NORMAL,"{'failed_gate': 'eps_growth', 'actual_value': -71.45, 'applicable_threshold': 20.0, 'distance_to_threshold': 91.45, 'distance_to_threshold_pct': 457.25, 'formula': 'minimo: distance = threshold - actual; pct = distance / abs(threshold) * 100'}"
TIGO,Millicom International Cellular SA,finviz_prefilter,eps_growth,,price_min;market_cap_min;avg_volume_min;revenue_growth;eps_growth;eps_next_year;operating_margin;earnings_window,False,"{'revenue_growth_yoy': 58.81999999999999, 'eps_growth_yoy': -83.91, 'eps_next_year': 49.52, 'operating_margin': 23.01}",,Finviz via finvizfinance screener views,2026-09-11T23:30:27+02:00,2026-08-06,,36,NORMAL,"{'failed_gate': 'eps_growth', 'actual_value': -83.91, 'applicable_threshold': 20.0, 'distance_to_threshold': 103.91, 'distance_to_threshold_pct': 519.55, 'formula': 'minimo: distance = threshold - actual; pct = distance / abs(threshold) * 100'}"
TLN,Talen Energy Corp,finviz_prefilter,revenue_growth;eps_growth,,price_min;market_cap_min;avg_volume_min;revenue_growth;eps_growth;eps_next_year;operating_margin;earnings_window,False,"{'revenue_growth_yoy': 3.2300000000000004, 'eps_growth_yoy': -233.35, 'eps_next_year': 48.37, 'operating_margin': 31.09}",,Finviz via finvizfinance screener views,2026-09-11T23:30:27+02:00,2026-08-05,,37,NORMAL,
TMDX,Transmedics Group Inc,finviz_prefilter,eps_growth,,price_min;market_cap_min;avg_volume_min;revenue_growth;eps_growth;eps_next_year;operating_margin;earnings_window,False,"{'revenue_growth_yoy': 20.7, 'eps_growth_yoy': -55.84, 'eps_next_year': 55.05, 'operating_margin': 12.21}",,Finviz via finvizfinance screener views,2026-09-11T23:30:27+02:00,2026-08-04,,38,NORMAL,"{'failed_gate': 'eps_growth', 'actual_value': -55.84, 'applicable_threshold': 30.0, 'distance_to_threshold': 85.84, 'distance_to_threshold_pct': 286.1333333333333, 'formula': 'minimo: distance = threshold - actual; pct = distance / abs(threshold) * 100'}"
TMUS,T-Mobile US Inc,finviz_prefilter,revenue_growth;eps_growth,,price_min;market_cap_min;avg_volume_min;revenue_growth;eps_growth;eps_next_year;operating_margin;earnings_window,False,"{'revenue_growth_yoy': 7.85, 'eps_growth_yoy': 5.4, 'eps_next_year': 27.43, 'operating_margin': 21.17}",,Finviz via finvizfinance screener views,2026-09-11T23:30:27+02:00,2026-07-23,,50,NORMAL,
TNGX,Tango Therapeutics Inc,finviz_prefilter,revenue_growth;eps_growth;eps_next_year;operating_margin,,price_min;market_cap_min;avg_volume_min;revenue_growth;eps_growth;eps_next_year;operating_margin;earnings_window,False,"{'revenue_growth_yoy': -100.0, 'eps_growth_yoy': -5.04, 'eps_next_year': -19.08, 'operating_margin': -253.38}",,Finviz via finvizfinance screener views,2026-09-11T23:30:27+02:00,2026-08-11,,31,NORMAL,
TRI,Thomson-Reuters Corp,finviz_prefilter,revenue_growth;eps_next_year,,price_min;market_cap_min;avg_volume_min;revenue_growth;eps_growth;eps_next_year;operating_margin;earnings_window,False,"{'revenue_growth_yoy': 9.47, 'eps_growth_yoy': 47.38, 'eps_next_year': 14.32, 'operating_margin': 26.85}",,Finviz via finvizfinance screener views,2026-09-11T23:30:27+02:00,2026-08-05,,37,NORMAL,
TRMB,Trimble Inc,finviz_prefilter,revenue_growth;eps_growth;eps_next_year,,price_min;market_cap_min;avg_volume_min;revenue_growth;eps_growth;eps_next_year;operating_margin;earnings_window,False,"{'revenue_growth_yoy': 11.0, 'eps_growth_yoy': -643.78, 'eps_next_year': 12.38, 'operating_margin': 18.67}",,Finviz via finvizfinance screener views,2026-09-11T23:30:27+02:00,2026-08-12,,30,NORMAL,
TRMD,Torm Plc,finviz_prefilter,eps_next_year,,price_min;market_cap_min;avg_volume_min;revenue_growth;eps_growth;eps_next_year;operating_margin;earnings_window,False,"{'revenue_growth_yoy': 110.28, 'eps_growth_yoy': 458.41, 'eps_next_year': -50.05, 'operating_margin': 39.06}",,Finviz via finvizfinance screener views,2026-09-11T23:30:27+02:00,2026-08-26,,16,NORMAL,"{'failed_gate': 'eps_next_year', 'actual_value': -50.05, 'applicable_threshold': 15.0, 'distance_to_threshold': 65.05, 'distance_to_threshold_pct': 433.6666666666667, 'formula': 'minimo: distance = threshold - actual; pct = distance / abs(threshold) * 100'}"
TROW,T. Rowe Price Group Inc,finviz_prefilter,revenue_growth;eps_growth;eps_next_year,,price_min;market_cap_min;avg_volume_min;revenue_growth;eps_growth;eps_next_year;operating_margin;earnings_window,False,"{'revenue_growth_yoy': 10.68, 'eps_growth_yoy': 28.62, 'eps_next_year': 0.33, 'operating_margin': 36.93}",,Finviz via finvizfinance screener views,2026-09-11T23:30:27+02:00,2026-07-31,,42,NORMAL,
TSCO,Tractor Supply Co,finviz_prefilter,revenue_growth;eps_growth;eps_next_year,,price_min;market_cap_min;avg_volume_min;revenue_growth;eps_growth;eps_next_year;operating_margin;earnings_window,False,"{'revenue_growth_yoy': 2.29, 'eps_growth_yoy': -14.899999999999999, 'eps_next_year': 5.8, 'operating_margin': 8.91}",,Finviz via finvizfinance screener views,2026-09-11T23:30:27+02:00,2026-07-23,,50,NORMAL,
TSLA,Tesla Inc,finviz_prefilter,eps_growth;operating_margin,,price_min;market_cap_min;avg_volume_min;revenue_growth;eps_growth;eps_next_year;operating_margin;earnings_window,False,"{'revenue_growth_yoy': 25.52, 'eps_growth_yoy': -5.5, 'eps_next_year': 33.02, 'operating_margin': 4.61}",,Finviz via finvizfinance screener views,2026-09-11T23:30:27+02:00,2026-07-22,,51,NORMAL,
TTAN,ServiceTitan Inc,finviz_prefilter,eps_growth;operating_margin,,price_min;market_cap_min;avg_volume_min;revenue_growth;eps_growth;eps_next_year;operating_margin;earnings_window,False,"{'revenue_growth_yoy': 20.91, 'eps_growth_yoy': 26.029999999999998, 'eps_next_year': 21.91, 'operating_margin': -12.6}",,Finviz via finvizfinance screener views,2026-09-11T23:30:27+02:00,2026-09-08,,3,PEAD_WINDOW,
TTEK,Tetra Tech Inc,finviz_prefilter,revenue_growth;eps_growth;eps_next_year,,price_min;market_cap_min;avg_volume_min;revenue_growth;eps_growth;eps_next_year;operating_margin;earnings_window,False,"{'revenue_growth_yoy': -4.47, 'eps_growth_yoy': -1.8599999999999999, 'eps_next_year': 10.19, 'operating_margin': 11.73}",,Finviz via finvizfinance screener views,2026-09-11T23:30:27+02:00,2026-07-29,,44,NORMAL,
TTWO,Take-Two Interactive Software Inc,finviz_prefilter,revenue_growth;eps_growth;operating_margin,,price_min;market_cap_min;avg_volume_min;revenue_growth;eps_growth;eps_next_year;operating_margin;earnings_window,False,"{'revenue_growth_yoy': 2.0, 'eps_growth_yoy': -178.26999999999998, 'eps_next_year': 47.52, 'operating_margin': -0.96}",,Finviz via finvizfinance screener views,2026-09-11T23:30:27+02:00,2026-08-07,,35,NORMAL,
TVTX,Travere Therapeutics Inc,finviz_prefilter,eps_growth;operating_margin,,price_min;market_cap_min;avg_volume_min;revenue_growth;eps_growth;eps_next_year;operating_margin;earnings_window,False,"{'revenue_growth_yoy': 48.17, 'eps_growth_yoy': -159.54999999999998, 'eps_next_year': 11681.37, 'operating_margin': -6.84}",,Finviz via finvizfinance screener views,2026-09-11T23:30:27+02:00,2026-08-04,,38,NORMAL,
TW,Tradeweb Markets Inc,finviz_prefilter,revenue_growth;eps_growth;eps_next_year,,price_min;market_cap_min;avg_volume_min;revenue_growth;eps_growth;eps_next_year;operating_margin;earnings_window,False,"{'revenue_growth_yoy': 8.959999999999999, 'eps_growth_yoy': 19.18, 'eps_next_year': 13.85, 'operating_margin': 43.61}",,Finviz via finvizfinance screener views,2026-09-11T23:30:27+02:00,2026-07-30,,43,NORMAL,
TWST,Twist Bioscience Corp,finviz_prefilter,eps_growth;operating_margin,,price_min;market_cap_min;avg_volume_min;revenue_growth;eps_growth;eps_next_year;operating_margin;earnings_window,False,"{'revenue_growth_yoy': 23.24, 'eps_growth_yoy': -268.48, 'eps_next_year': 36.58, 'operating_margin': -31.91}",,Finviz via finvizfinance screener views,2026-09-11T23:30:27+02:00,2026-08-03,,39,NORMAL,
TXG,10x Genomics Inc,finviz_prefilter,revenue_growth;eps_growth;eps_next_year;operating_margin,,price_min;market_cap_min;avg_volume_min;revenue_growth;eps_growth;eps_next_year;operating_margin;earnings_window,False,"{'revenue_growth_yoy': -12.65, 'eps_growth_yoy': -149.75, 'eps_next_year': 3.44, 'operating_margin': -14.12}",,Finviz via finvizfinance screener views,2026-09-11T23:30:27+02:00,2026-08-06,,36,NORMAL,
TXRH,Texas Roadhouse Inc,finviz_prefilter,revenue_growth;eps_growth,,price_min;market_cap_min;avg_volume_min;revenue_growth;eps_growth;eps_next_year;operating_margin;earnings_window,False,"{'revenue_growth_yoy': 11.110000000000001, 'eps_growth_yoy': -0.72, 'eps_next_year': 18.27, 'operating_margin': 8.24}",,Finviz via finvizfinance screener views,2026-09-11T23:30:27+02:00,2026-08-06,,36,NORMAL,
UAL,United Airlines Holdings Inc,finviz_prefilter,revenue_growth;eps_growth;operating_margin,,price_min;market_cap_min;avg_volume_min;revenue_growth;eps_growth;eps_next_year;operating_margin;earnings_window,False,"{'revenue_growth_yoy': 15.989999999999998, 'eps_growth_yoy': -17.11, 'eps_next_year': 47.9, 'operating_margin': 6.77}",,Finviz via finvizfinance screener views,2026-09-11T23:30:27+02:00,2026-07-15,,58,NORMAL,
UBSI,United Bankshares Inc,finviz_prefilter,revenue_growth;eps_growth;eps_next_year,,price_min;market_cap_min;avg_volume_min;revenue_growth;eps_growth;eps_next_year;operating_margin;earnings_window,False,"{'revenue_growth_yoy': 0.9199999999999999, 'eps_growth_yoy': 12.11, 'eps_next_year': 4.04, 'operating_margin': 35.0}",,Finviz via finvizfinance screener views,2026-09-11T23:30:27+02:00,2026-07-23,,50,NORMAL,
UCTT,Ultra Clean Hldgs Inc,finviz_prefilter,operating_margin,,price_min;market_cap_min;avg_volume_min;revenue_growth;eps_growth;eps_next_year;operating_margin;earnings_window,False,"{'revenue_growth_yoy': 24.310000000000002, 'eps_growth_yoy': 105.25999999999999, 'eps_next_year': 106.91, 'operating_margin': 2.8400000000000003}",,Finviz via finvizfinance screener views,2026-09-11T23:30:27+02:00,2026-08-03,,39,NORMAL,"{'failed_gate': 'operating_margin', 'actual_value': 2.8400000000000003, 'applicable_threshold': 8.0, 'distance_to_threshold': 5.16, 'distance_to_threshold_pct': 64.5, 'formula': 'minimo: distance = threshold - actual; pct = distance / abs(threshold) * 100'}"
UPST,Upstart Holdings Inc,finviz_prefilter,operating_margin,,price_min;market_cap_min;avg_volume_min;revenue_growth;eps_growth;eps_next_year;operating_margin;earnings_window,False,"{'revenue_growth_yoy': 41.75, 'eps_growth_yoy': 185.5, 'eps_next_year': 171.16, 'operating_margin': 3.9899999999999998}",,Finviz via finvizfinance screener views,2026-09-11T23:30:27+02:00,2026-08-04,,38,NORMAL,"{'failed_gate': 'operating_margin', 'actual_value': 3.9899999999999998, 'applicable_threshold': 8.0, 'distance_to_threshold': 4.01, 'distance_to_threshold_pct': 50.125, 'formula': 'minimo: distance = threshold - actual; pct = distance / abs(threshold) * 100'}"
URBN,Urban Outfitters Inc,finviz_prefilter,revenue_growth;eps_next_year,,price_min;market_cap_min;avg_volume_min;revenue_growth;eps_growth;eps_next_year;operating_margin;earnings_window,False,"{'revenue_growth_yoy': 10.440000000000001, 'eps_growth_yoy': 75.96000000000001, 'eps_next_year': 7.84, 'operating_margin': 11.33}",,Finviz via finvizfinance screener views,2026-09-11T23:30:27+02:00,2026-08-26,,16,NORMAL,
URGN,UroGen Pharma Ltd,finviz_prefilter,operating_margin,,price_min;market_cap_min;avg_volume_min;revenue_growth;eps_growth;eps_next_year;operating_margin;earnings_window,False,"{'revenue_growth_yoy': 199.22, 'eps_growth_yoy': 72.78, 'eps_next_year': 1223.7, 'operating_margin': -35.32}",,Finviz via finvizfinance screener views,2026-09-11T23:30:27+02:00,2026-08-05,,37,NORMAL,"{'failed_gate': 'operating_margin', 'actual_value': -35.32, 'applicable_threshold': 8.0, 'distance_to_threshold': 43.32, 'distance_to_threshold_pct': 541.5, 'formula': 'minimo: distance = threshold - actual; pct = distance / abs(threshold) * 100'}"
USAR,USA Rare Earth Inc,finviz_prefilter,operating_margin,revenue_growth;eps_growth,price_min;market_cap_min;avg_volume_min;eps_next_year;operating_margin;earnings_window,False,"{'revenue_growth_yoy': None, 'eps_growth_yoy': 96.87, 'eps_next_year': 86.44, 'operating_margin': -949.48}",,Finviz via finvizfinance screener views,2026-09-11T23:30:27+02:00,2026-08-10,,32,NORMAL,"{'failed_gate': 'operating_margin', 'actual_value': -949.48, 'applicable_threshold': 8.0, 'distance_to_threshold': 957.48, 'distance_to_threshold_pct': 11968.5, 'formula': 'minimo: distance = threshold - actual; pct = distance / abs(threshold) * 100'}"
VCYT,Veracyte Inc,finviz_prefilter,revenue_growth;eps_next_year,,price_min;market_cap_min;avg_volume_min;revenue_growth;eps_growth;eps_next_year;operating_margin;earnings_window,False,"{'revenue_growth_yoy': 15.49, 'eps_growth_yoy': 2584.7999999999997, 'eps_next_year': 2.14, 'operating_margin': 17.22}",,Finviz via finvizfinance screener views,2026-09-11T23:30:27+02:00,2026-07-30,,43,NORMAL,
VECO,Veeco Instruments Inc,finviz_prefilter,revenue_growth;eps_growth;operating_margin,,price_min;market_cap_min;avg_volume_min;revenue_growth;eps_growth;eps_next_year;operating_margin;earnings_window,False,"{'revenue_growth_yoy': 16.48, 'eps_growth_yoy': -9.8, 'eps_next_year': 111.2, 'operating_margin': 4.26}",,Finviz via finvizfinance screener views,2026-09-11T23:30:27+02:00,2026-08-05,,37,NORMAL,
VICR,Vicor Corp,finviz_prefilter,eps_growth,,price_min;market_cap_min;avg_volume_min;revenue_growth;eps_growth;eps_next_year;operating_margin;earnings_window,False,"{'revenue_growth_yoy': 49.25, 'eps_growth_yoy': 14.17, 'eps_next_year': 73.22, 'operating_margin': 18.64}",,Finviz via finvizfinance screener views,2026-09-11T23:30:27+02:00,2026-07-21,,52,NORMAL,"{'failed_gate': 'eps_growth', 'actual_value': 14.17, 'applicable_threshold': 20.0, 'distance_to_threshold': 5.83, 'distance_to_threshold_pct': 29.15, 'formula': 'minimo: distance = threshold - actual; pct = distance / abs(threshold) * 100'}"
VNOM,Viper Energy Inc,finviz_prefilter,eps_next_year,,price_min;market_cap_min;avg_volume_min;revenue_growth;eps_growth;eps_next_year;operating_margin;earnings_window,False,"{'revenue_growth_yoy': 129.26999999999998, 'eps_growth_yoy': 157.99, 'eps_next_year': -9.56, 'operating_margin': 48.86}",,Finviz via finvizfinance screener views,2026-09-11T23:30:27+02:00,2026-08-03,,39,NORMAL,"{'failed_gate': 'eps_next_year', 'actual_value': -9.56, 'applicable_threshold': 15.0, 'distance_to_threshold': 24.560000000000002, 'distance_to_threshold_pct': 163.73333333333335, 'formula': 'minimo: distance = threshold - actual; pct = distance / abs(threshold) * 100'}"
VRDN,Viridian Therapeutics Inc,finviz_prefilter,eps_growth;operating_margin,,price_min;market_cap_min;avg_volume_min;revenue_growth;eps_growth;eps_next_year;operating_margin;earnings_window,False,"{'revenue_growth_yoy': 278.67, 'eps_growth_yoy': 4.5600000000000005, 'eps_next_year': 34.08, 'operating_margin': -569.68}",,Finviz via finvizfinance screener views,2026-09-11T23:30:27+02:00,2026-08-06,,36,NORMAL,
VRNS,Varonis Systems Inc,finviz_prefilter,revenue_growth;eps_growth;operating_margin,,price_min;market_cap_min;avg_volume_min;revenue_growth;eps_growth;eps_next_year;operating_margin;earnings_window,False,"{'revenue_growth_yoy': 18.84, 'eps_growth_yoy': -27.529999999999998, 'eps_next_year': 176.81, 'operating_margin': -24.01}",,Finviz via finvizfinance screener views,2026-09-11T23:30:27+02:00,2026-07-28,,45,NORMAL,
VRSK,Verisk Analytics Inc,finviz_prefilter,revenue_growth;eps_growth;eps_next_year,,price_min;market_cap_min;avg_volume_min;revenue_growth;eps_growth;eps_next_year;operating_margin;earnings_window,False,"{'revenue_growth_yoy': 4.36, 'eps_growth_yoy': -3.2099999999999995, 'eps_next_year': 12.67, 'operating_margin': 44.81}",,Finviz via finvizfinance screener views,2026-09-11T23:30:27+02:00,2026-07-29,,44,NORMAL,
VRSN,Verisign Inc,finviz_prefilter,revenue_growth;eps_growth;eps_next_year,,price_min;market_cap_min;avg_volume_min;revenue_growth;eps_growth;eps_next_year;operating_margin;earnings_window,False,"{'revenue_growth_yoy': 6.03, 'eps_growth_yoy': 7.71, 'eps_next_year': 13.42, 'operating_margin': 67.86}",,Finviz via finvizfinance screener views,2026-09-11T23:30:27+02:00,2026-07-23,,50,NORMAL,
VRTX,Vertex Pharmaceuticals Inc,finviz_prefilter,revenue_growth;eps_growth;eps_next_year,,price_min;market_cap_min;avg_volume_min;revenue_growth;eps_growth;eps_next_year;operating_margin;earnings_window,False,"{'revenue_growth_yoy': 11.99, 'eps_growth_yoy': 8.02, 'eps_next_year': 13.18, 'operating_margin': 39.54}",,Finviz via finvizfinance screener views,2026-09-11T23:30:27+02:00,2026-08-03,,39,NORMAL,
VSAT,Viasat Inc,finviz_prefilter,revenue_growth;eps_growth;eps_next_year;operating_margin,,price_min;market_cap_min;avg_volume_min;revenue_growth;eps_growth;eps_next_year;operating_margin;earnings_window,False,"{'revenue_growth_yoy': -1.24, 'eps_growth_yoy': 12.030000000000001, 'eps_next_year': -1.39, 'operating_margin': 2.35}",,Finviz via finvizfinance screener views,2026-09-11T23:30:27+02:00,2026-08-04,,38,NORMAL,
VSNT,Versant Media Group Inc,finviz_prefilter,revenue_growth;eps_growth,,price_min;market_cap_min;avg_volume_min;revenue_growth;eps_growth;eps_next_year;operating_margin;earnings_window,False,"{'revenue_growth_yoy': -3.75, 'eps_growth_yoy': -28.54, 'eps_next_year': 63.29, 'operating_margin': 19.29}",,Finviz via finvizfinance screener views,2026-09-11T23:30:27+02:00,2026-08-06,,36,NORMAL,
VTRS,Viatris Inc,finviz_prefilter,revenue_growth;eps_growth;eps_next_year,,price_min;market_cap_min;avg_volume_min;revenue_growth;eps_growth;eps_next_year;operating_margin;earnings_window,False,"{'revenue_growth_yoy': 5.050000000000001, 'eps_growth_yoy': -2517.9500000000003, 'eps_next_year': 6.17, 'operating_margin': 9.69}",,Finviz via finvizfinance screener views,2026-09-11T23:30:27+02:00,2026-08-06,,36,NORMAL,
WAY,Waystar Holding Corp,finviz_prefilter,revenue_growth;eps_growth;eps_next_year,,price_min;market_cap_min;avg_volume_min;revenue_growth;eps_growth;eps_next_year;operating_margin;earnings_window,False,"{'revenue_growth_yoy': 18.11, 'eps_growth_yoy': 18.57, 'eps_next_year': 12.48, 'operating_margin': 25.36}",,Finviz via finvizfinance screener views,2026-09-11T23:30:27+02:00,2026-07-29,,44,NORMAL,
WBD,Warner Bros. Discovery Inc,finviz_prefilter,revenue_growth;eps_growth;operating_margin,,price_min;market_cap_min;avg_volume_min;revenue_growth;eps_growth;eps_next_year;operating_margin;earnings_window,False,"{'revenue_growth_yoy': -11.07, 'eps_growth_yoy': -90.84, 'eps_next_year': 99.34, 'operating_margin': 7.000000000000001}",,Finviz via finvizfinance screener views,2026-09-11T23:30:27+02:00,2026-08-06,,36,NORMAL,
WDAY,Workday Inc,finviz_prefilter,revenue_growth,,price_min;market_cap_min;avg_volume_min;revenue_growth;eps_growth;eps_next_year;operating_margin;earnings_window,False,"{'revenue_growth_yoy': 13.29, 'eps_growth_yoy': 204.05, 'eps_next_year': 19.53, 'operating_margin': 12.64}",,Finviz via finvizfinance screener views,2026-09-11T23:30:27+02:00,2026-08-27,,15,PEAD_WINDOW,"{'failed_gate': 'revenue_growth', 'actual_value': 13.29, 'applicable_threshold': 20.0, 'distance_to_threshold': 6.710000000000001, 'distance_to_threshold_pct': 33.550000000000004, 'formula': 'minimo: distance = threshold - actual; pct = distance / abs(threshold) * 100'}"
WERN,Werner Enterprises Inc,finviz_prefilter,eps_growth;operating_margin,,price_min;market_cap_min;avg_volume_min;revenue_growth;eps_growth;eps_next_year;operating_margin;earnings_window,False,"{'revenue_growth_yoy': 24.0, 'eps_growth_yoy': -85.41, 'eps_next_year': 96.38, 'operating_margin': 0.7000000000000001}",,Finviz via finvizfinance screener views,2026-09-11T23:30:27+02:00,2026-07-28,,45,NORMAL,
WFRD,Weatherford International plc,finviz_prefilter,revenue_growth;eps_growth,,price_min;market_cap_min;avg_volume_min;revenue_growth;eps_growth;eps_next_year;operating_margin;earnings_window,False,"{'revenue_growth_yoy': -8.219999999999999, 'eps_growth_yoy': -71.24000000000001, 'eps_next_year': 42.19, 'operating_margin': 14.42}",,Finviz via finvizfinance screener views,2026-09-11T23:30:27+02:00,2026-07-21,,52,NORMAL,
WGS,GeneDx Holdings Corp,finviz_prefilter,revenue_growth;eps_growth;operating_margin,,price_min;market_cap_min;avg_volume_min;revenue_growth;eps_growth;eps_next_year;operating_margin;earnings_window,False,"{'revenue_growth_yoy': 11.44, 'eps_growth_yoy': -264.35, 'eps_next_year': 1068.75, 'operating_margin': -12.49}",,Finviz via finvizfinance screener views,2026-09-11T23:30:27+02:00,2026-08-03,,39,NORMAL,
WING,Wingstop Inc,finviz_prefilter,revenue_growth;eps_growth,,price_min;market_cap_min;avg_volume_min;revenue_growth;eps_growth;eps_next_year;operating_margin;earnings_window,False,"{'revenue_growth_yoy': 6.4399999999999995, 'eps_growth_yoy': 20.11, 'eps_next_year': 20.58, 'operating_margin': 28.77}",,Finviz via finvizfinance screener views,2026-09-11T23:30:27+02:00,2026-07-29,,44,NORMAL,
WIX,Wix.com Ltd,finviz_prefilter,revenue_growth;eps_growth;operating_margin,,price_min;market_cap_min;avg_volume_min;revenue_growth;eps_growth;eps_next_year;operating_margin;earnings_window,False,"{'revenue_growth_yoy': 14.93, 'eps_growth_yoy': -283.72, 'eps_next_year': 51.76, 'operating_margin': -3.1399999999999997}",,Finviz via finvizfinance screener views,2026-09-11T23:30:27+02:00,2026-08-04,,38,NORMAL,
WMG,Warner Music Group Corp,finviz_prefilter,revenue_growth,,price_min;market_cap_min;avg_volume_min;revenue_growth;eps_growth;eps_next_year;operating_margin;earnings_window,False,"{'revenue_growth_yoy': 10.36, 'eps_growth_yoy': 1348.53, 'eps_next_year': 20.88, 'operating_margin': 18.77}",,Finviz via finvizfinance screener views,2026-09-11T23:30:27+02:00,2026-08-05,,37,NORMAL,"{'failed_gate': 'revenue_growth', 'actual_value': 10.36, 'applicable_threshold': 20.0, 'distance_to_threshold': 9.64, 'distance_to_threshold_pct': 48.2, 'formula': 'minimo: distance = threshold - actual; pct = distance / abs(threshold) * 100'}"
WMT,Walmart Inc,finviz_prefilter,revenue_growth;eps_growth;eps_next_year;operating_margin,,price_min;market_cap_min;avg_volume_min;revenue_growth;eps_growth;eps_next_year;operating_margin;earnings_window,False,"{'revenue_growth_yoy': 5.94, 'eps_growth_yoy': -8.97, 'eps_next_year': 11.71, 'operating_margin': 4.390000000000001}",,Finviz via finvizfinance screener views,2026-09-11T23:30:27+02:00,2026-08-20,,22,NORMAL,
WSBC,Wesbanco Inc,finviz_prefilter,revenue_growth;eps_next_year,,price_min;market_cap_min;avg_volume_min;revenue_growth;eps_growth;eps_next_year;operating_margin;earnings_window,False,"{'revenue_growth_yoy': 1.24, 'eps_growth_yoy': 59.650000000000006, 'eps_next_year': 8.05, 'operating_margin': 30.669999999999998}",,Finviz via finvizfinance screener views,2026-09-11T23:30:27+02:00,2026-07-21,,52,NORMAL,
WSC,WillScot Holdings Corp,finviz_prefilter,revenue_growth;eps_growth,,price_min;market_cap_min;avg_volume_min;revenue_growth;eps_growth;eps_next_year;operating_margin;earnings_window,False,"{'revenue_growth_yoy': 3.92, 'eps_growth_yoy': -1.11, 'eps_next_year': 15.66, 'operating_margin': 20.549999999999997}",,Finviz via finvizfinance screener views,2026-09-11T23:30:27+02:00,2026-08-06,,36,NORMAL,
WULF,TeraWulf Inc,finviz_prefilter,revenue_growth;eps_growth;operating_margin,,price_min;market_cap_min;avg_volume_min;revenue_growth;eps_growth;eps_next_year;operating_margin;earnings_window,False,"{'revenue_growth_yoy': -6.02, 'eps_growth_yoy': -3973.6800000000003, 'eps_next_year': 92.81, 'operating_margin': -227.32000000000002}",,Finviz via finvizfinance screener views,2026-09-11T23:30:27+02:00,2026-08-05,,37,NORMAL,
WYNN,Wynn Resorts Ltd,finviz_prefilter,revenue_growth;eps_next_year,,price_min;market_cap_min;avg_volume_min;revenue_growth;eps_growth;eps_next_year;operating_margin;earnings_window,False,"{'revenue_growth_yoy': 6.859999999999999, 'eps_growth_yoy': 106.71, 'eps_next_year': 7.58, 'operating_margin': 16.3}",,Finviz via finvizfinance screener views,2026-09-11T23:30:27+02:00,2026-08-04,,38,NORMAL,
XEL,Xcel Energy Inc,finviz_prefilter,revenue_growth;eps_growth;eps_next_year,,price_min;market_cap_min;avg_volume_min;revenue_growth;eps_growth;eps_next_year;operating_margin;earnings_window,False,"{'revenue_growth_yoy': -4.9399999999999995, 'eps_growth_yoy': 23.77, 'eps_next_year': 10.6, 'operating_margin': 21.16}",,Finviz via finvizfinance screener views,2026-09-11T23:30:27+02:00,2026-07-30,,43,NORMAL,
XP,XP Inc,finviz_prefilter,eps_growth;eps_next_year,,price_min;market_cap_min;avg_volume_min;revenue_growth;eps_growth;eps_next_year;operating_margin;earnings_window,False,"{'revenue_growth_yoy': 20.82, 'eps_growth_yoy': 21.83, 'eps_next_year': 13.91, 'operating_margin': 31.869999999999997}",,Finviz via finvizfinance screener views,2026-09-11T23:30:27+02:00,2026-08-17,,25,NORMAL,
Z,Zillow Group Inc,finviz_prefilter,revenue_growth;eps_growth;operating_margin,,price_min;market_cap_min;avg_volume_min;revenue_growth;eps_growth;eps_next_year;operating_margin;earnings_window,False,"{'revenue_growth_yoy': 17.86, 'eps_growth_yoy': -320.0, 'eps_next_year': 28.89, 'operating_margin': 1.78}",,Finviz via finvizfinance screener views,2026-09-11T23:30:27+02:00,2026-08-05,,37,NORMAL,
ZBIO,Zenas Biopharma Inc,finviz_prefilter,eps_next_year;operating_margin,revenue_growth;eps_growth,price_min;market_cap_min;avg_volume_min;eps_next_year;operating_margin;earnings_window,False,"{'revenue_growth_yoy': None, 'eps_growth_yoy': -41.57, 'eps_next_year': 10.88, 'operating_margin': -27390.100000000002}",,Finviz via finvizfinance screener views,2026-09-11T23:30:27+02:00,2026-08-13,,29,NORMAL,
ZBRA,Zebra Technologies Corp,finviz_prefilter,revenue_growth;eps_next_year,,price_min;market_cap_min;avg_volume_min;revenue_growth;eps_growth;eps_next_year;operating_margin;earnings_window,False,"{'revenue_growth_yoy': 19.07, 'eps_growth_yoy': 121.66, 'eps_next_year': 5.09, 'operating_margin': 17.16}",,Finviz via finvizfinance screener views,2026-09-11T23:30:27+02:00,2026-08-04,,38,NORMAL,
ZG,Zillow Group Inc,finviz_prefilter,revenue_growth;eps_growth;operating_margin,,price_min;market_cap_min;avg_volume_min;revenue_growth;eps_growth;eps_next_year;operating_margin;earnings_window,False,"{'revenue_growth_yoy': 17.86, 'eps_growth_yoy': -320.0, 'eps_next_year': 29.63, 'operating_margin': 1.78}",,Finviz via finvizfinance screener views,2026-09-11T23:30:27+02:00,2026-08-05,,37,NORMAL,
ZION,Zions Bancorporation N.A,finviz_prefilter,revenue_growth;eps_next_year,,price_min;market_cap_min;avg_volume_min;revenue_growth;eps_growth;eps_next_year;operating_margin;earnings_window,False,"{'revenue_growth_yoy': 19.1, 'eps_growth_yoy': 86.9, 'eps_next_year': -14.36, 'operating_margin': 29.060000000000002}",,Finviz via finvizfinance screener views,2026-09-11T23:30:27+02:00,2026-07-20,,53,NORMAL,
ZM,Zoom Communications Inc,finviz_prefilter,revenue_growth;eps_next_year,,price_min;market_cap_min;avg_volume_min;revenue_growth;eps_growth;eps_next_year;operating_margin;earnings_window,False,"{'revenue_growth_yoy': 4.93, 'eps_growth_yoy': 342.31, 'eps_next_year': 3.49, 'operating_margin': 23.73}",,Finviz via finvizfinance screener views,2026-09-11T23:30:27+02:00,2026-08-25,,17,NORMAL,
ZS,Zscaler Inc,finviz_prefilter,eps_next_year;operating_margin,,price_min;market_cap_min;avg_volume_min;revenue_growth;eps_growth;eps_next_year;operating_margin;earnings_window,False,"{'revenue_growth_yoy': 24.88, 'eps_growth_yoy': 81.47999999999999, 'eps_next_year': 14.75, 'operating_margin': -3.65}",,Finviz via finvizfinance screener views,2026-09-11T23:30:27+02:00,2026-09-03,,8,PEAD_WINDOW,
AAON,AAON Inc,tradingview_gates,price_above_sma50;sma50_above_sma150;ema21_above_ema50;within_25pct_52w_high;rsi14;performance_21d,,price_min;market_cap_min;avg_volume_min;price_above_sma50;sma50_above_sma150;sma150_above_sma200;ema21_above_ema50;within_25pct_52w_high;rsi14;atr_pct;rvol20_data_available;performance_21d;distance_resistance_hard;no_extended_move_10d;revenue_growth;eps_growth;eps_next_year;operating_margin;earnings_window;market_regime_allows_new_entries,True,"{'price': 79.795, 'price_tv': 79.795, 'price_finviz': 79.79, 'sma50': 92.0219, 'sma150': 102.56303333333334, 'sma200': 98.30205, 'ema21': 80.86575673414173, 'ema50': 90.63322377262462, 'rsi14': 43.77897180052404, 'atr14': 4.088829942623592, 'atr_pct': 5.124168109058953, 'rvol20': 0.877122294499094, 'performance_21d_pct': -6.376862607063238, 'distance_52w_high_pct': 46.96593577424949, 'distance_resistance_pct': 75.28667209724921, 'move_10d_pct': 2.104926423544451, 'structural_trend_pass': False}",pattern;previous_revenue_growth_yoy;shares_change_6m_pct,TradingView MCP + Finviz via finvizfinance screener views,2026-09-11T23:31:03+02:00,2026-08-10,,32,NORMAL,
ACMR,ACM Research Inc,tradingview_gates,price_above_sma50;ema21_above_ema50;within_25pct_52w_high;rsi14;performance_21d,,price_min;market_cap_min;avg_volume_min;price_above_sma50;sma50_above_sma150;sma150_above_sma200;ema21_above_ema50;within_25pct_52w_high;rsi14;atr_pct;rvol20_data_available;performance_21d;distance_resistance_hard;no_extended_move_10d;revenue_growth;eps_growth;eps_next_year;operating_margin;earnings_window;market_regime_allows_new_entries,True,"{'price': 72, 'price_tv': 72, 'price_finviz': 72.0, 'sma50': 82.398, 'sma150': 70.65613333333333, 'sma200': 64.11597499999999, 'ema21': 75.96616988255, 'ema50': 79.38236464765527, 'rsi14': 42.38048888989034, 'atr14': 5.1858589171517115, 'atr_pct': 7.202581829377378, 'rvol20': 0.7349665898805918, 'performance_21d_pct': -11.395520551316762, 'distance_52w_high_pct': 43.3917760830254, 'distance_resistance_pct': 76.65277777777777, 'move_10d_pct': -10.547894148341408, 'structural_trend_pass': False}",pattern;previous_revenue_growth_yoy;shares_change_6m_pct,TradingView MCP + Finviz via finvizfinance screener views,2026-09-11T23:31:08+02:00,2026-08-07,,35,NORMAL,
ADI,Analog Devices Inc,tradingview_gates,ema21_above_ema50;atr_pct;performance_21d,,price_min;market_cap_min;avg_volume_min;price_above_sma50;sma50_above_sma150;sma150_above_sma200;ema21_above_ema50;within_25pct_52w_high;rsi14;atr_pct;rvol20_data_available;performance_21d;distance_resistance_hard;no_extended_move_10d;revenue_growth;eps_growth;eps_next_year;operating_margin;earnings_window;market_regime_allows_new_entries,True,"{'price': 378.78, 'price_tv': 378.78, 'price_finviz': 378.78, 'sma50': 375.4343, 'sma150': 372.27823333333333, 'sma200': 351.04025, 'ema21': 368.67080400795237, 'ema50': 375.53599982287426, 'rsi14': 56.1028685052736, 'atr14': 11.183681274792107, 'atr_pct': 2.952553269653125, 'rvol20': 0.7956051326403712, 'performance_21d_pct': -1.4697083994485438, 'distance_52w_high_pct': 15.054607431993015, 'distance_resistance_pct': 17.722688631923557, 'move_10d_pct': 1.1374559436078124, 'structural_trend_pass': True}",pattern;previous_revenue_growth_yoy;shares_change_6m_pct,TradingView MCP + Finviz via finvizfinance screener views,2026-09-11T23:31:22+02:00,2026-08-19,,23,NORMAL,
AEIS,Advanced Energy Industries Inc,tradingview_gates,price_above_sma50;sma50_above_sma150;ema21_above_ema50;within_25pct_52w_high;rsi14;performance_21d,,price_min;market_cap_min;avg_volume_min;price_above_sma50;sma50_above_sma150;sma150_above_sma200;ema21_above_ema50;within_25pct_52w_high;rsi14;atr_pct;rvol20_data_available;performance_21d;distance_resistance_hard;no_extended_move_10d;revenue_growth;eps_growth;eps_next_year;operating_margin;earnings_window;market_regime_allows_new_entries,True,"{'price': 287.25, 'price_tv': 287.25, 'price_finviz': 287.25, 'sma50': 297.7059, 'sma150': 324.3425666666667, 'sma200': 300.88307499999996, 'ema21': 287.64020747370716, 'ema50': 300.0471575852131, 'rsi14': 48.59118370422117, 'atr14': 15.491793894391952, 'atr_pct': 5.393139736951071, 'rvol20': 0.8784293049447393, 'performance_21d_pct': -14.843472073995024, 'distance_52w_high_pct': 27.724939613526566, 'distance_resistance_pct': 35.69712793733682, 'move_10d_pct': 0.05573165209518116, 'structural_trend_pass': False}",pattern;previous_revenue_growth_yoy;shares_change_6m_pct,TradingView MCP + Finviz via finvizfinance screener views,2026-09-11T23:31:36+02:00,2026-08-03,,39,NORMAL,
AFRM,Affirm Holdings Inc,tradingview_gates,price_above_sma50;sma150_above_sma200;ema21_above_ema50;rsi14;performance_21d,,price_min;market_cap_min;avg_volume_min;price_above_sma50;sma50_above_sma150;sma150_above_sma200;ema21_above_ema50;within_25pct_52w_high;rsi14;atr_pct;rvol20_data_available;performance_21d;distance_resistance_hard;no_extended_move_10d;revenue_growth;eps_growth;eps_next_year;operating_margin;earnings_window;market_regime_allows_new_entries,True,"{'price': 71.44, 'price_tv': 71.44, 'price_finviz': 71.44, 'sma50': 76.1471, 'sma150': 65.02583333333334, 'sma200': 66.621975, 'ema21': 73.47318729729263, 'ema50': 73.9852868615453, 'rsi14': 45.3614280979556, 'atr14': 3.828766744711283, 'atr_pct': 5.359415936046029, 'rvol20': 0.8110274121460227, 'performance_21d_pct': -2.670299727520442, 'distance_52w_high_pct': 22.817631806395855, 'distance_resistance_pct': 26.595744680851062, 'move_10d_pct': -7.80745902697122, 'structural_trend_pass': False}",pattern;previous_revenue_growth_yoy;shares_change_6m_pct,TradingView MCP + Finviz via finvizfinance screener views,2026-09-11T23:31:50+02:00,2026-08-27,,15,PEAD_WINDOW,
ALAB,Astera Labs Inc,tradingview_gates,price_above_sma50;ema21_above_ema50;within_25pct_52w_high;rsi14;performance_21d,,price_min;market_cap_min;avg_volume_min;price_above_sma50;sma50_above_sma150;sma150_above_sma200;ema21_above_ema50;within_25pct_52w_high;rsi14;atr_pct;rvol20_data_available;performance_21d;distance_resistance_hard;no_extended_move_10d;revenue_growth;eps_growth;eps_next_year;operating_margin;earnings_window;market_regime_allows_new_entries,True,"{'price': 291.22, 'price_tv': 291.22, 'price_finviz': 291.22, 'sma50': 318.5189, 'sma150': 250.03963333333334, 'sma200': 228.15654999999998, 'ema21': 296.46082574633715, 'ema50': 306.6913335329579, 'rsi14': 47.43438922317055, 'atr14': 23.00935624119388, 'atr_pct': 7.90102199065788, 'rvol20': 0.6660697315683682, 'performance_21d_pct': -8.651191969887073, 'distance_52w_high_pct': 41.69491959777062, 'distance_resistance_pct': 71.51164068401894, 'move_10d_pct': -4.232299648130466, 'structural_trend_pass': False}",pattern;previous_revenue_growth_yoy;shares_change_6m_pct,TradingView MCP + Finviz via finvizfinance screener views,2026-09-11T23:32:04+02:00,2026-08-04,,38,NORMAL,
ALNY,Alnylam Pharmaceuticals Inc,tradingview_gates,price_above_sma50;sma50_above_sma150;sma150_above_sma200;ema21_above_ema50;within_25pct_52w_high;rsi14,,price_min;market_cap_min;avg_volume_min;price_above_sma50;sma50_above_sma150;sma150_above_sma200;ema21_above_ema50;within_25pct_52w_high;rsi14;atr_pct;rvol20_data_available;performance_21d;distance_resistance_hard;no_extended_move_10d;revenue_growth;eps_growth;eps_next_year;operating_margin;earnings_window;market_regime_allows_new_entries,True,"{'price': 248.68, 'price_tv': 248.68, 'price_finviz': 248.68, 'sma50': 255.3594, 'sma150': 291.35283333333336, 'sma200': 317.18172500000003, 'ema21': 247.97537671049253, 'ema50': 255.08344727596435, 'rsi14': 50.30724490443962, 'atr14': 11.644558115989636, 'atr_pct': 4.682547095057759, 'rvol20': 0.6797318147195318, 'performance_21d_pct': 11.042643447198053, 'distance_52w_high_pct': 49.81737463424478, 'distance_resistance_pct': 52.806820009650956, 'move_10d_pct': 5.123435914778485, 'structural_trend_pass': False}",pattern;previous_revenue_growth_yoy;shares_change_6m_pct,TradingView MCP + Finviz via finvizfinance screener views,2026-09-11T23:32:18+02:00,2026-07-30,,43,NORMAL,
AMAT,Applied Materials Inc,tradingview_gates,price_above_sma50;ema21_above_ema50;within_25pct_52w_high;rsi14;performance_21d,,price_min;market_cap_min;avg_volume_min;price_above_sma50;sma50_above_sma150;sma150_above_sma200;ema21_above_ema50;within_25pct_52w_high;rsi14;atr_pct;rvol20_data_available;performance_21d;distance_resistance_hard;no_extended_move_10d;revenue_growth;eps_growth;eps_next_year;operating_margin;earnings_window;market_regime_allows_new_entries,True,"{'price': 456.49, 'price_tv': 456.49, 'price_finviz': 456.49, 'sma50': 516.8534, 'sma150': 454.3221333333334, 'sma200': 411.801175, 'ema21': 476.06571547796966, 'ema50': 497.28613984045325, 'rsi14': 41.650099447600915, 'atr14': 21.40239471844883, 'atr_pct': 4.688469565258567, 'rvol20': 0.6052610011883662, 'performance_21d_pct': -16.721700264526127, 'distance_52w_high_pct': 38.284640447767245, 'distance_resistance_pct': 62.034217617034315, 'move_10d_pct': -5.3632141968654174, 'structural_trend_pass': False}",pattern;previous_revenue_growth_yoy;shares_change_6m_pct,TradingView MCP + Finviz via finvizfinance screener views,2026-09-11T23:32:23+02:00,2026-08-13,,29,NORMAL,
AMLX,Amylyx Pharmaceuticals Inc,tradingview_gates,rsi14;performance_21d,revenue_growth;eps_growth;operating_margin,price_min;market_cap_min;avg_volume_min;price_above_sma50;sma50_above_sma150;sma150_above_sma200;ema21_above_ema50;within_25pct_52w_high;rsi14;atr_pct;rvol20_data_available;performance_21d;distance_resistance_hard;no_extended_move_10d;eps_next_year;earnings_window;market_regime_allows_new_entries,True,"{'price': 31.62, 'price_tv': 31.62, 'price_finviz': 31.62, 'sma50': 25.378200000000003, 'sma150': 18.473366666666667, 'sma200': 17.2359, 'ema21': 31.96377629026992, 'ema50': 27.200807774159397, 'rsi14': 52.94055258214445, 'atr14': 1.9510854102685997, 'atr_pct': 6.170415592247311, 'rvol20': 0.46092409241901117, 'performance_21d_pct': 35.41755888650964, 'distance_52w_high_pct': 23.140495867768593, 'distance_resistance_pct': 30.107526881720425, 'move_10d_pct': -14.954276492738028, 'structural_trend_pass': True}",gross_margin;operating_margin;pattern;previous_revenue_growth_yoy;revenue_growth_yoy;shares_change_6m_pct,TradingView MCP + Finviz via finvizfinance screener views,2026-09-11T23:32:51+02:00,2026-08-06,,36,NORMAL,
APP,Applovin Corp,tradingview_gates,price_above_sma50;sma50_above_sma150;sma150_above_sma200;ema21_above_ema50;within_25pct_52w_high;rsi14,,price_min;market_cap_min;avg_volume_min;price_above_sma50;sma50_above_sma150;sma150_above_sma200;ema21_above_ema50;within_25pct_52w_high;rsi14;atr_pct;rvol20_data_available;performance_21d;distance_resistance_hard;no_extended_move_10d;revenue_growth;eps_growth;eps_next_year;operating_margin;earnings_window;market_regime_allows_new_entries,True,"{'price': 323.96, 'price_tv': 323.96, 'price_finviz': 323.96, 'sma50': 377.5836, 'sma150': 436.319, 'sma200': 481.833775, 'ema21': 323.98639374633655, 'ema50': 365.425171201082, 'rsi14': 46.12896818196999, 'atr14': 16.26970831672218, 'atr_pct': 5.022134929226504, 'rvol20': 0.7904046172458797, 'performance_21d_pct': 6.649986831709231, 'distance_52w_high_pct': 56.551011923123355, 'distance_resistance_pct': 77.94169033213977, 'move_10d_pct': 3.624092377570931, 'structural_trend_pass': False}",pattern;previous_revenue_growth_yoy;shares_change_6m_pct,TradingView MCP + Finviz via finvizfinance screener views,2026-09-11T23:33:05+02:00,2026-08-05,,37,NORMAL,
ARXS,Arxis Inc,tradingview_gates,,price_above_sma50;sma50_above_sma150;sma150_above_sma200;ema21_above_ema50;within_25pct_52w_high;rsi14;atr_pct;rvol20_data_available;performance_21d;distance_resistance_hard;no_extended_move_10d;revenue_growth;eps_growth;operating_margin,price_min;market_cap_min;avg_volume_min;eps_next_year;earnings_window;market_regime_allows_new_entries,False,"{'price': None, 'price_tv': None, 'price_finviz': 52.45, 'sma50': None, 'sma150': None, 'sma200': None, 'ema21': None, 'ema50': None, 'rsi14': None, 'atr14': None, 'atr_pct': None, 'rvol20': None, 'performance_21d_pct': None, 'distance_52w_high_pct': None, 'distance_resistance_pct': None, 'move_10d_pct': None, 'structural_trend_pass': False}",atr14;atr_pct;distance_52w_high_pct;distance_resistance_pct;ema21;ema50;eps_growth_yoy;gross_margin;move_10d_pct;operating_margin;pattern;performance_21d_pct;previous_revenue_growth_yoy;price;price_tv;resistance;revenue_growth_yoy;rsi14;rvol20;shares_change_6m_pct;sma150;sma200;sma50;week52_high,TradingView MCP + Finviz via finvizfinance screener views,2026-09-11T23:33:10+02:00,2026-07-29,,44,NORMAL,
ASML,ASML Holding NV,tradingview_gates,price_above_sma50;ema21_above_ema50;rsi14;performance_21d,,price_min;market_cap_min;avg_volume_min;price_above_sma50;sma50_above_sma150;sma150_above_sma200;ema21_above_ema50;within_25pct_52w_high;rsi14;atr_pct;rvol20_data_available;performance_21d;distance_resistance_hard;no_extended_move_10d;revenue_growth;eps_growth;eps_next_year;operating_margin;earnings_window;market_regime_allows_new_entries,True,"{'price': 1698.3, 'price_tv': 1698.3, 'price_finviz': 1698.3, 'sma50': 1738.8726000000001, 'sma150': 1593.7565333333334, 'sma200': 1494.977375, 'ema21': 1722.1666696845173, 'ema50': 1724.161377118959, 'rsi14': 46.68666060862259, 'atr14': 54.72422657716023, 'atr_pct': 3.2222944460437044, 'rvol20': 0.7754231415788041, 'performance_21d_pct': -6.174899313286231, 'distance_52w_high_pct': 15.083301666033325, 'distance_resistance_pct': 17.76246835070365, 'move_10d_pct': -2.115837949060817, 'structural_trend_pass': False}",pattern;previous_revenue_growth_yoy;shares_change_6m_pct,TradingView MCP + Finviz via finvizfinance screener views,2026-09-11T23:33:24+02:00,2026-07-15,,58,NORMAL,
AUGO,Aura Minerals Inc,tradingview_gates,sma50_above_sma150,,price_min;market_cap_min;avg_volume_min;price_above_sma50;sma50_above_sma150;sma150_above_sma200;ema21_above_ema50;within_25pct_52w_high;rsi14;atr_pct;rvol20_data_available;performance_21d;distance_resistance_hard;no_extended_move_10d;revenue_growth;eps_growth;eps_next_year;operating_margin;earnings_window;market_regime_allows_new_entries,True,"{'price': 87.08, 'price_tv': 87.08, 'price_finviz': 87.08, 'sma50': 70.2639, 'sma150': 75.0688, 'sma200': 69.55760000000001, 'ema21': 82.33411075662366, 'ema50': 75.84660746620979, 'rsi14': 61.53477819200381, 'atr14': 4.4823437238502715, 'atr_pct': 5.147385994315884, 'rvol20': 0.9452725131456594, 'performance_21d_pct': 12.317812459693013, 'distance_52w_high_pct': 21.06670534168472, 'distance_resistance_pct': 4.088194763435923, 'move_10d_pct': -2.289048473967692, 'structural_trend_pass': False}",pattern;previous_revenue_growth_yoy;shares_change_6m_pct,TradingView MCP + Finviz via finvizfinance screener views,2026-09-11T23:33:30+02:00,2026-08-05,,37,NORMAL,
AVGO,Broadcom Inc,tradingview_gates,price_above_sma50;ema21_above_ema50;within_25pct_52w_high;rsi14;performance_21d,,price_min;market_cap_min;avg_volume_min;price_above_sma50;sma50_above_sma150;sma150_above_sma200;ema21_above_ema50;within_25pct_52w_high;rsi14;atr_pct;rvol20_data_available;performance_21d;distance_resistance_hard;no_extended_move_10d;revenue_growth;eps_growth;eps_next_year;operating_margin;earnings_window;market_regime_allows_new_entries,True,"{'price': 361.99, 'price_tv': 361.99, 'price_finviz': 361.99, 'sma50': 383.08529999999996, 'sma150': 376.18626666666665, 'sma200': 370.20265, 'ema21': 370.81058212763094, 'ema50': 380.0236760745809, 'rsi14': 42.24043989687283, 'atr14': 12.028507843906342, 'atr_pct': 3.3228840144496647, 'rvol20': 0.833415091408803, 'performance_21d_pct': -12.993630573248405, 'distance_52w_high_pct': 26.870707070707066, 'distance_resistance_pct': 19.541976297687782, 'move_10d_pct': -2.570382731334453, 'structural_trend_pass': False}",pattern;previous_revenue_growth_yoy;shares_change_6m_pct,TradingView MCP + Finviz via finvizfinance screener views,2026-09-11T23:33:44+02:00,2026-09-02,,9,PEAD_WINDOW,
AYA,Aya Gold & Silver Inc,tradingview_gates,rsi14;performance_21d,earnings_window,price_min;market_cap_min;avg_volume_min;price_above_sma50;sma50_above_sma150;sma150_above_sma200;ema21_above_ema50;within_25pct_52w_high;rsi14;atr_pct;rvol20_data_available;performance_21d;distance_resistance_hard;no_extended_move_10d;revenue_growth;eps_growth;eps_next_year;operating_margin;market_regime_allows_new_entries,True,"{'price': 27.97, 'price_tv': 27.97, 'price_finviz': 27.97, 'sma50': 23.952199999999998, 'sma150': 19.801490666666666, 'sma200': 18.6794905, 'ema21': 27.479383966970563, 'ema50': 24.90837250779968, 'rsi14': 54.48260246357052, 'atr14': 1.6968913525982183, 'atr_pct': 6.066826430454839, 'rvol20': 1.1249467260416424, 'performance_21d_pct': -0.24964336661911224, 'distance_52w_high_pct': 7.993421052631579, 'distance_resistance_pct': 8.687879871290669, 'move_10d_pct': -4.506657562307959, 'structural_trend_pass': True}",pattern;previous_revenue_growth_yoy;shares_change_6m_pct,TradingView MCP + Finviz via finvizfinance screener views,2026-09-11T23:33:58+02:00,,,,UNKNOWN,
BSP,Bending Spoons S.p.A,tradingview_gates,,price_above_sma50;sma50_above_sma150;sma150_above_sma200;ema21_above_ema50;within_25pct_52w_high;rsi14;atr_pct;rvol20_data_available;performance_21d;distance_resistance_hard;no_extended_move_10d;revenue_growth;eps_growth;operating_margin,price_min;market_cap_min;avg_volume_min;eps_next_year;earnings_window;market_regime_allows_new_entries,False,"{'price': None, 'price_tv': None, 'price_finviz': 38.77, 'sma50': None, 'sma150': None, 'sma200': None, 'ema21': None, 'ema50': None, 'rsi14': None, 'atr14': None, 'atr_pct': None, 'rvol20': None, 'performance_21d_pct': None, 'distance_52w_high_pct': None, 'distance_resistance_pct': None, 'move_10d_pct': None, 'structural_trend_pass': False}",atr14;atr_pct;distance_52w_high_pct;distance_resistance_pct;ema21;ema50;eps_growth_yoy;gross_margin;move_10d_pct;operating_margin;pattern;performance_21d_pct;previous_revenue_growth_yoy;price;price_tv;resistance;revenue_growth_yoy;rsi14;rvol20;shares_change_6m_pct;sma150;sma200;sma50;week52_high,TradingView MCP + Finviz via finvizfinance screener views,2026-09-11T23:34:03+02:00,2026-08-13,,29,NORMAL,
CAI,Caris Life Sciences Inc,tradingview_gates,sma150_above_sma200;within_25pct_52w_high,,price_min;market_cap_min;avg_volume_min;price_above_sma50;sma50_above_sma150;sma150_above_sma200;ema21_above_ema50;within_25pct_52w_high;rsi14;atr_pct;rvol20_data_available;performance_21d;distance_resistance_hard;no_extended_move_10d;revenue_growth;eps_growth;eps_next_year;operating_margin;earnings_window;market_regime_allows_new_entries,True,"{'price': 24.34, 'price_tv': 24.34, 'price_finviz': 24.34, 'sma50': 20.4574, 'sma150': 19.109666666666666, 'sma200': 20.954825, 'ema21': 23.947173045485066, 'ema50': 21.75659973573992, 'rsi14': 56.03293603488712, 'atr14': 1.2346251066573768, 'atr_pct': 5.072412106234087, 'rvol20': 0.3628607550620732, 'performance_21d_pct': 9.344115004492348, 'distance_52w_high_pct': 30.852272727272734, 'distance_resistance_pct': 16.35168447000822, 'move_10d_pct': -7.733131159969675, 'structural_trend_pass': False}",pattern;previous_revenue_growth_yoy;shares_change_6m_pct,TradingView MCP + Finviz via finvizfinance screener views,2026-09-11T23:34:17+02:00,2026-08-05,,37,NORMAL,
CDNS,Cadence Design Systems Inc,tradingview_gates,price_above_sma50;ema21_above_ema50;within_25pct_52w_high;rsi14;performance_21d,,price_min;market_cap_min;avg_volume_min;price_above_sma50;sma50_above_sma150;sma150_above_sma200;ema21_above_ema50;within_25pct_52w_high;rsi14;atr_pct;rvol20_data_available;performance_21d;distance_resistance_hard;no_extended_move_10d;revenue_growth;eps_growth;eps_next_year;operating_margin;earnings_window;market_regime_allows_new_entries,True,"{'price': 289.37, 'price_tv': 289.37, 'price_finviz': 289.37, 'sma50': 334.44230000000005, 'sma150': 330.7751, 'sma200': 326.781475, 'ema21': 311.5969493260401, 'ema50': 328.2252114370773, 'rsi14': 32.74618959027903, 'atr14': 11.487745031269494, 'atr_pct': 3.9699156896946795, 'rvol20': 1.0661011773914812, 'performance_21d_pct': -10.447807384024998, 'distance_52w_high_pct': 30.555088915020757, 'distance_resistance_pct': 39.39938487058091, 'move_10d_pct': -16.74003740468998, 'structural_trend_pass': False}",pattern;previous_revenue_growth_yoy;shares_change_6m_pct,TradingView MCP + Finviz via finvizfinance screener views,2026-09-11T23:34:31+02:00,2026-07-27,,46,NORMAL,
CRDO,Credo Technology Group Holding Ltd,tradingview_gates,price_above_sma50;ema21_above_ema50;within_25pct_52w_high;rsi14;performance_21d,,price_min;market_cap_min;avg_volume_min;price_above_sma50;sma50_above_sma150;sma150_above_sma200;ema21_above_ema50;within_25pct_52w_high;rsi14;atr_pct;rvol20_data_available;performance_21d;distance_resistance_hard;no_extended_move_10d;revenue_growth;eps_growth;eps_next_year;operating_margin;earnings_window;market_regime_allows_new_entries,True,"{'price': 162.95, 'price_tv': 162.95, 'price_finviz': 162.95, 'sma50': 223.0995, 'sma150': 185.57389999999998, 'sma200': 175.891125, 'ema21': 199.77652112729177, 'ema50': 214.22591909415985, 'rsi14': 33.21120298158533, 'atr14': 16.382095152798406, 'atr_pct': 10.053449004478924, 'rvol20': 0.8249851059527056, 'performance_21d_pct': -39.23403937947495, 'distance_52w_high_pct': 47.208976320658415, 'distance_resistance_pct': 89.42614298864683, 'move_10d_pct': -32.171994671994675, 'structural_trend_pass': False}",pattern;previous_revenue_growth_yoy;shares_change_6m_pct,TradingView MCP + Finviz via finvizfinance screener views,2026-09-11T23:34:45+02:00,2026-09-01,,10,PEAD_WINDOW,
FIGR,Figure Technology Solutions Inc,tradingview_gates,sma50_above_sma150;sma150_above_sma200;within_25pct_52w_high;rsi14,,price_min;market_cap_min;avg_volume_min;price_above_sma50;sma50_above_sma150;sma150_above_sma200;ema21_above_ema50;within_25pct_52w_high;rsi14;atr_pct;rvol20_data_available;performance_21d;distance_resistance_hard;no_extended_move_10d;revenue_growth;eps_growth;eps_next_year;operating_margin;earnings_window;market_regime_allows_new_entries,True,"{'price': 34.87, 'price_tv': 34.87, 'price_finviz': 34.87, 'sma50': 32.2967, 'sma150': 33.081633333333336, 'sma200': 36.894149999999996, 'ema21': 35.33670745588686, 'ema50': 33.5702618130499, 'rsi14': 50.198939362850254, 'atr14': 2.665976513312675, 'atr_pct': 7.645473224297892, 'rvol20': 0.87889419594046, 'performance_21d_pct': 13.657105606258146, 'distance_52w_high_pct': 55.2948717948718, 'distance_resistance_pct': 19.013478634929747, 'move_10d_pct': -8.28511309836929, 'structural_trend_pass': False}",pattern;previous_revenue_growth_yoy;shares_change_6m_pct,TradingView MCP + Finviz via finvizfinance screener views,2026-09-11T23:34:59+02:00,2026-08-13,,29,NORMAL,
FORM,FormFactor Inc,tradingview_gates,sma50_above_sma150;ema21_above_ema50;within_25pct_52w_high;rsi14;performance_21d,,price_min;market_cap_min;avg_volume_min;price_above_sma50;sma50_above_sma150;sma150_above_sma200;ema21_above_ema50;within_25pct_52w_high;rsi14;atr_pct;rvol20_data_available;performance_21d;distance_resistance_hard;no_extended_move_10d;revenue_growth;eps_growth;eps_next_year;operating_margin;earnings_window;market_regime_allows_new_entries,True,"{'price': 114.95, 'price_tv': 114.95, 'price_finviz': 114.95, 'sma50': 111.4467, 'sma150': 116.39446666666666, 'sma200': 103.306575, 'ema21': 109.77517355264723, 'ema50': 113.65069826790011, 'rsi14': 53.85102977060988, 'atr14': 7.514264822218145, 'atr_pct': 6.536985491272854, 'rvol20': 0.8050732606173135, 'performance_21d_pct': -10.732313427040463, 'distance_52w_high_pct': 28.277282086479072, 'distance_resistance_pct': 39.42583732057417, 'move_10d_pct': 4.281955910369217, 'structural_trend_pass': False}",pattern;previous_revenue_growth_yoy;shares_change_6m_pct,TradingView MCP + Finviz via finvizfinance screener views,2026-09-11T23:35:13+02:00,2026-07-29,,44,NORMAL,
FRVO,Fervo Energy Co,tradingview_gates,,price_above_sma50;sma50_above_sma150;sma150_above_sma200;ema21_above_ema50;within_25pct_52w_high;rsi14;atr_pct;rvol20_data_available;performance_21d;distance_resistance_hard;no_extended_move_10d;revenue_growth;eps_growth;operating_margin,price_min;market_cap_min;avg_volume_min;eps_next_year;earnings_window;market_regime_allows_new_entries,False,"{'price': None, 'price_tv': None, 'price_finviz': 15.59, 'sma50': None, 'sma150': None, 'sma200': None, 'ema21': None, 'ema50': None, 'rsi14': None, 'atr14': None, 'atr_pct': None, 'rvol20': None, 'performance_21d_pct': None, 'distance_52w_high_pct': None, 'distance_resistance_pct': None, 'move_10d_pct': None, 'structural_trend_pass': False}",atr14;atr_pct;distance_52w_high_pct;distance_resistance_pct;ema21;ema50;eps_growth_yoy;gross_margin;move_10d_pct;operating_margin;pattern;performance_21d_pct;previous_revenue_growth_yoy;price;price_tv;resistance;revenue_growth_yoy;rsi14;rvol20;shares_change_6m_pct;sma150;sma200;sma50;week52_high,TradingView MCP + Finviz via finvizfinance screener views,2026-09-11T23:35:18+02:00,2026-08-12,,30,NORMAL,
GLBE,Global E Online Ltd,tradingview_gates,price_above_sma50;sma150_above_sma200;rsi14;performance_21d,,price_min;market_cap_min;avg_volume_min;price_above_sma50;sma50_above_sma150;sma150_above_sma200;ema21_above_ema50;within_25pct_52w_high;rsi14;atr_pct;rvol20_data_available;performance_21d;distance_resistance_hard;no_extended_move_10d;revenue_growth;eps_growth;eps_next_year;operating_margin;earnings_window;market_regime_allows_new_entries,True,"{'price': 37.18, 'price_tv': 37.18, 'price_finviz': 37.18, 'sma50': 38.8832, 'sma150': 34.55213333333333, 'sma200': 35.604925, 'ema21': 38.44806851129559, 'ema50': 38.05471171699606, 'rsi14': 42.9516492331268, 'atr14': 1.4378846418012199, 'atr_pct': 3.867360521251264, 'rvol20': 1.2459535488487792, 'performance_21d_pct': -8.31072749691738, 'distance_52w_high_pct': 15.48079108888384, 'distance_resistance_pct': 18.31629908552986, 'move_10d_pct': -5.84958217270195, 'structural_trend_pass': False}",pattern;previous_revenue_growth_yoy;shares_change_6m_pct,TradingView MCP + Finviz via finvizfinance screener views,2026-09-11T23:35:31+02:00,2026-08-12,,30,NORMAL,
HALO,Halozyme Therapeutics Inc,tradingview_gates,atr_pct,,price_min;market_cap_min;avg_volume_min;price_above_sma50;sma50_above_sma150;sma150_above_sma200;ema21_above_ema50;within_25pct_52w_high;rsi14;atr_pct;rvol20_data_available;performance_21d;distance_resistance_hard;no_extended_move_10d;revenue_growth;eps_growth;eps_next_year;operating_margin;earnings_window;market_regime_allows_new_entries,True,"{'price': 107.2, 'price_tv': 107.2, 'price_finviz': 107.2, 'sma50': 93.1157, 'sma150': 76.7882, 'sma200': 74.96215000000001, 'ema21': 104.83318540896397, 'ema50': 95.6709340347467, 'rsi14': 62.50332083005814, 'atr14': 2.7370367096403294, 'atr_pct': 2.553205885858516, 'rvol20': 0.5189130345211944, 'performance_21d_pct': 5.314863935553582, 'distance_52w_high_pct': 3.553756185335135, 'distance_resistance_pct': 3.684701492537316, 'move_10d_pct': 0.26187803965582734, 'structural_trend_pass': True}",pattern;previous_revenue_growth_yoy;shares_change_6m_pct,TradingView MCP + Finviz via finvizfinance screener views,2026-09-11T23:35:45+02:00,2026-08-06,,36,NORMAL,
HONA,Honeywell Aerospace Inc,tradingview_gates,,price_above_sma50;sma50_above_sma150;sma150_above_sma200;ema21_above_ema50;within_25pct_52w_high;rsi14;atr_pct;rvol20_data_available;performance_21d;distance_resistance_hard;no_extended_move_10d;revenue_growth;eps_growth;operating_margin,price_min;market_cap_min;avg_volume_min;eps_next_year;earnings_window;market_regime_allows_new_entries,False,"{'price': None, 'price_tv': None, 'price_finviz': 158.26, 'sma50': None, 'sma150': None, 'sma200': None, 'ema21': None, 'ema50': None, 'rsi14': None, 'atr14': None, 'atr_pct': None, 'rvol20': None, 'performance_21d_pct': None, 'distance_52w_high_pct': None, 'distance_resistance_pct': None, 'move_10d_pct': None, 'structural_trend_pass': False}",atr14;atr_pct;distance_52w_high_pct;distance_resistance_pct;ema21;ema50;eps_growth_yoy;gross_margin;move_10d_pct;operating_margin;pattern;performance_21d_pct;previous_revenue_growth_yoy;price;price_tv;resistance;revenue_growth_yoy;rsi14;rvol20;shares_change_6m_pct;sma150;sma200;sma50;week52_high,TradingView MCP + Finviz via finvizfinance screener views,2026-09-11T23:35:50+02:00,2026-08-05,,37,NORMAL,
HOOD,Robinhood Markets Inc,tradingview_gates,sma150_above_sma200;within_25pct_52w_high,,price_min;market_cap_min;avg_volume_min;price_above_sma50;sma50_above_sma150;sma150_above_sma200;ema21_above_ema50;within_25pct_52w_high;rsi14;atr_pct;rvol20_data_available;performance_21d;distance_resistance_hard;no_extended_move_10d;revenue_growth;eps_growth;eps_next_year;operating_margin;earnings_window;market_regime_allows_new_entries,True,"{'price': 112.57, 'price_tv': 112.57, 'price_finviz': 112.57, 'sma50': 103.4348, 'sma150': 88.46663333333333, 'sma200': 95.15887500000001, 'ema21': 108.4378183196482, 'ema50': 102.87280863392218, 'rsi14': 55.788856662662525, 'atr14': 6.4332381217996755, 'atr_pct': 5.714877961978925, 'rvol20': 0.8941739313415324, 'performance_21d_pct': 18.607101464545362, 'distance_52w_high_pct': 26.836037200076184, 'distance_resistance_pct': 11.264102336324072, 'move_10d_pct': 2.560131195335269, 'structural_trend_pass': False}",pattern;previous_revenue_growth_yoy;shares_change_6m_pct,TradingView MCP + Finviz via finvizfinance screener views,2026-09-11T23:36:04+02:00,2026-07-29,,44,NORMAL,
IBKR,Interactive Brokers Group Inc,tradingview_gates,price_above_sma50;rsi14;performance_21d,,price_min;market_cap_min;avg_volume_min;price_above_sma50;sma50_above_sma150;sma150_above_sma200;ema21_above_ema50;within_25pct_52w_high;rsi14;atr_pct;rvol20_data_available;performance_21d;distance_resistance_hard;no_extended_move_10d;revenue_growth;eps_growth;eps_next_year;operating_margin;earnings_window;market_regime_allows_new_entries,True,"{'price': 91.37, 'price_tv': 91.37, 'price_finviz': 91.37, 'sma50': 92.075, 'sma150': 83.03886666666666, 'sma200': 79.455175, 'ema21': 92.02583602002065, 'ema50': 91.20032559681893, 'rsi14': 48.72244182681341, 'atr14': 3.0328904157992342, 'atr_pct': 3.3193503510990854, 'rvol20': 0.8433886483121336, 'performance_21d_pct': -0.31638664630153635, 'distance_52w_high_pct': 7.473417721518983, 'distance_resistance_pct': 8.077049359746082, 'move_10d_pct': -5.365095805282227, 'structural_trend_pass': False}",pattern;previous_revenue_growth_yoy;shares_change_6m_pct,TradingView MCP + Finviz via finvizfinance screener views,2026-09-11T23:36:09+02:00,2026-07-21,,52,NORMAL,
INCY,Incyte Corp,tradingview_gates,price_above_sma50;rsi14;atr_pct,,price_min;market_cap_min;avg_volume_min;price_above_sma50;sma50_above_sma150;sma150_above_sma200;ema21_above_ema50;within_25pct_52w_high;rsi14;atr_pct;rvol20_data_available;performance_21d;distance_resistance_hard;no_extended_move_10d;revenue_growth;eps_growth;eps_next_year;operating_margin;earnings_window;market_regime_allows_new_entries,True,"{'price': 121.47, 'price_tv': 121.47, 'price_finviz': 121.47, 'sma50': 121.5986, 'sma150': 106.24846666666667, 'sma200': 105.15084999999999, 'ema21': 124.56142788323854, 'ema50': 120.51573806789939, 'rsi14': 44.825066726469665, 'atr14': 3.489858384832114, 'atr_pct': 2.87302081570109, 'rvol20': 1.1544929203941035, 'performance_21d_pct': 0.579614142585072, 'distance_52w_high_pct': 8.393665158371038, 'distance_resistance_pct': 9.162756236107677, 'move_10d_pct': -4.908407703147011, 'structural_trend_pass': False}",pattern;previous_revenue_growth_yoy;shares_change_6m_pct,TradingView MCP + Finviz via finvizfinance screener views,2026-09-11T23:36:23+02:00,2026-07-28,,45,NORMAL,
INIO,Innio NV,tradingview_gates,,price_above_sma50;sma50_above_sma150;sma150_above_sma200;ema21_above_ema50;within_25pct_52w_high;rsi14;atr_pct;rvol20_data_available;performance_21d;distance_resistance_hard;no_extended_move_10d;revenue_growth;eps_growth;operating_margin,price_min;market_cap_min;avg_volume_min;eps_next_year;earnings_window;market_regime_allows_new_entries,False,"{'price': None, 'price_tv': None, 'price_finviz': 20.35, 'sma50': None, 'sma150': None, 'sma200': None, 'ema21': None, 'ema50': None, 'rsi14': None, 'atr14': None, 'atr_pct': None, 'rvol20': None, 'performance_21d_pct': None, 'distance_52w_high_pct': None, 'distance_resistance_pct': None, 'move_10d_pct': None, 'structural_trend_pass': False}",atr14;atr_pct;distance_52w_high_pct;distance_resistance_pct;ema21;ema50;eps_growth_yoy;gross_margin;move_10d_pct;operating_margin;pattern;performance_21d_pct;previous_revenue_growth_yoy;price;price_tv;resistance;revenue_growth_yoy;rsi14;rvol20;shares_change_6m_pct;sma150;sma200;sma50;week52_high,TradingView MCP + Finviz via finvizfinance screener views,2026-09-11T23:36:28+02:00,2026-07-28,,45,NORMAL,
IOND,Ionic Digital Inc,tradingview_gates,,price_above_sma50;sma50_above_sma150;sma150_above_sma200;ema21_above_ema50;within_25pct_52w_high;rsi14;atr_pct;rvol20_data_available;performance_21d;distance_resistance_hard;no_extended_move_10d;revenue_growth;eps_growth;operating_margin,price_min;market_cap_min;avg_volume_min;eps_next_year;earnings_window;market_regime_allows_new_entries,False,"{'price': None, 'price_tv': None, 'price_finviz': 83.39, 'sma50': None, 'sma150': None, 'sma200': None, 'ema21': None, 'ema50': None, 'rsi14': None, 'atr14': None, 'atr_pct': None, 'rvol20': None, 'performance_21d_pct': None, 'distance_52w_high_pct': None, 'distance_resistance_pct': None, 'move_10d_pct': None, 'structural_trend_pass': False}",atr14;atr_pct;distance_52w_high_pct;distance_resistance_pct;ema21;ema50;eps_growth_yoy;gross_margin;move_10d_pct;operating_margin;pattern;performance_21d_pct;previous_revenue_growth_yoy;price;price_tv;resistance;revenue_growth_yoy;rsi14;rvol20;shares_change_6m_pct;sma150;sma200;sma50;week52_high,TradingView MCP + Finviz via finvizfinance screener views,2026-09-11T23:36:42+02:00,2026-08-19,,23,NORMAL,
KLIC,Kulicke & Soffa Industries Inc,tradingview_gates,price_above_sma50;ema21_above_ema50;within_25pct_52w_high;rsi14;performance_21d,,price_min;market_cap_min;avg_volume_min;price_above_sma50;sma50_above_sma150;sma150_above_sma200;ema21_above_ema50;within_25pct_52w_high;rsi14;atr_pct;rvol20_data_available;performance_21d;distance_resistance_hard;no_extended_move_10d;revenue_growth;eps_growth;eps_next_year;operating_margin;earnings_window;market_regime_allows_new_entries,True,"{'price': 86.13, 'price_tv': 86.13, 'price_finviz': 86.13, 'sma50': 93.95309999999999, 'sma150': 89.45856666666667, 'sma200': 79.945225, 'ema21': 85.39915370074858, 'ema50': 91.33220810873605, 'rsi14': 48.59488935775164, 'atr14': 4.291760438650228, 'atr_pct': 4.982886843899023, 'rvol20': 0.5319389019252413, 'performance_21d_pct': -9.479768786127174, 'distance_52w_high_pct': 36.5758468335788, 'distance_resistance_pct': 57.66864042726114, 'move_10d_pct': 1.7243415613558355, 'structural_trend_pass': False}",pattern;previous_revenue_growth_yoy;shares_change_6m_pct,TradingView MCP + Finviz via finvizfinance screener views,2026-09-11T23:36:56+02:00,2026-08-05,,37,NORMAL,
LFTO,Liftoff Mobile Inc,tradingview_gates,,price_above_sma50;sma50_above_sma150;sma150_above_sma200;ema21_above_ema50;within_25pct_52w_high;rsi14;atr_pct;rvol20_data_available;performance_21d;distance_resistance_hard;no_extended_move_10d,price_min;market_cap_min;avg_volume_min;revenue_growth;eps_growth;eps_next_year;operating_margin;earnings_window;market_regime_allows_new_entries,False,"{'price': None, 'price_tv': None, 'price_finviz': 18.35, 'sma50': None, 'sma150': None, 'sma200': None, 'ema21': None, 'ema50': None, 'rsi14': None, 'atr14': None, 'atr_pct': None, 'rvol20': None, 'performance_21d_pct': None, 'distance_52w_high_pct': None, 'distance_resistance_pct': None, 'move_10d_pct': None, 'structural_trend_pass': False}",atr14;atr_pct;distance_52w_high_pct;distance_resistance_pct;ema21;ema50;move_10d_pct;pattern;performance_21d_pct;previous_revenue_growth_yoy;price;price_tv;resistance;rsi14;rvol20;shares_change_6m_pct;sma150;sma200;sma50;week52_high,TradingView MCP + Finviz via finvizfinance screener views,2026-09-11T23:37:12+02:00,2026-08-12,,30,NORMAL,
LPLA,LPL Financial Holdings Inc,tradingview_gates,sma150_above_sma200;rsi14;atr_pct;performance_21d,,price_min;market_cap_min;avg_volume_min;price_above_sma50;sma50_above_sma150;sma150_above_sma200;ema21_above_ema50;within_25pct_52w_high;rsi14;atr_pct;rvol20_data_available;performance_21d;distance_resistance_hard;no_extended_move_10d;revenue_growth;eps_growth;eps_next_year;operating_margin;earnings_window;market_regime_allows_new_entries,True,"{'price': 353.78, 'price_tv': 353.78, 'price_finviz': 353.78, 'sma50': 345.98870000000005, 'sma150': 318.6762, 'sma200': 330.87655, 'ema21': 356.37070660549284, 'ema50': 345.6261561801708, 'rsi14': 49.143422926575205, 'atr14': 9.89286239807437, 'atr_pct': 2.7963317310402998, 'rvol20': 0.7553332269494479, 'performance_21d_pct': -6.078184110971008, 'distance_52w_high_pct': 11.590363854458229, 'distance_resistance_pct': 7.128724065803615, 'move_10d_pct': -2.059686617573797, 'structural_trend_pass': False}",pattern;previous_revenue_growth_yoy;shares_change_6m_pct,TradingView MCP + Finviz via finvizfinance screener views,2026-09-11T23:37:26+02:00,2026-07-30,,43,NORMAL,
LQDA,Liquidia Corp,tradingview_gates,price_above_sma50;ema21_above_ema50;within_25pct_52w_high;rsi14;performance_21d,,price_min;market_cap_min;avg_volume_min;price_above_sma50;sma50_above_sma150;sma150_above_sma200;ema21_above_ema50;within_25pct_52w_high;rsi14;atr_pct;rvol20_data_available;performance_21d;distance_resistance_hard;no_extended_move_10d;revenue_growth;eps_growth;eps_next_year;operating_margin;earnings_window;market_regime_allows_new_entries,True,"{'price': 66.74, 'price_tv': 66.74, 'price_finviz': 66.74, 'sma50': 77.6746, 'sma150': 57.4346, 'sma200': 52.12505, 'ema21': 71.22514377051185, 'ema50': 72.87891738334301, 'rsi14': 38.0152170847031, 'atr14': 3.502644563839258, 'atr_pct': 5.24819383254309, 'rvol20': 0.5627199632676523, 'performance_21d_pct': -15.293819012565057, 'distance_52w_high_pct': 28.704198269415667, 'distance_resistance_pct': 40.260713215463, 'move_10d_pct': -4.575350300257364, 'structural_trend_pass': False}",pattern;previous_revenue_growth_yoy;shares_change_6m_pct,TradingView MCP + Finviz via finvizfinance screener views,2026-09-11T23:37:40+02:00,2026-08-12,,30,NORMAL,
LRCX,Lam Research Corp,tradingview_gates,price_above_sma50;ema21_above_ema50;within_25pct_52w_high;rsi14;performance_21d,,price_min;market_cap_min;avg_volume_min;price_above_sma50;sma50_above_sma150;sma150_above_sma200;ema21_above_ema50;within_25pct_52w_high;rsi14;atr_pct;rvol20_data_available;performance_21d;distance_resistance_hard;no_extended_move_10d;revenue_growth;eps_growth;eps_next_year;operating_margin;earnings_window;market_regime_allows_new_entries,True,"{'price': 298.22, 'price_tv': 298.22, 'price_finviz': 298.22, 'sma50': 314.2418, 'sma150': 288.7149333333333, 'sma200': 264.1863, 'ema21': 307.7947773751425, 'ema50': 312.98629501550647, 'rsi14': 45.1598173931872, 'atr14': 15.465629472581915, 'atr_pct': 5.185979972028004, 'rvol20': 1.1643907769829294, 'performance_21d_pct': -8.552328968752864, 'distance_52w_high_pct': 31.990877993158488, 'distance_resistance_pct': 47.03909865200187, 'move_10d_pct': -6.3908594387594775, 'structural_trend_pass': False}",pattern;previous_revenue_growth_yoy;shares_change_6m_pct,TradingView MCP + Finviz via finvizfinance screener views,2026-09-11T23:37:54+02:00,2026-07-29,,44,NORMAL,
LSCC,Lattice Semiconductor Corp,tradingview_gates,price_above_sma50;ema21_above_ema50;rsi14;performance_21d,,price_min;market_cap_min;avg_volume_min;price_above_sma50;sma50_above_sma150;sma150_above_sma200;ema21_above_ema50;within_25pct_52w_high;rsi14;atr_pct;rvol20_data_available;performance_21d;distance_resistance_hard;no_extended_move_10d;revenue_growth;eps_growth;eps_next_year;operating_margin;earnings_window;market_regime_allows_new_entries,True,"{'price': 119.76, 'price_tv': 119.76, 'price_finviz': 119.76, 'sma50': 125.13860000000001, 'sma150': 119.15013333333333, 'sma200': 109.03635, 'ema21': 118.65621051912763, 'ema50': 123.43104026150806, 'rsi14': 49.716698973613724, 'atr14': 5.502395512607146, 'atr_pct': 4.594518631101492, 'rvol20': 1.1846255049731833, 'performance_21d_pct': -7.3566952889301485, 'distance_52w_high_pct': 23.724603528437672, 'distance_resistance_pct': 31.10387441549765, 'move_10d_pct': -0.5893583464762986, 'structural_trend_pass': False}",pattern;previous_revenue_growth_yoy;shares_change_6m_pct,TradingView MCP + Finviz via finvizfinance screener views,2026-09-11T23:38:08+02:00,2026-08-04,,38,NORMAL,
MCHP,Microchip Technology Inc,tradingview_gates,price_above_sma50;sma50_above_sma150;ema21_above_ema50;within_25pct_52w_high;rsi14;performance_21d,,price_min;market_cap_min;avg_volume_min;price_above_sma50;sma50_above_sma150;sma150_above_sma200;ema21_above_ema50;within_25pct_52w_high;rsi14;atr_pct;rvol20_data_available;performance_21d;distance_resistance_hard;no_extended_move_10d;revenue_growth;eps_growth;eps_next_year;operating_margin;earnings_window;market_regime_allows_new_entries,True,"{'price': 74.2, 'price_tv': 74.2, 'price_finviz': 74.2, 'sma50': 78.5694, 'sma150': 80.9106, 'sma200': 77.8323, 'ema21': 74.7833209003826, 'ema50': 78.34202213918722, 'rsi14': 46.677062201322585, 'atr14': 2.8589531949625275, 'atr_pct': 3.8530366508928946, 'rvol20': 1.1098841046722427, 'performance_21d_pct': -6.596173212487411, 'distance_52w_high_pct': 29.94051553205551, 'distance_resistance_pct': 40.2021563342318, 'move_10d_pct': -1.7088356073652, 'structural_trend_pass': False}",pattern;previous_revenue_growth_yoy;shares_change_6m_pct,TradingView MCP + Finviz via finvizfinance screener views,2026-09-11T23:38:22+02:00,2026-08-06,,36,NORMAL,
MKSI,MKS Inc,tradingview_gates,price_above_sma50;ema21_above_ema50;within_25pct_52w_high;rsi14;performance_21d,,price_min;market_cap_min;avg_volume_min;price_above_sma50;sma50_above_sma150;sma150_above_sma200;ema21_above_ema50;within_25pct_52w_high;rsi14;atr_pct;rvol20_data_available;performance_21d;distance_resistance_hard;no_extended_move_10d;revenue_growth;eps_growth;eps_next_year;operating_margin;earnings_window;market_regime_allows_new_entries,True,"{'price': 267.31, 'price_tv': 267.31, 'price_finviz': 267.31, 'sma50': 304.16700000000003, 'sma150': 292.09340000000003, 'sma200': 264.82959999999997, 'ema21': 272.98725452777626, 'ema50': 293.54695874296254, 'rsi14': 44.26770423460721, 'atr14': 13.571487007715115, 'atr_pct': 5.077059222518841, 'rvol20': 0.9708559258839182, 'performance_21d_pct': -12.880096470358172, 'distance_52w_high_pct': 40.28193557034985, 'distance_resistance_pct': 67.45351838689162, 'move_10d_pct': -1.3579836894350383, 'structural_trend_pass': False}",pattern;previous_revenue_growth_yoy;shares_change_6m_pct,TradingView MCP + Finviz via finvizfinance screener views,2026-09-11T23:38:36+02:00,2026-08-05,,37,NORMAL,
MPWR,Monolithic Power System Inc,tradingview_gates,price_above_sma50;sma50_above_sma150;ema21_above_ema50;within_25pct_52w_high;rsi14;performance_21d,,price_min;market_cap_min;avg_volume_min;price_above_sma50;sma50_above_sma150;sma150_above_sma200;ema21_above_ema50;within_25pct_52w_high;rsi14;atr_pct;rvol20_data_available;performance_21d;distance_resistance_hard;no_extended_move_10d;revenue_growth;eps_growth;eps_next_year;operating_margin;earnings_window;market_regime_allows_new_entries,True,"{'price': 1234.46, 'price_tv': 1234.46, 'price_finviz': 1234.46, 'sma50': 1318.5869, 'sma150': 1344.8444333333334, 'sma200': 1257.4084, 'ema21': 1266.5967626164859, 'ema50': 1319.84210050421, 'rsi14': 43.075449187280476, 'atr14': 51.73706676233359, 'atr_pct': 4.1910687071540265, 'rvol20': 0.9420158002938454, 'performance_21d_pct': -13.371835987115876, 'distance_52w_high_pct': 27.981607032396603, 'distance_resistance_pct': 34.16554606872641, 'move_10d_pct': -5.844036977148603, 'structural_trend_pass': False}",pattern;previous_revenue_growth_yoy;shares_change_6m_pct,TradingView MCP + Finviz via finvizfinance screener views,2026-09-11T23:38:50+02:00,2026-07-30,,43,NORMAL,
MRVL,Marvell Technology Inc,tradingview_gates,within_25pct_52w_high,,price_min;market_cap_min;avg_volume_min;price_above_sma50;sma50_above_sma150;sma150_above_sma200;ema21_above_ema50;within_25pct_52w_high;rsi14;atr_pct;rvol20_data_available;performance_21d;distance_resistance_hard;no_extended_move_10d;revenue_growth;eps_growth;eps_next_year;operating_margin;earnings_window;market_regime_allows_new_entries,True,"{'price': 236.1, 'price_tv': 236.1, 'price_finviz': 236.1, 'sma50': 216.8457, 'sma150': 178.03603333333334, 'sma200': 154.81605, 'ema21': 224.14858182559445, 'ema50': 221.25190812036308, 'rsi14': 55.470907948639606, 'atr14': 14.856463481658455, 'atr_pct': 6.29244535436614, 'rvol20': 0.7062698260765645, 'performance_21d_pct': 8.761746821448302, 'distance_52w_high_pct': 28.428519461622408, 'distance_resistance_pct': 39.72045743329098, 'move_10d_pct': -2.215779664526818, 'structural_trend_pass': True}",pattern;previous_revenue_growth_yoy;shares_change_6m_pct,TradingView MCP + Finviz via finvizfinance screener views,2026-09-11T23:39:04+02:00,2026-08-27,,15,PEAD_WINDOW,
MTSI,MACOM Technology Solutions Holdings Inc,tradingview_gates,price_above_sma50;sma50_above_sma150;ema21_above_ema50;within_25pct_52w_high;rsi14;performance_21d,,price_min;market_cap_min;avg_volume_min;price_above_sma50;sma50_above_sma150;sma150_above_sma200;ema21_above_ema50;within_25pct_52w_high;rsi14;atr_pct;rvol20_data_available;performance_21d;distance_resistance_hard;no_extended_move_10d;revenue_growth;eps_growth;eps_next_year;operating_margin;earnings_window;market_regime_allows_new_entries,True,"{'price': 274.9, 'price_tv': 274.9, 'price_finviz': 274.9, 'sma50': 281.26329999999996, 'sma150': 290.66003333333333, 'sma200': 265.95365000000004, 'ema21': 274.8671473841705, 'ema50': 286.80770529809877, 'rsi14': 48.94050040622075, 'atr14': 14.657330034127341, 'atr_pct': 5.331877058613075, 'rvol20': 0.7267864519409227, 'performance_21d_pct': -11.536604987932431, 'distance_52w_high_pct': 34.375746001432326, 'distance_resistance_pct': 46.12040742088033, 'move_10d_pct': -0.8118347465271514, 'structural_trend_pass': False}",pattern;previous_revenue_growth_yoy;shares_change_6m_pct,TradingView MCP + Finviz via finvizfinance screener views,2026-09-11T23:39:18+02:00,2026-08-06,,36,NORMAL,
MU,Micron Technology Inc,tradingview_gates,rsi14,,price_min;market_cap_min;avg_volume_min;price_above_sma50;sma50_above_sma150;sma150_above_sma200;ema21_above_ema50;within_25pct_52w_high;rsi14;atr_pct;rvol20_data_available;performance_21d;distance_resistance_hard;no_extended_move_10d;revenue_growth;eps_growth;eps_next_year;operating_margin;earnings_window;market_regime_allows_new_entries,True,"{'price': 975.26, 'price_tv': 975.26, 'price_finviz': 975.26, 'sma50': 928.6099, 'sma150': 725.9689000000001, 'sma200': 622.067225, 'ema21': 959.4374536132151, 'ema50': 932.0310874563928, 'rsi14': 52.9946259634229, 'atr14': 51.84325580937484, 'atr_pct': 5.315839448903352, 'rvol20': 0.8077096380396671, 'performance_21d_pct': 7.019719299015681, 'distance_52w_high_pct': 22.29003984063745, 'distance_resistance_pct': 28.683633082460062, 'move_10d_pct': 4.262393226354777, 'structural_trend_pass': True}",pattern;previous_revenue_growth_yoy;shares_change_6m_pct,TradingView MCP + Finviz via finvizfinance screener views,2026-09-11T23:39:32+02:00,2026-09-30,19,,NORMAL,
MWH,SOLV Energy Inc,tradingview_gates,,price_above_sma50;sma50_above_sma150;sma150_above_sma200;ema21_above_ema50;within_25pct_52w_high;rsi14;atr_pct;rvol20_data_available;performance_21d;distance_resistance_hard;no_extended_move_10d;operating_margin,price_min;market_cap_min;avg_volume_min;revenue_growth;eps_growth;eps_next_year;earnings_window;market_regime_allows_new_entries,False,"{'price': None, 'price_tv': None, 'price_finviz': 26.0, 'sma50': None, 'sma150': None, 'sma200': None, 'ema21': None, 'ema50': None, 'rsi14': None, 'atr14': None, 'atr_pct': None, 'rvol20': None, 'performance_21d_pct': None, 'distance_52w_high_pct': None, 'distance_resistance_pct': None, 'move_10d_pct': None, 'structural_trend_pass': False}",atr14;atr_pct;distance_52w_high_pct;distance_resistance_pct;ema21;ema50;gross_margin;move_10d_pct;operating_margin;pattern;performance_21d_pct;previous_revenue_growth_yoy;price;price_tv;resistance;rsi14;rvol20;shares_change_6m_pct;sma150;sma200;sma50;week52_high,TradingView MCP + Finviz via finvizfinance screener views,2026-09-11T23:39:46+02:00,2026-08-13,,29,NORMAL,
NBIX,Neurocrine Biosciences Inc,tradingview_gates,price_above_sma50;ema21_above_ema50;rsi14;atr_pct;performance_21d,,price_min;market_cap_min;avg_volume_min;price_above_sma50;sma50_above_sma150;sma150_above_sma200;ema21_above_ema50;within_25pct_52w_high;rsi14;atr_pct;rvol20_data_available;performance_21d;distance_resistance_hard;no_extended_move_10d;revenue_growth;eps_growth;eps_next_year;operating_margin;earnings_window;market_regime_allows_new_entries,True,"{'price': 156.22, 'price_tv': 156.22, 'price_finviz': 156.22, 'sma50': 164.8328, 'sma150': 149.57796666666667, 'sma200': 147.865525, 'ema21': 157.1430896193761, 'ema50': 159.68137247365624, 'rsi14': 45.81687089724319, 'atr14': 4.559732490293173, 'atr_pct': 2.918789201314283, 'rvol20': 0.8151649357185341, 'performance_21d_pct': -0.17253498626110808, 'distance_52w_high_pct': 16.064904362776705, 'distance_resistance_pct': 19.139674817564973, 'move_10d_pct': 0.192406362237052, 'structural_trend_pass': False}",pattern;previous_revenue_growth_yoy;shares_change_6m_pct,TradingView MCP + Finviz via finvizfinance screener views,2026-09-11T23:40:00+02:00,2026-07-30,,43,NORMAL,
NESR,National Energy Services Reunited Corp,tradingview_gates,rsi14;performance_21d,,price_min;market_cap_min;avg_volume_min;price_above_sma50;sma50_above_sma150;sma150_above_sma200;ema21_above_ema50;within_25pct_52w_high;rsi14;atr_pct;rvol20_data_available;performance_21d;distance_resistance_hard;no_extended_move_10d;revenue_growth;eps_growth;eps_next_year;operating_margin;earnings_window;market_regime_allows_new_entries,True,"{'price': 33.54, 'price_tv': 33.54, 'price_finviz': 33.54, 'sma50': 31.0289, 'sma150': 26.233466666666665, 'sma200': 23.838225, 'ema21': 33.671225694860695, 'ema50': 31.53829352545491, 'rsi14': 51.87950059052537, 'atr14': 1.4866671893102474, 'atr_pct': 4.43251994427623, 'rvol20': 0.772955509736683, 'performance_21d_pct': -3.676048248133257, 'distance_52w_high_pct': 9.204114780725497, 'distance_resistance_pct': 10.13714967203339, 'move_10d_pct': -4.253497002569229, 'structural_trend_pass': True}",pattern;previous_revenue_growth_yoy;shares_change_6m_pct,TradingView MCP + Finviz via finvizfinance screener views,2026-09-11T23:40:14+02:00,2026-08-10,,32,NORMAL,
NVDA,NVIDIA Corp,tradingview_gates,rsi14;performance_21d,,price_min;market_cap_min;avg_volume_min;price_above_sma50;sma50_above_sma150;sma150_above_sma200;ema21_above_ema50;within_25pct_52w_high;rsi14;atr_pct;rvol20_data_available;performance_21d;distance_resistance_hard;no_extended_move_10d;revenue_growth;eps_growth;eps_next_year;operating_margin;earnings_window;market_regime_allows_new_entries,True,"{'price': 218.29, 'price_tv': 218.29, 'price_finviz': 218.29, 'sma50': 212.584, 'sma150': 202.12706666666668, 'sma200': 197.4727, 'ema21': 219.72150791617543, 'ema50': 214.94524535612598, 'rsi14': 49.750060503064404, 'atr14': 6.865661441943479, 'atr_pct': 3.1452019982333037, 'rvol20': 0.6920164922599221, 'performance_21d_pct': -2.5882457941005854, 'distance_52w_high_pct': 7.715396973027818, 'distance_resistance_pct': 7.545008933070685, 'move_10d_pct': -4.2503728397227825, 'structural_trend_pass': True}",pattern;previous_revenue_growth_yoy;shares_change_6m_pct,TradingView MCP + Finviz via finvizfinance screener views,2026-09-11T23:40:28+02:00,2026-08-26,,16,NORMAL,
PENG,Penguin Solutions Inc,tradingview_gates,price_above_sma50;ema21_above_ema50;within_25pct_52w_high;rsi14;performance_21d,,price_min;market_cap_min;avg_volume_min;price_above_sma50;sma50_above_sma150;sma150_above_sma200;ema21_above_ema50;within_25pct_52w_high;rsi14;atr_pct;rvol20_data_available;performance_21d;distance_resistance_hard;no_extended_move_10d;revenue_growth;eps_growth;eps_next_year;operating_margin;earnings_window;market_regime_allows_new_entries,True,"{'price': 51.16, 'price_tv': 51.16, 'price_finviz': 51.16, 'sma50': 57.4424, 'sma150': 42.998, 'sma200': 37.268225, 'ema21': 51.96377407280461, 'ema50': 54.19161871724276, 'rsi14': 46.86239405806176, 'atr14': 3.5793028614914246, 'atr_pct': 6.996291754283473, 'rvol20': 0.9904959101369364, 'performance_21d_pct': -12.889494295930525, 'distance_52w_high_pct': 43.06699310037837, 'distance_resistance_pct': 75.6450351837373, 'move_10d_pct': -2.459485224022895, 'structural_trend_pass': False}",pattern;previous_revenue_growth_yoy;shares_change_6m_pct,TradingView MCP + Finviz via finvizfinance screener views,2026-09-11T23:40:42+02:00,2026-07-07,,66,NORMAL,
PLTR,Palantir Technologies Inc,tradingview_gates,sma150_above_sma200;rsi14;performance_21d,,price_min;market_cap_min;avg_volume_min;price_above_sma50;sma50_above_sma150;sma150_above_sma200;ema21_above_ema50;within_25pct_52w_high;rsi14;atr_pct;rvol20_data_available;performance_21d;distance_resistance_hard;no_extended_move_10d;revenue_growth;eps_growth;eps_next_year;operating_margin;earnings_window;market_regime_allows_new_entries,True,"{'price': 167.23, 'price_tv': 167.23, 'price_finviz': 167.23, 'sma50': 153.92680000000001, 'sma150': 144.2037666666667, 'sma200': 151.51977499999998, 'ema21': 170.72849015684022, 'ema50': 159.74293092315725, 'rsi14': 49.15742720311176, 'atr14': 7.4309944626078765, 'atr_pct': 4.443577386000046, 'rvol20': 0.5174750329855752, 'performance_21d_pct': -2.227549111318994, 'distance_52w_high_pct': 19.414996144949892, 'distance_resistance_pct': 12.641272498953546, 'move_10d_pct': -10.057548539773043, 'structural_trend_pass': False}",pattern;previous_revenue_growth_yoy;shares_change_6m_pct,TradingView MCP + Finviz via finvizfinance screener views,2026-09-11T23:40:47+02:00,2026-08-03,,39,NORMAL,
PODD,Insulet Corp,tradingview_gates,price_above_sma50;sma50_above_sma150;sma150_above_sma200;ema21_above_ema50;within_25pct_52w_high;rsi14;performance_21d,,price_min;market_cap_min;avg_volume_min;price_above_sma50;sma50_above_sma150;sma150_above_sma200;ema21_above_ema50;within_25pct_52w_high;rsi14;atr_pct;rvol20_data_available;performance_21d;distance_resistance_hard;no_extended_move_10d;revenue_growth;eps_growth;eps_next_year;operating_margin;earnings_window;market_regime_allows_new_entries,True,"{'price': 131.96, 'price_tv': 131.96, 'price_finviz': 131.96, 'sma50': 152.6988, 'sma150': 179.13393333333335, 'sma200': 206.3161, 'ema21': 144.44798913817186, 'ema50': 150.34760020154815, 'rsi14': 32.753785302363454, 'atr14': 5.8674290267852, 'atr_pct': 4.446369374647772, 'rvol20': 1.032179817870455, 'performance_21d_pct': -9.030745898248993, 'distance_52w_high_pct': 62.81559963931469, 'distance_resistance_pct': 31.035919975750215, 'move_10d_pct': -7.984101527090148, 'structural_trend_pass': False}",pattern;previous_revenue_growth_yoy;shares_change_6m_pct,TradingView MCP + Finviz via finvizfinance screener views,2026-09-11T23:41:01+02:00,2026-08-05,,37,NORMAL,
PPTA,Perpetua Resources Corp,tradingview_gates,sma50_above_sma150;sma150_above_sma200;within_25pct_52w_high;rsi14;performance_21d,revenue_growth;eps_growth;operating_margin,price_min;market_cap_min;avg_volume_min;price_above_sma50;sma50_above_sma150;sma150_above_sma200;ema21_above_ema50;within_25pct_52w_high;rsi14;atr_pct;rvol20_data_available;performance_21d;distance_resistance_hard;no_extended_move_10d;eps_next_year;earnings_window;market_regime_allows_new_entries,True,"{'price': 23.63, 'price_tv': 23.63, 'price_finviz': 23.63, 'sma50': 22.031799999999997, 'sma150': 26.118100000000002, 'sma200': 26.61725, 'ema21': 24.315693316131718, 'ema50': 23.627295318184856, 'rsi14': 47.364734683797906, 'atr14': 1.1922420916477965, 'atr_pct': 5.045459549927196, 'rvol20': 0.6668047098487323, 'performance_21d_pct': -6.489908982983783, 'distance_52w_high_pct': 36.76746052983677, 'distance_resistance_pct': 16.631400761743546, 'move_10d_pct': -9.740259740259738, 'structural_trend_pass': False}",gross_margin;operating_margin;pattern;previous_revenue_growth_yoy;revenue_growth_yoy;shares_change_6m_pct,TradingView MCP + Finviz via finvizfinance screener views,2026-09-11T23:41:15+02:00,2026-08-15,,27,NORMAL,
PTCT,PTC Therapeutics Inc,tradingview_gates,price_above_sma50;sma150_above_sma200;ema21_above_ema50;within_25pct_52w_high;rsi14;performance_21d,,price_min;market_cap_min;avg_volume_min;price_above_sma50;sma50_above_sma150;sma150_above_sma200;ema21_above_ema50;within_25pct_52w_high;rsi14;atr_pct;rvol20_data_available;performance_21d;distance_resistance_hard;no_extended_move_10d;revenue_growth;eps_growth;eps_next_year;operating_margin;earnings_window;market_regime_allows_new_entries,True,"{'price': 66.06, 'price_tv': 66.06, 'price_finviz': 66.06, 'sma50': 74.6383, 'sma150': 71.96273333333333, 'sma200': 73.16075, 'ema21': 70.40341907032881, 'ema50': 72.54259048236857, 'rsi14': 33.219404114722224, 'atr14': 2.229410395710544, 'atr_pct': 3.3748265148509593, 'rvol20': 0.9653553166304367, 'performance_21d_pct': -9.058370044052866, 'distance_52w_high_pct': 27.302740178276657, 'distance_resistance_pct': 37.55676657584014, 'move_10d_pct': -8.007241331290905, 'structural_trend_pass': False}",pattern;previous_revenue_growth_yoy;shares_change_6m_pct,TradingView MCP + Finviz via finvizfinance screener views,2026-09-11T23:41:29+02:00,2026-07-30,,43,NORMAL,
QNT,Quantinuum Inc,tradingview_gates,,price_above_sma50;sma50_above_sma150;sma150_above_sma200;ema21_above_ema50;within_25pct_52w_high;rsi14;atr_pct;rvol20_data_available;performance_21d;distance_resistance_hard;no_extended_move_10d;revenue_growth;eps_growth;operating_margin,price_min;market_cap_min;avg_volume_min;eps_next_year;earnings_window;market_regime_allows_new_entries,False,"{'price': None, 'price_tv': None, 'price_finviz': 49.03, 'sma50': None, 'sma150': None, 'sma200': None, 'ema21': None, 'ema50': None, 'rsi14': None, 'atr14': None, 'atr_pct': None, 'rvol20': None, 'performance_21d_pct': None, 'distance_52w_high_pct': None, 'distance_resistance_pct': None, 'move_10d_pct': None, 'structural_trend_pass': False}",atr14;atr_pct;distance_52w_high_pct;distance_resistance_pct;ema21;ema50;eps_growth_yoy;gross_margin;move_10d_pct;operating_margin;pattern;performance_21d_pct;previous_revenue_growth_yoy;price;price_tv;resistance;revenue_growth_yoy;rsi14;rvol20;shares_change_6m_pct;sma150;sma200;sma50;week52_high,TradingView MCP + Finviz via finvizfinance screener views,2026-09-11T23:41:43+02:00,2026-08-11,,31,NORMAL,
ROAD,Construction Partners Inc,tradingview_gates,price_above_sma50;sma50_above_sma150;ema21_above_ema50;within_25pct_52w_high;rsi14;performance_21d,,price_min;market_cap_min;avg_volume_min;price_above_sma50;sma50_above_sma150;sma150_above_sma200;ema21_above_ema50;within_25pct_52w_high;rsi14;atr_pct;rvol20_data_available;performance_21d;distance_resistance_hard;no_extended_move_10d;revenue_growth;eps_growth;eps_next_year;operating_margin;earnings_window;market_regime_allows_new_entries,True,"{'price': 99.67, 'price_tv': 99.67, 'price_finviz': 99.67, 'sma50': 106.73809999999999, 'sma150': 115.8872, 'sma200': 114.66059999999999, 'ema21': 105.74326878663867, 'ema50': 108.57216162742206, 'rsi14': 40.90683064315871, 'atr14': 4.665534130627695, 'atr_pct': 4.680981369145877, 'rvol20': 0.5976626635590995, 'performance_21d_pct': -17.98732823171233, 'distance_52w_high_pct': 33.99337748344371, 'distance_resistance_pct': 30.34513895856325, 'move_10d_pct': -13.141612200435727, 'structural_trend_pass': False}",pattern;previous_revenue_growth_yoy;shares_change_6m_pct,TradingView MCP + Finviz via finvizfinance screener views,2026-09-11T23:41:57+02:00,2026-08-07,,35,NORMAL,
SHAZ,SharonAI Holdings Inc,tradingview_gates,,price_above_sma50;sma50_above_sma150;sma150_above_sma200;ema21_above_ema50;within_25pct_52w_high;rsi14;atr_pct;rvol20_data_available;performance_21d;distance_resistance_hard;no_extended_move_10d;revenue_growth;eps_growth;operating_margin,price_min;market_cap_min;avg_volume_min;eps_next_year;earnings_window;market_regime_allows_new_entries,False,"{'price': None, 'price_tv': None, 'price_finviz': 59.41, 'sma50': None, 'sma150': None, 'sma200': None, 'ema21': None, 'ema50': None, 'rsi14': None, 'atr14': None, 'atr_pct': None, 'rvol20': None, 'performance_21d_pct': None, 'distance_52w_high_pct': None, 'distance_resistance_pct': None, 'move_10d_pct': None, 'structural_trend_pass': False}",atr14;atr_pct;distance_52w_high_pct;distance_resistance_pct;ema21;ema50;gross_margin;move_10d_pct;operating_margin;pattern;performance_21d_pct;previous_revenue_growth_yoy;price;price_tv;resistance;revenue_growth_yoy;rsi14;rvol20;shares_change_6m_pct;sma150;sma200;sma50;week52_high,TradingView MCP + Finviz via finvizfinance screener views,2026-09-11T23:42:11+02:00,2026-08-06,,36,NORMAL,
SHOP,Shopify Inc,tradingview_gates,price_above_sma50;sma150_above_sma200;within_25pct_52w_high;rsi14;performance_21d,,price_min;market_cap_min;avg_volume_min;price_above_sma50;sma50_above_sma150;sma150_above_sma200;ema21_above_ema50;within_25pct_52w_high;rsi14;atr_pct;rvol20_data_available;performance_21d;distance_resistance_hard;no_extended_move_10d;revenue_growth;eps_growth;eps_next_year;operating_margin;earnings_window;market_regime_allows_new_entries,True,"{'price': 128.79, 'price_tv': 128.79, 'price_finviz': 128.79, 'sma50': 135.1384, 'sma150': 122.98813333333334, 'sma200': 130.9908, 'ema21': 139.9113010882098, 'ema50': 135.65985620097854, 'rsi14': 39.32077824977954, 'atr14': 6.485803849508557, 'atr_pct': 5.035952985098654, 'rvol20': 1.4353352856954145, 'performance_21d_pct': -14.374044278970821, 'distance_52w_high_pct': 29.310060925407544, 'distance_resistance_pct': 23.355850609519383, 'move_10d_pct': -16.54895354111321, 'structural_trend_pass': False}",pattern;previous_revenue_growth_yoy;shares_change_6m_pct,TradingView MCP + Finviz via finvizfinance screener views,2026-09-11T23:42:25+02:00,2026-08-05,,37,NORMAL,
SNDK,Sandisk Corp,tradingview_gates,within_25pct_52w_high;rsi14,,price_min;market_cap_min;avg_volume_min;price_above_sma50;sma50_above_sma150;sma150_above_sma200;ema21_above_ema50;within_25pct_52w_high;rsi14;atr_pct;rvol20_data_available;performance_21d;distance_resistance_hard;no_extended_move_10d;revenue_growth;eps_growth;eps_next_year;operating_margin;earnings_window;market_regime_allows_new_entries,True,"{'price': 1633.35, 'price_tv': 1633.35, 'price_finviz': 1633.35, 'sma50': 1517.8716, 'sma150': 1265.9044000000001, 'sma200': 1033.67255, 'ema21': 1586.8637122822106, 'ema50': 1549.86273696894, 'rsi14': 53.57670601095882, 'atr14': 119.06591411955934, 'atr_pct': 7.289675459611189, 'rvol20': 0.7097018216333282, 'performance_21d_pct': 21.50280073496047, 'distance_52w_high_pct': 30.625339498780562, 'distance_resistance_pct': 44.14484954235162, 'move_10d_pct': 9.993602478197916, 'structural_trend_pass': True}",pattern;previous_revenue_growth_yoy;shares_change_6m_pct,TradingView MCP + Finviz via finvizfinance screener views,2026-09-11T23:42:44+02:00,2026-08-05,,37,NORMAL,
SNPS,Synopsys Inc,tradingview_gates,price_above_sma50;sma50_above_sma150;sma150_above_sma200;ema21_above_ema50;within_25pct_52w_high;rsi14;performance_21d,,price_min;market_cap_min;avg_volume_min;price_above_sma50;sma50_above_sma150;sma150_above_sma200;ema21_above_ema50;within_25pct_52w_high;rsi14;atr_pct;rvol20_data_available;performance_21d;distance_resistance_hard;no_extended_move_10d;revenue_growth;eps_growth;eps_next_year;operating_margin;earnings_window;market_regime_allows_new_entries,True,"{'price': 397.38, 'price_tv': 397.38, 'price_finviz': 397.38, 'sma50': 408.1624, 'sma150': 438.41313333333335, 'sma200': 447.370275, 'ema21': 407.99396390137895, 'ema50': 415.8497092049227, 'rsi14': 44.50084623068598, 'atr14': 15.356306888844722, 'atr_pct': 3.864388466667855, 'rvol20': 0.6366132929721406, 'performance_21d_pct': -3.623399301513386, 'distance_52w_high_pct': 26.34017943204568, 'distance_resistance_pct': 20.74085258442801, 'move_10d_pct': -14.521714814257136, 'structural_trend_pass': False}",pattern;previous_revenue_growth_yoy;shares_change_6m_pct,TradingView MCP + Finviz via finvizfinance screener views,2026-09-11T23:42:58+02:00,2026-08-26,,16,NORMAL,
SOFI,SoFi Technologies Inc,tradingview_gates,price_above_sma50;sma150_above_sma200;within_25pct_52w_high;rsi14;performance_21d,,price_min;market_cap_min;avg_volume_min;price_above_sma50;sma50_above_sma150;sma150_above_sma200;ema21_above_ema50;within_25pct_52w_high;rsi14;atr_pct;rvol20_data_available;performance_21d;distance_resistance_hard;no_extended_move_10d;revenue_growth;eps_growth;eps_next_year;operating_margin;earnings_window;market_regime_allows_new_entries,True,"{'price': 17.32, 'price_tv': 17.32, 'price_finviz': 17.32, 'sma50': 17.8298, 'sma150': 17.5815, 'sma200': 19.804275, 'ema21': 17.90088969798164, 'ema50': 17.81188891754772, 'rsi14': 45.250906091690204, 'atr14': 0.7586542721550977, 'atr_pct': 4.380220970872388, 'rvol20': 0.583063955536382, 'performance_21d_pct': -3.455964325529548, 'distance_52w_high_pct': 47.082187595478146, 'distance_resistance_pct': 13.972286374133938, 'move_10d_pct': -9.697601668404587, 'structural_trend_pass': False}",pattern;previous_revenue_growth_yoy;shares_change_6m_pct,TradingView MCP + Finviz via finvizfinance screener views,2026-09-11T23:43:12+02:00,2026-07-29,,44,NORMAL,
SPCX,Space Exploration Technologies Corp,tradingview_gates,,price_above_sma50;sma50_above_sma150;sma150_above_sma200;ema21_above_ema50;within_25pct_52w_high;rsi14;atr_pct;rvol20_data_available;performance_21d;distance_resistance_hard;no_extended_move_10d;revenue_growth;eps_growth;operating_margin,price_min;market_cap_min;avg_volume_min;eps_next_year;earnings_window;market_regime_allows_new_entries,False,"{'price': None, 'price_tv': None, 'price_finviz': 151.21, 'sma50': None, 'sma150': None, 'sma200': None, 'ema21': None, 'ema50': None, 'rsi14': None, 'atr14': None, 'atr_pct': None, 'rvol20': None, 'performance_21d_pct': None, 'distance_52w_high_pct': None, 'distance_resistance_pct': None, 'move_10d_pct': None, 'structural_trend_pass': False}",atr14;atr_pct;distance_52w_high_pct;distance_resistance_pct;ema21;ema50;eps_growth_yoy;gross_margin;move_10d_pct;operating_margin;pattern;performance_21d_pct;previous_revenue_growth_yoy;price;price_tv;resistance;revenue_growth_yoy;rsi14;rvol20;shares_change_6m_pct;sma150;sma200;sma50;week52_high,TradingView MCP + Finviz via finvizfinance screener views,2026-09-11T23:43:18+02:00,2026-08-04,,38,NORMAL,
STLD,Steel Dynamics Inc,tradingview_gates,price_above_sma50;ema21_above_ema50;rsi14;performance_21d,,price_min;market_cap_min;avg_volume_min;price_above_sma50;sma50_above_sma150;sma150_above_sma200;ema21_above_ema50;within_25pct_52w_high;rsi14;atr_pct;rvol20_data_available;performance_21d;distance_resistance_hard;no_extended_move_10d;revenue_growth;eps_growth;eps_next_year;operating_margin;earnings_window;market_regime_allows_new_entries,True,"{'price': 239.79, 'price_tv': 239.79, 'price_finviz': 239.79, 'sma50': 242.50330000000002, 'sma150': 224.78429999999997, 'sma200': 211.9943, 'ema21': 241.08793194530733, 'ema50': 242.37455473201246, 'rsi14': 48.04143494374591, 'atr14': 8.241648020281833, 'atr_pct': 3.437027407432267, 'rvol20': 0.5859071866857177, 'performance_21d_pct': -8.887453453909878, 'distance_52w_high_pct': 16.95296806815821, 'distance_resistance_pct': 16.340547979482057, 'move_10d_pct': 1.6748643147896924, 'structural_trend_pass': False}",pattern;previous_revenue_growth_yoy;shares_change_6m_pct,TradingView MCP + Finviz via finvizfinance screener views,2026-09-11T23:43:32+02:00,2026-07-20,,53,NORMAL,
STRC,Strategy Inc - VR PRF PERPETUAL USD 100 - Ser A,tradingview_gates,sma50_above_sma150;sma150_above_sma200;atr_pct;distance_resistance_hard,revenue_growth;eps_growth;operating_margin;earnings_window,price_min;market_cap_min;avg_volume_min;price_above_sma50;sma50_above_sma150;sma150_above_sma200;ema21_above_ema50;within_25pct_52w_high;rsi14;atr_pct;rvol20_data_available;performance_21d;distance_resistance_hard;no_extended_move_10d;eps_next_year;market_regime_allows_new_entries,True,"{'price': 98.64, 'price_tv': 98.64, 'price_finviz': 98.64, 'sma50': 92.3638, 'sma150': 95.87706666666666, 'sma200': 96.57449999999999, 'ema21': 96.50589231775537, 'ema50': 94.46656702325414, 'rsi14': 68.80690244391067, 'atr14': 1.0362620548243757, 'atr_pct': 1.0505495284107622, 'rvol20': 0.9383283174684706, 'performance_21d_pct': 3.488433090279597, 'distance_52w_high_pct': 1.7707945372452387, 'distance_resistance_pct': -0.44606650446066276, 'move_10d_pct': 0.6530612244898037, 'structural_trend_pass': False}",eps_growth_yoy;gross_margin;operating_margin;pattern;previous_revenue_growth_yoy;revenue_growth_yoy;shares_change_6m_pct,TradingView MCP + Finviz via finvizfinance screener views,2026-09-11T23:43:46+02:00,,,,UNKNOWN,
STRL,Sterling Infrastructure Inc,tradingview_gates,price_above_sma50;sma50_above_sma150;ema21_above_ema50;within_25pct_52w_high;rsi14;performance_21d,,price_min;market_cap_min;avg_volume_min;price_above_sma50;sma50_above_sma150;sma150_above_sma200;ema21_above_ema50;within_25pct_52w_high;rsi14;atr_pct;rvol20_data_available;performance_21d;distance_resistance_hard;no_extended_move_10d;revenue_growth;eps_growth;eps_next_year;operating_margin;earnings_window;market_regime_allows_new_entries,True,"{'price': 511.04, 'price_tv': 511.04, 'price_finviz': 511.04, 'sma50': 574.8183, 'sma150': 590.7850999999999, 'sma200': 526.1422249999999, 'ema21': 508.8011021934803, 'ema50': 567.2652999205318, 'rsi14': 47.554150487351535, 'atr14': 30.745253840997282, 'atr_pct': 6.016212789800657, 'rvol20': 0.8626535843524047, 'performance_21d_pct': -6.9059112851807996, 'distance_52w_high_pct': 49.18464139992017, 'distance_resistance_pct': 83.28897933625547, 'move_10d_pct': 0.9222505282698412, 'structural_trend_pass': False}",pattern;previous_revenue_growth_yoy;shares_change_6m_pct,TradingView MCP + Finviz via finvizfinance screener views,2026-09-11T23:44:00+02:00,2026-08-03,,39,NORMAL,
STX,Seagate Technology Holdings Plc,tradingview_gates,price_above_sma50;within_25pct_52w_high;rsi14;performance_21d,,price_min;market_cap_min;avg_volume_min;price_above_sma50;sma50_above_sma150;sma150_above_sma200;ema21_above_ema50;within_25pct_52w_high;rsi14;atr_pct;rvol20_data_available;performance_21d;distance_resistance_hard;no_extended_move_10d;revenue_growth;eps_growth;eps_next_year;operating_margin;earnings_window;market_regime_allows_new_entries,True,"{'price': 830.17, 'price_tv': 830.17, 'price_finviz': 830.17, 'sma50': 848.2074, 'sma150': 702.6689666666666, 'sma200': 605.8789499999999, 'ema21': 849.6007786921505, 'ema50': 847.0399837129602, 'rsi14': 47.28604016335881, 'atr14': 54.00687461812373, 'atr_pct': 6.505519907744647, 'rvol20': 1.060704580760075, 'performance_21d_pct': -5.470217829448543, 'distance_52w_high_pct': 27.496069868995637, 'distance_resistance_pct': 37.923557825505625, 'move_10d_pct': -2.010151085930134, 'structural_trend_pass': False}",pattern;previous_revenue_growth_yoy;shares_change_6m_pct,TradingView MCP + Finviz via finvizfinance screener views,2026-09-11T23:44:14+02:00,2026-07-28,,45,NORMAL,
TER,Teradyne Inc,tradingview_gates,ema21_above_ema50;rsi14;performance_21d,,price_min;market_cap_min;avg_volume_min;price_above_sma50;sma50_above_sma150;sma150_above_sma200;ema21_above_ema50;within_25pct_52w_high;rsi14;atr_pct;rvol20_data_available;performance_21d;distance_resistance_hard;no_extended_move_10d;revenue_growth;eps_growth;eps_next_year;operating_margin;earnings_window;market_regime_allows_new_entries,True,"{'price': 379.72, 'price_tv': 379.72, 'price_finviz': 379.72, 'sma50': 365.81949999999995, 'sma150': 356.4160333333333, 'sma200': 320.58425, 'ema21': 368.6087858504616, 'ema50': 371.20200134111775, 'rsi14': 53.10315897519928, 'atr14': 21.436286011176215, 'atr_pct': 5.64528758326562, 'rvol20': 1.0216388749465226, 'performance_21d_pct': -5.715846451805129, 'distance_52w_high_pct': 22.174171466049064, 'distance_resistance_pct': 28.49204677130517, 'move_10d_pct': 2.058807719185074, 'structural_trend_pass': True}",pattern;previous_revenue_growth_yoy;shares_change_6m_pct,TradingView MCP + Finviz via finvizfinance screener views,2026-09-11T23:44:28+02:00,2026-07-28,,45,NORMAL,
TPG,TPG Inc,tradingview_gates,price_above_sma50;sma150_above_sma200;within_25pct_52w_high;rsi14;performance_21d,,price_min;market_cap_min;avg_volume_min;price_above_sma50;sma50_above_sma150;sma150_above_sma200;ema21_above_ema50;within_25pct_52w_high;rsi14;atr_pct;rvol20_data_available;performance_21d;distance_resistance_hard;no_extended_move_10d;revenue_growth;eps_growth;eps_next_year;operating_margin;earnings_window;market_regime_allows_new_entries,True,"{'price': 47.69, 'price_tv': 47.69, 'price_finviz': 47.69, 'sma50': 47.7087, 'sma150': 44.37786666666667, 'sma200': 49.021525000000004, 'ema21': 50.624342841549925, 'ema50': 48.584518037388705, 'rsi14': 40.42293046301519, 'atr14': 1.930772449472596, 'atr_pct': 4.048589745172145, 'rvol20': 1.1044287490719324, 'performance_21d_pct': -6.269654088050325, 'distance_52w_high_pct': 32.23927252060244, 'distance_resistance_pct': 16.37659886768715, 'move_10d_pct': -11.586948461253243, 'structural_trend_pass': False}",pattern;previous_revenue_growth_yoy;shares_change_6m_pct,TradingView MCP + Finviz via finvizfinance screener views,2026-09-11T23:44:33+02:00,2026-08-04,,38,NORMAL,
TSEM,Tower Semiconductor Ltd,tradingview_gates,price_above_sma50;ema21_above_ema50;within_25pct_52w_high;rsi14;performance_21d,,price_min;market_cap_min;avg_volume_min;price_above_sma50;sma50_above_sma150;sma150_above_sma200;ema21_above_ema50;within_25pct_52w_high;rsi14;atr_pct;rvol20_data_available;performance_21d;distance_resistance_hard;no_extended_move_10d;revenue_growth;eps_growth;eps_next_year;operating_margin;earnings_window;market_regime_allows_new_entries,True,"{'price': 211.52, 'price_tv': 211.52, 'price_finviz': 211.52, 'sma50': 227.59830000000002, 'sma150': 210.8237, 'sma200': 188.51127499999998, 'ema21': 218.974150568976, 'ema50': 226.856313355187, 'rsi14': 45.13128197545604, 'atr14': 13.840015036911016, 'atr_pct': 6.543123599144769, 'rvol20': 0.8611426555644223, 'performance_21d_pct': -18.74303714801583, 'distance_52w_high_pct': 33.88760392573607, 'distance_resistance_pct': 51.25756429652042, 'move_10d_pct': -3.788947009324528, 'structural_trend_pass': False}",pattern;previous_revenue_growth_yoy;shares_change_6m_pct,TradingView MCP + Finviz via finvizfinance screener views,2026-09-11T23:44:38+02:00,2026-08-04,,38,NORMAL,
TTMI,TTM Technologies Inc,tradingview_gates,price_above_sma50;sma50_above_sma150;ema21_above_ema50;within_25pct_52w_high;rsi14;performance_21d,,price_min;market_cap_min;avg_volume_min;price_above_sma50;sma50_above_sma150;sma150_above_sma200;ema21_above_ema50;within_25pct_52w_high;rsi14;atr_pct;rvol20_data_available;performance_21d;distance_resistance_hard;no_extended_move_10d;revenue_growth;eps_growth;eps_next_year;operating_margin;earnings_window;market_regime_allows_new_entries,True,"{'price': 126.44, 'price_tv': 126.44, 'price_finviz': 126.44, 'sma50': 129.2729, 'sma150': 135.2529, 'sma200': 121.4418, 'ema21': 123.51514909006345, 'ema50': 131.93663076617213, 'rsi14': 51.10276213865537, 'atr14': 8.599616966478035, 'atr_pct': 6.801342112051594, 'rvol20': 0.5949894585313379, 'performance_21d_pct': -8.443157132512669, 'distance_52w_high_pct': 43.510700084885855, 'distance_resistance_pct': 77.02467573552674, 'move_10d_pct': 1.370961276356919, 'structural_trend_pass': False}",pattern;previous_revenue_growth_yoy;shares_change_6m_pct,TradingView MCP + Finviz via finvizfinance screener views,2026-09-11T23:44:52+02:00,2026-08-05,,37,NORMAL,
TXN,Texas Instruments Inc,tradingview_gates,price_above_sma50;ema21_above_ema50;rsi14;performance_21d,,price_min;market_cap_min;avg_volume_min;price_above_sma50;sma50_above_sma150;sma150_above_sma200;ema21_above_ema50;within_25pct_52w_high;rsi14;atr_pct;rvol20_data_available;performance_21d;distance_resistance_hard;no_extended_move_10d;revenue_growth;eps_growth;eps_next_year;operating_margin;earnings_window;market_regime_allows_new_entries,True,"{'price': 268.7, 'price_tv': 268.7, 'price_finviz': 268.7, 'sma50': 277.643, 'sma150': 259.69913333333335, 'sma200': 241.48385, 'ema21': 264.5369303988383, 'ema50': 272.49765971114357, 'rsi14': 51.67568418932926, 'atr14': 8.68367541056869, 'atr_pct': 3.231736289753885, 'rvol20': 0.9677768135627025, 'performance_21d_pct': -2.852597707798543, 'distance_52w_high_pct': 19.558123521839352, 'distance_resistance_pct': 24.313360625232598, 'move_10d_pct': 0.810384932843089, 'structural_trend_pass': False}",pattern;previous_revenue_growth_yoy;shares_change_6m_pct,TradingView MCP + Finviz via finvizfinance screener views,2026-09-11T23:45:06+02:00,2026-07-22,,51,NORMAL,
VIAV,Viavi Solutions Inc,tradingview_gates,price_above_sma50;sma50_above_sma150;ema21_above_ema50;within_25pct_52w_high;rsi14;performance_21d,,price_min;market_cap_min;avg_volume_min;price_above_sma50;sma50_above_sma150;sma150_above_sma200;ema21_above_ema50;within_25pct_52w_high;rsi14;atr_pct;rvol20_data_available;performance_21d;distance_resistance_hard;no_extended_move_10d;revenue_growth;eps_growth;eps_next_year;operating_margin;earnings_window;market_regime_allows_new_entries,True,"{'price': 38.75, 'price_tv': 38.75, 'price_finviz': 38.75, 'sma50': 39.096399999999996, 'sma150': 40.64633333333333, 'sma200': 35.2607, 'ema21': 37.89148597345082, 'ema50': 39.6742983832639, 'rsi14': 51.218826069229266, 'atr14': 2.4540478851630025, 'atr_pct': 6.333026800420652, 'rvol20': 1.1683476456546145, 'performance_21d_pct': -10.11366272326606, 'distance_52w_high_pct': 35.87622042032103, 'distance_resistance_pct': 40.36129032258064, 'move_10d_pct': 0.7802340702210531, 'structural_trend_pass': False}",pattern;previous_revenue_growth_yoy;shares_change_6m_pct,TradingView MCP + Finviz via finvizfinance screener views,2026-09-11T23:45:20+02:00,2026-08-05,,37,NORMAL,
WDC,Western Digital Corp,tradingview_gates,price_above_sma50;ema21_above_ema50;within_25pct_52w_high;rsi14;performance_21d,,price_min;market_cap_min;avg_volume_min;price_above_sma50;sma50_above_sma150;sma150_above_sma200;ema21_above_ema50;within_25pct_52w_high;rsi14;atr_pct;rvol20_data_available;performance_21d;distance_resistance_hard;no_extended_move_10d;revenue_growth;eps_growth;eps_next_year;operating_margin;earnings_window;market_regime_allows_new_entries,True,"{'price': 447.18, 'price_tv': 447.18, 'price_finviz': 447.18, 'sma50': 494.8243, 'sma150': 438.70553333333334, 'sma200': 379.221725, 'ema21': 467.6220850494499, 'ema50': 486.20411864226986, 'rsi14': 43.88902829462421, 'atr14': 31.464503312863343, 'atr_pct': 7.0362054011501725, 'rvol20': 0.793900820993583, 'performance_21d_pct': -1.5238934155472394, 'distance_52w_high_pct': 44.09341517996674, 'distance_resistance_pct': 78.8698063419652, 'move_10d_pct': -3.207792207792204, 'structural_trend_pass': False}",pattern;previous_revenue_growth_yoy;shares_change_6m_pct,TradingView MCP + Finviz via finvizfinance screener views,2026-09-11T23:45:25+02:00,2026-08-05,,37,NORMAL,
