ticker,name,exclusion_stage,failed_gates,unverifiable_gates,gates_evaluated,technical_gates_evaluated,values,missing_fields,source,retrieved_at,earnings_date,days_to_earnings,days_since_earnings,earnings_state,gate_distance
ABVX,Abivax ADR,finviz_prefilter,adr,,,False,"{'industry': 'Biotechnology', 'price_finviz': 105.04}",,Finviz via finvizfinance screener views,2026-09-18T23:30:30+02:00,,,,,
APGE,Apogee Therapeutics Inc,finviz_prefilter,biotech_pre_revenue,,,False,"{'industry': 'Biotechnology', 'price_finviz': 135.07}",,Finviz via finvizfinance screener views,2026-09-18T23:30:30+02:00,,,,,
ARM,Arm Holdings Plc ADR,finviz_prefilter,adr,,,False,"{'industry': 'Semiconductors', 'price_finviz': 275.61}",,Finviz via finvizfinance screener views,2026-09-18T23:30:30+02:00,,,,,
ATAT,Atour Lifestyle Holdings Ltd ADR,finviz_prefilter,adr,,,False,"{'industry': 'Lodging', 'price_finviz': 32.15}",,Finviz via finvizfinance screener views,2026-09-18T23:30:30+02:00,,,,,
BIDU,Baidu Inc ADR,finviz_prefilter,adr,,,False,"{'industry': 'Internet Content & Information', 'price_finviz': 89.93}",,Finviz via finvizfinance screener views,2026-09-18T23:30:30+02:00,,,,,
BNTX,BioNTech SE ADR,finviz_prefilter,adr,,,False,"{'industry': 'Biotechnology', 'price_finviz': 96.06}",,Finviz via finvizfinance screener views,2026-09-18T23:30:30+02:00,,,,,
CELC,Celcuity Inc,finviz_prefilter,biotech_pre_revenue,,,False,"{'industry': 'Biotechnology', 'price_finviz': 80.61}",,Finviz via finvizfinance screener views,2026-09-18T23:30:30+02:00,,,,,
CMPS,Compass Pathways Plc ADR,finviz_prefilter,adr,,,False,"{'industry': 'Medical Care Facilities', 'price_finviz': 15.19}",,Finviz via finvizfinance screener views,2026-09-18T23:30:30+02:00,,,,,
COGT,Cogent Biosciences Inc,finviz_prefilter,biotech_pre_revenue,,,False,"{'industry': 'Biotechnology', 'price_finviz': 31.5}",,Finviz via finvizfinance screener views,2026-09-18T23:30:30+02:00,,,,,
DFTX,Definium Therapeutics Inc,finviz_prefilter,biotech_pre_revenue,,,False,"{'industry': 'Biotechnology', 'price_finviz': 38.81}",,Finviz via finvizfinance screener views,2026-09-18T23:30:30+02:00,,,,,
DYN,Dyne Therapeutics Inc,finviz_prefilter,biotech_pre_revenue,,,False,"{'industry': 'Biotechnology', 'price_finviz': 17.11}",,Finviz via finvizfinance screener views,2026-09-18T23:30:30+02:00,,,,,
ELVN,Enliven Therapeutics Inc,finviz_prefilter,biotech_pre_revenue,,,False,"{'industry': 'Biotechnology', 'price_finviz': 49.45}",,Finviz via finvizfinance screener views,2026-09-18T23:30:30+02:00,,,,,
EWTX,Edgewise Therapeutics Inc,finviz_prefilter,biotech_pre_revenue,,,False,"{'industry': 'Biotechnology', 'price_finviz': 45.32}",,Finviz via finvizfinance screener views,2026-09-18T23:30:30+02:00,,,,,
FUTU,Futu Holdings Ltd ADR,finviz_prefilter,adr,,,False,"{'industry': 'Capital Markets', 'price_finviz': 112.01}",,Finviz via finvizfinance screener views,2026-09-18T23:30:30+02:00,,,,,
GDS,GDS Holdings Limited ADR,finviz_prefilter,adr,,,False,"{'industry': 'Information Technology Services', 'price_finviz': 32.79}",,Finviz via finvizfinance screener views,2026-09-18T23:30:30+02:00,,,,,
GENB,Generate Biomedicines Inc,finviz_prefilter,biotech_pre_revenue,,,False,"{'industry': 'Biotechnology', 'price_finviz': 17.14}",,Finviz via finvizfinance screener views,2026-09-18T23:30:30+02:00,,,,,
GGAL,Grupo Financiero Galicia ADR,finviz_prefilter,adr,,,False,"{'industry': 'Banks - Regional', 'price_finviz': 41.76}",,Finviz via finvizfinance screener views,2026-09-18T23:30:30+02:00,,,,,
GMAB,Genmab ADR,finviz_prefilter,adr,,,False,"{'industry': 'Biotechnology', 'price_finviz': 34.74}",,Finviz via finvizfinance screener views,2026-09-18T23:30:30+02:00,,,,,
GPCR,Structure Therapeutics Inc ADR,finviz_prefilter,adr,,,False,"{'industry': 'Biotechnology', 'price_finviz': 35.0}",,Finviz via finvizfinance screener views,2026-09-18T23:30:30+02:00,,,,,
HSAI,Hesai Group ADR,finviz_prefilter,adr,,,False,"{'industry': 'Auto Parts', 'price_finviz': 16.52}",,Finviz via finvizfinance screener views,2026-09-18T23:30:30+02:00,,,,,
HTHT,H World Group Limited ADR,finviz_prefilter,adr,,,False,"{'industry': 'Lodging', 'price_finviz': 43.44}",,Finviz via finvizfinance screener views,2026-09-18T23:30:30+02:00,,,,,
IMVT,Immunovant Inc,finviz_prefilter,biotech_pre_revenue,,,False,"{'industry': 'Biotechnology', 'price_finviz': 36.95}",,Finviz via finvizfinance screener views,2026-09-18T23:30:30+02:00,,,,,
JD,JD.com Inc ADR,finviz_prefilter,adr,,,False,"{'industry': 'Internet Retail', 'price_finviz': 26.92}",,Finviz via finvizfinance screener views,2026-09-18T23:30:30+02:00,,,,,
LEGN,Legend Biotech Corp ADR,finviz_prefilter,adr,,,False,"{'industry': 'Biotechnology', 'price_finviz': 17.61}",,Finviz via finvizfinance screener views,2026-09-18T23:30:30+02:00,,,,,
MLYS,Mineralys Therapeutics Inc,finviz_prefilter,biotech_pre_revenue,,,False,"{'industry': 'Biotechnology', 'price_finviz': 28.02}",,Finviz via finvizfinance screener views,2026-09-18T23:30:30+02:00,,,,,
NTES,NetEase Inc ADR,finviz_prefilter,adr,,,False,"{'industry': 'Electronic Gaming & Multimedia', 'price_finviz': 116.19}",,Finviz via finvizfinance screener views,2026-09-18T23:30:30+02:00,,,,,
ORKA,Oruka Therapeutics Inc,finviz_prefilter,biotech_pre_revenue,,,False,"{'industry': 'Biotechnology', 'price_finviz': 94.96}",,Finviz via finvizfinance screener views,2026-09-18T23:30:30+02:00,,,,,
PAYP,PayPay Corp ADR,finviz_prefilter,adr,,,False,"{'industry': 'Software - Infrastructure', 'price_finviz': 17.71}",,Finviz via finvizfinance screener views,2026-09-18T23:30:30+02:00,,,,,
PCVX,Vaxcyte Inc,finviz_prefilter,biotech_pre_revenue,,,False,"{'industry': 'Biotechnology', 'price_finviz': 58.13}",,Finviz via finvizfinance screener views,2026-09-18T23:30:30+02:00,,,,,
PDD,PDD Holdings Inc ADR,finviz_prefilter,adr,,,False,"{'industry': 'Internet Retail', 'price_finviz': 78.9}",,Finviz via finvizfinance screener views,2026-09-18T23:30:30+02:00,,,,,
RVMD,Revolution Medicines Inc,finviz_prefilter,biotech_pre_revenue,,,False,"{'industry': 'Biotechnology', 'price_finviz': 190.95}",,Finviz via finvizfinance screener views,2026-09-18T23:30:30+02:00,,,,,
RYAAY,Ryanair Holdings Plc ADR,finviz_prefilter,adr,,,False,"{'industry': 'Airlines', 'price_finviz': 53.51}",,Finviz via finvizfinance screener views,2026-09-18T23:30:30+02:00,,,,,
SIMO,Silicon Motion Technology Corp ADR,finviz_prefilter,adr,,,False,"{'industry': 'Semiconductors', 'price_finviz': 272.11}",,Finviz via finvizfinance screener views,2026-09-18T23:30:30+02:00,,,,,
SKHY,SK Hynix Inc ADR,finviz_prefilter,adr,,,False,"{'industry': 'Semiconductors', 'price_finviz': 187.5}",,Finviz via finvizfinance screener views,2026-09-18T23:30:30+02:00,,,,,
SMMT,Summit Therapeutics Inc,finviz_prefilter,biotech_pre_revenue,,,False,"{'industry': 'Biotechnology', 'price_finviz': 17.85}",,Finviz via finvizfinance screener views,2026-09-18T23:30:30+02:00,,,,,
SNY,Sanofi ADR,finviz_prefilter,adr,,,False,"{'industry': 'Drug Manufacturers - General', 'price_finviz': 42.48}",,Finviz via finvizfinance screener views,2026-09-18T23:30:30+02:00,,,,,
SRRK,Scholar Rock Holding Corp,finviz_prefilter,biotech_pre_revenue,,,False,"{'industry': 'Biotechnology', 'price_finviz': 46.65}",,Finviz via finvizfinance screener views,2026-09-18T23:30:30+02:00,,,,,
SYRE,Spyre Therapeutics Inc,finviz_prefilter,biotech_pre_revenue,,,False,"{'industry': 'Biotechnology', 'price_finviz': 90.25}",,Finviz via finvizfinance screener views,2026-09-18T23:30:30+02:00,,,,,
TCOM,Trip.com Group Ltd ADR,finviz_prefilter,adr,,,False,"{'industry': 'Travel Services', 'price_finviz': 40.68}",,Finviz via finvizfinance screener views,2026-09-18T23:30:30+02:00,,,,,
VERA,Vera Therapeutics Inc,finviz_prefilter,biotech_pre_revenue,,,False,"{'industry': 'Biotechnology', 'price_finviz': 34.0}",,Finviz via finvizfinance screener views,2026-09-18T23:30:30+02:00,,,,,
VKTX,Viking Therapeutics Inc,finviz_prefilter,biotech_pre_revenue,,,False,"{'industry': 'Biotechnology', 'price_finviz': 28.99}",,Finviz via finvizfinance screener views,2026-09-18T23:30:30+02:00,,,,,
VOD,Vodafone Group plc ADR,finviz_prefilter,adr,,,False,"{'industry': 'Telecom Services', 'price_finviz': 16.95}",,Finviz via finvizfinance screener views,2026-09-18T23:30:30+02:00,,,,,
XENE,Xenon Pharmaceuticals Inc,finviz_prefilter,biotech_pre_revenue,,,False,"{'industry': 'Biotechnology', 'price_finviz': 39.75}",,Finviz via finvizfinance screener views,2026-09-18T23:30:30+02:00,,,,,
ZLAB,Zai Lab Limited ADR,finviz_prefilter,adr,,,False,"{'industry': 'Biotechnology', 'price_finviz': 25.7}",,Finviz via finvizfinance screener views,2026-09-18T23:30:30+02:00,,,,,
AAOI,Applied Optoelectronics Inc,finviz_prefilter,eps_growth;operating_margin,,price_min;market_cap_min;avg_volume_min;revenue_growth;eps_growth;eps_next_year;operating_margin;earnings_window,False,"{'revenue_growth_yoy': 86.42, 'eps_growth_yoy': -74.24, 'eps_next_year': 650.23, 'operating_margin': -11.31}",,Finviz via finvizfinance screener views,2026-09-18T23:30:30+02:00,2026-08-06,,43,NORMAL,
AAPL,Apple Inc,finviz_prefilter,revenue_growth;eps_growth;eps_next_year,,price_min;market_cap_min;avg_volume_min;revenue_growth;eps_growth;eps_next_year;operating_margin;earnings_window,False,"{'revenue_growth_yoy': 16.36, 'eps_growth_yoy': 29.13, 'eps_next_year': 8.76, 'operating_margin': 33.17}",,Finviz via finvizfinance screener views,2026-09-18T23:30:30+02:00,2026-07-30,,50,NORMAL,
ABNB,Airbnb Inc,finviz_prefilter,revenue_growth,,price_min;market_cap_min;avg_volume_min;revenue_growth;eps_growth;eps_next_year;operating_margin;earnings_window,False,"{'revenue_growth_yoy': 16.54, 'eps_growth_yoy': 33.06, 'eps_next_year': 17.47, 'operating_margin': 21.21}",,Finviz via finvizfinance screener views,2026-09-18T23:30:30+02:00,2026-08-06,,43,NORMAL,"{'failed_gate': 'revenue_growth', 'actual_value': 16.54, 'applicable_threshold': 20.0, 'distance_to_threshold': 3.460000000000001, 'distance_to_threshold_pct': 17.300000000000004, 'formula': 'minimo: distance = threshold - actual; pct = distance / abs(threshold) * 100'}"
ACAD,Acadia Pharmaceuticals Inc,finviz_prefilter,revenue_growth;eps_growth;operating_margin,,price_min;market_cap_min;avg_volume_min;revenue_growth;eps_growth;eps_next_year;operating_margin;earnings_window,False,"{'revenue_growth_yoy': 16.400000000000002, 'eps_growth_yoy': 15.24, 'eps_next_year': 48.14, 'operating_margin': 7.59}",,Finviz via finvizfinance screener views,2026-09-18T23:30:30+02:00,2026-08-04,,45,NORMAL,
ACGL,Arch Capital Group Ltd,finviz_prefilter,revenue_growth;eps_growth;eps_next_year,,price_min;market_cap_min;avg_volume_min;revenue_growth;eps_growth;eps_next_year;operating_margin;earnings_window,False,"{'revenue_growth_yoy': -11.459999999999999, 'eps_growth_yoy': -7.06, 'eps_next_year': 4.11, 'operating_margin': 25.11}",,Finviz via finvizfinance screener views,2026-09-18T23:30:30+02:00,2026-07-28,,52,NORMAL,
ACHC,Acadia Healthcare Company Inc,finviz_prefilter,revenue_growth;eps_growth,,price_min;market_cap_min;avg_volume_min;revenue_growth;eps_growth;eps_next_year;operating_margin;earnings_window,False,"{'revenue_growth_yoy': -0.38999999999999996, 'eps_growth_yoy': -64.09, 'eps_next_year': 19.37, 'operating_margin': 10.059999999999999}",,Finviz via finvizfinance screener views,2026-09-18T23:30:30+02:00,2026-07-28,,52,NORMAL,
ACIW,ACI Worldwide Inc,finviz_prefilter,revenue_growth;eps_next_year,,price_min;market_cap_min;avg_volume_min;revenue_growth;eps_growth;eps_next_year;operating_margin;earnings_window,False,"{'revenue_growth_yoy': 7.2700000000000005, 'eps_growth_yoy': 169.34, 'eps_next_year': 13.51, 'operating_margin': 19.02}",,Finviz via finvizfinance screener views,2026-09-18T23:30:30+02:00,2026-08-06,,43,NORMAL,
ADBE,Adobe Inc,finviz_prefilter,revenue_growth;eps_growth;eps_next_year,,price_min;market_cap_min;avg_volume_min;revenue_growth;eps_growth;eps_next_year;operating_margin;earnings_window,False,"{'revenue_growth_yoy': 12.889999999999999, 'eps_growth_yoy': 10.7, 'eps_next_year': 13.28, 'operating_margin': 36.35}",,Finviz via finvizfinance screener views,2026-09-18T23:30:30+02:00,2026-09-10,,8,PEAD_WINDOW,
ADEA,Adeia Inc,finviz_prefilter,revenue_growth;eps_growth;eps_next_year,,price_min;market_cap_min;avg_volume_min;revenue_growth;eps_growth;eps_next_year;operating_margin;earnings_window,False,"{'revenue_growth_yoy': 12.11, 'eps_growth_yoy': 1.81, 'eps_next_year': 12.43, 'operating_margin': 46.81}",,Finviz via finvizfinance screener views,2026-09-18T23:30:30+02:00,2026-08-03,,46,NORMAL,
ADP,Automatic Data Processing Inc,finviz_prefilter,revenue_growth;eps_growth;eps_next_year,,price_min;market_cap_min;avg_volume_min;revenue_growth;eps_growth;eps_next_year;operating_margin;earnings_window,False,"{'revenue_growth_yoy': 6.77, 'eps_growth_yoy': 9.62, 'eps_next_year': 9.22, 'operating_margin': 26.41}",,Finviz via finvizfinance screener views,2026-09-18T23:30:30+02:00,2026-07-29,,51,NORMAL,
ADPT,Adaptive Biotechnologies Corp,finviz_prefilter,eps_growth;operating_margin,,price_min;market_cap_min;avg_volume_min;revenue_growth;eps_growth;eps_next_year;operating_margin;earnings_window,False,"{'revenue_growth_yoy': 21.529999999999998, 'eps_growth_yoy': -47.8, 'eps_next_year': 67.66, 'operating_margin': -11.81}",,Finviz via finvizfinance screener views,2026-09-18T23:30:30+02:00,2026-07-29,,51,NORMAL,
ADSK,Autodesk Inc,finviz_prefilter,revenue_growth;eps_next_year,,price_min;market_cap_min;avg_volume_min;revenue_growth;eps_growth;eps_next_year;operating_margin;earnings_window,False,"{'revenue_growth_yoy': 16.78, 'eps_growth_yoy': 60.17, 'eps_next_year': 12.5, 'operating_margin': 23.39}",,Finviz via finvizfinance screener views,2026-09-18T23:30:30+02:00,2026-08-27,,22,NORMAL,
AEHR,Aehr Test Systems,finviz_prefilter,operating_margin,,price_min;market_cap_min;avg_volume_min;revenue_growth;eps_growth;eps_next_year;operating_margin;earnings_window,False,"{'revenue_growth_yoy': 33.69, 'eps_growth_yoy': 143.11, 'eps_next_year': None, 'operating_margin': -28.29}",,Finviz via finvizfinance screener views,2026-09-18T23:30:30+02:00,2026-07-14,,66,NORMAL,"{'failed_gate': 'operating_margin', 'actual_value': -28.29, 'applicable_threshold': 8.0, 'distance_to_threshold': 36.29, 'distance_to_threshold_pct': 453.625, 'formula': 'minimo: distance = threshold - actual; pct = distance / abs(threshold) * 100'}"
AEP,American Electric Power Company Inc,finviz_prefilter,revenue_growth;eps_growth;eps_next_year,,price_min;market_cap_min;avg_volume_min;revenue_growth;eps_growth;eps_next_year;operating_margin;earnings_window,False,"{'revenue_growth_yoy': 6.79, 'eps_growth_yoy': -43.33, 'eps_next_year': 7.53, 'operating_margin': 23.330000000000002}",,Finviz via finvizfinance screener views,2026-09-18T23:30:30+02:00,2026-07-30,,50,NORMAL,
AKAM,Akamai Technologies Inc,finviz_prefilter,revenue_growth;eps_growth;eps_next_year,,price_min;market_cap_min;avg_volume_min;revenue_growth;eps_growth;eps_next_year;operating_margin;earnings_window,False,"{'revenue_growth_yoy': 5.38, 'eps_growth_yoy': -27.57, 'eps_next_year': 6.44, 'operating_margin': 11.92}",,Finviz via finvizfinance screener views,2026-09-18T23:30:30+02:00,2026-08-06,,43,NORMAL,
ALGM,Allegro Microsystems Inc,finviz_prefilter,operating_margin,,price_min;market_cap_min;avg_volume_min;revenue_growth;eps_growth;eps_next_year;operating_margin;earnings_window,False,"{'revenue_growth_yoy': 27.450000000000003, 'eps_growth_yoy': 217.85000000000002, 'eps_next_year': 45.99, 'operating_margin': 6.22}",,Finviz via finvizfinance screener views,2026-09-18T23:30:30+02:00,2026-07-30,,50,NORMAL,"{'failed_gate': 'operating_margin', 'actual_value': 6.22, 'applicable_threshold': 8.0, 'distance_to_threshold': 1.7800000000000002, 'distance_to_threshold_pct': 22.250000000000004, 'formula': 'minimo: distance = threshold - actual; pct = distance / abs(threshold) * 100'}"
ALGN,Align Technology Inc,finviz_prefilter,revenue_growth;eps_growth;eps_next_year,,price_min;market_cap_min;avg_volume_min;revenue_growth;eps_growth;eps_next_year;operating_margin;earnings_window,False,"{'revenue_growth_yoy': 4.32, 'eps_growth_yoy': -11.790000000000001, 'eps_next_year': 11.05, 'operating_margin': 18.38}",,Finviz via finvizfinance screener views,2026-09-18T23:30:30+02:00,2026-07-29,,51,NORMAL,
ALKS,Alkermes plc,finviz_prefilter,eps_growth,,price_min;market_cap_min;avg_volume_min;revenue_growth;eps_growth;eps_next_year;operating_margin;earnings_window,False,"{'revenue_growth_yoy': 26.97, 'eps_growth_yoy': -99.44, 'eps_next_year': 233.81, 'operating_margin': 8.62}",,Finviz via finvizfinance screener views,2026-09-18T23:30:30+02:00,2026-07-28,,52,NORMAL,"{'failed_gate': 'eps_growth', 'actual_value': -99.44, 'applicable_threshold': 30.0, 'distance_to_threshold': 129.44, 'distance_to_threshold_pct': 431.46666666666664, 'formula': 'minimo: distance = threshold - actual; pct = distance / abs(threshold) * 100'}"
ALKT,Alkami Technology Inc,finviz_prefilter,revenue_growth;operating_margin,,price_min;market_cap_min;avg_volume_min;revenue_growth;eps_growth;eps_next_year;operating_margin;earnings_window,False,"{'revenue_growth_yoy': 15.870000000000001, 'eps_growth_yoy': 36.61, 'eps_next_year': 38.22, 'operating_margin': -7.08}",,Finviz via finvizfinance screener views,2026-09-18T23:30:30+02:00,2026-07-29,,51,NORMAL,
AMBA,Ambarella Inc,finviz_prefilter,revenue_growth;operating_margin,,price_min;market_cap_min;avg_volume_min;revenue_growth;eps_growth;eps_next_year;operating_margin;earnings_window,False,"{'revenue_growth_yoy': 13.209999999999999, 'eps_growth_yoy': 67.66, 'eps_next_year': 31.79, 'operating_margin': -14.610000000000001}",,Finviz via finvizfinance screener views,2026-09-18T23:30:30+02:00,2026-09-03,,15,PEAD_WINDOW,
AMGN,AMGEN Inc,finviz_prefilter,revenue_growth;eps_next_year,,price_min;market_cap_min;avg_volume_min;revenue_growth;eps_growth;eps_next_year;operating_margin;earnings_window,False,"{'revenue_growth_yoy': 9.82, 'eps_growth_yoy': 64.92999999999999, 'eps_next_year': 5.82, 'operating_margin': 33.31}",,Finviz via finvizfinance screener views,2026-09-18T23:30:30+02:00,2026-08-04,,45,NORMAL,
AMKR,AMKOR Technology Inc,finviz_prefilter,eps_next_year,,price_min;market_cap_min;avg_volume_min;revenue_growth;eps_growth;eps_next_year;operating_margin;earnings_window,False,"{'revenue_growth_yoy': 25.580000000000002, 'eps_growth_yoy': 216.52999999999997, 'eps_next_year': 8.84, 'operating_margin': 8.92}",,Finviz via finvizfinance screener views,2026-09-18T23:30:30+02:00,2026-07-27,,53,NORMAL,"{'failed_gate': 'eps_next_year', 'actual_value': 8.84, 'applicable_threshold': 15.0, 'distance_to_threshold': 6.16, 'distance_to_threshold_pct': 41.06666666666667, 'formula': 'minimo: distance = threshold - actual; pct = distance / abs(threshold) * 100'}"
AMRX,Amneal Pharmaceuticals Inc,finviz_prefilter,revenue_growth,,price_min;market_cap_min;avg_volume_min;revenue_growth;eps_growth;eps_next_year;operating_margin;earnings_window,False,"{'revenue_growth_yoy': 9.89, 'eps_growth_yoy': 152.81, 'eps_next_year': 17.19, 'operating_margin': 15.299999999999999}",,Finviz via finvizfinance screener views,2026-09-18T23:30:30+02:00,2026-07-30,,50,NORMAL,"{'failed_gate': 'revenue_growth', 'actual_value': 9.89, 'applicable_threshold': 20.0, 'distance_to_threshold': 10.11, 'distance_to_threshold_pct': 50.55, 'formula': 'minimo: distance = threshold - actual; pct = distance / abs(threshold) * 100'}"
AMZN,Amazon.com Inc,finviz_prefilter,revenue_growth;eps_next_year,,price_min;market_cap_min;avg_volume_min;revenue_growth;eps_growth;eps_next_year;operating_margin;earnings_window,False,"{'revenue_growth_yoy': 19.62, 'eps_growth_yoy': 241.82999999999998, 'eps_next_year': -16.83, 'operating_margin': 12.68}",,Finviz via finvizfinance screener views,2026-09-18T23:30:30+02:00,2026-07-30,,50,NORMAL,
APA,APA Corp,finviz_prefilter,revenue_growth;eps_growth;eps_next_year,,price_min;market_cap_min;avg_volume_min;revenue_growth;eps_growth;eps_next_year;operating_margin;earnings_window,False,"{'revenue_growth_yoy': 8.95, 'eps_growth_yoy': 26.33, 'eps_next_year': -28.89, 'operating_margin': 41.32}",,Finviz via finvizfinance screener views,2026-09-18T23:30:30+02:00,2026-08-05,,44,NORMAL,
APLD,Applied Digital Corp,finviz_prefilter,eps_growth;operating_margin,,price_min;market_cap_min;avg_volume_min;revenue_growth;eps_growth;eps_next_year;operating_margin;earnings_window,False,"{'revenue_growth_yoy': 580.68, 'eps_growth_yoy': -62.41, 'eps_next_year': 49.35, 'operating_margin': -29.73}",,Finviz via finvizfinance screener views,2026-09-18T23:30:30+02:00,2026-07-27,,53,NORMAL,
APPN,Appian Corp,finviz_prefilter,revenue_growth;eps_growth;operating_margin,,price_min;market_cap_min;avg_volume_min;revenue_growth;eps_growth;eps_next_year;operating_margin;earnings_window,False,"{'revenue_growth_yoy': 19.11, 'eps_growth_yoy': -3759.52, 'eps_next_year': 31.1, 'operating_margin': 4.37}",,Finviz via finvizfinance screener views,2026-09-18T23:30:30+02:00,2026-08-06,,43,NORMAL,
ARCC,Ares Capital Corp,finviz_prefilter,revenue_growth;eps_growth;eps_next_year,,price_min;market_cap_min;avg_volume_min;revenue_growth;eps_growth;eps_next_year;operating_margin;earnings_window,False,"{'revenue_growth_yoy': -7.3, 'eps_growth_yoy': -54.14, 'eps_next_year': 1.46, 'operating_margin': 58.03}",,Finviz via finvizfinance screener views,2026-09-18T23:30:30+02:00,2026-07-29,,51,NORMAL,
ARQT,Arcutis Biotherapeutics Inc,finviz_prefilter,operating_margin,,price_min;market_cap_min;avg_volume_min;revenue_growth;eps_growth;eps_next_year;operating_margin;earnings_window,False,"{'revenue_growth_yoy': 59.330000000000005, 'eps_growth_yoy': 188.25, 'eps_next_year': 166.67, 'operating_margin': 7.380000000000001}",,Finviz via finvizfinance screener views,2026-09-18T23:30:30+02:00,2026-08-05,,44,NORMAL,"{'failed_gate': 'operating_margin', 'actual_value': 7.380000000000001, 'applicable_threshold': 8.0, 'distance_to_threshold': 0.6199999999999992, 'distance_to_threshold_pct': 7.74999999999999, 'formula': 'minimo: distance = threshold - actual; pct = distance / abs(threshold) * 100'}"
ARWR,Arrowhead Pharmaceuticals Inc,finviz_prefilter,eps_growth;eps_next_year;operating_margin,,price_min;market_cap_min;avg_volume_min;revenue_growth;eps_growth;eps_next_year;operating_margin;earnings_window,False,"{'revenue_growth_yoy': 171.01999999999998, 'eps_growth_yoy': -7.51, 'eps_next_year': -31.36, 'operating_margin': -33.82}",,Finviz via finvizfinance screener views,2026-09-18T23:30:30+02:00,2026-08-04,,45,NORMAL,
ASO,Academy Sports and Outdoors Inc,finviz_prefilter,revenue_growth;eps_growth;eps_next_year,,price_min;market_cap_min;avg_volume_min;revenue_growth;eps_growth;eps_next_year;operating_margin;earnings_window,False,"{'revenue_growth_yoy': 2.97, 'eps_growth_yoy': 17.1, 'eps_next_year': 5.29, 'operating_margin': 9.55}",,Finviz via finvizfinance screener views,2026-09-18T23:30:30+02:00,2026-09-09,,9,PEAD_WINDOW,
ASST,Strive Inc,finviz_prefilter,revenue_growth;eps_growth;operating_margin,,price_min;market_cap_min;avg_volume_min;revenue_growth;eps_growth;eps_next_year;operating_margin;earnings_window,False,"{'revenue_growth_yoy': -19.2, 'eps_growth_yoy': -10.31, 'eps_next_year': 123.47, 'operating_margin': -14415.58}",,Finviz via finvizfinance screener views,2026-09-18T23:30:30+02:00,2026-08-10,,39,NORMAL,
ASTS,AST SpaceMobile Inc,finviz_prefilter,eps_growth;operating_margin,,price_min;market_cap_min;avg_volume_min;revenue_growth;eps_growth;eps_next_year;operating_margin;earnings_window,False,"{'revenue_growth_yoy': 2626.64, 'eps_growth_yoy': -88.0, 'eps_next_year': 45.8, 'operating_margin': -410.26}",,Finviz via finvizfinance screener views,2026-09-18T23:30:30+02:00,2026-08-10,,39,NORMAL,
ATRC,Atricure Inc,finviz_prefilter,revenue_growth;operating_margin,,price_min;market_cap_min;avg_volume_min;revenue_growth;eps_growth;eps_next_year;operating_margin;earnings_window,False,"{'revenue_growth_yoy': 12.83, 'eps_growth_yoy': 241.25, 'eps_next_year': 291.48, 'operating_margin': 2.44}",,Finviz via finvizfinance screener views,2026-09-18T23:30:30+02:00,2026-07-23,,57,NORMAL,
AUPH,Aurinia Pharmaceuticals Inc,finviz_prefilter,revenue_growth,,price_min;market_cap_min;avg_volume_min;revenue_growth;eps_growth;eps_next_year;operating_margin;earnings_window,False,"{'revenue_growth_yoy': 18.87, 'eps_growth_yoy': 79.16, 'eps_next_year': 24.79, 'operating_margin': 45.15}",,Finviz via finvizfinance screener views,2026-09-18T23:30:30+02:00,2026-08-06,,43,NORMAL,"{'failed_gate': 'revenue_growth', 'actual_value': 18.87, 'applicable_threshold': 20.0, 'distance_to_threshold': 1.129999999999999, 'distance_to_threshold_pct': 5.649999999999995, 'formula': 'minimo: distance = threshold - actual; pct = distance / abs(threshold) * 100'}"
AVAV,AeroVironment Inc,finviz_prefilter,revenue_growth;operating_margin,,price_min;market_cap_min;avg_volume_min;revenue_growth;eps_growth;eps_next_year;operating_margin;earnings_window,False,"{'revenue_growth_yoy': 5.680000000000001, 'eps_growth_yoy': 92.92, 'eps_next_year': 38.05, 'operating_margin': 0.73}",,Finviz via finvizfinance screener views,2026-09-18T23:30:30+02:00,2026-09-09,,9,PEAD_WINDOW,
AVT,Avnet Inc,finviz_prefilter,eps_next_year;operating_margin,,price_min;market_cap_min;avg_volume_min;revenue_growth;eps_growth;eps_next_year;operating_margin;earnings_window,False,"{'revenue_growth_yoy': 47.660000000000004, 'eps_growth_yoy': 1987.43, 'eps_next_year': 11.61, 'operating_margin': 3.11}",,Finviz via finvizfinance screener views,2026-09-18T23:30:30+02:00,2026-08-05,,44,NORMAL,
AXGN,Axogen Inc,finviz_prefilter,eps_growth;operating_margin,,price_min;market_cap_min;avg_volume_min;revenue_growth;eps_growth;eps_next_year;operating_margin;earnings_window,False,"{'revenue_growth_yoy': 23.06, 'eps_growth_yoy': -334.71000000000004, 'eps_next_year': 53.62, 'operating_margin': -5.12}",,Finviz via finvizfinance screener views,2026-09-18T23:30:30+02:00,2026-07-29,,51,NORMAL,
AXON,Axon Enterprise Inc,finviz_prefilter,eps_growth;operating_margin,,price_min;market_cap_min;avg_volume_min;revenue_growth;eps_growth;eps_next_year;operating_margin;earnings_window,False,"{'revenue_growth_yoy': 35.28, 'eps_growth_yoy': -19.0, 'eps_next_year': 37.8, 'operating_margin': 1.15}",,Finviz via finvizfinance screener views,2026-09-18T23:30:30+02:00,2026-08-05,,44,NORMAL,
AXSM,Axsome Therapeutics Inc,finviz_prefilter,eps_growth;operating_margin,,price_min;market_cap_min;avg_volume_min;revenue_growth;eps_growth;eps_next_year;operating_margin;earnings_window,False,"{'revenue_growth_yoy': 45.540000000000006, 'eps_growth_yoy': -2.09, 'eps_next_year': 274.15, 'operating_margin': -23.549999999999997}",,Finviz via finvizfinance screener views,2026-09-18T23:30:30+02:00,2026-08-10,,39,NORMAL,
AXTI,AXT Inc,finviz_prefilter,operating_margin,,price_min;market_cap_min;avg_volume_min;revenue_growth;eps_growth;eps_next_year;operating_margin;earnings_window,False,"{'revenue_growth_yoy': 164.76999999999998, 'eps_growth_yoy': 208.25, 'eps_next_year': 158.88, 'operating_margin': 3.09}",,Finviz via finvizfinance screener views,2026-09-18T23:30:30+02:00,2026-07-30,,50,NORMAL,"{'failed_gate': 'operating_margin', 'actual_value': 3.09, 'applicable_threshold': 8.0, 'distance_to_threshold': 4.91, 'distance_to_threshold_pct': 61.375, 'formula': 'minimo: distance = threshold - actual; pct = distance / abs(threshold) * 100'}"
BBIO,BridgeBio Pharma Inc,finviz_prefilter,eps_growth;operating_margin,,price_min;market_cap_min;avg_volume_min;revenue_growth;eps_growth;eps_next_year;operating_margin;earnings_window,False,"{'revenue_growth_yoy': 120.39, 'eps_growth_yoy': 18.57, 'eps_next_year': 103.05, 'operating_margin': -67.01}",,Finviz via finvizfinance screener views,2026-09-18T23:30:30+02:00,2026-08-10,,39,NORMAL,
BEAM,Beam Therapeutics Inc,finviz_prefilter,revenue_growth;eps_growth;eps_next_year;operating_margin,,price_min;market_cap_min;avg_volume_min;revenue_growth;eps_growth;eps_next_year;operating_margin;earnings_window,False,"{'revenue_growth_yoy': -94.21000000000001, 'eps_growth_yoy': -17.25, 'eps_next_year': -7.96, 'operating_margin': -242.26999999999998}",,Finviz via finvizfinance screener views,2026-09-18T23:30:30+02:00,2026-08-04,,45,NORMAL,
BHF,Brighthouse Financial Inc,finviz_prefilter,eps_next_year,,price_min;market_cap_min;avg_volume_min;revenue_growth;eps_growth;eps_next_year;operating_margin;earnings_window,False,"{'revenue_growth_yoy': 86.22, 'eps_growth_yoy': 1490.47, 'eps_next_year': 8.58, 'operating_margin': 16.939999999999998}",,Finviz via finvizfinance screener views,2026-09-18T23:30:30+02:00,2026-08-05,,44,NORMAL,"{'failed_gate': 'eps_next_year', 'actual_value': 8.58, 'applicable_threshold': 15.0, 'distance_to_threshold': 6.42, 'distance_to_threshold_pct': 42.8, 'formula': 'minimo: distance = threshold - actual; pct = distance / abs(threshold) * 100'}"
BIIB,Biogen Inc,finviz_prefilter,revenue_growth;eps_growth,,price_min;market_cap_min;avg_volume_min;revenue_growth;eps_growth;eps_next_year;operating_margin;earnings_window,False,"{'revenue_growth_yoy': 2.3800000000000003, 'eps_growth_yoy': -84.85000000000001, 'eps_next_year': 33.29, 'operating_margin': 19.5}",,Finviz via finvizfinance screener views,2026-09-18T23:30:30+02:00,2026-07-29,,51,NORMAL,
BKNG,Booking Holdings Inc,finviz_prefilter,revenue_growth,,price_min;market_cap_min;avg_volume_min;revenue_growth;eps_growth;eps_next_year;operating_margin;earnings_window,False,"{'revenue_growth_yoy': 8.15, 'eps_growth_yoy': 130.75, 'eps_next_year': 18.43, 'operating_margin': 35.17}",,Finviz via finvizfinance screener views,2026-09-18T23:30:30+02:00,2026-08-04,,45,NORMAL,"{'failed_gate': 'revenue_growth', 'actual_value': 8.15, 'applicable_threshold': 20.0, 'distance_to_threshold': 11.85, 'distance_to_threshold_pct': 59.25, 'formula': 'minimo: distance = threshold - actual; pct = distance / abs(threshold) * 100'}"
BKR,Baker Hughes Co,finviz_prefilter,revenue_growth;eps_growth;eps_next_year,,price_min;market_cap_min;avg_volume_min;revenue_growth;eps_growth;eps_next_year;operating_margin;earnings_window,False,"{'revenue_growth_yoy': -2.4299999999999997, 'eps_growth_yoy': -3.44, 'eps_next_year': 14.31, 'operating_margin': 12.959999999999999}",,Finviz via finvizfinance screener views,2026-09-18T23:30:30+02:00,2026-07-26,,54,NORMAL,
BMRN,Biomarin Pharmaceutical Inc,finviz_prefilter,eps_growth,,price_min;market_cap_min;avg_volume_min;revenue_growth;eps_growth;eps_next_year;operating_margin;earnings_window,False,"{'revenue_growth_yoy': 20.41, 'eps_growth_yoy': -81.28, 'eps_next_year': 32.55, 'operating_margin': 18.5}",,Finviz via finvizfinance screener views,2026-09-18T23:30:30+02:00,2026-08-06,,43,NORMAL,"{'failed_gate': 'eps_growth', 'actual_value': -81.28, 'applicable_threshold': 30.0, 'distance_to_threshold': 111.28, 'distance_to_threshold_pct': 370.93333333333334, 'formula': 'minimo: distance = threshold - actual; pct = distance / abs(threshold) * 100'}"
BRKR,Bruker Corp,finviz_prefilter,revenue_growth;eps_growth;eps_next_year,,price_min;market_cap_min;avg_volume_min;revenue_growth;eps_growth;eps_next_year;operating_margin;earnings_window,False,"{'revenue_growth_yoy': 5.1499999999999995, 'eps_growth_yoy': -924.3499999999999, 'eps_next_year': 12.78, 'operating_margin': 8.540000000000001}",,Finviz via finvizfinance screener views,2026-09-18T23:30:30+02:00,2026-08-04,,45,NORMAL,
BRZE,Braze Inc,finviz_prefilter,operating_margin,,price_min;market_cap_min;avg_volume_min;revenue_growth;eps_growth;eps_next_year;operating_margin;earnings_window,False,"{'revenue_growth_yoy': 26.16, 'eps_growth_yoy': 35.11, 'eps_next_year': 52.03, 'operating_margin': -13.19}",,Finviz via finvizfinance screener views,2026-09-18T23:30:30+02:00,2026-09-08,,10,PEAD_WINDOW,"{'failed_gate': 'operating_margin', 'actual_value': -13.19, 'applicable_threshold': 8.0, 'distance_to_threshold': 21.189999999999998, 'distance_to_threshold_pct': 264.875, 'formula': 'minimo: distance = threshold - actual; pct = distance / abs(threshold) * 100'}"
BSY,Bentley Systems Inc,finviz_prefilter,revenue_growth;eps_growth;eps_next_year,,price_min;market_cap_min;avg_volume_min;revenue_growth;eps_growth;eps_next_year;operating_margin;earnings_window,False,"{'revenue_growth_yoy': 12.8, 'eps_growth_yoy': 14.85, 'eps_next_year': 12.17, 'operating_margin': 24.37}",,Finviz via finvizfinance screener views,2026-09-18T23:30:30+02:00,2026-08-06,,43,NORMAL,
BTSG,BrightSpring Health Services Inc,finviz_prefilter,operating_margin,,price_min;market_cap_min;avg_volume_min;revenue_growth;eps_growth;eps_next_year;operating_margin;earnings_window,False,"{'revenue_growth_yoy': 23.05, 'eps_growth_yoy': 201.76, 'eps_next_year': 26.86, 'operating_margin': 3.6799999999999997}",,Finviz via finvizfinance screener views,2026-09-18T23:30:30+02:00,2026-07-31,,49,NORMAL,"{'failed_gate': 'operating_margin', 'actual_value': 3.6799999999999997, 'applicable_threshold': 8.0, 'distance_to_threshold': 4.32, 'distance_to_threshold_pct': 54.0, 'formula': 'minimo: distance = threshold - actual; pct = distance / abs(threshold) * 100'}"
BUSE,First Busey Corp,finviz_prefilter,revenue_growth;eps_next_year,,price_min;market_cap_min;avg_volume_min;revenue_growth;eps_growth;eps_next_year;operating_margin;earnings_window,False,"{'revenue_growth_yoy': -6.94, 'eps_growth_yoy': 31.97, 'eps_next_year': 7.13, 'operating_margin': 27.32}",,Finviz via finvizfinance screener views,2026-09-18T23:30:30+02:00,2026-07-28,,52,NORMAL,
BWIN,Baldwin Insurance Group Inc,finviz_prefilter,eps_growth;operating_margin,,price_min;market_cap_min;avg_volume_min;revenue_growth;eps_growth;eps_next_year;operating_margin;earnings_window,False,"{'revenue_growth_yoy': 30.130000000000003, 'eps_growth_yoy': -804.09, 'eps_next_year': 23.21, 'operating_margin': -2.65}",,Finviz via finvizfinance screener views,2026-09-18T23:30:30+02:00,2026-07-30,,50,NORMAL,
CAKE,Cheesecake Factory Inc,finviz_prefilter,revenue_growth;eps_growth;eps_next_year;operating_margin,,price_min;market_cap_min;avg_volume_min;revenue_growth;eps_growth;eps_next_year;operating_margin;earnings_window,False,"{'revenue_growth_yoy': 7.720000000000001, 'eps_growth_yoy': 23.78, 'eps_next_year': 10.72, 'operating_margin': 6.98}",,Finviz via finvizfinance screener views,2026-09-18T23:30:30+02:00,2026-07-28,,52,NORMAL,
CALM,Cal-Maine Foods Inc,finviz_prefilter,revenue_growth;eps_growth,,price_min;market_cap_min;avg_volume_min;revenue_growth;eps_growth;eps_next_year;operating_margin;earnings_window,False,"{'revenue_growth_yoy': -49.93, 'eps_growth_yoy': -110.85000000000001, 'eps_next_year': 271.95, 'operating_margin': 11.790000000000001}",,Finviz via finvizfinance screener views,2026-09-18T23:30:30+02:00,2026-09-30,12,,NORMAL,
CARG,CarGurus Inc,finviz_prefilter,revenue_growth,,price_min;market_cap_min;avg_volume_min;revenue_growth;eps_growth;eps_next_year;operating_margin;earnings_window,False,"{'revenue_growth_yoy': 7.24, 'eps_growth_yoy': 142.2, 'eps_next_year': 15.2, 'operating_margin': 25.71}",,Finviz via finvizfinance screener views,2026-09-18T23:30:30+02:00,2026-08-06,,43,NORMAL,"{'failed_gate': 'revenue_growth', 'actual_value': 7.24, 'applicable_threshold': 20.0, 'distance_to_threshold': 12.76, 'distance_to_threshold_pct': 63.800000000000004, 'formula': 'minimo: distance = threshold - actual; pct = distance / abs(threshold) * 100'}"
CART,Maplebear Inc,finviz_prefilter,revenue_growth;eps_growth,,price_min;market_cap_min;avg_volume_min;revenue_growth;eps_growth;eps_next_year;operating_margin;earnings_window,False,"{'revenue_growth_yoy': 14.11, 'eps_growth_yoy': 8.12, 'eps_next_year': 26.88, 'operating_margin': 16.68}",,Finviz via finvizfinance screener views,2026-09-18T23:30:30+02:00,2026-08-06,,43,NORMAL,
CBC,Central Bancompany Inc,finviz_prefilter,revenue_growth;eps_growth;eps_next_year,,price_min;market_cap_min;avg_volume_min;revenue_growth;eps_growth;eps_next_year;operating_margin;earnings_window,False,"{'revenue_growth_yoy': 7.109999999999999, 'eps_growth_yoy': 14.59, 'eps_next_year': 6.3, 'operating_margin': 43.47}",,Finviz via finvizfinance screener views,2026-09-18T23:30:30+02:00,2026-08-04,,45,NORMAL,
CBRS,Cerebras Systems Inc,finviz_prefilter,eps_growth;operating_margin,,price_min;market_cap_min;avg_volume_min;revenue_growth;eps_growth;eps_next_year;operating_margin;earnings_window,False,"{'revenue_growth_yoy': 74.32, 'eps_growth_yoy': -237.27999999999997, 'eps_next_year': None, 'operating_margin': -81.17}",,Finviz via finvizfinance screener views,2026-09-18T23:30:30+02:00,2026-08-12,,37,NORMAL,
CBSH,Commerce Bancshares Inc,finviz_prefilter,revenue_growth;eps_growth;eps_next_year,,price_min;market_cap_min;avg_volume_min;revenue_growth;eps_growth;eps_next_year;operating_margin;earnings_window,False,"{'revenue_growth_yoy': 14.280000000000001, 'eps_growth_yoy': 1.17, 'eps_next_year': 7.85, 'operating_margin': 33.739999999999995}",,Finviz via finvizfinance screener views,2026-09-18T23:30:30+02:00,2026-07-16,,64,NORMAL,
CCEP,Coca-Cola Europacific Partners Plc,finviz_prefilter,revenue_growth;eps_next_year,,price_min;market_cap_min;avg_volume_min;revenue_growth;eps_growth;eps_next_year;operating_margin;earnings_window,False,"{'revenue_growth_yoy': 1.72, 'eps_growth_yoy': 307.05, 'eps_next_year': 9.21, 'operating_margin': 13.54}",,Finviz via finvizfinance screener views,2026-09-18T23:30:30+02:00,2026-08-04,,45,NORMAL,
CDNA,Caredx Inc,finviz_prefilter,eps_next_year;operating_margin,,price_min;market_cap_min;avg_volume_min;revenue_growth;eps_growth;eps_next_year;operating_margin;earnings_window,False,"{'revenue_growth_yoy': 52.23, 'eps_growth_yoy': 1412.42, 'eps_next_year': 10.31, 'operating_margin': -0.4}",,Finviz via finvizfinance screener views,2026-09-18T23:30:30+02:00,2026-07-30,,50,NORMAL,
CDW,CDW Corp,finviz_prefilter,revenue_growth;eps_growth;eps_next_year;operating_margin,,price_min;market_cap_min;avg_volume_min;revenue_growth;eps_growth;eps_next_year;operating_margin;earnings_window,False,"{'revenue_growth_yoy': 9.969999999999999, 'eps_growth_yoy': 5.1499999999999995, 'eps_next_year': 10.0, 'operating_margin': 7.17}",,Finviz via finvizfinance screener views,2026-09-18T23:30:30+02:00,2026-08-05,,44,NORMAL,
CECO,Ceco Environmental Corp,finviz_prefilter,eps_growth;operating_margin,,price_min;market_cap_min;avg_volume_min;revenue_growth;eps_growth;eps_next_year;operating_margin;earnings_window,False,"{'revenue_growth_yoy': 53.71, 'eps_growth_yoy': -408.65, 'eps_next_year': 34.08, 'operating_margin': 5.82}",,Finviz via finvizfinance screener views,2026-09-18T23:30:30+02:00,2026-08-10,,39,NORMAL,
CEG,Constellation Energy Corp,finviz_prefilter,eps_growth;eps_next_year,,price_min;market_cap_min;avg_volume_min;revenue_growth;eps_growth;eps_next_year;operating_margin;earnings_window,False,"{'revenue_growth_yoy': 38.56, 'eps_growth_yoy': -46.67, 'eps_next_year': 10.37, 'operating_margin': 14.93}",,Finviz via finvizfinance screener views,2026-09-18T23:30:30+02:00,2026-08-06,,43,NORMAL,
CELH,Celsius Holdings Inc,finviz_prefilter,revenue_growth;eps_growth,,price_min;market_cap_min;avg_volume_min;revenue_growth;eps_growth;eps_next_year;operating_margin;earnings_window,False,"{'revenue_growth_yoy': 10.639999999999999, 'eps_growth_yoy': -56.95, 'eps_next_year': 20.38, 'operating_margin': 19.2}",,Finviz via finvizfinance screener views,2026-09-18T23:30:30+02:00,2026-08-06,,43,NORMAL,
CENX,Century Aluminum Co,finviz_prefilter,revenue_growth;eps_next_year,,price_min;market_cap_min;avg_volume_min;revenue_growth;eps_growth;eps_next_year;operating_margin;earnings_window,False,"{'revenue_growth_yoy': 19.74, 'eps_growth_yoy': 4938.74, 'eps_next_year': 8.51, 'operating_margin': 14.87}",,Finviz via finvizfinance screener views,2026-09-18T23:30:30+02:00,2026-08-06,,43,NORMAL,
CG,Carlyle Group Inc,finviz_prefilter,revenue_growth;eps_growth,,price_min;market_cap_min;avg_volume_min;revenue_growth;eps_growth;eps_next_year;operating_margin;earnings_window,False,"{'revenue_growth_yoy': -43.91, 'eps_growth_yoy': -57.15, 'eps_next_year': 40.66, 'operating_margin': 14.38}",,Finviz via finvizfinance screener views,2026-09-18T23:30:30+02:00,2026-08-05,,44,NORMAL,
CGNX,Cognex Corp,finviz_prefilter,revenue_growth,,price_min;market_cap_min;avg_volume_min;revenue_growth;eps_growth;eps_next_year;operating_margin;earnings_window,False,"{'revenue_growth_yoy': 16.93, 'eps_growth_yoy': 78.11, 'eps_next_year': 19.38, 'operating_margin': 21.9}",,Finviz via finvizfinance screener views,2026-09-18T23:30:30+02:00,2026-08-05,,44,NORMAL,"{'failed_gate': 'revenue_growth', 'actual_value': 16.93, 'applicable_threshold': 20.0, 'distance_to_threshold': 3.0700000000000003, 'distance_to_threshold_pct': 15.350000000000003, 'formula': 'minimo: distance = threshold - actual; pct = distance / abs(threshold) * 100'}"
CGON,Cg Oncology Inc,finviz_prefilter,eps_next_year;operating_margin,revenue_growth;eps_growth,price_min;market_cap_min;avg_volume_min;eps_next_year;operating_margin;earnings_window,False,"{'revenue_growth_yoy': None, 'eps_growth_yoy': -64.91, 'eps_next_year': 5.64, 'operating_margin': -4056.18}",,Finviz via finvizfinance screener views,2026-09-18T23:30:30+02:00,2026-08-06,,43,NORMAL,
CHDN,Churchill Downs Inc,finviz_prefilter,revenue_growth;eps_growth;eps_next_year,,price_min;market_cap_min;avg_volume_min;revenue_growth;eps_growth;eps_next_year;operating_margin;earnings_window,False,"{'revenue_growth_yoy': 4.88, 'eps_growth_yoy': 14.499999999999998, 'eps_next_year': 6.69, 'operating_margin': 25.81}",,Finviz via finvizfinance screener views,2026-09-18T23:30:30+02:00,2026-07-29,,51,NORMAL,
CHKP,Check Point Software Technologies Ltd,finviz_prefilter,revenue_growth;eps_growth;eps_next_year,,price_min;market_cap_min;avg_volume_min;revenue_growth;eps_growth;eps_next_year;operating_margin;earnings_window,False,"{'revenue_growth_yoy': 1.26, 'eps_growth_yoy': 1.9300000000000002, 'eps_next_year': 8.03, 'operating_margin': 29.020000000000003}",,Finviz via finvizfinance screener views,2026-09-18T23:30:30+02:00,2026-07-30,,50,NORMAL,
CHRD,Chord Energy Corp,finviz_prefilter,eps_next_year,,price_min;market_cap_min;avg_volume_min;revenue_growth;eps_growth;eps_next_year;operating_margin;earnings_window,False,"{'revenue_growth_yoy': 84.04, 'eps_growth_yoy': 237.04999999999998, 'eps_next_year': -26.82, 'operating_margin': 18.93}",,Finviz via finvizfinance screener views,2026-09-18T23:30:30+02:00,2026-08-05,,44,NORMAL,"{'failed_gate': 'eps_next_year', 'actual_value': -26.82, 'applicable_threshold': 15.0, 'distance_to_threshold': 41.82, 'distance_to_threshold_pct': 278.79999999999995, 'formula': 'minimo: distance = threshold - actual; pct = distance / abs(threshold) * 100'}"
CHRW,C.H. Robinson Worldwide Inc,finviz_prefilter,revenue_growth;eps_growth;operating_margin,,price_min;market_cap_min;avg_volume_min;revenue_growth;eps_growth;eps_next_year;operating_margin;earnings_window,False,"{'revenue_growth_yoy': 19.28, 'eps_growth_yoy': 23.810000000000002, 'eps_next_year': 20.54, 'operating_margin': 4.91}",,Finviz via finvizfinance screener views,2026-09-18T23:30:30+02:00,2026-07-29,,51,NORMAL,
CHTR,Charter Communications Inc,finviz_prefilter,revenue_growth;eps_growth;eps_next_year,,price_min;market_cap_min;avg_volume_min;revenue_growth;eps_growth;eps_next_year;operating_margin;earnings_window,False,"{'revenue_growth_yoy': -1.7399999999999998, 'eps_growth_yoy': 16.04, 'eps_next_year': 8.03, 'operating_margin': 23.98}",,Finviz via finvizfinance screener views,2026-09-18T23:30:30+02:00,2026-07-24,,56,NORMAL,
CHYM,Chime Financial Inc,finviz_prefilter,revenue_growth;operating_margin,,price_min;market_cap_min;avg_volume_min;revenue_growth;eps_growth;eps_next_year;operating_margin;earnings_window,False,"{'revenue_growth_yoy': 10.61, 'eps_growth_yoy': 102.84, 'eps_next_year': 102.97, 'operating_margin': -0.83}",,Finviz via finvizfinance screener views,2026-09-18T23:30:30+02:00,2026-08-05,,44,NORMAL,
CIFR,Cipher Digital Inc,finviz_prefilter,revenue_growth;eps_growth;operating_margin,,price_min;market_cap_min;avg_volume_min;revenue_growth;eps_growth;eps_next_year;operating_margin;earnings_window,False,"{'revenue_growth_yoy': -42.99, 'eps_growth_yoy': -435.21999999999997, 'eps_next_year': 79.09, 'operating_margin': -112.79999999999998}",,Finviz via finvizfinance screener views,2026-09-18T23:30:30+02:00,2026-08-04,,45,NORMAL,
CLDX,Celldex Therapeutics Inc,finviz_prefilter,revenue_growth;eps_growth;eps_next_year;operating_margin,,price_min;market_cap_min;avg_volume_min;revenue_growth;eps_growth;eps_next_year;operating_margin;earnings_window,False,"{'revenue_growth_yoy': -96.99, 'eps_growth_yoy': -10.77, 'eps_next_year': -1.1, 'operating_margin': -206220.25}",,Finviz via finvizfinance screener views,2026-09-18T23:30:30+02:00,2026-08-06,,43,NORMAL,
CLMT,Calumet Inc,finviz_prefilter,operating_margin,,price_min;market_cap_min;avg_volume_min;revenue_growth;eps_growth;eps_next_year;operating_margin;earnings_window,False,"{'revenue_growth_yoy': 40.77, 'eps_growth_yoy': 35.75, 'eps_next_year': 198.28, 'operating_margin': 1.1900000000000002}",,Finviz via finvizfinance screener views,2026-09-18T23:30:30+02:00,2026-08-07,,42,NORMAL,"{'failed_gate': 'operating_margin', 'actual_value': 1.1900000000000002, 'applicable_threshold': 8.0, 'distance_to_threshold': 6.81, 'distance_to_threshold_pct': 85.125, 'formula': 'minimo: distance = threshold - actual; pct = distance / abs(threshold) * 100'}"
CMCSA,Comcast Corp,finviz_prefilter,revenue_growth;eps_growth;eps_next_year,,price_min;market_cap_min;avg_volume_min;revenue_growth;eps_growth;eps_next_year;operating_margin;earnings_window,False,"{'revenue_growth_yoy': -1.23, 'eps_growth_yoy': -66.9, 'eps_next_year': 2.51, 'operating_margin': 14.85}",,Finviz via finvizfinance screener views,2026-09-18T23:30:30+02:00,2026-07-23,,57,NORMAL,
CME,CME Group Inc,finviz_prefilter,revenue_growth;eps_growth;eps_next_year,,price_min;market_cap_min;avg_volume_min;revenue_growth;eps_growth;eps_next_year;operating_margin;earnings_window,False,"{'revenue_growth_yoy': 0.84, 'eps_growth_yoy': 2.6599999999999997, 'eps_next_year': 5.5, 'operating_margin': 65.10000000000001}",,Finviz via finvizfinance screener views,2026-09-18T23:30:30+02:00,2026-07-22,,58,NORMAL,
COCO,Vita Coco Company Inc,finviz_prefilter,eps_next_year,,price_min;market_cap_min;avg_volume_min;revenue_growth;eps_growth;eps_next_year;operating_margin;earnings_window,False,"{'revenue_growth_yoy': 28.08, 'eps_growth_yoy': 112.29, 'eps_next_year': 12.11, 'operating_margin': 19.1}",,Finviz via finvizfinance screener views,2026-09-18T23:30:30+02:00,2026-07-23,,57,NORMAL,"{'failed_gate': 'eps_next_year', 'actual_value': 12.11, 'applicable_threshold': 15.0, 'distance_to_threshold': 2.8900000000000006, 'distance_to_threshold_pct': 19.26666666666667, 'formula': 'minimo: distance = threshold - actual; pct = distance / abs(threshold) * 100'}"
COHU,Cohu Inc,finviz_prefilter,operating_margin,,price_min;market_cap_min;avg_volume_min;revenue_growth;eps_growth;eps_next_year;operating_margin;earnings_window,False,"{'revenue_growth_yoy': 38.37, 'eps_growth_yoy': 99.06, 'eps_next_year': 94.34, 'operating_margin': -6.38}",,Finviz via finvizfinance screener views,2026-09-18T23:30:30+02:00,2026-07-30,,50,NORMAL,"{'failed_gate': 'operating_margin', 'actual_value': -6.38, 'applicable_threshold': 8.0, 'distance_to_threshold': 14.379999999999999, 'distance_to_threshold_pct': 179.75, 'formula': 'minimo: distance = threshold - actual; pct = distance / abs(threshold) * 100'}"
COIN,Coinbase Global Inc,finviz_prefilter,revenue_growth;eps_growth;operating_margin,,price_min;market_cap_min;avg_volume_min;revenue_growth;eps_growth;eps_next_year;operating_margin;earnings_window,False,"{'revenue_growth_yoy': -61.1, 'eps_growth_yoy': -126.57000000000001, 'eps_next_year': 182.37, 'operating_margin': -37.56}",,Finviz via finvizfinance screener views,2026-09-18T23:30:30+02:00,2026-07-30,,50,NORMAL,
COLB,Columbia Banking System Inc,finviz_prefilter,eps_growth;eps_next_year,,price_min;market_cap_min;avg_volume_min;revenue_growth;eps_growth;eps_next_year;operating_margin;earnings_window,False,"{'revenue_growth_yoy': 21.959999999999997, 'eps_growth_yoy': 0.03, 'eps_next_year': 8.4, 'operating_margin': 30.620000000000005}",,Finviz via finvizfinance screener views,2026-09-18T23:30:30+02:00,2026-07-23,,57,NORMAL,
COO,Cooper Companies Inc,finviz_prefilter,revenue_growth;eps_next_year,,price_min;market_cap_min;avg_volume_min;revenue_growth;eps_growth;eps_next_year;operating_margin;earnings_window,False,"{'revenue_growth_yoy': 0.5599999999999999, 'eps_growth_yoy': 355.3, 'eps_next_year': 3.6, 'operating_margin': 19.259999999999998}",,Finviz via finvizfinance screener views,2026-09-18T23:30:30+02:00,2026-09-09,,9,PEAD_WINDOW,
CORT,Corcept Therapeutics Inc,finviz_prefilter,eps_growth;operating_margin,,price_min;market_cap_min;avg_volume_min;revenue_growth;eps_growth;eps_next_year;operating_margin;earnings_window,False,"{'revenue_growth_yoy': 31.740000000000002, 'eps_growth_yoy': 23.91, 'eps_next_year': 108.23, 'operating_margin': 0.77}",,Finviz via finvizfinance screener views,2026-09-18T23:30:30+02:00,2026-07-29,,51,NORMAL,
CORZ,Core Scientific Inc,finviz_prefilter,eps_growth;operating_margin,,price_min;market_cap_min;avg_volume_min;revenue_growth;eps_growth;eps_next_year;operating_margin;earnings_window,False,"{'revenue_growth_yoy': 108.83, 'eps_growth_yoy': -7868.82, 'eps_next_year': 106.06, 'operating_margin': -30.620000000000005}",,Finviz via finvizfinance screener views,2026-09-18T23:30:30+02:00,2026-07-28,,52,NORMAL,
COST,Costco Wholesale Corp,finviz_prefilter,revenue_growth;eps_growth;eps_next_year;operating_margin;earnings_window,,price_min;market_cap_min;avg_volume_min;revenue_growth;eps_growth;eps_next_year;operating_margin;earnings_window,False,"{'revenue_growth_yoy': 11.58, 'eps_growth_yoy': 15.27, 'eps_next_year': 10.5, 'operating_margin': 3.82}",,Finviz via finvizfinance screener views,2026-09-18T23:30:30+02:00,2026-09-24,6,,PRE_EARNINGS_BLACKOUT,
CPB,Campbells Co,finviz_prefilter,revenue_growth;eps_growth;eps_next_year,,price_min;market_cap_min;avg_volume_min;revenue_growth;eps_growth;eps_next_year;operating_margin;earnings_window,False,"{'revenue_growth_yoy': -7.93, 'eps_growth_yoy': -146.8, 'eps_next_year': 6.86, 'operating_margin': 9.56}",,Finviz via finvizfinance screener views,2026-09-18T23:30:30+02:00,2026-09-03,,15,PEAD_WINDOW,
CPRT,Copart Inc,finviz_prefilter,revenue_growth;eps_growth;eps_next_year,,price_min;market_cap_min;avg_volume_min;revenue_growth;eps_growth;eps_next_year;operating_margin;earnings_window,False,"{'revenue_growth_yoy': 2.4299999999999997, 'eps_growth_yoy': -13.34, 'eps_next_year': 8.68, 'operating_margin': 35.42}",,Finviz via finvizfinance screener views,2026-09-18T23:30:30+02:00,2026-09-10,,8,PEAD_WINDOW,
CROX,Crocs Inc,finviz_prefilter,revenue_growth;eps_next_year,,price_min;market_cap_min;avg_volume_min;revenue_growth;eps_growth;eps_next_year;operating_margin;earnings_window,False,"{'revenue_growth_yoy': 2.62, 'eps_growth_yoy': 146.78, 'eps_next_year': 7.14, 'operating_margin': 20.810000000000002}",,Finviz via finvizfinance screener views,2026-09-18T23:30:30+02:00,2026-07-30,,50,NORMAL,
CRSP,CRISPR Therapeutics AG,finviz_prefilter,operating_margin,,price_min;market_cap_min;avg_volume_min;revenue_growth;eps_growth;eps_next_year;operating_margin;earnings_window,False,"{'revenue_growth_yoy': 1041.3700000000001, 'eps_growth_yoy': 60.57, 'eps_next_year': 25.73, 'operating_margin': -3971.5299999999997}",,Finviz via finvizfinance screener views,2026-09-18T23:30:30+02:00,2026-08-03,,46,NORMAL,"{'failed_gate': 'operating_margin', 'actual_value': -3971.5299999999997, 'applicable_threshold': 8.0, 'distance_to_threshold': 3979.5299999999997, 'distance_to_threshold_pct': 49744.125, 'formula': 'minimo: distance = threshold - actual; pct = distance / abs(threshold) * 100'}"
CRUS,Cirrus Logic Inc,finviz_prefilter,revenue_growth;eps_growth;eps_next_year,,price_min;market_cap_min;avg_volume_min;revenue_growth;eps_growth;eps_next_year;operating_margin;earnings_window,False,"{'revenue_growth_yoy': 12.879999999999999, 'eps_growth_yoy': 28.939999999999998, 'eps_next_year': 5.56, 'operating_margin': 23.05}",,Finviz via finvizfinance screener views,2026-09-18T23:30:30+02:00,2026-08-05,,44,NORMAL,
CRWD,Crowdstrike Holdings Inc,finviz_prefilter,operating_margin,,price_min;market_cap_min;avg_volume_min;revenue_growth;eps_growth;eps_next_year;operating_margin;earnings_window,False,"{'revenue_growth_yoy': 25.83, 'eps_growth_yoy': 106.56000000000002, 'eps_next_year': 27.49, 'operating_margin': -1.23}",,Finviz via finvizfinance screener views,2026-09-18T23:30:30+02:00,2026-08-26,,23,NORMAL,"{'failed_gate': 'operating_margin', 'actual_value': -1.23, 'applicable_threshold': 8.0, 'distance_to_threshold': 9.23, 'distance_to_threshold_pct': 115.375, 'formula': 'minimo: distance = threshold - actual; pct = distance / abs(threshold) * 100'}"
CRWV,CoreWeave Inc,finviz_prefilter,eps_growth;operating_margin,,price_min;market_cap_min;avg_volume_min;revenue_growth;eps_growth;eps_next_year;operating_margin;earnings_window,False,"{'revenue_growth_yoy': 112.32, 'eps_growth_yoy': -79.2, 'eps_next_year': 50.76, 'operating_margin': -3.0300000000000002}",,Finviz via finvizfinance screener views,2026-09-18T23:30:30+02:00,2026-08-11,,38,NORMAL,
CSCO,Cisco Systems Inc,finviz_prefilter,revenue_growth;eps_next_year,,price_min;market_cap_min;avg_volume_min;revenue_growth;eps_growth;eps_next_year;operating_margin;earnings_window,False,"{'revenue_growth_yoy': 17.580000000000002, 'eps_growth_yoy': 36.96, 'eps_next_year': 9.21, 'operating_margin': 25.16}",,Finviz via finvizfinance screener views,2026-09-18T23:30:30+02:00,2026-08-12,,37,NORMAL,
CSGP,Costar Group Inc,finviz_prefilter,revenue_growth;operating_margin,,price_min;market_cap_min;avg_volume_min;revenue_growth;eps_growth;eps_next_year;operating_margin;earnings_window,False,"{'revenue_growth_yoy': 18.39, 'eps_growth_yoy': 831.5099999999999, 'eps_next_year': 25.61, 'operating_margin': 2.4299999999999997}",,Finviz via finvizfinance screener views,2026-09-18T23:30:30+02:00,2026-07-28,,52,NORMAL,
CSX,CSX Corp,finviz_prefilter,revenue_growth;eps_growth;eps_next_year,,price_min;market_cap_min;avg_volume_min;revenue_growth;eps_growth;eps_next_year;operating_margin;earnings_window,False,"{'revenue_growth_yoy': 10.100000000000001, 'eps_growth_yoy': 21.78, 'eps_next_year': 13.34, 'operating_margin': 35.27}",,Finviz via finvizfinance screener views,2026-09-18T23:30:30+02:00,2026-07-22,,58,NORMAL,
CTAS,Cintas Corp,finviz_prefilter,revenue_growth;eps_growth;eps_next_year;earnings_window,,price_min;market_cap_min;avg_volume_min;revenue_growth;eps_growth;eps_next_year;operating_margin;earnings_window,False,"{'revenue_growth_yoy': 8.9, 'eps_growth_yoy': 15.559999999999999, 'eps_next_year': 11.44, 'operating_margin': 23.26}",,Finviz via finvizfinance screener views,2026-09-18T23:30:30+02:00,2026-09-23,5,,PRE_EARNINGS_BLACKOUT,
CTSH,Cognizant Technology Solutions Corp,finviz_prefilter,revenue_growth;eps_growth;eps_next_year,,price_min;market_cap_min;avg_volume_min;revenue_growth;eps_growth;eps_next_year;operating_margin;earnings_window,False,"{'revenue_growth_yoy': 4.5, 'eps_growth_yoy': 4.1000000000000005, 'eps_next_year': 9.76, 'operating_margin': 16.11}",,Finviz via finvizfinance screener views,2026-09-18T23:30:30+02:00,2026-07-29,,51,NORMAL,
CVBF,CVB Financial Corp,finviz_prefilter,eps_growth,,price_min;market_cap_min;avg_volume_min;revenue_growth;eps_growth;eps_next_year;operating_margin;earnings_window,False,"{'revenue_growth_yoy': 37.86, 'eps_growth_yoy': -21.58, 'eps_next_year': 31.93, 'operating_margin': 43.64}",,Finviz via finvizfinance screener views,2026-09-18T23:30:30+02:00,2026-07-22,,58,NORMAL,"{'failed_gate': 'eps_growth', 'actual_value': -21.58, 'applicable_threshold': 30.0, 'distance_to_threshold': 51.58, 'distance_to_threshold_pct': 171.93333333333334, 'formula': 'minimo: distance = threshold - actual; pct = distance / abs(threshold) * 100'}"
CYTK,Cytokinetics Inc,finviz_prefilter,revenue_growth;eps_growth;operating_margin,,price_min;market_cap_min;avg_volume_min;revenue_growth;eps_growth;eps_next_year;operating_margin;earnings_window,False,"{'revenue_growth_yoy': -57.13, 'eps_growth_yoy': -33.78, 'eps_next_year': 26.06, 'operating_margin': -1046.12}",,Finviz via finvizfinance screener views,2026-09-18T23:30:30+02:00,2026-08-06,,43,NORMAL,
CZR,Caesars Entertainment Inc,finviz_prefilter,revenue_growth;eps_growth,,price_min;market_cap_min;avg_volume_min;revenue_growth;eps_growth;eps_next_year;operating_margin;earnings_window,False,"{'revenue_growth_yoy': 2.96, 'eps_growth_yoy': 22.53, 'eps_next_year': 125.24, 'operating_margin': 17.69}",,Finviz via finvizfinance screener views,2026-09-18T23:30:30+02:00,2026-07-28,,52,NORMAL,
DASH,DoorDash Inc,finviz_prefilter,eps_growth;operating_margin,,price_min;market_cap_min;avg_volume_min;revenue_growth;eps_growth;eps_next_year;operating_margin;earnings_window,False,"{'revenue_growth_yoy': 35.63, 'eps_growth_yoy': -29.98, 'eps_next_year': 79.73, 'operating_margin': 5.46}",,Finviz via finvizfinance screener views,2026-09-18T23:30:30+02:00,2026-08-05,,44,NORMAL,
DBX,Dropbox Inc,finviz_prefilter,revenue_growth;eps_growth;eps_next_year,,price_min;market_cap_min;avg_volume_min;revenue_growth;eps_growth;eps_next_year;operating_margin;earnings_window,False,"{'revenue_growth_yoy': 0.9299999999999999, 'eps_growth_yoy': -6.94, 'eps_next_year': 8.34, 'operating_margin': 26.5}",,Finviz via finvizfinance screener views,2026-09-18T23:30:30+02:00,2026-08-06,,43,NORMAL,
DDOG,Datadog Inc,finviz_prefilter,operating_margin,,price_min;market_cap_min;avg_volume_min;revenue_growth;eps_growth;eps_next_year;operating_margin;earnings_window,False,"{'revenue_growth_yoy': 35.64, 'eps_growth_yoy': 1551.3500000000001, 'eps_next_year': 16.96, 'operating_margin': 0.48}",,Finviz via finvizfinance screener views,2026-09-18T23:30:30+02:00,2026-08-06,,43,NORMAL,"{'failed_gate': 'operating_margin', 'actual_value': 0.48, 'applicable_threshold': 8.0, 'distance_to_threshold': 7.52, 'distance_to_threshold_pct': 94.0, 'formula': 'minimo: distance = threshold - actual; pct = distance / abs(threshold) * 100'}"
DKNG,DraftKings Inc,finviz_prefilter,revenue_growth;eps_growth;operating_margin,,price_min;market_cap_min;avg_volume_min;revenue_growth;eps_growth;eps_next_year;operating_margin;earnings_window,False,"{'revenue_growth_yoy': -4.58, 'eps_growth_yoy': -145.99, 'eps_next_year': 633.3, 'operating_margin': -2.83}",,Finviz via finvizfinance screener views,2026-09-18T23:30:30+02:00,2026-08-06,,43,NORMAL,
DLTR,Dollar Tree Inc,finviz_prefilter,revenue_growth;eps_next_year,,price_min;market_cap_min;avg_volume_min;revenue_growth;eps_growth;eps_next_year;operating_margin;earnings_window,False,"{'revenue_growth_yoy': 7.02, 'eps_growth_yoy': 197.28, 'eps_next_year': 0.33, 'operating_margin': 10.54}",,Finviz via finvizfinance screener views,2026-09-18T23:30:30+02:00,2026-08-27,,22,NORMAL,
DNLI,Denali Therapeutics Inc,finviz_prefilter,eps_next_year;operating_margin,revenue_growth;eps_growth,price_min;market_cap_min;avg_volume_min;eps_next_year;operating_margin;earnings_window,False,"{'revenue_growth_yoy': None, 'eps_growth_yoy': 5.93, 'eps_next_year': -2.4, 'operating_margin': -15058.189999999999}",,Finviz via finvizfinance screener views,2026-09-18T23:30:30+02:00,2026-08-06,,43,NORMAL,
DNTH,Dianthus Therapeutics Inc,finviz_prefilter,eps_growth;eps_next_year;operating_margin,,price_min;market_cap_min;avg_volume_min;revenue_growth;eps_growth;eps_next_year;operating_margin;earnings_window,False,"{'revenue_growth_yoy': 294.3, 'eps_growth_yoy': -1.51, 'eps_next_year': -20.63, 'operating_margin': -11441.39}",,Finviz via finvizfinance screener views,2026-09-18T23:30:30+02:00,2026-08-04,,45,NORMAL,
DOCU,DocuSign Inc,finviz_prefilter,revenue_growth;eps_next_year,,price_min;market_cap_min;avg_volume_min;revenue_growth;eps_growth;eps_next_year;operating_margin;earnings_window,False,"{'revenue_growth_yoy': 9.379999999999999, 'eps_growth_yoy': 34.81, 'eps_next_year': 12.8, 'operating_margin': 11.959999999999999}",,Finviz via finvizfinance screener views,2026-09-18T23:30:30+02:00,2026-09-03,,15,PEAD_WINDOW,
DOX,Amdocs Ltd,finviz_prefilter,revenue_growth;eps_growth;eps_next_year,,price_min;market_cap_min;avg_volume_min;revenue_growth;eps_growth;eps_next_year;operating_margin;earnings_window,False,"{'revenue_growth_yoy': 2.63, 'eps_growth_yoy': -57.53, 'eps_next_year': 8.06, 'operating_margin': 16.86}",,Finviz via finvizfinance screener views,2026-09-18T23:30:30+02:00,2026-08-05,,44,NORMAL,
DPZ,Dominos Pizza Inc,finviz_prefilter,revenue_growth;eps_growth;eps_next_year,,price_min;market_cap_min;avg_volume_min;revenue_growth;eps_growth;eps_next_year;operating_margin;earnings_window,False,"{'revenue_growth_yoy': 4.3, 'eps_growth_yoy': 6.92, 'eps_next_year': 9.61, 'operating_margin': 19.3}",,Finviz via finvizfinance screener views,2026-09-18T23:30:30+02:00,2026-07-20,,60,NORMAL,
DRS,Leonardo DRS Inc,finviz_prefilter,revenue_growth;eps_next_year,,price_min;market_cap_min;avg_volume_min;revenue_growth;eps_growth;eps_next_year;operating_margin;earnings_window,False,"{'revenue_growth_yoy': 10.13, 'eps_growth_yoy': 59.34, 'eps_next_year': 5.87, 'operating_margin': 10.56}",,Finviz via finvizfinance screener views,2026-09-18T23:30:30+02:00,2026-07-30,,50,NORMAL,
DUOL,Duolingo Inc,finviz_prefilter,revenue_growth;eps_growth,,price_min;market_cap_min;avg_volume_min;revenue_growth;eps_growth;eps_next_year;operating_margin;earnings_window,False,"{'revenue_growth_yoy': 18.310000000000002, 'eps_growth_yoy': -27.49, 'eps_next_year': 22.02, 'operating_margin': 14.21}",,Finviz via finvizfinance screener views,2026-09-18T23:30:30+02:00,2026-08-05,,44,NORMAL,
DXCM,Dexcom Inc,finviz_prefilter,revenue_growth,,price_min;market_cap_min;avg_volume_min;revenue_growth;eps_growth;eps_next_year;operating_margin;earnings_window,False,"{'revenue_growth_yoy': 13.08, 'eps_growth_yoy': 43.63, 'eps_next_year': 16.97, 'operating_margin': 22.919999999999998}",,Finviz via finvizfinance screener views,2026-09-18T23:30:30+02:00,2026-07-30,,50,NORMAL,"{'failed_gate': 'revenue_growth', 'actual_value': 13.08, 'applicable_threshold': 20.0, 'distance_to_threshold': 6.92, 'distance_to_threshold_pct': 34.599999999999994, 'formula': 'minimo: distance = threshold - actual; pct = distance / abs(threshold) * 100'}"
EBAY,EBay Inc,finviz_prefilter,revenue_growth;eps_next_year,,price_min;market_cap_min;avg_volume_min;revenue_growth;eps_growth;eps_next_year;operating_margin;earnings_window,False,"{'revenue_growth_yoy': 14.37, 'eps_growth_yoy': 54.379999999999995, 'eps_next_year': 9.67, 'operating_margin': 21.44}",,Finviz via finvizfinance screener views,2026-09-18T23:30:30+02:00,2026-08-05,,44,NORMAL,
EBC,Eastern Bankshares Inc,finviz_prefilter,eps_growth;eps_next_year,,price_min;market_cap_min;avg_volume_min;revenue_growth;eps_growth;eps_next_year;operating_margin;earnings_window,False,"{'revenue_growth_yoy': 26.36, 'eps_growth_yoy': -4.73, 'eps_next_year': 13.81, 'operating_margin': 26.919999999999998}",,Finviz via finvizfinance screener views,2026-09-18T23:30:30+02:00,2026-07-23,,57,NORMAL,
ECHO,EchoStar Corp,finviz_prefilter,revenue_growth;eps_next_year;operating_margin,,price_min;market_cap_min;avg_volume_min;revenue_growth;eps_growth;eps_next_year;operating_margin;earnings_window,False,"{'revenue_growth_yoy': -3.9899999999999998, 'eps_growth_yoy': 2364.9, 'eps_next_year': -88.23, 'operating_margin': 7.1499999999999995}",,Finviz via finvizfinance screener views,2026-09-18T23:30:30+02:00,2026-08-03,,46,NORMAL,
ENPH,Enphase Energy Inc,finviz_prefilter,revenue_growth;eps_growth;eps_next_year,,price_min;market_cap_min;avg_volume_min;revenue_growth;eps_growth;eps_next_year;operating_margin;earnings_window,False,"{'revenue_growth_yoy': -19.63, 'eps_growth_yoy': -2.55, 'eps_next_year': 13.0, 'operating_margin': 25.629999999999995}",,Finviz via finvizfinance screener views,2026-09-18T23:30:30+02:00,2026-07-28,,52,NORMAL,
ENTG,Entegris Inc,finviz_prefilter,revenue_growth,,price_min;market_cap_min;avg_volume_min;revenue_growth;eps_growth;eps_next_year;operating_margin;earnings_window,False,"{'revenue_growth_yoy': 11.459999999999999, 'eps_growth_yoy': 75.32, 'eps_next_year': 29.19, 'operating_margin': 17.09}",,Finviz via finvizfinance screener views,2026-09-18T23:30:30+02:00,2026-08-04,,45,NORMAL,"{'failed_gate': 'revenue_growth', 'actual_value': 11.459999999999999, 'applicable_threshold': 20.0, 'distance_to_threshold': 8.540000000000001, 'distance_to_threshold_pct': 42.7, 'formula': 'minimo: distance = threshold - actual; pct = distance / abs(threshold) * 100'}"
EQPT,Equipmentshare.Com Inc,finviz_prefilter,eps_growth;operating_margin,,price_min;market_cap_min;avg_volume_min;revenue_growth;eps_growth;eps_next_year;operating_margin;earnings_window,False,"{'revenue_growth_yoy': 26.33, 'eps_growth_yoy': 29.24, 'eps_next_year': 59.61, 'operating_margin': 6.84}",,Finviz via finvizfinance screener views,2026-09-18T23:30:30+02:00,2026-08-12,,37,NORMAL,
ETOR,Etoro Group Ltd,finviz_prefilter,revenue_growth,,price_min;market_cap_min;avg_volume_min;revenue_growth;eps_growth;eps_next_year;operating_margin;earnings_window,False,"{'revenue_growth_yoy': 10.299999999999999, 'eps_growth_yoy': 87.37, 'eps_next_year': 20.71, 'operating_margin': 31.96}",,Finviz via finvizfinance screener views,2026-09-18T23:30:30+02:00,2026-08-11,,38,NORMAL,"{'failed_gate': 'revenue_growth', 'actual_value': 10.299999999999999, 'applicable_threshold': 20.0, 'distance_to_threshold': 9.700000000000001, 'distance_to_threshold_pct': 48.50000000000001, 'formula': 'minimo: distance = threshold - actual; pct = distance / abs(threshold) * 100'}"
EVRG,Evergy Inc,finviz_prefilter,revenue_growth;eps_growth;eps_next_year,,price_min;market_cap_min;avg_volume_min;revenue_growth;eps_growth;eps_next_year;operating_margin;earnings_window,False,"{'revenue_growth_yoy': 4.84, 'eps_growth_yoy': 23.5, 'eps_next_year': 7.16, 'operating_margin': 25.55}",,Finviz via finvizfinance screener views,2026-09-18T23:30:30+02:00,2026-08-06,,43,NORMAL,
EWBC,East West Bancorp Inc,finviz_prefilter,revenue_growth;eps_growth;eps_next_year,,price_min;market_cap_min;avg_volume_min;revenue_growth;eps_growth;eps_next_year;operating_margin;earnings_window,False,"{'revenue_growth_yoy': 4.15, 'eps_growth_yoy': 17.64, 'eps_next_year': 6.73, 'operating_margin': 39.68}",,Finviz via finvizfinance screener views,2026-09-18T23:30:30+02:00,2026-07-21,,59,NORMAL,
EXC,Exelon Corp,finviz_prefilter,revenue_growth;eps_growth;eps_next_year,,price_min;market_cap_min;avg_volume_min;revenue_growth;eps_growth;eps_next_year;operating_margin;earnings_window,False,"{'revenue_growth_yoy': 9.950000000000001, 'eps_growth_yoy': -0.31, 'eps_next_year': 6.32, 'operating_margin': 20.79}",,Finviz via finvizfinance screener views,2026-09-18T23:30:30+02:00,2026-07-30,,50,NORMAL,
EXE,Expand Energy Corp,finviz_prefilter,revenue_growth;eps_growth;eps_next_year,,price_min;market_cap_min;avg_volume_min;revenue_growth;eps_growth;eps_next_year;operating_margin;earnings_window,False,"{'revenue_growth_yoy': -10.61, 'eps_growth_yoy': -45.58, 'eps_next_year': -0.37, 'operating_margin': 21.529999999999998}",,Finviz via finvizfinance screener views,2026-09-18T23:30:30+02:00,2026-07-28,,52,NORMAL,
EXEL,Exelixis Inc,finviz_prefilter,revenue_growth;eps_growth,,price_min;market_cap_min;avg_volume_min;revenue_growth;eps_growth;eps_next_year;operating_margin;earnings_window,False,"{'revenue_growth_yoy': 10.63, 'eps_growth_yoy': 25.629999999999995, 'eps_next_year': 18.04, 'operating_margin': 40.72}",,Finviz via finvizfinance screener views,2026-09-18T23:30:30+02:00,2026-08-05,,44,NORMAL,
EXLS,ExlService Holdings Inc,finviz_prefilter,revenue_growth;eps_growth;eps_next_year,,price_min;market_cap_min;avg_volume_min;revenue_growth;eps_growth;eps_next_year;operating_margin;earnings_window,False,"{'revenue_growth_yoy': 15.61, 'eps_growth_yoy': 4.92, 'eps_next_year': 13.5, 'operating_margin': 14.42}",,Finviz via finvizfinance screener views,2026-09-18T23:30:30+02:00,2026-07-28,,52,NORMAL,
EXPE,Expedia Group Inc,finviz_prefilter,revenue_growth,,price_min;market_cap_min;avg_volume_min;revenue_growth;eps_growth;eps_next_year;operating_margin;earnings_window,False,"{'revenue_growth_yoy': 13.969999999999999, 'eps_growth_yoy': 188.32999999999998, 'eps_next_year': 17.26, 'operating_margin': 16.64}",,Finviz via finvizfinance screener views,2026-09-18T23:30:30+02:00,2026-08-05,,44,NORMAL,"{'failed_gate': 'revenue_growth', 'actual_value': 13.969999999999999, 'applicable_threshold': 20.0, 'distance_to_threshold': 6.030000000000001, 'distance_to_threshold_pct': 30.150000000000006, 'formula': 'minimo: distance = threshold - actual; pct = distance / abs(threshold) * 100'}"
EXTR,Extreme Networks Inc,finviz_prefilter,revenue_growth;operating_margin,,price_min;market_cap_min;avg_volume_min;revenue_growth;eps_growth;eps_next_year;operating_margin;earnings_window,False,"{'revenue_growth_yoy': 10.280000000000001, 'eps_growth_yoy': 329.59000000000003, 'eps_next_year': 16.49, 'operating_margin': 5.050000000000001}",,Finviz via finvizfinance screener views,2026-09-18T23:30:30+02:00,2026-08-05,,44,NORMAL,
FA,First Advantage Corp,finviz_prefilter,revenue_growth,,price_min;market_cap_min;avg_volume_min;revenue_growth;eps_growth;eps_next_year;operating_margin;earnings_window,False,"{'revenue_growth_yoy': 14.879999999999999, 'eps_growth_yoy': 5322.22, 'eps_next_year': 17.97, 'operating_margin': 10.89}",,Finviz via finvizfinance screener views,2026-09-18T23:30:30+02:00,2026-08-06,,43,NORMAL,"{'failed_gate': 'revenue_growth', 'actual_value': 14.879999999999999, 'applicable_threshold': 20.0, 'distance_to_threshold': 5.120000000000001, 'distance_to_threshold_pct': 25.600000000000005, 'formula': 'minimo: distance = threshold - actual; pct = distance / abs(threshold) * 100'}"
FANG,Diamondback Energy Inc,finviz_prefilter,eps_next_year,,price_min;market_cap_min;avg_volume_min;revenue_growth;eps_growth;eps_next_year;operating_margin;earnings_window,False,"{'revenue_growth_yoy': 51.22, 'eps_growth_yoy': 179.68, 'eps_next_year': -10.52, 'operating_margin': 35.05}",,Finviz via finvizfinance screener views,2026-09-18T23:30:30+02:00,2026-08-03,,46,NORMAL,"{'failed_gate': 'eps_next_year', 'actual_value': -10.52, 'applicable_threshold': 15.0, 'distance_to_threshold': 25.52, 'distance_to_threshold_pct': 170.13333333333333, 'formula': 'minimo: distance = threshold - actual; pct = distance / abs(threshold) * 100'}"
FAST,Fastenal Co,finviz_prefilter,revenue_growth;eps_growth;eps_next_year,,price_min;market_cap_min;avg_volume_min;revenue_growth;eps_growth;eps_next_year;operating_margin;earnings_window,False,"{'revenue_growth_yoy': 14.74, 'eps_growth_yoy': 15.879999999999999, 'eps_next_year': 10.87, 'operating_margin': 20.29}",,Finviz via finvizfinance screener views,2026-09-18T23:30:30+02:00,2026-07-14,,66,NORMAL,
FER,Ferrovial N. V,finviz_prefilter,revenue_growth,,price_min;market_cap_min;avg_volume_min;revenue_growth;eps_growth;eps_next_year;operating_margin;earnings_window,False,"{'revenue_growth_yoy': 6.64, 'eps_growth_yoy': 953.2400000000001, 'eps_next_year': 18.85, 'operating_margin': 10.42}",,Finviz via finvizfinance screener views,2026-09-18T23:30:30+02:00,2026-07-28,,52,NORMAL,"{'failed_gate': 'revenue_growth', 'actual_value': 6.64, 'applicable_threshold': 20.0, 'distance_to_threshold': 13.36, 'distance_to_threshold_pct': 66.8, 'formula': 'minimo: distance = threshold - actual; pct = distance / abs(threshold) * 100'}"
FFBC,First Financial Bancorp,finviz_prefilter,revenue_growth;eps_growth;eps_next_year,,price_min;market_cap_min;avg_volume_min;revenue_growth;eps_growth;eps_next_year;operating_margin;earnings_window,False,"{'revenue_growth_yoy': 12.98, 'eps_growth_yoy': -0.33999999999999997, 'eps_next_year': 11.57, 'operating_margin': 26.06}",,Finviz via finvizfinance screener views,2026-09-18T23:30:30+02:00,2026-07-21,,59,NORMAL,
FFIN,First Financial Bankshares Inc,finviz_prefilter,revenue_growth;eps_growth;eps_next_year,,price_min;market_cap_min;avg_volume_min;revenue_growth;eps_growth;eps_next_year;operating_margin;earnings_window,False,"{'revenue_growth_yoy': 8.43, 'eps_growth_yoy': 7.61, 'eps_next_year': 5.37, 'operating_margin': 37.86}",,Finviz via finvizfinance screener views,2026-09-18T23:30:30+02:00,2026-07-16,,64,NORMAL,
FHB,First Hawaiian INC,finviz_prefilter,revenue_growth;eps_growth;eps_next_year,,price_min;market_cap_min;avg_volume_min;revenue_growth;eps_growth;eps_next_year;operating_margin;earnings_window,False,"{'revenue_growth_yoy': 0.7100000000000001, 'eps_growth_yoy': 3.04, 'eps_next_year': 7.12, 'operating_margin': 31.730000000000004}",,Finviz via finvizfinance screener views,2026-09-18T23:30:30+02:00,2026-07-24,,56,NORMAL,
FIBK,First Interstate BancSystem Inc,finviz_prefilter,revenue_growth;eps_growth;eps_next_year,,price_min;market_cap_min;avg_volume_min;revenue_growth;eps_growth;eps_next_year;operating_margin;earnings_window,False,"{'revenue_growth_yoy': -7.8, 'eps_growth_yoy': 24.97, 'eps_next_year': -0.58, 'operating_margin': 29.409999999999997}",,Finviz via finvizfinance screener views,2026-09-18T23:30:30+02:00,2026-07-23,,57,NORMAL,
FISV,Fiserv Inc,finviz_prefilter,revenue_growth;eps_growth;eps_next_year,,price_min;market_cap_min;avg_volume_min;revenue_growth;eps_growth;eps_next_year;operating_margin;earnings_window,False,"{'revenue_growth_yoy': -4.06, 'eps_growth_yoy': -36.71, 'eps_next_year': 9.73, 'operating_margin': 21.57}",,Finviz via finvizfinance screener views,2026-09-18T23:30:30+02:00,2026-08-06,,43,NORMAL,
FIVE,Five Below Inc,finviz_prefilter,eps_next_year,,price_min;market_cap_min;avg_volume_min;revenue_growth;eps_growth;eps_next_year;operating_margin;earnings_window,False,"{'revenue_growth_yoy': 22.85, 'eps_growth_yoy': 416.96, 'eps_next_year': 7.94, 'operating_margin': 14.75}",,Finviz via finvizfinance screener views,2026-09-18T23:30:30+02:00,2026-09-02,,16,NORMAL,"{'failed_gate': 'eps_next_year', 'actual_value': 7.94, 'applicable_threshold': 15.0, 'distance_to_threshold': 7.06, 'distance_to_threshold_pct': 47.06666666666666, 'formula': 'minimo: distance = threshold - actual; pct = distance / abs(threshold) * 100'}"
FIVN,Five9 Inc,finviz_prefilter,revenue_growth;operating_margin,,price_min;market_cap_min;avg_volume_min;revenue_growth;eps_growth;eps_next_year;operating_margin;earnings_window,False,"{'revenue_growth_yoy': 10.299999999999999, 'eps_growth_yoy': 203.08, 'eps_next_year': 18.01, 'operating_margin': 6.05}",,Finviz via finvizfinance screener views,2026-09-18T23:30:30+02:00,2026-08-06,,43,NORMAL,
FLEX,Flex Ltd,finviz_prefilter,operating_margin,,price_min;market_cap_min;avg_volume_min;revenue_growth;eps_growth;eps_next_year;operating_margin;earnings_window,False,"{'revenue_growth_yoy': 20.580000000000002, 'eps_growth_yoy': 51.22, 'eps_next_year': 51.53, 'operating_margin': 5.58}",,Finviz via finvizfinance screener views,2026-09-18T23:30:30+02:00,2026-07-29,,51,NORMAL,"{'failed_gate': 'operating_margin', 'actual_value': 5.58, 'applicable_threshold': 8.0, 'distance_to_threshold': 2.42, 'distance_to_threshold_pct': 30.25, 'formula': 'minimo: distance = threshold - actual; pct = distance / abs(threshold) * 100'}"
FLY,Firefly Aerospace Inc,finviz_prefilter,eps_growth;operating_margin,,price_min;market_cap_min;avg_volume_min;revenue_growth;eps_growth;eps_next_year;operating_margin;earnings_window,False,"{'revenue_growth_yoy': 656.85, 'eps_growth_yoy': -2.13, 'eps_next_year': 23.63, 'operating_margin': -116.39999999999999}",,Finviz via finvizfinance screener views,2026-09-18T23:30:30+02:00,2026-08-11,,38,NORMAL,
FLYW,Flywire Corp,finviz_prefilter,operating_margin,,price_min;market_cap_min;avg_volume_min;revenue_growth;eps_growth;eps_next_year;operating_margin;earnings_window,False,"{'revenue_growth_yoy': 27.18, 'eps_growth_yoy': 32.39, 'eps_next_year': 70.32, 'operating_margin': 5.94}",,Finviz via finvizfinance screener views,2026-09-18T23:30:30+02:00,2026-08-04,,45,NORMAL,"{'failed_gate': 'operating_margin', 'actual_value': 5.94, 'applicable_threshold': 8.0, 'distance_to_threshold': 2.0599999999999996, 'distance_to_threshold_pct': 25.749999999999996, 'formula': 'minimo: distance = threshold - actual; pct = distance / abs(threshold) * 100'}"
FOX,Fox Corp,finviz_prefilter,eps_growth;eps_next_year,,price_min;market_cap_min;avg_volume_min;revenue_growth;eps_growth;eps_next_year;operating_margin;earnings_window,False,"{'revenue_growth_yoy': 28.139999999999997, 'eps_growth_yoy': 2.91, 'eps_next_year': -1.34, 'operating_margin': 20.41}",,Finviz via finvizfinance screener views,2026-09-18T23:30:30+02:00,2026-08-06,,43,NORMAL,
FOXA,Fox Corp,finviz_prefilter,eps_growth;eps_next_year,,price_min;market_cap_min;avg_volume_min;revenue_growth;eps_growth;eps_next_year;operating_margin;earnings_window,False,"{'revenue_growth_yoy': 28.139999999999997, 'eps_growth_yoy': 2.91, 'eps_next_year': -1.59, 'operating_margin': 20.41}",,Finviz via finvizfinance screener views,2026-09-18T23:30:30+02:00,2026-08-06,,43,NORMAL,
FROG,JFrog Ltd,finviz_prefilter,operating_margin,,price_min;market_cap_min;avg_volume_min;revenue_growth;eps_growth;eps_next_year;operating_margin;earnings_window,False,"{'revenue_growth_yoy': 28.73, 'eps_growth_yoy': 81.82000000000001, 'eps_next_year': 16.81, 'operating_margin': -12.93}",,Finviz via finvizfinance screener views,2026-09-18T23:30:30+02:00,2026-08-06,,43,NORMAL,"{'failed_gate': 'operating_margin', 'actual_value': -12.93, 'applicable_threshold': 8.0, 'distance_to_threshold': 20.93, 'distance_to_threshold_pct': 261.625, 'formula': 'minimo: distance = threshold - actual; pct = distance / abs(threshold) * 100'}"
FRPT,Freshpet Inc,finviz_prefilter,revenue_growth;eps_growth;eps_next_year,,price_min;market_cap_min;avg_volume_min;revenue_growth;eps_growth;eps_next_year;operating_margin;earnings_window,False,"{'revenue_growth_yoy': 15.45, 'eps_growth_yoy': 19.15, 'eps_next_year': -3.91, 'operating_margin': 8.260000000000002}",,Finviz via finvizfinance screener views,2026-09-18T23:30:30+02:00,2026-08-05,,44,NORMAL,
FSLR,First Solar Inc,finviz_prefilter,revenue_growth;eps_growth,,price_min;market_cap_min;avg_volume_min;revenue_growth;eps_growth;eps_next_year;operating_margin;earnings_window,False,"{'revenue_growth_yoy': -3.73, 'eps_growth_yoy': 23.36, 'eps_next_year': 34.33, 'operating_margin': 34.98}",,Finviz via finvizfinance screener views,2026-09-18T23:30:30+02:00,2026-07-30,,50,NORMAL,
FSLY,Fastly Inc,finviz_prefilter,eps_next_year;operating_margin,,price_min;market_cap_min;avg_volume_min;revenue_growth;eps_growth;eps_next_year;operating_margin;earnings_window,False,"{'revenue_growth_yoy': 23.27, 'eps_growth_yoy': 61.59, 'eps_next_year': 11.63, 'operating_margin': -11.959999999999999}",,Finviz via finvizfinance screener views,2026-09-18T23:30:30+02:00,2026-08-05,,44,NORMAL,
FTAI,FTAI Aviation Ltd,finviz_prefilter,eps_growth,,price_min;market_cap_min;avg_volume_min;revenue_growth;eps_growth;eps_next_year;operating_margin;earnings_window,False,"{'revenue_growth_yoy': 40.79, 'eps_growth_yoy': -27.900000000000002, 'eps_next_year': 122.94, 'operating_margin': 25.119999999999997}",,Finviz via finvizfinance screener views,2026-09-18T23:30:30+02:00,2026-07-29,,51,NORMAL,"{'failed_gate': 'eps_growth', 'actual_value': -27.900000000000002, 'applicable_threshold': 20.0, 'distance_to_threshold': 47.900000000000006, 'distance_to_threshold_pct': 239.50000000000006, 'formula': 'minimo: distance = threshold - actual; pct = distance / abs(threshold) * 100'}"
FTNT,Fortinet Inc,finviz_prefilter,eps_next_year,,price_min;market_cap_min;avg_volume_min;revenue_growth;eps_growth;eps_next_year;operating_margin;earnings_window,False,"{'revenue_growth_yoy': 25.64, 'eps_growth_yoy': 43.86, 'eps_next_year': 9.43, 'operating_margin': 32.37}",,Finviz via finvizfinance screener views,2026-09-18T23:30:30+02:00,2026-07-29,,51,NORMAL,"{'failed_gate': 'eps_next_year', 'actual_value': 9.43, 'applicable_threshold': 15.0, 'distance_to_threshold': 5.57, 'distance_to_threshold_pct': 37.13333333333333, 'formula': 'minimo: distance = threshold - actual; pct = distance / abs(threshold) * 100'}"
FULT,Fulton Financial Corp,finviz_prefilter,revenue_growth;eps_growth;eps_next_year,,price_min;market_cap_min;avg_volume_min;revenue_growth;eps_growth;eps_next_year;operating_margin;earnings_window,False,"{'revenue_growth_yoy': 7.580000000000001, 'eps_growth_yoy': -1.58, 'eps_next_year': 10.09, 'operating_margin': 26.540000000000003}",,Finviz via finvizfinance screener views,2026-09-18T23:30:30+02:00,2026-07-22,,58,NORMAL,
FWONK,Liberty Media Corp,finviz_prefilter,revenue_growth;eps_growth,,price_min;market_cap_min;avg_volume_min;revenue_growth;eps_growth;eps_next_year;operating_margin;earnings_window,False,"{'revenue_growth_yoy': -30.349999999999998, 'eps_growth_yoy': -98.69, 'eps_next_year': 21.89, 'operating_margin': 12.45}",,Finviz via finvizfinance screener views,2026-09-18T23:30:30+02:00,2026-08-06,,43,NORMAL,
GEHC,GE HealthCare Technologies Inc,finviz_prefilter,revenue_growth;eps_growth;eps_next_year,,price_min;market_cap_min;avg_volume_min;revenue_growth;eps_growth;eps_next_year;operating_margin;earnings_window,False,"{'revenue_growth_yoy': 5.75, 'eps_growth_yoy': 16.45, 'eps_next_year': 10.4, 'operating_margin': 13.73}",,Finviz via finvizfinance screener views,2026-09-18T23:30:30+02:00,2026-07-29,,51,NORMAL,
GEN,Gen Digital Inc,finviz_prefilter,revenue_growth;eps_next_year,,price_min;market_cap_min;avg_volume_min;revenue_growth;eps_growth;eps_next_year;operating_margin;earnings_window,False,"{'revenue_growth_yoy': 6.279999999999999, 'eps_growth_yoy': 64.79, 'eps_next_year': 12.85, 'operating_margin': 42.8}",,Finviz via finvizfinance screener views,2026-09-18T23:30:30+02:00,2026-08-06,,43,NORMAL,
GFS,GlobalFoundries Inc,finviz_prefilter,revenue_growth;eps_growth,,price_min;market_cap_min;avg_volume_min;revenue_growth;eps_growth;eps_next_year;operating_margin;earnings_window,False,"{'revenue_growth_yoy': 5.81, 'eps_growth_yoy': -27.05, 'eps_next_year': 30.16, 'operating_margin': 11.59}",,Finviz via finvizfinance screener views,2026-09-18T23:30:30+02:00,2026-08-05,,44,NORMAL,
GH,Guardant Health Inc,finviz_prefilter,eps_growth;operating_margin,,price_min;market_cap_min;avg_volume_min;revenue_growth;eps_growth;eps_next_year;operating_margin;earnings_window,False,"{'revenue_growth_yoy': 44.330000000000005, 'eps_growth_yoy': -12.34, 'eps_next_year': 40.29, 'operating_margin': -39.7}",,Finviz via finvizfinance screener views,2026-09-18T23:30:30+02:00,2026-07-30,,50,NORMAL,
GILD,Gilead Sciences Inc,finviz_prefilter,revenue_growth;eps_growth,,price_min;market_cap_min;avg_volume_min;revenue_growth;eps_growth;eps_next_year;operating_margin;earnings_window,False,"{'revenue_growth_yoy': 10.73, 'eps_growth_yoy': -640.66, 'eps_next_year': 2355.15, 'operating_margin': 39.050000000000004}",,Finviz via finvizfinance screener views,2026-09-18T23:30:30+02:00,2026-08-04,,45,NORMAL,
GLNG,Golar Lng,finviz_prefilter,eps_next_year,,price_min;market_cap_min;avg_volume_min;revenue_growth;eps_growth;eps_next_year;operating_margin;earnings_window,False,"{'revenue_growth_yoy': 72.42, 'eps_growth_yoy': 145.13, 'eps_next_year': -53.89, 'operating_margin': 45.51}",,Finviz via finvizfinance screener views,2026-09-18T23:30:30+02:00,2026-08-13,,36,NORMAL,"{'failed_gate': 'eps_next_year', 'actual_value': -53.89, 'applicable_threshold': 15.0, 'distance_to_threshold': 68.89, 'distance_to_threshold_pct': 459.2666666666667, 'formula': 'minimo: distance = threshold - actual; pct = distance / abs(threshold) * 100'}"
GLPI,Gaming and Leisure Properties Inc,finviz_prefilter,revenue_growth;eps_next_year,,price_min;market_cap_min;avg_volume_min;revenue_growth;eps_growth;eps_next_year;operating_margin;earnings_window,False,"{'revenue_growth_yoy': 9.030000000000001, 'eps_growth_yoy': 46.54, 'eps_next_year': 3.15, 'operating_margin': 82.62}",,Finviz via finvizfinance screener views,2026-09-18T23:30:30+02:00,2026-07-30,,50,NORMAL,
GLXY,Galaxy Digital Inc,finviz_prefilter,revenue_growth;eps_growth,,price_min;market_cap_min;avg_volume_min;revenue_growth;eps_growth;eps_next_year;operating_margin;earnings_window,False,"{'revenue_growth_yoy': -73.19, 'eps_growth_yoy': -191.71, 'eps_next_year': 72.67, 'operating_margin': 29.720000000000002}",,Finviz via finvizfinance screener views,2026-09-18T23:30:30+02:00,2026-08-05,,44,NORMAL,
GNTX,Gentex Corp,finviz_prefilter,revenue_growth;eps_growth;eps_next_year,,price_min;market_cap_min;avg_volume_min;revenue_growth;eps_growth;eps_next_year;operating_margin;earnings_window,False,"{'revenue_growth_yoy': -1.0, 'eps_growth_yoy': 25.53, 'eps_next_year': 5.49, 'operating_margin': 19.55}",,Finviz via finvizfinance screener views,2026-09-18T23:30:30+02:00,2026-07-24,,56,NORMAL,
GOOG,Alphabet Inc,finviz_prefilter,eps_next_year,,price_min;market_cap_min;avg_volume_min;revenue_growth;eps_growth;eps_next_year;operating_margin;earnings_window,False,"{'revenue_growth_yoy': 23.98, 'eps_growth_yoy': 294.02, 'eps_next_year': -26.61, 'operating_margin': 33.96}",,Finviz via finvizfinance screener views,2026-09-18T23:30:30+02:00,2026-07-22,,58,NORMAL,"{'failed_gate': 'eps_next_year', 'actual_value': -26.61, 'applicable_threshold': 15.0, 'distance_to_threshold': 41.61, 'distance_to_threshold_pct': 277.4, 'formula': 'minimo: distance = threshold - actual; pct = distance / abs(threshold) * 100'}"
GOOGL,Alphabet Inc,finviz_prefilter,eps_next_year,,price_min;market_cap_min;avg_volume_min;revenue_growth;eps_growth;eps_next_year;operating_margin;earnings_window,False,"{'revenue_growth_yoy': 23.98, 'eps_growth_yoy': 294.02, 'eps_next_year': -26.57, 'operating_margin': 33.96}",,Finviz via finvizfinance screener views,2026-09-18T23:30:30+02:00,2026-07-22,,58,NORMAL,"{'failed_gate': 'eps_next_year', 'actual_value': -26.57, 'applicable_threshold': 15.0, 'distance_to_threshold': 41.57, 'distance_to_threshold_pct': 277.1333333333333, 'formula': 'minimo: distance = threshold - actual; pct = distance / abs(threshold) * 100'}"
GSAT,Globalstar Inc,finviz_prefilter,revenue_growth;eps_growth;operating_margin,,price_min;market_cap_min;avg_volume_min;revenue_growth;eps_growth;eps_next_year;operating_margin;earnings_window,False,"{'revenue_growth_yoy': -3.54, 'eps_growth_yoy': -274.38, 'eps_next_year': 83.29, 'operating_margin': 4.79}",,Finviz via finvizfinance screener views,2026-09-18T23:30:30+02:00,2026-08-06,,43,NORMAL,
GTLB,Gitlab Inc,finviz_prefilter,eps_growth;operating_margin,,price_min;market_cap_min;avg_volume_min;revenue_growth;eps_growth;eps_next_year;operating_margin;earnings_window,False,"{'revenue_growth_yoy': 21.310000000000002, 'eps_growth_yoy': -293.51, 'eps_next_year': 19.89, 'operating_margin': -8.07}",,Finviz via finvizfinance screener views,2026-09-18T23:30:30+02:00,2026-09-01,,17,NORMAL,
GTX,Garrett Motion Inc,finviz_prefilter,revenue_growth;eps_growth;eps_next_year,,price_min;market_cap_min;avg_volume_min;revenue_growth;eps_growth;eps_next_year;operating_margin;earnings_window,False,"{'revenue_growth_yoy': 6.9, 'eps_growth_yoy': 25.009999999999998, 'eps_next_year': 13.54, 'operating_margin': 14.81}",,Finviz via finvizfinance screener views,2026-09-18T23:30:30+02:00,2026-07-29,,51,NORMAL,
HAS,Hasbro Inc,finviz_prefilter,revenue_growth;eps_next_year,,price_min;market_cap_min;avg_volume_min;revenue_growth;eps_growth;eps_next_year;operating_margin;earnings_window,False,"{'revenue_growth_yoy': 16.189999999999998, 'eps_growth_yoy': 118.42999999999999, 'eps_next_year': 5.94, 'operating_margin': 28.13}",,Finviz via finvizfinance screener views,2026-09-18T23:30:30+02:00,2026-07-21,,59,NORMAL,
HBAN,Huntington Bancshares Inc,finviz_prefilter,eps_growth,,price_min;market_cap_min;avg_volume_min;revenue_growth;eps_growth;eps_next_year;operating_margin;earnings_window,False,"{'revenue_growth_yoy': 38.019999999999996, 'eps_growth_yoy': -2.56, 'eps_next_year': 34.8, 'operating_margin': 20.51}",,Finviz via finvizfinance screener views,2026-09-18T23:30:30+02:00,2026-07-23,,57,NORMAL,"{'failed_gate': 'eps_growth', 'actual_value': -2.56, 'applicable_threshold': 30.0, 'distance_to_threshold': 32.56, 'distance_to_threshold_pct': 108.53333333333335, 'formula': 'minimo: distance = threshold - actual; pct = distance / abs(threshold) * 100'}"
HON,Honeywell International Inc,finviz_prefilter,revenue_growth,,price_min;market_cap_min;avg_volume_min;revenue_growth;eps_growth;eps_next_year;operating_margin;earnings_window,False,"{'revenue_growth_yoy': -6.12, 'eps_growth_yoy': 264.01, 'eps_next_year': 19.92, 'operating_margin': 19.17}",,Finviz via finvizfinance screener views,2026-09-18T23:30:30+02:00,2026-07-23,,57,NORMAL,"{'failed_gate': 'revenue_growth', 'actual_value': -6.12, 'applicable_threshold': 20.0, 'distance_to_threshold': 26.12, 'distance_to_threshold_pct': 130.6, 'formula': 'minimo: distance = threshold - actual; pct = distance / abs(threshold) * 100'}"
HQY,Healthequity Inc,finviz_prefilter,revenue_growth;eps_growth,,price_min;market_cap_min;avg_volume_min;revenue_growth;eps_growth;eps_next_year;operating_margin;earnings_window,False,"{'revenue_growth_yoy': 7.6499999999999995, 'eps_growth_yoy': 14.56, 'eps_next_year': 16.44, 'operating_margin': 26.119999999999997}",,Finviz via finvizfinance screener views,2026-09-18T23:30:30+02:00,2026-08-27,,22,NORMAL,
HRMY,Harmony Biosciences Holdings Inc,finviz_prefilter,eps_next_year,,price_min;market_cap_min;avg_volume_min;revenue_growth;eps_growth;eps_next_year;operating_margin;earnings_window,False,"{'revenue_growth_yoy': 30.320000000000004, 'eps_growth_yoy': 88.57000000000001, 'eps_next_year': 8.52, 'operating_margin': 24.03}",,Finviz via finvizfinance screener views,2026-09-18T23:30:30+02:00,2026-08-04,,45,NORMAL,"{'failed_gate': 'eps_next_year', 'actual_value': 8.52, 'applicable_threshold': 15.0, 'distance_to_threshold': 6.48, 'distance_to_threshold_pct': 43.2, 'formula': 'minimo: distance = threshold - actual; pct = distance / abs(threshold) * 100'}"
HSIC,Henry Schein Inc,finviz_prefilter,revenue_growth;eps_growth;eps_next_year;operating_margin,,price_min;market_cap_min;avg_volume_min;revenue_growth;eps_growth;eps_next_year;operating_margin;earnings_window,False,"{'revenue_growth_yoy': 6.7299999999999995, 'eps_growth_yoy': 17.18, 'eps_next_year': 11.63, 'operating_margin': 5.9799999999999995}",,Finviz via finvizfinance screener views,2026-09-18T23:30:30+02:00,2026-08-04,,45,NORMAL,
HST,Host Hotels & Resorts Inc,finviz_prefilter,revenue_growth;eps_growth;eps_next_year,,price_min;market_cap_min;avg_volume_min;revenue_growth;eps_growth;eps_next_year;operating_margin;earnings_window,False,"{'revenue_growth_yoy': 3.4000000000000004, 'eps_growth_yoy': 8.32, 'eps_next_year': -22.78, 'operating_margin': 14.360000000000001}",,Finviz via finvizfinance screener views,2026-09-18T23:30:30+02:00,2026-08-05,,44,NORMAL,
HTFL,Heartflow Inc,finviz_prefilter,eps_growth;operating_margin,,price_min;market_cap_min;avg_volume_min;revenue_growth;eps_growth;eps_next_year;operating_margin;earnings_window,False,"{'revenue_growth_yoy': 47.57, 'eps_growth_yoy': -65.19, 'eps_next_year': 38.1, 'operating_margin': -34.31}",,Finviz via finvizfinance screener views,2026-09-18T23:30:30+02:00,2026-08-13,,36,NORMAL,
HUBG,Hub Group Inc,finviz_prefilter,revenue_growth;eps_growth;operating_margin,,price_min;market_cap_min;avg_volume_min;revenue_growth;eps_growth;eps_next_year;operating_margin;earnings_window,False,"{'revenue_growth_yoy': -5.3100000000000005, 'eps_growth_yoy': 22.21, 'eps_next_year': 61.48, 'operating_margin': 3.81}",,Finviz via finvizfinance screener views,2026-09-18T23:30:30+02:00,2026-07-30,,50,NORMAL,
HUT,Hut 8 Corp,finviz_prefilter,eps_growth;operating_margin,,price_min;market_cap_min;avg_volume_min;revenue_growth;eps_growth;eps_next_year;operating_margin;earnings_window,False,"{'revenue_growth_yoy': 81.44, 'eps_growth_yoy': -207.87, 'eps_next_year': 20.44, 'operating_margin': -54.09}",,Finviz via finvizfinance screener views,2026-09-18T23:30:30+02:00,2026-08-04,,45,NORMAL,
HWC,Hancock Whitney Corp,finviz_prefilter,revenue_growth;eps_growth;eps_next_year,,price_min;market_cap_min;avg_volume_min;revenue_growth;eps_growth;eps_next_year;operating_margin;earnings_window,False,"{'revenue_growth_yoy': 4.44, 'eps_growth_yoy': 18.14, 'eps_next_year': 12.39, 'operating_margin': 27.36}",,Finviz via finvizfinance screener views,2026-09-18T23:30:30+02:00,2026-07-21,,59,NORMAL,
ICHR,Ichor Holdings Ltd,finviz_prefilter,operating_margin,,price_min;market_cap_min;avg_volume_min;revenue_growth;eps_growth;eps_next_year;operating_margin;earnings_window,False,"{'revenue_growth_yoy': 22.68, 'eps_growth_yoy': 109.99000000000001, 'eps_next_year': 108.2, 'operating_margin': 1.32}",,Finviz via finvizfinance screener views,2026-09-18T23:30:30+02:00,2026-08-03,,46,NORMAL,"{'failed_gate': 'operating_margin', 'actual_value': 1.32, 'applicable_threshold': 8.0, 'distance_to_threshold': 6.68, 'distance_to_threshold_pct': 83.5, 'formula': 'minimo: distance = threshold - actual; pct = distance / abs(threshold) * 100'}"
ICLR,Icon Plc,finviz_prefilter,revenue_growth;eps_growth;eps_next_year,,price_min;market_cap_min;avg_volume_min;revenue_growth;eps_growth;eps_next_year;operating_margin;earnings_window,False,"{'revenue_growth_yoy': 1.2, 'eps_growth_yoy': -63.33, 'eps_next_year': 12.03, 'operating_margin': 10.14}",,Finviz via finvizfinance screener views,2026-09-18T23:30:30+02:00,2026-07-29,,51,NORMAL,
IDYA,Ideaya Biosciences Inc,finviz_prefilter,eps_next_year;operating_margin,revenue_growth;eps_growth,price_min;market_cap_min;avg_volume_min;eps_next_year;operating_margin;earnings_window,False,"{'revenue_growth_yoy': None, 'eps_growth_yoy': -39.46, 'eps_next_year': 10.2, 'operating_margin': -92.66}",,Finviz via finvizfinance screener views,2026-09-18T23:30:30+02:00,2026-08-04,,45,NORMAL,
ILMN,Illumina Inc,finviz_prefilter,revenue_growth;eps_growth;eps_next_year,,price_min;market_cap_min;avg_volume_min;revenue_growth;eps_growth;eps_next_year;operating_margin;earnings_window,False,"{'revenue_growth_yoy': 9.84, 'eps_growth_yoy': -9.610000000000001, 'eps_next_year': 13.62, 'operating_margin': 19.869999999999997}",,Finviz via finvizfinance screener views,2026-09-18T23:30:30+02:00,2026-07-30,,50,NORMAL,
IMNM,Immunome Inc,finviz_prefilter,revenue_growth;eps_growth;eps_next_year,operating_margin,price_min;market_cap_min;avg_volume_min;revenue_growth;eps_growth;eps_next_year;earnings_window,False,"{'revenue_growth_yoy': -100.0, 'eps_growth_yoy': -29.43, 'eps_next_year': -6.21, 'operating_margin': None}",,Finviz via finvizfinance screener views,2026-09-18T23:30:30+02:00,2026-08-11,,38,NORMAL,
INDV,Indivior Pharmaceuticals Inc,finviz_prefilter,revenue_growth;eps_next_year,,price_min;market_cap_min;avg_volume_min;revenue_growth;eps_growth;eps_next_year;operating_margin;earnings_window,False,"{'revenue_growth_yoy': 13.58, 'eps_growth_yoy': 588.52, 'eps_next_year': 9.44, 'operating_margin': 39.94}",,Finviz via finvizfinance screener views,2026-09-18T23:30:30+02:00,2026-08-03,,46,NORMAL,
INSM,Insmed Inc,finviz_prefilter,operating_margin,,price_min;market_cap_min;avg_volume_min;revenue_growth;eps_growth;eps_next_year;operating_margin;earnings_window,False,"{'revenue_growth_yoy': 296.11, 'eps_growth_yoy': 96.41999999999999, 'eps_next_year': 151.54, 'operating_margin': -71.43}",,Finviz via finvizfinance screener views,2026-09-18T23:30:30+02:00,2026-08-06,,43,NORMAL,"{'failed_gate': 'operating_margin', 'actual_value': -71.43, 'applicable_threshold': 8.0, 'distance_to_threshold': 79.43, 'distance_to_threshold_pct': 992.8750000000001, 'formula': 'minimo: distance = threshold - actual; pct = distance / abs(threshold) * 100'}"
INTC,Intel Corp,finviz_prefilter,eps_growth,,price_min;market_cap_min;avg_volume_min;revenue_growth;eps_growth;eps_next_year;operating_margin;earnings_window,False,"{'revenue_growth_yoy': 25.419999999999998, 'eps_growth_yoy': -223.64000000000001, 'eps_next_year': 38.89, 'operating_margin': 8.03}",,Finviz via finvizfinance screener views,2026-09-18T23:30:30+02:00,2026-07-23,,57,NORMAL,"{'failed_gate': 'eps_growth', 'actual_value': -223.64000000000001, 'applicable_threshold': 30.0, 'distance_to_threshold': 253.64000000000001, 'distance_to_threshold_pct': 845.4666666666666, 'formula': 'minimo: distance = threshold - actual; pct = distance / abs(threshold) * 100'}"
INTU,Intuit Inc,finviz_prefilter,revenue_growth;eps_growth;eps_next_year,,price_min;market_cap_min;avg_volume_min;revenue_growth;eps_growth;eps_next_year;operating_margin;earnings_window,False,"{'revenue_growth_yoy': 13.65, 'eps_growth_yoy': -1.22, 'eps_next_year': 13.37, 'operating_margin': 28.799999999999997}",,Finviz via finvizfinance screener views,2026-09-18T23:30:30+02:00,2026-08-25,,24,NORMAL,
IOND,Ionic Digital Inc,finviz_prefilter,earnings_window,revenue_growth;eps_growth;operating_margin,price_min;market_cap_min;avg_volume_min;eps_next_year;earnings_window,False,"{'revenue_growth_yoy': None, 'eps_growth_yoy': None, 'eps_next_year': None, 'operating_margin': None}",,Finviz via finvizfinance screener views,2026-09-18T23:30:30+02:00,2026-09-19,1,,PRE_EARNINGS_BLACKOUT,"{'failed_gate': 'earnings_window', 'actual_value': 1, 'applicable_threshold': 7, 'distance_to_threshold': 2, 'distance_to_threshold_pct': None, 'days_to_exit_blackout': 2, 'formula': 'days_to_exit_blackout = days_to_earnings + 1 (giorni; nessuna %)'}"
IONS,Ionis Pharmaceuticals Inc,finviz_prefilter,revenue_growth;eps_growth;operating_margin,,price_min;market_cap_min;avg_volume_min;revenue_growth;eps_growth;eps_next_year;operating_margin;earnings_window,False,"{'revenue_growth_yoy': -40.73, 'eps_growth_yoy': -202.29, 'eps_next_year': 44.34, 'operating_margin': -68.08999999999999}",,Finviz via finvizfinance screener views,2026-09-18T23:30:30+02:00,2026-07-29,,51,NORMAL,
IRDM,Iridium Communications Inc,finviz_prefilter,revenue_growth;eps_growth,,price_min;market_cap_min;avg_volume_min;revenue_growth;eps_growth;eps_next_year;operating_margin;earnings_window,False,"{'revenue_growth_yoy': 3.84, 'eps_growth_yoy': -56.08, 'eps_next_year': 41.72, 'operating_margin': 23.76}",,Finviz via finvizfinance screener views,2026-09-18T23:30:30+02:00,2026-07-22,,58,NORMAL,
IREN,IREN Ltd,finviz_prefilter,revenue_growth;eps_growth;operating_margin,,price_min;market_cap_min;avg_volume_min;revenue_growth;eps_growth;eps_next_year;operating_margin;earnings_window,False,"{'revenue_growth_yoy': -26.740000000000002, 'eps_growth_yoy': -361.57, 'eps_next_year': 93.74, 'operating_margin': -53.68000000000001}",,Finviz via finvizfinance screener views,2026-09-18T23:30:30+02:00,2026-08-27,,22,NORMAL,
ISRG,Intuitive Surgical Inc,finviz_prefilter,revenue_growth;eps_growth;eps_next_year,,price_min;market_cap_min;avg_volume_min;revenue_growth;eps_growth;eps_next_year;operating_margin;earnings_window,False,"{'revenue_growth_yoy': 18.54, 'eps_growth_yoy': 26.619999999999997, 'eps_next_year': 11.87, 'operating_margin': 31.28}",,Finviz via finvizfinance screener views,2026-09-18T23:30:30+02:00,2026-07-16,,64,NORMAL,
JAZZ,Jazz Pharmaceuticals plc,finviz_prefilter,revenue_growth;eps_next_year,,price_min;market_cap_min;avg_volume_min;revenue_growth;eps_growth;eps_next_year;operating_margin;earnings_window,False,"{'revenue_growth_yoy': 15.55, 'eps_growth_yoy': 123.66, 'eps_next_year': 2.97, 'operating_margin': 20.76}",,Finviz via finvizfinance screener views,2026-09-18T23:30:30+02:00,2026-08-03,,46,NORMAL,
JBHT,J.B. Hunt Transport Services Inc,finviz_prefilter,revenue_growth;operating_margin,,price_min;market_cap_min;avg_volume_min;revenue_growth;eps_growth;eps_next_year;operating_margin;earnings_window,False,"{'revenue_growth_yoy': 19.37, 'eps_growth_yoy': 45.25, 'eps_next_year': 32.1, 'operating_margin': 7.59}",,Finviz via finvizfinance screener views,2026-09-18T23:30:30+02:00,2026-07-15,,65,NORMAL,
JKHY,Jack Henry & Associates Inc,finviz_prefilter,revenue_growth;eps_growth;eps_next_year,,price_min;market_cap_min;avg_volume_min;revenue_growth;eps_growth;eps_next_year;operating_margin;earnings_window,False,"{'revenue_growth_yoy': 2.88, 'eps_growth_yoy': -10.209999999999999, 'eps_next_year': 9.37, 'operating_margin': 24.93}",,Finviz via finvizfinance screener views,2026-09-18T23:30:30+02:00,2026-08-18,,31,NORMAL,
KDP,Keurig Dr Pepper Inc,finviz_prefilter,eps_growth;eps_next_year,,price_min;market_cap_min;avg_volume_min;revenue_growth;eps_growth;eps_next_year;operating_margin;earnings_window,False,"{'revenue_growth_yoy': 75.57000000000001, 'eps_growth_yoy': -89.03999999999999, 'eps_next_year': 10.4, 'operating_margin': 16.950000000000003}",,Finviz via finvizfinance screener views,2026-09-18T23:30:30+02:00,2026-08-06,,43,NORMAL,
KLAC,KLA Corp,finviz_prefilter,revenue_growth;eps_growth,,price_min;market_cap_min;avg_volume_min;revenue_growth;eps_growth;eps_next_year;operating_margin;earnings_window,False,"{'revenue_growth_yoy': 15.18, 'eps_growth_yoy': 14.39, 'eps_next_year': 21.96, 'operating_margin': 41.68}",,Finviz via finvizfinance screener views,2026-09-18T23:30:30+02:00,2026-07-28,,52,NORMAL,
KMB,Kimberly-Clark Corp,finviz_prefilter,revenue_growth;eps_growth;eps_next_year,,price_min;market_cap_min;avg_volume_min;revenue_growth;eps_growth;eps_next_year;operating_margin;earnings_window,False,"{'revenue_growth_yoy': 0.62, 'eps_growth_yoy': -32.22, 'eps_next_year': 0.33, 'operating_margin': 14.24}",,Finviz via finvizfinance screener views,2026-09-18T23:30:30+02:00,2026-08-04,,45,NORMAL,
KTOS,Kratos Defense & Security Solutions Inc,finviz_prefilter,eps_growth;operating_margin,,price_min;market_cap_min;avg_volume_min;revenue_growth;eps_growth;eps_next_year;operating_margin;earnings_window,False,"{'revenue_growth_yoy': 30.53, 'eps_growth_yoy': 26.090000000000003, 'eps_next_year': 33.53, 'operating_margin': 1.6}",,Finviz via finvizfinance screener views,2026-09-18T23:30:30+02:00,2026-08-04,,45,NORMAL,
KYMR,Kymera Therapeutics Inc,finviz_prefilter,eps_next_year;operating_margin,,price_min;market_cap_min;avg_volume_min;revenue_growth;eps_growth;eps_next_year;operating_margin;earnings_window,False,"{'revenue_growth_yoy': 466.4, 'eps_growth_yoy': 34.53, 'eps_next_year': -30.5, 'operating_margin': -329.83}",,Finviz via finvizfinance screener views,2026-09-18T23:30:30+02:00,2026-08-05,,44,NORMAL,
LASR,nLIGHT Inc,finviz_prefilter,operating_margin,,price_min;market_cap_min;avg_volume_min;revenue_growth;eps_growth;eps_next_year;operating_margin;earnings_window,False,"{'revenue_growth_yoy': 33.78, 'eps_growth_yoy': 67.54, 'eps_next_year': 27.13, 'operating_margin': -4.62}",,Finviz via finvizfinance screener views,2026-09-18T23:30:30+02:00,2026-08-06,,43,NORMAL,"{'failed_gate': 'operating_margin', 'actual_value': -4.62, 'applicable_threshold': 8.0, 'distance_to_threshold': 12.620000000000001, 'distance_to_threshold_pct': 157.75, 'formula': 'minimo: distance = threshold - actual; pct = distance / abs(threshold) * 100'}"
LAUR,Laureate Education Inc,finviz_prefilter,revenue_growth,,price_min;market_cap_min;avg_volume_min;revenue_growth;eps_growth;eps_next_year;operating_margin;earnings_window,False,"{'revenue_growth_yoy': 17.5, 'eps_growth_yoy': 51.23, 'eps_next_year': 15.86, 'operating_margin': 24.42}",,Finviz via finvizfinance screener views,2026-09-18T23:30:30+02:00,2026-07-30,,50,NORMAL,"{'failed_gate': 'revenue_growth', 'actual_value': 17.5, 'applicable_threshold': 20.0, 'distance_to_threshold': 2.5, 'distance_to_threshold_pct': 12.5, 'formula': 'minimo: distance = threshold - actual; pct = distance / abs(threshold) * 100'}"
LGN,Legence Corp,finviz_prefilter,eps_growth;operating_margin,,price_min;market_cap_min;avg_volume_min;revenue_growth;eps_growth;eps_next_year;operating_margin;earnings_window,False,"{'revenue_growth_yoy': 110.74, 'eps_growth_yoy': -306.44, 'eps_next_year': 113.45, 'operating_margin': 3.04}",,Finviz via finvizfinance screener views,2026-09-18T23:30:30+02:00,2026-08-13,,36,NORMAL,
LIF,Life360 Inc,finviz_prefilter,eps_growth;operating_margin,,price_min;market_cap_min;avg_volume_min;revenue_growth;eps_growth;eps_next_year;operating_margin;earnings_window,False,"{'revenue_growth_yoy': 37.769999999999996, 'eps_growth_yoy': -28.71, 'eps_next_year': 48.11, 'operating_margin': 1.1400000000000001}",,Finviz via finvizfinance screener views,2026-09-18T23:30:30+02:00,2026-08-10,,39,NORMAL,
LIFE,Ethos Technologies Inc,finviz_prefilter,eps_growth;operating_margin,,price_min;market_cap_min;avg_volume_min;revenue_growth;eps_growth;eps_next_year;operating_margin;earnings_window,False,"{'revenue_growth_yoy': 113.35, 'eps_growth_yoy': 4.25, 'eps_next_year': 145.66, 'operating_margin': -17.669999999999998}",,Finviz via finvizfinance screener views,2026-09-18T23:30:30+02:00,2026-08-03,,46,NORMAL,
LIN,Linde Plc,finviz_prefilter,revenue_growth;eps_growth;eps_next_year,,price_min;market_cap_min;avg_volume_min;revenue_growth;eps_growth;eps_next_year;operating_margin;earnings_window,False,"{'revenue_growth_yoy': 9.35, 'eps_growth_yoy': 11.3, 'eps_next_year': 9.56, 'operating_margin': 27.1}",,Finviz via finvizfinance screener views,2026-09-18T23:30:30+02:00,2026-07-31,,49,NORMAL,
LINE,Lineage Inc,finviz_prefilter,revenue_growth;eps_growth;operating_margin,,price_min;market_cap_min;avg_volume_min;revenue_growth;eps_growth;eps_next_year;operating_margin;earnings_window,False,"{'revenue_growth_yoy': 0.8099999999999999, 'eps_growth_yoy': -385.5, 'eps_next_year': 18.76, 'operating_margin': 4.32}",,Finviz via finvizfinance screener views,2026-09-18T23:30:30+02:00,2026-08-05,,44,NORMAL,
LITE,Lumentum Holdings Inc,finviz_prefilter,eps_growth,,price_min;market_cap_min;avg_volume_min;revenue_growth;eps_growth;eps_next_year;operating_margin;earnings_window,False,"{'revenue_growth_yoy': 109.33999999999999, 'eps_growth_yoy': -2957.5099999999998, 'eps_next_year': 57.39, 'operating_margin': 17.89}",,Finviz via finvizfinance screener views,2026-09-18T23:30:30+02:00,2026-08-11,,38,NORMAL,"{'failed_gate': 'eps_growth', 'actual_value': -2957.5099999999998, 'applicable_threshold': 20.0, 'distance_to_threshold': 2977.5099999999998, 'distance_to_threshold_pct': 14887.55, 'formula': 'minimo: distance = threshold - actual; pct = distance / abs(threshold) * 100'}"
LKQ,LKQ Corp,finviz_prefilter,revenue_growth;eps_growth;operating_margin,,price_min;market_cap_min;avg_volume_min;revenue_growth;eps_growth;eps_next_year;operating_margin;earnings_window,False,"{'revenue_growth_yoy': -6.43, 'eps_growth_yoy': -27.63, 'eps_next_year': 15.2, 'operating_margin': 7.24}",,Finviz via finvizfinance screener views,2026-09-18T23:30:30+02:00,2026-07-30,,50,NORMAL,
LNT,Alliant Energy Corp,finviz_prefilter,revenue_growth;eps_growth;eps_next_year,,price_min;market_cap_min;avg_volume_min;revenue_growth;eps_growth;eps_next_year;operating_margin;earnings_window,False,"{'revenue_growth_yoy': 1.04, 'eps_growth_yoy': -3.64, 'eps_next_year': 7.4, 'operating_margin': 22.1}",,Finviz via finvizfinance screener views,2026-09-18T23:30:30+02:00,2026-07-30,,50,NORMAL,
LNTH,Lantheus Holdings Inc,finviz_prefilter,revenue_growth;eps_growth,,price_min;market_cap_min;avg_volume_min;revenue_growth;eps_growth;eps_next_year;operating_margin;earnings_window,False,"{'revenue_growth_yoy': 2.68, 'eps_growth_yoy': -0.79, 'eps_next_year': 18.29, 'operating_margin': 19.45}",,Finviz via finvizfinance screener views,2026-09-18T23:30:30+02:00,2026-08-06,,43,NORMAL,
LOGI,Logitech International SA,finviz_prefilter,revenue_growth;eps_next_year,,price_min;market_cap_min;avg_volume_min;revenue_growth;eps_growth;eps_next_year;operating_margin;earnings_window,False,"{'revenue_growth_yoy': 6.93, 'eps_growth_yoy': 65.89, 'eps_next_year': 7.66, 'operating_margin': 18.14}",,Finviz via finvizfinance screener views,2026-09-18T23:30:30+02:00,2026-07-28,,52,NORMAL,
LULU,Lululemon Athletica Inc,finviz_prefilter,revenue_growth;eps_growth;eps_next_year,,price_min;market_cap_min;avg_volume_min;revenue_growth;eps_growth;eps_next_year;operating_margin;earnings_window,False,"{'revenue_growth_yoy': -4.34, 'eps_growth_yoy': -5.92, 'eps_next_year': -12.12, 'operating_margin': 18.029999999999998}",,Finviz via finvizfinance screener views,2026-09-18T23:30:30+02:00,2026-09-03,,15,PEAD_WINDOW,
LYFT,Lyft Inc,finviz_prefilter,revenue_growth;operating_margin,,price_min;market_cap_min;avg_volume_min;revenue_growth;eps_growth;eps_next_year;operating_margin;earnings_window,False,"{'revenue_growth_yoy': 16.08, 'eps_growth_yoy': 36.620000000000005, 'eps_next_year': 80.3, 'operating_margin': -1.67}",,Finviz via finvizfinance screener views,2026-09-18T23:30:30+02:00,2026-08-06,,43,NORMAL,
MANH,Manhattan Associates Inc,finviz_prefilter,revenue_growth;eps_growth;eps_next_year,,price_min;market_cap_min;avg_volume_min;revenue_growth;eps_growth;eps_next_year;operating_margin;earnings_window,False,"{'revenue_growth_yoy': 9.31, 'eps_growth_yoy': -8.200000000000001, 'eps_next_year': 11.79, 'operating_margin': 25.06}",,Finviz via finvizfinance screener views,2026-09-18T23:30:30+02:00,2026-07-28,,52,NORMAL,
MAR,Marriott International Inc,finviz_prefilter,revenue_growth;eps_growth;eps_next_year,,price_min;market_cap_min;avg_volume_min;revenue_growth;eps_growth;eps_next_year;operating_margin;earnings_window,False,"{'revenue_growth_yoy': 4.8500000000000005, 'eps_growth_yoy': 4.26, 'eps_next_year': 11.85, 'operating_margin': 15.73}",,Finviz via finvizfinance screener views,2026-09-18T23:30:30+02:00,2026-08-03,,46,NORMAL,
MDB,MongoDB Inc,finviz_prefilter,operating_margin,,price_min;market_cap_min;avg_volume_min;revenue_growth;eps_growth;eps_next_year;operating_margin;earnings_window,False,"{'revenue_growth_yoy': 30.5, 'eps_growth_yoy': 186.04, 'eps_next_year': 19.24, 'operating_margin': -0.54}",,Finviz via finvizfinance screener views,2026-09-18T23:30:30+02:00,2026-09-01,,17,NORMAL,"{'failed_gate': 'operating_margin', 'actual_value': -0.54, 'applicable_threshold': 8.0, 'distance_to_threshold': 8.54, 'distance_to_threshold_pct': 106.74999999999999, 'formula': 'minimo: distance = threshold - actual; pct = distance / abs(threshold) * 100'}"
MDLN,Medline Inc,finviz_prefilter,revenue_growth;eps_growth;eps_next_year;operating_margin,,price_min;market_cap_min;avg_volume_min;revenue_growth;eps_growth;eps_next_year;operating_margin;earnings_window,False,"{'revenue_growth_yoy': 11.600000000000001, 'eps_growth_yoy': -83.26, 'eps_next_year': 5.35, 'operating_margin': 6.5}",,Finviz via finvizfinance screener views,2026-09-18T23:30:30+02:00,2026-08-05,,44,NORMAL,
MDLZ,Mondelez International Inc,finviz_prefilter,revenue_growth;eps_next_year,,price_min;market_cap_min;avg_volume_min;revenue_growth;eps_growth;eps_next_year;operating_margin;earnings_window,False,"{'revenue_growth_yoy': 4.130000000000001, 'eps_growth_yoy': 143.73, 'eps_next_year': 10.19, 'operating_margin': 15.840000000000002}",,Finviz via finvizfinance screener views,2026-09-18T23:30:30+02:00,2026-07-28,,52,NORMAL,
MEOH,Methanex Corp,finviz_prefilter,eps_next_year,,price_min;market_cap_min;avg_volume_min;revenue_growth;eps_growth;eps_next_year;operating_margin;earnings_window,False,"{'revenue_growth_yoy': 75.17, 'eps_growth_yoy': 168.79999999999998, 'eps_next_year': -39.29, 'operating_margin': 17.37}",,Finviz via finvizfinance screener views,2026-09-18T23:30:30+02:00,2026-07-28,,52,NORMAL,"{'failed_gate': 'eps_next_year', 'actual_value': -39.29, 'applicable_threshold': 15.0, 'distance_to_threshold': 54.29, 'distance_to_threshold_pct': 361.9333333333333, 'formula': 'minimo: distance = threshold - actual; pct = distance / abs(threshold) * 100'}"
META,Meta Platforms Inc,finviz_prefilter,eps_growth;eps_next_year,,price_min;market_cap_min;avg_volume_min;revenue_growth;eps_growth;eps_next_year;operating_margin;earnings_window,False,"{'revenue_growth_yoy': 27.96, 'eps_growth_yoy': -13.44, 'eps_next_year': 7.85, 'operating_margin': 38.080000000000005}",,Finviz via finvizfinance screener views,2026-09-18T23:30:30+02:00,2026-07-29,,51,NORMAL,
MGNI,Magnite Inc,finviz_prefilter,revenue_growth,,price_min;market_cap_min;avg_volume_min;revenue_growth;eps_growth;eps_next_year;operating_margin;earnings_window,False,"{'revenue_growth_yoy': 11.24, 'eps_growth_yoy': 75.22999999999999, 'eps_next_year': 18.52, 'operating_margin': 15.65}",,Finviz via finvizfinance screener views,2026-09-18T23:30:30+02:00,2026-08-05,,44,NORMAL,"{'failed_gate': 'revenue_growth', 'actual_value': 11.24, 'applicable_threshold': 20.0, 'distance_to_threshold': 8.76, 'distance_to_threshold_pct': 43.8, 'formula': 'minimo: distance = threshold - actual; pct = distance / abs(threshold) * 100'}"
MIRM,Mirum Pharmaceuticals Inc,finviz_prefilter,eps_growth;operating_margin,,price_min;market_cap_min;avg_volume_min;revenue_growth;eps_growth;eps_next_year;operating_margin;earnings_window,False,"{'revenue_growth_yoy': 37.92, 'eps_growth_yoy': -799.75, 'eps_next_year': 94.97, 'operating_margin': -14.760000000000002}",,Finviz via finvizfinance screener views,2026-09-18T23:30:30+02:00,2026-08-05,,44,NORMAL,
MKTX,MarketAxess Holdings Inc,finviz_prefilter,revenue_growth;eps_growth;eps_next_year,,price_min;market_cap_min;avg_volume_min;revenue_growth;eps_growth;eps_next_year;operating_margin;earnings_window,False,"{'revenue_growth_yoy': -2.75, 'eps_growth_yoy': 1.31, 'eps_next_year': 9.03, 'operating_margin': 40.28}",,Finviz via finvizfinance screener views,2026-09-18T23:30:30+02:00,2026-07-30,,50,NORMAL,
MMED,MiniMed Group Inc,finviz_prefilter,revenue_growth;eps_next_year,operating_margin,price_min;market_cap_min;avg_volume_min;revenue_growth;eps_growth;eps_next_year;earnings_window,False,"{'revenue_growth_yoy': 16.439999999999998, 'eps_growth_yoy': 100.0, 'eps_next_year': -3.02, 'operating_margin': None}",,Finviz via finvizfinance screener views,2026-09-18T23:30:30+02:00,2026-09-01,,17,NORMAL,
MMSI,Merit Medical Systems Inc,finviz_prefilter,revenue_growth;eps_growth;eps_next_year,,price_min;market_cap_min;avg_volume_min;revenue_growth;eps_growth;eps_next_year;operating_margin;earnings_window,False,"{'revenue_growth_yoy': 9.83, 'eps_growth_yoy': 20.3, 'eps_next_year': 7.19, 'operating_margin': 12.690000000000001}",,Finviz via finvizfinance screener views,2026-09-18T23:30:30+02:00,2026-07-30,,50,NORMAL,
MMYT,MakeMyTrip Ltd,finviz_prefilter,revenue_growth;eps_growth,,price_min;market_cap_min;avg_volume_min;revenue_growth;eps_growth;eps_next_year;operating_margin;earnings_window,False,"{'revenue_growth_yoy': 6.22, 'eps_growth_yoy': -61.53999999999999, 'eps_next_year': 97.7, 'operating_margin': 14.95}",,Finviz via finvizfinance screener views,2026-09-18T23:30:30+02:00,2026-08-03,,46,NORMAL,
MNDY,Monday.Com Ltd,finviz_prefilter,operating_margin,,price_min;market_cap_min;avg_volume_min;revenue_growth;eps_growth;eps_next_year;operating_margin;earnings_window,False,"{'revenue_growth_yoy': 21.94, 'eps_growth_yoy': 163.73, 'eps_next_year': 22.27, 'operating_margin': 2.9000000000000004}",,Finviz via finvizfinance screener views,2026-09-18T23:30:30+02:00,2026-08-10,,39,NORMAL,"{'failed_gate': 'operating_margin', 'actual_value': 2.9000000000000004, 'applicable_threshold': 8.0, 'distance_to_threshold': 5.1, 'distance_to_threshold_pct': 63.74999999999999, 'formula': 'minimo: distance = threshold - actual; pct = distance / abs(threshold) * 100'}"
MNST,Monster Beverage Corp,finviz_prefilter,eps_growth;eps_next_year,,price_min;market_cap_min;avg_volume_min;revenue_growth;eps_growth;eps_next_year;operating_margin;earnings_window,False,"{'revenue_growth_yoy': 20.169999999999998, 'eps_growth_yoy': 19.040000000000003, 'eps_next_year': 13.04, 'operating_margin': 29.160000000000004}",,Finviz via finvizfinance screener views,2026-09-18T23:30:30+02:00,2026-08-06,,43,NORMAL,
MRNA,Moderna Inc,finviz_prefilter,revenue_growth;eps_growth;operating_margin,,price_min;market_cap_min;avg_volume_min;revenue_growth;eps_growth;eps_next_year;operating_margin;earnings_window,False,"{'revenue_growth_yoy': 2.11, 'eps_growth_yoy': 7.6, 'eps_next_year': 42.6, 'operating_margin': -149.01}",,Finviz via finvizfinance screener views,2026-09-18T23:30:30+02:00,2026-07-31,,49,NORMAL,
MRX,Marex Group Ltd,finviz_prefilter,eps_next_year,,price_min;market_cap_min;avg_volume_min;revenue_growth;eps_growth;eps_next_year;operating_margin;earnings_window,False,"{'revenue_growth_yoy': 33.95, 'eps_growth_yoy': 105.96000000000001, 'eps_next_year': 11.99, 'operating_margin': 32.190000000000005}",,Finviz via finvizfinance screener views,2026-09-18T23:30:30+02:00,2026-08-12,,37,NORMAL,"{'failed_gate': 'eps_next_year', 'actual_value': 11.99, 'applicable_threshold': 15.0, 'distance_to_threshold': 3.01, 'distance_to_threshold_pct': 20.066666666666666, 'formula': 'minimo: distance = threshold - actual; pct = distance / abs(threshold) * 100'}"
MSFT,Microsoft Corp,finviz_prefilter,revenue_growth,,price_min;market_cap_min;avg_volume_min;revenue_growth;eps_growth;eps_next_year;operating_margin;earnings_window,False,"{'revenue_growth_yoy': 17.75, 'eps_growth_yoy': 31.65, 'eps_next_year': 19.08, 'operating_margin': 46.78}",,Finviz via finvizfinance screener views,2026-09-18T23:30:30+02:00,2026-07-29,,51,NORMAL,"{'failed_gate': 'revenue_growth', 'actual_value': 17.75, 'applicable_threshold': 20.0, 'distance_to_threshold': 2.25, 'distance_to_threshold_pct': 11.25, 'formula': 'minimo: distance = threshold - actual; pct = distance / abs(threshold) * 100'}"
MSTR,Strategy Inc,finviz_prefilter,revenue_growth;eps_growth;operating_margin,,price_min;market_cap_min;avg_volume_min;revenue_growth;eps_growth;eps_next_year;operating_margin;earnings_window,False,"{'revenue_growth_yoy': 6.88, 'eps_growth_yoy': -175.02, 'eps_next_year': 160.91, 'operating_margin': -8.129999999999999}",,Finviz via finvizfinance screener views,2026-09-18T23:30:30+02:00,2026-07-30,,50,NORMAL,
MTCH,Match Group Inc,finviz_prefilter,revenue_growth,,price_min;market_cap_min;avg_volume_min;revenue_growth;eps_growth;eps_next_year;operating_margin;earnings_window,False,"{'revenue_growth_yoy': -1.23, 'eps_growth_yoy': 43.47, 'eps_next_year': 16.0, 'operating_margin': 28.15}",,Finviz via finvizfinance screener views,2026-09-18T23:30:30+02:00,2026-08-04,,45,NORMAL,"{'failed_gate': 'revenue_growth', 'actual_value': -1.23, 'applicable_threshold': 20.0, 'distance_to_threshold': 21.23, 'distance_to_threshold_pct': 106.15, 'formula': 'minimo: distance = threshold - actual; pct = distance / abs(threshold) * 100'}"
MXL,MaxLinear Inc,finviz_prefilter,operating_margin,,price_min;market_cap_min;avg_volume_min;revenue_growth;eps_growth;eps_next_year;operating_margin;earnings_window,False,"{'revenue_growth_yoy': 55.169999999999995, 'eps_growth_yoy': 105.89999999999999, 'eps_next_year': 54.03, 'operating_margin': -11.600000000000001}",,Finviz via finvizfinance screener views,2026-09-18T23:30:30+02:00,2026-07-23,,57,NORMAL,"{'failed_gate': 'operating_margin', 'actual_value': -11.600000000000001, 'applicable_threshold': 8.0, 'distance_to_threshold': 19.6, 'distance_to_threshold_pct': 245.00000000000003, 'formula': 'minimo: distance = threshold - actual; pct = distance / abs(threshold) * 100'}"
NAMS,NewAmsterdam Pharma Company NV,finviz_prefilter,revenue_growth;eps_growth;operating_margin,,price_min;market_cap_min;avg_volume_min;revenue_growth;eps_growth;eps_next_year;operating_margin;earnings_window,False,"{'revenue_growth_yoy': -80.67, 'eps_growth_yoy': -254.88, 'eps_next_year': 17.43, 'operating_margin': -3432.2000000000003}",,Finviz via finvizfinance screener views,2026-09-18T23:30:30+02:00,2026-08-05,,44,NORMAL,
NAVN,Navan Inc,finviz_prefilter,eps_growth;operating_margin,,price_min;market_cap_min;avg_volume_min;revenue_growth;eps_growth;eps_next_year;operating_margin;earnings_window,False,"{'revenue_growth_yoy': 35.38, 'eps_growth_yoy': 26.99, 'eps_next_year': 52.33, 'operating_margin': -24.79}",,Finviz via finvizfinance screener views,2026-09-18T23:30:30+02:00,2026-09-09,,9,PEAD_WINDOW,
NBIS,Nebius Group NV,finviz_prefilter,eps_growth;eps_next_year;operating_margin,,price_min;market_cap_min;avg_volume_min;revenue_growth;eps_growth;eps_next_year;operating_margin;earnings_window,False,"{'revenue_growth_yoy': 454.04, 'eps_growth_yoy': -127.74000000000001, 'eps_next_year': -87.35, 'operating_margin': -49.34}",,Finviz via finvizfinance screener views,2026-09-18T23:30:30+02:00,2026-08-12,,37,NORMAL,
NCNO,Ncino Inc,finviz_prefilter,revenue_growth,,price_min;market_cap_min;avg_volume_min;revenue_growth;eps_growth;eps_next_year;operating_margin;earnings_window,False,"{'revenue_growth_yoy': 8.19, 'eps_growth_yoy': 136.4, 'eps_next_year': 19.97, 'operating_margin': 8.77}",,Finviz via finvizfinance screener views,2026-09-18T23:30:30+02:00,2026-08-25,,24,NORMAL,"{'failed_gate': 'revenue_growth', 'actual_value': 8.19, 'applicable_threshold': 20.0, 'distance_to_threshold': 11.81, 'distance_to_threshold_pct': 59.050000000000004, 'formula': 'minimo: distance = threshold - actual; pct = distance / abs(threshold) * 100'}"
NDAQ,Nasdaq Inc,finviz_prefilter,eps_growth;eps_next_year,,price_min;market_cap_min;avg_volume_min;revenue_growth;eps_growth;eps_next_year;operating_margin;earnings_window,False,"{'revenue_growth_yoy': 21.15, 'eps_growth_yoy': 14.38, 'eps_next_year': 13.24, 'operating_margin': 30.78}",,Finviz via finvizfinance screener views,2026-09-18T23:30:30+02:00,2026-07-23,,57,NORMAL,
NEO,Neogenomics Inc,finviz_prefilter,revenue_growth;operating_margin,,price_min;market_cap_min;avg_volume_min;revenue_growth;eps_growth;eps_next_year;operating_margin;earnings_window,False,"{'revenue_growth_yoy': 11.21, 'eps_growth_yoy': 104.85, 'eps_next_year': 85.08, 'operating_margin': -7.03}",,Finviz via finvizfinance screener views,2026-09-18T23:30:30+02:00,2026-07-28,,52,NORMAL,
NFLX,Netflix Inc,finviz_prefilter,revenue_growth;eps_growth;eps_next_year,,price_min;market_cap_min;avg_volume_min;revenue_growth;eps_growth;eps_next_year;operating_margin;earnings_window,False,"{'revenue_growth_yoy': 13.41, 'eps_growth_yoy': 11.06, 'eps_next_year': 5.93, 'operating_margin': 30.25}",,Finviz via finvizfinance screener views,2026-09-18T23:30:30+02:00,2026-07-16,,64,NORMAL,
NKTR,Nektar Therapeutics,finviz_prefilter,revenue_growth;eps_next_year;operating_margin,,price_min;market_cap_min;avg_volume_min;revenue_growth;eps_growth;eps_next_year;operating_margin;earnings_window,False,"{'revenue_growth_yoy': -9.34, 'eps_growth_yoy': 58.379999999999995, 'eps_next_year': -28.79, 'operating_margin': -239.32000000000002}",,Finviz via finvizfinance screener views,2026-09-18T23:30:30+02:00,2026-08-13,,36,NORMAL,
NRIX,Nurix Therapeutics Inc,finviz_prefilter,revenue_growth;eps_growth;operating_margin,,price_min;market_cap_min;avg_volume_min;revenue_growth;eps_growth;eps_next_year;operating_margin;earnings_window,False,"{'revenue_growth_yoy': -79.47, 'eps_growth_yoy': -55.54, 'eps_next_year': 27.03, 'operating_margin': -982.37}",,Finviz via finvizfinance screener views,2026-09-18T23:30:30+02:00,2026-07-09,,71,NORMAL,
NTAP,Netapp Inc,finviz_prefilter,eps_next_year,,price_min;market_cap_min;avg_volume_min;revenue_growth;eps_growth;eps_next_year;operating_margin;earnings_window,False,"{'revenue_growth_yoy': 30.12, 'eps_growth_yoy': 63.36000000000001, 'eps_next_year': 11.01, 'operating_margin': 26.040000000000003}",,Finviz via finvizfinance screener views,2026-09-18T23:30:30+02:00,2026-09-02,,16,NORMAL,"{'failed_gate': 'eps_next_year', 'actual_value': 11.01, 'applicable_threshold': 15.0, 'distance_to_threshold': 3.99, 'distance_to_threshold_pct': 26.6, 'formula': 'minimo: distance = threshold - actual; pct = distance / abs(threshold) * 100'}"
NTNX,Nutanix Inc,finviz_prefilter,revenue_growth,,price_min;market_cap_min;avg_volume_min;revenue_growth;eps_growth;eps_next_year;operating_margin;earnings_window,False,"{'revenue_growth_yoy': 15.89, 'eps_growth_yoy': 3149.1800000000003, 'eps_next_year': 15.61, 'operating_margin': 10.8}",,Finviz via finvizfinance screener views,2026-09-18T23:30:30+02:00,2026-08-26,,23,NORMAL,"{'failed_gate': 'revenue_growth', 'actual_value': 15.89, 'applicable_threshold': 20.0, 'distance_to_threshold': 4.109999999999999, 'distance_to_threshold_pct': 20.549999999999997, 'formula': 'minimo: distance = threshold - actual; pct = distance / abs(threshold) * 100'}"
NTRA,Natera Inc,finviz_prefilter,operating_margin,,price_min;market_cap_min;avg_volume_min;revenue_growth;eps_growth;eps_next_year;operating_margin;earnings_window,False,"{'revenue_growth_yoy': 37.71, 'eps_growth_yoy': 36.85, 'eps_next_year': 90.04, 'operating_margin': -10.56}",,Finviz via finvizfinance screener views,2026-09-18T23:30:30+02:00,2026-08-06,,43,NORMAL,"{'failed_gate': 'operating_margin', 'actual_value': -10.56, 'applicable_threshold': 8.0, 'distance_to_threshold': 18.560000000000002, 'distance_to_threshold_pct': 232.00000000000003, 'formula': 'minimo: distance = threshold - actual; pct = distance / abs(threshold) * 100'}"
NTRS,Northern Trust Corp,finviz_prefilter,revenue_growth;eps_next_year,,price_min;market_cap_min;avg_volume_min;revenue_growth;eps_growth;eps_next_year;operating_margin;earnings_window,False,"{'revenue_growth_yoy': 17.18, 'eps_growth_yoy': 98.21, 'eps_next_year': 9.37, 'operating_margin': 13.389999999999999}",,Finviz via finvizfinance screener views,2026-09-18T23:30:30+02:00,2026-07-22,,58,NORMAL,
NTSK,Netskope Inc,finviz_prefilter,eps_growth;operating_margin,,price_min;market_cap_min;avg_volume_min;revenue_growth;eps_growth;eps_next_year;operating_margin;earnings_window,False,"{'revenue_growth_yoy': 29.15, 'eps_growth_yoy': -15.790000000000001, 'eps_next_year': 128.08, 'operating_margin': -94.23}",,Finviz via finvizfinance screener views,2026-09-18T23:30:30+02:00,2026-09-02,,16,NORMAL,
NWBI,Northwest Bancshares Inc,finviz_prefilter,revenue_growth;eps_next_year,,price_min;market_cap_min;avg_volume_min;revenue_growth;eps_growth;eps_next_year;operating_margin;earnings_window,False,"{'revenue_growth_yoy': 18.310000000000002, 'eps_growth_yoy': 38.519999999999996, 'eps_next_year': 2.93, 'operating_margin': 25.03}",,Finviz via finvizfinance screener views,2026-09-18T23:30:30+02:00,2026-07-27,,53,NORMAL,
NWS,News Corp,finviz_prefilter,revenue_growth,,price_min;market_cap_min;avg_volume_min;revenue_growth;eps_growth;eps_next_year;operating_margin;earnings_window,False,"{'revenue_growth_yoy': 10.81, 'eps_growth_yoy': 586.5300000000001, 'eps_next_year': 16.36, 'operating_margin': 12.64}",,Finviz via finvizfinance screener views,2026-09-18T23:30:30+02:00,2026-08-05,,44,NORMAL,"{'failed_gate': 'revenue_growth', 'actual_value': 10.81, 'applicable_threshold': 20.0, 'distance_to_threshold': 9.19, 'distance_to_threshold_pct': 45.949999999999996, 'formula': 'minimo: distance = threshold - actual; pct = distance / abs(threshold) * 100'}"
NWSA,News Corp,finviz_prefilter,revenue_growth,,price_min;market_cap_min;avg_volume_min;revenue_growth;eps_growth;eps_next_year;operating_margin;earnings_window,False,"{'revenue_growth_yoy': 10.81, 'eps_growth_yoy': 586.5300000000001, 'eps_next_year': 16.36, 'operating_margin': 12.64}",,Finviz via finvizfinance screener views,2026-09-18T23:30:30+02:00,2026-08-05,,44,NORMAL,"{'failed_gate': 'revenue_growth', 'actual_value': 10.81, 'applicable_threshold': 20.0, 'distance_to_threshold': 9.19, 'distance_to_threshold_pct': 45.949999999999996, 'formula': 'minimo: distance = threshold - actual; pct = distance / abs(threshold) * 100'}"
NXPI,NXP Semiconductors NV,finviz_prefilter,revenue_growth,,price_min;market_cap_min;avg_volume_min;revenue_growth;eps_growth;eps_next_year;operating_margin;earnings_window,False,"{'revenue_growth_yoy': 19.48, 'eps_growth_yoy': 72.23, 'eps_next_year': 20.53, 'operating_margin': 28.7}",,Finviz via finvizfinance screener views,2026-09-18T23:30:30+02:00,2026-07-28,,52,NORMAL,"{'failed_gate': 'revenue_growth', 'actual_value': 19.48, 'applicable_threshold': 20.0, 'distance_to_threshold': 0.5199999999999996, 'distance_to_threshold_pct': 2.599999999999998, 'formula': 'minimo: distance = threshold - actual; pct = distance / abs(threshold) * 100'}"
NXT,Nextpower Inc,finviz_prefilter,revenue_growth;eps_growth,,price_min;market_cap_min;avg_volume_min;revenue_growth;eps_growth;eps_next_year;operating_margin;earnings_window,False,"{'revenue_growth_yoy': 8.21, 'eps_growth_yoy': 2.32, 'eps_next_year': 22.18, 'operating_margin': 19.7}",,Finviz via finvizfinance screener views,2026-09-18T23:30:30+02:00,2026-07-30,,50,NORMAL,
OCTV,Octave Intelligence Plc,finviz_prefilter,eps_next_year,revenue_growth;eps_growth;operating_margin,price_min;market_cap_min;avg_volume_min;eps_next_year;earnings_window,False,"{'revenue_growth_yoy': None, 'eps_growth_yoy': None, 'eps_next_year': 1.86, 'operating_margin': None}",,Finviz via finvizfinance screener views,2026-09-18T23:30:30+02:00,2026-08-12,,37,NORMAL,"{'failed_gate': 'eps_next_year', 'actual_value': 1.86, 'applicable_threshold': 15.0, 'distance_to_threshold': 13.14, 'distance_to_threshold_pct': 87.6, 'formula': 'minimo: distance = threshold - actual; pct = distance / abs(threshold) * 100'}"
ODFL,Old Dominion Freight Line Inc,finviz_prefilter,revenue_growth;eps_next_year,,price_min;market_cap_min;avg_volume_min;revenue_growth;eps_growth;eps_next_year;operating_margin;earnings_window,False,"{'revenue_growth_yoy': 10.39, 'eps_growth_yoy': 32.68, 'eps_next_year': 14.21, 'operating_margin': 25.990000000000002}",,Finviz via finvizfinance screener views,2026-09-18T23:30:30+02:00,2026-07-29,,51,NORMAL,
OKTA,Okta Inc,finviz_prefilter,revenue_growth;eps_next_year;operating_margin,,price_min;market_cap_min;avg_volume_min;revenue_growth;eps_growth;eps_next_year;operating_margin;earnings_window,False,"{'revenue_growth_yoy': 10.58, 'eps_growth_yoy': 75.22999999999999, 'eps_next_year': 10.6, 'operating_margin': 7.68}",,Finviz via finvizfinance screener views,2026-09-18T23:30:30+02:00,2026-08-26,,23,NORMAL,
OLED,Universal Display Corp,finviz_prefilter,revenue_growth;eps_growth;eps_next_year,,price_min;market_cap_min;avg_volume_min;revenue_growth;eps_growth;eps_next_year;operating_margin;earnings_window,False,"{'revenue_growth_yoy': -11.43, 'eps_growth_yoy': -24.92, 'eps_next_year': 12.5, 'operating_margin': 34.4}",,Finviz via finvizfinance screener views,2026-09-18T23:30:30+02:00,2026-07-30,,50,NORMAL,
OLLI,Ollies Bargain Outlet Holdings Inc,finviz_prefilter,revenue_growth;eps_next_year,,price_min;market_cap_min;avg_volume_min;revenue_growth;eps_growth;eps_next_year;operating_margin;earnings_window,False,"{'revenue_growth_yoy': 9.09, 'eps_growth_yoy': 42.99, 'eps_next_year': 7.26, 'operating_margin': 13.03}",,Finviz via finvizfinance screener views,2026-09-18T23:30:30+02:00,2026-09-02,,16,NORMAL,
ON,ON Semiconductor Corp,finviz_prefilter,revenue_growth,,price_min;market_cap_min;avg_volume_min;revenue_growth;eps_growth;eps_next_year;operating_margin;earnings_window,False,"{'revenue_growth_yoy': 9.180000000000001, 'eps_growth_yoy': 36.51, 'eps_next_year': 40.62, 'operating_margin': 18.16}",,Finviz via finvizfinance screener views,2026-09-18T23:30:30+02:00,2026-08-03,,46,NORMAL,"{'failed_gate': 'revenue_growth', 'actual_value': 9.180000000000001, 'applicable_threshold': 20.0, 'distance_to_threshold': 10.819999999999999, 'distance_to_threshold_pct': 54.099999999999994, 'formula': 'minimo: distance = threshold - actual; pct = distance / abs(threshold) * 100'}"
ONB,Old National Bancorp,finviz_prefilter,revenue_growth;eps_next_year,,price_min;market_cap_min;avg_volume_min;revenue_growth;eps_growth;eps_next_year;operating_margin;earnings_window,False,"{'revenue_growth_yoy': 9.55, 'eps_growth_yoy': 93.78, 'eps_next_year': 10.64, 'operating_margin': 30.14}",,Finviz via finvizfinance screener views,2026-09-18T23:30:30+02:00,2026-07-22,,58,NORMAL,
OPCH,Option Care Health Inc,finviz_prefilter,revenue_growth;eps_growth;eps_next_year;operating_margin,,price_min;market_cap_min;avg_volume_min;revenue_growth;eps_growth;eps_next_year;operating_margin;earnings_window,False,"{'revenue_growth_yoy': 1.8599999999999999, 'eps_growth_yoy': 14.13, 'eps_next_year': 10.83, 'operating_margin': 5.86}",,Finviz via finvizfinance screener views,2026-09-18T23:30:30+02:00,2026-07-29,,51,NORMAL,
ORLY,O'Reilly Automotive Inc,finviz_prefilter,revenue_growth;eps_growth;eps_next_year,,price_min;market_cap_min;avg_volume_min;revenue_growth;eps_growth;eps_next_year;operating_margin;earnings_window,False,"{'revenue_growth_yoy': 8.110000000000001, 'eps_growth_yoy': 10.77, 'eps_next_year': 11.32, 'operating_margin': 19.56}",,Finviz via finvizfinance screener views,2026-09-18T23:30:30+02:00,2026-07-29,,51,NORMAL,
OSW,OneSpaWorld Holdings Limited,finviz_prefilter,revenue_growth;eps_growth;eps_next_year,,price_min;market_cap_min;avg_volume_min;revenue_growth;eps_growth;eps_next_year;operating_margin;earnings_window,False,"{'revenue_growth_yoy': 8.52, 'eps_growth_yoy': 17.72, 'eps_next_year': 13.49, 'operating_margin': 9.5}",,Finviz via finvizfinance screener views,2026-09-18T23:30:30+02:00,2026-07-29,,51,NORMAL,
OTEX,Open Text Corp,finviz_prefilter,revenue_growth;eps_next_year,,price_min;market_cap_min;avg_volume_min;revenue_growth;eps_growth;eps_next_year;operating_margin;earnings_window,False,"{'revenue_growth_yoy': 2.94, 'eps_growth_yoy': 473.37, 'eps_next_year': 7.84, 'operating_margin': 23.169999999999998}",,Finviz via finvizfinance screener views,2026-09-18T23:30:30+02:00,2026-08-06,,43,NORMAL,
OUST,Ouster Inc,finviz_prefilter,operating_margin,,price_min;market_cap_min;avg_volume_min;revenue_growth;eps_growth;eps_next_year;operating_margin;earnings_window,False,"{'revenue_growth_yoy': 55.86, 'eps_growth_yoy': 27.46, 'eps_next_year': 102.63, 'operating_margin': -34.410000000000004}",,Finviz via finvizfinance screener views,2026-09-18T23:30:30+02:00,2026-08-06,,43,NORMAL,"{'failed_gate': 'operating_margin', 'actual_value': -34.410000000000004, 'applicable_threshold': 8.0, 'distance_to_threshold': 42.410000000000004, 'distance_to_threshold_pct': 530.125, 'formula': 'minimo: distance = threshold - actual; pct = distance / abs(threshold) * 100'}"
OZK,Bank OZK,finviz_prefilter,revenue_growth;eps_growth;eps_next_year,,price_min;market_cap_min;avg_volume_min;revenue_growth;eps_growth;eps_next_year;operating_margin;earnings_window,False,"{'revenue_growth_yoy': -3.82, 'eps_growth_yoy': -5.72, 'eps_next_year': 4.17, 'operating_margin': 32.35}",,Finviz via finvizfinance screener views,2026-09-18T23:30:30+02:00,2026-07-21,,59,NORMAL,
PAA,Plains All American Pipeline LP,finviz_prefilter,eps_next_year;operating_margin,,price_min;market_cap_min;avg_volume_min;revenue_growth;eps_growth;eps_next_year;operating_margin;earnings_window,False,"{'revenue_growth_yoy': 65.47, 'eps_growth_yoy': 981.11, 'eps_next_year': 8.0, 'operating_margin': 2.78}",,Finviz via finvizfinance screener views,2026-09-18T23:30:30+02:00,2026-08-07,,42,NORMAL,
PAGP,Plains GP Holdings LP,finviz_prefilter,eps_next_year;operating_margin,,price_min;market_cap_min;avg_volume_min;revenue_growth;eps_growth;eps_next_year;operating_margin;earnings_window,False,"{'revenue_growth_yoy': 65.47, 'eps_growth_yoy': 1196.77, 'eps_next_year': -20.16, 'operating_margin': 2.83}",,Finviz via finvizfinance screener views,2026-09-18T23:30:30+02:00,2026-08-07,,42,NORMAL,
PANW,Palo Alto Networks Inc,finviz_prefilter,eps_growth;operating_margin,,price_min;market_cap_min;avg_volume_min;revenue_growth;eps_growth;eps_next_year;operating_margin;earnings_window,False,"{'revenue_growth_yoy': 34.449999999999996, 'eps_growth_yoy': -196.42, 'eps_next_year': 16.27, 'operating_margin': 5.42}",,Finviz via finvizfinance screener views,2026-09-18T23:30:30+02:00,2026-09-01,,17,NORMAL,
PAYX,Paychex Inc,finviz_prefilter,revenue_growth;eps_next_year;earnings_window,,price_min;market_cap_min;avg_volume_min;revenue_growth;eps_growth;eps_next_year;operating_margin;earnings_window,False,"{'revenue_growth_yoy': 12.49, 'eps_growth_yoy': 43.14, 'eps_next_year': 7.59, 'operating_margin': 45.08}",,Finviz via finvizfinance screener views,2026-09-18T23:30:30+02:00,2026-09-23,5,,PRE_EARNINGS_BLACKOUT,
PCAR,Paccar Inc,finviz_prefilter,revenue_growth;eps_growth,,price_min;market_cap_min;avg_volume_min;revenue_growth;eps_growth;eps_next_year;operating_margin;earnings_window,False,"{'revenue_growth_yoy': 0.5499999999999999, 'eps_growth_yoy': 3.7199999999999998, 'eps_next_year': 21.4, 'operating_margin': 10.37}",,Finviz via finvizfinance screener views,2026-09-18T23:30:30+02:00,2026-07-28,,52,NORMAL,
PECO,Phillips Edison & Company Inc,finviz_prefilter,revenue_growth;eps_next_year,,price_min;market_cap_min;avg_volume_min;revenue_growth;eps_growth;eps_next_year;operating_margin;earnings_window,False,"{'revenue_growth_yoy': 6.550000000000001, 'eps_growth_yoy': 253.37, 'eps_next_year': -3.84, 'operating_margin': 28.910000000000004}",,Finviz via finvizfinance screener views,2026-09-18T23:30:30+02:00,2026-07-23,,57,NORMAL,
PEGA,Pegasystems Inc,finviz_prefilter,revenue_growth;eps_growth;eps_next_year,,price_min;market_cap_min;avg_volume_min;revenue_growth;eps_growth;eps_next_year;operating_margin;earnings_window,False,"{'revenue_growth_yoy': 9.42, 'eps_growth_yoy': -53.0, 'eps_next_year': 7.39, 'operating_margin': 11.32}",,Finviz via finvizfinance screener views,2026-09-18T23:30:30+02:00,2026-07-21,,59,NORMAL,
PENN,PENN Entertainment Inc,finviz_prefilter,revenue_growth;operating_margin,,price_min;market_cap_min;avg_volume_min;revenue_growth;eps_growth;eps_next_year;operating_margin;earnings_window,False,"{'revenue_growth_yoy': 5.24, 'eps_growth_yoy': 308.56, 'eps_next_year': 71.69, 'operating_margin': 6.03}",,Finviz via finvizfinance screener views,2026-09-18T23:30:30+02:00,2026-08-06,,43,NORMAL,
PEP,PepsiCo Inc,finviz_prefilter,revenue_growth;eps_next_year,,price_min;market_cap_min;avg_volume_min;revenue_growth;eps_growth;eps_next_year;operating_margin;earnings_window,False,"{'revenue_growth_yoy': 6.41, 'eps_growth_yoy': 136.71, 'eps_next_year': 4.77, 'operating_margin': 15.55}",,Finviz via finvizfinance screener views,2026-09-18T23:30:30+02:00,2026-10-08,20,,NORMAL,
PFG,Principal Financial Group Inc,finviz_prefilter,revenue_growth;eps_growth;eps_next_year,,price_min;market_cap_min;avg_volume_min;revenue_growth;eps_growth;eps_next_year;operating_margin;earnings_window,False,"{'revenue_growth_yoy': 6.39, 'eps_growth_yoy': 2.85, 'eps_next_year': 8.56, 'operating_margin': 11.87}",,Finviz via finvizfinance screener views,2026-09-18T23:30:30+02:00,2026-07-27,,53,NORMAL,
PGNY,Progyny Inc,finviz_prefilter,revenue_growth,,price_min;market_cap_min;avg_volume_min;revenue_growth;eps_growth;eps_next_year;operating_margin;earnings_window,False,"{'revenue_growth_yoy': 5.3, 'eps_growth_yoy': 78.89, 'eps_next_year': 18.19, 'operating_margin': 8.55}",,Finviz via finvizfinance screener views,2026-09-18T23:30:30+02:00,2026-08-06,,43,NORMAL,"{'failed_gate': 'revenue_growth', 'actual_value': 5.3, 'applicable_threshold': 20.0, 'distance_to_threshold': 14.7, 'distance_to_threshold_pct': 73.5, 'formula': 'minimo: distance = threshold - actual; pct = distance / abs(threshold) * 100'}"
POOL,Pool Corp,finviz_prefilter,revenue_growth;eps_growth;eps_next_year,,price_min;market_cap_min;avg_volume_min;revenue_growth;eps_growth;eps_next_year;operating_margin;earnings_window,False,"{'revenue_growth_yoy': 2.15, 'eps_growth_yoy': 0.13999999999999999, 'eps_next_year': 7.64, 'operating_margin': 10.76}",,Finviz via finvizfinance screener views,2026-09-18T23:30:30+02:00,2026-07-23,,57,NORMAL,
POWI,Power Integrations Inc,finviz_prefilter,revenue_growth;operating_margin,,price_min;market_cap_min;avg_volume_min;revenue_growth;eps_growth;eps_next_year;operating_margin;earnings_window,False,"{'revenue_growth_yoy': 2.6599999999999997, 'eps_growth_yoy': 613.5799999999999, 'eps_next_year': 32.86, 'operating_margin': 7.93}",,Finviz via finvizfinance screener views,2026-09-18T23:30:30+02:00,2026-08-05,,44,NORMAL,
PPC,Pilgrim's Pride Corp,finviz_prefilter,revenue_growth;eps_growth;operating_margin,,price_min;market_cap_min;avg_volume_min;revenue_growth;eps_growth;eps_next_year;operating_margin;earnings_window,False,"{'revenue_growth_yoy': -2.83, 'eps_growth_yoy': -96.24000000000001, 'eps_next_year': 19.5, 'operating_margin': 6.419999999999999}",,Finviz via finvizfinance screener views,2026-09-18T23:30:30+02:00,2026-07-29,,51,NORMAL,
PPLI,People Inc,finviz_prefilter,revenue_growth;eps_next_year;operating_margin,,price_min;market_cap_min;avg_volume_min;revenue_growth;eps_growth;eps_next_year;operating_margin;earnings_window,False,"{'revenue_growth_yoy': -25.590000000000003, 'eps_growth_yoy': 160.9, 'eps_next_year': -82.54, 'operating_margin': 0.9199999999999999}",,Finviz via finvizfinance screener views,2026-09-18T23:30:30+02:00,2026-08-03,,46,NORMAL,
PRVA,Privia Health Group Inc,finviz_prefilter,operating_margin,,price_min;market_cap_min;avg_volume_min;revenue_growth;eps_growth;eps_next_year;operating_margin;earnings_window,False,"{'revenue_growth_yoy': 21.39, 'eps_growth_yoy': 228.23000000000002, 'eps_next_year': 61.99, 'operating_margin': 1.9}",,Finviz via finvizfinance screener views,2026-09-18T23:30:30+02:00,2026-08-06,,43,NORMAL,"{'failed_gate': 'operating_margin', 'actual_value': 1.9, 'applicable_threshold': 8.0, 'distance_to_threshold': 6.1, 'distance_to_threshold_pct': 76.25, 'formula': 'minimo: distance = threshold - actual; pct = distance / abs(threshold) * 100'}"
PTC,PTC Inc,finviz_prefilter,revenue_growth;eps_growth;eps_next_year,,price_min;market_cap_min;avg_volume_min;revenue_growth;eps_growth;eps_next_year;operating_margin;earnings_window,False,"{'revenue_growth_yoy': -6.819999999999999, 'eps_growth_yoy': -11.940000000000001, 'eps_next_year': 8.77, 'operating_margin': 39.78}",,Finviz via finvizfinance screener views,2026-09-18T23:30:30+02:00,2026-07-29,,51,NORMAL,
PTRN,Pattern Group Inc,finviz_prefilter,operating_margin,,price_min;market_cap_min;avg_volume_min;revenue_growth;eps_growth;eps_next_year;operating_margin;earnings_window,False,"{'revenue_growth_yoy': 46.58, 'eps_growth_yoy': 62.529999999999994, 'eps_next_year': 25.35, 'operating_margin': 1.3599999999999999}",,Finviz via finvizfinance screener views,2026-09-18T23:30:30+02:00,2026-08-05,,44,NORMAL,"{'failed_gate': 'operating_margin', 'actual_value': 1.3599999999999999, 'applicable_threshold': 8.0, 'distance_to_threshold': 6.640000000000001, 'distance_to_threshold_pct': 83.0, 'formula': 'minimo: distance = threshold - actual; pct = distance / abs(threshold) * 100'}"
PYPL,PayPal Holdings Inc,finviz_prefilter,revenue_growth;eps_growth;eps_next_year,,price_min;market_cap_min;avg_volume_min;revenue_growth;eps_growth;eps_next_year;operating_margin;earnings_window,False,"{'revenue_growth_yoy': 3.8, 'eps_growth_yoy': -3.02, 'eps_next_year': 7.52, 'operating_margin': 18.94}",,Finviz via finvizfinance screener views,2026-09-18T23:30:30+02:00,2026-07-28,,52,NORMAL,
QBTS,D-Wave Quantum Inc,finviz_prefilter,revenue_growth;eps_next_year;operating_margin,,price_min;market_cap_min;avg_volume_min;revenue_growth;eps_growth;eps_next_year;operating_margin;earnings_window,False,"{'revenue_growth_yoy': -0.61, 'eps_growth_yoy': 76.6, 'eps_next_year': -27.05, 'operating_margin': -1372.8799999999999}",,Finviz via finvizfinance screener views,2026-09-18T23:30:30+02:00,2026-08-06,,43,NORMAL,
QCOM,Qualcomm Inc,finviz_prefilter,revenue_growth;eps_growth;eps_next_year,,price_min;market_cap_min;avg_volume_min;revenue_growth;eps_growth;eps_next_year;operating_margin;earnings_window,False,"{'revenue_growth_yoy': -4.03, 'eps_growth_yoy': -22.8, 'eps_next_year': -3.73, 'operating_margin': 23.5}",,Finviz via finvizfinance screener views,2026-09-18T23:30:30+02:00,2026-07-29,,51,NORMAL,
QLYS,Qualys Inc,finviz_prefilter,revenue_growth;eps_growth;eps_next_year,,price_min;market_cap_min;avg_volume_min;revenue_growth;eps_growth;eps_next_year;operating_margin;earnings_window,False,"{'revenue_growth_yoy': 11.92, 'eps_growth_yoy': 15.53, 'eps_next_year': 8.21, 'operating_margin': 35.04}",,Finviz via finvizfinance screener views,2026-09-18T23:30:30+02:00,2026-08-04,,45,NORMAL,
QRVO,Qorvo Inc,finviz_prefilter,revenue_growth;eps_next_year,,price_min;market_cap_min;avg_volume_min;revenue_growth;eps_growth;eps_next_year;operating_margin;earnings_window,False,"{'revenue_growth_yoy': -4.15, 'eps_growth_yoy': 251.85, 'eps_next_year': 5.04, 'operating_margin': 18.17}",,Finviz via finvizfinance screener views,2026-09-18T23:30:30+02:00,2026-07-28,,52,NORMAL,
QURE,uniQure NV,finviz_prefilter,revenue_growth;eps_growth;operating_margin,,price_min;market_cap_min;avg_volume_min;revenue_growth;eps_growth;eps_next_year;operating_margin;earnings_window,False,"{'revenue_growth_yoy': 11.0, 'eps_growth_yoy': -77.81, 'eps_next_year': 22.15, 'operating_margin': -1093.18}",,Finviz via finvizfinance screener views,2026-09-18T23:30:30+02:00,2026-07-29,,51,NORMAL,
RDNT,Radnet Inc,finviz_prefilter,eps_growth;operating_margin,,price_min;market_cap_min;avg_volume_min;revenue_growth;eps_growth;eps_next_year;operating_margin;earnings_window,False,"{'revenue_growth_yoy': 24.990000000000002, 'eps_growth_yoy': -50.05, 'eps_next_year': 72.41, 'operating_margin': 4.63}",,Finviz via finvizfinance screener views,2026-09-18T23:30:30+02:00,2026-08-09,,40,NORMAL,
REG,Regency Centers Corp,finviz_prefilter,revenue_growth;eps_growth;eps_next_year,,price_min;market_cap_min;avg_volume_min;revenue_growth;eps_growth;eps_next_year;operating_margin;earnings_window,False,"{'revenue_growth_yoy': 8.6, 'eps_growth_yoy': 8.67, 'eps_next_year': 1.76, 'operating_margin': 37.269999999999996}",,Finviz via finvizfinance screener views,2026-09-18T23:30:30+02:00,2026-07-29,,51,NORMAL,
REGN,Regeneron Pharmaceuticals Inc,finviz_prefilter,revenue_growth;eps_growth;eps_next_year,,price_min;market_cap_min;avg_volume_min;revenue_growth;eps_growth;eps_next_year;operating_margin;earnings_window,False,"{'revenue_growth_yoy': 16.73, 'eps_growth_yoy': -4.52, 'eps_next_year': 12.35, 'operating_margin': 26.87}",,Finviz via finvizfinance screener views,2026-09-18T23:30:30+02:00,2026-07-30,,50,NORMAL,
RELY,Remitly Global Inc,finviz_prefilter,eps_next_year,,price_min;market_cap_min;avg_volume_min;revenue_growth;eps_growth;eps_next_year;operating_margin;earnings_window,False,"{'revenue_growth_yoy': 20.23, 'eps_growth_yoy': 3025.84, 'eps_next_year': -23.43, 'operating_margin': 10.36}",,Finviz via finvizfinance screener views,2026-09-18T23:30:30+02:00,2026-08-05,,44,NORMAL,"{'failed_gate': 'eps_next_year', 'actual_value': -23.43, 'applicable_threshold': 15.0, 'distance_to_threshold': 38.43, 'distance_to_threshold_pct': 256.2, 'formula': 'minimo: distance = threshold - actual; pct = distance / abs(threshold) * 100'}"
REYN,Reynolds Consumer Products Inc,finviz_prefilter,revenue_growth;eps_growth;eps_next_year,,price_min;market_cap_min;avg_volume_min;revenue_growth;eps_growth;eps_next_year;operating_margin;earnings_window,False,"{'revenue_growth_yoy': 0.64, 'eps_growth_yoy': 21.0, 'eps_next_year': 4.22, 'operating_margin': 14.13}",,Finviz via finvizfinance screener views,2026-09-18T23:30:30+02:00,2026-07-29,,51,NORMAL,
RGEN,Repligen Corp,finviz_prefilter,revenue_growth;eps_growth,,price_min;market_cap_min;avg_volume_min;revenue_growth;eps_growth;eps_next_year;operating_margin;earnings_window,False,"{'revenue_growth_yoy': 11.93, 'eps_growth_yoy': -66.4, 'eps_next_year': 27.85, 'operating_margin': 9.030000000000001}",,Finviz via finvizfinance screener views,2026-09-18T23:30:30+02:00,2026-07-28,,52,NORMAL,
RGTI,Rigetti Computing Inc,finviz_prefilter,eps_growth;eps_next_year;operating_margin,,price_min;market_cap_min;avg_volume_min;revenue_growth;eps_growth;eps_next_year;operating_margin;earnings_window,False,"{'revenue_growth_yoy': 185.29, 'eps_growth_yoy': -18.72, 'eps_next_year': -3.38, 'operating_margin': -727.62}",,Finviz via finvizfinance screener views,2026-09-18T23:30:30+02:00,2026-08-06,,43,NORMAL,
RIOT,Riot Platforms Inc,finviz_prefilter,revenue_growth;eps_growth;operating_margin,,price_min;market_cap_min;avg_volume_min;revenue_growth;eps_growth;eps_next_year;operating_margin;earnings_window,False,"{'revenue_growth_yoy': 13.889999999999999, 'eps_growth_yoy': -217.77, 'eps_next_year': 55.34, 'operating_margin': -74.16}",,Finviz via finvizfinance screener views,2026-09-18T23:30:30+02:00,2026-08-10,,39,NORMAL,
RKLB,Rocket Lab Corp,finviz_prefilter,operating_margin,,price_min;market_cap_min;avg_volume_min;revenue_growth;eps_growth;eps_next_year;operating_margin;earnings_window,False,"{'revenue_growth_yoy': 61.99, 'eps_growth_yoy': 39.33, 'eps_next_year': 85.1, 'operating_margin': -29.060000000000002}",,Finviz via finvizfinance screener views,2026-09-18T23:30:30+02:00,2026-08-10,,39,NORMAL,"{'failed_gate': 'operating_margin', 'actual_value': -29.060000000000002, 'applicable_threshold': 8.0, 'distance_to_threshold': 37.06, 'distance_to_threshold_pct': 463.25, 'formula': 'minimo: distance = threshold - actual; pct = distance / abs(threshold) * 100'}"
RLAY,Relay Therapeutics Inc,finviz_prefilter,revenue_growth;eps_growth;eps_next_year;operating_margin,,price_min;market_cap_min;avg_volume_min;revenue_growth;eps_growth;eps_next_year;operating_margin;earnings_window,False,"{'revenue_growth_yoy': -48.3, 'eps_growth_yoy': -0.44, 'eps_next_year': -0.73, 'operating_margin': -2999.37}",,Finviz via finvizfinance screener views,2026-09-18T23:30:30+02:00,2026-08-06,,43,NORMAL,
RMBS,Rambus Inc,finviz_prefilter,eps_growth,,price_min;market_cap_min;avg_volume_min;revenue_growth;eps_growth;eps_next_year;operating_margin;earnings_window,False,"{'revenue_growth_yoy': 20.43, 'eps_growth_yoy': 15.129999999999999, 'eps_next_year': 24.69, 'operating_margin': 35.949999999999996}",,Finviz via finvizfinance screener views,2026-09-18T23:30:30+02:00,2026-07-27,,53,NORMAL,"{'failed_gate': 'eps_growth', 'actual_value': 15.129999999999999, 'applicable_threshold': 30.0, 'distance_to_threshold': 14.870000000000001, 'distance_to_threshold_pct': 49.56666666666667, 'formula': 'minimo: distance = threshold - actual; pct = distance / abs(threshold) * 100'}"
ROIV,Roivant Sciences Ltd,finviz_prefilter,revenue_growth;eps_growth;eps_next_year;operating_margin,,price_min;market_cap_min;avg_volume_min;revenue_growth;eps_growth;eps_next_year;operating_margin;earnings_window,False,"{'revenue_growth_yoy': -33.550000000000004, 'eps_growth_yoy': 19.77, 'eps_next_year': 4.88, 'operating_margin': -18146.12}",,Finviz via finvizfinance screener views,2026-09-18T23:30:30+02:00,2026-08-06,,43,NORMAL,
ROKU,Roku Inc,finviz_prefilter,operating_margin,,price_min;market_cap_min;avg_volume_min;revenue_growth;eps_growth;eps_next_year;operating_margin;earnings_window,False,"{'revenue_growth_yoy': 21.93, 'eps_growth_yoy': 1440.03, 'eps_next_year': 36.15, 'operating_margin': 5.25}",,Finviz via finvizfinance screener views,2026-09-18T23:30:30+02:00,2026-08-06,,43,NORMAL,"{'failed_gate': 'operating_margin', 'actual_value': 5.25, 'applicable_threshold': 8.0, 'distance_to_threshold': 2.75, 'distance_to_threshold_pct': 34.375, 'formula': 'minimo: distance = threshold - actual; pct = distance / abs(threshold) * 100'}"
ROP,Roper Technologies Inc,finviz_prefilter,revenue_growth;eps_next_year,,price_min;market_cap_min;avg_volume_min;revenue_growth;eps_growth;eps_next_year;operating_margin;earnings_window,False,"{'revenue_growth_yoy': 8.5, 'eps_growth_yoy': 232.83999999999997, 'eps_next_year': 9.53, 'operating_margin': 27.97}",,Finviz via finvizfinance screener views,2026-09-18T23:30:30+02:00,2026-07-23,,57,NORMAL,
ROST,Ross Stores Inc,finviz_prefilter,revenue_growth;eps_next_year,,price_min;market_cap_min;avg_volume_min;revenue_growth;eps_growth;eps_next_year;operating_margin;earnings_window,False,"{'revenue_growth_yoy': 13.309999999999999, 'eps_growth_yoy': 70.39, 'eps_next_year': 6.51, 'operating_margin': 12.72}",,Finviz via finvizfinance screener views,2026-09-18T23:30:30+02:00,2026-08-20,,29,NORMAL,
RPRX,Royalty Pharma plc,finviz_prefilter,revenue_growth;eps_growth;eps_next_year,,price_min;market_cap_min;avg_volume_min;revenue_growth;eps_growth;eps_next_year;operating_margin;earnings_window,False,"{'revenue_growth_yoy': 16.5, 'eps_growth_yoy': -43.580000000000005, 'eps_next_year': 7.33, 'operating_margin': 62.33}",,Finviz via finvizfinance screener views,2026-09-18T23:30:30+02:00,2026-08-05,,44,NORMAL,
RRR,Red Rock Resorts Inc,finviz_prefilter,revenue_growth;eps_growth;eps_next_year,,price_min;market_cap_min;avg_volume_min;revenue_growth;eps_growth;eps_next_year;operating_margin;earnings_window,False,"{'revenue_growth_yoy': -3.04, 'eps_growth_yoy': -29.330000000000002, 'eps_next_year': 7.59, 'operating_margin': 28.58}",,Finviz via finvizfinance screener views,2026-09-18T23:30:30+02:00,2026-08-04,,45,NORMAL,
SAIL,Sailpoint Inc,finviz_prefilter,revenue_growth;eps_growth;operating_margin,,price_min;market_cap_min;avg_volume_min;revenue_growth;eps_growth;eps_next_year;operating_margin;earnings_window,False,"{'revenue_growth_yoy': 16.82, 'eps_growth_yoy': -366.32, 'eps_next_year': 24.82, 'operating_margin': -18.77}",,Finviz via finvizfinance screener views,2026-09-18T23:30:30+02:00,2026-09-09,,9,PEAD_WINDOW,
SANM,Sanmina Corp,finviz_prefilter,operating_margin,,price_min;market_cap_min;avg_volume_min;revenue_growth;eps_growth;eps_next_year;operating_margin;earnings_window,False,"{'revenue_growth_yoy': 69.67, 'eps_growth_yoy': 68.72, 'eps_next_year': 15.15, 'operating_margin': 5.489999999999999}",,Finviz via finvizfinance screener views,2026-09-18T23:30:30+02:00,2026-07-27,,53,NORMAL,"{'failed_gate': 'operating_margin', 'actual_value': 5.489999999999999, 'applicable_threshold': 8.0, 'distance_to_threshold': 2.5100000000000007, 'distance_to_threshold_pct': 31.375000000000007, 'formula': 'minimo: distance = threshold - actual; pct = distance / abs(threshold) * 100'}"
SBAC,SBA Communications Corp,finviz_prefilter,revenue_growth;eps_growth;eps_next_year,,price_min;market_cap_min;avg_volume_min;revenue_growth;eps_growth;eps_next_year;operating_margin;earnings_window,False,"{'revenue_growth_yoy': 2.33, 'eps_growth_yoy': -10.69, 'eps_next_year': 8.94, 'operating_margin': 53.7}",,Finviz via finvizfinance screener views,2026-09-18T23:30:30+02:00,2026-08-03,,46,NORMAL,
SBCF,Seacoast Banking Corp Of Florida,finviz_prefilter,eps_growth;eps_next_year,,price_min;market_cap_min;avg_volume_min;revenue_growth;eps_growth;eps_next_year;operating_margin;earnings_window,False,"{'revenue_growth_yoy': 30.009999999999998, 'eps_growth_yoy': 9.83, 'eps_next_year': 8.7, 'operating_margin': 24.52}",,Finviz via finvizfinance screener views,2026-09-18T23:30:30+02:00,2026-07-28,,52,NORMAL,
SBLK,Star Bulk Carriers Corp,finviz_prefilter,eps_next_year,,price_min;market_cap_min;avg_volume_min;revenue_growth;eps_growth;eps_next_year;operating_margin;earnings_window,False,"{'revenue_growth_yoy': 44.46, 'eps_growth_yoy': 432900.0, 'eps_next_year': -9.44, 'operating_margin': 27.839999999999996}",,Finviz via finvizfinance screener views,2026-09-18T23:30:30+02:00,2026-08-05,,44,NORMAL,"{'failed_gate': 'eps_next_year', 'actual_value': -9.44, 'applicable_threshold': 15.0, 'distance_to_threshold': 24.439999999999998, 'distance_to_threshold_pct': 162.9333333333333, 'formula': 'minimo: distance = threshold - actual; pct = distance / abs(threshold) * 100'}"
SBRA,Sabra Healthcare REIT Inc,finviz_prefilter,eps_growth,,price_min;market_cap_min;avg_volume_min;revenue_growth;eps_growth;eps_next_year;operating_margin;earnings_window,False,"{'revenue_growth_yoy': 25.2, 'eps_growth_yoy': -136.73, 'eps_next_year': 62.74, 'operating_margin': 18.8}",,Finviz via finvizfinance screener views,2026-09-18T23:30:30+02:00,2026-08-03,,46,NORMAL,"{'failed_gate': 'eps_growth', 'actual_value': -136.73, 'applicable_threshold': 30.0, 'distance_to_threshold': 166.73, 'distance_to_threshold_pct': 555.7666666666667, 'formula': 'minimo: distance = threshold - actual; pct = distance / abs(threshold) * 100'}"
SBUX,Starbucks Corp,finviz_prefilter,revenue_growth,,price_min;market_cap_min;avg_volume_min;revenue_growth;eps_growth;eps_next_year;operating_margin;earnings_window,False,"{'revenue_growth_yoy': -1.43, 'eps_growth_yoy': 86.59, 'eps_next_year': 20.73, 'operating_margin': 10.01}",,Finviz via finvizfinance screener views,2026-09-18T23:30:30+02:00,2026-07-29,,51,NORMAL,"{'failed_gate': 'revenue_growth', 'actual_value': -1.43, 'applicable_threshold': 20.0, 'distance_to_threshold': 21.43, 'distance_to_threshold_pct': 107.14999999999999, 'formula': 'minimo: distance = threshold - actual; pct = distance / abs(threshold) * 100'}"
SDGR,Schrodinger Inc,finviz_prefilter,revenue_growth;eps_next_year;operating_margin,,price_min;market_cap_min;avg_volume_min;revenue_growth;eps_growth;eps_next_year;operating_margin;earnings_window,False,"{'revenue_growth_yoy': 7.539999999999999, 'eps_growth_yoy': 113.42000000000002, 'eps_next_year': 11.6, 'operating_margin': -59.24}",,Finviz via finvizfinance screener views,2026-09-18T23:30:30+02:00,2026-08-05,,44,NORMAL,
SEDG,Solaredge Technologies Inc,finviz_prefilter,revenue_growth;operating_margin,,price_min;market_cap_min;avg_volume_min;revenue_growth;eps_growth;eps_next_year;operating_margin;earnings_window,False,"{'revenue_growth_yoy': 19.63, 'eps_growth_yoy': 76.35, 'eps_next_year': 341.59, 'operating_margin': -9.969999999999999}",,Finviz via finvizfinance screener views,2026-09-18T23:30:30+02:00,2026-08-05,,44,NORMAL,
SFD,Smithfield Foods Inc,finviz_prefilter,revenue_growth;eps_growth;eps_next_year,,price_min;market_cap_min;avg_volume_min;revenue_growth;eps_growth;eps_next_year;operating_margin;earnings_window,False,"{'revenue_growth_yoy': -3.7800000000000002, 'eps_growth_yoy': 25.759999999999998, 'eps_next_year': 1.0, 'operating_margin': 8.559999999999999}",,Finviz via finvizfinance screener views,2026-09-18T23:30:30+02:00,2026-08-11,,38,NORMAL,
SFM,Sprouts Farmers Market Inc,finviz_prefilter,revenue_growth;eps_growth;eps_next_year;operating_margin,,price_min;market_cap_min;avg_volume_min;revenue_growth;eps_growth;eps_next_year;operating_margin;earnings_window,False,"{'revenue_growth_yoy': 4.74, 'eps_growth_yoy': 1.09, 'eps_next_year': 7.41, 'operating_margin': 7.489999999999999}",,Finviz via finvizfinance screener views,2026-09-18T23:30:30+02:00,2026-07-29,,51,NORMAL,
SFNC,Simmons First National Corp,finviz_prefilter,revenue_growth;eps_growth;eps_next_year;operating_margin,,price_min;market_cap_min;avg_volume_min;revenue_growth;eps_growth;eps_next_year;operating_margin;earnings_window,False,"{'revenue_growth_yoy': -0.69, 'eps_growth_yoy': 5.91, 'eps_next_year': 12.12, 'operating_margin': -74.6}",,Finviz via finvizfinance screener views,2026-09-18T23:30:30+02:00,2026-07-16,,64,NORMAL,
SHC,Sotera Health Co,finviz_prefilter,revenue_growth;eps_next_year,,price_min;market_cap_min;avg_volume_min;revenue_growth;eps_growth;eps_next_year;operating_margin;earnings_window,False,"{'revenue_growth_yoy': 9.180000000000001, 'eps_growth_yoy': 567.38, 'eps_next_year': 9.16, 'operating_margin': 36.9}",,Finviz via finvizfinance screener views,2026-09-18T23:30:30+02:00,2026-08-06,,43,NORMAL,
SHOO,Steven Madden Ltd,finviz_prefilter,revenue_growth,,price_min;market_cap_min;avg_volume_min;revenue_growth;eps_growth;eps_next_year;operating_margin;earnings_window,False,"{'revenue_growth_yoy': 19.12, 'eps_growth_yoy': 168.98, 'eps_next_year': 26.04, 'operating_margin': 9.030000000000001}",,Finviz via finvizfinance screener views,2026-09-18T23:30:30+02:00,2026-07-30,,50,NORMAL,"{'failed_gate': 'revenue_growth', 'actual_value': 19.12, 'applicable_threshold': 20.0, 'distance_to_threshold': 0.879999999999999, 'distance_to_threshold_pct': 4.399999999999995, 'formula': 'minimo: distance = threshold - actual; pct = distance / abs(threshold) * 100'}"
SIRI,Sirius XM Holdings Inc,finviz_prefilter,revenue_growth;eps_growth;eps_next_year,,price_min;market_cap_min;avg_volume_min;revenue_growth;eps_growth;eps_next_year;operating_margin;earnings_window,False,"{'revenue_growth_yoy': 1.03, 'eps_growth_yoy': 23.51, 'eps_next_year': 10.28, 'operating_margin': 22.53}",,Finviz via finvizfinance screener views,2026-09-18T23:30:30+02:00,2026-07-30,,50,NORMAL,
SLDE,Slide Insurance Holdings Inc,finviz_prefilter,eps_next_year,,price_min;market_cap_min;avg_volume_min;revenue_growth;eps_growth;eps_next_year;operating_margin;earnings_window,False,"{'revenue_growth_yoy': 47.86, 'eps_growth_yoy': 90.44, 'eps_next_year': -1.48, 'operating_margin': 53.05}",,Finviz via finvizfinance screener views,2026-09-18T23:30:30+02:00,2026-07-28,,52,NORMAL,"{'failed_gate': 'eps_next_year', 'actual_value': -1.48, 'applicable_threshold': 15.0, 'distance_to_threshold': 16.48, 'distance_to_threshold_pct': 109.86666666666667, 'formula': 'minimo: distance = threshold - actual; pct = distance / abs(threshold) * 100'}"
SLM,SLM Corp,finviz_prefilter,revenue_growth;eps_growth;eps_next_year,,price_min;market_cap_min;avg_volume_min;revenue_growth;eps_growth;eps_next_year;operating_margin;earnings_window,False,"{'revenue_growth_yoy': -2.76, 'eps_growth_yoy': -8.559999999999999, 'eps_next_year': 7.62, 'operating_margin': 42.43}",,Finviz via finvizfinance screener views,2026-09-18T23:30:30+02:00,2026-07-23,,57,NORMAL,
SMCI,Super Micro Computer Inc,finviz_prefilter,operating_margin,,price_min;market_cap_min;avg_volume_min;revenue_growth;eps_growth;eps_next_year;operating_margin;earnings_window,False,"{'revenue_growth_yoy': 93.16, 'eps_growth_yoy': 445.49, 'eps_next_year': 23.28, 'operating_margin': 7.090000000000001}",,Finviz via finvizfinance screener views,2026-09-18T23:30:30+02:00,2026-08-11,,38,NORMAL,"{'failed_gate': 'operating_margin', 'actual_value': 7.090000000000001, 'applicable_threshold': 8.0, 'distance_to_threshold': 0.9099999999999993, 'distance_to_threshold_pct': 11.374999999999991, 'formula': 'minimo: distance = threshold - actual; pct = distance / abs(threshold) * 100'}"
SNEX,StoneX Group Inc,finviz_prefilter,revenue_growth;eps_growth;eps_next_year;operating_margin,,price_min;market_cap_min;avg_volume_min;revenue_growth;eps_growth;eps_next_year;operating_margin;earnings_window,False,"{'revenue_growth_yoy': 15.379999999999999, 'eps_growth_yoy': 22.57, 'eps_next_year': 1.37, 'operating_margin': 1.6500000000000001}",,Finviz via finvizfinance screener views,2026-09-18T23:30:30+02:00,2026-08-05,,44,NORMAL,
SOLS,Solstice Advanced Materials Inc,finviz_prefilter,revenue_growth;eps_growth,,price_min;market_cap_min;avg_volume_min;revenue_growth;eps_growth;eps_next_year;operating_margin;earnings_window,False,"{'revenue_growth_yoy': 11.129999999999999, 'eps_growth_yoy': 22.15, 'eps_next_year': 16.28, 'operating_margin': 16.900000000000002}",,Finviz via finvizfinance screener views,2026-09-18T23:30:30+02:00,2026-07-30,,50,NORMAL,
SRPT,Sarepta Therapeutics Inc,finviz_prefilter,revenue_growth;eps_growth;eps_next_year;operating_margin,,price_min;market_cap_min;avg_volume_min;revenue_growth;eps_growth;eps_next_year;operating_margin;earnings_window,False,"{'revenue_growth_yoy': -34.339999999999996, 'eps_growth_yoy': -102.46, 'eps_next_year': -76.47, 'operating_margin': -3.15}",,Finviz via finvizfinance screener views,2026-09-18T23:30:30+02:00,2026-08-05,,44,NORMAL,
SSNC,SS&C Technologies Holdings Inc,finviz_prefilter,revenue_growth;eps_next_year,,price_min;market_cap_min;avg_volume_min;revenue_growth;eps_growth;eps_next_year;operating_margin;earnings_window,False,"{'revenue_growth_yoy': 10.34, 'eps_growth_yoy': 35.33, 'eps_next_year': 9.55, 'operating_margin': 24.36}",,Finviz via finvizfinance screener views,2026-09-18T23:30:30+02:00,2026-07-23,,57,NORMAL,
SSRM,SSR Mining Inc,finviz_prefilter,revenue_growth;eps_growth;eps_next_year,,price_min;market_cap_min;avg_volume_min;revenue_growth;eps_growth;eps_next_year;operating_margin;earnings_window,False,"{'revenue_growth_yoy': 9.46, 'eps_growth_yoy': 11.129999999999999, 'eps_next_year': 12.66, 'operating_margin': 42.3}",,Finviz via finvizfinance screener views,2026-09-18T23:30:30+02:00,2026-08-04,,45,NORMAL,
STEP,StepStone Group Inc,finviz_prefilter,revenue_growth;eps_growth;operating_margin,,price_min;market_cap_min;avg_volume_min;revenue_growth;eps_growth;eps_next_year;operating_margin;earnings_window,False,"{'revenue_growth_yoy': 13.200000000000001, 'eps_growth_yoy': -186.16, 'eps_next_year': 37.51, 'operating_margin': -53.39}",,Finviz via finvizfinance screener views,2026-09-18T23:30:30+02:00,2026-08-06,,43,NORMAL,
SUPN,Supernus Pharmaceuticals Inc,finviz_prefilter,eps_growth;operating_margin,,price_min;market_cap_min;avg_volume_min;revenue_growth;eps_growth;eps_next_year;operating_margin;earnings_window,False,"{'revenue_growth_yoy': 32.4, 'eps_growth_yoy': -353.07, 'eps_next_year': 73.88, 'operating_margin': -7.7299999999999995}",,Finviz via finvizfinance screener views,2026-09-18T23:30:30+02:00,2026-08-03,,46,NORMAL,
SWKS,Skyworks Solutions Inc,finviz_prefilter,revenue_growth;eps_growth;eps_next_year,,price_min;market_cap_min;avg_volume_min;revenue_growth;eps_growth;eps_next_year;operating_margin;earnings_window,False,"{'revenue_growth_yoy': -3.1300000000000003, 'eps_growth_yoy': -67.95, 'eps_next_year': -1.57, 'operating_margin': 8.7}",,Finviz via finvizfinance screener views,2026-09-18T23:30:30+02:00,2026-07-28,,52,NORMAL,
SYM,Symbotic Inc,finviz_prefilter,operating_margin,,price_min;market_cap_min;avg_volume_min;revenue_growth;eps_growth;eps_next_year;operating_margin;earnings_window,False,"{'revenue_growth_yoy': 21.740000000000002, 'eps_growth_yoy': 261.62, 'eps_next_year': 82.32, 'operating_margin': 1.43}",,Finviz via finvizfinance screener views,2026-09-18T23:30:30+02:00,2026-08-05,,44,NORMAL,"{'failed_gate': 'operating_margin', 'actual_value': 1.43, 'applicable_threshold': 8.0, 'distance_to_threshold': 6.57, 'distance_to_threshold_pct': 82.125, 'formula': 'minimo: distance = threshold - actual; pct = distance / abs(threshold) * 100'}"
SYNA,Synaptics Inc,finviz_prefilter,revenue_growth;eps_growth;operating_margin,,price_min;market_cap_min;avg_volume_min;revenue_growth;eps_growth;eps_next_year;operating_margin;earnings_window,False,"{'revenue_growth_yoy': 8.91, 'eps_growth_yoy': -9367.08, 'eps_next_year': 25.53, 'operating_margin': -2.93}",,Finviz via finvizfinance screener views,2026-09-18T23:30:30+02:00,2026-08-06,,43,NORMAL,
TARS,Tarsus Pharmaceuticals Inc,finviz_prefilter,eps_growth;operating_margin,,price_min;market_cap_min;avg_volume_min;revenue_growth;eps_growth;eps_next_year;operating_margin;earnings_window,False,"{'revenue_growth_yoy': 69.41000000000001, 'eps_growth_yoy': 10.97, 'eps_next_year': 172.66, 'operating_margin': -8.0}",,Finviz via finvizfinance screener views,2026-09-18T23:30:30+02:00,2026-08-06,,43,NORMAL,
TEAM,Atlassian Corp,finviz_prefilter,operating_margin,,price_min;market_cap_min;avg_volume_min;revenue_growth;eps_growth;eps_next_year;operating_margin;earnings_window,False,"{'revenue_growth_yoy': 27.6, 'eps_growth_yoy': 703.74, 'eps_next_year': 21.62, 'operating_margin': 4.22}",,Finviz via finvizfinance screener views,2026-09-18T23:30:30+02:00,2026-08-06,,43,NORMAL,"{'failed_gate': 'operating_margin', 'actual_value': 4.22, 'applicable_threshold': 8.0, 'distance_to_threshold': 3.7800000000000002, 'distance_to_threshold_pct': 47.25, 'formula': 'minimo: distance = threshold - actual; pct = distance / abs(threshold) * 100'}"
TECH,Bio-Techne Corp,finviz_prefilter,revenue_growth;eps_next_year,,price_min;market_cap_min;avg_volume_min;revenue_growth;eps_growth;eps_next_year;operating_margin;earnings_window,False,"{'revenue_growth_yoy': 1.3299999999999998, 'eps_growth_yoy': 404.46, 'eps_next_year': 13.85, 'operating_margin': 22.42}",,Finviz via finvizfinance screener views,2026-09-18T23:30:30+02:00,2026-08-12,,37,NORMAL,
TEM,Tempus AI Inc,finviz_prefilter,operating_margin,,price_min;market_cap_min;avg_volume_min;revenue_growth;eps_growth;eps_next_year;operating_margin;earnings_window,False,"{'revenue_growth_yoy': 21.560000000000002, 'eps_growth_yoy': 112.51, 'eps_next_year': 117.99, 'operating_margin': -18.92}",,Finviz via finvizfinance screener views,2026-09-18T23:30:30+02:00,2026-07-30,,50,NORMAL,"{'failed_gate': 'operating_margin', 'actual_value': -18.92, 'applicable_threshold': 8.0, 'distance_to_threshold': 26.92, 'distance_to_threshold_pct': 336.5, 'formula': 'minimo: distance = threshold - actual; pct = distance / abs(threshold) * 100'}"
TENB,Tenable Holdings Inc,finviz_prefilter,revenue_growth;eps_next_year;operating_margin,,price_min;market_cap_min;avg_volume_min;revenue_growth;eps_growth;eps_next_year;operating_margin;earnings_window,False,"{'revenue_growth_yoy': 8.58, 'eps_growth_yoy': 127.47, 'eps_next_year': 9.67, 'operating_margin': 4.2}",,Finviz via finvizfinance screener views,2026-09-18T23:30:30+02:00,2026-07-29,,51,NORMAL,
TFSL,TFS Financial Corp,finviz_prefilter,revenue_growth;eps_next_year,,price_min;market_cap_min;avg_volume_min;revenue_growth;eps_growth;eps_next_year;operating_margin;earnings_window,False,"{'revenue_growth_yoy': 5.8999999999999995, 'eps_growth_yoy': 44.18, 'eps_next_year': 8.33, 'operating_margin': 15.659999999999998}",,Finviz via finvizfinance screener views,2026-09-18T23:30:30+02:00,2026-07-30,,50,NORMAL,
TGTX,TG Therapeutics Inc,finviz_prefilter,eps_growth,,price_min;market_cap_min;avg_volume_min;revenue_growth;eps_growth;eps_next_year;operating_margin;earnings_window,False,"{'revenue_growth_yoy': 70.27, 'eps_growth_yoy': -71.45, 'eps_next_year': 185.24, 'operating_margin': 17.05}",,Finviz via finvizfinance screener views,2026-09-18T23:30:30+02:00,2026-08-03,,46,NORMAL,"{'failed_gate': 'eps_growth', 'actual_value': -71.45, 'applicable_threshold': 20.0, 'distance_to_threshold': 91.45, 'distance_to_threshold_pct': 457.25, 'formula': 'minimo: distance = threshold - actual; pct = distance / abs(threshold) * 100'}"
TH,Target Hospitality Corp,finviz_prefilter,operating_margin,,price_min;market_cap_min;avg_volume_min;revenue_growth;eps_growth;eps_next_year;operating_margin;earnings_window,False,"{'revenue_growth_yoy': 38.71, 'eps_growth_yoy': 39.95, 'eps_next_year': 2666.67, 'operating_margin': -9.44}",,Finviz via finvizfinance screener views,2026-09-18T23:30:30+02:00,2026-08-10,,39,NORMAL,"{'failed_gate': 'operating_margin', 'actual_value': -9.44, 'applicable_threshold': 8.0, 'distance_to_threshold': 17.439999999999998, 'distance_to_threshold_pct': 217.99999999999997, 'formula': 'minimo: distance = threshold - actual; pct = distance / abs(threshold) * 100'}"
TIGO,Millicom International Cellular SA,finviz_prefilter,eps_growth,,price_min;market_cap_min;avg_volume_min;revenue_growth;eps_growth;eps_next_year;operating_margin;earnings_window,False,"{'revenue_growth_yoy': 58.81999999999999, 'eps_growth_yoy': -83.91, 'eps_next_year': 49.52, 'operating_margin': 23.01}",,Finviz via finvizfinance screener views,2026-09-18T23:30:30+02:00,2026-08-06,,43,NORMAL,"{'failed_gate': 'eps_growth', 'actual_value': -83.91, 'applicable_threshold': 20.0, 'distance_to_threshold': 103.91, 'distance_to_threshold_pct': 519.55, 'formula': 'minimo: distance = threshold - actual; pct = distance / abs(threshold) * 100'}"
TLN,Talen Energy Corp,finviz_prefilter,revenue_growth;eps_growth,,price_min;market_cap_min;avg_volume_min;revenue_growth;eps_growth;eps_next_year;operating_margin;earnings_window,False,"{'revenue_growth_yoy': 3.2300000000000004, 'eps_growth_yoy': -233.35, 'eps_next_year': 49.21, 'operating_margin': 31.09}",,Finviz via finvizfinance screener views,2026-09-18T23:30:30+02:00,2026-08-05,,44,NORMAL,
TMDX,Transmedics Group Inc,finviz_prefilter,eps_growth,,price_min;market_cap_min;avg_volume_min;revenue_growth;eps_growth;eps_next_year;operating_margin;earnings_window,False,"{'revenue_growth_yoy': 20.7, 'eps_growth_yoy': -55.84, 'eps_next_year': 55.05, 'operating_margin': 12.21}",,Finviz via finvizfinance screener views,2026-09-18T23:30:30+02:00,2026-08-04,,45,NORMAL,"{'failed_gate': 'eps_growth', 'actual_value': -55.84, 'applicable_threshold': 30.0, 'distance_to_threshold': 85.84, 'distance_to_threshold_pct': 286.1333333333333, 'formula': 'minimo: distance = threshold - actual; pct = distance / abs(threshold) * 100'}"
TMUS,T-Mobile US Inc,finviz_prefilter,revenue_growth;eps_growth,,price_min;market_cap_min;avg_volume_min;revenue_growth;eps_growth;eps_next_year;operating_margin;earnings_window,False,"{'revenue_growth_yoy': 7.85, 'eps_growth_yoy': 5.4, 'eps_next_year': 27.43, 'operating_margin': 21.17}",,Finviz via finvizfinance screener views,2026-09-18T23:30:30+02:00,2026-07-23,,57,NORMAL,
TNGX,Tango Therapeutics Inc,finviz_prefilter,revenue_growth;eps_growth;eps_next_year;operating_margin,,price_min;market_cap_min;avg_volume_min;revenue_growth;eps_growth;eps_next_year;operating_margin;earnings_window,False,"{'revenue_growth_yoy': -100.0, 'eps_growth_yoy': -5.04, 'eps_next_year': -19.08, 'operating_margin': -253.38}",,Finviz via finvizfinance screener views,2026-09-18T23:30:30+02:00,2026-08-11,,38,NORMAL,
TRI,Thomson-Reuters Corp,finviz_prefilter,revenue_growth;eps_next_year,,price_min;market_cap_min;avg_volume_min;revenue_growth;eps_growth;eps_next_year;operating_margin;earnings_window,False,"{'revenue_growth_yoy': 9.47, 'eps_growth_yoy': 47.38, 'eps_next_year': 14.33, 'operating_margin': 26.85}",,Finviz via finvizfinance screener views,2026-09-18T23:30:30+02:00,2026-08-05,,44,NORMAL,
TRMB,Trimble Inc,finviz_prefilter,revenue_growth;eps_growth;eps_next_year,,price_min;market_cap_min;avg_volume_min;revenue_growth;eps_growth;eps_next_year;operating_margin;earnings_window,False,"{'revenue_growth_yoy': 11.0, 'eps_growth_yoy': -643.78, 'eps_next_year': 12.38, 'operating_margin': 18.67}",,Finviz via finvizfinance screener views,2026-09-18T23:30:30+02:00,2026-08-12,,37,NORMAL,
TRMD,Torm Plc,finviz_prefilter,eps_next_year,,price_min;market_cap_min;avg_volume_min;revenue_growth;eps_growth;eps_next_year;operating_margin;earnings_window,False,"{'revenue_growth_yoy': 110.28, 'eps_growth_yoy': 458.41, 'eps_next_year': -41.76, 'operating_margin': 39.06}",,Finviz via finvizfinance screener views,2026-09-18T23:30:30+02:00,2026-08-26,,23,NORMAL,"{'failed_gate': 'eps_next_year', 'actual_value': -41.76, 'applicable_threshold': 15.0, 'distance_to_threshold': 56.76, 'distance_to_threshold_pct': 378.4, 'formula': 'minimo: distance = threshold - actual; pct = distance / abs(threshold) * 100'}"
TROW,T. Rowe Price Group Inc,finviz_prefilter,revenue_growth;eps_growth;eps_next_year,,price_min;market_cap_min;avg_volume_min;revenue_growth;eps_growth;eps_next_year;operating_margin;earnings_window,False,"{'revenue_growth_yoy': 10.68, 'eps_growth_yoy': 28.62, 'eps_next_year': 0.33, 'operating_margin': 36.93}",,Finviz via finvizfinance screener views,2026-09-18T23:30:30+02:00,2026-07-31,,49,NORMAL,
TSCO,Tractor Supply Co,finviz_prefilter,revenue_growth;eps_growth;eps_next_year,,price_min;market_cap_min;avg_volume_min;revenue_growth;eps_growth;eps_next_year;operating_margin;earnings_window,False,"{'revenue_growth_yoy': 2.29, 'eps_growth_yoy': -14.899999999999999, 'eps_next_year': 5.64, 'operating_margin': 8.91}",,Finviz via finvizfinance screener views,2026-09-18T23:30:30+02:00,2026-07-23,,57,NORMAL,
TSLA,Tesla Inc,finviz_prefilter,eps_growth;operating_margin,,price_min;market_cap_min;avg_volume_min;revenue_growth;eps_growth;eps_next_year;operating_margin;earnings_window,False,"{'revenue_growth_yoy': 25.52, 'eps_growth_yoy': -5.5, 'eps_next_year': 34.55, 'operating_margin': 4.61}",,Finviz via finvizfinance screener views,2026-09-18T23:30:30+02:00,2026-07-22,,58,NORMAL,
TTAN,ServiceTitan Inc,finviz_prefilter,eps_growth;operating_margin,,price_min;market_cap_min;avg_volume_min;revenue_growth;eps_growth;eps_next_year;operating_margin;earnings_window,False,"{'revenue_growth_yoy': 20.91, 'eps_growth_yoy': 26.029999999999998, 'eps_next_year': 21.91, 'operating_margin': -12.6}",,Finviz via finvizfinance screener views,2026-09-18T23:30:30+02:00,2026-09-08,,10,PEAD_WINDOW,
TTEK,Tetra Tech Inc,finviz_prefilter,revenue_growth;eps_growth;eps_next_year,,price_min;market_cap_min;avg_volume_min;revenue_growth;eps_growth;eps_next_year;operating_margin;earnings_window,False,"{'revenue_growth_yoy': -4.47, 'eps_growth_yoy': -1.8599999999999999, 'eps_next_year': 10.19, 'operating_margin': 11.73}",,Finviz via finvizfinance screener views,2026-09-18T23:30:30+02:00,2026-07-29,,51,NORMAL,
TTWO,Take-Two Interactive Software Inc,finviz_prefilter,revenue_growth;eps_growth;operating_margin,,price_min;market_cap_min;avg_volume_min;revenue_growth;eps_growth;eps_next_year;operating_margin;earnings_window,False,"{'revenue_growth_yoy': 2.0, 'eps_growth_yoy': -178.26999999999998, 'eps_next_year': 47.52, 'operating_margin': -0.96}",,Finviz via finvizfinance screener views,2026-09-18T23:30:30+02:00,2026-08-07,,42,NORMAL,
TVTX,Travere Therapeutics Inc,finviz_prefilter,eps_growth;operating_margin,,price_min;market_cap_min;avg_volume_min;revenue_growth;eps_growth;eps_next_year;operating_margin;earnings_window,False,"{'revenue_growth_yoy': 48.17, 'eps_growth_yoy': -159.54999999999998, 'eps_next_year': 11681.37, 'operating_margin': -6.84}",,Finviz via finvizfinance screener views,2026-09-18T23:30:30+02:00,2026-08-04,,45,NORMAL,
TW,Tradeweb Markets Inc,finviz_prefilter,revenue_growth;eps_growth;eps_next_year,,price_min;market_cap_min;avg_volume_min;revenue_growth;eps_growth;eps_next_year;operating_margin;earnings_window,False,"{'revenue_growth_yoy': 8.959999999999999, 'eps_growth_yoy': 19.18, 'eps_next_year': 13.85, 'operating_margin': 43.61}",,Finviz via finvizfinance screener views,2026-09-18T23:30:30+02:00,2026-07-30,,50,NORMAL,
TWST,Twist Bioscience Corp,finviz_prefilter,eps_growth;operating_margin,,price_min;market_cap_min;avg_volume_min;revenue_growth;eps_growth;eps_next_year;operating_margin;earnings_window,False,"{'revenue_growth_yoy': 23.24, 'eps_growth_yoy': -268.48, 'eps_next_year': 37.15, 'operating_margin': -31.91}",,Finviz via finvizfinance screener views,2026-09-18T23:30:30+02:00,2026-08-03,,46,NORMAL,
TXG,10x Genomics Inc,finviz_prefilter,revenue_growth;eps_growth;eps_next_year;operating_margin,,price_min;market_cap_min;avg_volume_min;revenue_growth;eps_growth;eps_next_year;operating_margin;earnings_window,False,"{'revenue_growth_yoy': -12.65, 'eps_growth_yoy': -149.75, 'eps_next_year': 3.44, 'operating_margin': -14.12}",,Finviz via finvizfinance screener views,2026-09-18T23:30:30+02:00,2026-08-06,,43,NORMAL,
TXRH,Texas Roadhouse Inc,finviz_prefilter,revenue_growth;eps_growth,,price_min;market_cap_min;avg_volume_min;revenue_growth;eps_growth;eps_next_year;operating_margin;earnings_window,False,"{'revenue_growth_yoy': 11.110000000000001, 'eps_growth_yoy': -0.72, 'eps_next_year': 18.31, 'operating_margin': 8.24}",,Finviz via finvizfinance screener views,2026-09-18T23:30:30+02:00,2026-08-06,,43,NORMAL,
UAL,United Airlines Holdings Inc,finviz_prefilter,revenue_growth;eps_growth;operating_margin,,price_min;market_cap_min;avg_volume_min;revenue_growth;eps_growth;eps_next_year;operating_margin;earnings_window,False,"{'revenue_growth_yoy': 15.989999999999998, 'eps_growth_yoy': -17.11, 'eps_next_year': 51.43, 'operating_margin': 6.77}",,Finviz via finvizfinance screener views,2026-09-18T23:30:30+02:00,2026-07-15,,65,NORMAL,
UBSI,United Bankshares Inc,finviz_prefilter,revenue_growth;eps_growth;eps_next_year,,price_min;market_cap_min;avg_volume_min;revenue_growth;eps_growth;eps_next_year;operating_margin;earnings_window,False,"{'revenue_growth_yoy': 0.9199999999999999, 'eps_growth_yoy': 12.11, 'eps_next_year': 4.04, 'operating_margin': 35.0}",,Finviz via finvizfinance screener views,2026-09-18T23:30:30+02:00,2026-07-23,,57,NORMAL,
UCTT,Ultra Clean Hldgs Inc,finviz_prefilter,operating_margin,,price_min;market_cap_min;avg_volume_min;revenue_growth;eps_growth;eps_next_year;operating_margin;earnings_window,False,"{'revenue_growth_yoy': 24.310000000000002, 'eps_growth_yoy': 105.25999999999999, 'eps_next_year': 106.91, 'operating_margin': 2.8400000000000003}",,Finviz via finvizfinance screener views,2026-09-18T23:30:30+02:00,2026-08-03,,46,NORMAL,"{'failed_gate': 'operating_margin', 'actual_value': 2.8400000000000003, 'applicable_threshold': 8.0, 'distance_to_threshold': 5.16, 'distance_to_threshold_pct': 64.5, 'formula': 'minimo: distance = threshold - actual; pct = distance / abs(threshold) * 100'}"
UPST,Upstart Holdings Inc,finviz_prefilter,operating_margin,,price_min;market_cap_min;avg_volume_min;revenue_growth;eps_growth;eps_next_year;operating_margin;earnings_window,False,"{'revenue_growth_yoy': 41.75, 'eps_growth_yoy': 185.5, 'eps_next_year': 171.16, 'operating_margin': 3.9899999999999998}",,Finviz via finvizfinance screener views,2026-09-18T23:30:30+02:00,2026-08-04,,45,NORMAL,"{'failed_gate': 'operating_margin', 'actual_value': 3.9899999999999998, 'applicable_threshold': 8.0, 'distance_to_threshold': 4.01, 'distance_to_threshold_pct': 50.125, 'formula': 'minimo: distance = threshold - actual; pct = distance / abs(threshold) * 100'}"
URBN,Urban Outfitters Inc,finviz_prefilter,revenue_growth;eps_next_year,,price_min;market_cap_min;avg_volume_min;revenue_growth;eps_growth;eps_next_year;operating_margin;earnings_window,False,"{'revenue_growth_yoy': 10.440000000000001, 'eps_growth_yoy': 75.96000000000001, 'eps_next_year': 7.84, 'operating_margin': 11.33}",,Finviz via finvizfinance screener views,2026-09-18T23:30:30+02:00,2026-08-26,,23,NORMAL,
URGN,UroGen Pharma Ltd,finviz_prefilter,operating_margin,,price_min;market_cap_min;avg_volume_min;revenue_growth;eps_growth;eps_next_year;operating_margin;earnings_window,False,"{'revenue_growth_yoy': 199.22, 'eps_growth_yoy': 72.78, 'eps_next_year': 1223.7, 'operating_margin': -35.32}",,Finviz via finvizfinance screener views,2026-09-18T23:30:30+02:00,2026-08-05,,44,NORMAL,"{'failed_gate': 'operating_margin', 'actual_value': -35.32, 'applicable_threshold': 8.0, 'distance_to_threshold': 43.32, 'distance_to_threshold_pct': 541.5, 'formula': 'minimo: distance = threshold - actual; pct = distance / abs(threshold) * 100'}"
USAR,USA Rare Earth Inc,finviz_prefilter,operating_margin,revenue_growth;eps_growth,price_min;market_cap_min;avg_volume_min;eps_next_year;operating_margin;earnings_window,False,"{'revenue_growth_yoy': None, 'eps_growth_yoy': 96.87, 'eps_next_year': 86.44, 'operating_margin': -949.48}",,Finviz via finvizfinance screener views,2026-09-18T23:30:30+02:00,2026-08-10,,39,NORMAL,"{'failed_gate': 'operating_margin', 'actual_value': -949.48, 'applicable_threshold': 8.0, 'distance_to_threshold': 957.48, 'distance_to_threshold_pct': 11968.5, 'formula': 'minimo: distance = threshold - actual; pct = distance / abs(threshold) * 100'}"
VCYT,Veracyte Inc,finviz_prefilter,revenue_growth;eps_next_year,,price_min;market_cap_min;avg_volume_min;revenue_growth;eps_growth;eps_next_year;operating_margin;earnings_window,False,"{'revenue_growth_yoy': 15.49, 'eps_growth_yoy': 2584.7999999999997, 'eps_next_year': 1.94, 'operating_margin': 17.22}",,Finviz via finvizfinance screener views,2026-09-18T23:30:30+02:00,2026-07-30,,50,NORMAL,
VECO,Veeco Instruments Inc,finviz_prefilter,revenue_growth;eps_growth;operating_margin,,price_min;market_cap_min;avg_volume_min;revenue_growth;eps_growth;eps_next_year;operating_margin;earnings_window,False,"{'revenue_growth_yoy': 16.48, 'eps_growth_yoy': -9.8, 'eps_next_year': 111.2, 'operating_margin': 4.26}",,Finviz via finvizfinance screener views,2026-09-18T23:30:30+02:00,2026-08-05,,44,NORMAL,
VICR,Vicor Corp,finviz_prefilter,eps_growth,,price_min;market_cap_min;avg_volume_min;revenue_growth;eps_growth;eps_next_year;operating_margin;earnings_window,False,"{'revenue_growth_yoy': 49.25, 'eps_growth_yoy': 14.17, 'eps_next_year': 73.22, 'operating_margin': 18.64}",,Finviz via finvizfinance screener views,2026-09-18T23:30:30+02:00,2026-07-21,,59,NORMAL,"{'failed_gate': 'eps_growth', 'actual_value': 14.17, 'applicable_threshold': 20.0, 'distance_to_threshold': 5.83, 'distance_to_threshold_pct': 29.15, 'formula': 'minimo: distance = threshold - actual; pct = distance / abs(threshold) * 100'}"
VNOM,Viper Energy Inc,finviz_prefilter,eps_next_year,,price_min;market_cap_min;avg_volume_min;revenue_growth;eps_growth;eps_next_year;operating_margin;earnings_window,False,"{'revenue_growth_yoy': 129.26999999999998, 'eps_growth_yoy': 157.99, 'eps_next_year': -7.15, 'operating_margin': 48.86}",,Finviz via finvizfinance screener views,2026-09-18T23:30:30+02:00,2026-08-03,,46,NORMAL,"{'failed_gate': 'eps_next_year', 'actual_value': -7.15, 'applicable_threshold': 15.0, 'distance_to_threshold': 22.15, 'distance_to_threshold_pct': 147.66666666666666, 'formula': 'minimo: distance = threshold - actual; pct = distance / abs(threshold) * 100'}"
VRDN,Viridian Therapeutics Inc,finviz_prefilter,eps_growth;operating_margin,,price_min;market_cap_min;avg_volume_min;revenue_growth;eps_growth;eps_next_year;operating_margin;earnings_window,False,"{'revenue_growth_yoy': 278.67, 'eps_growth_yoy': 4.5600000000000005, 'eps_next_year': 34.08, 'operating_margin': -569.68}",,Finviz via finvizfinance screener views,2026-09-18T23:30:30+02:00,2026-08-06,,43,NORMAL,
VRNS,Varonis Systems Inc,finviz_prefilter,revenue_growth;eps_growth;operating_margin,,price_min;market_cap_min;avg_volume_min;revenue_growth;eps_growth;eps_next_year;operating_margin;earnings_window,False,"{'revenue_growth_yoy': 18.84, 'eps_growth_yoy': -27.529999999999998, 'eps_next_year': 176.81, 'operating_margin': -24.01}",,Finviz via finvizfinance screener views,2026-09-18T23:30:30+02:00,2026-07-28,,52,NORMAL,
VRSK,Verisk Analytics Inc,finviz_prefilter,revenue_growth;eps_growth;eps_next_year,,price_min;market_cap_min;avg_volume_min;revenue_growth;eps_growth;eps_next_year;operating_margin;earnings_window,False,"{'revenue_growth_yoy': 4.36, 'eps_growth_yoy': -3.2099999999999995, 'eps_next_year': 12.67, 'operating_margin': 44.81}",,Finviz via finvizfinance screener views,2026-09-18T23:30:30+02:00,2026-07-29,,51,NORMAL,
VRSN,Verisign Inc,finviz_prefilter,revenue_growth;eps_growth;eps_next_year,,price_min;market_cap_min;avg_volume_min;revenue_growth;eps_growth;eps_next_year;operating_margin;earnings_window,False,"{'revenue_growth_yoy': 6.03, 'eps_growth_yoy': 7.71, 'eps_next_year': 13.42, 'operating_margin': 67.86}",,Finviz via finvizfinance screener views,2026-09-18T23:30:30+02:00,2026-07-23,,57,NORMAL,
VRTX,Vertex Pharmaceuticals Inc,finviz_prefilter,revenue_growth;eps_growth;eps_next_year,,price_min;market_cap_min;avg_volume_min;revenue_growth;eps_growth;eps_next_year;operating_margin;earnings_window,False,"{'revenue_growth_yoy': 11.99, 'eps_growth_yoy': 8.02, 'eps_next_year': 13.18, 'operating_margin': 39.54}",,Finviz via finvizfinance screener views,2026-09-18T23:30:30+02:00,2026-08-03,,46,NORMAL,
VSAT,Viasat Inc,finviz_prefilter,revenue_growth;eps_growth;eps_next_year;operating_margin,,price_min;market_cap_min;avg_volume_min;revenue_growth;eps_growth;eps_next_year;operating_margin;earnings_window,False,"{'revenue_growth_yoy': -1.24, 'eps_growth_yoy': 12.030000000000001, 'eps_next_year': -1.39, 'operating_margin': 2.35}",,Finviz via finvizfinance screener views,2026-09-18T23:30:30+02:00,2026-08-04,,45,NORMAL,
VSNT,Versant Media Group Inc,finviz_prefilter,revenue_growth;eps_growth,,price_min;market_cap_min;avg_volume_min;revenue_growth;eps_growth;eps_next_year;operating_margin;earnings_window,False,"{'revenue_growth_yoy': -3.75, 'eps_growth_yoy': -28.54, 'eps_next_year': 63.26, 'operating_margin': 19.29}",,Finviz via finvizfinance screener views,2026-09-18T23:30:30+02:00,2026-08-06,,43,NORMAL,
VTRS,Viatris Inc,finviz_prefilter,revenue_growth;eps_growth;eps_next_year,,price_min;market_cap_min;avg_volume_min;revenue_growth;eps_growth;eps_next_year;operating_margin;earnings_window,False,"{'revenue_growth_yoy': 5.050000000000001, 'eps_growth_yoy': -2517.9500000000003, 'eps_next_year': 5.93, 'operating_margin': 9.69}",,Finviz via finvizfinance screener views,2026-09-18T23:30:30+02:00,2026-08-06,,43,NORMAL,
WAY,Waystar Holding Corp,finviz_prefilter,revenue_growth;eps_growth;eps_next_year,,price_min;market_cap_min;avg_volume_min;revenue_growth;eps_growth;eps_next_year;operating_margin;earnings_window,False,"{'revenue_growth_yoy': 18.11, 'eps_growth_yoy': 18.57, 'eps_next_year': 12.48, 'operating_margin': 25.36}",,Finviz via finvizfinance screener views,2026-09-18T23:30:30+02:00,2026-07-29,,51,NORMAL,
WBD,Warner Bros. Discovery Inc,finviz_prefilter,revenue_growth;eps_growth;operating_margin,,price_min;market_cap_min;avg_volume_min;revenue_growth;eps_growth;eps_next_year;operating_margin;earnings_window,False,"{'revenue_growth_yoy': -11.07, 'eps_growth_yoy': -90.84, 'eps_next_year': 100.25, 'operating_margin': 7.000000000000001}",,Finviz via finvizfinance screener views,2026-09-18T23:30:30+02:00,2026-08-06,,43,NORMAL,
WDAY,Workday Inc,finviz_prefilter,revenue_growth,,price_min;market_cap_min;avg_volume_min;revenue_growth;eps_growth;eps_next_year;operating_margin;earnings_window,False,"{'revenue_growth_yoy': 13.29, 'eps_growth_yoy': 204.05, 'eps_next_year': 19.5, 'operating_margin': 12.64}",,Finviz via finvizfinance screener views,2026-09-18T23:30:30+02:00,2026-08-27,,22,NORMAL,"{'failed_gate': 'revenue_growth', 'actual_value': 13.29, 'applicable_threshold': 20.0, 'distance_to_threshold': 6.710000000000001, 'distance_to_threshold_pct': 33.550000000000004, 'formula': 'minimo: distance = threshold - actual; pct = distance / abs(threshold) * 100'}"
WERN,Werner Enterprises Inc,finviz_prefilter,eps_growth;operating_margin,,price_min;market_cap_min;avg_volume_min;revenue_growth;eps_growth;eps_next_year;operating_margin;earnings_window,False,"{'revenue_growth_yoy': 24.0, 'eps_growth_yoy': -85.41, 'eps_next_year': 101.03, 'operating_margin': 0.7000000000000001}",,Finviz via finvizfinance screener views,2026-09-18T23:30:30+02:00,2026-07-28,,52,NORMAL,
WFRD,Weatherford International plc,finviz_prefilter,revenue_growth;eps_growth,,price_min;market_cap_min;avg_volume_min;revenue_growth;eps_growth;eps_next_year;operating_margin;earnings_window,False,"{'revenue_growth_yoy': -8.219999999999999, 'eps_growth_yoy': -71.24000000000001, 'eps_next_year': 42.21, 'operating_margin': 14.42}",,Finviz via finvizfinance screener views,2026-09-18T23:30:30+02:00,2026-07-21,,59,NORMAL,
WING,Wingstop Inc,finviz_prefilter,revenue_growth;eps_growth,,price_min;market_cap_min;avg_volume_min;revenue_growth;eps_growth;eps_next_year;operating_margin;earnings_window,False,"{'revenue_growth_yoy': 6.4399999999999995, 'eps_growth_yoy': 20.11, 'eps_next_year': 20.68, 'operating_margin': 28.77}",,Finviz via finvizfinance screener views,2026-09-18T23:30:30+02:00,2026-07-29,,51,NORMAL,
WIX,Wix.com Ltd,finviz_prefilter,revenue_growth;eps_growth;operating_margin,,price_min;market_cap_min;avg_volume_min;revenue_growth;eps_growth;eps_next_year;operating_margin;earnings_window,False,"{'revenue_growth_yoy': 14.93, 'eps_growth_yoy': -283.72, 'eps_next_year': 51.77, 'operating_margin': -3.1399999999999997}",,Finviz via finvizfinance screener views,2026-09-18T23:30:30+02:00,2026-08-04,,45,NORMAL,
WMG,Warner Music Group Corp,finviz_prefilter,revenue_growth,,price_min;market_cap_min;avg_volume_min;revenue_growth;eps_growth;eps_next_year;operating_margin;earnings_window,False,"{'revenue_growth_yoy': 10.36, 'eps_growth_yoy': 1348.53, 'eps_next_year': 20.88, 'operating_margin': 18.77}",,Finviz via finvizfinance screener views,2026-09-18T23:30:30+02:00,2026-08-05,,44,NORMAL,"{'failed_gate': 'revenue_growth', 'actual_value': 10.36, 'applicable_threshold': 20.0, 'distance_to_threshold': 9.64, 'distance_to_threshold_pct': 48.2, 'formula': 'minimo: distance = threshold - actual; pct = distance / abs(threshold) * 100'}"
WMT,Walmart Inc,finviz_prefilter,revenue_growth;eps_growth;eps_next_year;operating_margin,,price_min;market_cap_min;avg_volume_min;revenue_growth;eps_growth;eps_next_year;operating_margin;earnings_window,False,"{'revenue_growth_yoy': 5.94, 'eps_growth_yoy': -8.97, 'eps_next_year': 11.71, 'operating_margin': 4.390000000000001}",,Finviz via finvizfinance screener views,2026-09-18T23:30:30+02:00,2026-08-20,,29,NORMAL,
WSBC,Wesbanco Inc,finviz_prefilter,revenue_growth;eps_next_year,,price_min;market_cap_min;avg_volume_min;revenue_growth;eps_growth;eps_next_year;operating_margin;earnings_window,False,"{'revenue_growth_yoy': 1.24, 'eps_growth_yoy': 59.650000000000006, 'eps_next_year': 8.05, 'operating_margin': 30.669999999999998}",,Finviz via finvizfinance screener views,2026-09-18T23:30:30+02:00,2026-07-21,,59,NORMAL,
WSC,WillScot Holdings Corp,finviz_prefilter,revenue_growth;eps_growth,,price_min;market_cap_min;avg_volume_min;revenue_growth;eps_growth;eps_next_year;operating_margin;earnings_window,False,"{'revenue_growth_yoy': 3.92, 'eps_growth_yoy': -1.11, 'eps_next_year': 15.66, 'operating_margin': 20.549999999999997}",,Finviz via finvizfinance screener views,2026-09-18T23:30:30+02:00,2026-08-06,,43,NORMAL,
WULF,TeraWulf Inc,finviz_prefilter,revenue_growth;eps_growth;operating_margin,,price_min;market_cap_min;avg_volume_min;revenue_growth;eps_growth;eps_next_year;operating_margin;earnings_window,False,"{'revenue_growth_yoy': -6.02, 'eps_growth_yoy': -3973.6800000000003, 'eps_next_year': 92.3, 'operating_margin': -227.32000000000002}",,Finviz via finvizfinance screener views,2026-09-18T23:30:30+02:00,2026-08-05,,44,NORMAL,
WYNN,Wynn Resorts Ltd,finviz_prefilter,revenue_growth;eps_next_year,,price_min;market_cap_min;avg_volume_min;revenue_growth;eps_growth;eps_next_year;operating_margin;earnings_window,False,"{'revenue_growth_yoy': 6.859999999999999, 'eps_growth_yoy': 106.71, 'eps_next_year': 7.58, 'operating_margin': 16.3}",,Finviz via finvizfinance screener views,2026-09-18T23:30:30+02:00,2026-08-04,,45,NORMAL,
XEL,Xcel Energy Inc,finviz_prefilter,revenue_growth;eps_growth;eps_next_year,,price_min;market_cap_min;avg_volume_min;revenue_growth;eps_growth;eps_next_year;operating_margin;earnings_window,False,"{'revenue_growth_yoy': -4.9399999999999995, 'eps_growth_yoy': 23.77, 'eps_next_year': 10.52, 'operating_margin': 21.16}",,Finviz via finvizfinance screener views,2026-09-18T23:30:30+02:00,2026-07-30,,50,NORMAL,
XP,XP Inc,finviz_prefilter,eps_growth;eps_next_year,,price_min;market_cap_min;avg_volume_min;revenue_growth;eps_growth;eps_next_year;operating_margin;earnings_window,False,"{'revenue_growth_yoy': 20.82, 'eps_growth_yoy': 21.83, 'eps_next_year': 13.68, 'operating_margin': 31.869999999999997}",,Finviz via finvizfinance screener views,2026-09-18T23:30:30+02:00,2026-08-17,,32,NORMAL,
Z,Zillow Group Inc,finviz_prefilter,revenue_growth;eps_growth;operating_margin,,price_min;market_cap_min;avg_volume_min;revenue_growth;eps_growth;eps_next_year;operating_margin;earnings_window,False,"{'revenue_growth_yoy': 17.86, 'eps_growth_yoy': -320.0, 'eps_next_year': 28.03, 'operating_margin': 1.78}",,Finviz via finvizfinance screener views,2026-09-18T23:30:30+02:00,2026-08-05,,44,NORMAL,
ZBIO,Zenas Biopharma Inc,finviz_prefilter,eps_next_year;operating_margin,revenue_growth;eps_growth,price_min;market_cap_min;avg_volume_min;eps_next_year;operating_margin;earnings_window,False,"{'revenue_growth_yoy': None, 'eps_growth_yoy': -41.57, 'eps_next_year': 10.88, 'operating_margin': -27390.100000000002}",,Finviz via finvizfinance screener views,2026-09-18T23:30:30+02:00,2026-08-13,,36,NORMAL,
ZG,Zillow Group Inc,finviz_prefilter,revenue_growth;eps_growth;operating_margin,,price_min;market_cap_min;avg_volume_min;revenue_growth;eps_growth;eps_next_year;operating_margin;earnings_window,False,"{'revenue_growth_yoy': 17.86, 'eps_growth_yoy': -320.0, 'eps_next_year': 28.85, 'operating_margin': 1.78}",,Finviz via finvizfinance screener views,2026-09-18T23:30:30+02:00,2026-08-05,,44,NORMAL,
ZION,Zions Bancorporation N.A,finviz_prefilter,revenue_growth;eps_next_year,,price_min;market_cap_min;avg_volume_min;revenue_growth;eps_growth;eps_next_year;operating_margin;earnings_window,False,"{'revenue_growth_yoy': 19.1, 'eps_growth_yoy': 86.9, 'eps_next_year': -14.27, 'operating_margin': 29.060000000000002}",,Finviz via finvizfinance screener views,2026-09-18T23:30:30+02:00,2026-07-20,,60,NORMAL,
ZM,Zoom Communications Inc,finviz_prefilter,revenue_growth;eps_next_year,,price_min;market_cap_min;avg_volume_min;revenue_growth;eps_growth;eps_next_year;operating_margin;earnings_window,False,"{'revenue_growth_yoy': 4.93, 'eps_growth_yoy': 342.31, 'eps_next_year': 3.49, 'operating_margin': 23.73}",,Finviz via finvizfinance screener views,2026-09-18T23:30:30+02:00,2026-08-25,,24,NORMAL,
ZS,Zscaler Inc,finviz_prefilter,eps_next_year;operating_margin,,price_min;market_cap_min;avg_volume_min;revenue_growth;eps_growth;eps_next_year;operating_margin;earnings_window,False,"{'revenue_growth_yoy': 24.88, 'eps_growth_yoy': 81.47999999999999, 'eps_next_year': 14.74, 'operating_margin': -3.65}",,Finviz via finvizfinance screener views,2026-09-18T23:30:30+02:00,2026-09-03,,15,PEAD_WINDOW,
AAON,AAON Inc,tradingview_gates,price_above_sma50;sma50_above_sma150;ema21_above_ema50;within_25pct_52w_high;rsi14;performance_21d,,price_min;market_cap_min;avg_volume_min;price_above_sma50;sma50_above_sma150;sma150_above_sma200;ema21_above_ema50;within_25pct_52w_high;rsi14;atr_pct;rvol20_data_available;performance_21d;distance_resistance_hard;no_extended_move_10d;revenue_growth;eps_growth;eps_next_year;operating_margin;earnings_window;market_regime_allows_new_entries,True,"{'price': 76.76, 'price_tv': 76.76, 'price_finviz': 76.76, 'sma50': 88.6913, 'sma150': 101.7631, 'sma200': 97.86485, 'ema21': 78.94951371561892, 'ema50': 87.93662368485651, 'rsi14': 41.543052421196855, 'atr14': 3.836261380742898, 'atr_pct': 4.997734993151248, 'rvol20': 1.372359087550305, 'performance_21d_pct': -5.222867020619814, 'distance_52w_high_pct': 48.98308452949922, 'distance_resistance_pct': 80.725638353309, 'move_10d_pct': -1.564503718902277, 'structural_trend_pass': False}",pattern;previous_revenue_growth_yoy;shares_change_6m_pct,TradingView MCP + Finviz via finvizfinance screener views,2026-09-18T23:31:04+02:00,2026-08-10,,39,NORMAL,
ACMR,ACM Research Inc,tradingview_gates,price_above_sma50;ema21_above_ema50;within_25pct_52w_high;rsi14;performance_21d,,price_min;market_cap_min;avg_volume_min;price_above_sma50;sma50_above_sma150;sma150_above_sma200;ema21_above_ema50;within_25pct_52w_high;rsi14;atr_pct;rvol20_data_available;performance_21d;distance_resistance_hard;no_extended_move_10d;revenue_growth;eps_growth;eps_next_year;operating_margin;earnings_window;market_regime_allows_new_entries,True,"{'price': 68.51, 'price_tv': 68.51, 'price_finviz': 68.51, 'sma50': 79.1348, 'sma150': 70.71666666666667, 'sma200': 64.951975, 'ema21': 72.38671351469651, 'ema50': 77.03573514045542, 'rsi14': 41.90321228887605, 'atr14': 4.818012617026096, 'atr_pct': 7.032568409029478, 'rvol20': 1.9753902561932728, 'performance_21d_pct': -11.702538986982859, 'distance_52w_high_pct': 46.135702492334296, 'distance_resistance_pct': 85.65172967450006, 'move_10d_pct': -1.3108614232209659, 'structural_trend_pass': False}",pattern;previous_revenue_growth_yoy;shares_change_6m_pct,TradingView MCP + Finviz via finvizfinance screener views,2026-09-18T23:31:09+02:00,2026-08-07,,42,NORMAL,
ADI,Analog Devices Inc,tradingview_gates,sma50_above_sma150;ema21_above_ema50;rsi14,,price_min;market_cap_min;avg_volume_min;price_above_sma50;sma50_above_sma150;sma150_above_sma200;ema21_above_ema50;within_25pct_52w_high;rsi14;atr_pct;rvol20_data_available;performance_21d;distance_resistance_hard;no_extended_move_10d;revenue_growth;eps_growth;eps_next_year;operating_margin;earnings_window;market_regime_allows_new_entries,True,"{'price': 375.72, 'price_tv': 375.72, 'price_finviz': 375.72, 'sma50': 373.4087, 'sma150': 373.51716666666664, 'sma200': 353.7482, 'ema21': 367.340795280969, 'ema50': 373.59061557294837, 'rsi14': 54.77778423666859, 'atr14': 11.451475274966521, 'atr_pct': 3.047874820336027, 'rvol20': 2.255369813945985, 'performance_21d_pct': 0.6590580292557657, 'distance_52w_high_pct': 15.740844565046757, 'distance_resistance_pct': 14.94463962525284, 'move_10d_pct': 5.391304347826087, 'structural_trend_pass': False}",pattern;previous_revenue_growth_yoy;shares_change_6m_pct,TradingView MCP + Finviz via finvizfinance screener views,2026-09-18T23:31:23+02:00,2026-08-19,,30,NORMAL,
AFRM,Affirm Holdings Inc,tradingview_gates,price_above_sma50;sma150_above_sma200;ema21_above_ema50;rsi14;performance_21d,,price_min;market_cap_min;avg_volume_min;price_above_sma50;sma50_above_sma150;sma150_above_sma200;ema21_above_ema50;within_25pct_52w_high;rsi14;atr_pct;rvol20_data_available;performance_21d;distance_resistance_hard;no_extended_move_10d;revenue_growth;eps_growth;eps_next_year;operating_margin;earnings_window;market_regime_allows_new_entries,True,"{'price': 71.21, 'price_tv': 71.21, 'price_finviz': 71.21, 'sma50': 74.9371, 'sma150': 65.54323333333333, 'sma200': 66.692, 'ema21': 72.76104550563822, 'ema50': 73.56359237232422, 'rsi14': 45.68879352325629, 'atr14': 3.5923110736017088, 'atr_pct': 5.044672199974314, 'rvol20': 0.6705162443964686, 'performance_21d_pct': -7.914134229923708, 'distance_52w_high_pct': 23.06611927398445, 'distance_resistance_pct': 27.004634180592625, 'move_10d_pct': -4.158815612382238, 'structural_trend_pass': False}",pattern;previous_revenue_growth_yoy;shares_change_6m_pct,TradingView MCP + Finviz via finvizfinance screener views,2026-09-18T23:31:38+02:00,2026-08-27,,22,NORMAL,
ALAB,Astera Labs Inc,tradingview_gates,price_above_sma50;ema21_above_ema50;within_25pct_52w_high;rsi14,,price_min;market_cap_min;avg_volume_min;price_above_sma50;sma50_above_sma150;sma150_above_sma200;ema21_above_ema50;within_25pct_52w_high;rsi14;atr_pct;rvol20_data_available;performance_21d;distance_resistance_hard;no_extended_move_10d;revenue_growth;eps_growth;eps_next_year;operating_margin;earnings_window;market_regime_allows_new_entries,True,"{'price': 303.25, 'price_tv': 303.25, 'price_finviz': 303.25, 'sma50': 305.3771, 'sma150': 253.80563333333333, 'sma200': 231.18685000000002, 'ema21': 289.3410623009584, 'ema50': 301.1610330983844, 'rsi14': 52.76535129396474, 'atr14': 21.99713981808268, 'atr_pct': 7.253797137042928, 'rvol20': 2.0749189998559414, 'performance_21d_pct': 4.923534703480725, 'distance_52w_high_pct': 39.28639642889892, 'distance_resistance_pct': 64.7077328936521, 'move_10d_pct': 7.223675836220922, 'structural_trend_pass': False}",pattern;previous_revenue_growth_yoy;shares_change_6m_pct,TradingView MCP + Finviz via finvizfinance screener views,2026-09-18T23:31:52+02:00,2026-08-04,,45,NORMAL,
ALNY,Alnylam Pharmaceuticals Inc,tradingview_gates,price_above_sma50;sma50_above_sma150;sma150_above_sma200;ema21_above_ema50;within_25pct_52w_high;rsi14;performance_21d,,price_min;market_cap_min;avg_volume_min;price_above_sma50;sma50_above_sma150;sma150_above_sma200;ema21_above_ema50;within_25pct_52w_high;rsi14;atr_pct;rvol20_data_available;performance_21d;distance_resistance_hard;no_extended_move_10d;revenue_growth;eps_growth;eps_next_year;operating_margin;earnings_window;market_regime_allows_new_entries,True,"{'price': 239.56, 'price_tv': 239.56, 'price_finviz': 239.56, 'sma50': 247.93920000000003, 'sma150': 288.7581, 'sma200': 312.170475, 'ema21': 245.8215082864658, 'ema50': 252.78993237860453, 'rsi14': 45.37212239640484, 'atr14': 10.584099828712905, 'atr_pct': 4.4181415214196464, 'rvol20': 1.6642582455627741, 'performance_21d_pct': -1.2571616998474977, 'distance_52w_high_pct': 51.657754010695186, 'distance_resistance_pct': 58.62414426448489, 'move_10d_pct': -9.429111531190927, 'structural_trend_pass': False}",pattern;previous_revenue_growth_yoy;shares_change_6m_pct,TradingView MCP + Finviz via finvizfinance screener views,2026-09-18T23:32:06+02:00,2026-07-30,,50,NORMAL,
AMAT,Applied Materials Inc,tradingview_gates,price_above_sma50;ema21_above_ema50;within_25pct_52w_high;rsi14;performance_21d,,price_min;market_cap_min;avg_volume_min;price_above_sma50;sma50_above_sma150;sma150_above_sma200;ema21_above_ema50;within_25pct_52w_high;rsi14;atr_pct;rvol20_data_available;performance_21d;distance_resistance_hard;no_extended_move_10d;revenue_growth;eps_growth;eps_next_year;operating_margin;earnings_window;market_regime_allows_new_entries,True,"{'price': 444.57, 'price_tv': 444.57, 'price_finviz': 444.57, 'sma50': 501.1182, 'sma150': 457.4708666666667, 'sma200': 416.263125, 'ema21': 456.8253715766881, 'ema50': 484.1544689449771, 'rsi14': 43.79325659412811, 'atr14': 21.64039844311074, 'atr_pct': 4.867714520347918, 'rvol20': 2.3382193274058136, 'performance_21d_pct': -10.399661406372818, 'distance_52w_high_pct': 39.896169913610116, 'distance_resistance_pct': 66.37874800368894, 'move_10d_pct': 1.9866486201280065, 'structural_trend_pass': False}",pattern;previous_revenue_growth_yoy;shares_change_6m_pct,TradingView MCP + Finviz via finvizfinance screener views,2026-09-18T23:32:12+02:00,2026-08-13,,36,NORMAL,
AMLX,Amylyx Pharmaceuticals Inc,tradingview_gates,rsi14;performance_21d,revenue_growth;eps_growth;operating_margin,price_min;market_cap_min;avg_volume_min;price_above_sma50;sma50_above_sma150;sma150_above_sma200;ema21_above_ema50;within_25pct_52w_high;rsi14;atr_pct;rvol20_data_available;performance_21d;distance_resistance_hard;no_extended_move_10d;eps_next_year;earnings_window;market_regime_allows_new_entries,True,"{'price': 32.41, 'price_tv': 32.41, 'price_finviz': 32.41, 'sma50': 26.8802, 'sma150': 19.101766666666666, 'sma200': 17.69515, 'ema21': 32.40282170881947, 'ema50': 28.277631427073437, 'rsi14': 53.106048471207224, 'atr14': 1.9024915961919366, 'atr_pct': 5.870075890749574, 'rvol20': 0.8754299976524361, 'performance_21d_pct': -16.03626943005183, 'distance_52w_high_pct': 21.22022362664075, 'distance_resistance_pct': 26.936130823819827, 'move_10d_pct': -4.564193168433461, 'structural_trend_pass': True}",gross_margin;operating_margin;pattern;previous_revenue_growth_yoy;revenue_growth_yoy;shares_change_6m_pct,TradingView MCP + Finviz via finvizfinance screener views,2026-09-18T23:32:40+02:00,2026-08-06,,43,NORMAL,
APP,Applovin Corp,tradingview_gates,price_above_sma50;sma50_above_sma150;sma150_above_sma200;ema21_above_ema50;within_25pct_52w_high;rsi14;performance_21d,,price_min;market_cap_min;avg_volume_min;price_above_sma50;sma50_above_sma150;sma150_above_sma200;ema21_above_ema50;within_25pct_52w_high;rsi14;atr_pct;rvol20_data_available;performance_21d;distance_resistance_hard;no_extended_move_10d;revenue_growth;eps_growth;eps_next_year;operating_margin;earnings_window;market_regime_allows_new_entries,True,"{'price': 308.06, 'price_tv': 308.06, 'price_finviz': 308.06, 'sma50': 357.1932, 'sma150': 432.70686666666666, 'sma200': 475.317025, 'ema21': 323.68180163197354, 'ema50': 357.8935777735644, 'rsi14': 39.789800858557435, 'atr14': 16.373732149805555, 'atr_pct': 5.315111390575068, 'rvol20': 2.4289384544865764, 'performance_21d_pct': -0.878406641140328, 'distance_52w_high_pct': 58.68349405185016, 'distance_resistance_pct': 87.12585210673244, 'move_10d_pct': -1.7603163467057814, 'structural_trend_pass': False}",pattern;previous_revenue_growth_yoy;shares_change_6m_pct,TradingView MCP + Finviz via finvizfinance screener views,2026-09-18T23:32:54+02:00,2026-08-05,,44,NORMAL,
ARXS,Arxis Inc,tradingview_gates,,price_above_sma50;sma50_above_sma150;sma150_above_sma200;ema21_above_ema50;within_25pct_52w_high;rsi14;atr_pct;rvol20_data_available;performance_21d;distance_resistance_hard;no_extended_move_10d;revenue_growth;eps_growth;operating_margin,price_min;market_cap_min;avg_volume_min;eps_next_year;earnings_window;market_regime_allows_new_entries,False,"{'price': None, 'price_tv': None, 'price_finviz': 52.02, 'sma50': None, 'sma150': None, 'sma200': None, 'ema21': None, 'ema50': None, 'rsi14': None, 'atr14': None, 'atr_pct': None, 'rvol20': None, 'performance_21d_pct': None, 'distance_52w_high_pct': None, 'distance_resistance_pct': None, 'move_10d_pct': None, 'structural_trend_pass': False}",atr14;atr_pct;distance_52w_high_pct;distance_resistance_pct;ema21;ema50;eps_growth_yoy;gross_margin;move_10d_pct;operating_margin;pattern;performance_21d_pct;previous_revenue_growth_yoy;price;price_tv;resistance;revenue_growth_yoy;rsi14;rvol20;shares_change_6m_pct;sma150;sma200;sma50;week52_high,TradingView MCP + Finviz via finvizfinance screener views,2026-09-18T23:33:00+02:00,2026-07-29,,51,NORMAL,
ASML,ASML Holding NV,tradingview_gates,price_above_sma50;ema21_above_ema50;rsi14;performance_21d,,price_min;market_cap_min;avg_volume_min;price_above_sma50;sma50_above_sma150;sma150_above_sma200;ema21_above_ema50;within_25pct_52w_high;rsi14;atr_pct;rvol20_data_available;performance_21d;distance_resistance_hard;no_extended_move_10d;revenue_growth;eps_growth;eps_next_year;operating_margin;earnings_window;market_regime_allows_new_entries,True,"{'price': 1679.92, 'price_tv': 1679.92, 'price_finviz': 1679.92, 'sma50': 1722.15, 'sma150': 1600.2886666666666, 'sma200': 1509.4695749999998, 'ema21': 1683.6152857694135, 'ema50': 1704.8569272851491, 'rsi14': 48.5905957806166, 'atr14': 55.8298606227826, 'atr_pct': 3.323364244891578, 'rvol20': 2.1487420456745356, 'performance_21d_pct': -4.09937604539512, 'distance_52w_high_pct': 16.002320046400925, 'distance_resistance_pct': 19.050907186056477, 'move_10d_pct': 2.0489736907647327, 'structural_trend_pass': False}",pattern;previous_revenue_growth_yoy;shares_change_6m_pct,TradingView MCP + Finviz via finvizfinance screener views,2026-09-18T23:33:14+02:00,2026-07-15,,65,NORMAL,
AUGO,Aura Minerals Inc,tradingview_gates,sma50_above_sma150,,price_min;market_cap_min;avg_volume_min;price_above_sma50;sma50_above_sma150;sma150_above_sma200;ema21_above_ema50;within_25pct_52w_high;rsi14;atr_pct;rvol20_data_available;performance_21d;distance_resistance_hard;no_extended_move_10d;revenue_growth;eps_growth;eps_next_year;operating_margin;earnings_window;market_regime_allows_new_entries,True,"{'price': 88.25, 'price_tv': 88.25, 'price_finviz': 88.25, 'sma50': 72.56869999999999, 'sma150': 75.5944, 'sma200': 70.763, 'ema21': 84.15219666852241, 'ema50': 77.87823210881422, 'rsi14': 62.09998472684031, 'atr14': 4.565399714223863, 'atr_pct': 5.173257466542621, 'rvol20': 1.4417485706695379, 'performance_21d_pct': 3.8235294117647145, 'distance_52w_high_pct': 20.006163831002254, 'distance_resistance_pct': 5.937677053824357, 'move_10d_pct': 0.1588922937237447, 'structural_trend_pass': False}",pattern;previous_revenue_growth_yoy;shares_change_6m_pct,TradingView MCP + Finviz via finvizfinance screener views,2026-09-18T23:33:20+02:00,2026-08-05,,44,NORMAL,
AVGO,Broadcom Inc,tradingview_gates,price_above_sma50;ema21_above_ema50;within_25pct_52w_high;rsi14;performance_21d,,price_min;market_cap_min;avg_volume_min;price_above_sma50;sma50_above_sma150;sma150_above_sma200;ema21_above_ema50;within_25pct_52w_high;rsi14;atr_pct;rvol20_data_available;performance_21d;distance_resistance_hard;no_extended_move_10d;revenue_growth;eps_growth;eps_next_year;operating_margin;earnings_window;market_regime_allows_new_entries,True,"{'price': 357.61, 'price_tv': 357.61, 'price_finviz': 357.61, 'sma50': 379.75489999999996, 'sma150': 376.43413333333336, 'sma200': 369.09670000000006, 'ema21': 361.5415627519415, 'ema50': 373.84789966298007, 'rsi14': 45.53547185073508, 'atr14': 12.212467036878095, 'atr_pct': 3.4150239190397627, 'rvol20': 1.7142052292196965, 'performance_21d_pct': -1.3435224012359304, 'distance_52w_high_pct': 27.755555555555556, 'distance_resistance_pct': 21.006123989821315, 'move_10d_pct': 0.1259939522902931, 'structural_trend_pass': False}",pattern;previous_revenue_growth_yoy;shares_change_6m_pct,TradingView MCP + Finviz via finvizfinance screener views,2026-09-18T23:33:34+02:00,2026-09-02,,16,NORMAL,
AYA,Aya Gold & Silver Inc,tradingview_gates,,earnings_window,price_min;market_cap_min;avg_volume_min;price_above_sma50;sma50_above_sma150;sma150_above_sma200;ema21_above_ema50;within_25pct_52w_high;rsi14;atr_pct;rvol20_data_available;performance_21d;distance_resistance_hard;no_extended_move_10d;revenue_growth;eps_growth;eps_next_year;operating_margin;market_regime_allows_new_entries,True,"{'price': 28.46, 'price_tv': 28.46, 'price_finviz': 28.46, 'sma50': 24.758200000000002, 'sma150': 20.142434666666666, 'sma200': 19.065363, 'ema21': 27.535938657301877, 'ema50': 25.390898106140856, 'rsi14': 55.92059944533336, 'atr14': 1.7289026246134946, 'atr_pct': 6.07485110545852, 'rvol20': 3.671572540649173, 'performance_21d_pct': 4.440366972477072, 'distance_52w_high_pct': 6.381578947368414, 'distance_resistance_pct': 6.816584680252978, 'move_10d_pct': -4.56069751844399, 'structural_trend_pass': True}",pattern;previous_revenue_growth_yoy;shares_change_6m_pct,TradingView MCP + Finviz via finvizfinance screener views,2026-09-18T23:33:48+02:00,,,,UNKNOWN,
BSP,Bending Spoons S.p.A,tradingview_gates,,price_above_sma50;sma50_above_sma150;sma150_above_sma200;ema21_above_ema50;within_25pct_52w_high;rsi14;atr_pct;rvol20_data_available;performance_21d;distance_resistance_hard;no_extended_move_10d;revenue_growth;eps_growth;operating_margin,price_min;market_cap_min;avg_volume_min;eps_next_year;earnings_window;market_regime_allows_new_entries,False,"{'price': None, 'price_tv': None, 'price_finviz': 38.08, 'sma50': None, 'sma150': None, 'sma200': None, 'ema21': None, 'ema50': None, 'rsi14': None, 'atr14': None, 'atr_pct': None, 'rvol20': None, 'performance_21d_pct': None, 'distance_52w_high_pct': None, 'distance_resistance_pct': None, 'move_10d_pct': None, 'structural_trend_pass': False}",atr14;atr_pct;distance_52w_high_pct;distance_resistance_pct;ema21;ema50;eps_growth_yoy;gross_margin;move_10d_pct;operating_margin;pattern;performance_21d_pct;previous_revenue_growth_yoy;price;price_tv;resistance;revenue_growth_yoy;rsi14;rvol20;shares_change_6m_pct;sma150;sma200;sma50;week52_high,TradingView MCP + Finviz via finvizfinance screener views,2026-09-18T23:33:53+02:00,2026-08-13,,36,NORMAL,
CAI,Caris Life Sciences Inc,tradingview_gates,sma150_above_sma200;performance_21d,,price_min;market_cap_min;avg_volume_min;price_above_sma50;sma50_above_sma150;sma150_above_sma200;ema21_above_ema50;within_25pct_52w_high;rsi14;atr_pct;rvol20_data_available;performance_21d;distance_resistance_hard;no_extended_move_10d;revenue_growth;eps_growth;eps_next_year;operating_margin;earnings_window;market_regime_allows_new_entries,True,"{'price': 29.98, 'price_tv': 29.98, 'price_finviz': 29.98, 'sma50': 21.5552, 'sma150': 19.3432, 'sma200': 21.036125000000002, 'ema21': 25.833684264913853, 'ema50': 23.03598946015501, 'rsi14': 70.6256402748306, 'atr14': 1.5040238811125242, 'atr_pct': 5.016757442003082, 'rvol20': 2.752551520996373, 'performance_21d_pct': 31.72231985940246, 'distance_52w_high_pct': 13.211632767674656, 'distance_resistance_pct': 4.60306871247498, 'move_10d_pct': 18.404423380726698, 'structural_trend_pass': False}",pattern;previous_revenue_growth_yoy;shares_change_6m_pct,TradingView MCP + Finviz via finvizfinance screener views,2026-09-18T23:34:08+02:00,2026-08-05,,44,NORMAL,
CDNS,Cadence Design Systems Inc,tradingview_gates,price_above_sma50;sma50_above_sma150;ema21_above_ema50;within_25pct_52w_high;rsi14;performance_21d,,price_min;market_cap_min;avg_volume_min;price_above_sma50;sma50_above_sma150;sma150_above_sma200;ema21_above_ema50;within_25pct_52w_high;rsi14;atr_pct;rvol20_data_available;performance_21d;distance_resistance_hard;no_extended_move_10d;revenue_growth;eps_growth;eps_next_year;operating_margin;earnings_window;market_regime_allows_new_entries,True,"{'price': 282.9, 'price_tv': 282.9, 'price_finviz': 282.9, 'sma50': 324.7743, 'sma150': 330.3423, 'sma200': 326.084675, 'ema21': 299.4672459817266, 'ema50': 319.3796919197589, 'rsi14': 34.76827592707579, 'atr14': 10.16850480876371, 'atr_pct': 3.594381339259, 'rvol20': 1.675782500702612, 'performance_21d_pct': -10.184773636421374, 'distance_52w_high_pct': 32.10780196309007, 'distance_resistance_pct': 38.21138211382115, 'move_10d_pct': -7.20787207872079, 'structural_trend_pass': False}",pattern;previous_revenue_growth_yoy;shares_change_6m_pct,TradingView MCP + Finviz via finvizfinance screener views,2026-09-18T23:34:22+02:00,2026-07-27,,53,NORMAL,
CRDO,Credo Technology Group Holding Ltd,tradingview_gates,price_above_sma50;ema21_above_ema50;within_25pct_52w_high;rsi14;performance_21d,,price_min;market_cap_min;avg_volume_min;price_above_sma50;sma50_above_sma150;sma150_above_sma200;ema21_above_ema50;within_25pct_52w_high;rsi14;atr_pct;rvol20_data_available;performance_21d;distance_resistance_hard;no_extended_move_10d;revenue_growth;eps_growth;eps_next_year;operating_margin;earnings_window;market_regime_allows_new_entries,True,"{'price': 175.89, 'price_tv': 175.89, 'price_finviz': 175.89, 'sma50': 213.6577, 'sma150': 186.81656666666666, 'sma200': 175.832825, 'ema21': 185.66469070498582, 'ema50': 204.71766066359197, 'rsi14': 43.1422290804151, 'atr14': 14.306596257574427, 'atr_pct': 8.133831518320784, 'rvol20': 1.700264703730979, 'performance_21d_pct': -25.09581807341794, 'distance_52w_high_pct': 43.01679561240017, 'distance_resistance_pct': 65.1202456080505, 'move_10d_pct': 7.1389413412925595, 'structural_trend_pass': False}",pattern;previous_revenue_growth_yoy;shares_change_6m_pct,TradingView MCP + Finviz via finvizfinance screener views,2026-09-18T23:34:36+02:00,2026-09-01,,17,NORMAL,
FIGR,Figure Technology Solutions Inc,tradingview_gates,sma50_above_sma150;sma150_above_sma200;within_25pct_52w_high;rsi14;performance_21d,,price_min;market_cap_min;avg_volume_min;price_above_sma50;sma50_above_sma150;sma150_above_sma200;ema21_above_ema50;within_25pct_52w_high;rsi14;atr_pct;rvol20_data_available;performance_21d;distance_resistance_hard;no_extended_move_10d;revenue_growth;eps_growth;eps_next_year;operating_margin;earnings_window;market_regime_allows_new_entries,True,"{'price': 35.49, 'price_tv': 35.49, 'price_finviz': 35.49, 'sma50': 32.469, 'sma150': 32.9572, 'sma200': 36.87055, 'ema21': 34.94140946401255, 'ema50': 33.70006762060572, 'rsi14': 52.395251416784795, 'atr14': 2.58621036762473, 'atr_pct': 7.287152346082642, 'rvol20': 3.320918947718069, 'performance_21d_pct': -3.6906377204884655, 'distance_52w_high_pct': 54.49999999999999, 'distance_resistance_pct': 16.934347703578467, 'move_10d_pct': -1.9884009942004899, 'structural_trend_pass': False}",pattern;previous_revenue_growth_yoy;shares_change_6m_pct,TradingView MCP + Finviz via finvizfinance screener views,2026-09-18T23:34:50+02:00,2026-08-13,,36,NORMAL,
FORM,FormFactor Inc,tradingview_gates,sma50_above_sma150;ema21_above_ema50;within_25pct_52w_high,,price_min;market_cap_min;avg_volume_min;price_above_sma50;sma50_above_sma150;sma150_above_sma200;ema21_above_ema50;within_25pct_52w_high;rsi14;atr_pct;rvol20_data_available;performance_21d;distance_resistance_hard;no_extended_move_10d;revenue_growth;eps_growth;eps_next_year;operating_margin;earnings_window;market_regime_allows_new_entries,True,"{'price': 118.38, 'price_tv': 118.38, 'price_finviz': 118.38, 'sma50': 110.6471, 'sma150': 116.86873333333334, 'sma200': 104.661525, 'ema21': 109.35352922530741, 'ema50': 112.66264031995884, 'rsi14': 56.72821510108871, 'atr14': 7.424411621901241, 'atr_pct': 6.271677328857274, 'rvol20': 2.319443168308994, 'performance_21d_pct': 2.9839060461069877, 'distance_52w_high_pct': 26.137143570225252, 'distance_resistance_pct': 35.386044940023666, 'move_10d_pct': 22.343943778420815, 'structural_trend_pass': False}",pattern;previous_revenue_growth_yoy;shares_change_6m_pct,TradingView MCP + Finviz via finvizfinance screener views,2026-09-18T23:35:05+02:00,2026-07-29,,51,NORMAL,
FRVO,Fervo Energy Co,tradingview_gates,,price_above_sma50;sma50_above_sma150;sma150_above_sma200;ema21_above_ema50;within_25pct_52w_high;rsi14;atr_pct;rvol20_data_available;performance_21d;distance_resistance_hard;no_extended_move_10d;revenue_growth;eps_growth;operating_margin,price_min;market_cap_min;avg_volume_min;eps_next_year;earnings_window;market_regime_allows_new_entries,False,"{'price': None, 'price_tv': None, 'price_finviz': 16.91, 'sma50': None, 'sma150': None, 'sma200': None, 'ema21': None, 'ema50': None, 'rsi14': None, 'atr14': None, 'atr_pct': None, 'rvol20': None, 'performance_21d_pct': None, 'distance_52w_high_pct': None, 'distance_resistance_pct': None, 'move_10d_pct': None, 'structural_trend_pass': False}",atr14;atr_pct;distance_52w_high_pct;distance_resistance_pct;ema21;ema50;eps_growth_yoy;gross_margin;move_10d_pct;operating_margin;pattern;performance_21d_pct;previous_revenue_growth_yoy;price;price_tv;resistance;revenue_growth_yoy;rsi14;rvol20;shares_change_6m_pct;sma150;sma200;sma50;week52_high,TradingView MCP + Finviz via finvizfinance screener views,2026-09-18T23:35:10+02:00,2026-08-12,,37,NORMAL,
GLBE,Global E Online Ltd,tradingview_gates,price_above_sma50;sma150_above_sma200;rsi14;performance_21d,,price_min;market_cap_min;avg_volume_min;price_above_sma50;sma50_above_sma150;sma150_above_sma200;ema21_above_ema50;within_25pct_52w_high;rsi14;atr_pct;rvol20_data_available;performance_21d;distance_resistance_hard;no_extended_move_10d;revenue_growth;eps_growth;eps_next_year;operating_margin;earnings_window;market_regime_allows_new_entries,True,"{'price': 38.04, 'price_tv': 38.04, 'price_finviz': 38.04, 'sma50': 38.931599999999996, 'sma150': 34.706266666666664, 'sma200': 35.550475, 'ema21': 38.09738089878073, 'ema50': 37.9520272335942, 'rsi14': 49.02044767462005, 'atr14': 1.3571184296715046, 'atr_pct': 3.5676089108083717, 'rvol20': 1.4193762030733477, 'performance_21d_pct': -7.75945683802135, 'distance_52w_high_pct': 13.525801318481479, 'distance_resistance_pct': 15.641430073606738, 'move_10d_pct': -0.6529119874640887, 'structural_trend_pass': False}",pattern;previous_revenue_growth_yoy;shares_change_6m_pct,TradingView MCP + Finviz via finvizfinance screener views,2026-09-18T23:35:24+02:00,2026-08-12,,37,NORMAL,
HALO,Halozyme Therapeutics Inc,tradingview_gates,atr_pct;distance_resistance_hard,,price_min;market_cap_min;avg_volume_min;price_above_sma50;sma50_above_sma150;sma150_above_sma200;ema21_above_ema50;within_25pct_52w_high;rsi14;atr_pct;rvol20_data_available;performance_21d;distance_resistance_hard;no_extended_move_10d;revenue_growth;eps_growth;eps_next_year;operating_margin;earnings_window;market_regime_allows_new_entries,True,"{'price': 112.45, 'price_tv': 112.45, 'price_finviz': 112.45, 'sma50': 95.99509999999998, 'sma150': 77.76419999999999, 'sma200': 75.89105, 'ema21': 106.48685069261478, 'ema50': 98.09694682220787, 'rsi14': 69.89488319842488, 'atr14': 2.8660865960320123, 'atr_pct': 2.5487653143904065, 'rvol20': 6.929600967174951, 'performance_21d_pct': 4.488013380412559, 'distance_52w_high_pct': 0.18640156222261117, 'distance_resistance_pct': -1.1560693641618471, 'move_10d_pct': 1.5258215962441257, 'structural_trend_pass': True}",pattern;previous_revenue_growth_yoy;shares_change_6m_pct,TradingView MCP + Finviz via finvizfinance screener views,2026-09-18T23:35:39+02:00,2026-08-06,,43,NORMAL,
HONA,Honeywell Aerospace Inc,tradingview_gates,,price_above_sma50;sma50_above_sma150;sma150_above_sma200;ema21_above_ema50;within_25pct_52w_high;rsi14;atr_pct;rvol20_data_available;performance_21d;distance_resistance_hard;no_extended_move_10d;revenue_growth;eps_growth;operating_margin,price_min;market_cap_min;avg_volume_min;eps_next_year;earnings_window;market_regime_allows_new_entries,False,"{'price': None, 'price_tv': None, 'price_finviz': 163.6, 'sma50': None, 'sma150': None, 'sma200': None, 'ema21': None, 'ema50': None, 'rsi14': None, 'atr14': None, 'atr_pct': None, 'rvol20': None, 'performance_21d_pct': None, 'distance_52w_high_pct': None, 'distance_resistance_pct': None, 'move_10d_pct': None, 'structural_trend_pass': False}",atr14;atr_pct;distance_52w_high_pct;distance_resistance_pct;ema21;ema50;eps_growth_yoy;gross_margin;move_10d_pct;operating_margin;pattern;performance_21d_pct;previous_revenue_growth_yoy;price;price_tv;resistance;revenue_growth_yoy;rsi14;rvol20;shares_change_6m_pct;sma150;sma200;sma50;week52_high,TradingView MCP + Finviz via finvizfinance screener views,2026-09-18T23:35:44+02:00,2026-08-05,,44,NORMAL,
HOOD,Robinhood Markets Inc,tradingview_gates,sma150_above_sma200,,price_min;market_cap_min;avg_volume_min;price_above_sma50;sma50_above_sma150;sma150_above_sma200;ema21_above_ema50;within_25pct_52w_high;rsi14;atr_pct;rvol20_data_available;performance_21d;distance_resistance_hard;no_extended_move_10d;revenue_growth;eps_growth;eps_next_year;operating_margin;earnings_window;market_regime_allows_new_entries,True,"{'price': 119.82, 'price_tv': 119.82, 'price_finviz': 119.82, 'sma50': 103.175, 'sma150': 89.49836666666666, 'sma200': 94.90067499999999, 'ema21': 109.78739375703954, 'ema50': 104.5011923112023, 'rsi14': 60.00677326930358, 'atr14': 6.9092864541823635, 'atr_pct': 5.766388294260027, 'rvol20': 1.6344106031237517, 'performance_21d_pct': 25.112248094392807, 'distance_52w_high_pct': 22.123958224332664, 'distance_resistance_pct': 4.531797696544823, 'move_10d_pct': -3.928800513149455, 'structural_trend_pass': False}",pattern;previous_revenue_growth_yoy;shares_change_6m_pct,TradingView MCP + Finviz via finvizfinance screener views,2026-09-18T23:35:58+02:00,2026-07-29,,51,NORMAL,
IBKR,Interactive Brokers Group Inc,tradingview_gates,price_above_sma50;rsi14,,price_min;market_cap_min;avg_volume_min;price_above_sma50;sma50_above_sma150;sma150_above_sma200;ema21_above_ema50;within_25pct_52w_high;rsi14;atr_pct;rvol20_data_available;performance_21d;distance_resistance_hard;no_extended_move_10d;revenue_growth;eps_growth;eps_next_year;operating_margin;earnings_window;market_regime_allows_new_entries,True,"{'price': 90.69, 'price_tv': 90.69, 'price_finviz': 90.69, 'sma50': 91.5708, 'sma150': 83.47713333333333, 'sma200': 80.090225, 'ema21': 90.90640661655173, 'ema50': 90.81406945268022, 'rsi14': 49.17389636405683, 'atr14': 3.002925438802201, 'atr_pct': 3.3111979697896143, 'rvol20': 1.608164152671011, 'performance_21d_pct': 0.16567263088136386, 'distance_52w_high_pct': 8.162025316455699, 'distance_resistance_pct': 8.887418679016431, 'move_10d_pct': -2.4314147391070517, 'structural_trend_pass': False}",pattern;previous_revenue_growth_yoy;shares_change_6m_pct,TradingView MCP + Finviz via finvizfinance screener views,2026-09-18T23:36:04+02:00,2026-07-21,,59,NORMAL,
INCY,Incyte Corp,tradingview_gates,rsi14;atr_pct;performance_21d,,price_min;market_cap_min;avg_volume_min;price_above_sma50;sma50_above_sma150;sma150_above_sma200;ema21_above_ema50;within_25pct_52w_high;rsi14;atr_pct;rvol20_data_available;performance_21d;distance_resistance_hard;no_extended_move_10d;revenue_growth;eps_growth;eps_next_year;operating_margin;earnings_window;market_regime_allows_new_entries,True,"{'price': 125.31, 'price_tv': 125.31, 'price_finviz': 125.31, 'sma50': 122.3046, 'sma150': 106.94546666666666, 'sma200': 105.6392, 'ema21': 124.55646781655231, 'ema50': 121.22325068915725, 'rsi14': 52.52958402704506, 'atr14': 3.3078179000451904, 'atr_pct': 2.63970784458159, 'rvol20': 2.9000687461444232, 'performance_21d_pct': -2.459718222153029, 'distance_52w_high_pct': 5.497737556561081, 'distance_resistance_pct': 5.817572420397408, 'move_10d_pct': -2.1015624999999982, 'structural_trend_pass': True}",pattern;previous_revenue_growth_yoy;shares_change_6m_pct,TradingView MCP + Finviz via finvizfinance screener views,2026-09-18T23:36:18+02:00,2026-07-28,,52,NORMAL,
INIO,Innio NV,tradingview_gates,,price_above_sma50;sma50_above_sma150;sma150_above_sma200;ema21_above_ema50;within_25pct_52w_high;rsi14;atr_pct;rvol20_data_available;performance_21d;distance_resistance_hard;no_extended_move_10d;revenue_growth;eps_growth;operating_margin,price_min;market_cap_min;avg_volume_min;eps_next_year;earnings_window;market_regime_allows_new_entries,False,"{'price': None, 'price_tv': None, 'price_finviz': 21.15, 'sma50': None, 'sma150': None, 'sma200': None, 'ema21': None, 'ema50': None, 'rsi14': None, 'atr14': None, 'atr_pct': None, 'rvol20': None, 'performance_21d_pct': None, 'distance_52w_high_pct': None, 'distance_resistance_pct': None, 'move_10d_pct': None, 'structural_trend_pass': False}",atr14;atr_pct;distance_52w_high_pct;distance_resistance_pct;ema21;ema50;eps_growth_yoy;gross_margin;move_10d_pct;operating_margin;pattern;performance_21d_pct;previous_revenue_growth_yoy;price;price_tv;resistance;revenue_growth_yoy;rsi14;rvol20;shares_change_6m_pct;sma150;sma200;sma50;week52_high,TradingView MCP + Finviz via finvizfinance screener views,2026-09-18T23:36:23+02:00,2026-07-28,,52,NORMAL,
KLIC,Kulicke & Soffa Industries Inc,tradingview_gates,price_above_sma50;ema21_above_ema50;within_25pct_52w_high;rsi14;performance_21d,,price_min;market_cap_min;avg_volume_min;price_above_sma50;sma50_above_sma150;sma150_above_sma200;ema21_above_ema50;within_25pct_52w_high;rsi14;atr_pct;rvol20_data_available;performance_21d;distance_resistance_hard;no_extended_move_10d;revenue_growth;eps_growth;eps_next_year;operating_margin;earnings_window;market_regime_allows_new_entries,True,"{'price': 83.14, 'price_tv': 83.14, 'price_finviz': 83.14, 'sma50': 90.7615, 'sma150': 89.7067, 'sma200': 80.859675, 'ema21': 83.6459774237651, 'ema50': 89.39648230124536, 'rsi14': 46.75748927913559, 'atr14': 4.081675672598843, 'atr_pct': 4.909400616549005, 'rvol20': 2.3479142421633563, 'performance_21d_pct': -3.6504809363773427, 'distance_52w_high_pct': 38.777614138438885, 'distance_resistance_pct': 63.33894635554488, 'move_10d_pct': 5.4808424257802635, 'structural_trend_pass': False}",pattern;previous_revenue_growth_yoy;shares_change_6m_pct,TradingView MCP + Finviz via finvizfinance screener views,2026-09-18T23:36:37+02:00,2026-08-05,,44,NORMAL,
LFTO,Liftoff Mobile Inc,tradingview_gates,,price_above_sma50;sma50_above_sma150;sma150_above_sma200;ema21_above_ema50;within_25pct_52w_high;rsi14;atr_pct;rvol20_data_available;performance_21d;distance_resistance_hard;no_extended_move_10d,price_min;market_cap_min;avg_volume_min;revenue_growth;eps_growth;eps_next_year;operating_margin;earnings_window;market_regime_allows_new_entries,False,"{'price': None, 'price_tv': None, 'price_finviz': 16.39, 'sma50': None, 'sma150': None, 'sma200': None, 'ema21': None, 'ema50': None, 'rsi14': None, 'atr14': None, 'atr_pct': None, 'rvol20': None, 'performance_21d_pct': None, 'distance_52w_high_pct': None, 'distance_resistance_pct': None, 'move_10d_pct': None, 'structural_trend_pass': False}",atr14;atr_pct;distance_52w_high_pct;distance_resistance_pct;ema21;ema50;move_10d_pct;pattern;performance_21d_pct;previous_revenue_growth_yoy;price;price_tv;resistance;rsi14;rvol20;shares_change_6m_pct;sma150;sma200;sma50;week52_high,TradingView MCP + Finviz via finvizfinance screener views,2026-09-18T23:36:52+02:00,2026-08-12,,37,NORMAL,
LPLA,LPL Financial Holdings Inc,tradingview_gates,price_above_sma50;sma150_above_sma200;rsi14;performance_21d,,price_min;market_cap_min;avg_volume_min;price_above_sma50;sma50_above_sma150;sma150_above_sma200;ema21_above_ema50;within_25pct_52w_high;rsi14;atr_pct;rvol20_data_available;performance_21d;distance_resistance_hard;no_extended_move_10d;revenue_growth;eps_growth;eps_next_year;operating_margin;earnings_window;market_regime_allows_new_entries,True,"{'price': 328.09, 'price_tv': 328.09, 'price_finviz': 328.09, 'sma50': 349.1621, 'sma150': 317.81506666666667, 'sma200': 330.44575, 'ema21': 348.1981592821505, 'ema50': 343.7578418570209, 'rsi14': 32.9651154559638, 'atr14': 10.188557685618587, 'atr_pct': 3.105415491364744, 'rvol20': 1.9351410400439322, 'performance_21d_pct': -8.668541046126442, 'distance_52w_high_pct': 18.01029588164735, 'distance_resistance_pct': 15.51708372702613, 'move_10d_pct': -8.977666805382167, 'structural_trend_pass': False}",pattern;previous_revenue_growth_yoy;shares_change_6m_pct,TradingView MCP + Finviz via finvizfinance screener views,2026-09-18T23:37:06+02:00,2026-07-30,,50,NORMAL,
LQDA,Liquidia Corp,tradingview_gates,price_above_sma50;ema21_above_ema50;within_25pct_52w_high;rsi14;performance_21d,,price_min;market_cap_min;avg_volume_min;price_above_sma50;sma50_above_sma150;sma150_above_sma200;ema21_above_ema50;within_25pct_52w_high;rsi14;atr_pct;rvol20_data_available;performance_21d;distance_resistance_hard;no_extended_move_10d;revenue_growth;eps_growth;eps_next_year;operating_margin;earnings_window;market_regime_allows_new_entries,True,"{'price': 66.88, 'price_tv': 66.88, 'price_finviz': 66.88, 'sma50': 76.3637, 'sma150': 58.298300000000005, 'sma200': 53.006125000000004, 'ema21': 69.64371756183591, 'ema50': 71.8121443421515, 'rsi14': 40.974096268670635, 'atr14': 3.3454674707134866, 'atr_pct': 5.002194184679257, 'rvol20': 3.4941415748263425, 'performance_21d_pct': -11.217310500464627, 'distance_52w_high_pct': 28.55464159811986, 'distance_resistance_pct': 39.967105263157904, 'move_10d_pct': -2.549905289232113, 'structural_trend_pass': False}",pattern;previous_revenue_growth_yoy;shares_change_6m_pct,TradingView MCP + Finviz via finvizfinance screener views,2026-09-18T23:37:20+02:00,2026-08-12,,37,NORMAL,
LRCX,Lam Research Corp,tradingview_gates,price_above_sma50;ema21_above_ema50;within_25pct_52w_high;rsi14;performance_21d,,price_min;market_cap_min;avg_volume_min;price_above_sma50;sma50_above_sma150;sma150_above_sma200;ema21_above_ema50;within_25pct_52w_high;rsi14;atr_pct;rvol20_data_available;performance_21d;distance_resistance_hard;no_extended_move_10d;revenue_growth;eps_growth;eps_next_year;operating_margin;earnings_window;market_regime_allows_new_entries,True,"{'price': 288.11, 'price_tv': 288.11, 'price_finviz': 288.11, 'sma50': 307.3808, 'sma150': 290.1662666666667, 'sma200': 267.20015, 'ema21': 295.27519448816963, 'ema50': 305.9963952337228, 'rsi14': 45.522765806880734, 'atr14': 15.817272851038524, 'atr_pct': 5.490011749345223, 'rvol20': 2.5012518650212834, 'performance_21d_pct': -6.205033043591501, 'distance_52w_high_pct': 34.296465222348914, 'distance_resistance_pct': 52.198812953385854, 'move_10d_pct': -1.554705118567623, 'structural_trend_pass': False}",pattern;previous_revenue_growth_yoy;shares_change_6m_pct,TradingView MCP + Finviz via finvizfinance screener views,2026-09-18T23:37:34+02:00,2026-07-29,,51,NORMAL,
LSCC,Lattice Semiconductor Corp,tradingview_gates,price_above_sma50;ema21_above_ema50;within_25pct_52w_high;rsi14;performance_21d,,price_min;market_cap_min;avg_volume_min;price_above_sma50;sma50_above_sma150;sma150_above_sma200;ema21_above_ema50;within_25pct_52w_high;rsi14;atr_pct;rvol20_data_available;performance_21d;distance_resistance_hard;no_extended_move_10d;revenue_growth;eps_growth;eps_next_year;operating_margin;earnings_window;market_regime_allows_new_entries,True,"{'price': 110.96, 'price_tv': 110.96, 'price_finviz': 110.96, 'sma50': 122.3856, 'sma150': 119.6057, 'sma200': 110.00395, 'ema21': 114.60706677954397, 'ema50': 120.6061077175213, 'rsi14': 43.429162626849326, 'atr14': 5.639681340074275, 'atr_pct': 5.082625576851366, 'rvol20': 3.927047241183534, 'performance_21d_pct': -5.710401087695461, 'distance_52w_high_pct': 29.329342080122284, 'distance_resistance_pct': 39.689978370584, 'move_10d_pct': -2.3497315849687617, 'structural_trend_pass': False}",pattern;previous_revenue_growth_yoy;shares_change_6m_pct,TradingView MCP + Finviz via finvizfinance screener views,2026-09-18T23:37:48+02:00,2026-08-04,,45,NORMAL,
MCHP,Microchip Technology Inc,tradingview_gates,price_above_sma50;sma50_above_sma150;ema21_above_ema50;within_25pct_52w_high;rsi14;performance_21d,,price_min;market_cap_min;avg_volume_min;price_above_sma50;sma50_above_sma150;sma150_above_sma200;ema21_above_ema50;within_25pct_52w_high;rsi14;atr_pct;rvol20_data_available;performance_21d;distance_resistance_hard;no_extended_move_10d;revenue_growth;eps_growth;eps_next_year;operating_margin;earnings_window;market_regime_allows_new_entries,True,"{'price': 73.27, 'price_tv': 73.27, 'price_finviz': 73.27, 'sma50': 77.0998, 'sma150': 80.7086, 'sma200': 78.30225, 'ema21': 73.49796871822308, 'ema50': 77.07524368576073, 'rsi14': 47.59665667829239, 'atr14': 2.860135859730788, 'atr_pct': 3.9035565166245236, 'rvol20': 2.06750154387426, 'performance_21d_pct': -4.942916450441103, 'distance_52w_high_pct': 30.81861958266453, 'distance_resistance_pct': 32.700969018697975, 'move_10d_pct': 0.21884831076459665, 'structural_trend_pass': False}",pattern;previous_revenue_growth_yoy;shares_change_6m_pct,TradingView MCP + Finviz via finvizfinance screener views,2026-09-18T23:38:03+02:00,2026-08-06,,43,NORMAL,
MKSI,MKS Inc,tradingview_gates,price_above_sma50;ema21_above_ema50;within_25pct_52w_high;rsi14;performance_21d,,price_min;market_cap_min;avg_volume_min;price_above_sma50;sma50_above_sma150;sma150_above_sma200;ema21_above_ema50;within_25pct_52w_high;rsi14;atr_pct;rvol20_data_available;performance_21d;distance_resistance_hard;no_extended_move_10d;revenue_growth;eps_growth;eps_next_year;operating_margin;earnings_window;market_regime_allows_new_entries,True,"{'price': 252.08, 'price_tv': 252.08, 'price_finviz': 252.08, 'sma50': 292.107, 'sma150': 291.7188, 'sma200': 267.0049, 'ema21': 260.61917052845223, 'ema50': 283.8307838039167, 'rsi14': 43.43425153124813, 'atr14': 14.171960912138328, 'atr_pct': 5.622009247912698, 'rvol20': 1.7505923562702412, 'performance_21d_pct': -10.482954545454549, 'distance_52w_high_pct': 43.68437513962736, 'distance_resistance_pct': 77.57061250396698, 'move_10d_pct': 0.9733627077909146, 'structural_trend_pass': False}",pattern;previous_revenue_growth_yoy;shares_change_6m_pct,TradingView MCP + Finviz via finvizfinance screener views,2026-09-18T23:38:17+02:00,2026-08-05,,44,NORMAL,
MPWR,Monolithic Power System Inc,tradingview_gates,price_above_sma50;sma50_above_sma150;ema21_above_ema50;within_25pct_52w_high;rsi14;performance_21d,,price_min;market_cap_min;avg_volume_min;price_above_sma50;sma50_above_sma150;sma150_above_sma200;ema21_above_ema50;within_25pct_52w_high;rsi14;atr_pct;rvol20_data_available;performance_21d;distance_resistance_hard;no_extended_move_10d;revenue_growth;eps_growth;eps_next_year;operating_margin;earnings_window;market_regime_allows_new_entries,True,"{'price': 1217.8, 'price_tv': 1217.8, 'price_finviz': 1217.8, 'sma50': 1303.0659, 'sma150': 1344.1111666666666, 'sma200': 1263.5966, 'ema21': 1229.0649350928695, 'ema50': 1291.8729780831216, 'rsi14': 46.168923681194414, 'atr14': 51.44842645352842, 'atr_pct': 4.22470245143114, 'rvol20': 2.356474293879965, 'performance_21d_pct': -6.333164120787005, 'distance_52w_high_pct': 28.95355138607374, 'distance_resistance_pct': 28.774018722286097, 'move_10d_pct': 0.3419437234787548, 'structural_trend_pass': False}",pattern;previous_revenue_growth_yoy;shares_change_6m_pct,TradingView MCP + Finviz via finvizfinance screener views,2026-09-18T23:38:31+02:00,2026-07-30,,50,NORMAL,
MRVL,Marvell Technology Inc,tradingview_gates,within_25pct_52w_high,,price_min;market_cap_min;avg_volume_min;price_above_sma50;sma50_above_sma150;sma150_above_sma200;ema21_above_ema50;within_25pct_52w_high;rsi14;atr_pct;rvol20_data_available;performance_21d;distance_resistance_hard;no_extended_move_10d;revenue_growth;eps_growth;eps_next_year;operating_margin;earnings_window;market_regime_allows_new_entries,True,"{'price': 244.25, 'price_tv': 244.25, 'price_finviz': 244.25, 'sma50': 215.9457, 'sma150': 183.0429, 'sma200': 158.41504999999998, 'ema21': 227.26856109281792, 'ema50': 223.12932472477337, 'rsi14': 58.02897674053067, 'atr14': 14.507951889353572, 'atr_pct': 5.939796065241995, 'rvol20': 1.044492108626085, 'performance_21d_pct': 2.941796265857466, 'distance_52w_high_pct': 25.957924093609797, 'distance_resistance_pct': 22.824974411463664, 'move_10d_pct': 16.961164583632616, 'structural_trend_pass': True}",pattern;previous_revenue_growth_yoy;shares_change_6m_pct,TradingView MCP + Finviz via finvizfinance screener views,2026-09-18T23:38:46+02:00,2026-08-27,,22,NORMAL,
MTSI,MACOM Technology Solutions Holdings Inc,tradingview_gates,sma50_above_sma150;ema21_above_ema50;within_25pct_52w_high;rsi14,,price_min;market_cap_min;avg_volume_min;price_above_sma50;sma50_above_sma150;sma150_above_sma200;ema21_above_ema50;within_25pct_52w_high;rsi14;atr_pct;rvol20_data_available;performance_21d;distance_resistance_hard;no_extended_move_10d;revenue_growth;eps_growth;eps_next_year;operating_margin;earnings_window;market_regime_allows_new_entries,True,"{'price': 275.86, 'price_tv': 275.86, 'price_finviz': 275.86, 'sma50': 275.1251, 'sma150': 291.27570000000003, 'sma200': 268.06685, 'ema21': 267.68271788698945, 'ema50': 281.0133572795105, 'rsi14': 52.0038998095687, 'atr14': 15.785084284721032, 'atr_pct': 5.722135969231143, 'rvol20': 2.3020144719052067, 'performance_21d_pct': 2.1779391066004905, 'distance_52w_high_pct': 34.146574361422765, 'distance_resistance_pct': 42.26053070398028, 'move_10d_pct': 6.120407770725156, 'structural_trend_pass': False}",pattern;previous_revenue_growth_yoy;shares_change_6m_pct,TradingView MCP + Finviz via finvizfinance screener views,2026-09-18T23:39:00+02:00,2026-08-06,,43,NORMAL,
MWH,SOLV Energy Inc,tradingview_gates,,price_above_sma50;sma50_above_sma150;sma150_above_sma200;ema21_above_ema50;within_25pct_52w_high;rsi14;atr_pct;rvol20_data_available;performance_21d;distance_resistance_hard;no_extended_move_10d;operating_margin,price_min;market_cap_min;avg_volume_min;revenue_growth;eps_growth;eps_next_year;earnings_window;market_regime_allows_new_entries,False,"{'price': None, 'price_tv': None, 'price_finviz': 26.46, 'sma50': None, 'sma150': None, 'sma200': None, 'ema21': None, 'ema50': None, 'rsi14': None, 'atr14': None, 'atr_pct': None, 'rvol20': None, 'performance_21d_pct': None, 'distance_52w_high_pct': None, 'distance_resistance_pct': None, 'move_10d_pct': None, 'structural_trend_pass': False}",atr14;atr_pct;distance_52w_high_pct;distance_resistance_pct;ema21;ema50;gross_margin;move_10d_pct;operating_margin;pattern;performance_21d_pct;previous_revenue_growth_yoy;price;price_tv;resistance;rsi14;rvol20;shares_change_6m_pct;sma150;sma200;sma50;week52_high,TradingView MCP + Finviz via finvizfinance screener views,2026-09-18T23:39:29+02:00,2026-08-13,,36,NORMAL,
NBIX,Neurocrine Biosciences Inc,tradingview_gates,price_above_sma50;ema21_above_ema50;rsi14;performance_21d,,price_min;market_cap_min;avg_volume_min;price_above_sma50;sma50_above_sma150;sma150_above_sma200;ema21_above_ema50;within_25pct_52w_high;rsi14;atr_pct;rvol20_data_available;performance_21d;distance_resistance_hard;no_extended_move_10d;revenue_growth;eps_growth;eps_next_year;operating_margin;earnings_window;market_regime_allows_new_entries,True,"{'price': 146.23, 'price_tv': 146.23, 'price_finviz': 146.23, 'sma50': 162.236, 'sma150': 150.08363333333332, 'sma200': 147.94252500000002, 'ema21': 154.65591453600484, 'ema50': 158.0711768688783, 'rsi14': 33.40760523600707, 'atr14': 4.5487896143052975, 'atr_pct': 3.110708893048826, 'rvol20': 2.769742223222636, 'performance_21d_pct': -5.985598559855987, 'distance_52w_high_pct': 21.432409198366653, 'distance_resistance_pct': 27.278944129111686, 'move_10d_pct': -7.653931165140515, 'structural_trend_pass': False}",pattern;previous_revenue_growth_yoy;shares_change_6m_pct,TradingView MCP + Finviz via finvizfinance screener views,2026-09-18T23:39:43+02:00,2026-07-30,,50,NORMAL,
NESR,National Energy Services Reunited Corp,tradingview_gates,rsi14;performance_21d,,price_min;market_cap_min;avg_volume_min;price_above_sma50;sma50_above_sma150;sma150_above_sma200;ema21_above_ema50;within_25pct_52w_high;rsi14;atr_pct;rvol20_data_available;performance_21d;distance_resistance_hard;no_extended_move_10d;revenue_growth;eps_growth;eps_next_year;operating_margin;earnings_window;market_regime_allows_new_entries,True,"{'price': 32.58, 'price_tv': 32.58, 'price_finviz': 32.58, 'sma50': 31.489099999999997, 'sma150': 26.6139, 'sma200': 24.292325, 'ema21': 33.14470105423781, 'ema50': 31.672594829579733, 'rsi14': 47.87744865945208, 'atr14': 1.4819626629068614, 'atr_pct': 4.548688345324928, 'rvol20': 1.9771014137557286, 'performance_21d_pct': -2.8767327470561987, 'distance_52w_high_pct': 11.80292365998917, 'distance_resistance_pct': 13.382443216697359, 'move_10d_pct': -5.565217391304356, 'structural_trend_pass': True}",pattern;previous_revenue_growth_yoy;shares_change_6m_pct,TradingView MCP + Finviz via finvizfinance screener views,2026-09-18T23:39:58+02:00,2026-08-10,,39,NORMAL,
NVDA,NVIDIA Corp,tradingview_gates,rsi14;atr_pct,,price_min;market_cap_min;avg_volume_min;price_above_sma50;sma50_above_sma150;sma150_above_sma200;ema21_above_ema50;within_25pct_52w_high;rsi14;atr_pct;rvol20_data_available;performance_21d;distance_resistance_hard;no_extended_move_10d;revenue_growth;eps_growth;eps_next_year;operating_margin;earnings_window;market_regime_allows_new_entries,True,"{'price': 222.27, 'price_tv': 222.27, 'price_finviz': 222.27, 'sma50': 214.27259999999998, 'sma150': 203.0448, 'sma200': 198.37814999999998, 'ema21': 218.4244820685234, 'ema50': 215.13059479847223, 'rsi14': 54.20158134113973, 'atr14': 6.42397244049372, 'atr_pct': 2.890166212486489, 'rvol20': 1.457895096390972, 'performance_21d_pct': 2.1649200220628773, 'distance_52w_high_pct': 6.032806290690785, 'distance_resistance_pct': 5.619291852251758, 'move_10d_pct': -2.705187130663156, 'structural_trend_pass': True}",pattern;previous_revenue_growth_yoy;shares_change_6m_pct,TradingView MCP + Finviz via finvizfinance screener views,2026-09-18T23:40:12+02:00,2026-08-26,,23,NORMAL,
PENG,Penguin Solutions Inc,tradingview_gates,price_above_sma50;ema21_above_ema50;within_25pct_52w_high;rsi14,,price_min;market_cap_min;avg_volume_min;price_above_sma50;sma50_above_sma150;sma150_above_sma200;ema21_above_ema50;within_25pct_52w_high;rsi14;atr_pct;rvol20_data_available;performance_21d;distance_resistance_hard;no_extended_move_10d;revenue_growth;eps_growth;eps_next_year;operating_margin;earnings_window;market_regime_allows_new_entries,True,"{'price': 53.3, 'price_tv': 53.3, 'price_finviz': 53.3, 'sma50': 55.371, 'sma150': 44.02513333333333, 'sma200': 38.019975, 'ema21': 51.215374057166436, 'ema50': 53.39258974203614, 'rsi14': 52.639431830642636, 'atr14': 3.445922497154505, 'atr_pct': 6.465145398038471, 'rvol20': 1.6729556838200965, 'performance_21d_pct': 0.661000944287049, 'distance_52w_high_pct': 40.68551079456933, 'distance_resistance_pct': 68.59287054409006, 'move_10d_pct': 9.603125642607434, 'structural_trend_pass': False}",pattern;previous_revenue_growth_yoy;shares_change_6m_pct,TradingView MCP + Finviz via finvizfinance screener views,2026-09-18T23:40:27+02:00,2026-07-07,,73,NORMAL,
PLTR,Palantir Technologies Inc,tradingview_gates,sma150_above_sma200,,price_min;market_cap_min;avg_volume_min;price_above_sma50;sma50_above_sma150;sma150_above_sma200;ema21_above_ema50;within_25pct_52w_high;rsi14;atr_pct;rvol20_data_available;performance_21d;distance_resistance_hard;no_extended_move_10d;revenue_growth;eps_growth;eps_next_year;operating_margin;earnings_window;market_regime_allows_new_entries,True,"{'price': 177.64, 'price_tv': 177.64, 'price_finviz': 177.64, 'sma50': 158.2592, 'sma150': 145.47683333333333, 'sma200': 151.752675, 'ema21': 172.36903003199757, 'ema50': 162.49395599400356, 'rsi14': 57.03807170755306, 'atr14': 7.0780374607526335, 'atr_pct': 3.984484046809634, 'rvol20': 1.3887607667728317, 'performance_21d_pct': 1.3984816484959195, 'distance_52w_high_pct': 14.398612181958375, 'distance_resistance_pct': 6.040306237333945, 'move_10d_pct': -2.679011669314646, 'structural_trend_pass': False}",pattern;previous_revenue_growth_yoy;shares_change_6m_pct,TradingView MCP + Finviz via finvizfinance screener views,2026-09-18T23:40:32+02:00,2026-08-03,,46,NORMAL,
PODD,Insulet Corp,tradingview_gates,price_above_sma50;sma50_above_sma150;sma150_above_sma200;ema21_above_ema50;within_25pct_52w_high;rsi14;performance_21d,,price_min;market_cap_min;avg_volume_min;price_above_sma50;sma50_above_sma150;sma150_above_sma200;ema21_above_ema50;within_25pct_52w_high;rsi14;atr_pct;rvol20_data_available;performance_21d;distance_resistance_hard;no_extended_move_10d;revenue_growth;eps_growth;eps_next_year;operating_margin;earnings_window;market_regime_allows_new_entries,True,"{'price': 140.6, 'price_tv': 140.6, 'price_finviz': 140.6, 'sma50': 150.6636, 'sma150': 175.58866666666665, 'sma200': 201.65904999999998, 'ema21': 142.8010631030921, 'ema50': 148.47535172512772, 'rsi14': 45.1904729723439, 'atr14': 5.329507630089004, 'atr_pct': 3.7905459673463753, 'rvol20': 1.4338094488236275, 'performance_21d_pct': -7.200844828724174, 'distance_52w_high_pct': 60.3809738503156, 'distance_resistance_pct': 22.983641536273115, 'move_10d_pct': -6.627706202682971, 'structural_trend_pass': False}",pattern;previous_revenue_growth_yoy;shares_change_6m_pct,TradingView MCP + Finviz via finvizfinance screener views,2026-09-18T23:40:46+02:00,2026-08-05,,44,NORMAL,
PPTA,Perpetua Resources Corp,tradingview_gates,sma50_above_sma150;sma150_above_sma200;within_25pct_52w_high;rsi14;performance_21d,revenue_growth;eps_growth;operating_margin,price_min;market_cap_min;avg_volume_min;price_above_sma50;sma50_above_sma150;sma150_above_sma200;ema21_above_ema50;within_25pct_52w_high;rsi14;atr_pct;rvol20_data_available;performance_21d;distance_resistance_hard;no_extended_move_10d;eps_next_year;earnings_window;market_regime_allows_new_entries,True,"{'price': 23.24, 'price_tv': 23.24, 'price_finviz': 23.24, 'sma50': 22.2916, 'sma150': 25.9067, 'sma200': 26.569899999999997, 'ema21': 23.783409426909984, 'ema50': 23.493379426294197, 'rsi14': 46.92924949001952, 'atr14': 1.1739732167651726, 'atr_pct': 5.051519865598849, 'rvol20': 1.5630131335487263, 'performance_21d_pct': -9.992254066615036, 'distance_52w_high_pct': 37.81107840513781, 'distance_resistance_pct': 18.588640275387267, 'move_10d_pct': -7.225548902195622, 'structural_trend_pass': False}",gross_margin;operating_margin;pattern;previous_revenue_growth_yoy;revenue_growth_yoy;shares_change_6m_pct,TradingView MCP + Finviz via finvizfinance screener views,2026-09-18T23:41:00+02:00,2026-08-15,,34,NORMAL,
PTCT,PTC Therapeutics Inc,tradingview_gates,price_above_sma50;sma150_above_sma200;ema21_above_ema50;within_25pct_52w_high;rsi14;performance_21d,,price_min;market_cap_min;avg_volume_min;price_above_sma50;sma50_above_sma150;sma150_above_sma200;ema21_above_ema50;within_25pct_52w_high;rsi14;atr_pct;rvol20_data_available;performance_21d;distance_resistance_hard;no_extended_move_10d;revenue_growth;eps_growth;eps_next_year;operating_margin;earnings_window;market_regime_allows_new_entries,True,"{'price': 65.37, 'price_tv': 65.37, 'price_finviz': 65.37, 'sma50': 72.5787, 'sma150': 71.76599999999999, 'sma200': 72.7552, 'ema21': 68.96755112996988, 'ema50': 71.46852144332632, 'rsi14': 36.12581350849022, 'atr14': 2.1820075602639055, 'atr_pct': 3.3379341598040466, 'rvol20': 4.470265963626661, 'performance_21d_pct': -11.26645853128817, 'distance_52w_high_pct': 28.06206668867613, 'distance_resistance_pct': 39.00871959614502, 'move_10d_pct': -8.445378151260508, 'structural_trend_pass': False}",pattern;previous_revenue_growth_yoy;shares_change_6m_pct,TradingView MCP + Finviz via finvizfinance screener views,2026-09-18T23:41:15+02:00,2026-07-30,,50,NORMAL,
QNT,Quantinuum Inc,tradingview_gates,,price_above_sma50;sma50_above_sma150;sma150_above_sma200;ema21_above_ema50;within_25pct_52w_high;rsi14;atr_pct;rvol20_data_available;performance_21d;distance_resistance_hard;no_extended_move_10d;revenue_growth;eps_growth;operating_margin,price_min;market_cap_min;avg_volume_min;eps_next_year;earnings_window;market_regime_allows_new_entries,False,"{'price': None, 'price_tv': None, 'price_finviz': 51.58, 'sma50': None, 'sma150': None, 'sma200': None, 'ema21': None, 'ema50': None, 'rsi14': None, 'atr14': None, 'atr_pct': None, 'rvol20': None, 'performance_21d_pct': None, 'distance_52w_high_pct': None, 'distance_resistance_pct': None, 'move_10d_pct': None, 'structural_trend_pass': False}",atr14;atr_pct;distance_52w_high_pct;distance_resistance_pct;ema21;ema50;eps_growth_yoy;gross_margin;move_10d_pct;operating_margin;pattern;performance_21d_pct;previous_revenue_growth_yoy;price;price_tv;resistance;revenue_growth_yoy;rsi14;rvol20;shares_change_6m_pct;sma150;sma200;sma50;week52_high,TradingView MCP + Finviz via finvizfinance screener views,2026-09-18T23:41:29+02:00,2026-08-11,,38,NORMAL,
ROAD,Construction Partners Inc,tradingview_gates,price_above_sma50;sma50_above_sma150;ema21_above_ema50;within_25pct_52w_high;rsi14;performance_21d,,price_min;market_cap_min;avg_volume_min;price_above_sma50;sma50_above_sma150;sma150_above_sma200;ema21_above_ema50;within_25pct_52w_high;rsi14;atr_pct;rvol20_data_available;performance_21d;distance_resistance_hard;no_extended_move_10d;revenue_growth;eps_growth;eps_next_year;operating_margin;earnings_window;market_regime_allows_new_entries,True,"{'price': 94.33, 'price_tv': 94.33, 'price_finviz': 94.33, 'sma50': 105.9151, 'sma150': 114.72466666666668, 'sma200': 114.3664, 'ema21': 101.70499784952545, 'ema50': 106.13876715929294, 'rsi14': 35.62820412279514, 'atr14': 4.219517442467818, 'atr_pct': 4.4731447497803645, 'rvol20': 1.9452686199037634, 'performance_21d_pct': -18.40671222212611, 'distance_52w_high_pct': 37.52980132450332, 'distance_resistance_pct': 37.72394784267995, 'move_10d_pct': -8.132060771328408, 'structural_trend_pass': False}",pattern;previous_revenue_growth_yoy;shares_change_6m_pct,TradingView MCP + Finviz via finvizfinance screener views,2026-09-18T23:41:43+02:00,2026-08-07,,42,NORMAL,
SHAZ,SharonAI Holdings Inc,tradingview_gates,,price_above_sma50;sma50_above_sma150;sma150_above_sma200;ema21_above_ema50;within_25pct_52w_high;rsi14;atr_pct;rvol20_data_available;performance_21d;distance_resistance_hard;no_extended_move_10d;revenue_growth;eps_growth;operating_margin,price_min;market_cap_min;avg_volume_min;eps_next_year;earnings_window;market_regime_allows_new_entries,False,"{'price': None, 'price_tv': None, 'price_finviz': 57.56, 'sma50': None, 'sma150': None, 'sma200': None, 'ema21': None, 'ema50': None, 'rsi14': None, 'atr14': None, 'atr_pct': None, 'rvol20': None, 'performance_21d_pct': None, 'distance_52w_high_pct': None, 'distance_resistance_pct': None, 'move_10d_pct': None, 'structural_trend_pass': False}",atr14;atr_pct;distance_52w_high_pct;distance_resistance_pct;ema21;ema50;gross_margin;move_10d_pct;operating_margin;pattern;performance_21d_pct;previous_revenue_growth_yoy;price;price_tv;resistance;revenue_growth_yoy;rsi14;rvol20;shares_change_6m_pct;sma150;sma200;sma50;week52_high,TradingView MCP + Finviz via finvizfinance screener views,2026-09-18T23:41:57+02:00,2026-08-06,,43,NORMAL,
SHOP,Shopify Inc,tradingview_gates,price_above_sma50;sma150_above_sma200;within_25pct_52w_high;rsi14;performance_21d,,price_min;market_cap_min;avg_volume_min;price_above_sma50;sma50_above_sma150;sma150_above_sma200;ema21_above_ema50;within_25pct_52w_high;rsi14;atr_pct;rvol20_data_available;performance_21d;distance_resistance_hard;no_extended_move_10d;revenue_growth;eps_growth;eps_next_year;operating_margin;earnings_window;market_regime_allows_new_entries,True,"{'price': 128.5, 'price_tv': 128.5, 'price_finviz': 128.5, 'sma50': 136.0772, 'sma150': 123.41313333333333, 'sma200': 130.34515, 'ema21': 136.13104301631142, 'ema50': 134.64589711301568, 'rsi14': 40.513429032104156, 'atr14': 5.718247491282055, 'atr_pct': 4.449998047690315, 'rvol20': 1.4424563489651467, 'performance_21d_pct': -12.334561331696015, 'distance_52w_high_pct': 29.46923541357923, 'distance_resistance_pct': 23.634241245136188, 'move_10d_pct': -11.913901837126406, 'structural_trend_pass': False}",pattern;previous_revenue_growth_yoy;shares_change_6m_pct,TradingView MCP + Finviz via finvizfinance screener views,2026-09-18T23:42:11+02:00,2026-08-05,,44,NORMAL,
SMTC,Semtech Corp,tradingview_gates,performance_21d;distance_resistance_hard;no_extended_move_10d,,price_min;market_cap_min;avg_volume_min;price_above_sma50;sma50_above_sma150;sma150_above_sma200;ema21_above_ema50;within_25pct_52w_high;rsi14;atr_pct;rvol20_data_available;performance_21d;distance_resistance_hard;no_extended_move_10d;revenue_growth;eps_growth;eps_next_year;operating_margin;earnings_window;market_regime_allows_new_entries,True,"{'price': 185, 'price_tv': 185, 'price_finviz': 185.0, 'sma50': 136.8439, 'sma150': 122.91720000000001, 'sma200': 111.77415, 'ema21': 152.56890027567584, 'ema50': 143.2092706983288, 'rsi14': 67.18291312105825, 'atr14': 11.675116284776283, 'atr_pct': 6.31087366744664, 'rvol20': 1.6975393217010073, 'performance_21d_pct': 47.574984045947666, 'distance_52w_high_pct': 0.24803192062978965, 'distance_resistance_pct': -1.551351351351354, 'move_10d_pct': 36.63220088626291, 'structural_trend_pass': True}",pattern;previous_revenue_growth_yoy;shares_change_6m_pct,TradingView MCP + Finviz via finvizfinance screener views,2026-09-18T23:42:16+02:00,2026-08-25,,24,NORMAL,
SNPS,Synopsys Inc,tradingview_gates,price_above_sma50;sma50_above_sma150;sma150_above_sma200;ema21_above_ema50;within_25pct_52w_high;rsi14;performance_21d,,price_min;market_cap_min;avg_volume_min;price_above_sma50;sma50_above_sma150;sma150_above_sma200;ema21_above_ema50;within_25pct_52w_high;rsi14;atr_pct;rvol20_data_available;performance_21d;distance_resistance_hard;no_extended_move_10d;revenue_growth;eps_growth;eps_next_year;operating_margin;earnings_window;market_regime_allows_new_entries,True,"{'price': 384.97, 'price_tv': 384.97, 'price_finviz': 384.97, 'sma50': 402.1586, 'sma150': 436.60613333333333, 'sma200': 446.477875, 'ema21': 397.06429553457923, 'ema50': 409.1547363184083, 'rsi14': 43.21595746327031, 'atr14': 14.434405937875733, 'atr_pct': 3.7494885154364574, 'rvol20': 1.6348496055329684, 'performance_21d_pct': -4.05492971787459, 'distance_52w_high_pct': 28.64054274486542, 'distance_resistance_pct': 22.910876172169257, 'move_10d_pct': -7.528044005668844, 'structural_trend_pass': False}",pattern;previous_revenue_growth_yoy;shares_change_6m_pct,TradingView MCP + Finviz via finvizfinance screener views,2026-09-18T23:42:45+02:00,2026-08-26,,23,NORMAL,
SOFI,SoFi Technologies Inc,tradingview_gates,price_above_sma50;sma150_above_sma200;ema21_above_ema50;within_25pct_52w_high;rsi14;performance_21d,,price_min;market_cap_min;avg_volume_min;price_above_sma50;sma50_above_sma150;sma150_above_sma200;ema21_above_ema50;within_25pct_52w_high;rsi14;atr_pct;rvol20_data_available;performance_21d;distance_resistance_hard;no_extended_move_10d;revenue_growth;eps_growth;eps_next_year;operating_margin;earnings_window;market_regime_allows_new_entries,True,"{'price': 16.96, 'price_tv': 16.96, 'price_finviz': 16.96, 'sma50': 17.715799999999998, 'sma150': 17.461566666666666, 'sma200': 19.515675, 'ema21': 17.566551153350545, 'ema50': 17.671317740861312, 'rsi14': 43.76431503413485, 'atr14': 0.7159901950574585, 'atr_pct': 4.221640301046335, 'rvol20': 1.1075136541166197, 'performance_21d_pct': -7.926167209554835, 'distance_52w_high_pct': 48.182095936449734, 'distance_resistance_pct': 16.39150943396225, 'move_10d_pct': -8.373851971907076, 'structural_trend_pass': False}",pattern;previous_revenue_growth_yoy;shares_change_6m_pct,TradingView MCP + Finviz via finvizfinance screener views,2026-09-18T23:42:59+02:00,2026-07-29,,51,NORMAL,
SPCX,Space Exploration Technologies Corp,tradingview_gates,,price_above_sma50;sma50_above_sma150;sma150_above_sma200;ema21_above_ema50;within_25pct_52w_high;rsi14;atr_pct;rvol20_data_available;performance_21d;distance_resistance_hard;no_extended_move_10d;revenue_growth;eps_growth;operating_margin,price_min;market_cap_min;avg_volume_min;eps_next_year;earnings_window;market_regime_allows_new_entries,False,"{'price': None, 'price_tv': None, 'price_finviz': 152.71, 'sma50': None, 'sma150': None, 'sma200': None, 'ema21': None, 'ema50': None, 'rsi14': None, 'atr14': None, 'atr_pct': None, 'rvol20': None, 'performance_21d_pct': None, 'distance_52w_high_pct': None, 'distance_resistance_pct': None, 'move_10d_pct': None, 'structural_trend_pass': False}",atr14;atr_pct;distance_52w_high_pct;distance_resistance_pct;ema21;ema50;eps_growth_yoy;gross_margin;move_10d_pct;operating_margin;pattern;performance_21d_pct;previous_revenue_growth_yoy;price;price_tv;resistance;revenue_growth_yoy;rsi14;rvol20;shares_change_6m_pct;sma150;sma200;sma50;week52_high,TradingView MCP + Finviz via finvizfinance screener views,2026-09-18T23:43:04+02:00,2026-08-04,,45,NORMAL,
STLD,Steel Dynamics Inc,tradingview_gates,price_above_sma50;ema21_above_ema50;rsi14,,price_min;market_cap_min;avg_volume_min;price_above_sma50;sma50_above_sma150;sma150_above_sma200;ema21_above_ema50;within_25pct_52w_high;rsi14;atr_pct;rvol20_data_available;performance_21d;distance_resistance_hard;no_extended_move_10d;revenue_growth;eps_growth;eps_next_year;operating_margin;earnings_window;market_regime_allows_new_entries,True,"{'price': 235.26, 'price_tv': 235.26, 'price_finviz': 235.26, 'sma50': 243.7971, 'sma150': 225.99123333333333, 'sma200': 213.8197, 'ema21': 240.16085807930926, 'ema50': 241.68571523800176, 'rsi14': 45.30414818498838, 'atr14': 8.79121446503603, 'atr_pct': 3.7368079847981086, 'rvol20': 2.751408423170294, 'performance_21d_pct': 1.839747197091035, 'distance_52w_high_pct': 18.521853570686435, 'distance_resistance_pct': 16.194848252996692, 'move_10d_pct': -4.377514937202786, 'structural_trend_pass': False}",pattern;previous_revenue_growth_yoy;shares_change_6m_pct,TradingView MCP + Finviz via finvizfinance screener views,2026-09-18T23:43:19+02:00,2026-07-20,,60,NORMAL,
STRC,Strategy Inc - VR PRF PERPETUAL USD 100 - Ser A,tradingview_gates,sma50_above_sma150;sma150_above_sma200;atr_pct;distance_resistance_hard,revenue_growth;eps_growth;operating_margin;earnings_window,price_min;market_cap_min;avg_volume_min;price_above_sma50;sma50_above_sma150;sma150_above_sma200;ema21_above_ema50;within_25pct_52w_high;rsi14;atr_pct;rvol20_data_available;performance_21d;distance_resistance_hard;no_extended_move_10d;eps_next_year;market_regime_allows_new_entries,True,"{'price': 98.51, 'price_tv': 98.51, 'price_finviz': 98.51, 'sma50': 93.46119999999999, 'sma150': 95.82093333333333, 'sma200': 96.60875, 'ema21': 97.05727652591747, 'ema50': 95.09887663992716, 'rsi14': 62.60384670842901, 'atr14': 1.0353604709382764, 'atr_pct': 1.051020679056214, 'rvol20': 0.8825239245722156, 'performance_21d_pct': 3.357465113839053, 'distance_52w_high_pct': 1.9002531413628145, 'distance_resistance_pct': 0.5278651913511277, 'move_10d_pct': 0.7053772234717037, 'structural_trend_pass': False}",eps_growth_yoy;gross_margin;operating_margin;pattern;previous_revenue_growth_yoy;revenue_growth_yoy;shares_change_6m_pct,TradingView MCP + Finviz via finvizfinance screener views,2026-09-18T23:43:33+02:00,,,,UNKNOWN,
STRL,Sterling Infrastructure Inc,tradingview_gates,price_above_sma50;sma50_above_sma150;ema21_above_ema50;within_25pct_52w_high;rsi14;performance_21d,,price_min;market_cap_min;avg_volume_min;price_above_sma50;sma50_above_sma150;sma150_above_sma200;ema21_above_ema50;within_25pct_52w_high;rsi14;atr_pct;rvol20_data_available;performance_21d;distance_resistance_hard;no_extended_move_10d;revenue_growth;eps_growth;eps_next_year;operating_margin;earnings_window;market_regime_allows_new_entries,True,"{'price': 518.68, 'price_tv': 518.68, 'price_finviz': 518.68, 'sma50': 554.3947000000001, 'sma150': 593.0419666666667, 'sma200': 529.937175, 'ema21': 501.8501238697462, 'ema50': 553.0594461486345, 'rsi14': 51.314586114792185, 'atr14': 30.682632374953663, 'atr_pct': 5.915522552431878, 'rvol20': 1.8263408443139975, 'performance_21d_pct': -2.94161676646707, 'distance_52w_high_pct': 48.42495656173802, 'distance_resistance_pct': 78.49926737101876, 'move_10d_pct': 12.749168532486998, 'structural_trend_pass': False}",pattern;previous_revenue_growth_yoy;shares_change_6m_pct,TradingView MCP + Finviz via finvizfinance screener views,2026-09-18T23:43:47+02:00,2026-08-03,,46,NORMAL,
STX,Seagate Technology Holdings Plc,tradingview_gates,ema21_above_ema50;rsi14,,price_min;market_cap_min;avg_volume_min;price_above_sma50;sma50_above_sma150;sma150_above_sma200;ema21_above_ema50;within_25pct_52w_high;rsi14;atr_pct;rvol20_data_available;performance_21d;distance_resistance_hard;no_extended_move_10d;revenue_growth;eps_growth;eps_next_year;operating_margin;earnings_window;market_regime_allows_new_entries,True,"{'price': 858.79, 'price_tv': 858.79, 'price_finviz': 858.79, 'sma50': 843.3331999999999, 'sma150': 715.5589, 'sma200': 619.31955, 'ema21': 833.5568891792994, 'ema50': 839.5314402317415, 'rsi14': 52.852976401658054, 'atr14': 52.05175170230883, 'atr_pct': 6.0610570340023555, 'rvol20': 2.032335730945896, 'performance_21d_pct': 3.1505236859805885, 'distance_52w_high_pct': 24.996506550218346, 'distance_resistance_pct': 29.368064369636354, 'move_10d_pct': 7.535593092999071, 'structural_trend_pass': True}",pattern;previous_revenue_growth_yoy;shares_change_6m_pct,TradingView MCP + Finviz via finvizfinance screener views,2026-09-18T23:44:02+02:00,2026-07-28,,52,NORMAL,
TER,Teradyne Inc,tradingview_gates,ema21_above_ema50;rsi14;performance_21d,,price_min;market_cap_min;avg_volume_min;price_above_sma50;sma50_above_sma150;sma150_above_sma200;ema21_above_ema50;within_25pct_52w_high;rsi14;atr_pct;rvol20_data_available;performance_21d;distance_resistance_hard;no_extended_move_10d;revenue_growth;eps_growth;eps_next_year;operating_margin;earnings_window;market_regime_allows_new_entries,True,"{'price': 371.47, 'price_tv': 371.47, 'price_finviz': 371.47, 'sma50': 364.2547, 'sma150': 357.61809999999997, 'sma200': 324.85055, 'ema21': 360.63728977184604, 'ema50': 366.70624771397604, 'rsi14': 52.39585115129162, 'atr14': 21.672313980681988, 'atr_pct': 5.834203025999943, 'rvol20': 1.7836676986417572, 'performance_21d_pct': -2.154616093770567, 'distance_52w_high_pct': 23.865057080199215, 'distance_resistance_pct': 31.345734514227257, 'move_10d_pct': 9.710859741870713, 'structural_trend_pass': True}",pattern;previous_revenue_growth_yoy;shares_change_6m_pct,TradingView MCP + Finviz via finvizfinance screener views,2026-09-18T23:44:16+02:00,2026-07-28,,52,NORMAL,
TPG,TPG Inc,tradingview_gates,price_above_sma50;sma150_above_sma200;within_25pct_52w_high;rsi14;performance_21d,,price_min;market_cap_min;avg_volume_min;price_above_sma50;sma50_above_sma150;sma150_above_sma200;ema21_above_ema50;within_25pct_52w_high;rsi14;atr_pct;rvol20_data_available;performance_21d;distance_resistance_hard;no_extended_move_10d;revenue_growth;eps_growth;eps_next_year;operating_margin;earnings_window;market_regime_allows_new_entries,True,"{'price': 46.47, 'price_tv': 46.47, 'price_finviz': 46.47, 'sma50': 48.1875, 'sma150': 44.19886666666667, 'sma200': 48.752575, 'ema21': 49.19214878612949, 'ema50': 48.27746157591233, 'rsi14': 37.64763036012254, 'atr14': 1.8150513831714004, 'atr_pct': 3.905856215131053, 'rvol20': 0.9703677120972197, 'performance_21d_pct': -12.617525385483264, 'distance_52w_high_pct': 33.972719522591646, 'distance_resistance_pct': 19.431891542930927, 'move_10d_pct': -12.691404415218422, 'structural_trend_pass': False}",pattern;previous_revenue_growth_yoy;shares_change_6m_pct,TradingView MCP + Finviz via finvizfinance screener views,2026-09-18T23:44:22+02:00,2026-08-04,,45,NORMAL,
TSEM,Tower Semiconductor Ltd,tradingview_gates,price_above_sma50;ema21_above_ema50;within_25pct_52w_high;rsi14;performance_21d,,price_min;market_cap_min;avg_volume_min;price_above_sma50;sma50_above_sma150;sma150_above_sma200;ema21_above_ema50;within_25pct_52w_high;rsi14;atr_pct;rvol20_data_available;performance_21d;distance_resistance_hard;no_extended_move_10d;revenue_growth;eps_growth;eps_next_year;operating_margin;earnings_window;market_regime_allows_new_entries,True,"{'price': 223.6, 'price_tv': 223.6, 'price_finviz': 223.6, 'sma50': 226.3597, 'sma150': 213.09116666666665, 'sma200': 191.080275, 'ema21': 214.79759242039847, 'ema50': 223.25105844882106, 'rsi14': 52.89036116864342, 'atr14': 13.6028742732312, 'atr_pct': 6.08357525636458, 'rvol20': 6.924104007519279, 'performance_21d_pct': -1.2629161882893314, 'distance_52w_high_pct': 30.111895980496346, 'distance_resistance_pct': 29.575894454382823, 'move_10d_pct': 8.45944897167248, 'structural_trend_pass': False}",pattern;previous_revenue_growth_yoy;shares_change_6m_pct,TradingView MCP + Finviz via finvizfinance screener views,2026-09-18T23:44:27+02:00,2026-08-04,,45,NORMAL,
TTMI,TTM Technologies Inc,tradingview_gates,price_above_sma50;sma50_above_sma150;ema21_above_ema50;within_25pct_52w_high;rsi14,,price_min;market_cap_min;avg_volume_min;price_above_sma50;sma50_above_sma150;sma150_above_sma200;ema21_above_ema50;within_25pct_52w_high;rsi14;atr_pct;rvol20_data_available;performance_21d;distance_resistance_hard;no_extended_move_10d;revenue_growth;eps_growth;eps_next_year;operating_margin;earnings_window;market_regime_allows_new_entries,True,"{'price': 117.97, 'price_tv': 117.97, 'price_finviz': 117.97, 'sma50': 125.82709999999999, 'sma150': 135.90529999999998, 'sma200': 122.6048, 'ema21': 120.17908848132966, 'ema50': 128.7899362815744, 'rsi14': 46.45981608315197, 'atr14': 8.10528966715602, 'atr_pct': 6.8706363203831655, 'rvol20': 1.4087868477841285, 'performance_21d_pct': 1.3662141261385097, 'distance_52w_high_pct': 47.29482196309699, 'distance_resistance_pct': 86.31855556497415, 'move_10d_pct': 2.2358956582026135, 'structural_trend_pass': False}",pattern;previous_revenue_growth_yoy;shares_change_6m_pct,TradingView MCP + Finviz via finvizfinance screener views,2026-09-18T23:44:42+02:00,2026-08-05,,44,NORMAL,
TXN,Texas Instruments Inc,tradingview_gates,price_above_sma50;ema21_above_ema50;rsi14;performance_21d,,price_min;market_cap_min;avg_volume_min;price_above_sma50;sma50_above_sma150;sma150_above_sma200;ema21_above_ema50;within_25pct_52w_high;rsi14;atr_pct;rvol20_data_available;performance_21d;distance_resistance_hard;no_extended_move_10d;revenue_growth;eps_growth;eps_next_year;operating_margin;earnings_window;market_regime_allows_new_entries,True,"{'price': 266.64, 'price_tv': 266.64, 'price_finviz': 266.64, 'sma50': 273.89439999999996, 'sma150': 261.0432, 'sma200': 243.9213, 'ema21': 263.7639609805828, 'ema50': 270.68007984200426, 'rsi14': 51.07181953914261, 'atr14': 8.913726227132031, 'atr_pct': 3.3429816333378457, 'rvol20': 3.643831409650975, 'performance_21d_pct': -0.30286034772855075, 'distance_52w_high_pct': 20.174834595694996, 'distance_resistance_pct': 18.73312331233123, 'move_10d_pct': 5.046684789032008, 'structural_trend_pass': False}",pattern;previous_revenue_growth_yoy;shares_change_6m_pct,TradingView MCP + Finviz via finvizfinance screener views,2026-09-18T23:44:56+02:00,2026-07-22,,58,NORMAL,
VIAV,Viavi Solutions Inc,tradingview_gates,price_above_sma50;sma50_above_sma150;ema21_above_ema50;within_25pct_52w_high;rsi14;performance_21d,,price_min;market_cap_min;avg_volume_min;price_above_sma50;sma50_above_sma150;sma150_above_sma200;ema21_above_ema50;within_25pct_52w_high;rsi14;atr_pct;rvol20_data_available;performance_21d;distance_resistance_hard;no_extended_move_10d;revenue_growth;eps_growth;eps_next_year;operating_margin;earnings_window;market_regime_allows_new_entries,True,"{'price': 35.36, 'price_tv': 35.36, 'price_finviz': 35.36, 'sma50': 38.3818, 'sma150': 40.8958, 'sma200': 35.68375, 'ema21': 36.60884289662938, 'ema50': 38.72946146589594, 'rsi14': 45.25297447093456, 'atr14': 2.358375799195109, 'atr_pct': 6.669614816728249, 'rvol20': 2.9889099164682955, 'performance_21d_pct': -8.72483221476511, 'distance_52w_high_pct': 41.48601687903359, 'distance_resistance_pct': 46.29524886877827, 'move_10d_pct': 5.144216473386853, 'structural_trend_pass': False}",pattern;previous_revenue_growth_yoy;shares_change_6m_pct,TradingView MCP + Finviz via finvizfinance screener views,2026-09-18T23:45:10+02:00,2026-08-05,,44,NORMAL,
WDC,Western Digital Corp,tradingview_gates,price_above_sma50;ema21_above_ema50;within_25pct_52w_high;rsi14;performance_21d,,price_min;market_cap_min;avg_volume_min;price_above_sma50;sma50_above_sma150;sma150_above_sma200;ema21_above_ema50;within_25pct_52w_high;rsi14;atr_pct;rvol20_data_available;performance_21d;distance_resistance_hard;no_extended_move_10d;revenue_growth;eps_growth;eps_next_year;operating_margin;earnings_window;market_regime_allows_new_entries,True,"{'price': 441.36, 'price_tv': 441.36, 'price_finviz': 441.36, 'sma50': 481.7081, 'sma150': 443.5864, 'sma200': 385.87247499999995, 'ema21': 451.485349143718, 'ema50': 475.0278982495146, 'rsi14': 45.767705777319094, 'atr14': 28.601535871517367, 'atr_pct': 6.480318984846241, 'rvol20': 2.3257100114409597, 'performance_21d_pct': -4.486139063818728, 'distance_52w_high_pct': 44.82103341793041, 'distance_resistance_pct': 65.17128874388254, 'move_10d_pct': -0.04755757863984522, 'structural_trend_pass': False}",pattern;previous_revenue_growth_yoy;shares_change_6m_pct,TradingView MCP + Finviz via finvizfinance screener views,2026-09-18T23:45:16+02:00,2026-08-05,,44,NORMAL,
XE,X-Energy Inc,tradingview_gates,,price_above_sma50;sma50_above_sma150;sma150_above_sma200;ema21_above_ema50;within_25pct_52w_high;rsi14;atr_pct;rvol20_data_available;performance_21d;distance_resistance_hard;no_extended_move_10d;revenue_growth;eps_growth;operating_margin,price_min;market_cap_min;avg_volume_min;eps_next_year;earnings_window;market_regime_allows_new_entries,False,"{'price': None, 'price_tv': None, 'price_finviz': 15.77, 'sma50': None, 'sma150': None, 'sma200': None, 'ema21': None, 'ema50': None, 'rsi14': None, 'atr14': None, 'atr_pct': None, 'rvol20': None, 'performance_21d_pct': None, 'distance_52w_high_pct': None, 'distance_resistance_pct': None, 'move_10d_pct': None, 'structural_trend_pass': False}",atr14;atr_pct;distance_52w_high_pct;distance_resistance_pct;ema21;ema50;eps_growth_yoy;gross_margin;move_10d_pct;operating_margin;pattern;performance_21d_pct;previous_revenue_growth_yoy;price;price_tv;resistance;revenue_growth_yoy;rsi14;rvol20;shares_change_6m_pct;sma150;sma200;sma50;week52_high,TradingView MCP + Finviz via finvizfinance screener views,2026-09-18T23:45:30+02:00,2026-08-13,,36,NORMAL,
