ticker,name,exclusion_stage,failed_gates,unverifiable_gates,gates_evaluated,technical_gates_evaluated,values,missing_fields,source,retrieved_at,earnings_date,days_to_earnings,days_since_earnings,earnings_state,gate_distance
ABVX,Abivax ADR,finviz_prefilter,adr,,,False,"{'industry': 'Biotechnology', 'price_finviz': 115.95}",,Finviz via finvizfinance screener views,2026-09-10T23:30:26+02:00,,,,,
APGE,Apogee Therapeutics Inc,finviz_prefilter,biotech_pre_revenue,,,False,"{'industry': 'Biotechnology', 'price_finviz': 135.07}",,Finviz via finvizfinance screener views,2026-09-10T23:30:26+02:00,,,,,
ARM,Arm Holdings Plc ADR,finviz_prefilter,adr,,,False,"{'industry': 'Semiconductors', 'price_finviz': 254.18}",,Finviz via finvizfinance screener views,2026-09-10T23:30:26+02:00,,,,,
ATAT,Atour Lifestyle Holdings Ltd ADR,finviz_prefilter,adr,,,False,"{'industry': 'Lodging', 'price_finviz': 32.85}",,Finviz via finvizfinance screener views,2026-09-10T23:30:26+02:00,,,,,
BIDU,Baidu Inc ADR,finviz_prefilter,adr,,,False,"{'industry': 'Internet Content & Information', 'price_finviz': 90.59}",,Finviz via finvizfinance screener views,2026-09-10T23:30:26+02:00,,,,,
BILI,Bilibili Inc ADR,finviz_prefilter,adr,,,False,"{'industry': 'Internet Content & Information', 'price_finviz': 15.47}",,Finviz via finvizfinance screener views,2026-09-10T23:30:26+02:00,,,,,
BNTX,BioNTech SE ADR,finviz_prefilter,adr,,,False,"{'industry': 'Biotechnology', 'price_finviz': 96.4}",,Finviz via finvizfinance screener views,2026-09-10T23:30:26+02:00,,,,,
BZ,Kanzhun Ltd ADR,finviz_prefilter,adr,,,False,"{'industry': 'Internet Content & Information', 'price_finviz': 16.41}",,Finviz via finvizfinance screener views,2026-09-10T23:30:26+02:00,,,,,
CELC,Celcuity Inc,finviz_prefilter,biotech_pre_revenue,,,False,"{'industry': 'Biotechnology', 'price_finviz': 85.49}",,Finviz via finvizfinance screener views,2026-09-10T23:30:26+02:00,,,,,
COGT,Cogent Biosciences Inc,finviz_prefilter,biotech_pre_revenue,,,False,"{'industry': 'Biotechnology', 'price_finviz': 34.08}",,Finviz via finvizfinance screener views,2026-09-10T23:30:26+02:00,,,,,
DFTX,Definium Therapeutics Inc,finviz_prefilter,biotech_pre_revenue,,,False,"{'industry': 'Biotechnology', 'price_finviz': 37.73}",,Finviz via finvizfinance screener views,2026-09-10T23:30:26+02:00,,,,,
DYN,Dyne Therapeutics Inc,finviz_prefilter,biotech_pre_revenue,,,False,"{'industry': 'Biotechnology', 'price_finviz': 18.42}",,Finviz via finvizfinance screener views,2026-09-10T23:30:26+02:00,,,,,
ELVN,Enliven Therapeutics Inc,finviz_prefilter,biotech_pre_revenue,,,False,"{'industry': 'Biotechnology', 'price_finviz': 56.23}",,Finviz via finvizfinance screener views,2026-09-10T23:30:26+02:00,,,,,
ERAS,Erasca Inc,finviz_prefilter,biotech_pre_revenue,,,False,"{'industry': 'Biotechnology', 'price_finviz': 16.03}",,Finviz via finvizfinance screener views,2026-09-10T23:30:26+02:00,,,,,
EWTX,Edgewise Therapeutics Inc,finviz_prefilter,biotech_pre_revenue,,,False,"{'industry': 'Biotechnology', 'price_finviz': 42.9}",,Finviz via finvizfinance screener views,2026-09-10T23:30:26+02:00,,,,,
FUTU,Futu Holdings Ltd ADR,finviz_prefilter,adr,,,False,"{'industry': 'Capital Markets', 'price_finviz': 113.51}",,Finviz via finvizfinance screener views,2026-09-10T23:30:26+02:00,,,,,
GDS,GDS Holdings Limited ADR,finviz_prefilter,adr,,,False,"{'industry': 'Information Technology Services', 'price_finviz': 31.06}",,Finviz via finvizfinance screener views,2026-09-10T23:30:26+02:00,,,,,
GGAL,Grupo Financiero Galicia ADR,finviz_prefilter,adr,,,False,"{'industry': 'Banks - Regional', 'price_finviz': 44.72}",,Finviz via finvizfinance screener views,2026-09-10T23:30:26+02:00,,,,,
GMAB,Genmab ADR,finviz_prefilter,adr,,,False,"{'industry': 'Biotechnology', 'price_finviz': 32.23}",,Finviz via finvizfinance screener views,2026-09-10T23:30:26+02:00,,,,,
GPCR,Structure Therapeutics Inc ADR,finviz_prefilter,adr,,,False,"{'industry': 'Biotechnology', 'price_finviz': 39.55}",,Finviz via finvizfinance screener views,2026-09-10T23:30:26+02:00,,,,,
HSAI,Hesai Group ADR,finviz_prefilter,adr,,,False,"{'industry': 'Auto Parts', 'price_finviz': 17.4}",,Finviz via finvizfinance screener views,2026-09-10T23:30:26+02:00,,,,,
HTHT,H World Group Limited ADR,finviz_prefilter,adr,,,False,"{'industry': 'Lodging', 'price_finviz': 43.01}",,Finviz via finvizfinance screener views,2026-09-10T23:30:26+02:00,,,,,
IMVT,Immunovant Inc,finviz_prefilter,biotech_pre_revenue,,,False,"{'industry': 'Biotechnology', 'price_finviz': 38.1}",,Finviz via finvizfinance screener views,2026-09-10T23:30:26+02:00,,,,,
JD,JD.com Inc ADR,finviz_prefilter,adr,,,False,"{'industry': 'Internet Retail', 'price_finviz': 27.02}",,Finviz via finvizfinance screener views,2026-09-10T23:30:26+02:00,,,,,
LEGN,Legend Biotech Corp ADR,finviz_prefilter,adr,,,False,"{'industry': 'Biotechnology', 'price_finviz': 19.19}",,Finviz via finvizfinance screener views,2026-09-10T23:30:26+02:00,,,,,
MLYS,Mineralys Therapeutics Inc,finviz_prefilter,biotech_pre_revenue,,,False,"{'industry': 'Biotechnology', 'price_finviz': 29.3}",,Finviz via finvizfinance screener views,2026-09-10T23:30:26+02:00,,,,,
NTES,NetEase Inc ADR,finviz_prefilter,adr,,,False,"{'industry': 'Electronic Gaming & Multimedia', 'price_finviz': 115.63}",,Finviz via finvizfinance screener views,2026-09-10T23:30:26+02:00,,,,,
ORKA,Oruka Therapeutics Inc,finviz_prefilter,biotech_pre_revenue,,,False,"{'industry': 'Biotechnology', 'price_finviz': 91.65}",,Finviz via finvizfinance screener views,2026-09-10T23:30:26+02:00,,,,,
PAYP,PayPay Corp ADR,finviz_prefilter,adr,,,False,"{'industry': 'Software - Infrastructure', 'price_finviz': 18.24}",,Finviz via finvizfinance screener views,2026-09-10T23:30:26+02:00,,,,,
PCVX,Vaxcyte Inc,finviz_prefilter,biotech_pre_revenue,,,False,"{'industry': 'Biotechnology', 'price_finviz': 58.9}",,Finviz via finvizfinance screener views,2026-09-10T23:30:26+02:00,,,,,
PDD,PDD Holdings Inc ADR,finviz_prefilter,adr,,,False,"{'industry': 'Internet Retail', 'price_finviz': 77.84}",,Finviz via finvizfinance screener views,2026-09-10T23:30:26+02:00,,,,,
RVMD,Revolution Medicines Inc,finviz_prefilter,biotech_pre_revenue,,,False,"{'industry': 'Biotechnology', 'price_finviz': 203.35}",,Finviz via finvizfinance screener views,2026-09-10T23:30:26+02:00,,,,,
RYAAY,Ryanair Holdings Plc ADR,finviz_prefilter,adr,,,False,"{'industry': 'Airlines', 'price_finviz': 53.0}",,Finviz via finvizfinance screener views,2026-09-10T23:30:26+02:00,,,,,
SIMO,Silicon Motion Technology Corp ADR,finviz_prefilter,adr,,,False,"{'industry': 'Semiconductors', 'price_finviz': 265.25}",,Finviz via finvizfinance screener views,2026-09-10T23:30:26+02:00,,,,,
SKHY,SK Hynix Inc ADR,finviz_prefilter,adr,,,False,"{'industry': 'Semiconductors', 'price_finviz': 188.3}",,Finviz via finvizfinance screener views,2026-09-10T23:30:26+02:00,,,,,
SMMT,Summit Therapeutics Inc,finviz_prefilter,biotech_pre_revenue,,,False,"{'industry': 'Biotechnology', 'price_finviz': 17.0}",,Finviz via finvizfinance screener views,2026-09-10T23:30:26+02:00,,,,,
SNY,Sanofi ADR,finviz_prefilter,adr,,,False,"{'industry': 'Drug Manufacturers - General', 'price_finviz': 42.72}",,Finviz via finvizfinance screener views,2026-09-10T23:30:26+02:00,,,,,
SRRK,Scholar Rock Holding Corp,finviz_prefilter,biotech_pre_revenue,,,False,"{'industry': 'Biotechnology', 'price_finviz': 55.67}",,Finviz via finvizfinance screener views,2026-09-10T23:30:26+02:00,,,,,
SYRE,Spyre Therapeutics Inc,finviz_prefilter,biotech_pre_revenue,,,False,"{'industry': 'Biotechnology', 'price_finviz': 88.71}",,Finviz via finvizfinance screener views,2026-09-10T23:30:26+02:00,,,,,
TCOM,Trip.com Group Ltd ADR,finviz_prefilter,adr,,,False,"{'industry': 'Travel Services', 'price_finviz': 38.7}",,Finviz via finvizfinance screener views,2026-09-10T23:30:26+02:00,,,,,
TRVI,Trevi Therapeutics Inc,finviz_prefilter,biotech_pre_revenue,,,False,"{'industry': 'Biotechnology', 'price_finviz': 15.91}",,Finviz via finvizfinance screener views,2026-09-10T23:30:26+02:00,,,,,
VERA,Vera Therapeutics Inc,finviz_prefilter,biotech_pre_revenue,,,False,"{'industry': 'Biotechnology', 'price_finviz': 33.6}",,Finviz via finvizfinance screener views,2026-09-10T23:30:26+02:00,,,,,
VKTX,Viking Therapeutics Inc,finviz_prefilter,biotech_pre_revenue,,,False,"{'industry': 'Biotechnology', 'price_finviz': 32.13}",,Finviz via finvizfinance screener views,2026-09-10T23:30:26+02:00,,,,,
VOD,Vodafone Group plc ADR,finviz_prefilter,adr,,,False,"{'industry': 'Telecom Services', 'price_finviz': 17.33}",,Finviz via finvizfinance screener views,2026-09-10T23:30:26+02:00,,,,,
XENE,Xenon Pharmaceuticals Inc,finviz_prefilter,biotech_pre_revenue,,,False,"{'industry': 'Biotechnology', 'price_finviz': 58.8}",,Finviz via finvizfinance screener views,2026-09-10T23:30:26+02:00,,,,,
ZLAB,Zai Lab Limited ADR,finviz_prefilter,adr,,,False,"{'industry': 'Biotechnology', 'price_finviz': 24.17}",,Finviz via finvizfinance screener views,2026-09-10T23:30:26+02:00,,,,,
AAOI,Applied Optoelectronics Inc,finviz_prefilter,eps_growth;operating_margin,,price_min;market_cap_min;avg_volume_min;revenue_growth;eps_growth;eps_next_year;operating_margin;earnings_window,False,"{'revenue_growth_yoy': 86.42, 'eps_growth_yoy': -74.24, 'eps_next_year': 650.23, 'operating_margin': -11.31}",,Finviz via finvizfinance screener views,2026-09-10T23:30:26+02:00,2026-08-06,,35,NORMAL,
AAPL,Apple Inc,finviz_prefilter,revenue_growth;eps_growth;eps_next_year,,price_min;market_cap_min;avg_volume_min;revenue_growth;eps_growth;eps_next_year;operating_margin;earnings_window,False,"{'revenue_growth_yoy': 16.36, 'eps_growth_yoy': 29.13, 'eps_next_year': 8.52, 'operating_margin': 33.17}",,Finviz via finvizfinance screener views,2026-09-10T23:30:26+02:00,2026-07-30,,42,NORMAL,
ABNB,Airbnb Inc,finviz_prefilter,revenue_growth,,price_min;market_cap_min;avg_volume_min;revenue_growth;eps_growth;eps_next_year;operating_margin;earnings_window,False,"{'revenue_growth_yoy': 16.54, 'eps_growth_yoy': 33.06, 'eps_next_year': 17.45, 'operating_margin': 21.21}",,Finviz via finvizfinance screener views,2026-09-10T23:30:26+02:00,2026-08-06,,35,NORMAL,"{'failed_gate': 'revenue_growth', 'actual_value': 16.54, 'applicable_threshold': 20.0, 'distance_to_threshold': 3.460000000000001, 'distance_to_threshold_pct': 17.300000000000004, 'formula': 'minimo: distance = threshold - actual; pct = distance / abs(threshold) * 100'}"
ACAD,Acadia Pharmaceuticals Inc,finviz_prefilter,revenue_growth;eps_growth;operating_margin,,price_min;market_cap_min;avg_volume_min;revenue_growth;eps_growth;eps_next_year;operating_margin;earnings_window,False,"{'revenue_growth_yoy': 16.400000000000002, 'eps_growth_yoy': 15.24, 'eps_next_year': 48.25, 'operating_margin': 7.59}",,Finviz via finvizfinance screener views,2026-09-10T23:30:26+02:00,2026-08-04,,37,NORMAL,
ACGL,Arch Capital Group Ltd,finviz_prefilter,revenue_growth;eps_growth;eps_next_year,,price_min;market_cap_min;avg_volume_min;revenue_growth;eps_growth;eps_next_year;operating_margin;earnings_window,False,"{'revenue_growth_yoy': -11.459999999999999, 'eps_growth_yoy': -7.06, 'eps_next_year': 4.16, 'operating_margin': 25.11}",,Finviz via finvizfinance screener views,2026-09-10T23:30:26+02:00,2026-07-28,,44,NORMAL,
ACHC,Acadia Healthcare Company Inc,finviz_prefilter,revenue_growth;eps_growth,,price_min;market_cap_min;avg_volume_min;revenue_growth;eps_growth;eps_next_year;operating_margin;earnings_window,False,"{'revenue_growth_yoy': -0.38999999999999996, 'eps_growth_yoy': -64.09, 'eps_next_year': 19.39, 'operating_margin': 10.059999999999999}",,Finviz via finvizfinance screener views,2026-09-10T23:30:26+02:00,2026-07-28,,44,NORMAL,
ACIW,ACI Worldwide Inc,finviz_prefilter,revenue_growth;eps_next_year,,price_min;market_cap_min;avg_volume_min;revenue_growth;eps_growth;eps_next_year;operating_margin;earnings_window,False,"{'revenue_growth_yoy': 7.2700000000000005, 'eps_growth_yoy': 169.34, 'eps_next_year': 13.51, 'operating_margin': 19.02}",,Finviz via finvizfinance screener views,2026-09-10T23:30:26+02:00,2026-08-06,,35,NORMAL,
ADBE,Adobe Inc,finviz_prefilter,revenue_growth;eps_growth;eps_next_year;earnings_window,,price_min;market_cap_min;avg_volume_min;revenue_growth;eps_growth;eps_next_year;operating_margin;earnings_window,False,"{'revenue_growth_yoy': 12.690000000000001, 'eps_growth_yoy': 8.04, 'eps_next_year': 12.52, 'operating_margin': 36.74}",,Finviz via finvizfinance screener views,2026-09-10T23:30:26+02:00,2026-09-10,0,,PRE_EARNINGS_BLACKOUT,
ADEA,Adeia Inc,finviz_prefilter,revenue_growth;eps_growth;eps_next_year,,price_min;market_cap_min;avg_volume_min;revenue_growth;eps_growth;eps_next_year;operating_margin;earnings_window,False,"{'revenue_growth_yoy': 12.11, 'eps_growth_yoy': 1.81, 'eps_next_year': 13.13, 'operating_margin': 46.81}",,Finviz via finvizfinance screener views,2026-09-10T23:30:26+02:00,2026-08-03,,38,NORMAL,
ADP,Automatic Data Processing Inc,finviz_prefilter,revenue_growth;eps_growth;eps_next_year,,price_min;market_cap_min;avg_volume_min;revenue_growth;eps_growth;eps_next_year;operating_margin;earnings_window,False,"{'revenue_growth_yoy': 6.77, 'eps_growth_yoy': 9.62, 'eps_next_year': 9.22, 'operating_margin': 26.41}",,Finviz via finvizfinance screener views,2026-09-10T23:30:26+02:00,2026-07-29,,43,NORMAL,
ADPT,Adaptive Biotechnologies Corp,finviz_prefilter,eps_growth;operating_margin,,price_min;market_cap_min;avg_volume_min;revenue_growth;eps_growth;eps_next_year;operating_margin;earnings_window,False,"{'revenue_growth_yoy': 21.529999999999998, 'eps_growth_yoy': -47.8, 'eps_next_year': 67.66, 'operating_margin': -11.81}",,Finviz via finvizfinance screener views,2026-09-10T23:30:26+02:00,2026-07-29,,43,NORMAL,
ADSK,Autodesk Inc,finviz_prefilter,revenue_growth;eps_next_year,,price_min;market_cap_min;avg_volume_min;revenue_growth;eps_growth;eps_next_year;operating_margin;earnings_window,False,"{'revenue_growth_yoy': 16.78, 'eps_growth_yoy': 60.17, 'eps_next_year': 12.57, 'operating_margin': 23.39}",,Finviz via finvizfinance screener views,2026-09-10T23:30:26+02:00,2026-08-27,,14,PEAD_WINDOW,
AEHR,Aehr Test Systems,finviz_prefilter,operating_margin,,price_min;market_cap_min;avg_volume_min;revenue_growth;eps_growth;eps_next_year;operating_margin;earnings_window,False,"{'revenue_growth_yoy': 33.69, 'eps_growth_yoy': 143.11, 'eps_next_year': None, 'operating_margin': -28.29}",,Finviz via finvizfinance screener views,2026-09-10T23:30:26+02:00,2026-07-14,,58,NORMAL,"{'failed_gate': 'operating_margin', 'actual_value': -28.29, 'applicable_threshold': 8.0, 'distance_to_threshold': 36.29, 'distance_to_threshold_pct': 453.625, 'formula': 'minimo: distance = threshold - actual; pct = distance / abs(threshold) * 100'}"
AEP,American Electric Power Company Inc,finviz_prefilter,revenue_growth;eps_growth;eps_next_year,,price_min;market_cap_min;avg_volume_min;revenue_growth;eps_growth;eps_next_year;operating_margin;earnings_window,False,"{'revenue_growth_yoy': 6.79, 'eps_growth_yoy': -43.33, 'eps_next_year': 7.58, 'operating_margin': 23.330000000000002}",,Finviz via finvizfinance screener views,2026-09-10T23:30:26+02:00,2026-07-30,,42,NORMAL,
AGIO,Agios Pharmaceuticals Inc,finviz_prefilter,eps_growth;operating_margin,,price_min;market_cap_min;avg_volume_min;revenue_growth;eps_growth;eps_next_year;operating_margin;earnings_window,False,"{'revenue_growth_yoy': 259.25, 'eps_growth_yoy': 12.45, 'eps_next_year': 35.07, 'operating_margin': -466.78}",,Finviz via finvizfinance screener views,2026-09-10T23:30:26+02:00,2026-07-30,,42,NORMAL,
AKAM,Akamai Technologies Inc,finviz_prefilter,revenue_growth;eps_growth;eps_next_year,,price_min;market_cap_min;avg_volume_min;revenue_growth;eps_growth;eps_next_year;operating_margin;earnings_window,False,"{'revenue_growth_yoy': 5.38, 'eps_growth_yoy': -27.57, 'eps_next_year': 6.44, 'operating_margin': 11.92}",,Finviz via finvizfinance screener views,2026-09-10T23:30:26+02:00,2026-08-06,,35,NORMAL,
ALGM,Allegro Microsystems Inc,finviz_prefilter,operating_margin,,price_min;market_cap_min;avg_volume_min;revenue_growth;eps_growth;eps_next_year;operating_margin;earnings_window,False,"{'revenue_growth_yoy': 27.450000000000003, 'eps_growth_yoy': 217.85000000000002, 'eps_next_year': 46.01, 'operating_margin': 6.22}",,Finviz via finvizfinance screener views,2026-09-10T23:30:26+02:00,2026-07-30,,42,NORMAL,"{'failed_gate': 'operating_margin', 'actual_value': 6.22, 'applicable_threshold': 8.0, 'distance_to_threshold': 1.7800000000000002, 'distance_to_threshold_pct': 22.250000000000004, 'formula': 'minimo: distance = threshold - actual; pct = distance / abs(threshold) * 100'}"
ALGN,Align Technology Inc,finviz_prefilter,revenue_growth;eps_growth;eps_next_year,,price_min;market_cap_min;avg_volume_min;revenue_growth;eps_growth;eps_next_year;operating_margin;earnings_window,False,"{'revenue_growth_yoy': 4.32, 'eps_growth_yoy': -11.790000000000001, 'eps_next_year': 11.05, 'operating_margin': 18.38}",,Finviz via finvizfinance screener views,2026-09-10T23:30:26+02:00,2026-07-29,,43,NORMAL,
ALKS,Alkermes plc,finviz_prefilter,eps_growth,,price_min;market_cap_min;avg_volume_min;revenue_growth;eps_growth;eps_next_year;operating_margin;earnings_window,False,"{'revenue_growth_yoy': 26.97, 'eps_growth_yoy': -99.44, 'eps_next_year': 242.28, 'operating_margin': 8.62}",,Finviz via finvizfinance screener views,2026-09-10T23:30:26+02:00,2026-07-28,,44,NORMAL,"{'failed_gate': 'eps_growth', 'actual_value': -99.44, 'applicable_threshold': 30.0, 'distance_to_threshold': 129.44, 'distance_to_threshold_pct': 431.46666666666664, 'formula': 'minimo: distance = threshold - actual; pct = distance / abs(threshold) * 100'}"
ALKT,Alkami Technology Inc,finviz_prefilter,revenue_growth;operating_margin,,price_min;market_cap_min;avg_volume_min;revenue_growth;eps_growth;eps_next_year;operating_margin;earnings_window,False,"{'revenue_growth_yoy': 15.870000000000001, 'eps_growth_yoy': 36.61, 'eps_next_year': 38.22, 'operating_margin': -7.08}",,Finviz via finvizfinance screener views,2026-09-10T23:30:26+02:00,2026-07-29,,43,NORMAL,
ALM,Almonty Industries Inc,finviz_prefilter,operating_margin,,price_min;market_cap_min;avg_volume_min;revenue_growth;eps_growth;eps_next_year;operating_margin;earnings_window,False,"{'revenue_growth_yoy': 497.89000000000004, 'eps_growth_yoy': 235.56, 'eps_next_year': 125.38, 'operating_margin': 5.27}",,Finviz via finvizfinance screener views,2026-09-10T23:30:26+02:00,2026-08-11,,30,NORMAL,"{'failed_gate': 'operating_margin', 'actual_value': 5.27, 'applicable_threshold': 8.0, 'distance_to_threshold': 2.7300000000000004, 'distance_to_threshold_pct': 34.12500000000001, 'formula': 'minimo: distance = threshold - actual; pct = distance / abs(threshold) * 100'}"
AMBA,Ambarella Inc,finviz_prefilter,revenue_growth;operating_margin,,price_min;market_cap_min;avg_volume_min;revenue_growth;eps_growth;eps_next_year;operating_margin;earnings_window,False,"{'revenue_growth_yoy': 13.209999999999999, 'eps_growth_yoy': 67.66, 'eps_next_year': 31.23, 'operating_margin': -14.610000000000001}",,Finviz via finvizfinance screener views,2026-09-10T23:30:26+02:00,2026-09-03,,7,PEAD_WINDOW,
AMGN,AMGEN Inc,finviz_prefilter,revenue_growth;eps_next_year,,price_min;market_cap_min;avg_volume_min;revenue_growth;eps_growth;eps_next_year;operating_margin;earnings_window,False,"{'revenue_growth_yoy': 9.82, 'eps_growth_yoy': 64.92999999999999, 'eps_next_year': 5.83, 'operating_margin': 33.31}",,Finviz via finvizfinance screener views,2026-09-10T23:30:26+02:00,2026-08-04,,37,NORMAL,
AMKR,AMKOR Technology Inc,finviz_prefilter,eps_next_year,,price_min;market_cap_min;avg_volume_min;revenue_growth;eps_growth;eps_next_year;operating_margin;earnings_window,False,"{'revenue_growth_yoy': 25.580000000000002, 'eps_growth_yoy': 216.52999999999997, 'eps_next_year': 8.84, 'operating_margin': 8.92}",,Finviz via finvizfinance screener views,2026-09-10T23:30:26+02:00,2026-07-27,,45,NORMAL,"{'failed_gate': 'eps_next_year', 'actual_value': 8.84, 'applicable_threshold': 15.0, 'distance_to_threshold': 6.16, 'distance_to_threshold_pct': 41.06666666666667, 'formula': 'minimo: distance = threshold - actual; pct = distance / abs(threshold) * 100'}"
AMRX,Amneal Pharmaceuticals Inc,finviz_prefilter,revenue_growth,,price_min;market_cap_min;avg_volume_min;revenue_growth;eps_growth;eps_next_year;operating_margin;earnings_window,False,"{'revenue_growth_yoy': 9.89, 'eps_growth_yoy': 152.81, 'eps_next_year': 15.86, 'operating_margin': 15.299999999999999}",,Finviz via finvizfinance screener views,2026-09-10T23:30:26+02:00,2026-07-30,,42,NORMAL,"{'failed_gate': 'revenue_growth', 'actual_value': 9.89, 'applicable_threshold': 20.0, 'distance_to_threshold': 10.11, 'distance_to_threshold_pct': 50.55, 'formula': 'minimo: distance = threshold - actual; pct = distance / abs(threshold) * 100'}"
AMZN,Amazon.com Inc,finviz_prefilter,revenue_growth;eps_next_year,,price_min;market_cap_min;avg_volume_min;revenue_growth;eps_growth;eps_next_year;operating_margin;earnings_window,False,"{'revenue_growth_yoy': 19.62, 'eps_growth_yoy': 241.82999999999998, 'eps_next_year': -16.82, 'operating_margin': 12.68}",,Finviz via finvizfinance screener views,2026-09-10T23:30:26+02:00,2026-07-30,,42,NORMAL,
APA,APA Corp,finviz_prefilter,revenue_growth;eps_growth;eps_next_year,,price_min;market_cap_min;avg_volume_min;revenue_growth;eps_growth;eps_next_year;operating_margin;earnings_window,False,"{'revenue_growth_yoy': 8.95, 'eps_growth_yoy': 26.33, 'eps_next_year': -29.67, 'operating_margin': 41.32}",,Finviz via finvizfinance screener views,2026-09-10T23:30:26+02:00,2026-08-05,,36,NORMAL,
APLD,Applied Digital Corp,finviz_prefilter,eps_growth;operating_margin,,price_min;market_cap_min;avg_volume_min;revenue_growth;eps_growth;eps_next_year;operating_margin;earnings_window,False,"{'revenue_growth_yoy': 580.68, 'eps_growth_yoy': -62.41, 'eps_next_year': 74.77, 'operating_margin': -29.73}",,Finviz via finvizfinance screener views,2026-09-10T23:30:26+02:00,2026-07-27,,45,NORMAL,
APPN,Appian Corp,finviz_prefilter,revenue_growth;eps_growth;operating_margin,,price_min;market_cap_min;avg_volume_min;revenue_growth;eps_growth;eps_next_year;operating_margin;earnings_window,False,"{'revenue_growth_yoy': 19.11, 'eps_growth_yoy': -3759.52, 'eps_next_year': 31.1, 'operating_margin': 4.37}",,Finviz via finvizfinance screener views,2026-09-10T23:30:26+02:00,2026-08-06,,35,NORMAL,
ARCC,Ares Capital Corp,finviz_prefilter,revenue_growth;eps_growth;eps_next_year,,price_min;market_cap_min;avg_volume_min;revenue_growth;eps_growth;eps_next_year;operating_margin;earnings_window,False,"{'revenue_growth_yoy': -7.3, 'eps_growth_yoy': -54.14, 'eps_next_year': 1.46, 'operating_margin': 58.03}",,Finviz via finvizfinance screener views,2026-09-10T23:30:26+02:00,2026-07-29,,43,NORMAL,
ARQT,Arcutis Biotherapeutics Inc,finviz_prefilter,operating_margin,,price_min;market_cap_min;avg_volume_min;revenue_growth;eps_growth;eps_next_year;operating_margin;earnings_window,False,"{'revenue_growth_yoy': 59.330000000000005, 'eps_growth_yoy': 188.25, 'eps_next_year': 171.05, 'operating_margin': 7.380000000000001}",,Finviz via finvizfinance screener views,2026-09-10T23:30:26+02:00,2026-08-05,,36,NORMAL,"{'failed_gate': 'operating_margin', 'actual_value': 7.380000000000001, 'applicable_threshold': 8.0, 'distance_to_threshold': 0.6199999999999992, 'distance_to_threshold_pct': 7.74999999999999, 'formula': 'minimo: distance = threshold - actual; pct = distance / abs(threshold) * 100'}"
ARWR,Arrowhead Pharmaceuticals Inc,finviz_prefilter,eps_growth;eps_next_year;operating_margin,,price_min;market_cap_min;avg_volume_min;revenue_growth;eps_growth;eps_next_year;operating_margin;earnings_window,False,"{'revenue_growth_yoy': 171.01999999999998, 'eps_growth_yoy': -7.51, 'eps_next_year': -31.36, 'operating_margin': -33.82}",,Finviz via finvizfinance screener views,2026-09-10T23:30:26+02:00,2026-08-04,,37,NORMAL,
ASO,Academy Sports and Outdoors Inc,finviz_prefilter,revenue_growth;eps_growth;eps_next_year,,price_min;market_cap_min;avg_volume_min;revenue_growth;eps_growth;eps_next_year;operating_margin;earnings_window,False,"{'revenue_growth_yoy': 2.97, 'eps_growth_yoy': 17.1, 'eps_next_year': 6.0, 'operating_margin': 9.55}",,Finviz via finvizfinance screener views,2026-09-10T23:30:26+02:00,2026-09-09,,1,PEAD_WINDOW,
ASST,Strive Inc,finviz_prefilter,revenue_growth;eps_growth;operating_margin,,price_min;market_cap_min;avg_volume_min;revenue_growth;eps_growth;eps_next_year;operating_margin;earnings_window,False,"{'revenue_growth_yoy': -19.2, 'eps_growth_yoy': -10.31, 'eps_next_year': 123.47, 'operating_margin': -14415.58}",,Finviz via finvizfinance screener views,2026-09-10T23:30:26+02:00,2026-08-10,,31,NORMAL,
ASTS,AST SpaceMobile Inc,finviz_prefilter,eps_growth;operating_margin,,price_min;market_cap_min;avg_volume_min;revenue_growth;eps_growth;eps_next_year;operating_margin;earnings_window,False,"{'revenue_growth_yoy': 2626.64, 'eps_growth_yoy': -88.0, 'eps_next_year': 43.97, 'operating_margin': -410.26}",,Finviz via finvizfinance screener views,2026-09-10T23:30:26+02:00,2026-08-10,,31,NORMAL,
ATRC,Atricure Inc,finviz_prefilter,revenue_growth;operating_margin,,price_min;market_cap_min;avg_volume_min;revenue_growth;eps_growth;eps_next_year;operating_margin;earnings_window,False,"{'revenue_growth_yoy': 12.83, 'eps_growth_yoy': 241.25, 'eps_next_year': 291.48, 'operating_margin': 2.44}",,Finviz via finvizfinance screener views,2026-09-10T23:30:26+02:00,2026-07-23,,49,NORMAL,
AUPH,Aurinia Pharmaceuticals Inc,finviz_prefilter,revenue_growth,,price_min;market_cap_min;avg_volume_min;revenue_growth;eps_growth;eps_next_year;operating_margin;earnings_window,False,"{'revenue_growth_yoy': 18.87, 'eps_growth_yoy': 79.16, 'eps_next_year': 24.79, 'operating_margin': 45.15}",,Finviz via finvizfinance screener views,2026-09-10T23:30:26+02:00,2026-08-06,,35,NORMAL,"{'failed_gate': 'revenue_growth', 'actual_value': 18.87, 'applicable_threshold': 20.0, 'distance_to_threshold': 1.129999999999999, 'distance_to_threshold_pct': 5.649999999999995, 'formula': 'minimo: distance = threshold - actual; pct = distance / abs(threshold) * 100'}"
AVAV,AeroVironment Inc,finviz_prefilter,revenue_growth;operating_margin,,price_min;market_cap_min;avg_volume_min;revenue_growth;eps_growth;eps_next_year;operating_margin;earnings_window,False,"{'revenue_growth_yoy': 5.680000000000001, 'eps_growth_yoy': 92.92, 'eps_next_year': 37.57, 'operating_margin': 0.63}",,Finviz via finvizfinance screener views,2026-09-10T23:30:26+02:00,2026-09-09,,1,PEAD_WINDOW,
AVT,Avnet Inc,finviz_prefilter,eps_next_year;operating_margin,,price_min;market_cap_min;avg_volume_min;revenue_growth;eps_growth;eps_next_year;operating_margin;earnings_window,False,"{'revenue_growth_yoy': 47.660000000000004, 'eps_growth_yoy': 1987.43, 'eps_next_year': 11.61, 'operating_margin': 3.11}",,Finviz via finvizfinance screener views,2026-09-10T23:30:26+02:00,2026-08-05,,36,NORMAL,
AXGN,Axogen Inc,finviz_prefilter,eps_growth;operating_margin,,price_min;market_cap_min;avg_volume_min;revenue_growth;eps_growth;eps_next_year;operating_margin;earnings_window,False,"{'revenue_growth_yoy': 23.06, 'eps_growth_yoy': -334.71000000000004, 'eps_next_year': 52.76, 'operating_margin': -5.12}",,Finviz via finvizfinance screener views,2026-09-10T23:30:26+02:00,2026-07-29,,43,NORMAL,
AXON,Axon Enterprise Inc,finviz_prefilter,eps_growth;operating_margin,,price_min;market_cap_min;avg_volume_min;revenue_growth;eps_growth;eps_next_year;operating_margin;earnings_window,False,"{'revenue_growth_yoy': 35.28, 'eps_growth_yoy': -19.0, 'eps_next_year': 37.8, 'operating_margin': 1.15}",,Finviz via finvizfinance screener views,2026-09-10T23:30:26+02:00,2026-08-05,,36,NORMAL,
AXSM,Axsome Therapeutics Inc,finviz_prefilter,eps_growth;operating_margin,,price_min;market_cap_min;avg_volume_min;revenue_growth;eps_growth;eps_next_year;operating_margin;earnings_window,False,"{'revenue_growth_yoy': 45.540000000000006, 'eps_growth_yoy': -2.09, 'eps_next_year': 274.15, 'operating_margin': -23.549999999999997}",,Finviz via finvizfinance screener views,2026-09-10T23:30:26+02:00,2026-08-10,,31,NORMAL,
AXTI,AXT Inc,finviz_prefilter,operating_margin,,price_min;market_cap_min;avg_volume_min;revenue_growth;eps_growth;eps_next_year;operating_margin;earnings_window,False,"{'revenue_growth_yoy': 164.76999999999998, 'eps_growth_yoy': 208.25, 'eps_next_year': 158.88, 'operating_margin': 3.09}",,Finviz via finvizfinance screener views,2026-09-10T23:30:26+02:00,2026-07-30,,42,NORMAL,"{'failed_gate': 'operating_margin', 'actual_value': 3.09, 'applicable_threshold': 8.0, 'distance_to_threshold': 4.91, 'distance_to_threshold_pct': 61.375, 'formula': 'minimo: distance = threshold - actual; pct = distance / abs(threshold) * 100'}"
BBIO,BridgeBio Pharma Inc,finviz_prefilter,eps_growth;operating_margin,,price_min;market_cap_min;avg_volume_min;revenue_growth;eps_growth;eps_next_year;operating_margin;earnings_window,False,"{'revenue_growth_yoy': 120.39, 'eps_growth_yoy': 18.57, 'eps_next_year': 103.21, 'operating_margin': -67.01}",,Finviz via finvizfinance screener views,2026-09-10T23:30:26+02:00,2026-08-10,,31,NORMAL,
BEAM,Beam Therapeutics Inc,finviz_prefilter,revenue_growth;eps_growth;eps_next_year;operating_margin,,price_min;market_cap_min;avg_volume_min;revenue_growth;eps_growth;eps_next_year;operating_margin;earnings_window,False,"{'revenue_growth_yoy': -94.21000000000001, 'eps_growth_yoy': -17.25, 'eps_next_year': -7.96, 'operating_margin': -242.26999999999998}",,Finviz via finvizfinance screener views,2026-09-10T23:30:26+02:00,2026-08-04,,37,NORMAL,
BIIB,Biogen Inc,finviz_prefilter,revenue_growth;eps_growth,,price_min;market_cap_min;avg_volume_min;revenue_growth;eps_growth;eps_next_year;operating_margin;earnings_window,False,"{'revenue_growth_yoy': 2.3800000000000003, 'eps_growth_yoy': -84.85000000000001, 'eps_next_year': 33.29, 'operating_margin': 19.5}",,Finviz via finvizfinance screener views,2026-09-10T23:30:26+02:00,2026-07-29,,43,NORMAL,
BKNG,Booking Holdings Inc,finviz_prefilter,revenue_growth,,price_min;market_cap_min;avg_volume_min;revenue_growth;eps_growth;eps_next_year;operating_margin;earnings_window,False,"{'revenue_growth_yoy': 8.15, 'eps_growth_yoy': 130.75, 'eps_next_year': 18.43, 'operating_margin': 35.17}",,Finviz via finvizfinance screener views,2026-09-10T23:30:26+02:00,2026-08-04,,37,NORMAL,"{'failed_gate': 'revenue_growth', 'actual_value': 8.15, 'applicable_threshold': 20.0, 'distance_to_threshold': 11.85, 'distance_to_threshold_pct': 59.25, 'formula': 'minimo: distance = threshold - actual; pct = distance / abs(threshold) * 100'}"
BKR,Baker Hughes Co,finviz_prefilter,revenue_growth;eps_growth;eps_next_year,,price_min;market_cap_min;avg_volume_min;revenue_growth;eps_growth;eps_next_year;operating_margin;earnings_window,False,"{'revenue_growth_yoy': -2.4299999999999997, 'eps_growth_yoy': -3.44, 'eps_next_year': 14.09, 'operating_margin': 12.959999999999999}",,Finviz via finvizfinance screener views,2026-09-10T23:30:26+02:00,2026-07-26,,46,NORMAL,
BMRN,Biomarin Pharmaceutical Inc,finviz_prefilter,eps_growth,,price_min;market_cap_min;avg_volume_min;revenue_growth;eps_growth;eps_next_year;operating_margin;earnings_window,False,"{'revenue_growth_yoy': 20.41, 'eps_growth_yoy': -81.28, 'eps_next_year': 32.43, 'operating_margin': 18.5}",,Finviz via finvizfinance screener views,2026-09-10T23:30:26+02:00,2026-08-06,,35,NORMAL,"{'failed_gate': 'eps_growth', 'actual_value': -81.28, 'applicable_threshold': 30.0, 'distance_to_threshold': 111.28, 'distance_to_threshold_pct': 370.93333333333334, 'formula': 'minimo: distance = threshold - actual; pct = distance / abs(threshold) * 100'}"
BRKR,Bruker Corp,finviz_prefilter,revenue_growth;eps_growth;eps_next_year,,price_min;market_cap_min;avg_volume_min;revenue_growth;eps_growth;eps_next_year;operating_margin;earnings_window,False,"{'revenue_growth_yoy': 5.1499999999999995, 'eps_growth_yoy': -924.3499999999999, 'eps_next_year': 12.78, 'operating_margin': 8.540000000000001}",,Finviz via finvizfinance screener views,2026-09-10T23:30:26+02:00,2026-08-04,,37,NORMAL,
BRZE,Braze Inc,finviz_prefilter,operating_margin,,price_min;market_cap_min;avg_volume_min;revenue_growth;eps_growth;eps_next_year;operating_margin;earnings_window,False,"{'revenue_growth_yoy': 26.16, 'eps_growth_yoy': 35.11, 'eps_next_year': 52.03, 'operating_margin': -13.19}",,Finviz via finvizfinance screener views,2026-09-10T23:30:26+02:00,2026-09-08,,2,PEAD_WINDOW,"{'failed_gate': 'operating_margin', 'actual_value': -13.19, 'applicable_threshold': 8.0, 'distance_to_threshold': 21.189999999999998, 'distance_to_threshold_pct': 264.875, 'formula': 'minimo: distance = threshold - actual; pct = distance / abs(threshold) * 100'}"
BSY,Bentley Systems Inc,finviz_prefilter,revenue_growth;eps_growth;eps_next_year,,price_min;market_cap_min;avg_volume_min;revenue_growth;eps_growth;eps_next_year;operating_margin;earnings_window,False,"{'revenue_growth_yoy': 12.8, 'eps_growth_yoy': 14.85, 'eps_next_year': 12.12, 'operating_margin': 24.37}",,Finviz via finvizfinance screener views,2026-09-10T23:30:26+02:00,2026-08-06,,35,NORMAL,
BTSG,BrightSpring Health Services Inc,finviz_prefilter,operating_margin,,price_min;market_cap_min;avg_volume_min;revenue_growth;eps_growth;eps_next_year;operating_margin;earnings_window,False,"{'revenue_growth_yoy': 23.05, 'eps_growth_yoy': 201.76, 'eps_next_year': 26.86, 'operating_margin': 3.6799999999999997}",,Finviz via finvizfinance screener views,2026-09-10T23:30:26+02:00,2026-07-31,,41,NORMAL,"{'failed_gate': 'operating_margin', 'actual_value': 3.6799999999999997, 'applicable_threshold': 8.0, 'distance_to_threshold': 4.32, 'distance_to_threshold_pct': 54.0, 'formula': 'minimo: distance = threshold - actual; pct = distance / abs(threshold) * 100'}"
BUSE,First Busey Corp,finviz_prefilter,revenue_growth;eps_next_year,,price_min;market_cap_min;avg_volume_min;revenue_growth;eps_growth;eps_next_year;operating_margin;earnings_window,False,"{'revenue_growth_yoy': -6.94, 'eps_growth_yoy': 31.97, 'eps_next_year': 7.13, 'operating_margin': 27.32}",,Finviz via finvizfinance screener views,2026-09-10T23:30:26+02:00,2026-07-28,,44,NORMAL,
BWIN,Baldwin Insurance Group Inc,finviz_prefilter,eps_growth;operating_margin,,price_min;market_cap_min;avg_volume_min;revenue_growth;eps_growth;eps_next_year;operating_margin;earnings_window,False,"{'revenue_growth_yoy': 30.130000000000003, 'eps_growth_yoy': -804.09, 'eps_next_year': 23.4, 'operating_margin': -2.65}",,Finviz via finvizfinance screener views,2026-09-10T23:30:26+02:00,2026-07-30,,42,NORMAL,
CAKE,Cheesecake Factory Inc,finviz_prefilter,revenue_growth;eps_growth;eps_next_year;operating_margin,,price_min;market_cap_min;avg_volume_min;revenue_growth;eps_growth;eps_next_year;operating_margin;earnings_window,False,"{'revenue_growth_yoy': 7.720000000000001, 'eps_growth_yoy': 23.78, 'eps_next_year': 10.67, 'operating_margin': 6.98}",,Finviz via finvizfinance screener views,2026-09-10T23:30:26+02:00,2026-07-28,,44,NORMAL,
CALM,Cal-Maine Foods Inc,finviz_prefilter,revenue_growth;eps_growth,,price_min;market_cap_min;avg_volume_min;revenue_growth;eps_growth;eps_next_year;operating_margin;earnings_window,False,"{'revenue_growth_yoy': -49.93, 'eps_growth_yoy': -110.85000000000001, 'eps_next_year': 118.25, 'operating_margin': 11.790000000000001}",,Finviz via finvizfinance screener views,2026-09-10T23:30:26+02:00,2026-07-22,,50,NORMAL,
CARG,CarGurus Inc,finviz_prefilter,revenue_growth,,price_min;market_cap_min;avg_volume_min;revenue_growth;eps_growth;eps_next_year;operating_margin;earnings_window,False,"{'revenue_growth_yoy': 7.24, 'eps_growth_yoy': 142.2, 'eps_next_year': 15.2, 'operating_margin': 25.71}",,Finviz via finvizfinance screener views,2026-09-10T23:30:26+02:00,2026-08-06,,35,NORMAL,"{'failed_gate': 'revenue_growth', 'actual_value': 7.24, 'applicable_threshold': 20.0, 'distance_to_threshold': 12.76, 'distance_to_threshold_pct': 63.800000000000004, 'formula': 'minimo: distance = threshold - actual; pct = distance / abs(threshold) * 100'}"
CART,Maplebear Inc,finviz_prefilter,revenue_growth;eps_growth,,price_min;market_cap_min;avg_volume_min;revenue_growth;eps_growth;eps_next_year;operating_margin;earnings_window,False,"{'revenue_growth_yoy': 14.11, 'eps_growth_yoy': 8.12, 'eps_next_year': 26.82, 'operating_margin': 16.68}",,Finviz via finvizfinance screener views,2026-09-10T23:30:26+02:00,2026-08-06,,35,NORMAL,
CBC,Central Bancompany Inc,finviz_prefilter,revenue_growth;eps_growth;eps_next_year,,price_min;market_cap_min;avg_volume_min;revenue_growth;eps_growth;eps_next_year;operating_margin;earnings_window,False,"{'revenue_growth_yoy': 7.109999999999999, 'eps_growth_yoy': 14.59, 'eps_next_year': 6.3, 'operating_margin': 43.47}",,Finviz via finvizfinance screener views,2026-09-10T23:30:26+02:00,2026-08-04,,37,NORMAL,
CBRS,Cerebras Systems Inc,finviz_prefilter,eps_growth;operating_margin,,price_min;market_cap_min;avg_volume_min;revenue_growth;eps_growth;eps_next_year;operating_margin;earnings_window,False,"{'revenue_growth_yoy': 74.32, 'eps_growth_yoy': -237.27999999999997, 'eps_next_year': None, 'operating_margin': -81.17}",,Finviz via finvizfinance screener views,2026-09-10T23:30:26+02:00,2026-08-12,,29,NORMAL,
CBSH,Commerce Bancshares Inc,finviz_prefilter,revenue_growth;eps_growth;eps_next_year,,price_min;market_cap_min;avg_volume_min;revenue_growth;eps_growth;eps_next_year;operating_margin;earnings_window,False,"{'revenue_growth_yoy': 14.280000000000001, 'eps_growth_yoy': 1.17, 'eps_next_year': 7.85, 'operating_margin': 33.739999999999995}",,Finviz via finvizfinance screener views,2026-09-10T23:30:26+02:00,2026-07-16,,56,NORMAL,
CCEP,Coca-Cola Europacific Partners Plc,finviz_prefilter,revenue_growth;eps_next_year,,price_min;market_cap_min;avg_volume_min;revenue_growth;eps_growth;eps_next_year;operating_margin;earnings_window,False,"{'revenue_growth_yoy': 1.72, 'eps_growth_yoy': 307.05, 'eps_next_year': 9.17, 'operating_margin': 13.54}",,Finviz via finvizfinance screener views,2026-09-10T23:30:26+02:00,2026-08-04,,37,NORMAL,
CDNA,Caredx Inc,finviz_prefilter,eps_next_year;operating_margin,,price_min;market_cap_min;avg_volume_min;revenue_growth;eps_growth;eps_next_year;operating_margin;earnings_window,False,"{'revenue_growth_yoy': 52.23, 'eps_growth_yoy': 1412.42, 'eps_next_year': 10.31, 'operating_margin': -0.4}",,Finviz via finvizfinance screener views,2026-09-10T23:30:26+02:00,2026-07-30,,42,NORMAL,
CDW,CDW Corp,finviz_prefilter,revenue_growth;eps_growth;eps_next_year;operating_margin,,price_min;market_cap_min;avg_volume_min;revenue_growth;eps_growth;eps_next_year;operating_margin;earnings_window,False,"{'revenue_growth_yoy': 9.969999999999999, 'eps_growth_yoy': 5.1499999999999995, 'eps_next_year': 10.0, 'operating_margin': 7.17}",,Finviz via finvizfinance screener views,2026-09-10T23:30:26+02:00,2026-08-05,,36,NORMAL,
CECO,Ceco Environmental Corp,finviz_prefilter,eps_growth;operating_margin,,price_min;market_cap_min;avg_volume_min;revenue_growth;eps_growth;eps_next_year;operating_margin;earnings_window,False,"{'revenue_growth_yoy': 53.71, 'eps_growth_yoy': -408.65, 'eps_next_year': 37.11, 'operating_margin': 5.82}",,Finviz via finvizfinance screener views,2026-09-10T23:30:26+02:00,2026-08-10,,31,NORMAL,
CEG,Constellation Energy Corp,finviz_prefilter,eps_growth;eps_next_year,,price_min;market_cap_min;avg_volume_min;revenue_growth;eps_growth;eps_next_year;operating_margin;earnings_window,False,"{'revenue_growth_yoy': 38.56, 'eps_growth_yoy': -46.67, 'eps_next_year': 10.14, 'operating_margin': 14.93}",,Finviz via finvizfinance screener views,2026-09-10T23:30:26+02:00,2026-08-06,,35,NORMAL,
CELH,Celsius Holdings Inc,finviz_prefilter,revenue_growth;eps_growth,,price_min;market_cap_min;avg_volume_min;revenue_growth;eps_growth;eps_next_year;operating_margin;earnings_window,False,"{'revenue_growth_yoy': 10.639999999999999, 'eps_growth_yoy': -56.95, 'eps_next_year': 20.58, 'operating_margin': 19.2}",,Finviz via finvizfinance screener views,2026-09-10T23:30:26+02:00,2026-08-06,,35,NORMAL,
CENX,Century Aluminum Co,finviz_prefilter,revenue_growth;eps_next_year,,price_min;market_cap_min;avg_volume_min;revenue_growth;eps_growth;eps_next_year;operating_margin;earnings_window,False,"{'revenue_growth_yoy': 19.74, 'eps_growth_yoy': 4938.74, 'eps_next_year': 11.95, 'operating_margin': 14.87}",,Finviz via finvizfinance screener views,2026-09-10T23:30:26+02:00,2026-08-06,,35,NORMAL,
CG,Carlyle Group Inc,finviz_prefilter,revenue_growth;eps_growth,,price_min;market_cap_min;avg_volume_min;revenue_growth;eps_growth;eps_next_year;operating_margin;earnings_window,False,"{'revenue_growth_yoy': -43.91, 'eps_growth_yoy': -57.15, 'eps_next_year': 40.66, 'operating_margin': 14.38}",,Finviz via finvizfinance screener views,2026-09-10T23:30:26+02:00,2026-08-05,,36,NORMAL,
CGNX,Cognex Corp,finviz_prefilter,revenue_growth,,price_min;market_cap_min;avg_volume_min;revenue_growth;eps_growth;eps_next_year;operating_margin;earnings_window,False,"{'revenue_growth_yoy': 16.93, 'eps_growth_yoy': 78.11, 'eps_next_year': 19.45, 'operating_margin': 21.9}",,Finviz via finvizfinance screener views,2026-09-10T23:30:26+02:00,2026-08-05,,36,NORMAL,"{'failed_gate': 'revenue_growth', 'actual_value': 16.93, 'applicable_threshold': 20.0, 'distance_to_threshold': 3.0700000000000003, 'distance_to_threshold_pct': 15.350000000000003, 'formula': 'minimo: distance = threshold - actual; pct = distance / abs(threshold) * 100'}"
CGON,Cg Oncology Inc,finviz_prefilter,eps_next_year;operating_margin,revenue_growth;eps_growth,price_min;market_cap_min;avg_volume_min;eps_next_year;operating_margin;earnings_window,False,"{'revenue_growth_yoy': None, 'eps_growth_yoy': -64.91, 'eps_next_year': 5.64, 'operating_margin': -4056.18}",,Finviz via finvizfinance screener views,2026-09-10T23:30:26+02:00,2026-08-06,,35,NORMAL,
CHDN,Churchill Downs Inc,finviz_prefilter,revenue_growth;eps_growth;eps_next_year,,price_min;market_cap_min;avg_volume_min;revenue_growth;eps_growth;eps_next_year;operating_margin;earnings_window,False,"{'revenue_growth_yoy': 4.88, 'eps_growth_yoy': 14.499999999999998, 'eps_next_year': 6.69, 'operating_margin': 25.81}",,Finviz via finvizfinance screener views,2026-09-10T23:30:26+02:00,2026-07-29,,43,NORMAL,
CHKP,Check Point Software Technologies Ltd,finviz_prefilter,revenue_growth;eps_growth;eps_next_year,,price_min;market_cap_min;avg_volume_min;revenue_growth;eps_growth;eps_next_year;operating_margin;earnings_window,False,"{'revenue_growth_yoy': 1.26, 'eps_growth_yoy': 1.9300000000000002, 'eps_next_year': 8.05, 'operating_margin': 29.020000000000003}",,Finviz via finvizfinance screener views,2026-09-10T23:30:26+02:00,2026-07-30,,42,NORMAL,
CHRD,Chord Energy Corp,finviz_prefilter,eps_next_year,,price_min;market_cap_min;avg_volume_min;revenue_growth;eps_growth;eps_next_year;operating_margin;earnings_window,False,"{'revenue_growth_yoy': 84.04, 'eps_growth_yoy': 237.04999999999998, 'eps_next_year': -29.38, 'operating_margin': 18.93}",,Finviz via finvizfinance screener views,2026-09-10T23:30:26+02:00,2026-08-05,,36,NORMAL,"{'failed_gate': 'eps_next_year', 'actual_value': -29.38, 'applicable_threshold': 15.0, 'distance_to_threshold': 44.379999999999995, 'distance_to_threshold_pct': 295.8666666666666, 'formula': 'minimo: distance = threshold - actual; pct = distance / abs(threshold) * 100'}"
CHRW,C.H. Robinson Worldwide Inc,finviz_prefilter,revenue_growth;eps_growth;operating_margin,,price_min;market_cap_min;avg_volume_min;revenue_growth;eps_growth;eps_next_year;operating_margin;earnings_window,False,"{'revenue_growth_yoy': 19.28, 'eps_growth_yoy': 23.810000000000002, 'eps_next_year': 20.44, 'operating_margin': 4.91}",,Finviz via finvizfinance screener views,2026-09-10T23:30:26+02:00,2026-07-29,,43,NORMAL,
CHTR,Charter Communications Inc,finviz_prefilter,revenue_growth;eps_growth;eps_next_year,,price_min;market_cap_min;avg_volume_min;revenue_growth;eps_growth;eps_next_year;operating_margin;earnings_window,False,"{'revenue_growth_yoy': -1.7399999999999998, 'eps_growth_yoy': 16.04, 'eps_next_year': 9.59, 'operating_margin': 23.98}",,Finviz via finvizfinance screener views,2026-09-10T23:30:26+02:00,2026-07-24,,48,NORMAL,
CHYM,Chime Financial Inc,finviz_prefilter,revenue_growth;operating_margin,,price_min;market_cap_min;avg_volume_min;revenue_growth;eps_growth;eps_next_year;operating_margin;earnings_window,False,"{'revenue_growth_yoy': 10.61, 'eps_growth_yoy': 102.84, 'eps_next_year': 102.23, 'operating_margin': -0.83}",,Finviz via finvizfinance screener views,2026-09-10T23:30:26+02:00,2026-08-05,,36,NORMAL,
CIFR,Cipher Digital Inc,finviz_prefilter,revenue_growth;eps_growth;operating_margin,,price_min;market_cap_min;avg_volume_min;revenue_growth;eps_growth;eps_next_year;operating_margin;earnings_window,False,"{'revenue_growth_yoy': -42.99, 'eps_growth_yoy': -435.21999999999997, 'eps_next_year': 79.15, 'operating_margin': -112.79999999999998}",,Finviz via finvizfinance screener views,2026-09-10T23:30:26+02:00,2026-08-04,,37,NORMAL,
CINF,Cincinnati Financial Corp,finviz_prefilter,eps_next_year,,price_min;market_cap_min;avg_volume_min;revenue_growth;eps_growth;eps_next_year;operating_margin;earnings_window,False,"{'revenue_growth_yoy': 31.59, 'eps_growth_yoy': 85.68, 'eps_next_year': 7.2, 'operating_margin': 30.159999999999997}",,Finviz via finvizfinance screener views,2026-09-10T23:30:26+02:00,2026-07-27,,45,NORMAL,"{'failed_gate': 'eps_next_year', 'actual_value': 7.2, 'applicable_threshold': 15.0, 'distance_to_threshold': 7.8, 'distance_to_threshold_pct': 52.0, 'formula': 'minimo: distance = threshold - actual; pct = distance / abs(threshold) * 100'}"
CLDX,Celldex Therapeutics Inc,finviz_prefilter,revenue_growth;eps_growth;eps_next_year;operating_margin,,price_min;market_cap_min;avg_volume_min;revenue_growth;eps_growth;eps_next_year;operating_margin;earnings_window,False,"{'revenue_growth_yoy': -96.99, 'eps_growth_yoy': -10.77, 'eps_next_year': -1.1, 'operating_margin': -206220.25}",,Finviz via finvizfinance screener views,2026-09-10T23:30:26+02:00,2026-08-06,,35,NORMAL,
CLMT,Calumet Inc,finviz_prefilter,operating_margin,,price_min;market_cap_min;avg_volume_min;revenue_growth;eps_growth;eps_next_year;operating_margin;earnings_window,False,"{'revenue_growth_yoy': 40.77, 'eps_growth_yoy': 35.75, 'eps_next_year': 193.54, 'operating_margin': 1.1900000000000002}",,Finviz via finvizfinance screener views,2026-09-10T23:30:26+02:00,2026-08-07,,34,NORMAL,"{'failed_gate': 'operating_margin', 'actual_value': 1.1900000000000002, 'applicable_threshold': 8.0, 'distance_to_threshold': 6.81, 'distance_to_threshold_pct': 85.125, 'formula': 'minimo: distance = threshold - actual; pct = distance / abs(threshold) * 100'}"
CMCSA,Comcast Corp,finviz_prefilter,revenue_growth;eps_growth;eps_next_year,,price_min;market_cap_min;avg_volume_min;revenue_growth;eps_growth;eps_next_year;operating_margin;earnings_window,False,"{'revenue_growth_yoy': -1.23, 'eps_growth_yoy': -66.9, 'eps_next_year': 3.04, 'operating_margin': 14.85}",,Finviz via finvizfinance screener views,2026-09-10T23:30:26+02:00,2026-07-23,,49,NORMAL,
CME,CME Group Inc,finviz_prefilter,revenue_growth;eps_growth;eps_next_year,,price_min;market_cap_min;avg_volume_min;revenue_growth;eps_growth;eps_next_year;operating_margin;earnings_window,False,"{'revenue_growth_yoy': 0.84, 'eps_growth_yoy': 2.6599999999999997, 'eps_next_year': 5.5, 'operating_margin': 65.10000000000001}",,Finviz via finvizfinance screener views,2026-09-10T23:30:26+02:00,2026-07-22,,50,NORMAL,
COCO,Vita Coco Company Inc,finviz_prefilter,eps_next_year,,price_min;market_cap_min;avg_volume_min;revenue_growth;eps_growth;eps_next_year;operating_margin;earnings_window,False,"{'revenue_growth_yoy': 28.08, 'eps_growth_yoy': 112.29, 'eps_next_year': 12.11, 'operating_margin': 19.1}",,Finviz via finvizfinance screener views,2026-09-10T23:30:26+02:00,2026-07-23,,49,NORMAL,"{'failed_gate': 'eps_next_year', 'actual_value': 12.11, 'applicable_threshold': 15.0, 'distance_to_threshold': 2.8900000000000006, 'distance_to_threshold_pct': 19.26666666666667, 'formula': 'minimo: distance = threshold - actual; pct = distance / abs(threshold) * 100'}"
COHU,Cohu Inc,finviz_prefilter,operating_margin,,price_min;market_cap_min;avg_volume_min;revenue_growth;eps_growth;eps_next_year;operating_margin;earnings_window,False,"{'revenue_growth_yoy': 38.37, 'eps_growth_yoy': 99.06, 'eps_next_year': 94.34, 'operating_margin': -6.38}",,Finviz via finvizfinance screener views,2026-09-10T23:30:26+02:00,2026-07-30,,42,NORMAL,"{'failed_gate': 'operating_margin', 'actual_value': -6.38, 'applicable_threshold': 8.0, 'distance_to_threshold': 14.379999999999999, 'distance_to_threshold_pct': 179.75, 'formula': 'minimo: distance = threshold - actual; pct = distance / abs(threshold) * 100'}"
COIN,Coinbase Global Inc,finviz_prefilter,revenue_growth;eps_growth;operating_margin,,price_min;market_cap_min;avg_volume_min;revenue_growth;eps_growth;eps_next_year;operating_margin;earnings_window,False,"{'revenue_growth_yoy': -61.1, 'eps_growth_yoy': -126.57000000000001, 'eps_next_year': 183.91, 'operating_margin': -37.56}",,Finviz via finvizfinance screener views,2026-09-10T23:30:26+02:00,2026-07-30,,42,NORMAL,
COLB,Columbia Banking System Inc,finviz_prefilter,eps_growth;eps_next_year,,price_min;market_cap_min;avg_volume_min;revenue_growth;eps_growth;eps_next_year;operating_margin;earnings_window,False,"{'revenue_growth_yoy': 21.959999999999997, 'eps_growth_yoy': 0.03, 'eps_next_year': 8.4, 'operating_margin': 30.620000000000005}",,Finviz via finvizfinance screener views,2026-09-10T23:30:26+02:00,2026-07-23,,49,NORMAL,
COO,Cooper Companies Inc,finviz_prefilter,revenue_growth;eps_next_year,,price_min;market_cap_min;avg_volume_min;revenue_growth;eps_growth;eps_next_year;operating_margin;earnings_window,False,"{'revenue_growth_yoy': 0.5599999999999999, 'eps_growth_yoy': 355.3, 'eps_next_year': 4.74, 'operating_margin': 19.259999999999998}",,Finviz via finvizfinance screener views,2026-09-10T23:30:26+02:00,2026-09-09,,1,PEAD_WINDOW,
CORT,Corcept Therapeutics Inc,finviz_prefilter,eps_growth;operating_margin,,price_min;market_cap_min;avg_volume_min;revenue_growth;eps_growth;eps_next_year;operating_margin;earnings_window,False,"{'revenue_growth_yoy': 31.740000000000002, 'eps_growth_yoy': 23.91, 'eps_next_year': 108.21, 'operating_margin': 0.77}",,Finviz via finvizfinance screener views,2026-09-10T23:30:26+02:00,2026-07-29,,43,NORMAL,
CORZ,Core Scientific Inc,finviz_prefilter,eps_growth;operating_margin,,price_min;market_cap_min;avg_volume_min;revenue_growth;eps_growth;eps_next_year;operating_margin;earnings_window,False,"{'revenue_growth_yoy': 108.83, 'eps_growth_yoy': -7868.82, 'eps_next_year': 106.57, 'operating_margin': -30.620000000000005}",,Finviz via finvizfinance screener views,2026-09-10T23:30:26+02:00,2026-07-28,,44,NORMAL,
COST,Costco Wholesale Corp,finviz_prefilter,revenue_growth;eps_growth;eps_next_year;operating_margin,,price_min;market_cap_min;avg_volume_min;revenue_growth;eps_growth;eps_next_year;operating_margin;earnings_window,False,"{'revenue_growth_yoy': 11.58, 'eps_growth_yoy': 15.27, 'eps_next_year': 10.47, 'operating_margin': 3.82}",,Finviz via finvizfinance screener views,2026-09-10T23:30:26+02:00,2026-09-24,14,,NORMAL,
CPB,Campbells Co,finviz_prefilter,revenue_growth;eps_growth;eps_next_year,,price_min;market_cap_min;avg_volume_min;revenue_growth;eps_growth;eps_next_year;operating_margin;earnings_window,False,"{'revenue_growth_yoy': -7.93, 'eps_growth_yoy': -146.8, 'eps_next_year': 6.88, 'operating_margin': 9.56}",,Finviz via finvizfinance screener views,2026-09-10T23:30:26+02:00,2026-09-03,,7,PEAD_WINDOW,
CPRT,Copart Inc,finviz_prefilter,revenue_growth;eps_growth;eps_next_year;earnings_window,,price_min;market_cap_min;avg_volume_min;revenue_growth;eps_growth;eps_next_year;operating_margin;earnings_window,False,"{'revenue_growth_yoy': 2.09, 'eps_growth_yoy': 2.67, 'eps_next_year': 5.82, 'operating_margin': 36.57}",,Finviz via finvizfinance screener views,2026-09-10T23:30:26+02:00,2026-09-10,0,,PRE_EARNINGS_BLACKOUT,
CRNX,Crinetics Pharmaceuticals Inc,finviz_prefilter,eps_growth;eps_next_year;operating_margin,,price_min;market_cap_min;avg_volume_min;revenue_growth;eps_growth;eps_next_year;operating_margin;earnings_window,False,"{'revenue_growth_yoy': 2336.28, 'eps_growth_yoy': 7.140000000000001, 'eps_next_year': 11.91, 'operating_margin': -1302.52}",,Finviz via finvizfinance screener views,2026-09-10T23:30:26+02:00,2026-08-03,,38,NORMAL,
CROX,Crocs Inc,finviz_prefilter,revenue_growth;eps_next_year,,price_min;market_cap_min;avg_volume_min;revenue_growth;eps_growth;eps_next_year;operating_margin;earnings_window,False,"{'revenue_growth_yoy': 2.62, 'eps_growth_yoy': 146.78, 'eps_next_year': 7.14, 'operating_margin': 20.810000000000002}",,Finviz via finvizfinance screener views,2026-09-10T23:30:26+02:00,2026-07-30,,42,NORMAL,
CRSP,CRISPR Therapeutics AG,finviz_prefilter,operating_margin,,price_min;market_cap_min;avg_volume_min;revenue_growth;eps_growth;eps_next_year;operating_margin;earnings_window,False,"{'revenue_growth_yoy': 1041.3700000000001, 'eps_growth_yoy': 60.57, 'eps_next_year': 25.73, 'operating_margin': -3971.5299999999997}",,Finviz via finvizfinance screener views,2026-09-10T23:30:26+02:00,2026-08-03,,38,NORMAL,"{'failed_gate': 'operating_margin', 'actual_value': -3971.5299999999997, 'applicable_threshold': 8.0, 'distance_to_threshold': 3979.5299999999997, 'distance_to_threshold_pct': 49744.125, 'formula': 'minimo: distance = threshold - actual; pct = distance / abs(threshold) * 100'}"
CRWD,Crowdstrike Holdings Inc,finviz_prefilter,operating_margin,,price_min;market_cap_min;avg_volume_min;revenue_growth;eps_growth;eps_next_year;operating_margin;earnings_window,False,"{'revenue_growth_yoy': 25.83, 'eps_growth_yoy': 106.56000000000002, 'eps_next_year': 27.38, 'operating_margin': -1.23}",,Finviz via finvizfinance screener views,2026-09-10T23:30:26+02:00,2026-08-26,,15,PEAD_WINDOW,"{'failed_gate': 'operating_margin', 'actual_value': -1.23, 'applicable_threshold': 8.0, 'distance_to_threshold': 9.23, 'distance_to_threshold_pct': 115.375, 'formula': 'minimo: distance = threshold - actual; pct = distance / abs(threshold) * 100'}"
CRWV,CoreWeave Inc,finviz_prefilter,eps_growth;operating_margin,,price_min;market_cap_min;avg_volume_min;revenue_growth;eps_growth;eps_next_year;operating_margin;earnings_window,False,"{'revenue_growth_yoy': 112.32, 'eps_growth_yoy': -79.2, 'eps_next_year': 50.72, 'operating_margin': -3.0300000000000002}",,Finviz via finvizfinance screener views,2026-09-10T23:30:26+02:00,2026-08-11,,30,NORMAL,
CSCO,Cisco Systems Inc,finviz_prefilter,revenue_growth;eps_next_year,,price_min;market_cap_min;avg_volume_min;revenue_growth;eps_growth;eps_next_year;operating_margin;earnings_window,False,"{'revenue_growth_yoy': 17.580000000000002, 'eps_growth_yoy': 36.96, 'eps_next_year': 9.23, 'operating_margin': 25.16}",,Finviz via finvizfinance screener views,2026-09-10T23:30:26+02:00,2026-08-12,,29,NORMAL,
CSGP,Costar Group Inc,finviz_prefilter,revenue_growth;operating_margin,,price_min;market_cap_min;avg_volume_min;revenue_growth;eps_growth;eps_next_year;operating_margin;earnings_window,False,"{'revenue_growth_yoy': 18.39, 'eps_growth_yoy': 831.5099999999999, 'eps_next_year': 25.62, 'operating_margin': 2.4299999999999997}",,Finviz via finvizfinance screener views,2026-09-10T23:30:26+02:00,2026-07-28,,44,NORMAL,
CSX,CSX Corp,finviz_prefilter,revenue_growth;eps_growth;eps_next_year,,price_min;market_cap_min;avg_volume_min;revenue_growth;eps_growth;eps_next_year;operating_margin;earnings_window,False,"{'revenue_growth_yoy': 10.100000000000001, 'eps_growth_yoy': 21.78, 'eps_next_year': 13.33, 'operating_margin': 35.27}",,Finviz via finvizfinance screener views,2026-09-10T23:30:26+02:00,2026-07-22,,50,NORMAL,
CTAS,Cintas Corp,finviz_prefilter,revenue_growth;eps_growth;eps_next_year,,price_min;market_cap_min;avg_volume_min;revenue_growth;eps_growth;eps_next_year;operating_margin;earnings_window,False,"{'revenue_growth_yoy': 8.9, 'eps_growth_yoy': 15.559999999999999, 'eps_next_year': 11.45, 'operating_margin': 23.26}",,Finviz via finvizfinance screener views,2026-09-10T23:30:26+02:00,2026-09-23,13,,NORMAL,
CTSH,Cognizant Technology Solutions Corp,finviz_prefilter,revenue_growth;eps_growth;eps_next_year,,price_min;market_cap_min;avg_volume_min;revenue_growth;eps_growth;eps_next_year;operating_margin;earnings_window,False,"{'revenue_growth_yoy': 4.5, 'eps_growth_yoy': 4.1000000000000005, 'eps_next_year': 9.76, 'operating_margin': 16.11}",,Finviz via finvizfinance screener views,2026-09-10T23:30:26+02:00,2026-07-29,,43,NORMAL,
CVBF,CVB Financial Corp,finviz_prefilter,eps_growth,,price_min;market_cap_min;avg_volume_min;revenue_growth;eps_growth;eps_next_year;operating_margin;earnings_window,False,"{'revenue_growth_yoy': 37.86, 'eps_growth_yoy': -21.58, 'eps_next_year': 31.93, 'operating_margin': 43.64}",,Finviz via finvizfinance screener views,2026-09-10T23:30:26+02:00,2026-07-22,,50,NORMAL,"{'failed_gate': 'eps_growth', 'actual_value': -21.58, 'applicable_threshold': 30.0, 'distance_to_threshold': 51.58, 'distance_to_threshold_pct': 171.93333333333334, 'formula': 'minimo: distance = threshold - actual; pct = distance / abs(threshold) * 100'}"
CYTK,Cytokinetics Inc,finviz_prefilter,revenue_growth;eps_growth;operating_margin,,price_min;market_cap_min;avg_volume_min;revenue_growth;eps_growth;eps_next_year;operating_margin;earnings_window,False,"{'revenue_growth_yoy': -57.13, 'eps_growth_yoy': -33.78, 'eps_next_year': 26.06, 'operating_margin': -1046.12}",,Finviz via finvizfinance screener views,2026-09-10T23:30:26+02:00,2026-08-06,,35,NORMAL,
CZR,Caesars Entertainment Inc,finviz_prefilter,revenue_growth;eps_growth,,price_min;market_cap_min;avg_volume_min;revenue_growth;eps_growth;eps_next_year;operating_margin;earnings_window,False,"{'revenue_growth_yoy': 2.96, 'eps_growth_yoy': 22.53, 'eps_next_year': 125.24, 'operating_margin': 17.69}",,Finviz via finvizfinance screener views,2026-09-10T23:30:26+02:00,2026-07-28,,44,NORMAL,
DASH,DoorDash Inc,finviz_prefilter,eps_growth;operating_margin,,price_min;market_cap_min;avg_volume_min;revenue_growth;eps_growth;eps_next_year;operating_margin;earnings_window,False,"{'revenue_growth_yoy': 35.63, 'eps_growth_yoy': -29.98, 'eps_next_year': 79.79, 'operating_margin': 5.46}",,Finviz via finvizfinance screener views,2026-09-10T23:30:26+02:00,2026-08-05,,36,NORMAL,
DBX,Dropbox Inc,finviz_prefilter,revenue_growth;eps_growth;eps_next_year,,price_min;market_cap_min;avg_volume_min;revenue_growth;eps_growth;eps_next_year;operating_margin;earnings_window,False,"{'revenue_growth_yoy': 0.9299999999999999, 'eps_growth_yoy': -6.94, 'eps_next_year': 8.34, 'operating_margin': 26.5}",,Finviz via finvizfinance screener views,2026-09-10T23:30:26+02:00,2026-08-06,,35,NORMAL,
DDOG,Datadog Inc,finviz_prefilter,operating_margin,,price_min;market_cap_min;avg_volume_min;revenue_growth;eps_growth;eps_next_year;operating_margin;earnings_window,False,"{'revenue_growth_yoy': 35.64, 'eps_growth_yoy': 1551.3500000000001, 'eps_next_year': 16.96, 'operating_margin': 0.48}",,Finviz via finvizfinance screener views,2026-09-10T23:30:26+02:00,2026-08-06,,35,NORMAL,"{'failed_gate': 'operating_margin', 'actual_value': 0.48, 'applicable_threshold': 8.0, 'distance_to_threshold': 7.52, 'distance_to_threshold_pct': 94.0, 'formula': 'minimo: distance = threshold - actual; pct = distance / abs(threshold) * 100'}"
DKNG,DraftKings Inc,finviz_prefilter,revenue_growth;eps_growth;operating_margin,,price_min;market_cap_min;avg_volume_min;revenue_growth;eps_growth;eps_next_year;operating_margin;earnings_window,False,"{'revenue_growth_yoy': -4.58, 'eps_growth_yoy': -145.99, 'eps_next_year': 603.07, 'operating_margin': -2.83}",,Finviz via finvizfinance screener views,2026-09-10T23:30:26+02:00,2026-08-06,,35,NORMAL,
DLTR,Dollar Tree Inc,finviz_prefilter,revenue_growth;eps_next_year,,price_min;market_cap_min;avg_volume_min;revenue_growth;eps_growth;eps_next_year;operating_margin;earnings_window,False,"{'revenue_growth_yoy': 7.02, 'eps_growth_yoy': 197.28, 'eps_next_year': 0.33, 'operating_margin': 10.54}",,Finviz via finvizfinance screener views,2026-09-10T23:30:26+02:00,2026-08-27,,14,PEAD_WINDOW,
DNLI,Denali Therapeutics Inc,finviz_prefilter,eps_next_year;operating_margin,revenue_growth;eps_growth,price_min;market_cap_min;avg_volume_min;eps_next_year;operating_margin;earnings_window,False,"{'revenue_growth_yoy': None, 'eps_growth_yoy': 5.93, 'eps_next_year': -2.4, 'operating_margin': -15058.189999999999}",,Finviz via finvizfinance screener views,2026-09-10T23:30:26+02:00,2026-08-06,,35,NORMAL,
DNTH,Dianthus Therapeutics Inc,finviz_prefilter,eps_growth;eps_next_year;operating_margin,,price_min;market_cap_min;avg_volume_min;revenue_growth;eps_growth;eps_next_year;operating_margin;earnings_window,False,"{'revenue_growth_yoy': 294.3, 'eps_growth_yoy': -1.51, 'eps_next_year': -20.4, 'operating_margin': -11441.39}",,Finviz via finvizfinance screener views,2026-09-10T23:30:26+02:00,2026-08-04,,37,NORMAL,
DOCU,DocuSign Inc,finviz_prefilter,revenue_growth;eps_next_year,,price_min;market_cap_min;avg_volume_min;revenue_growth;eps_growth;eps_next_year;operating_margin;earnings_window,False,"{'revenue_growth_yoy': 9.379999999999999, 'eps_growth_yoy': 34.81, 'eps_next_year': 12.82, 'operating_margin': 11.959999999999999}",,Finviz via finvizfinance screener views,2026-09-10T23:30:26+02:00,2026-09-03,,7,PEAD_WINDOW,
DOX,Amdocs Ltd,finviz_prefilter,revenue_growth;eps_growth;eps_next_year,,price_min;market_cap_min;avg_volume_min;revenue_growth;eps_growth;eps_next_year;operating_margin;earnings_window,False,"{'revenue_growth_yoy': 2.63, 'eps_growth_yoy': -57.53, 'eps_next_year': 8.06, 'operating_margin': 16.86}",,Finviz via finvizfinance screener views,2026-09-10T23:30:26+02:00,2026-08-05,,36,NORMAL,
DPZ,Dominos Pizza Inc,finviz_prefilter,revenue_growth;eps_growth;eps_next_year,,price_min;market_cap_min;avg_volume_min;revenue_growth;eps_growth;eps_next_year;operating_margin;earnings_window,False,"{'revenue_growth_yoy': 4.3, 'eps_growth_yoy': 6.92, 'eps_next_year': 9.81, 'operating_margin': 19.3}",,Finviz via finvizfinance screener views,2026-09-10T23:30:26+02:00,2026-07-20,,52,NORMAL,
DRS,Leonardo DRS Inc,finviz_prefilter,revenue_growth;eps_next_year,,price_min;market_cap_min;avg_volume_min;revenue_growth;eps_growth;eps_next_year;operating_margin;earnings_window,False,"{'revenue_growth_yoy': 10.13, 'eps_growth_yoy': 59.34, 'eps_next_year': 6.05, 'operating_margin': 10.56}",,Finviz via finvizfinance screener views,2026-09-10T23:30:26+02:00,2026-07-30,,42,NORMAL,
DUOL,Duolingo Inc,finviz_prefilter,revenue_growth;eps_growth,,price_min;market_cap_min;avg_volume_min;revenue_growth;eps_growth;eps_next_year;operating_margin;earnings_window,False,"{'revenue_growth_yoy': 18.310000000000002, 'eps_growth_yoy': -27.49, 'eps_next_year': 22.02, 'operating_margin': 14.21}",,Finviz via finvizfinance screener views,2026-09-10T23:30:26+02:00,2026-08-05,,36,NORMAL,
DXCM,Dexcom Inc,finviz_prefilter,revenue_growth,,price_min;market_cap_min;avg_volume_min;revenue_growth;eps_growth;eps_next_year;operating_margin;earnings_window,False,"{'revenue_growth_yoy': 13.08, 'eps_growth_yoy': 43.63, 'eps_next_year': 16.97, 'operating_margin': 22.919999999999998}",,Finviz via finvizfinance screener views,2026-09-10T23:30:26+02:00,2026-07-30,,42,NORMAL,"{'failed_gate': 'revenue_growth', 'actual_value': 13.08, 'applicable_threshold': 20.0, 'distance_to_threshold': 6.92, 'distance_to_threshold_pct': 34.599999999999994, 'formula': 'minimo: distance = threshold - actual; pct = distance / abs(threshold) * 100'}"
EBAY,EBay Inc,finviz_prefilter,revenue_growth;eps_next_year,,price_min;market_cap_min;avg_volume_min;revenue_growth;eps_growth;eps_next_year;operating_margin;earnings_window,False,"{'revenue_growth_yoy': 14.37, 'eps_growth_yoy': 54.379999999999995, 'eps_next_year': 9.91, 'operating_margin': 21.44}",,Finviz via finvizfinance screener views,2026-09-10T23:30:26+02:00,2026-08-05,,36,NORMAL,
EBC,Eastern Bankshares Inc,finviz_prefilter,eps_growth;eps_next_year,,price_min;market_cap_min;avg_volume_min;revenue_growth;eps_growth;eps_next_year;operating_margin;earnings_window,False,"{'revenue_growth_yoy': 26.36, 'eps_growth_yoy': -4.73, 'eps_next_year': 13.86, 'operating_margin': 26.919999999999998}",,Finviz via finvizfinance screener views,2026-09-10T23:30:26+02:00,2026-07-23,,49,NORMAL,
ECHO,EchoStar Corp,finviz_prefilter,revenue_growth;eps_next_year;operating_margin,,price_min;market_cap_min;avg_volume_min;revenue_growth;eps_growth;eps_next_year;operating_margin;earnings_window,False,"{'revenue_growth_yoy': -3.9899999999999998, 'eps_growth_yoy': 2364.9, 'eps_next_year': -87.98, 'operating_margin': 7.1499999999999995}",,Finviz via finvizfinance screener views,2026-09-10T23:30:26+02:00,2026-08-03,,38,NORMAL,
ENPH,Enphase Energy Inc,finviz_prefilter,revenue_growth;eps_growth;eps_next_year,,price_min;market_cap_min;avg_volume_min;revenue_growth;eps_growth;eps_next_year;operating_margin;earnings_window,False,"{'revenue_growth_yoy': -19.63, 'eps_growth_yoy': -2.55, 'eps_next_year': 13.96, 'operating_margin': 25.629999999999995}",,Finviz via finvizfinance screener views,2026-09-10T23:30:26+02:00,2026-07-28,,44,NORMAL,
ENTG,Entegris Inc,finviz_prefilter,revenue_growth,,price_min;market_cap_min;avg_volume_min;revenue_growth;eps_growth;eps_next_year;operating_margin;earnings_window,False,"{'revenue_growth_yoy': 11.459999999999999, 'eps_growth_yoy': 75.32, 'eps_next_year': 29.19, 'operating_margin': 17.09}",,Finviz via finvizfinance screener views,2026-09-10T23:30:26+02:00,2026-08-04,,37,NORMAL,"{'failed_gate': 'revenue_growth', 'actual_value': 11.459999999999999, 'applicable_threshold': 20.0, 'distance_to_threshold': 8.540000000000001, 'distance_to_threshold_pct': 42.7, 'formula': 'minimo: distance = threshold - actual; pct = distance / abs(threshold) * 100'}"
EQPT,Equipmentshare.Com Inc,finviz_prefilter,eps_growth;operating_margin,,price_min;market_cap_min;avg_volume_min;revenue_growth;eps_growth;eps_next_year;operating_margin;earnings_window,False,"{'revenue_growth_yoy': 26.33, 'eps_growth_yoy': 29.24, 'eps_next_year': 59.61, 'operating_margin': 6.84}",,Finviz via finvizfinance screener views,2026-09-10T23:30:26+02:00,2026-08-12,,29,NORMAL,
ETOR,Etoro Group Ltd,finviz_prefilter,revenue_growth,,price_min;market_cap_min;avg_volume_min;revenue_growth;eps_growth;eps_next_year;operating_margin;earnings_window,False,"{'revenue_growth_yoy': 10.299999999999999, 'eps_growth_yoy': 87.37, 'eps_next_year': 20.01, 'operating_margin': 31.96}",,Finviz via finvizfinance screener views,2026-09-10T23:30:26+02:00,2026-08-11,,30,NORMAL,"{'failed_gate': 'revenue_growth', 'actual_value': 10.299999999999999, 'applicable_threshold': 20.0, 'distance_to_threshold': 9.700000000000001, 'distance_to_threshold_pct': 48.50000000000001, 'formula': 'minimo: distance = threshold - actual; pct = distance / abs(threshold) * 100'}"
EVRG,Evergy Inc,finviz_prefilter,revenue_growth;eps_growth;eps_next_year,,price_min;market_cap_min;avg_volume_min;revenue_growth;eps_growth;eps_next_year;operating_margin;earnings_window,False,"{'revenue_growth_yoy': 4.84, 'eps_growth_yoy': 23.5, 'eps_next_year': 7.16, 'operating_margin': 25.55}",,Finviz via finvizfinance screener views,2026-09-10T23:30:26+02:00,2026-08-06,,35,NORMAL,
EWBC,East West Bancorp Inc,finviz_prefilter,revenue_growth;eps_growth;eps_next_year,,price_min;market_cap_min;avg_volume_min;revenue_growth;eps_growth;eps_next_year;operating_margin;earnings_window,False,"{'revenue_growth_yoy': 4.15, 'eps_growth_yoy': 17.64, 'eps_next_year': 6.6, 'operating_margin': 39.68}",,Finviz via finvizfinance screener views,2026-09-10T23:30:26+02:00,2026-07-21,,51,NORMAL,
EXC,Exelon Corp,finviz_prefilter,revenue_growth;eps_growth;eps_next_year,,price_min;market_cap_min;avg_volume_min;revenue_growth;eps_growth;eps_next_year;operating_margin;earnings_window,False,"{'revenue_growth_yoy': 9.950000000000001, 'eps_growth_yoy': -0.31, 'eps_next_year': 6.32, 'operating_margin': 20.79}",,Finviz via finvizfinance screener views,2026-09-10T23:30:26+02:00,2026-07-30,,42,NORMAL,
EXE,Expand Energy Corp,finviz_prefilter,revenue_growth;eps_growth;eps_next_year,,price_min;market_cap_min;avg_volume_min;revenue_growth;eps_growth;eps_next_year;operating_margin;earnings_window,False,"{'revenue_growth_yoy': -10.61, 'eps_growth_yoy': -45.58, 'eps_next_year': 0.3, 'operating_margin': 21.529999999999998}",,Finviz via finvizfinance screener views,2026-09-10T23:30:26+02:00,2026-07-28,,44,NORMAL,
EXEL,Exelixis Inc,finviz_prefilter,revenue_growth;eps_growth,,price_min;market_cap_min;avg_volume_min;revenue_growth;eps_growth;eps_next_year;operating_margin;earnings_window,False,"{'revenue_growth_yoy': 10.63, 'eps_growth_yoy': 25.629999999999995, 'eps_next_year': 18.04, 'operating_margin': 40.72}",,Finviz via finvizfinance screener views,2026-09-10T23:30:26+02:00,2026-08-05,,36,NORMAL,
EXLS,ExlService Holdings Inc,finviz_prefilter,revenue_growth;eps_growth;eps_next_year,,price_min;market_cap_min;avg_volume_min;revenue_growth;eps_growth;eps_next_year;operating_margin;earnings_window,False,"{'revenue_growth_yoy': 15.61, 'eps_growth_yoy': 4.92, 'eps_next_year': 13.5, 'operating_margin': 14.42}",,Finviz via finvizfinance screener views,2026-09-10T23:30:26+02:00,2026-07-28,,44,NORMAL,
EXPE,Expedia Group Inc,finviz_prefilter,revenue_growth,,price_min;market_cap_min;avg_volume_min;revenue_growth;eps_growth;eps_next_year;operating_margin;earnings_window,False,"{'revenue_growth_yoy': 13.969999999999999, 'eps_growth_yoy': 188.32999999999998, 'eps_next_year': 17.16, 'operating_margin': 16.64}",,Finviz via finvizfinance screener views,2026-09-10T23:30:26+02:00,2026-08-05,,36,NORMAL,"{'failed_gate': 'revenue_growth', 'actual_value': 13.969999999999999, 'applicable_threshold': 20.0, 'distance_to_threshold': 6.030000000000001, 'distance_to_threshold_pct': 30.150000000000006, 'formula': 'minimo: distance = threshold - actual; pct = distance / abs(threshold) * 100'}"
EXTR,Extreme Networks Inc,finviz_prefilter,revenue_growth;operating_margin,,price_min;market_cap_min;avg_volume_min;revenue_growth;eps_growth;eps_next_year;operating_margin;earnings_window,False,"{'revenue_growth_yoy': 10.280000000000001, 'eps_growth_yoy': 329.59000000000003, 'eps_next_year': 16.49, 'operating_margin': 5.050000000000001}",,Finviz via finvizfinance screener views,2026-09-10T23:30:26+02:00,2026-08-05,,36,NORMAL,
FA,First Advantage Corp,finviz_prefilter,revenue_growth,,price_min;market_cap_min;avg_volume_min;revenue_growth;eps_growth;eps_next_year;operating_margin;earnings_window,False,"{'revenue_growth_yoy': 14.879999999999999, 'eps_growth_yoy': 5322.22, 'eps_next_year': 17.99, 'operating_margin': 10.89}",,Finviz via finvizfinance screener views,2026-09-10T23:30:26+02:00,2026-08-06,,35,NORMAL,"{'failed_gate': 'revenue_growth', 'actual_value': 14.879999999999999, 'applicable_threshold': 20.0, 'distance_to_threshold': 5.120000000000001, 'distance_to_threshold_pct': 25.600000000000005, 'formula': 'minimo: distance = threshold - actual; pct = distance / abs(threshold) * 100'}"
FANG,Diamondback Energy Inc,finviz_prefilter,eps_next_year,,price_min;market_cap_min;avg_volume_min;revenue_growth;eps_growth;eps_next_year;operating_margin;earnings_window,False,"{'revenue_growth_yoy': 51.22, 'eps_growth_yoy': 179.68, 'eps_next_year': -10.76, 'operating_margin': 35.05}",,Finviz via finvizfinance screener views,2026-09-10T23:30:26+02:00,2026-08-03,,38,NORMAL,"{'failed_gate': 'eps_next_year', 'actual_value': -10.76, 'applicable_threshold': 15.0, 'distance_to_threshold': 25.759999999999998, 'distance_to_threshold_pct': 171.73333333333332, 'formula': 'minimo: distance = threshold - actual; pct = distance / abs(threshold) * 100'}"
FAST,Fastenal Co,finviz_prefilter,revenue_growth;eps_growth;eps_next_year,,price_min;market_cap_min;avg_volume_min;revenue_growth;eps_growth;eps_next_year;operating_margin;earnings_window,False,"{'revenue_growth_yoy': 14.74, 'eps_growth_yoy': 15.879999999999999, 'eps_next_year': 10.83, 'operating_margin': 20.29}",,Finviz via finvizfinance screener views,2026-09-10T23:30:26+02:00,2026-07-14,,58,NORMAL,
FER,Ferrovial N. V,finviz_prefilter,revenue_growth,,price_min;market_cap_min;avg_volume_min;revenue_growth;eps_growth;eps_next_year;operating_margin;earnings_window,False,"{'revenue_growth_yoy': 6.64, 'eps_growth_yoy': 953.2400000000001, 'eps_next_year': 18.57, 'operating_margin': 10.42}",,Finviz via finvizfinance screener views,2026-09-10T23:30:26+02:00,2026-07-28,,44,NORMAL,"{'failed_gate': 'revenue_growth', 'actual_value': 6.64, 'applicable_threshold': 20.0, 'distance_to_threshold': 13.36, 'distance_to_threshold_pct': 66.8, 'formula': 'minimo: distance = threshold - actual; pct = distance / abs(threshold) * 100'}"
FFBC,First Financial Bancorp,finviz_prefilter,revenue_growth;eps_growth;eps_next_year,,price_min;market_cap_min;avg_volume_min;revenue_growth;eps_growth;eps_next_year;operating_margin;earnings_window,False,"{'revenue_growth_yoy': 12.98, 'eps_growth_yoy': -0.33999999999999997, 'eps_next_year': 11.57, 'operating_margin': 26.06}",,Finviz via finvizfinance screener views,2026-09-10T23:30:26+02:00,2026-07-21,,51,NORMAL,
FFIN,First Financial Bankshares Inc,finviz_prefilter,revenue_growth;eps_growth;eps_next_year,,price_min;market_cap_min;avg_volume_min;revenue_growth;eps_growth;eps_next_year;operating_margin;earnings_window,False,"{'revenue_growth_yoy': 8.43, 'eps_growth_yoy': 7.61, 'eps_next_year': 5.05, 'operating_margin': 37.86}",,Finviz via finvizfinance screener views,2026-09-10T23:30:26+02:00,2026-07-16,,56,NORMAL,
FHB,First Hawaiian INC,finviz_prefilter,revenue_growth;eps_growth;eps_next_year,,price_min;market_cap_min;avg_volume_min;revenue_growth;eps_growth;eps_next_year;operating_margin;earnings_window,False,"{'revenue_growth_yoy': 0.7100000000000001, 'eps_growth_yoy': 3.04, 'eps_next_year': 7.12, 'operating_margin': 31.730000000000004}",,Finviz via finvizfinance screener views,2026-09-10T23:30:26+02:00,2026-07-24,,48,NORMAL,
FIBK,First Interstate BancSystem Inc,finviz_prefilter,revenue_growth;eps_growth;eps_next_year,,price_min;market_cap_min;avg_volume_min;revenue_growth;eps_growth;eps_next_year;operating_margin;earnings_window,False,"{'revenue_growth_yoy': -7.8, 'eps_growth_yoy': 24.97, 'eps_next_year': -0.58, 'operating_margin': 29.409999999999997}",,Finviz via finvizfinance screener views,2026-09-10T23:30:26+02:00,2026-07-23,,49,NORMAL,
FISV,Fiserv Inc,finviz_prefilter,revenue_growth;eps_growth;eps_next_year,,price_min;market_cap_min;avg_volume_min;revenue_growth;eps_growth;eps_next_year;operating_margin;earnings_window,False,"{'revenue_growth_yoy': -4.06, 'eps_growth_yoy': -36.71, 'eps_next_year': 9.78, 'operating_margin': 21.57}",,Finviz via finvizfinance screener views,2026-09-10T23:30:26+02:00,2026-08-06,,35,NORMAL,
FIVE,Five Below Inc,finviz_prefilter,eps_next_year,,price_min;market_cap_min;avg_volume_min;revenue_growth;eps_growth;eps_next_year;operating_margin;earnings_window,False,"{'revenue_growth_yoy': 22.85, 'eps_growth_yoy': 416.96, 'eps_next_year': 7.96, 'operating_margin': 14.75}",,Finviz via finvizfinance screener views,2026-09-10T23:30:26+02:00,2026-09-02,,8,PEAD_WINDOW,"{'failed_gate': 'eps_next_year', 'actual_value': 7.96, 'applicable_threshold': 15.0, 'distance_to_threshold': 7.04, 'distance_to_threshold_pct': 46.93333333333333, 'formula': 'minimo: distance = threshold - actual; pct = distance / abs(threshold) * 100'}"
FIVN,Five9 Inc,finviz_prefilter,revenue_growth;operating_margin,,price_min;market_cap_min;avg_volume_min;revenue_growth;eps_growth;eps_next_year;operating_margin;earnings_window,False,"{'revenue_growth_yoy': 10.299999999999999, 'eps_growth_yoy': 203.08, 'eps_next_year': 18.03, 'operating_margin': 6.05}",,Finviz via finvizfinance screener views,2026-09-10T23:30:26+02:00,2026-08-06,,35,NORMAL,
FLEX,Flex Ltd,finviz_prefilter,operating_margin,,price_min;market_cap_min;avg_volume_min;revenue_growth;eps_growth;eps_next_year;operating_margin;earnings_window,False,"{'revenue_growth_yoy': 20.580000000000002, 'eps_growth_yoy': 51.22, 'eps_next_year': 51.51, 'operating_margin': 5.58}",,Finviz via finvizfinance screener views,2026-09-10T23:30:26+02:00,2026-07-29,,43,NORMAL,"{'failed_gate': 'operating_margin', 'actual_value': 5.58, 'applicable_threshold': 8.0, 'distance_to_threshold': 2.42, 'distance_to_threshold_pct': 30.25, 'formula': 'minimo: distance = threshold - actual; pct = distance / abs(threshold) * 100'}"
FLY,Firefly Aerospace Inc,finviz_prefilter,eps_growth;operating_margin,,price_min;market_cap_min;avg_volume_min;revenue_growth;eps_growth;eps_next_year;operating_margin;earnings_window,False,"{'revenue_growth_yoy': 656.85, 'eps_growth_yoy': -2.13, 'eps_next_year': 22.41, 'operating_margin': -116.39999999999999}",,Finviz via finvizfinance screener views,2026-09-10T23:30:26+02:00,2026-08-11,,30,NORMAL,
FLYW,Flywire Corp,finviz_prefilter,operating_margin,,price_min;market_cap_min;avg_volume_min;revenue_growth;eps_growth;eps_next_year;operating_margin;earnings_window,False,"{'revenue_growth_yoy': 27.18, 'eps_growth_yoy': 32.39, 'eps_next_year': 69.9, 'operating_margin': 5.94}",,Finviz via finvizfinance screener views,2026-09-10T23:30:26+02:00,2026-08-04,,37,NORMAL,"{'failed_gate': 'operating_margin', 'actual_value': 5.94, 'applicable_threshold': 8.0, 'distance_to_threshold': 2.0599999999999996, 'distance_to_threshold_pct': 25.749999999999996, 'formula': 'minimo: distance = threshold - actual; pct = distance / abs(threshold) * 100'}"
FOX,Fox Corp,finviz_prefilter,eps_growth;eps_next_year,,price_min;market_cap_min;avg_volume_min;revenue_growth;eps_growth;eps_next_year;operating_margin;earnings_window,False,"{'revenue_growth_yoy': 28.139999999999997, 'eps_growth_yoy': 2.91, 'eps_next_year': -1.49, 'operating_margin': 20.41}",,Finviz via finvizfinance screener views,2026-09-10T23:30:26+02:00,2026-08-06,,35,NORMAL,
FOXA,Fox Corp,finviz_prefilter,eps_growth;eps_next_year,,price_min;market_cap_min;avg_volume_min;revenue_growth;eps_growth;eps_next_year;operating_margin;earnings_window,False,"{'revenue_growth_yoy': 28.139999999999997, 'eps_growth_yoy': 2.91, 'eps_next_year': -1.74, 'operating_margin': 20.41}",,Finviz via finvizfinance screener views,2026-09-10T23:30:26+02:00,2026-08-06,,35,NORMAL,
FROG,JFrog Ltd,finviz_prefilter,operating_margin,,price_min;market_cap_min;avg_volume_min;revenue_growth;eps_growth;eps_next_year;operating_margin;earnings_window,False,"{'revenue_growth_yoy': 28.73, 'eps_growth_yoy': 81.82000000000001, 'eps_next_year': 16.81, 'operating_margin': -12.93}",,Finviz via finvizfinance screener views,2026-09-10T23:30:26+02:00,2026-08-06,,35,NORMAL,"{'failed_gate': 'operating_margin', 'actual_value': -12.93, 'applicable_threshold': 8.0, 'distance_to_threshold': 20.93, 'distance_to_threshold_pct': 261.625, 'formula': 'minimo: distance = threshold - actual; pct = distance / abs(threshold) * 100'}"
FRPT,Freshpet Inc,finviz_prefilter,revenue_growth;eps_growth;eps_next_year,,price_min;market_cap_min;avg_volume_min;revenue_growth;eps_growth;eps_next_year;operating_margin;earnings_window,False,"{'revenue_growth_yoy': 15.45, 'eps_growth_yoy': 19.15, 'eps_next_year': -3.91, 'operating_margin': 8.260000000000002}",,Finviz via finvizfinance screener views,2026-09-10T23:30:26+02:00,2026-08-05,,36,NORMAL,
FSLR,First Solar Inc,finviz_prefilter,revenue_growth;eps_growth,,price_min;market_cap_min;avg_volume_min;revenue_growth;eps_growth;eps_next_year;operating_margin;earnings_window,False,"{'revenue_growth_yoy': -3.73, 'eps_growth_yoy': 23.36, 'eps_next_year': 34.33, 'operating_margin': 34.98}",,Finviz via finvizfinance screener views,2026-09-10T23:30:26+02:00,2026-07-30,,42,NORMAL,
FSLY,Fastly Inc,finviz_prefilter,eps_next_year;operating_margin,,price_min;market_cap_min;avg_volume_min;revenue_growth;eps_growth;eps_next_year;operating_margin;earnings_window,False,"{'revenue_growth_yoy': 23.27, 'eps_growth_yoy': 61.59, 'eps_next_year': 11.15, 'operating_margin': -11.959999999999999}",,Finviz via finvizfinance screener views,2026-09-10T23:30:26+02:00,2026-08-05,,36,NORMAL,
FTAI,FTAI Aviation Ltd,finviz_prefilter,eps_growth,,price_min;market_cap_min;avg_volume_min;revenue_growth;eps_growth;eps_next_year;operating_margin;earnings_window,False,"{'revenue_growth_yoy': 40.79, 'eps_growth_yoy': -27.900000000000002, 'eps_next_year': 123.72, 'operating_margin': 25.119999999999997}",,Finviz via finvizfinance screener views,2026-09-10T23:30:26+02:00,2026-07-29,,43,NORMAL,"{'failed_gate': 'eps_growth', 'actual_value': -27.900000000000002, 'applicable_threshold': 20.0, 'distance_to_threshold': 47.900000000000006, 'distance_to_threshold_pct': 239.50000000000006, 'formula': 'minimo: distance = threshold - actual; pct = distance / abs(threshold) * 100'}"
FTNT,Fortinet Inc,finviz_prefilter,eps_next_year,,price_min;market_cap_min;avg_volume_min;revenue_growth;eps_growth;eps_next_year;operating_margin;earnings_window,False,"{'revenue_growth_yoy': 25.64, 'eps_growth_yoy': 43.86, 'eps_next_year': 9.44, 'operating_margin': 32.37}",,Finviz via finvizfinance screener views,2026-09-10T23:30:26+02:00,2026-07-29,,43,NORMAL,"{'failed_gate': 'eps_next_year', 'actual_value': 9.44, 'applicable_threshold': 15.0, 'distance_to_threshold': 5.5600000000000005, 'distance_to_threshold_pct': 37.06666666666667, 'formula': 'minimo: distance = threshold - actual; pct = distance / abs(threshold) * 100'}"
FULT,Fulton Financial Corp,finviz_prefilter,revenue_growth;eps_growth;eps_next_year,,price_min;market_cap_min;avg_volume_min;revenue_growth;eps_growth;eps_next_year;operating_margin;earnings_window,False,"{'revenue_growth_yoy': 7.580000000000001, 'eps_growth_yoy': -1.58, 'eps_next_year': 10.09, 'operating_margin': 26.540000000000003}",,Finviz via finvizfinance screener views,2026-09-10T23:30:26+02:00,2026-07-22,,50,NORMAL,
FWONK,Liberty Media Corp,finviz_prefilter,revenue_growth;eps_growth,,price_min;market_cap_min;avg_volume_min;revenue_growth;eps_growth;eps_next_year;operating_margin;earnings_window,False,"{'revenue_growth_yoy': -30.349999999999998, 'eps_growth_yoy': -98.69, 'eps_next_year': 21.89, 'operating_margin': 12.45}",,Finviz via finvizfinance screener views,2026-09-10T23:30:26+02:00,2026-08-06,,35,NORMAL,
GEHC,GE HealthCare Technologies Inc,finviz_prefilter,revenue_growth;eps_growth;eps_next_year,,price_min;market_cap_min;avg_volume_min;revenue_growth;eps_growth;eps_next_year;operating_margin;earnings_window,False,"{'revenue_growth_yoy': 5.75, 'eps_growth_yoy': 16.45, 'eps_next_year': 10.41, 'operating_margin': 13.73}",,Finviz via finvizfinance screener views,2026-09-10T23:30:26+02:00,2026-07-29,,43,NORMAL,
GEN,Gen Digital Inc,finviz_prefilter,revenue_growth;eps_next_year,,price_min;market_cap_min;avg_volume_min;revenue_growth;eps_growth;eps_next_year;operating_margin;earnings_window,False,"{'revenue_growth_yoy': 6.279999999999999, 'eps_growth_yoy': 64.79, 'eps_next_year': 12.85, 'operating_margin': 42.8}",,Finviz via finvizfinance screener views,2026-09-10T23:30:26+02:00,2026-08-06,,35,NORMAL,
GFS,GlobalFoundries Inc,finviz_prefilter,revenue_growth;eps_growth,,price_min;market_cap_min;avg_volume_min;revenue_growth;eps_growth;eps_next_year;operating_margin;earnings_window,False,"{'revenue_growth_yoy': 5.81, 'eps_growth_yoy': -27.05, 'eps_next_year': 30.46, 'operating_margin': 11.59}",,Finviz via finvizfinance screener views,2026-09-10T23:30:26+02:00,2026-08-05,,36,NORMAL,
GH,Guardant Health Inc,finviz_prefilter,eps_growth;operating_margin,,price_min;market_cap_min;avg_volume_min;revenue_growth;eps_growth;eps_next_year;operating_margin;earnings_window,False,"{'revenue_growth_yoy': 44.330000000000005, 'eps_growth_yoy': -12.34, 'eps_next_year': 40.29, 'operating_margin': -39.7}",,Finviz via finvizfinance screener views,2026-09-10T23:30:26+02:00,2026-07-30,,42,NORMAL,
GILD,Gilead Sciences Inc,finviz_prefilter,revenue_growth;eps_growth,,price_min;market_cap_min;avg_volume_min;revenue_growth;eps_growth;eps_next_year;operating_margin;earnings_window,False,"{'revenue_growth_yoy': 10.73, 'eps_growth_yoy': -640.66, 'eps_next_year': 2344.44, 'operating_margin': 39.050000000000004}",,Finviz via finvizfinance screener views,2026-09-10T23:30:26+02:00,2026-08-04,,37,NORMAL,
GLNG,Golar Lng,finviz_prefilter,eps_next_year,,price_min;market_cap_min;avg_volume_min;revenue_growth;eps_growth;eps_next_year;operating_margin;earnings_window,False,"{'revenue_growth_yoy': 72.42, 'eps_growth_yoy': 145.13, 'eps_next_year': -53.93, 'operating_margin': 45.51}",,Finviz via finvizfinance screener views,2026-09-10T23:30:26+02:00,2026-08-13,,28,NORMAL,"{'failed_gate': 'eps_next_year', 'actual_value': -53.93, 'applicable_threshold': 15.0, 'distance_to_threshold': 68.93, 'distance_to_threshold_pct': 459.53333333333336, 'formula': 'minimo: distance = threshold - actual; pct = distance / abs(threshold) * 100'}"
GLPI,Gaming and Leisure Properties Inc,finviz_prefilter,revenue_growth;eps_next_year,,price_min;market_cap_min;avg_volume_min;revenue_growth;eps_growth;eps_next_year;operating_margin;earnings_window,False,"{'revenue_growth_yoy': 9.030000000000001, 'eps_growth_yoy': 46.54, 'eps_next_year': 3.33, 'operating_margin': 82.62}",,Finviz via finvizfinance screener views,2026-09-10T23:30:26+02:00,2026-07-30,,42,NORMAL,
GLXY,Galaxy Digital Inc,finviz_prefilter,revenue_growth;eps_growth,,price_min;market_cap_min;avg_volume_min;revenue_growth;eps_growth;eps_next_year;operating_margin;earnings_window,False,"{'revenue_growth_yoy': -73.19, 'eps_growth_yoy': -191.71, 'eps_next_year': 72.67, 'operating_margin': 29.720000000000002}",,Finviz via finvizfinance screener views,2026-09-10T23:30:26+02:00,2026-08-05,,36,NORMAL,
GNTX,Gentex Corp,finviz_prefilter,revenue_growth;eps_growth;eps_next_year,,price_min;market_cap_min;avg_volume_min;revenue_growth;eps_growth;eps_next_year;operating_margin;earnings_window,False,"{'revenue_growth_yoy': -1.0, 'eps_growth_yoy': 25.53, 'eps_next_year': 5.54, 'operating_margin': 19.55}",,Finviz via finvizfinance screener views,2026-09-10T23:30:26+02:00,2026-07-24,,48,NORMAL,
GOOG,Alphabet Inc,finviz_prefilter,eps_next_year,,price_min;market_cap_min;avg_volume_min;revenue_growth;eps_growth;eps_next_year;operating_margin;earnings_window,False,"{'revenue_growth_yoy': 23.98, 'eps_growth_yoy': 294.02, 'eps_next_year': -26.66, 'operating_margin': 33.96}",,Finviz via finvizfinance screener views,2026-09-10T23:30:26+02:00,2026-07-22,,50,NORMAL,"{'failed_gate': 'eps_next_year', 'actual_value': -26.66, 'applicable_threshold': 15.0, 'distance_to_threshold': 41.66, 'distance_to_threshold_pct': 277.7333333333333, 'formula': 'minimo: distance = threshold - actual; pct = distance / abs(threshold) * 100'}"
GOOGL,Alphabet Inc,finviz_prefilter,eps_next_year,,price_min;market_cap_min;avg_volume_min;revenue_growth;eps_growth;eps_next_year;operating_margin;earnings_window,False,"{'revenue_growth_yoy': 23.98, 'eps_growth_yoy': 294.02, 'eps_next_year': -26.62, 'operating_margin': 33.96}",,Finviz via finvizfinance screener views,2026-09-10T23:30:26+02:00,2026-07-22,,50,NORMAL,"{'failed_gate': 'eps_next_year', 'actual_value': -26.62, 'applicable_threshold': 15.0, 'distance_to_threshold': 41.620000000000005, 'distance_to_threshold_pct': 277.4666666666667, 'formula': 'minimo: distance = threshold - actual; pct = distance / abs(threshold) * 100'}"
GSAT,Globalstar Inc,finviz_prefilter,revenue_growth;eps_growth;operating_margin,,price_min;market_cap_min;avg_volume_min;revenue_growth;eps_growth;eps_next_year;operating_margin;earnings_window,False,"{'revenue_growth_yoy': -3.54, 'eps_growth_yoy': -274.38, 'eps_next_year': 83.29, 'operating_margin': 4.79}",,Finviz via finvizfinance screener views,2026-09-10T23:30:26+02:00,2026-08-06,,35,NORMAL,
GTLB,Gitlab Inc,finviz_prefilter,eps_growth;operating_margin,,price_min;market_cap_min;avg_volume_min;revenue_growth;eps_growth;eps_next_year;operating_margin;earnings_window,False,"{'revenue_growth_yoy': 21.310000000000002, 'eps_growth_yoy': -293.51, 'eps_next_year': 19.86, 'operating_margin': -8.07}",,Finviz via finvizfinance screener views,2026-09-10T23:30:26+02:00,2026-09-01,,9,PEAD_WINDOW,
GTX,Garrett Motion Inc,finviz_prefilter,revenue_growth;eps_growth;eps_next_year,,price_min;market_cap_min;avg_volume_min;revenue_growth;eps_growth;eps_next_year;operating_margin;earnings_window,False,"{'revenue_growth_yoy': 6.9, 'eps_growth_yoy': 25.009999999999998, 'eps_next_year': 13.54, 'operating_margin': 14.81}",,Finviz via finvizfinance screener views,2026-09-10T23:30:26+02:00,2026-07-29,,43,NORMAL,
HAS,Hasbro Inc,finviz_prefilter,revenue_growth;eps_next_year,,price_min;market_cap_min;avg_volume_min;revenue_growth;eps_growth;eps_next_year;operating_margin;earnings_window,False,"{'revenue_growth_yoy': 16.189999999999998, 'eps_growth_yoy': 118.42999999999999, 'eps_next_year': 5.94, 'operating_margin': 28.13}",,Finviz via finvizfinance screener views,2026-09-10T23:30:26+02:00,2026-07-21,,51,NORMAL,
HBAN,Huntington Bancshares Inc,finviz_prefilter,eps_growth,,price_min;market_cap_min;avg_volume_min;revenue_growth;eps_growth;eps_next_year;operating_margin;earnings_window,False,"{'revenue_growth_yoy': 38.019999999999996, 'eps_growth_yoy': -2.56, 'eps_next_year': 35.63, 'operating_margin': 20.51}",,Finviz via finvizfinance screener views,2026-09-10T23:30:26+02:00,2026-07-23,,49,NORMAL,"{'failed_gate': 'eps_growth', 'actual_value': -2.56, 'applicable_threshold': 30.0, 'distance_to_threshold': 32.56, 'distance_to_threshold_pct': 108.53333333333335, 'formula': 'minimo: distance = threshold - actual; pct = distance / abs(threshold) * 100'}"
HLNE,Hamilton Lane Inc,finviz_prefilter,eps_next_year,,price_min;market_cap_min;avg_volume_min;revenue_growth;eps_growth;eps_next_year;operating_margin;earnings_window,False,"{'revenue_growth_yoy': 56.48, 'eps_growth_yoy': 50.480000000000004, 'eps_next_year': 2.87, 'operating_margin': 54.620000000000005}",,Finviz via finvizfinance screener views,2026-09-10T23:30:26+02:00,2026-08-04,,37,NORMAL,"{'failed_gate': 'eps_next_year', 'actual_value': 2.87, 'applicable_threshold': 15.0, 'distance_to_threshold': 12.129999999999999, 'distance_to_threshold_pct': 80.86666666666666, 'formula': 'minimo: distance = threshold - actual; pct = distance / abs(threshold) * 100'}"
HON,Honeywell International Inc,finviz_prefilter,revenue_growth,,price_min;market_cap_min;avg_volume_min;revenue_growth;eps_growth;eps_next_year;operating_margin;earnings_window,False,"{'revenue_growth_yoy': -6.12, 'eps_growth_yoy': 264.01, 'eps_next_year': 19.87, 'operating_margin': 19.17}",,Finviz via finvizfinance screener views,2026-09-10T23:30:26+02:00,2026-07-23,,49,NORMAL,"{'failed_gate': 'revenue_growth', 'actual_value': -6.12, 'applicable_threshold': 20.0, 'distance_to_threshold': 26.12, 'distance_to_threshold_pct': 130.6, 'formula': 'minimo: distance = threshold - actual; pct = distance / abs(threshold) * 100'}"
HQY,Healthequity Inc,finviz_prefilter,revenue_growth;eps_growth,,price_min;market_cap_min;avg_volume_min;revenue_growth;eps_growth;eps_next_year;operating_margin;earnings_window,False,"{'revenue_growth_yoy': 7.6499999999999995, 'eps_growth_yoy': 14.56, 'eps_next_year': 16.43, 'operating_margin': 26.119999999999997}",,Finviz via finvizfinance screener views,2026-09-10T23:30:26+02:00,2026-08-27,,14,PEAD_WINDOW,
HRMY,Harmony Biosciences Holdings Inc,finviz_prefilter,eps_next_year,,price_min;market_cap_min;avg_volume_min;revenue_growth;eps_growth;eps_next_year;operating_margin;earnings_window,False,"{'revenue_growth_yoy': 30.320000000000004, 'eps_growth_yoy': 88.57000000000001, 'eps_next_year': 8.52, 'operating_margin': 24.03}",,Finviz via finvizfinance screener views,2026-09-10T23:30:26+02:00,2026-08-04,,37,NORMAL,"{'failed_gate': 'eps_next_year', 'actual_value': 8.52, 'applicable_threshold': 15.0, 'distance_to_threshold': 6.48, 'distance_to_threshold_pct': 43.2, 'formula': 'minimo: distance = threshold - actual; pct = distance / abs(threshold) * 100'}"
HSIC,Henry Schein Inc,finviz_prefilter,revenue_growth;eps_growth;eps_next_year;operating_margin,,price_min;market_cap_min;avg_volume_min;revenue_growth;eps_growth;eps_next_year;operating_margin;earnings_window,False,"{'revenue_growth_yoy': 6.7299999999999995, 'eps_growth_yoy': 17.18, 'eps_next_year': 11.63, 'operating_margin': 5.9799999999999995}",,Finviz via finvizfinance screener views,2026-09-10T23:30:26+02:00,2026-08-04,,37,NORMAL,
HST,Host Hotels & Resorts Inc,finviz_prefilter,revenue_growth;eps_growth;eps_next_year,,price_min;market_cap_min;avg_volume_min;revenue_growth;eps_growth;eps_next_year;operating_margin;earnings_window,False,"{'revenue_growth_yoy': 3.4000000000000004, 'eps_growth_yoy': 8.32, 'eps_next_year': -22.78, 'operating_margin': 14.360000000000001}",,Finviz via finvizfinance screener views,2026-09-10T23:30:26+02:00,2026-08-05,,36,NORMAL,
HTFL,Heartflow Inc,finviz_prefilter,eps_growth;operating_margin,,price_min;market_cap_min;avg_volume_min;revenue_growth;eps_growth;eps_next_year;operating_margin;earnings_window,False,"{'revenue_growth_yoy': 47.57, 'eps_growth_yoy': -65.19, 'eps_next_year': 38.1, 'operating_margin': -34.31}",,Finviz via finvizfinance screener views,2026-09-10T23:30:26+02:00,2026-08-13,,28,NORMAL,
HUBG,Hub Group Inc,finviz_prefilter,revenue_growth;eps_growth;operating_margin,,price_min;market_cap_min;avg_volume_min;revenue_growth;eps_growth;eps_next_year;operating_margin;earnings_window,False,"{'revenue_growth_yoy': -5.3100000000000005, 'eps_growth_yoy': 22.21, 'eps_next_year': 41.79, 'operating_margin': 3.81}",,Finviz via finvizfinance screener views,2026-09-10T23:30:26+02:00,2026-07-30,,42,NORMAL,
HUT,Hut 8 Corp,finviz_prefilter,eps_growth;operating_margin,,price_min;market_cap_min;avg_volume_min;revenue_growth;eps_growth;eps_next_year;operating_margin;earnings_window,False,"{'revenue_growth_yoy': 81.44, 'eps_growth_yoy': -207.87, 'eps_next_year': 23.97, 'operating_margin': -54.09}",,Finviz via finvizfinance screener views,2026-09-10T23:30:26+02:00,2026-08-04,,37,NORMAL,
HWC,Hancock Whitney Corp,finviz_prefilter,revenue_growth;eps_growth;eps_next_year,,price_min;market_cap_min;avg_volume_min;revenue_growth;eps_growth;eps_next_year;operating_margin;earnings_window,False,"{'revenue_growth_yoy': 4.44, 'eps_growth_yoy': 18.14, 'eps_next_year': 12.39, 'operating_margin': 27.36}",,Finviz via finvizfinance screener views,2026-09-10T23:30:26+02:00,2026-07-21,,51,NORMAL,
ICHR,Ichor Holdings Ltd,finviz_prefilter,operating_margin,,price_min;market_cap_min;avg_volume_min;revenue_growth;eps_growth;eps_next_year;operating_margin;earnings_window,False,"{'revenue_growth_yoy': 22.68, 'eps_growth_yoy': 109.99000000000001, 'eps_next_year': 108.2, 'operating_margin': 1.32}",,Finviz via finvizfinance screener views,2026-09-10T23:30:26+02:00,2026-08-03,,38,NORMAL,"{'failed_gate': 'operating_margin', 'actual_value': 1.32, 'applicable_threshold': 8.0, 'distance_to_threshold': 6.68, 'distance_to_threshold_pct': 83.5, 'formula': 'minimo: distance = threshold - actual; pct = distance / abs(threshold) * 100'}"
ICLR,Icon Plc,finviz_prefilter,revenue_growth;eps_growth;eps_next_year,,price_min;market_cap_min;avg_volume_min;revenue_growth;eps_growth;eps_next_year;operating_margin;earnings_window,False,"{'revenue_growth_yoy': 1.2, 'eps_growth_yoy': -63.33, 'eps_next_year': 12.67, 'operating_margin': 10.14}",,Finviz via finvizfinance screener views,2026-09-10T23:30:26+02:00,2026-07-29,,43,NORMAL,
IDYA,Ideaya Biosciences Inc,finviz_prefilter,eps_next_year;operating_margin,revenue_growth;eps_growth,price_min;market_cap_min;avg_volume_min;eps_next_year;operating_margin;earnings_window,False,"{'revenue_growth_yoy': None, 'eps_growth_yoy': -39.46, 'eps_next_year': 10.2, 'operating_margin': -92.66}",,Finviz via finvizfinance screener views,2026-09-10T23:30:26+02:00,2026-08-04,,37,NORMAL,
ILMN,Illumina Inc,finviz_prefilter,revenue_growth;eps_growth;eps_next_year,,price_min;market_cap_min;avg_volume_min;revenue_growth;eps_growth;eps_next_year;operating_margin;earnings_window,False,"{'revenue_growth_yoy': 9.84, 'eps_growth_yoy': -9.610000000000001, 'eps_next_year': 13.62, 'operating_margin': 19.869999999999997}",,Finviz via finvizfinance screener views,2026-09-10T23:30:26+02:00,2026-07-30,,42,NORMAL,
IMNM,Immunome Inc,finviz_prefilter,revenue_growth;eps_growth;eps_next_year,operating_margin,price_min;market_cap_min;avg_volume_min;revenue_growth;eps_growth;eps_next_year;earnings_window,False,"{'revenue_growth_yoy': -100.0, 'eps_growth_yoy': -29.43, 'eps_next_year': -6.21, 'operating_margin': None}",,Finviz via finvizfinance screener views,2026-09-10T23:30:26+02:00,2026-08-11,,30,NORMAL,
INDV,Indivior Pharmaceuticals Inc,finviz_prefilter,revenue_growth;eps_next_year,,price_min;market_cap_min;avg_volume_min;revenue_growth;eps_growth;eps_next_year;operating_margin;earnings_window,False,"{'revenue_growth_yoy': 13.58, 'eps_growth_yoy': 588.52, 'eps_next_year': 9.44, 'operating_margin': 39.94}",,Finviz via finvizfinance screener views,2026-09-10T23:30:26+02:00,2026-08-03,,38,NORMAL,
INSM,Insmed Inc,finviz_prefilter,operating_margin,,price_min;market_cap_min;avg_volume_min;revenue_growth;eps_growth;eps_next_year;operating_margin;earnings_window,False,"{'revenue_growth_yoy': 296.11, 'eps_growth_yoy': 96.41999999999999, 'eps_next_year': 157.16, 'operating_margin': -71.43}",,Finviz via finvizfinance screener views,2026-09-10T23:30:26+02:00,2026-08-06,,35,NORMAL,"{'failed_gate': 'operating_margin', 'actual_value': -71.43, 'applicable_threshold': 8.0, 'distance_to_threshold': 79.43, 'distance_to_threshold_pct': 992.8750000000001, 'formula': 'minimo: distance = threshold - actual; pct = distance / abs(threshold) * 100'}"
INTA,Intapp Inc,finviz_prefilter,revenue_growth;eps_growth;operating_margin,,price_min;market_cap_min;avg_volume_min;revenue_growth;eps_growth;eps_next_year;operating_margin;earnings_window,False,"{'revenue_growth_yoy': 12.950000000000001, 'eps_growth_yoy': -1009.23, 'eps_next_year': 22.3, 'operating_margin': -6.0600000000000005}",,Finviz via finvizfinance screener views,2026-09-10T23:30:26+02:00,2026-08-04,,37,NORMAL,
INTC,Intel Corp,finviz_prefilter,eps_growth,,price_min;market_cap_min;avg_volume_min;revenue_growth;eps_growth;eps_next_year;operating_margin;earnings_window,False,"{'revenue_growth_yoy': 25.419999999999998, 'eps_growth_yoy': -223.64000000000001, 'eps_next_year': 38.45, 'operating_margin': 8.03}",,Finviz via finvizfinance screener views,2026-09-10T23:30:26+02:00,2026-07-23,,49,NORMAL,"{'failed_gate': 'eps_growth', 'actual_value': -223.64000000000001, 'applicable_threshold': 30.0, 'distance_to_threshold': 253.64000000000001, 'distance_to_threshold_pct': 845.4666666666666, 'formula': 'minimo: distance = threshold - actual; pct = distance / abs(threshold) * 100'}"
INTU,Intuit Inc,finviz_prefilter,revenue_growth;eps_growth;eps_next_year,,price_min;market_cap_min;avg_volume_min;revenue_growth;eps_growth;eps_next_year;operating_margin;earnings_window,False,"{'revenue_growth_yoy': 13.65, 'eps_growth_yoy': -1.22, 'eps_next_year': 13.89, 'operating_margin': 28.799999999999997}",,Finviz via finvizfinance screener views,2026-09-10T23:30:26+02:00,2026-08-25,,16,NORMAL,
IONS,Ionis Pharmaceuticals Inc,finviz_prefilter,revenue_growth;eps_growth;operating_margin,,price_min;market_cap_min;avg_volume_min;revenue_growth;eps_growth;eps_next_year;operating_margin;earnings_window,False,"{'revenue_growth_yoy': -40.73, 'eps_growth_yoy': -202.29, 'eps_next_year': 46.14, 'operating_margin': -68.08999999999999}",,Finviz via finvizfinance screener views,2026-09-10T23:30:26+02:00,2026-07-29,,43,NORMAL,
IRDM,Iridium Communications Inc,finviz_prefilter,revenue_growth;eps_growth,,price_min;market_cap_min;avg_volume_min;revenue_growth;eps_growth;eps_next_year;operating_margin;earnings_window,False,"{'revenue_growth_yoy': 3.84, 'eps_growth_yoy': -56.08, 'eps_next_year': 41.72, 'operating_margin': 23.76}",,Finviz via finvizfinance screener views,2026-09-10T23:30:26+02:00,2026-07-22,,50,NORMAL,
IREN,IREN Ltd,finviz_prefilter,revenue_growth;eps_growth;operating_margin,,price_min;market_cap_min;avg_volume_min;revenue_growth;eps_growth;eps_next_year;operating_margin;earnings_window,False,"{'revenue_growth_yoy': -26.740000000000002, 'eps_growth_yoy': -361.57, 'eps_next_year': 175.38, 'operating_margin': -53.68000000000001}",,Finviz via finvizfinance screener views,2026-09-10T23:30:26+02:00,2026-08-27,,14,PEAD_WINDOW,
ISRG,Intuitive Surgical Inc,finviz_prefilter,revenue_growth;eps_growth;eps_next_year,,price_min;market_cap_min;avg_volume_min;revenue_growth;eps_growth;eps_next_year;operating_margin;earnings_window,False,"{'revenue_growth_yoy': 18.54, 'eps_growth_yoy': 26.619999999999997, 'eps_next_year': 11.87, 'operating_margin': 31.28}",,Finviz via finvizfinance screener views,2026-09-10T23:30:26+02:00,2026-07-16,,56,NORMAL,
ITRI,Itron Inc,finviz_prefilter,revenue_growth;eps_growth;eps_next_year,,price_min;market_cap_min;avg_volume_min;revenue_growth;eps_growth;eps_next_year;operating_margin;earnings_window,False,"{'revenue_growth_yoy': -7.23, 'eps_growth_yoy': -18.95, 'eps_next_year': 8.03, 'operating_margin': 13.87}",,Finviz via finvizfinance screener views,2026-09-10T23:30:26+02:00,2026-07-28,,44,NORMAL,
JAZZ,Jazz Pharmaceuticals plc,finviz_prefilter,revenue_growth;eps_next_year,,price_min;market_cap_min;avg_volume_min;revenue_growth;eps_growth;eps_next_year;operating_margin;earnings_window,False,"{'revenue_growth_yoy': 15.55, 'eps_growth_yoy': 123.66, 'eps_next_year': 3.39, 'operating_margin': 20.76}",,Finviz via finvizfinance screener views,2026-09-10T23:30:26+02:00,2026-08-03,,38,NORMAL,
JBHT,J.B. Hunt Transport Services Inc,finviz_prefilter,revenue_growth;operating_margin,,price_min;market_cap_min;avg_volume_min;revenue_growth;eps_growth;eps_next_year;operating_margin;earnings_window,False,"{'revenue_growth_yoy': 19.37, 'eps_growth_yoy': 45.25, 'eps_next_year': 29.71, 'operating_margin': 7.59}",,Finviz via finvizfinance screener views,2026-09-10T23:30:26+02:00,2026-07-15,,57,NORMAL,
JKHY,Jack Henry & Associates Inc,finviz_prefilter,revenue_growth;eps_growth;eps_next_year,,price_min;market_cap_min;avg_volume_min;revenue_growth;eps_growth;eps_next_year;operating_margin;earnings_window,False,"{'revenue_growth_yoy': 2.88, 'eps_growth_yoy': -10.209999999999999, 'eps_next_year': 9.32, 'operating_margin': 24.93}",,Finviz via finvizfinance screener views,2026-09-10T23:30:26+02:00,2026-08-18,,23,NORMAL,
KDP,Keurig Dr Pepper Inc,finviz_prefilter,eps_growth;eps_next_year,,price_min;market_cap_min;avg_volume_min;revenue_growth;eps_growth;eps_next_year;operating_margin;earnings_window,False,"{'revenue_growth_yoy': 75.57000000000001, 'eps_growth_yoy': -89.03999999999999, 'eps_next_year': 10.52, 'operating_margin': 16.950000000000003}",,Finviz via finvizfinance screener views,2026-09-10T23:30:26+02:00,2026-08-06,,35,NORMAL,
KHC,Kraft Heinz Co,finviz_prefilter,revenue_growth;eps_next_year,,price_min;market_cap_min;avg_volume_min;revenue_growth;eps_growth;eps_next_year;operating_margin;earnings_window,False,"{'revenue_growth_yoy': -1.4200000000000002, 'eps_growth_yoy': 30.270000000000003, 'eps_next_year': 0.83, 'operating_margin': 17.119999999999997}",,Finviz via finvizfinance screener views,2026-09-10T23:30:26+02:00,2026-08-05,,36,NORMAL,
KLAC,KLA Corp,finviz_prefilter,revenue_growth;eps_growth,,price_min;market_cap_min;avg_volume_min;revenue_growth;eps_growth;eps_next_year;operating_margin;earnings_window,False,"{'revenue_growth_yoy': 15.18, 'eps_growth_yoy': 14.39, 'eps_next_year': 21.96, 'operating_margin': 41.68}",,Finviz via finvizfinance screener views,2026-09-10T23:30:26+02:00,2026-07-28,,44,NORMAL,
KMB,Kimberly-Clark Corp,finviz_prefilter,revenue_growth;eps_growth;eps_next_year,,price_min;market_cap_min;avg_volume_min;revenue_growth;eps_growth;eps_next_year;operating_margin;earnings_window,False,"{'revenue_growth_yoy': 0.62, 'eps_growth_yoy': -32.22, 'eps_next_year': 0.38, 'operating_margin': 14.24}",,Finviz via finvizfinance screener views,2026-09-10T23:30:26+02:00,2026-08-04,,37,NORMAL,
KTOS,Kratos Defense & Security Solutions Inc,finviz_prefilter,eps_growth;operating_margin,,price_min;market_cap_min;avg_volume_min;revenue_growth;eps_growth;eps_next_year;operating_margin;earnings_window,False,"{'revenue_growth_yoy': 30.53, 'eps_growth_yoy': 26.090000000000003, 'eps_next_year': 34.4, 'operating_margin': 1.6}",,Finviz via finvizfinance screener views,2026-09-10T23:30:26+02:00,2026-08-04,,37,NORMAL,
KYMR,Kymera Therapeutics Inc,finviz_prefilter,eps_next_year;operating_margin,,price_min;market_cap_min;avg_volume_min;revenue_growth;eps_growth;eps_next_year;operating_margin;earnings_window,False,"{'revenue_growth_yoy': 466.4, 'eps_growth_yoy': 34.53, 'eps_next_year': -30.03, 'operating_margin': -329.83}",,Finviz via finvizfinance screener views,2026-09-10T23:30:26+02:00,2026-08-05,,36,NORMAL,
LASR,nLIGHT Inc,finviz_prefilter,operating_margin,,price_min;market_cap_min;avg_volume_min;revenue_growth;eps_growth;eps_next_year;operating_margin;earnings_window,False,"{'revenue_growth_yoy': 33.78, 'eps_growth_yoy': 67.54, 'eps_next_year': 27.13, 'operating_margin': -4.62}",,Finviz via finvizfinance screener views,2026-09-10T23:30:26+02:00,2026-08-06,,35,NORMAL,"{'failed_gate': 'operating_margin', 'actual_value': -4.62, 'applicable_threshold': 8.0, 'distance_to_threshold': 12.620000000000001, 'distance_to_threshold_pct': 157.75, 'formula': 'minimo: distance = threshold - actual; pct = distance / abs(threshold) * 100'}"
LAUR,Laureate Education Inc,finviz_prefilter,revenue_growth,,price_min;market_cap_min;avg_volume_min;revenue_growth;eps_growth;eps_next_year;operating_margin;earnings_window,False,"{'revenue_growth_yoy': 17.5, 'eps_growth_yoy': 51.23, 'eps_next_year': 15.86, 'operating_margin': 24.42}",,Finviz via finvizfinance screener views,2026-09-10T23:30:26+02:00,2026-07-30,,42,NORMAL,"{'failed_gate': 'revenue_growth', 'actual_value': 17.5, 'applicable_threshold': 20.0, 'distance_to_threshold': 2.5, 'distance_to_threshold_pct': 12.5, 'formula': 'minimo: distance = threshold - actual; pct = distance / abs(threshold) * 100'}"
LGN,Legence Corp,finviz_prefilter,eps_growth;operating_margin,,price_min;market_cap_min;avg_volume_min;revenue_growth;eps_growth;eps_next_year;operating_margin;earnings_window,False,"{'revenue_growth_yoy': 110.74, 'eps_growth_yoy': -306.44, 'eps_next_year': 113.45, 'operating_margin': 3.04}",,Finviz via finvizfinance screener views,2026-09-10T23:30:26+02:00,2026-08-13,,28,NORMAL,
LIF,Life360 Inc,finviz_prefilter,eps_growth;operating_margin,,price_min;market_cap_min;avg_volume_min;revenue_growth;eps_growth;eps_next_year;operating_margin;earnings_window,False,"{'revenue_growth_yoy': 37.769999999999996, 'eps_growth_yoy': -28.71, 'eps_next_year': 45.24, 'operating_margin': 1.1400000000000001}",,Finviz via finvizfinance screener views,2026-09-10T23:30:26+02:00,2026-08-10,,31,NORMAL,
LIFE,Ethos Technologies Inc,finviz_prefilter,eps_growth;operating_margin,,price_min;market_cap_min;avg_volume_min;revenue_growth;eps_growth;eps_next_year;operating_margin;earnings_window,False,"{'revenue_growth_yoy': 113.35, 'eps_growth_yoy': 4.25, 'eps_next_year': 145.66, 'operating_margin': -17.669999999999998}",,Finviz via finvizfinance screener views,2026-09-10T23:30:26+02:00,2026-08-03,,38,NORMAL,
LIN,Linde Plc,finviz_prefilter,revenue_growth;eps_growth;eps_next_year,,price_min;market_cap_min;avg_volume_min;revenue_growth;eps_growth;eps_next_year;operating_margin;earnings_window,False,"{'revenue_growth_yoy': 9.35, 'eps_growth_yoy': 11.3, 'eps_next_year': 9.56, 'operating_margin': 27.1}",,Finviz via finvizfinance screener views,2026-09-10T23:30:26+02:00,2026-07-31,,41,NORMAL,
LINE,Lineage Inc,finviz_prefilter,revenue_growth;eps_growth;operating_margin,,price_min;market_cap_min;avg_volume_min;revenue_growth;eps_growth;eps_next_year;operating_margin;earnings_window,False,"{'revenue_growth_yoy': 0.8099999999999999, 'eps_growth_yoy': -385.5, 'eps_next_year': 17.79, 'operating_margin': 4.32}",,Finviz via finvizfinance screener views,2026-09-10T23:30:26+02:00,2026-08-05,,36,NORMAL,
LITE,Lumentum Holdings Inc,finviz_prefilter,eps_growth,,price_min;market_cap_min;avg_volume_min;revenue_growth;eps_growth;eps_next_year;operating_margin;earnings_window,False,"{'revenue_growth_yoy': 109.33999999999999, 'eps_growth_yoy': -2957.5099999999998, 'eps_next_year': 56.35, 'operating_margin': 17.89}",,Finviz via finvizfinance screener views,2026-09-10T23:30:26+02:00,2026-08-11,,30,NORMAL,"{'failed_gate': 'eps_growth', 'actual_value': -2957.5099999999998, 'applicable_threshold': 20.0, 'distance_to_threshold': 2977.5099999999998, 'distance_to_threshold_pct': 14887.55, 'formula': 'minimo: distance = threshold - actual; pct = distance / abs(threshold) * 100'}"
LKQ,LKQ Corp,finviz_prefilter,revenue_growth;eps_growth;operating_margin,,price_min;market_cap_min;avg_volume_min;revenue_growth;eps_growth;eps_next_year;operating_margin;earnings_window,False,"{'revenue_growth_yoy': -6.43, 'eps_growth_yoy': -27.63, 'eps_next_year': 15.2, 'operating_margin': 7.24}",,Finviz via finvizfinance screener views,2026-09-10T23:30:26+02:00,2026-07-30,,42,NORMAL,
LNT,Alliant Energy Corp,finviz_prefilter,revenue_growth;eps_growth;eps_next_year,,price_min;market_cap_min;avg_volume_min;revenue_growth;eps_growth;eps_next_year;operating_margin;earnings_window,False,"{'revenue_growth_yoy': 1.04, 'eps_growth_yoy': -3.64, 'eps_next_year': 7.4, 'operating_margin': 22.1}",,Finviz via finvizfinance screener views,2026-09-10T23:30:26+02:00,2026-07-30,,42,NORMAL,
LNTH,Lantheus Holdings Inc,finviz_prefilter,revenue_growth;eps_growth,,price_min;market_cap_min;avg_volume_min;revenue_growth;eps_growth;eps_next_year;operating_margin;earnings_window,False,"{'revenue_growth_yoy': 2.68, 'eps_growth_yoy': -0.79, 'eps_next_year': 18.84, 'operating_margin': 19.45}",,Finviz via finvizfinance screener views,2026-09-10T23:30:26+02:00,2026-08-06,,35,NORMAL,
LOGI,Logitech International SA,finviz_prefilter,revenue_growth;eps_next_year,,price_min;market_cap_min;avg_volume_min;revenue_growth;eps_growth;eps_next_year;operating_margin;earnings_window,False,"{'revenue_growth_yoy': 6.93, 'eps_growth_yoy': 65.89, 'eps_next_year': 7.57, 'operating_margin': 18.14}",,Finviz via finvizfinance screener views,2026-09-10T23:30:26+02:00,2026-07-28,,44,NORMAL,
LULU,Lululemon Athletica Inc,finviz_prefilter,revenue_growth;eps_growth;eps_next_year,,price_min;market_cap_min;avg_volume_min;revenue_growth;eps_growth;eps_next_year;operating_margin;earnings_window,False,"{'revenue_growth_yoy': -4.34, 'eps_growth_yoy': -5.92, 'eps_next_year': -11.34, 'operating_margin': 18.029999999999998}",,Finviz via finvizfinance screener views,2026-09-10T23:30:26+02:00,2026-09-03,,7,PEAD_WINDOW,
LYFT,Lyft Inc,finviz_prefilter,revenue_growth;operating_margin,,price_min;market_cap_min;avg_volume_min;revenue_growth;eps_growth;eps_next_year;operating_margin;earnings_window,False,"{'revenue_growth_yoy': 16.08, 'eps_growth_yoy': 36.620000000000005, 'eps_next_year': 78.64, 'operating_margin': -1.67}",,Finviz via finvizfinance screener views,2026-09-10T23:30:26+02:00,2026-08-06,,35,NORMAL,
MANH,Manhattan Associates Inc,finviz_prefilter,revenue_growth;eps_growth;eps_next_year,,price_min;market_cap_min;avg_volume_min;revenue_growth;eps_growth;eps_next_year;operating_margin;earnings_window,False,"{'revenue_growth_yoy': 9.31, 'eps_growth_yoy': -8.200000000000001, 'eps_next_year': 11.79, 'operating_margin': 25.06}",,Finviz via finvizfinance screener views,2026-09-10T23:30:26+02:00,2026-07-28,,44,NORMAL,
MAR,Marriott International Inc,finviz_prefilter,revenue_growth;eps_growth;eps_next_year,,price_min;market_cap_min;avg_volume_min;revenue_growth;eps_growth;eps_next_year;operating_margin;earnings_window,False,"{'revenue_growth_yoy': 4.8500000000000005, 'eps_growth_yoy': 4.26, 'eps_next_year': 11.84, 'operating_margin': 15.73}",,Finviz via finvizfinance screener views,2026-09-10T23:30:26+02:00,2026-08-03,,38,NORMAL,
MDB,MongoDB Inc,finviz_prefilter,operating_margin,,price_min;market_cap_min;avg_volume_min;revenue_growth;eps_growth;eps_next_year;operating_margin;earnings_window,False,"{'revenue_growth_yoy': 30.5, 'eps_growth_yoy': 186.04, 'eps_next_year': 19.33, 'operating_margin': -0.54}",,Finviz via finvizfinance screener views,2026-09-10T23:30:26+02:00,2026-09-01,,9,PEAD_WINDOW,"{'failed_gate': 'operating_margin', 'actual_value': -0.54, 'applicable_threshold': 8.0, 'distance_to_threshold': 8.54, 'distance_to_threshold_pct': 106.74999999999999, 'formula': 'minimo: distance = threshold - actual; pct = distance / abs(threshold) * 100'}"
MDLN,Medline Inc,finviz_prefilter,revenue_growth;eps_growth;eps_next_year;operating_margin,,price_min;market_cap_min;avg_volume_min;revenue_growth;eps_growth;eps_next_year;operating_margin;earnings_window,False,"{'revenue_growth_yoy': 11.600000000000001, 'eps_growth_yoy': -83.26, 'eps_next_year': 5.32, 'operating_margin': 6.5}",,Finviz via finvizfinance screener views,2026-09-10T23:30:26+02:00,2026-08-05,,36,NORMAL,
MDLZ,Mondelez International Inc,finviz_prefilter,revenue_growth;eps_next_year,,price_min;market_cap_min;avg_volume_min;revenue_growth;eps_growth;eps_next_year;operating_margin;earnings_window,False,"{'revenue_growth_yoy': 4.130000000000001, 'eps_growth_yoy': 143.73, 'eps_next_year': 10.26, 'operating_margin': 15.840000000000002}",,Finviz via finvizfinance screener views,2026-09-10T23:30:26+02:00,2026-07-28,,44,NORMAL,
MEOH,Methanex Corp,finviz_prefilter,eps_next_year,,price_min;market_cap_min;avg_volume_min;revenue_growth;eps_growth;eps_next_year;operating_margin;earnings_window,False,"{'revenue_growth_yoy': 75.17, 'eps_growth_yoy': 168.79999999999998, 'eps_next_year': -39.29, 'operating_margin': 17.37}",,Finviz via finvizfinance screener views,2026-09-10T23:30:26+02:00,2026-07-28,,44,NORMAL,"{'failed_gate': 'eps_next_year', 'actual_value': -39.29, 'applicable_threshold': 15.0, 'distance_to_threshold': 54.29, 'distance_to_threshold_pct': 361.9333333333333, 'formula': 'minimo: distance = threshold - actual; pct = distance / abs(threshold) * 100'}"
META,Meta Platforms Inc,finviz_prefilter,eps_growth;eps_next_year,,price_min;market_cap_min;avg_volume_min;revenue_growth;eps_growth;eps_next_year;operating_margin;earnings_window,False,"{'revenue_growth_yoy': 27.96, 'eps_growth_yoy': -13.44, 'eps_next_year': 7.58, 'operating_margin': 38.080000000000005}",,Finviz via finvizfinance screener views,2026-09-10T23:30:26+02:00,2026-07-29,,43,NORMAL,
MGNI,Magnite Inc,finviz_prefilter,revenue_growth,,price_min;market_cap_min;avg_volume_min;revenue_growth;eps_growth;eps_next_year;operating_margin;earnings_window,False,"{'revenue_growth_yoy': 11.24, 'eps_growth_yoy': 75.22999999999999, 'eps_next_year': 18.52, 'operating_margin': 15.65}",,Finviz via finvizfinance screener views,2026-09-10T23:30:26+02:00,2026-08-05,,36,NORMAL,"{'failed_gate': 'revenue_growth', 'actual_value': 11.24, 'applicable_threshold': 20.0, 'distance_to_threshold': 8.76, 'distance_to_threshold_pct': 43.8, 'formula': 'minimo: distance = threshold - actual; pct = distance / abs(threshold) * 100'}"
MIRM,Mirum Pharmaceuticals Inc,finviz_prefilter,eps_growth;operating_margin,,price_min;market_cap_min;avg_volume_min;revenue_growth;eps_growth;eps_next_year;operating_margin;earnings_window,False,"{'revenue_growth_yoy': 37.92, 'eps_growth_yoy': -799.75, 'eps_next_year': 94.97, 'operating_margin': -14.760000000000002}",,Finviz via finvizfinance screener views,2026-09-10T23:30:26+02:00,2026-08-05,,36,NORMAL,
MKTX,MarketAxess Holdings Inc,finviz_prefilter,revenue_growth;eps_growth;eps_next_year,,price_min;market_cap_min;avg_volume_min;revenue_growth;eps_growth;eps_next_year;operating_margin;earnings_window,False,"{'revenue_growth_yoy': -2.75, 'eps_growth_yoy': 1.31, 'eps_next_year': 9.03, 'operating_margin': 40.28}",,Finviz via finvizfinance screener views,2026-09-10T23:30:26+02:00,2026-07-30,,42,NORMAL,
MMED,MiniMed Group Inc,finviz_prefilter,revenue_growth;eps_next_year,operating_margin,price_min;market_cap_min;avg_volume_min;revenue_growth;eps_growth;eps_next_year;earnings_window,False,"{'revenue_growth_yoy': 16.439999999999998, 'eps_growth_yoy': 100.0, 'eps_next_year': -3.12, 'operating_margin': None}",,Finviz via finvizfinance screener views,2026-09-10T23:30:26+02:00,2026-09-01,,9,PEAD_WINDOW,
MMSI,Merit Medical Systems Inc,finviz_prefilter,revenue_growth;eps_growth;eps_next_year,,price_min;market_cap_min;avg_volume_min;revenue_growth;eps_growth;eps_next_year;operating_margin;earnings_window,False,"{'revenue_growth_yoy': 9.83, 'eps_growth_yoy': 20.3, 'eps_next_year': 7.19, 'operating_margin': 12.690000000000001}",,Finviz via finvizfinance screener views,2026-09-10T23:30:26+02:00,2026-07-30,,42,NORMAL,
MMYT,MakeMyTrip Ltd,finviz_prefilter,revenue_growth;eps_growth,,price_min;market_cap_min;avg_volume_min;revenue_growth;eps_growth;eps_next_year;operating_margin;earnings_window,False,"{'revenue_growth_yoy': 6.22, 'eps_growth_yoy': -61.53999999999999, 'eps_next_year': 97.7, 'operating_margin': 14.95}",,Finviz via finvizfinance screener views,2026-09-10T23:30:26+02:00,2026-08-03,,38,NORMAL,
MNDY,Monday.Com Ltd,finviz_prefilter,operating_margin,,price_min;market_cap_min;avg_volume_min;revenue_growth;eps_growth;eps_next_year;operating_margin;earnings_window,False,"{'revenue_growth_yoy': 21.94, 'eps_growth_yoy': 163.73, 'eps_next_year': 22.27, 'operating_margin': 2.9000000000000004}",,Finviz via finvizfinance screener views,2026-09-10T23:30:26+02:00,2026-08-10,,31,NORMAL,"{'failed_gate': 'operating_margin', 'actual_value': 2.9000000000000004, 'applicable_threshold': 8.0, 'distance_to_threshold': 5.1, 'distance_to_threshold_pct': 63.74999999999999, 'formula': 'minimo: distance = threshold - actual; pct = distance / abs(threshold) * 100'}"
MNST,Monster Beverage Corp,finviz_prefilter,eps_growth;eps_next_year,,price_min;market_cap_min;avg_volume_min;revenue_growth;eps_growth;eps_next_year;operating_margin;earnings_window,False,"{'revenue_growth_yoy': 20.169999999999998, 'eps_growth_yoy': 19.040000000000003, 'eps_next_year': 13.04, 'operating_margin': 29.160000000000004}",,Finviz via finvizfinance screener views,2026-09-10T23:30:26+02:00,2026-08-06,,35,NORMAL,
MRNA,Moderna Inc,finviz_prefilter,revenue_growth;eps_growth;operating_margin,,price_min;market_cap_min;avg_volume_min;revenue_growth;eps_growth;eps_next_year;operating_margin;earnings_window,False,"{'revenue_growth_yoy': 2.11, 'eps_growth_yoy': 7.6, 'eps_next_year': 42.39, 'operating_margin': -149.01}",,Finviz via finvizfinance screener views,2026-09-10T23:30:26+02:00,2026-07-31,,41,NORMAL,
MRX,Marex Group Ltd,finviz_prefilter,eps_next_year,,price_min;market_cap_min;avg_volume_min;revenue_growth;eps_growth;eps_next_year;operating_margin;earnings_window,False,"{'revenue_growth_yoy': 33.95, 'eps_growth_yoy': 105.96000000000001, 'eps_next_year': 11.99, 'operating_margin': 32.190000000000005}",,Finviz via finvizfinance screener views,2026-09-10T23:30:26+02:00,2026-08-12,,29,NORMAL,"{'failed_gate': 'eps_next_year', 'actual_value': 11.99, 'applicable_threshold': 15.0, 'distance_to_threshold': 3.01, 'distance_to_threshold_pct': 20.066666666666666, 'formula': 'minimo: distance = threshold - actual; pct = distance / abs(threshold) * 100'}"
MSFT,Microsoft Corp,finviz_prefilter,revenue_growth,,price_min;market_cap_min;avg_volume_min;revenue_growth;eps_growth;eps_next_year;operating_margin;earnings_window,False,"{'revenue_growth_yoy': 17.75, 'eps_growth_yoy': 31.65, 'eps_next_year': 19.03, 'operating_margin': 46.78}",,Finviz via finvizfinance screener views,2026-09-10T23:30:26+02:00,2026-07-29,,43,NORMAL,"{'failed_gate': 'revenue_growth', 'actual_value': 17.75, 'applicable_threshold': 20.0, 'distance_to_threshold': 2.25, 'distance_to_threshold_pct': 11.25, 'formula': 'minimo: distance = threshold - actual; pct = distance / abs(threshold) * 100'}"
MSTR,Strategy Inc,finviz_prefilter,revenue_growth;eps_growth;operating_margin,,price_min;market_cap_min;avg_volume_min;revenue_growth;eps_growth;eps_next_year;operating_margin;earnings_window,False,"{'revenue_growth_yoy': 6.88, 'eps_growth_yoy': -175.02, 'eps_next_year': 158.13, 'operating_margin': -8.129999999999999}",,Finviz via finvizfinance screener views,2026-09-10T23:30:26+02:00,2026-07-30,,42,NORMAL,
MTCH,Match Group Inc,finviz_prefilter,revenue_growth,,price_min;market_cap_min;avg_volume_min;revenue_growth;eps_growth;eps_next_year;operating_margin;earnings_window,False,"{'revenue_growth_yoy': -1.23, 'eps_growth_yoy': 43.47, 'eps_next_year': 16.0, 'operating_margin': 28.15}",,Finviz via finvizfinance screener views,2026-09-10T23:30:26+02:00,2026-08-04,,37,NORMAL,"{'failed_gate': 'revenue_growth', 'actual_value': -1.23, 'applicable_threshold': 20.0, 'distance_to_threshold': 21.23, 'distance_to_threshold_pct': 106.15, 'formula': 'minimo: distance = threshold - actual; pct = distance / abs(threshold) * 100'}"
MXL,MaxLinear Inc,finviz_prefilter,operating_margin,,price_min;market_cap_min;avg_volume_min;revenue_growth;eps_growth;eps_next_year;operating_margin;earnings_window,False,"{'revenue_growth_yoy': 55.169999999999995, 'eps_growth_yoy': 105.89999999999999, 'eps_next_year': 54.03, 'operating_margin': -11.600000000000001}",,Finviz via finvizfinance screener views,2026-09-10T23:30:26+02:00,2026-07-23,,49,NORMAL,"{'failed_gate': 'operating_margin', 'actual_value': -11.600000000000001, 'applicable_threshold': 8.0, 'distance_to_threshold': 19.6, 'distance_to_threshold_pct': 245.00000000000003, 'formula': 'minimo: distance = threshold - actual; pct = distance / abs(threshold) * 100'}"
NAMS,NewAmsterdam Pharma Company NV,finviz_prefilter,revenue_growth;eps_growth;operating_margin,,price_min;market_cap_min;avg_volume_min;revenue_growth;eps_growth;eps_next_year;operating_margin;earnings_window,False,"{'revenue_growth_yoy': -80.67, 'eps_growth_yoy': -254.88, 'eps_next_year': 17.44, 'operating_margin': -3432.2000000000003}",,Finviz via finvizfinance screener views,2026-09-10T23:30:26+02:00,2026-08-05,,36,NORMAL,
NAVN,Navan Inc,finviz_prefilter,eps_growth;operating_margin,,price_min;market_cap_min;avg_volume_min;revenue_growth;eps_growth;eps_next_year;operating_margin;earnings_window,False,"{'revenue_growth_yoy': 35.38, 'eps_growth_yoy': 26.99, 'eps_next_year': 52.45, 'operating_margin': -24.92}",,Finviz via finvizfinance screener views,2026-09-10T23:30:26+02:00,2026-09-09,,1,PEAD_WINDOW,
NBIS,Nebius Group NV,finviz_prefilter,eps_growth;eps_next_year;operating_margin,,price_min;market_cap_min;avg_volume_min;revenue_growth;eps_growth;eps_next_year;operating_margin;earnings_window,False,"{'revenue_growth_yoy': 454.04, 'eps_growth_yoy': -127.74000000000001, 'eps_next_year': -93.82, 'operating_margin': -49.34}",,Finviz via finvizfinance screener views,2026-09-10T23:30:26+02:00,2026-08-12,,29,NORMAL,
NCNO,Ncino Inc,finviz_prefilter,revenue_growth,,price_min;market_cap_min;avg_volume_min;revenue_growth;eps_growth;eps_next_year;operating_margin;earnings_window,False,"{'revenue_growth_yoy': 8.19, 'eps_growth_yoy': 136.4, 'eps_next_year': 19.97, 'operating_margin': 8.77}",,Finviz via finvizfinance screener views,2026-09-10T23:30:26+02:00,2026-08-25,,16,NORMAL,"{'failed_gate': 'revenue_growth', 'actual_value': 8.19, 'applicable_threshold': 20.0, 'distance_to_threshold': 11.81, 'distance_to_threshold_pct': 59.050000000000004, 'formula': 'minimo: distance = threshold - actual; pct = distance / abs(threshold) * 100'}"
NDAQ,Nasdaq Inc,finviz_prefilter,eps_growth;eps_next_year,,price_min;market_cap_min;avg_volume_min;revenue_growth;eps_growth;eps_next_year;operating_margin;earnings_window,False,"{'revenue_growth_yoy': 21.15, 'eps_growth_yoy': 14.38, 'eps_next_year': 13.24, 'operating_margin': 30.78}",,Finviz via finvizfinance screener views,2026-09-10T23:30:26+02:00,2026-07-23,,49,NORMAL,
NEO,Neogenomics Inc,finviz_prefilter,revenue_growth;operating_margin,,price_min;market_cap_min;avg_volume_min;revenue_growth;eps_growth;eps_next_year;operating_margin;earnings_window,False,"{'revenue_growth_yoy': 11.21, 'eps_growth_yoy': 104.85, 'eps_next_year': 85.08, 'operating_margin': -7.03}",,Finviz via finvizfinance screener views,2026-09-10T23:30:26+02:00,2026-07-28,,44,NORMAL,
NFLX,Netflix Inc,finviz_prefilter,revenue_growth;eps_growth;eps_next_year,,price_min;market_cap_min;avg_volume_min;revenue_growth;eps_growth;eps_next_year;operating_margin;earnings_window,False,"{'revenue_growth_yoy': 13.41, 'eps_growth_yoy': 11.06, 'eps_next_year': 5.98, 'operating_margin': 30.25}",,Finviz via finvizfinance screener views,2026-09-10T23:30:26+02:00,2026-07-16,,56,NORMAL,
NKTR,Nektar Therapeutics,finviz_prefilter,revenue_growth;eps_next_year;operating_margin,,price_min;market_cap_min;avg_volume_min;revenue_growth;eps_growth;eps_next_year;operating_margin;earnings_window,False,"{'revenue_growth_yoy': -9.34, 'eps_growth_yoy': 58.379999999999995, 'eps_next_year': -28.8, 'operating_margin': -239.32000000000002}",,Finviz via finvizfinance screener views,2026-09-10T23:30:26+02:00,2026-08-13,,28,NORMAL,
NRIX,Nurix Therapeutics Inc,finviz_prefilter,revenue_growth;eps_growth;operating_margin,,price_min;market_cap_min;avg_volume_min;revenue_growth;eps_growth;eps_next_year;operating_margin;earnings_window,False,"{'revenue_growth_yoy': -79.47, 'eps_growth_yoy': -55.54, 'eps_next_year': 27.03, 'operating_margin': -982.37}",,Finviz via finvizfinance screener views,2026-09-10T23:30:26+02:00,2026-07-09,,63,NORMAL,
NTAP,Netapp Inc,finviz_prefilter,eps_next_year,,price_min;market_cap_min;avg_volume_min;revenue_growth;eps_growth;eps_next_year;operating_margin;earnings_window,False,"{'revenue_growth_yoy': 30.12, 'eps_growth_yoy': 63.36000000000001, 'eps_next_year': 10.89, 'operating_margin': 26.040000000000003}",,Finviz via finvizfinance screener views,2026-09-10T23:30:26+02:00,2026-09-02,,8,PEAD_WINDOW,"{'failed_gate': 'eps_next_year', 'actual_value': 10.89, 'applicable_threshold': 15.0, 'distance_to_threshold': 4.109999999999999, 'distance_to_threshold_pct': 27.399999999999995, 'formula': 'minimo: distance = threshold - actual; pct = distance / abs(threshold) * 100'}"
NTNX,Nutanix Inc,finviz_prefilter,revenue_growth,,price_min;market_cap_min;avg_volume_min;revenue_growth;eps_growth;eps_next_year;operating_margin;earnings_window,False,"{'revenue_growth_yoy': 15.89, 'eps_growth_yoy': 3148.5, 'eps_next_year': 15.61, 'operating_margin': 10.82}",,Finviz via finvizfinance screener views,2026-09-10T23:30:26+02:00,2026-08-26,,15,PEAD_WINDOW,"{'failed_gate': 'revenue_growth', 'actual_value': 15.89, 'applicable_threshold': 20.0, 'distance_to_threshold': 4.109999999999999, 'distance_to_threshold_pct': 20.549999999999997, 'formula': 'minimo: distance = threshold - actual; pct = distance / abs(threshold) * 100'}"
NTRA,Natera Inc,finviz_prefilter,operating_margin,,price_min;market_cap_min;avg_volume_min;revenue_growth;eps_growth;eps_next_year;operating_margin;earnings_window,False,"{'revenue_growth_yoy': 37.71, 'eps_growth_yoy': 36.85, 'eps_next_year': 90.04, 'operating_margin': -10.56}",,Finviz via finvizfinance screener views,2026-09-10T23:30:26+02:00,2026-08-06,,35,NORMAL,"{'failed_gate': 'operating_margin', 'actual_value': -10.56, 'applicable_threshold': 8.0, 'distance_to_threshold': 18.560000000000002, 'distance_to_threshold_pct': 232.00000000000003, 'formula': 'minimo: distance = threshold - actual; pct = distance / abs(threshold) * 100'}"
NTRS,Northern Trust Corp,finviz_prefilter,revenue_growth;eps_next_year,,price_min;market_cap_min;avg_volume_min;revenue_growth;eps_growth;eps_next_year;operating_margin;earnings_window,False,"{'revenue_growth_yoy': 17.18, 'eps_growth_yoy': 98.21, 'eps_next_year': 9.37, 'operating_margin': 13.389999999999999}",,Finviz via finvizfinance screener views,2026-09-10T23:30:26+02:00,2026-07-22,,50,NORMAL,
NTSK,Netskope Inc,finviz_prefilter,eps_growth;operating_margin,,price_min;market_cap_min;avg_volume_min;revenue_growth;eps_growth;eps_next_year;operating_margin;earnings_window,False,"{'revenue_growth_yoy': 29.15, 'eps_growth_yoy': -15.790000000000001, 'eps_next_year': 128.55, 'operating_margin': -94.66}",,Finviz via finvizfinance screener views,2026-09-10T23:30:26+02:00,2026-09-02,,8,PEAD_WINDOW,
NWBI,Northwest Bancshares Inc,finviz_prefilter,revenue_growth;eps_next_year,,price_min;market_cap_min;avg_volume_min;revenue_growth;eps_growth;eps_next_year;operating_margin;earnings_window,False,"{'revenue_growth_yoy': 18.310000000000002, 'eps_growth_yoy': 38.519999999999996, 'eps_next_year': 2.93, 'operating_margin': 25.03}",,Finviz via finvizfinance screener views,2026-09-10T23:30:26+02:00,2026-07-27,,45,NORMAL,
NWS,News Corp,finviz_prefilter,revenue_growth,,price_min;market_cap_min;avg_volume_min;revenue_growth;eps_growth;eps_next_year;operating_margin;earnings_window,False,"{'revenue_growth_yoy': 10.81, 'eps_growth_yoy': 586.5300000000001, 'eps_next_year': 16.36, 'operating_margin': 12.64}",,Finviz via finvizfinance screener views,2026-09-10T23:30:26+02:00,2026-08-05,,36,NORMAL,"{'failed_gate': 'revenue_growth', 'actual_value': 10.81, 'applicable_threshold': 20.0, 'distance_to_threshold': 9.19, 'distance_to_threshold_pct': 45.949999999999996, 'formula': 'minimo: distance = threshold - actual; pct = distance / abs(threshold) * 100'}"
NWSA,News Corp,finviz_prefilter,revenue_growth,,price_min;market_cap_min;avg_volume_min;revenue_growth;eps_growth;eps_next_year;operating_margin;earnings_window,False,"{'revenue_growth_yoy': 10.81, 'eps_growth_yoy': 586.5300000000001, 'eps_next_year': 16.36, 'operating_margin': 12.64}",,Finviz via finvizfinance screener views,2026-09-10T23:30:26+02:00,2026-08-05,,36,NORMAL,"{'failed_gate': 'revenue_growth', 'actual_value': 10.81, 'applicable_threshold': 20.0, 'distance_to_threshold': 9.19, 'distance_to_threshold_pct': 45.949999999999996, 'formula': 'minimo: distance = threshold - actual; pct = distance / abs(threshold) * 100'}"
NXPI,NXP Semiconductors NV,finviz_prefilter,revenue_growth,,price_min;market_cap_min;avg_volume_min;revenue_growth;eps_growth;eps_next_year;operating_margin;earnings_window,False,"{'revenue_growth_yoy': 19.48, 'eps_growth_yoy': 72.23, 'eps_next_year': 20.53, 'operating_margin': 28.7}",,Finviz via finvizfinance screener views,2026-09-10T23:30:26+02:00,2026-07-28,,44,NORMAL,"{'failed_gate': 'revenue_growth', 'actual_value': 19.48, 'applicable_threshold': 20.0, 'distance_to_threshold': 0.5199999999999996, 'distance_to_threshold_pct': 2.599999999999998, 'formula': 'minimo: distance = threshold - actual; pct = distance / abs(threshold) * 100'}"
NXT,Nextpower Inc,finviz_prefilter,revenue_growth;eps_growth,,price_min;market_cap_min;avg_volume_min;revenue_growth;eps_growth;eps_next_year;operating_margin;earnings_window,False,"{'revenue_growth_yoy': 8.21, 'eps_growth_yoy': 2.32, 'eps_next_year': 22.18, 'operating_margin': 19.7}",,Finviz via finvizfinance screener views,2026-09-10T23:30:26+02:00,2026-07-30,,42,NORMAL,
OCTV,Octave Intelligence Plc,finviz_prefilter,eps_next_year,revenue_growth;eps_growth;operating_margin,price_min;market_cap_min;avg_volume_min;eps_next_year;earnings_window,False,"{'revenue_growth_yoy': None, 'eps_growth_yoy': None, 'eps_next_year': 2.66, 'operating_margin': None}",,Finviz via finvizfinance screener views,2026-09-10T23:30:26+02:00,2026-08-12,,29,NORMAL,"{'failed_gate': 'eps_next_year', 'actual_value': 2.66, 'applicable_threshold': 15.0, 'distance_to_threshold': 12.34, 'distance_to_threshold_pct': 82.26666666666667, 'formula': 'minimo: distance = threshold - actual; pct = distance / abs(threshold) * 100'}"
ODFL,Old Dominion Freight Line Inc,finviz_prefilter,revenue_growth;eps_next_year,,price_min;market_cap_min;avg_volume_min;revenue_growth;eps_growth;eps_next_year;operating_margin;earnings_window,False,"{'revenue_growth_yoy': 10.39, 'eps_growth_yoy': 32.68, 'eps_next_year': 14.21, 'operating_margin': 25.990000000000002}",,Finviz via finvizfinance screener views,2026-09-10T23:30:26+02:00,2026-07-29,,43,NORMAL,
OKTA,Okta Inc,finviz_prefilter,revenue_growth;eps_next_year;operating_margin,,price_min;market_cap_min;avg_volume_min;revenue_growth;eps_growth;eps_next_year;operating_margin;earnings_window,False,"{'revenue_growth_yoy': 10.58, 'eps_growth_yoy': 75.22999999999999, 'eps_next_year': 10.6, 'operating_margin': 7.68}",,Finviz via finvizfinance screener views,2026-09-10T23:30:26+02:00,2026-08-26,,15,PEAD_WINDOW,
OLLI,Ollies Bargain Outlet Holdings Inc,finviz_prefilter,revenue_growth;eps_next_year,,price_min;market_cap_min;avg_volume_min;revenue_growth;eps_growth;eps_next_year;operating_margin;earnings_window,False,"{'revenue_growth_yoy': 9.09, 'eps_growth_yoy': 42.99, 'eps_next_year': 7.26, 'operating_margin': 13.03}",,Finviz via finvizfinance screener views,2026-09-10T23:30:26+02:00,2026-09-02,,8,PEAD_WINDOW,
ON,ON Semiconductor Corp,finviz_prefilter,revenue_growth,,price_min;market_cap_min;avg_volume_min;revenue_growth;eps_growth;eps_next_year;operating_margin;earnings_window,False,"{'revenue_growth_yoy': 9.180000000000001, 'eps_growth_yoy': 36.51, 'eps_next_year': 40.62, 'operating_margin': 18.16}",,Finviz via finvizfinance screener views,2026-09-10T23:30:26+02:00,2026-08-03,,38,NORMAL,"{'failed_gate': 'revenue_growth', 'actual_value': 9.180000000000001, 'applicable_threshold': 20.0, 'distance_to_threshold': 10.819999999999999, 'distance_to_threshold_pct': 54.099999999999994, 'formula': 'minimo: distance = threshold - actual; pct = distance / abs(threshold) * 100'}"
ONB,Old National Bancorp,finviz_prefilter,revenue_growth;eps_next_year,,price_min;market_cap_min;avg_volume_min;revenue_growth;eps_growth;eps_next_year;operating_margin;earnings_window,False,"{'revenue_growth_yoy': 9.55, 'eps_growth_yoy': 93.78, 'eps_next_year': 10.92, 'operating_margin': 30.14}",,Finviz via finvizfinance screener views,2026-09-10T23:30:26+02:00,2026-07-22,,50,NORMAL,
OPCH,Option Care Health Inc,finviz_prefilter,revenue_growth;eps_growth;eps_next_year;operating_margin,,price_min;market_cap_min;avg_volume_min;revenue_growth;eps_growth;eps_next_year;operating_margin;earnings_window,False,"{'revenue_growth_yoy': 1.8599999999999999, 'eps_growth_yoy': 14.13, 'eps_next_year': 10.83, 'operating_margin': 5.86}",,Finviz via finvizfinance screener views,2026-09-10T23:30:26+02:00,2026-07-29,,43,NORMAL,
ORLY,O'Reilly Automotive Inc,finviz_prefilter,revenue_growth;eps_growth;eps_next_year,,price_min;market_cap_min;avg_volume_min;revenue_growth;eps_growth;eps_next_year;operating_margin;earnings_window,False,"{'revenue_growth_yoy': 8.110000000000001, 'eps_growth_yoy': 10.77, 'eps_next_year': 11.31, 'operating_margin': 19.56}",,Finviz via finvizfinance screener views,2026-09-10T23:30:26+02:00,2026-07-29,,43,NORMAL,
OSW,OneSpaWorld Holdings Limited,finviz_prefilter,revenue_growth;eps_growth;eps_next_year,,price_min;market_cap_min;avg_volume_min;revenue_growth;eps_growth;eps_next_year;operating_margin;earnings_window,False,"{'revenue_growth_yoy': 8.52, 'eps_growth_yoy': 17.72, 'eps_next_year': 13.49, 'operating_margin': 9.5}",,Finviz via finvizfinance screener views,2026-09-10T23:30:26+02:00,2026-07-29,,43,NORMAL,
OTEX,Open Text Corp,finviz_prefilter,revenue_growth;eps_next_year,,price_min;market_cap_min;avg_volume_min;revenue_growth;eps_growth;eps_next_year;operating_margin;earnings_window,False,"{'revenue_growth_yoy': 2.94, 'eps_growth_yoy': 473.37, 'eps_next_year': 7.84, 'operating_margin': 23.169999999999998}",,Finviz via finvizfinance screener views,2026-09-10T23:30:26+02:00,2026-08-06,,35,NORMAL,
OUST,Ouster Inc,finviz_prefilter,operating_margin,,price_min;market_cap_min;avg_volume_min;revenue_growth;eps_growth;eps_next_year;operating_margin;earnings_window,False,"{'revenue_growth_yoy': 55.86, 'eps_growth_yoy': 27.46, 'eps_next_year': 102.63, 'operating_margin': -34.410000000000004}",,Finviz via finvizfinance screener views,2026-09-10T23:30:26+02:00,2026-08-06,,35,NORMAL,"{'failed_gate': 'operating_margin', 'actual_value': -34.410000000000004, 'applicable_threshold': 8.0, 'distance_to_threshold': 42.410000000000004, 'distance_to_threshold_pct': 530.125, 'formula': 'minimo: distance = threshold - actual; pct = distance / abs(threshold) * 100'}"
OZK,Bank OZK,finviz_prefilter,revenue_growth;eps_growth;eps_next_year,,price_min;market_cap_min;avg_volume_min;revenue_growth;eps_growth;eps_next_year;operating_margin;earnings_window,False,"{'revenue_growth_yoy': -3.82, 'eps_growth_yoy': -5.72, 'eps_next_year': 4.17, 'operating_margin': 32.35}",,Finviz via finvizfinance screener views,2026-09-10T23:30:26+02:00,2026-07-21,,51,NORMAL,
PAA,Plains All American Pipeline LP,finviz_prefilter,eps_next_year;operating_margin,,price_min;market_cap_min;avg_volume_min;revenue_growth;eps_growth;eps_next_year;operating_margin;earnings_window,False,"{'revenue_growth_yoy': 65.47, 'eps_growth_yoy': 981.11, 'eps_next_year': 8.77, 'operating_margin': 2.78}",,Finviz via finvizfinance screener views,2026-09-10T23:30:26+02:00,2026-08-07,,34,NORMAL,
PAGP,Plains GP Holdings LP,finviz_prefilter,eps_next_year;operating_margin,,price_min;market_cap_min;avg_volume_min;revenue_growth;eps_growth;eps_next_year;operating_margin;earnings_window,False,"{'revenue_growth_yoy': 65.47, 'eps_growth_yoy': 1196.77, 'eps_next_year': -19.56, 'operating_margin': 2.83}",,Finviz via finvizfinance screener views,2026-09-10T23:30:26+02:00,2026-08-07,,34,NORMAL,
PANW,Palo Alto Networks Inc,finviz_prefilter,eps_growth;operating_margin,,price_min;market_cap_min;avg_volume_min;revenue_growth;eps_growth;eps_next_year;operating_margin;earnings_window,False,"{'revenue_growth_yoy': 34.449999999999996, 'eps_growth_yoy': -197.77, 'eps_next_year': 16.41, 'operating_margin': 5.96}",,Finviz via finvizfinance screener views,2026-09-10T23:30:26+02:00,2026-09-01,,9,PEAD_WINDOW,
PAYX,Paychex Inc,finviz_prefilter,revenue_growth;eps_next_year,,price_min;market_cap_min;avg_volume_min;revenue_growth;eps_growth;eps_next_year;operating_margin;earnings_window,False,"{'revenue_growth_yoy': 12.49, 'eps_growth_yoy': 43.14, 'eps_next_year': 7.58, 'operating_margin': 45.08}",,Finviz via finvizfinance screener views,2026-09-10T23:30:26+02:00,2026-09-23,13,,NORMAL,
PCAR,Paccar Inc,finviz_prefilter,revenue_growth;eps_growth,,price_min;market_cap_min;avg_volume_min;revenue_growth;eps_growth;eps_next_year;operating_margin;earnings_window,False,"{'revenue_growth_yoy': 0.5499999999999999, 'eps_growth_yoy': 3.7199999999999998, 'eps_next_year': 21.57, 'operating_margin': 10.37}",,Finviz via finvizfinance screener views,2026-09-10T23:30:26+02:00,2026-07-28,,44,NORMAL,
PCTY,Paylocity Holding Corp,finviz_prefilter,revenue_growth;eps_growth;eps_next_year,,price_min;market_cap_min;avg_volume_min;revenue_growth;eps_growth;eps_next_year;operating_margin;earnings_window,False,"{'revenue_growth_yoy': 10.979999999999999, 'eps_growth_yoy': 29.34, 'eps_next_year': 9.69, 'operating_margin': 22.14}",,Finviz via finvizfinance screener views,2026-09-10T23:30:26+02:00,2026-08-04,,37,NORMAL,
PECO,Phillips Edison & Company Inc,finviz_prefilter,revenue_growth;eps_next_year,,price_min;market_cap_min;avg_volume_min;revenue_growth;eps_growth;eps_next_year;operating_margin;earnings_window,False,"{'revenue_growth_yoy': 6.550000000000001, 'eps_growth_yoy': 253.37, 'eps_next_year': -3.84, 'operating_margin': 28.910000000000004}",,Finviz via finvizfinance screener views,2026-09-10T23:30:26+02:00,2026-07-23,,49,NORMAL,
PEGA,Pegasystems Inc,finviz_prefilter,revenue_growth;eps_growth;eps_next_year,,price_min;market_cap_min;avg_volume_min;revenue_growth;eps_growth;eps_next_year;operating_margin;earnings_window,False,"{'revenue_growth_yoy': 9.42, 'eps_growth_yoy': -53.0, 'eps_next_year': 7.83, 'operating_margin': 11.32}",,Finviz via finvizfinance screener views,2026-09-10T23:30:26+02:00,2026-07-21,,51,NORMAL,
PENN,PENN Entertainment Inc,finviz_prefilter,revenue_growth;operating_margin,,price_min;market_cap_min;avg_volume_min;revenue_growth;eps_growth;eps_next_year;operating_margin;earnings_window,False,"{'revenue_growth_yoy': 5.24, 'eps_growth_yoy': 308.56, 'eps_next_year': 71.69, 'operating_margin': 6.03}",,Finviz via finvizfinance screener views,2026-09-10T23:30:26+02:00,2026-08-06,,35,NORMAL,
PEP,PepsiCo Inc,finviz_prefilter,revenue_growth;eps_next_year,,price_min;market_cap_min;avg_volume_min;revenue_growth;eps_growth;eps_next_year;operating_margin;earnings_window,False,"{'revenue_growth_yoy': 6.41, 'eps_growth_yoy': 136.71, 'eps_next_year': 4.77, 'operating_margin': 15.55}",,Finviz via finvizfinance screener views,2026-09-10T23:30:26+02:00,2026-07-09,,63,NORMAL,
PFG,Principal Financial Group Inc,finviz_prefilter,revenue_growth;eps_growth;eps_next_year,,price_min;market_cap_min;avg_volume_min;revenue_growth;eps_growth;eps_next_year;operating_margin;earnings_window,False,"{'revenue_growth_yoy': 6.39, 'eps_growth_yoy': 2.85, 'eps_next_year': 8.56, 'operating_margin': 11.87}",,Finviz via finvizfinance screener views,2026-09-10T23:30:26+02:00,2026-07-27,,45,NORMAL,
PGNY,Progyny Inc,finviz_prefilter,revenue_growth,,price_min;market_cap_min;avg_volume_min;revenue_growth;eps_growth;eps_next_year;operating_margin;earnings_window,False,"{'revenue_growth_yoy': 5.3, 'eps_growth_yoy': 78.89, 'eps_next_year': 18.19, 'operating_margin': 8.55}",,Finviz via finvizfinance screener views,2026-09-10T23:30:26+02:00,2026-08-06,,35,NORMAL,"{'failed_gate': 'revenue_growth', 'actual_value': 5.3, 'applicable_threshold': 20.0, 'distance_to_threshold': 14.7, 'distance_to_threshold_pct': 73.5, 'formula': 'minimo: distance = threshold - actual; pct = distance / abs(threshold) * 100'}"
POOL,Pool Corp,finviz_prefilter,revenue_growth;eps_growth;eps_next_year,,price_min;market_cap_min;avg_volume_min;revenue_growth;eps_growth;eps_next_year;operating_margin;earnings_window,False,"{'revenue_growth_yoy': 2.15, 'eps_growth_yoy': 0.13999999999999999, 'eps_next_year': 7.64, 'operating_margin': 10.76}",,Finviz via finvizfinance screener views,2026-09-10T23:30:26+02:00,2026-07-23,,49,NORMAL,
POWI,Power Integrations Inc,finviz_prefilter,revenue_growth;operating_margin,,price_min;market_cap_min;avg_volume_min;revenue_growth;eps_growth;eps_next_year;operating_margin;earnings_window,False,"{'revenue_growth_yoy': 2.6599999999999997, 'eps_growth_yoy': 613.5799999999999, 'eps_next_year': 32.86, 'operating_margin': 7.93}",,Finviz via finvizfinance screener views,2026-09-10T23:30:26+02:00,2026-08-05,,36,NORMAL,
PPC,Pilgrim's Pride Corp,finviz_prefilter,revenue_growth;eps_growth;operating_margin,,price_min;market_cap_min;avg_volume_min;revenue_growth;eps_growth;eps_next_year;operating_margin;earnings_window,False,"{'revenue_growth_yoy': -2.83, 'eps_growth_yoy': -96.24000000000001, 'eps_next_year': 19.37, 'operating_margin': 6.419999999999999}",,Finviz via finvizfinance screener views,2026-09-10T23:30:26+02:00,2026-07-29,,43,NORMAL,
PPLI,People Inc,finviz_prefilter,revenue_growth;eps_next_year;operating_margin,,price_min;market_cap_min;avg_volume_min;revenue_growth;eps_growth;eps_next_year;operating_margin;earnings_window,False,"{'revenue_growth_yoy': -25.590000000000003, 'eps_growth_yoy': 160.9, 'eps_next_year': -79.23, 'operating_margin': 0.9199999999999999}",,Finviz via finvizfinance screener views,2026-09-10T23:30:26+02:00,2026-08-03,,38,NORMAL,
PRVA,Privia Health Group Inc,finviz_prefilter,operating_margin,,price_min;market_cap_min;avg_volume_min;revenue_growth;eps_growth;eps_next_year;operating_margin;earnings_window,False,"{'revenue_growth_yoy': 21.39, 'eps_growth_yoy': 228.23000000000002, 'eps_next_year': 61.99, 'operating_margin': 1.9}",,Finviz via finvizfinance screener views,2026-09-10T23:30:26+02:00,2026-08-06,,35,NORMAL,"{'failed_gate': 'operating_margin', 'actual_value': 1.9, 'applicable_threshold': 8.0, 'distance_to_threshold': 6.1, 'distance_to_threshold_pct': 76.25, 'formula': 'minimo: distance = threshold - actual; pct = distance / abs(threshold) * 100'}"
PTC,PTC Inc,finviz_prefilter,revenue_growth;eps_growth;eps_next_year,,price_min;market_cap_min;avg_volume_min;revenue_growth;eps_growth;eps_next_year;operating_margin;earnings_window,False,"{'revenue_growth_yoy': -6.819999999999999, 'eps_growth_yoy': -11.940000000000001, 'eps_next_year': 8.77, 'operating_margin': 39.78}",,Finviz via finvizfinance screener views,2026-09-10T23:30:26+02:00,2026-07-29,,43,NORMAL,
PTRN,Pattern Group Inc,finviz_prefilter,operating_margin,,price_min;market_cap_min;avg_volume_min;revenue_growth;eps_growth;eps_next_year;operating_margin;earnings_window,False,"{'revenue_growth_yoy': 46.58, 'eps_growth_yoy': 62.529999999999994, 'eps_next_year': 25.35, 'operating_margin': 1.3599999999999999}",,Finviz via finvizfinance screener views,2026-09-10T23:30:26+02:00,2026-08-05,,36,NORMAL,"{'failed_gate': 'operating_margin', 'actual_value': 1.3599999999999999, 'applicable_threshold': 8.0, 'distance_to_threshold': 6.640000000000001, 'distance_to_threshold_pct': 83.0, 'formula': 'minimo: distance = threshold - actual; pct = distance / abs(threshold) * 100'}"
PYPL,PayPal Holdings Inc,finviz_prefilter,revenue_growth;eps_growth;eps_next_year,,price_min;market_cap_min;avg_volume_min;revenue_growth;eps_growth;eps_next_year;operating_margin;earnings_window,False,"{'revenue_growth_yoy': 3.8, 'eps_growth_yoy': -3.02, 'eps_next_year': 7.51, 'operating_margin': 18.94}",,Finviz via finvizfinance screener views,2026-09-10T23:30:26+02:00,2026-07-28,,44,NORMAL,
QBTS,D-Wave Quantum Inc,finviz_prefilter,revenue_growth;eps_next_year;operating_margin,,price_min;market_cap_min;avg_volume_min;revenue_growth;eps_growth;eps_next_year;operating_margin;earnings_window,False,"{'revenue_growth_yoy': -0.61, 'eps_growth_yoy': 76.6, 'eps_next_year': -27.05, 'operating_margin': -1372.8799999999999}",,Finviz via finvizfinance screener views,2026-09-10T23:30:26+02:00,2026-08-06,,35,NORMAL,
QCOM,Qualcomm Inc,finviz_prefilter,revenue_growth;eps_growth;eps_next_year,,price_min;market_cap_min;avg_volume_min;revenue_growth;eps_growth;eps_next_year;operating_margin;earnings_window,False,"{'revenue_growth_yoy': -4.03, 'eps_growth_yoy': -22.8, 'eps_next_year': -3.59, 'operating_margin': 23.5}",,Finviz via finvizfinance screener views,2026-09-10T23:30:26+02:00,2026-07-29,,43,NORMAL,
QLYS,Qualys Inc,finviz_prefilter,revenue_growth;eps_growth;eps_next_year,,price_min;market_cap_min;avg_volume_min;revenue_growth;eps_growth;eps_next_year;operating_margin;earnings_window,False,"{'revenue_growth_yoy': 11.92, 'eps_growth_yoy': 15.53, 'eps_next_year': 8.23, 'operating_margin': 35.04}",,Finviz via finvizfinance screener views,2026-09-10T23:30:26+02:00,2026-08-04,,37,NORMAL,
QRVO,Qorvo Inc,finviz_prefilter,revenue_growth;eps_next_year,,price_min;market_cap_min;avg_volume_min;revenue_growth;eps_growth;eps_next_year;operating_margin;earnings_window,False,"{'revenue_growth_yoy': -4.15, 'eps_growth_yoy': 251.85, 'eps_next_year': 5.04, 'operating_margin': 18.17}",,Finviz via finvizfinance screener views,2026-09-10T23:30:26+02:00,2026-07-28,,44,NORMAL,
QURE,uniQure NV,finviz_prefilter,revenue_growth;eps_growth;operating_margin,,price_min;market_cap_min;avg_volume_min;revenue_growth;eps_growth;eps_next_year;operating_margin;earnings_window,False,"{'revenue_growth_yoy': 11.0, 'eps_growth_yoy': -77.81, 'eps_next_year': 22.22, 'operating_margin': -1093.18}",,Finviz via finvizfinance screener views,2026-09-10T23:30:26+02:00,2026-07-29,,43,NORMAL,
RDNT,Radnet Inc,finviz_prefilter,eps_growth;operating_margin,,price_min;market_cap_min;avg_volume_min;revenue_growth;eps_growth;eps_next_year;operating_margin;earnings_window,False,"{'revenue_growth_yoy': 24.990000000000002, 'eps_growth_yoy': -50.05, 'eps_next_year': 72.41, 'operating_margin': 4.63}",,Finviz via finvizfinance screener views,2026-09-10T23:30:26+02:00,2026-08-09,,32,NORMAL,
REG,Regency Centers Corp,finviz_prefilter,revenue_growth;eps_growth;eps_next_year,,price_min;market_cap_min;avg_volume_min;revenue_growth;eps_growth;eps_next_year;operating_margin;earnings_window,False,"{'revenue_growth_yoy': 8.6, 'eps_growth_yoy': 8.67, 'eps_next_year': 1.76, 'operating_margin': 37.269999999999996}",,Finviz via finvizfinance screener views,2026-09-10T23:30:26+02:00,2026-07-29,,43,NORMAL,
REGN,Regeneron Pharmaceuticals Inc,finviz_prefilter,revenue_growth;eps_growth;eps_next_year,,price_min;market_cap_min;avg_volume_min;revenue_growth;eps_growth;eps_next_year;operating_margin;earnings_window,False,"{'revenue_growth_yoy': 16.73, 'eps_growth_yoy': -4.52, 'eps_next_year': 12.11, 'operating_margin': 26.87}",,Finviz via finvizfinance screener views,2026-09-10T23:30:26+02:00,2026-07-30,,42,NORMAL,
RELY,Remitly Global Inc,finviz_prefilter,eps_next_year,,price_min;market_cap_min;avg_volume_min;revenue_growth;eps_growth;eps_next_year;operating_margin;earnings_window,False,"{'revenue_growth_yoy': 20.23, 'eps_growth_yoy': 3025.84, 'eps_next_year': -23.43, 'operating_margin': 10.36}",,Finviz via finvizfinance screener views,2026-09-10T23:30:26+02:00,2026-08-05,,36,NORMAL,"{'failed_gate': 'eps_next_year', 'actual_value': -23.43, 'applicable_threshold': 15.0, 'distance_to_threshold': 38.43, 'distance_to_threshold_pct': 256.2, 'formula': 'minimo: distance = threshold - actual; pct = distance / abs(threshold) * 100'}"
REYN,Reynolds Consumer Products Inc,finviz_prefilter,revenue_growth;eps_growth;eps_next_year,,price_min;market_cap_min;avg_volume_min;revenue_growth;eps_growth;eps_next_year;operating_margin;earnings_window,False,"{'revenue_growth_yoy': 0.64, 'eps_growth_yoy': 21.0, 'eps_next_year': 4.22, 'operating_margin': 14.13}",,Finviz via finvizfinance screener views,2026-09-10T23:30:26+02:00,2026-07-29,,43,NORMAL,
RGEN,Repligen Corp,finviz_prefilter,revenue_growth;eps_growth,,price_min;market_cap_min;avg_volume_min;revenue_growth;eps_growth;eps_next_year;operating_margin;earnings_window,False,"{'revenue_growth_yoy': 11.93, 'eps_growth_yoy': -66.4, 'eps_next_year': 27.85, 'operating_margin': 9.030000000000001}",,Finviz via finvizfinance screener views,2026-09-10T23:30:26+02:00,2026-07-28,,44,NORMAL,
RGTI,Rigetti Computing Inc,finviz_prefilter,eps_growth;eps_next_year;operating_margin,,price_min;market_cap_min;avg_volume_min;revenue_growth;eps_growth;eps_next_year;operating_margin;earnings_window,False,"{'revenue_growth_yoy': 185.29, 'eps_growth_yoy': -18.72, 'eps_next_year': -3.38, 'operating_margin': -727.62}",,Finviz via finvizfinance screener views,2026-09-10T23:30:26+02:00,2026-08-06,,35,NORMAL,
RIOT,Riot Platforms Inc,finviz_prefilter,revenue_growth;eps_growth;operating_margin,,price_min;market_cap_min;avg_volume_min;revenue_growth;eps_growth;eps_next_year;operating_margin;earnings_window,False,"{'revenue_growth_yoy': 13.889999999999999, 'eps_growth_yoy': -217.77, 'eps_next_year': 55.34, 'operating_margin': -74.16}",,Finviz via finvizfinance screener views,2026-09-10T23:30:26+02:00,2026-08-10,,31,NORMAL,
RIVN,Rivian Automotive Inc,finviz_prefilter,operating_margin,,price_min;market_cap_min;avg_volume_min;revenue_growth;eps_growth;eps_next_year;operating_margin;earnings_window,False,"{'revenue_growth_yoy': 27.24, 'eps_growth_yoy': 34.99, 'eps_next_year': 17.59, 'operating_margin': -60.050000000000004}",,Finviz via finvizfinance screener views,2026-09-10T23:30:26+02:00,2026-07-30,,42,NORMAL,"{'failed_gate': 'operating_margin', 'actual_value': -60.050000000000004, 'applicable_threshold': 8.0, 'distance_to_threshold': 68.05000000000001, 'distance_to_threshold_pct': 850.6250000000001, 'formula': 'minimo: distance = threshold - actual; pct = distance / abs(threshold) * 100'}"
RKLB,Rocket Lab Corp,finviz_prefilter,operating_margin,,price_min;market_cap_min;avg_volume_min;revenue_growth;eps_growth;eps_next_year;operating_margin;earnings_window,False,"{'revenue_growth_yoy': 61.99, 'eps_growth_yoy': 39.33, 'eps_next_year': 85.4, 'operating_margin': -29.060000000000002}",,Finviz via finvizfinance screener views,2026-09-10T23:30:26+02:00,2026-08-10,,31,NORMAL,"{'failed_gate': 'operating_margin', 'actual_value': -29.060000000000002, 'applicable_threshold': 8.0, 'distance_to_threshold': 37.06, 'distance_to_threshold_pct': 463.25, 'formula': 'minimo: distance = threshold - actual; pct = distance / abs(threshold) * 100'}"
RLAY,Relay Therapeutics Inc,finviz_prefilter,revenue_growth;eps_growth;eps_next_year;operating_margin,,price_min;market_cap_min;avg_volume_min;revenue_growth;eps_growth;eps_next_year;operating_margin;earnings_window,False,"{'revenue_growth_yoy': -48.3, 'eps_growth_yoy': -0.44, 'eps_next_year': -0.73, 'operating_margin': -2999.37}",,Finviz via finvizfinance screener views,2026-09-10T23:30:26+02:00,2026-08-06,,35,NORMAL,
RMBS,Rambus Inc,finviz_prefilter,eps_growth,,price_min;market_cap_min;avg_volume_min;revenue_growth;eps_growth;eps_next_year;operating_margin;earnings_window,False,"{'revenue_growth_yoy': 20.43, 'eps_growth_yoy': 15.129999999999999, 'eps_next_year': 24.69, 'operating_margin': 35.949999999999996}",,Finviz via finvizfinance screener views,2026-09-10T23:30:26+02:00,2026-07-27,,45,NORMAL,"{'failed_gate': 'eps_growth', 'actual_value': 15.129999999999999, 'applicable_threshold': 30.0, 'distance_to_threshold': 14.870000000000001, 'distance_to_threshold_pct': 49.56666666666667, 'formula': 'minimo: distance = threshold - actual; pct = distance / abs(threshold) * 100'}"
ROIV,Roivant Sciences Ltd,finviz_prefilter,revenue_growth;eps_growth;eps_next_year;operating_margin,,price_min;market_cap_min;avg_volume_min;revenue_growth;eps_growth;eps_next_year;operating_margin;earnings_window,False,"{'revenue_growth_yoy': -33.550000000000004, 'eps_growth_yoy': 19.77, 'eps_next_year': 4.96, 'operating_margin': -18146.12}",,Finviz via finvizfinance screener views,2026-09-10T23:30:26+02:00,2026-08-06,,35,NORMAL,
ROKU,Roku Inc,finviz_prefilter,operating_margin,,price_min;market_cap_min;avg_volume_min;revenue_growth;eps_growth;eps_next_year;operating_margin;earnings_window,False,"{'revenue_growth_yoy': 21.93, 'eps_growth_yoy': 1440.03, 'eps_next_year': 37.11, 'operating_margin': 5.25}",,Finviz via finvizfinance screener views,2026-09-10T23:30:26+02:00,2026-08-06,,35,NORMAL,"{'failed_gate': 'operating_margin', 'actual_value': 5.25, 'applicable_threshold': 8.0, 'distance_to_threshold': 2.75, 'distance_to_threshold_pct': 34.375, 'formula': 'minimo: distance = threshold - actual; pct = distance / abs(threshold) * 100'}"
ROP,Roper Technologies Inc,finviz_prefilter,revenue_growth;eps_next_year,,price_min;market_cap_min;avg_volume_min;revenue_growth;eps_growth;eps_next_year;operating_margin;earnings_window,False,"{'revenue_growth_yoy': 8.5, 'eps_growth_yoy': 232.83999999999997, 'eps_next_year': 9.53, 'operating_margin': 27.97}",,Finviz via finvizfinance screener views,2026-09-10T23:30:26+02:00,2026-07-23,,49,NORMAL,
ROST,Ross Stores Inc,finviz_prefilter,revenue_growth;eps_next_year,,price_min;market_cap_min;avg_volume_min;revenue_growth;eps_growth;eps_next_year;operating_margin;earnings_window,False,"{'revenue_growth_yoy': 13.309999999999999, 'eps_growth_yoy': 70.39, 'eps_next_year': 6.51, 'operating_margin': 12.72}",,Finviz via finvizfinance screener views,2026-09-10T23:30:26+02:00,2026-08-20,,21,NORMAL,
RPRX,Royalty Pharma plc,finviz_prefilter,revenue_growth;eps_growth;eps_next_year,,price_min;market_cap_min;avg_volume_min;revenue_growth;eps_growth;eps_next_year;operating_margin;earnings_window,False,"{'revenue_growth_yoy': 16.5, 'eps_growth_yoy': -43.580000000000005, 'eps_next_year': 7.33, 'operating_margin': 62.33}",,Finviz via finvizfinance screener views,2026-09-10T23:30:26+02:00,2026-08-05,,36,NORMAL,
RRR,Red Rock Resorts Inc,finviz_prefilter,revenue_growth;eps_growth;eps_next_year,,price_min;market_cap_min;avg_volume_min;revenue_growth;eps_growth;eps_next_year;operating_margin;earnings_window,False,"{'revenue_growth_yoy': -3.04, 'eps_growth_yoy': -29.330000000000002, 'eps_next_year': 7.59, 'operating_margin': 28.58}",,Finviz via finvizfinance screener views,2026-09-10T23:30:26+02:00,2026-08-04,,37,NORMAL,
RYTM,Rhythm Pharmaceuticals Inc,finviz_prefilter,eps_growth;operating_margin,,price_min;market_cap_min;avg_volume_min;revenue_growth;eps_growth;eps_next_year;operating_margin;earnings_window,False,"{'revenue_growth_yoy': 46.910000000000004, 'eps_growth_yoy': 2.55, 'eps_next_year': 77.88, 'operating_margin': -83.62}",,Finviz via finvizfinance screener views,2026-09-10T23:30:26+02:00,2026-08-04,,37,NORMAL,
SAIL,Sailpoint Inc,finviz_prefilter,revenue_growth;eps_growth;operating_margin,,price_min;market_cap_min;avg_volume_min;revenue_growth;eps_growth;eps_next_year;operating_margin;earnings_window,False,"{'revenue_growth_yoy': 16.82, 'eps_growth_yoy': -366.32, 'eps_next_year': 24.83, 'operating_margin': -18.56}",,Finviz via finvizfinance screener views,2026-09-10T23:30:26+02:00,2026-09-09,,1,PEAD_WINDOW,
SANM,Sanmina Corp,finviz_prefilter,operating_margin,,price_min;market_cap_min;avg_volume_min;revenue_growth;eps_growth;eps_next_year;operating_margin;earnings_window,False,"{'revenue_growth_yoy': 69.67, 'eps_growth_yoy': 68.72, 'eps_next_year': 15.15, 'operating_margin': 5.489999999999999}",,Finviz via finvizfinance screener views,2026-09-10T23:30:26+02:00,2026-07-27,,45,NORMAL,"{'failed_gate': 'operating_margin', 'actual_value': 5.489999999999999, 'applicable_threshold': 8.0, 'distance_to_threshold': 2.5100000000000007, 'distance_to_threshold_pct': 31.375000000000007, 'formula': 'minimo: distance = threshold - actual; pct = distance / abs(threshold) * 100'}"
SBAC,SBA Communications Corp,finviz_prefilter,revenue_growth;eps_growth;eps_next_year,,price_min;market_cap_min;avg_volume_min;revenue_growth;eps_growth;eps_next_year;operating_margin;earnings_window,False,"{'revenue_growth_yoy': 2.33, 'eps_growth_yoy': -10.69, 'eps_next_year': 9.01, 'operating_margin': 53.7}",,Finviz via finvizfinance screener views,2026-09-10T23:30:26+02:00,2026-08-03,,38,NORMAL,
SBCF,Seacoast Banking Corp Of Florida,finviz_prefilter,eps_growth;eps_next_year,,price_min;market_cap_min;avg_volume_min;revenue_growth;eps_growth;eps_next_year;operating_margin;earnings_window,False,"{'revenue_growth_yoy': 30.009999999999998, 'eps_growth_yoy': 9.83, 'eps_next_year': 8.7, 'operating_margin': 24.52}",,Finviz via finvizfinance screener views,2026-09-10T23:30:26+02:00,2026-07-28,,44,NORMAL,
SBLK,Star Bulk Carriers Corp,finviz_prefilter,eps_next_year,,price_min;market_cap_min;avg_volume_min;revenue_growth;eps_growth;eps_next_year;operating_margin;earnings_window,False,"{'revenue_growth_yoy': 44.46, 'eps_growth_yoy': 432900.0, 'eps_next_year': -6.42, 'operating_margin': 27.839999999999996}",,Finviz via finvizfinance screener views,2026-09-10T23:30:26+02:00,2026-08-05,,36,NORMAL,"{'failed_gate': 'eps_next_year', 'actual_value': -6.42, 'applicable_threshold': 15.0, 'distance_to_threshold': 21.42, 'distance_to_threshold_pct': 142.8, 'formula': 'minimo: distance = threshold - actual; pct = distance / abs(threshold) * 100'}"
SBRA,Sabra Healthcare REIT Inc,finviz_prefilter,eps_growth,,price_min;market_cap_min;avg_volume_min;revenue_growth;eps_growth;eps_next_year;operating_margin;earnings_window,False,"{'revenue_growth_yoy': 25.2, 'eps_growth_yoy': -136.73, 'eps_next_year': 62.74, 'operating_margin': 18.8}",,Finviz via finvizfinance screener views,2026-09-10T23:30:26+02:00,2026-08-03,,38,NORMAL,"{'failed_gate': 'eps_growth', 'actual_value': -136.73, 'applicable_threshold': 30.0, 'distance_to_threshold': 166.73, 'distance_to_threshold_pct': 555.7666666666667, 'formula': 'minimo: distance = threshold - actual; pct = distance / abs(threshold) * 100'}"
SBUX,Starbucks Corp,finviz_prefilter,revenue_growth,,price_min;market_cap_min;avg_volume_min;revenue_growth;eps_growth;eps_next_year;operating_margin;earnings_window,False,"{'revenue_growth_yoy': -1.43, 'eps_growth_yoy': 86.59, 'eps_next_year': 20.75, 'operating_margin': 10.01}",,Finviz via finvizfinance screener views,2026-09-10T23:30:26+02:00,2026-07-29,,43,NORMAL,"{'failed_gate': 'revenue_growth', 'actual_value': -1.43, 'applicable_threshold': 20.0, 'distance_to_threshold': 21.43, 'distance_to_threshold_pct': 107.14999999999999, 'formula': 'minimo: distance = threshold - actual; pct = distance / abs(threshold) * 100'}"
SEDG,Solaredge Technologies Inc,finviz_prefilter,revenue_growth;operating_margin,,price_min;market_cap_min;avg_volume_min;revenue_growth;eps_growth;eps_next_year;operating_margin;earnings_window,False,"{'revenue_growth_yoy': 19.63, 'eps_growth_yoy': 76.35, 'eps_next_year': 369.95, 'operating_margin': -9.969999999999999}",,Finviz via finvizfinance screener views,2026-09-10T23:30:26+02:00,2026-08-05,,36,NORMAL,
SFD,Smithfield Foods Inc,finviz_prefilter,revenue_growth;eps_growth;eps_next_year,,price_min;market_cap_min;avg_volume_min;revenue_growth;eps_growth;eps_next_year;operating_margin;earnings_window,False,"{'revenue_growth_yoy': -3.7800000000000002, 'eps_growth_yoy': 25.759999999999998, 'eps_next_year': 1.68, 'operating_margin': 8.559999999999999}",,Finviz via finvizfinance screener views,2026-09-10T23:30:26+02:00,2026-08-11,,30,NORMAL,
SFM,Sprouts Farmers Market Inc,finviz_prefilter,revenue_growth;eps_growth;eps_next_year;operating_margin,,price_min;market_cap_min;avg_volume_min;revenue_growth;eps_growth;eps_next_year;operating_margin;earnings_window,False,"{'revenue_growth_yoy': 4.74, 'eps_growth_yoy': 1.09, 'eps_next_year': 7.14, 'operating_margin': 7.489999999999999}",,Finviz via finvizfinance screener views,2026-09-10T23:30:26+02:00,2026-07-29,,43,NORMAL,
SFNC,Simmons First National Corp,finviz_prefilter,revenue_growth;eps_growth;eps_next_year;operating_margin,,price_min;market_cap_min;avg_volume_min;revenue_growth;eps_growth;eps_next_year;operating_margin;earnings_window,False,"{'revenue_growth_yoy': -0.69, 'eps_growth_yoy': 5.91, 'eps_next_year': 12.12, 'operating_margin': -74.6}",,Finviz via finvizfinance screener views,2026-09-10T23:30:26+02:00,2026-07-16,,56,NORMAL,
SHC,Sotera Health Co,finviz_prefilter,revenue_growth;eps_next_year,,price_min;market_cap_min;avg_volume_min;revenue_growth;eps_growth;eps_next_year;operating_margin;earnings_window,False,"{'revenue_growth_yoy': 9.180000000000001, 'eps_growth_yoy': 567.38, 'eps_next_year': 9.16, 'operating_margin': 36.9}",,Finviz via finvizfinance screener views,2026-09-10T23:30:26+02:00,2026-08-06,,35,NORMAL,
SHOO,Steven Madden Ltd,finviz_prefilter,revenue_growth,,price_min;market_cap_min;avg_volume_min;revenue_growth;eps_growth;eps_next_year;operating_margin;earnings_window,False,"{'revenue_growth_yoy': 19.12, 'eps_growth_yoy': 168.98, 'eps_next_year': 26.04, 'operating_margin': 9.030000000000001}",,Finviz via finvizfinance screener views,2026-09-10T23:30:26+02:00,2026-07-30,,42,NORMAL,"{'failed_gate': 'revenue_growth', 'actual_value': 19.12, 'applicable_threshold': 20.0, 'distance_to_threshold': 0.879999999999999, 'distance_to_threshold_pct': 4.399999999999995, 'formula': 'minimo: distance = threshold - actual; pct = distance / abs(threshold) * 100'}"
SIRI,Sirius XM Holdings Inc,finviz_prefilter,revenue_growth;eps_growth;eps_next_year,,price_min;market_cap_min;avg_volume_min;revenue_growth;eps_growth;eps_next_year;operating_margin;earnings_window,False,"{'revenue_growth_yoy': 1.03, 'eps_growth_yoy': 23.51, 'eps_next_year': 9.72, 'operating_margin': 22.53}",,Finviz via finvizfinance screener views,2026-09-10T23:30:26+02:00,2026-07-30,,42,NORMAL,
SLDE,Slide Insurance Holdings Inc,finviz_prefilter,eps_next_year,,price_min;market_cap_min;avg_volume_min;revenue_growth;eps_growth;eps_next_year;operating_margin;earnings_window,False,"{'revenue_growth_yoy': 47.86, 'eps_growth_yoy': 90.44, 'eps_next_year': -1.48, 'operating_margin': 53.05}",,Finviz via finvizfinance screener views,2026-09-10T23:30:26+02:00,2026-07-28,,44,NORMAL,"{'failed_gate': 'eps_next_year', 'actual_value': -1.48, 'applicable_threshold': 15.0, 'distance_to_threshold': 16.48, 'distance_to_threshold_pct': 109.86666666666667, 'formula': 'minimo: distance = threshold - actual; pct = distance / abs(threshold) * 100'}"
SLM,SLM Corp,finviz_prefilter,revenue_growth;eps_growth;eps_next_year,,price_min;market_cap_min;avg_volume_min;revenue_growth;eps_growth;eps_next_year;operating_margin;earnings_window,False,"{'revenue_growth_yoy': -2.76, 'eps_growth_yoy': -8.559999999999999, 'eps_next_year': 7.63, 'operating_margin': 42.43}",,Finviz via finvizfinance screener views,2026-09-10T23:30:26+02:00,2026-07-23,,49,NORMAL,
SMCI,Super Micro Computer Inc,finviz_prefilter,operating_margin,,price_min;market_cap_min;avg_volume_min;revenue_growth;eps_growth;eps_next_year;operating_margin;earnings_window,False,"{'revenue_growth_yoy': 93.16, 'eps_growth_yoy': 445.49, 'eps_next_year': 23.27, 'operating_margin': 7.090000000000001}",,Finviz via finvizfinance screener views,2026-09-10T23:30:26+02:00,2026-08-11,,30,NORMAL,"{'failed_gate': 'operating_margin', 'actual_value': 7.090000000000001, 'applicable_threshold': 8.0, 'distance_to_threshold': 0.9099999999999993, 'distance_to_threshold_pct': 11.374999999999991, 'formula': 'minimo: distance = threshold - actual; pct = distance / abs(threshold) * 100'}"
SNEX,StoneX Group Inc,finviz_prefilter,revenue_growth;eps_growth;eps_next_year;operating_margin,,price_min;market_cap_min;avg_volume_min;revenue_growth;eps_growth;eps_next_year;operating_margin;earnings_window,False,"{'revenue_growth_yoy': 15.379999999999999, 'eps_growth_yoy': 22.57, 'eps_next_year': 1.37, 'operating_margin': 1.6500000000000001}",,Finviz via finvizfinance screener views,2026-09-10T23:30:26+02:00,2026-08-05,,36,NORMAL,
SOLS,Solstice Advanced Materials Inc,finviz_prefilter,revenue_growth;eps_growth,,price_min;market_cap_min;avg_volume_min;revenue_growth;eps_growth;eps_next_year;operating_margin;earnings_window,False,"{'revenue_growth_yoy': 11.129999999999999, 'eps_growth_yoy': 22.15, 'eps_next_year': 16.53, 'operating_margin': 16.900000000000002}",,Finviz via finvizfinance screener views,2026-09-10T23:30:26+02:00,2026-07-30,,42,NORMAL,
SRPT,Sarepta Therapeutics Inc,finviz_prefilter,revenue_growth;eps_growth;eps_next_year;operating_margin,,price_min;market_cap_min;avg_volume_min;revenue_growth;eps_growth;eps_next_year;operating_margin;earnings_window,False,"{'revenue_growth_yoy': -34.339999999999996, 'eps_growth_yoy': -102.46, 'eps_next_year': -77.07, 'operating_margin': -3.15}",,Finviz via finvizfinance screener views,2026-09-10T23:30:26+02:00,2026-08-05,,36,NORMAL,
SSNC,SS&C Technologies Holdings Inc,finviz_prefilter,revenue_growth;eps_next_year,,price_min;market_cap_min;avg_volume_min;revenue_growth;eps_growth;eps_next_year;operating_margin;earnings_window,False,"{'revenue_growth_yoy': 10.34, 'eps_growth_yoy': 35.33, 'eps_next_year': 9.55, 'operating_margin': 24.36}",,Finviz via finvizfinance screener views,2026-09-10T23:30:26+02:00,2026-07-23,,49,NORMAL,
SSRM,SSR Mining Inc,finviz_prefilter,revenue_growth;eps_growth;eps_next_year,,price_min;market_cap_min;avg_volume_min;revenue_growth;eps_growth;eps_next_year;operating_margin;earnings_window,False,"{'revenue_growth_yoy': 9.46, 'eps_growth_yoy': 11.129999999999999, 'eps_next_year': 13.06, 'operating_margin': 42.3}",,Finviz via finvizfinance screener views,2026-09-10T23:30:26+02:00,2026-08-04,,37,NORMAL,
STEP,StepStone Group Inc,finviz_prefilter,revenue_growth;eps_growth;operating_margin,,price_min;market_cap_min;avg_volume_min;revenue_growth;eps_growth;eps_next_year;operating_margin;earnings_window,False,"{'revenue_growth_yoy': 13.200000000000001, 'eps_growth_yoy': -186.16, 'eps_next_year': 37.51, 'operating_margin': -53.39}",,Finviz via finvizfinance screener views,2026-09-10T23:30:26+02:00,2026-08-06,,35,NORMAL,
STLD,Steel Dynamics Inc,finviz_prefilter,eps_next_year,,price_min;market_cap_min;avg_volume_min;revenue_growth;eps_growth;eps_next_year;operating_margin;earnings_window,False,"{'revenue_growth_yoy': 33.44, 'eps_growth_yoy': 84.19, 'eps_next_year': 14.74, 'operating_margin': 10.01}",,Finviz via finvizfinance screener views,2026-09-10T23:30:26+02:00,2026-07-20,,52,NORMAL,"{'failed_gate': 'eps_next_year', 'actual_value': 14.74, 'applicable_threshold': 15.0, 'distance_to_threshold': 0.2599999999999998, 'distance_to_threshold_pct': 1.7333333333333318, 'formula': 'minimo: distance = threshold - actual; pct = distance / abs(threshold) * 100'}"
SUPN,Supernus Pharmaceuticals Inc,finviz_prefilter,eps_growth;operating_margin,,price_min;market_cap_min;avg_volume_min;revenue_growth;eps_growth;eps_next_year;operating_margin;earnings_window,False,"{'revenue_growth_yoy': 32.4, 'eps_growth_yoy': -353.07, 'eps_next_year': 73.88, 'operating_margin': -7.7299999999999995}",,Finviz via finvizfinance screener views,2026-09-10T23:30:26+02:00,2026-08-03,,38,NORMAL,
SWKS,Skyworks Solutions Inc,finviz_prefilter,revenue_growth;eps_growth;eps_next_year,,price_min;market_cap_min;avg_volume_min;revenue_growth;eps_growth;eps_next_year;operating_margin;earnings_window,False,"{'revenue_growth_yoy': -3.1300000000000003, 'eps_growth_yoy': -67.95, 'eps_next_year': -1.57, 'operating_margin': 8.7}",,Finviz via finvizfinance screener views,2026-09-10T23:30:26+02:00,2026-07-28,,44,NORMAL,
SYM,Symbotic Inc,finviz_prefilter,operating_margin,,price_min;market_cap_min;avg_volume_min;revenue_growth;eps_growth;eps_next_year;operating_margin;earnings_window,False,"{'revenue_growth_yoy': 21.740000000000002, 'eps_growth_yoy': 261.62, 'eps_next_year': 79.45, 'operating_margin': 1.43}",,Finviz via finvizfinance screener views,2026-09-10T23:30:26+02:00,2026-08-05,,36,NORMAL,"{'failed_gate': 'operating_margin', 'actual_value': 1.43, 'applicable_threshold': 8.0, 'distance_to_threshold': 6.57, 'distance_to_threshold_pct': 82.125, 'formula': 'minimo: distance = threshold - actual; pct = distance / abs(threshold) * 100'}"
SYNA,Synaptics Inc,finviz_prefilter,revenue_growth;eps_growth;operating_margin,,price_min;market_cap_min;avg_volume_min;revenue_growth;eps_growth;eps_next_year;operating_margin;earnings_window,False,"{'revenue_growth_yoy': 8.91, 'eps_growth_yoy': -9367.08, 'eps_next_year': 25.53, 'operating_margin': -2.93}",,Finviz via finvizfinance screener views,2026-09-10T23:30:26+02:00,2026-08-06,,35,NORMAL,
TARS,Tarsus Pharmaceuticals Inc,finviz_prefilter,eps_growth;operating_margin,,price_min;market_cap_min;avg_volume_min;revenue_growth;eps_growth;eps_next_year;operating_margin;earnings_window,False,"{'revenue_growth_yoy': 69.41000000000001, 'eps_growth_yoy': 10.97, 'eps_next_year': 172.22, 'operating_margin': -8.0}",,Finviz via finvizfinance screener views,2026-09-10T23:30:26+02:00,2026-08-06,,35,NORMAL,
TEAM,Atlassian Corp,finviz_prefilter,operating_margin,,price_min;market_cap_min;avg_volume_min;revenue_growth;eps_growth;eps_next_year;operating_margin;earnings_window,False,"{'revenue_growth_yoy': 27.6, 'eps_growth_yoy': 703.74, 'eps_next_year': 21.62, 'operating_margin': 4.22}",,Finviz via finvizfinance screener views,2026-09-10T23:30:26+02:00,2026-08-06,,35,NORMAL,"{'failed_gate': 'operating_margin', 'actual_value': 4.22, 'applicable_threshold': 8.0, 'distance_to_threshold': 3.7800000000000002, 'distance_to_threshold_pct': 47.25, 'formula': 'minimo: distance = threshold - actual; pct = distance / abs(threshold) * 100'}"
TECH,Bio-Techne Corp,finviz_prefilter,revenue_growth;eps_next_year,,price_min;market_cap_min;avg_volume_min;revenue_growth;eps_growth;eps_next_year;operating_margin;earnings_window,False,"{'revenue_growth_yoy': 1.3299999999999998, 'eps_growth_yoy': 404.46, 'eps_next_year': 13.85, 'operating_margin': 22.42}",,Finviz via finvizfinance screener views,2026-09-10T23:30:26+02:00,2026-08-12,,29,NORMAL,
TEM,Tempus AI Inc,finviz_prefilter,operating_margin,,price_min;market_cap_min;avg_volume_min;revenue_growth;eps_growth;eps_next_year;operating_margin;earnings_window,False,"{'revenue_growth_yoy': 21.560000000000002, 'eps_growth_yoy': 112.51, 'eps_next_year': 117.99, 'operating_margin': -18.92}",,Finviz via finvizfinance screener views,2026-09-10T23:30:26+02:00,2026-07-30,,42,NORMAL,"{'failed_gate': 'operating_margin', 'actual_value': -18.92, 'applicable_threshold': 8.0, 'distance_to_threshold': 26.92, 'distance_to_threshold_pct': 336.5, 'formula': 'minimo: distance = threshold - actual; pct = distance / abs(threshold) * 100'}"
TENB,Tenable Holdings Inc,finviz_prefilter,revenue_growth;eps_next_year;operating_margin,,price_min;market_cap_min;avg_volume_min;revenue_growth;eps_growth;eps_next_year;operating_margin;earnings_window,False,"{'revenue_growth_yoy': 8.58, 'eps_growth_yoy': 127.47, 'eps_next_year': 9.86, 'operating_margin': 4.2}",,Finviz via finvizfinance screener views,2026-09-10T23:30:26+02:00,2026-07-29,,43,NORMAL,
TFSL,TFS Financial Corp,finviz_prefilter,revenue_growth;eps_next_year,,price_min;market_cap_min;avg_volume_min;revenue_growth;eps_growth;eps_next_year;operating_margin;earnings_window,False,"{'revenue_growth_yoy': 5.8999999999999995, 'eps_growth_yoy': 44.18, 'eps_next_year': 8.33, 'operating_margin': 15.659999999999998}",,Finviz via finvizfinance screener views,2026-09-10T23:30:26+02:00,2026-07-30,,42,NORMAL,
TGTX,TG Therapeutics Inc,finviz_prefilter,eps_growth,,price_min;market_cap_min;avg_volume_min;revenue_growth;eps_growth;eps_next_year;operating_margin;earnings_window,False,"{'revenue_growth_yoy': 70.27, 'eps_growth_yoy': -71.45, 'eps_next_year': 185.24, 'operating_margin': 17.05}",,Finviz via finvizfinance screener views,2026-09-10T23:30:26+02:00,2026-08-03,,38,NORMAL,"{'failed_gate': 'eps_growth', 'actual_value': -71.45, 'applicable_threshold': 20.0, 'distance_to_threshold': 91.45, 'distance_to_threshold_pct': 457.25, 'formula': 'minimo: distance = threshold - actual; pct = distance / abs(threshold) * 100'}"
TIGO,Millicom International Cellular SA,finviz_prefilter,eps_growth,,price_min;market_cap_min;avg_volume_min;revenue_growth;eps_growth;eps_next_year;operating_margin;earnings_window,False,"{'revenue_growth_yoy': 58.81999999999999, 'eps_growth_yoy': -83.91, 'eps_next_year': 49.52, 'operating_margin': 23.01}",,Finviz via finvizfinance screener views,2026-09-10T23:30:26+02:00,2026-08-06,,35,NORMAL,"{'failed_gate': 'eps_growth', 'actual_value': -83.91, 'applicable_threshold': 20.0, 'distance_to_threshold': 103.91, 'distance_to_threshold_pct': 519.55, 'formula': 'minimo: distance = threshold - actual; pct = distance / abs(threshold) * 100'}"
TLN,Talen Energy Corp,finviz_prefilter,revenue_growth;eps_growth,,price_min;market_cap_min;avg_volume_min;revenue_growth;eps_growth;eps_next_year;operating_margin;earnings_window,False,"{'revenue_growth_yoy': 3.2300000000000004, 'eps_growth_yoy': -233.35, 'eps_next_year': 48.37, 'operating_margin': 31.09}",,Finviz via finvizfinance screener views,2026-09-10T23:30:26+02:00,2026-08-05,,36,NORMAL,
TMDX,Transmedics Group Inc,finviz_prefilter,eps_growth,,price_min;market_cap_min;avg_volume_min;revenue_growth;eps_growth;eps_next_year;operating_margin;earnings_window,False,"{'revenue_growth_yoy': 20.7, 'eps_growth_yoy': -55.84, 'eps_next_year': 55.0, 'operating_margin': 12.21}",,Finviz via finvizfinance screener views,2026-09-10T23:30:26+02:00,2026-08-04,,37,NORMAL,"{'failed_gate': 'eps_growth', 'actual_value': -55.84, 'applicable_threshold': 30.0, 'distance_to_threshold': 85.84, 'distance_to_threshold_pct': 286.1333333333333, 'formula': 'minimo: distance = threshold - actual; pct = distance / abs(threshold) * 100'}"
TMUS,T-Mobile US Inc,finviz_prefilter,revenue_growth;eps_growth,,price_min;market_cap_min;avg_volume_min;revenue_growth;eps_growth;eps_next_year;operating_margin;earnings_window,False,"{'revenue_growth_yoy': 7.85, 'eps_growth_yoy': 5.4, 'eps_next_year': 27.43, 'operating_margin': 21.17}",,Finviz via finvizfinance screener views,2026-09-10T23:30:26+02:00,2026-07-23,,49,NORMAL,
TNGX,Tango Therapeutics Inc,finviz_prefilter,revenue_growth;eps_growth;eps_next_year;operating_margin,,price_min;market_cap_min;avg_volume_min;revenue_growth;eps_growth;eps_next_year;operating_margin;earnings_window,False,"{'revenue_growth_yoy': -100.0, 'eps_growth_yoy': -5.04, 'eps_next_year': -19.78, 'operating_margin': -253.38}",,Finviz via finvizfinance screener views,2026-09-10T23:30:26+02:00,2026-08-11,,30,NORMAL,
TRI,Thomson-Reuters Corp,finviz_prefilter,revenue_growth;eps_next_year,,price_min;market_cap_min;avg_volume_min;revenue_growth;eps_growth;eps_next_year;operating_margin;earnings_window,False,"{'revenue_growth_yoy': 9.47, 'eps_growth_yoy': 47.38, 'eps_next_year': 14.32, 'operating_margin': 26.85}",,Finviz via finvizfinance screener views,2026-09-10T23:30:26+02:00,2026-08-05,,36,NORMAL,
TRMB,Trimble Inc,finviz_prefilter,revenue_growth;eps_growth;eps_next_year,,price_min;market_cap_min;avg_volume_min;revenue_growth;eps_growth;eps_next_year;operating_margin;earnings_window,False,"{'revenue_growth_yoy': 11.0, 'eps_growth_yoy': -643.78, 'eps_next_year': 12.38, 'operating_margin': 18.67}",,Finviz via finvizfinance screener views,2026-09-10T23:30:26+02:00,2026-08-12,,29,NORMAL,
TROW,T. Rowe Price Group Inc,finviz_prefilter,revenue_growth;eps_growth;eps_next_year,,price_min;market_cap_min;avg_volume_min;revenue_growth;eps_growth;eps_next_year;operating_margin;earnings_window,False,"{'revenue_growth_yoy': 10.68, 'eps_growth_yoy': 28.62, 'eps_next_year': 0.33, 'operating_margin': 36.93}",,Finviz via finvizfinance screener views,2026-09-10T23:30:26+02:00,2026-07-31,,41,NORMAL,
TSCO,Tractor Supply Co,finviz_prefilter,revenue_growth;eps_growth;eps_next_year,,price_min;market_cap_min;avg_volume_min;revenue_growth;eps_growth;eps_next_year;operating_margin;earnings_window,False,"{'revenue_growth_yoy': 2.29, 'eps_growth_yoy': -14.899999999999999, 'eps_next_year': 5.8, 'operating_margin': 8.91}",,Finviz via finvizfinance screener views,2026-09-10T23:30:26+02:00,2026-07-23,,49,NORMAL,
TSLA,Tesla Inc,finviz_prefilter,eps_growth;operating_margin,,price_min;market_cap_min;avg_volume_min;revenue_growth;eps_growth;eps_next_year;operating_margin;earnings_window,False,"{'revenue_growth_yoy': 25.52, 'eps_growth_yoy': -5.5, 'eps_next_year': 33.02, 'operating_margin': 4.61}",,Finviz via finvizfinance screener views,2026-09-10T23:30:26+02:00,2026-07-22,,50,NORMAL,
TTAN,ServiceTitan Inc,finviz_prefilter,eps_growth;operating_margin,,price_min;market_cap_min;avg_volume_min;revenue_growth;eps_growth;eps_next_year;operating_margin;earnings_window,False,"{'revenue_growth_yoy': 20.91, 'eps_growth_yoy': 26.029999999999998, 'eps_next_year': 22.0, 'operating_margin': -12.6}",,Finviz via finvizfinance screener views,2026-09-10T23:30:26+02:00,2026-09-08,,2,PEAD_WINDOW,
TTEK,Tetra Tech Inc,finviz_prefilter,revenue_growth;eps_growth;eps_next_year,,price_min;market_cap_min;avg_volume_min;revenue_growth;eps_growth;eps_next_year;operating_margin;earnings_window,False,"{'revenue_growth_yoy': -4.47, 'eps_growth_yoy': -1.8599999999999999, 'eps_next_year': 10.19, 'operating_margin': 11.73}",,Finviz via finvizfinance screener views,2026-09-10T23:30:26+02:00,2026-07-29,,43,NORMAL,
TTWO,Take-Two Interactive Software Inc,finviz_prefilter,revenue_growth;eps_growth;operating_margin,,price_min;market_cap_min;avg_volume_min;revenue_growth;eps_growth;eps_next_year;operating_margin;earnings_window,False,"{'revenue_growth_yoy': 2.0, 'eps_growth_yoy': -178.26999999999998, 'eps_next_year': 47.52, 'operating_margin': -0.96}",,Finviz via finvizfinance screener views,2026-09-10T23:30:26+02:00,2026-08-07,,34,NORMAL,
TVTX,Travere Therapeutics Inc,finviz_prefilter,eps_growth;operating_margin,,price_min;market_cap_min;avg_volume_min;revenue_growth;eps_growth;eps_next_year;operating_margin;earnings_window,False,"{'revenue_growth_yoy': 48.17, 'eps_growth_yoy': -159.54999999999998, 'eps_next_year': 11681.37, 'operating_margin': -6.84}",,Finviz via finvizfinance screener views,2026-09-10T23:30:26+02:00,2026-08-04,,37,NORMAL,
TW,Tradeweb Markets Inc,finviz_prefilter,revenue_growth;eps_growth;eps_next_year,,price_min;market_cap_min;avg_volume_min;revenue_growth;eps_growth;eps_next_year;operating_margin;earnings_window,False,"{'revenue_growth_yoy': 8.959999999999999, 'eps_growth_yoy': 19.18, 'eps_next_year': 13.85, 'operating_margin': 43.61}",,Finviz via finvizfinance screener views,2026-09-10T23:30:26+02:00,2026-07-30,,42,NORMAL,
TWST,Twist Bioscience Corp,finviz_prefilter,eps_growth;operating_margin,,price_min;market_cap_min;avg_volume_min;revenue_growth;eps_growth;eps_next_year;operating_margin;earnings_window,False,"{'revenue_growth_yoy': 23.24, 'eps_growth_yoy': -268.48, 'eps_next_year': 36.58, 'operating_margin': -31.91}",,Finviz via finvizfinance screener views,2026-09-10T23:30:26+02:00,2026-08-03,,38,NORMAL,
TXG,10x Genomics Inc,finviz_prefilter,revenue_growth;eps_growth;eps_next_year;operating_margin,,price_min;market_cap_min;avg_volume_min;revenue_growth;eps_growth;eps_next_year;operating_margin;earnings_window,False,"{'revenue_growth_yoy': -12.65, 'eps_growth_yoy': -149.75, 'eps_next_year': 3.44, 'operating_margin': -14.12}",,Finviz via finvizfinance screener views,2026-09-10T23:30:26+02:00,2026-08-06,,35,NORMAL,
TXRH,Texas Roadhouse Inc,finviz_prefilter,revenue_growth;eps_growth,,price_min;market_cap_min;avg_volume_min;revenue_growth;eps_growth;eps_next_year;operating_margin;earnings_window,False,"{'revenue_growth_yoy': 11.110000000000001, 'eps_growth_yoy': -0.72, 'eps_next_year': 18.28, 'operating_margin': 8.24}",,Finviz via finvizfinance screener views,2026-09-10T23:30:26+02:00,2026-08-06,,35,NORMAL,
UAL,United Airlines Holdings Inc,finviz_prefilter,revenue_growth;eps_growth;operating_margin,,price_min;market_cap_min;avg_volume_min;revenue_growth;eps_growth;eps_next_year;operating_margin;earnings_window,False,"{'revenue_growth_yoy': 15.989999999999998, 'eps_growth_yoy': -17.11, 'eps_next_year': 48.58, 'operating_margin': 6.77}",,Finviz via finvizfinance screener views,2026-09-10T23:30:26+02:00,2026-07-15,,57,NORMAL,
UBSI,United Bankshares Inc,finviz_prefilter,revenue_growth;eps_growth;eps_next_year,,price_min;market_cap_min;avg_volume_min;revenue_growth;eps_growth;eps_next_year;operating_margin;earnings_window,False,"{'revenue_growth_yoy': 0.9199999999999999, 'eps_growth_yoy': 12.11, 'eps_next_year': 4.04, 'operating_margin': 35.0}",,Finviz via finvizfinance screener views,2026-09-10T23:30:26+02:00,2026-07-23,,49,NORMAL,
UCTT,Ultra Clean Hldgs Inc,finviz_prefilter,operating_margin,,price_min;market_cap_min;avg_volume_min;revenue_growth;eps_growth;eps_next_year;operating_margin;earnings_window,False,"{'revenue_growth_yoy': 24.310000000000002, 'eps_growth_yoy': 105.25999999999999, 'eps_next_year': 106.91, 'operating_margin': 2.8400000000000003}",,Finviz via finvizfinance screener views,2026-09-10T23:30:26+02:00,2026-08-03,,38,NORMAL,"{'failed_gate': 'operating_margin', 'actual_value': 2.8400000000000003, 'applicable_threshold': 8.0, 'distance_to_threshold': 5.16, 'distance_to_threshold_pct': 64.5, 'formula': 'minimo: distance = threshold - actual; pct = distance / abs(threshold) * 100'}"
UPST,Upstart Holdings Inc,finviz_prefilter,operating_margin,,price_min;market_cap_min;avg_volume_min;revenue_growth;eps_growth;eps_next_year;operating_margin;earnings_window,False,"{'revenue_growth_yoy': 41.75, 'eps_growth_yoy': 185.5, 'eps_next_year': 171.16, 'operating_margin': 3.9899999999999998}",,Finviz via finvizfinance screener views,2026-09-10T23:30:26+02:00,2026-08-04,,37,NORMAL,"{'failed_gate': 'operating_margin', 'actual_value': 3.9899999999999998, 'applicable_threshold': 8.0, 'distance_to_threshold': 4.01, 'distance_to_threshold_pct': 50.125, 'formula': 'minimo: distance = threshold - actual; pct = distance / abs(threshold) * 100'}"
URBN,Urban Outfitters Inc,finviz_prefilter,revenue_growth;eps_next_year,,price_min;market_cap_min;avg_volume_min;revenue_growth;eps_growth;eps_next_year;operating_margin;earnings_window,False,"{'revenue_growth_yoy': 10.440000000000001, 'eps_growth_yoy': 75.96000000000001, 'eps_next_year': 7.66, 'operating_margin': 11.33}",,Finviz via finvizfinance screener views,2026-09-10T23:30:26+02:00,2026-08-26,,15,PEAD_WINDOW,
URGN,UroGen Pharma Ltd,finviz_prefilter,operating_margin,,price_min;market_cap_min;avg_volume_min;revenue_growth;eps_growth;eps_next_year;operating_margin;earnings_window,False,"{'revenue_growth_yoy': 199.22, 'eps_growth_yoy': 72.78, 'eps_next_year': 1223.7, 'operating_margin': -35.32}",,Finviz via finvizfinance screener views,2026-09-10T23:30:26+02:00,2026-08-05,,36,NORMAL,"{'failed_gate': 'operating_margin', 'actual_value': -35.32, 'applicable_threshold': 8.0, 'distance_to_threshold': 43.32, 'distance_to_threshold_pct': 541.5, 'formula': 'minimo: distance = threshold - actual; pct = distance / abs(threshold) * 100'}"
USAR,USA Rare Earth Inc,finviz_prefilter,operating_margin,revenue_growth;eps_growth,price_min;market_cap_min;avg_volume_min;eps_next_year;operating_margin;earnings_window,False,"{'revenue_growth_yoy': None, 'eps_growth_yoy': 96.87, 'eps_next_year': 86.44, 'operating_margin': -949.48}",,Finviz via finvizfinance screener views,2026-09-10T23:30:26+02:00,2026-08-10,,31,NORMAL,"{'failed_gate': 'operating_margin', 'actual_value': -949.48, 'applicable_threshold': 8.0, 'distance_to_threshold': 957.48, 'distance_to_threshold_pct': 11968.5, 'formula': 'minimo: distance = threshold - actual; pct = distance / abs(threshold) * 100'}"
VCYT,Veracyte Inc,finviz_prefilter,revenue_growth;eps_next_year,,price_min;market_cap_min;avg_volume_min;revenue_growth;eps_growth;eps_next_year;operating_margin;earnings_window,False,"{'revenue_growth_yoy': 15.49, 'eps_growth_yoy': 2584.7999999999997, 'eps_next_year': 2.14, 'operating_margin': 17.22}",,Finviz via finvizfinance screener views,2026-09-10T23:30:26+02:00,2026-07-30,,42,NORMAL,
VECO,Veeco Instruments Inc,finviz_prefilter,revenue_growth;eps_growth;operating_margin,,price_min;market_cap_min;avg_volume_min;revenue_growth;eps_growth;eps_next_year;operating_margin;earnings_window,False,"{'revenue_growth_yoy': 16.48, 'eps_growth_yoy': -9.8, 'eps_next_year': 111.2, 'operating_margin': 4.26}",,Finviz via finvizfinance screener views,2026-09-10T23:30:26+02:00,2026-08-05,,36,NORMAL,
VICR,Vicor Corp,finviz_prefilter,eps_growth,,price_min;market_cap_min;avg_volume_min;revenue_growth;eps_growth;eps_next_year;operating_margin;earnings_window,False,"{'revenue_growth_yoy': 49.25, 'eps_growth_yoy': 14.17, 'eps_next_year': 73.22, 'operating_margin': 18.64}",,Finviz via finvizfinance screener views,2026-09-10T23:30:26+02:00,2026-07-21,,51,NORMAL,"{'failed_gate': 'eps_growth', 'actual_value': 14.17, 'applicable_threshold': 20.0, 'distance_to_threshold': 5.83, 'distance_to_threshold_pct': 29.15, 'formula': 'minimo: distance = threshold - actual; pct = distance / abs(threshold) * 100'}"
VNOM,Viper Energy Inc,finviz_prefilter,eps_next_year,,price_min;market_cap_min;avg_volume_min;revenue_growth;eps_growth;eps_next_year;operating_margin;earnings_window,False,"{'revenue_growth_yoy': 129.26999999999998, 'eps_growth_yoy': 157.99, 'eps_next_year': -9.56, 'operating_margin': 48.86}",,Finviz via finvizfinance screener views,2026-09-10T23:30:26+02:00,2026-08-03,,38,NORMAL,"{'failed_gate': 'eps_next_year', 'actual_value': -9.56, 'applicable_threshold': 15.0, 'distance_to_threshold': 24.560000000000002, 'distance_to_threshold_pct': 163.73333333333335, 'formula': 'minimo: distance = threshold - actual; pct = distance / abs(threshold) * 100'}"
VRDN,Viridian Therapeutics Inc,finviz_prefilter,eps_growth;operating_margin,,price_min;market_cap_min;avg_volume_min;revenue_growth;eps_growth;eps_next_year;operating_margin;earnings_window,False,"{'revenue_growth_yoy': 278.67, 'eps_growth_yoy': 4.5600000000000005, 'eps_next_year': 34.08, 'operating_margin': -569.68}",,Finviz via finvizfinance screener views,2026-09-10T23:30:26+02:00,2026-08-06,,35,NORMAL,
VRNS,Varonis Systems Inc,finviz_prefilter,revenue_growth;eps_growth;operating_margin,,price_min;market_cap_min;avg_volume_min;revenue_growth;eps_growth;eps_next_year;operating_margin;earnings_window,False,"{'revenue_growth_yoy': 18.84, 'eps_growth_yoy': -27.529999999999998, 'eps_next_year': 178.96, 'operating_margin': -24.01}",,Finviz via finvizfinance screener views,2026-09-10T23:30:26+02:00,2026-07-28,,44,NORMAL,
VRSK,Verisk Analytics Inc,finviz_prefilter,revenue_growth;eps_growth;eps_next_year,,price_min;market_cap_min;avg_volume_min;revenue_growth;eps_growth;eps_next_year;operating_margin;earnings_window,False,"{'revenue_growth_yoy': 4.36, 'eps_growth_yoy': -3.2099999999999995, 'eps_next_year': 12.67, 'operating_margin': 44.81}",,Finviz via finvizfinance screener views,2026-09-10T23:30:26+02:00,2026-07-29,,43,NORMAL,
VRSN,Verisign Inc,finviz_prefilter,revenue_growth;eps_growth;eps_next_year,,price_min;market_cap_min;avg_volume_min;revenue_growth;eps_growth;eps_next_year;operating_margin;earnings_window,False,"{'revenue_growth_yoy': 6.03, 'eps_growth_yoy': 7.71, 'eps_next_year': 13.42, 'operating_margin': 67.86}",,Finviz via finvizfinance screener views,2026-09-10T23:30:26+02:00,2026-07-23,,49,NORMAL,
VRTX,Vertex Pharmaceuticals Inc,finviz_prefilter,revenue_growth;eps_growth;eps_next_year,,price_min;market_cap_min;avg_volume_min;revenue_growth;eps_growth;eps_next_year;operating_margin;earnings_window,False,"{'revenue_growth_yoy': 11.99, 'eps_growth_yoy': 8.02, 'eps_next_year': 12.99, 'operating_margin': 39.54}",,Finviz via finvizfinance screener views,2026-09-10T23:30:26+02:00,2026-08-03,,38,NORMAL,
VSAT,Viasat Inc,finviz_prefilter,revenue_growth;eps_growth;eps_next_year;operating_margin,,price_min;market_cap_min;avg_volume_min;revenue_growth;eps_growth;eps_next_year;operating_margin;earnings_window,False,"{'revenue_growth_yoy': -1.24, 'eps_growth_yoy': 12.030000000000001, 'eps_next_year': -1.39, 'operating_margin': 2.35}",,Finviz via finvizfinance screener views,2026-09-10T23:30:26+02:00,2026-08-04,,37,NORMAL,
VSNT,Versant Media Group Inc,finviz_prefilter,revenue_growth;eps_growth,,price_min;market_cap_min;avg_volume_min;revenue_growth;eps_growth;eps_next_year;operating_margin;earnings_window,False,"{'revenue_growth_yoy': -3.75, 'eps_growth_yoy': -28.54, 'eps_next_year': 63.29, 'operating_margin': 19.29}",,Finviz via finvizfinance screener views,2026-09-10T23:30:26+02:00,2026-08-06,,35,NORMAL,
VTRS,Viatris Inc,finviz_prefilter,revenue_growth;eps_growth;eps_next_year,,price_min;market_cap_min;avg_volume_min;revenue_growth;eps_growth;eps_next_year;operating_margin;earnings_window,False,"{'revenue_growth_yoy': 5.050000000000001, 'eps_growth_yoy': -2517.9500000000003, 'eps_next_year': 6.17, 'operating_margin': 9.69}",,Finviz via finvizfinance screener views,2026-09-10T23:30:26+02:00,2026-08-06,,35,NORMAL,
WAY,Waystar Holding Corp,finviz_prefilter,revenue_growth;eps_growth;eps_next_year,,price_min;market_cap_min;avg_volume_min;revenue_growth;eps_growth;eps_next_year;operating_margin;earnings_window,False,"{'revenue_growth_yoy': 18.11, 'eps_growth_yoy': 18.57, 'eps_next_year': 12.48, 'operating_margin': 25.36}",,Finviz via finvizfinance screener views,2026-09-10T23:30:26+02:00,2026-07-29,,43,NORMAL,
WBD,Warner Bros. Discovery Inc,finviz_prefilter,revenue_growth;eps_growth;operating_margin,,price_min;market_cap_min;avg_volume_min;revenue_growth;eps_growth;eps_next_year;operating_margin;earnings_window,False,"{'revenue_growth_yoy': -11.07, 'eps_growth_yoy': -90.84, 'eps_next_year': 99.34, 'operating_margin': 7.000000000000001}",,Finviz via finvizfinance screener views,2026-09-10T23:30:26+02:00,2026-08-06,,35,NORMAL,
WDAY,Workday Inc,finviz_prefilter,revenue_growth,,price_min;market_cap_min;avg_volume_min;revenue_growth;eps_growth;eps_next_year;operating_margin;earnings_window,False,"{'revenue_growth_yoy': 13.29, 'eps_growth_yoy': 204.05, 'eps_next_year': 19.53, 'operating_margin': 12.64}",,Finviz via finvizfinance screener views,2026-09-10T23:30:26+02:00,2026-08-27,,14,PEAD_WINDOW,"{'failed_gate': 'revenue_growth', 'actual_value': 13.29, 'applicable_threshold': 20.0, 'distance_to_threshold': 6.710000000000001, 'distance_to_threshold_pct': 33.550000000000004, 'formula': 'minimo: distance = threshold - actual; pct = distance / abs(threshold) * 100'}"
WERN,Werner Enterprises Inc,finviz_prefilter,eps_growth;operating_margin,,price_min;market_cap_min;avg_volume_min;revenue_growth;eps_growth;eps_next_year;operating_margin;earnings_window,False,"{'revenue_growth_yoy': 24.0, 'eps_growth_yoy': -85.41, 'eps_next_year': 95.8, 'operating_margin': 0.7000000000000001}",,Finviz via finvizfinance screener views,2026-09-10T23:30:26+02:00,2026-07-28,,44,NORMAL,
WFRD,Weatherford International plc,finviz_prefilter,revenue_growth;eps_growth,,price_min;market_cap_min;avg_volume_min;revenue_growth;eps_growth;eps_next_year;operating_margin;earnings_window,False,"{'revenue_growth_yoy': -8.219999999999999, 'eps_growth_yoy': -71.24000000000001, 'eps_next_year': 42.19, 'operating_margin': 14.42}",,Finviz via finvizfinance screener views,2026-09-10T23:30:26+02:00,2026-07-21,,51,NORMAL,
WGS,GeneDx Holdings Corp,finviz_prefilter,revenue_growth;eps_growth;operating_margin,,price_min;market_cap_min;avg_volume_min;revenue_growth;eps_growth;eps_next_year;operating_margin;earnings_window,False,"{'revenue_growth_yoy': 11.44, 'eps_growth_yoy': -264.35, 'eps_next_year': 1068.75, 'operating_margin': -12.49}",,Finviz via finvizfinance screener views,2026-09-10T23:30:26+02:00,2026-08-03,,38,NORMAL,
WING,Wingstop Inc,finviz_prefilter,revenue_growth;eps_growth,,price_min;market_cap_min;avg_volume_min;revenue_growth;eps_growth;eps_next_year;operating_margin;earnings_window,False,"{'revenue_growth_yoy': 6.4399999999999995, 'eps_growth_yoy': 20.11, 'eps_next_year': 20.62, 'operating_margin': 28.77}",,Finviz via finvizfinance screener views,2026-09-10T23:30:26+02:00,2026-07-29,,43,NORMAL,
WIX,Wix.com Ltd,finviz_prefilter,revenue_growth;eps_growth;operating_margin,,price_min;market_cap_min;avg_volume_min;revenue_growth;eps_growth;eps_next_year;operating_margin;earnings_window,False,"{'revenue_growth_yoy': 14.93, 'eps_growth_yoy': -283.72, 'eps_next_year': 51.76, 'operating_margin': -3.1399999999999997}",,Finviz via finvizfinance screener views,2026-09-10T23:30:26+02:00,2026-08-04,,37,NORMAL,
WMG,Warner Music Group Corp,finviz_prefilter,revenue_growth,,price_min;market_cap_min;avg_volume_min;revenue_growth;eps_growth;eps_next_year;operating_margin;earnings_window,False,"{'revenue_growth_yoy': 10.36, 'eps_growth_yoy': 1348.53, 'eps_next_year': 20.88, 'operating_margin': 18.77}",,Finviz via finvizfinance screener views,2026-09-10T23:30:26+02:00,2026-08-05,,36,NORMAL,"{'failed_gate': 'revenue_growth', 'actual_value': 10.36, 'applicable_threshold': 20.0, 'distance_to_threshold': 9.64, 'distance_to_threshold_pct': 48.2, 'formula': 'minimo: distance = threshold - actual; pct = distance / abs(threshold) * 100'}"
WMT,Walmart Inc,finviz_prefilter,revenue_growth;eps_growth;eps_next_year;operating_margin,,price_min;market_cap_min;avg_volume_min;revenue_growth;eps_growth;eps_next_year;operating_margin;earnings_window,False,"{'revenue_growth_yoy': 5.94, 'eps_growth_yoy': -8.97, 'eps_next_year': 11.71, 'operating_margin': 4.390000000000001}",,Finviz via finvizfinance screener views,2026-09-10T23:30:26+02:00,2026-08-20,,21,NORMAL,
WSBC,Wesbanco Inc,finviz_prefilter,revenue_growth;eps_next_year,,price_min;market_cap_min;avg_volume_min;revenue_growth;eps_growth;eps_next_year;operating_margin;earnings_window,False,"{'revenue_growth_yoy': 1.24, 'eps_growth_yoy': 59.650000000000006, 'eps_next_year': 8.05, 'operating_margin': 30.669999999999998}",,Finviz via finvizfinance screener views,2026-09-10T23:30:26+02:00,2026-07-21,,51,NORMAL,
WSC,WillScot Holdings Corp,finviz_prefilter,revenue_growth;eps_growth,,price_min;market_cap_min;avg_volume_min;revenue_growth;eps_growth;eps_next_year;operating_margin;earnings_window,False,"{'revenue_growth_yoy': 3.92, 'eps_growth_yoy': -1.11, 'eps_next_year': 15.66, 'operating_margin': 20.549999999999997}",,Finviz via finvizfinance screener views,2026-09-10T23:30:26+02:00,2026-08-06,,35,NORMAL,
WULF,TeraWulf Inc,finviz_prefilter,revenue_growth;eps_growth;operating_margin,,price_min;market_cap_min;avg_volume_min;revenue_growth;eps_growth;eps_next_year;operating_margin;earnings_window,False,"{'revenue_growth_yoy': -6.02, 'eps_growth_yoy': -3973.6800000000003, 'eps_next_year': 92.81, 'operating_margin': -227.32000000000002}",,Finviz via finvizfinance screener views,2026-09-10T23:30:26+02:00,2026-08-05,,36,NORMAL,
WYNN,Wynn Resorts Ltd,finviz_prefilter,revenue_growth;eps_next_year,,price_min;market_cap_min;avg_volume_min;revenue_growth;eps_growth;eps_next_year;operating_margin;earnings_window,False,"{'revenue_growth_yoy': 6.859999999999999, 'eps_growth_yoy': 106.71, 'eps_next_year': 8.1, 'operating_margin': 16.3}",,Finviz via finvizfinance screener views,2026-09-10T23:30:26+02:00,2026-08-04,,37,NORMAL,
XEL,Xcel Energy Inc,finviz_prefilter,revenue_growth;eps_growth;eps_next_year,,price_min;market_cap_min;avg_volume_min;revenue_growth;eps_growth;eps_next_year;operating_margin;earnings_window,False,"{'revenue_growth_yoy': -4.9399999999999995, 'eps_growth_yoy': 23.77, 'eps_next_year': 10.6, 'operating_margin': 21.16}",,Finviz via finvizfinance screener views,2026-09-10T23:30:26+02:00,2026-07-30,,42,NORMAL,
XP,XP Inc,finviz_prefilter,eps_growth;eps_next_year,,price_min;market_cap_min;avg_volume_min;revenue_growth;eps_growth;eps_next_year;operating_margin;earnings_window,False,"{'revenue_growth_yoy': 20.82, 'eps_growth_yoy': 21.83, 'eps_next_year': 13.91, 'operating_margin': 31.869999999999997}",,Finviz via finvizfinance screener views,2026-09-10T23:30:26+02:00,2026-08-17,,24,NORMAL,
Z,Zillow Group Inc,finviz_prefilter,revenue_growth;eps_growth;operating_margin,,price_min;market_cap_min;avg_volume_min;revenue_growth;eps_growth;eps_next_year;operating_margin;earnings_window,False,"{'revenue_growth_yoy': 17.86, 'eps_growth_yoy': -320.0, 'eps_next_year': 28.89, 'operating_margin': 1.78}",,Finviz via finvizfinance screener views,2026-09-10T23:30:26+02:00,2026-08-05,,36,NORMAL,
ZBIO,Zenas Biopharma Inc,finviz_prefilter,eps_next_year;operating_margin,revenue_growth;eps_growth,price_min;market_cap_min;avg_volume_min;eps_next_year;operating_margin;earnings_window,False,"{'revenue_growth_yoy': None, 'eps_growth_yoy': -41.57, 'eps_next_year': 10.88, 'operating_margin': -27390.100000000002}",,Finviz via finvizfinance screener views,2026-09-10T23:30:26+02:00,2026-08-13,,28,NORMAL,
ZBRA,Zebra Technologies Corp,finviz_prefilter,revenue_growth;eps_next_year,,price_min;market_cap_min;avg_volume_min;revenue_growth;eps_growth;eps_next_year;operating_margin;earnings_window,False,"{'revenue_growth_yoy': 19.07, 'eps_growth_yoy': 121.66, 'eps_next_year': 5.09, 'operating_margin': 17.16}",,Finviz via finvizfinance screener views,2026-09-10T23:30:26+02:00,2026-08-04,,37,NORMAL,
ZG,Zillow Group Inc,finviz_prefilter,revenue_growth;eps_growth;operating_margin,,price_min;market_cap_min;avg_volume_min;revenue_growth;eps_growth;eps_next_year;operating_margin;earnings_window,False,"{'revenue_growth_yoy': 17.86, 'eps_growth_yoy': -320.0, 'eps_next_year': 29.63, 'operating_margin': 1.78}",,Finviz via finvizfinance screener views,2026-09-10T23:30:26+02:00,2026-08-05,,36,NORMAL,
ZION,Zions Bancorporation N.A,finviz_prefilter,revenue_growth;eps_next_year,,price_min;market_cap_min;avg_volume_min;revenue_growth;eps_growth;eps_next_year;operating_margin;earnings_window,False,"{'revenue_growth_yoy': 19.1, 'eps_growth_yoy': 86.9, 'eps_next_year': -14.36, 'operating_margin': 29.060000000000002}",,Finviz via finvizfinance screener views,2026-09-10T23:30:26+02:00,2026-07-20,,52,NORMAL,
ZM,Zoom Communications Inc,finviz_prefilter,revenue_growth;eps_next_year,,price_min;market_cap_min;avg_volume_min;revenue_growth;eps_growth;eps_next_year;operating_margin;earnings_window,False,"{'revenue_growth_yoy': 4.93, 'eps_growth_yoy': 342.31, 'eps_next_year': 3.49, 'operating_margin': 23.73}",,Finviz via finvizfinance screener views,2026-09-10T23:30:26+02:00,2026-08-25,,16,NORMAL,
ZS,Zscaler Inc,finviz_prefilter,eps_next_year;operating_margin,,price_min;market_cap_min;avg_volume_min;revenue_growth;eps_growth;eps_next_year;operating_margin;earnings_window,False,"{'revenue_growth_yoy': 24.88, 'eps_growth_yoy': 81.47999999999999, 'eps_next_year': 14.86, 'operating_margin': -3.65}",,Finviz via finvizfinance screener views,2026-09-10T23:30:26+02:00,2026-09-03,,7,PEAD_WINDOW,
AAON,AAON Inc,tradingview_gates,price_above_sma50;sma50_above_sma150;ema21_above_ema50;within_25pct_52w_high;rsi14;performance_21d;market_regime_allows_new_entries,,price_min;market_cap_min;avg_volume_min;price_above_sma50;sma50_above_sma150;sma150_above_sma200;ema21_above_ema50;within_25pct_52w_high;rsi14;atr_pct;rvol20_data_available;performance_21d;distance_resistance_hard;no_extended_move_10d;revenue_growth;eps_growth;eps_next_year;operating_margin;earnings_window;market_regime_allows_new_entries,True,"{'price': 76.52, 'price_tv': 76.52, 'price_finviz': 76.52, 'sma50': 92.7544, 'sma150': 102.65033333333332, 'sma200': 98.36067499999999, 'ema21': 80.97283240755604, 'ema50': 91.07559722576192, 'rsi14': 36.285198516006325, 'atr14': 4.03912455349003, 'atr_pct': 5.278521371523824, 'rvol20': 0.7597035089866171, 'performance_21d_pct': -10.795057122872475, 'distance_52w_high_pct': 49.142595468958845, 'distance_resistance_pct': 82.78881338212234, 'move_10d_pct': -4.08623715216847, 'structural_trend_pass': False}",pattern;previous_revenue_growth_yoy;shares_change_6m_pct,TradingView MCP + Finviz via finvizfinance screener views,2026-09-10T23:31:00+02:00,2026-08-10,,31,NORMAL,
ACMR,ACM Research Inc,tradingview_gates,price_above_sma50;ema21_above_ema50;within_25pct_52w_high;rsi14;performance_21d;market_regime_allows_new_entries,,price_min;market_cap_min;avg_volume_min;price_above_sma50;sma50_above_sma150;sma150_above_sma200;ema21_above_ema50;within_25pct_52w_high;rsi14;atr_pct;rvol20_data_available;performance_21d;distance_resistance_hard;no_extended_move_10d;revenue_growth;eps_growth;eps_next_year;operating_margin;earnings_window;market_regime_allows_new_entries,True,"{'price': 72.39, 'price_tv': 72.39, 'price_finviz': 72.39, 'sma50': 83.30120000000001, 'sma150': 70.53873333333333, 'sma200': 63.906125, 'ema21': 76.36278687080467, 'ema50': 79.68368657434989, 'rsi14': 42.84399553182108, 'atr14': 5.352486526138891, 'atr_pct': 7.393958455779654, 'rvol20': 0.8119861647982552, 'performance_21d_pct': -9.421921921921928, 'distance_52w_high_pct': 43.085148203475114, 'distance_resistance_pct': 75.70106368282912, 'move_10d_pct': -8.494501327265835, 'structural_trend_pass': False}",pattern;previous_revenue_growth_yoy;shares_change_6m_pct,TradingView MCP + Finviz via finvizfinance screener views,2026-09-10T23:31:05+02:00,2026-08-07,,34,NORMAL,
ADI,Analog Devices Inc,tradingview_gates,price_above_sma50;ema21_above_ema50;rsi14;atr_pct;performance_21d;market_regime_allows_new_entries,,price_min;market_cap_min;avg_volume_min;price_above_sma50;sma50_above_sma150;sma150_above_sma200;ema21_above_ema50;within_25pct_52w_high;rsi14;atr_pct;rvol20_data_available;performance_21d;distance_resistance_hard;no_extended_move_10d;revenue_growth;eps_growth;eps_next_year;operating_margin;earnings_window;market_regime_allows_new_entries,True,"{'price': 361.25, 'price_tv': 361.25, 'price_finviz': 361.25, 'sma50': 375.6383, 'sma150': 371.90049999999997, 'sma200': 350.30795, 'ema21': 367.65988440874673, 'ema50': 375.40360334273294, 'rsi14': 42.49341006376597, 'atr14': 10.573964449632323, 'atr_pct': 2.9270489825971824, 'rvol20': 0.819628491958303, 'performance_21d_pct': -6.241889436802495, 'distance_52w_high_pct': 18.985894014487233, 'distance_resistance_pct': 23.435294117647064, 'move_10d_pct': -2.837547068316304, 'structural_trend_pass': False}",pattern;previous_revenue_growth_yoy;shares_change_6m_pct,TradingView MCP + Finviz via finvizfinance screener views,2026-09-10T23:31:19+02:00,2026-08-19,,22,NORMAL,
AEIS,Advanced Energy Industries Inc,tradingview_gates,price_above_sma50;sma50_above_sma150;ema21_above_ema50;within_25pct_52w_high;rsi14;performance_21d;market_regime_allows_new_entries,,price_min;market_cap_min;avg_volume_min;price_above_sma50;sma50_above_sma150;sma150_above_sma200;ema21_above_ema50;within_25pct_52w_high;rsi14;atr_pct;rvol20_data_available;performance_21d;distance_resistance_hard;no_extended_move_10d;revenue_growth;eps_growth;eps_next_year;operating_margin;earnings_window;market_regime_allows_new_entries,True,"{'price': 273.74, 'price_tv': 273.74, 'price_finviz': 273.74, 'sma50': 299.0879, 'sma150': 324.1451666666667, 'sma200': 300.426825, 'ema21': 287.67922822107664, 'ema50': 300.56949160252543, 'rsi14': 42.759090170233975, 'atr14': 15.568854963107723, 'atr_pct': 5.687460715681933, 'rvol20': 0.6519616615409466, 'performance_21d_pct': -16.43823071522329, 'distance_52w_high_pct': 31.12419484702093, 'distance_resistance_pct': 42.39424271206255, 'move_10d_pct': -3.292588143856423, 'structural_trend_pass': False}",pattern;previous_revenue_growth_yoy;shares_change_6m_pct,TradingView MCP + Finviz via finvizfinance screener views,2026-09-10T23:31:33+02:00,2026-08-03,,38,NORMAL,
AFRM,Affirm Holdings Inc,tradingview_gates,price_above_sma50;sma150_above_sma200;ema21_above_ema50;within_25pct_52w_high;rsi14;performance_21d;market_regime_allows_new_entries,,price_min;market_cap_min;avg_volume_min;price_above_sma50;sma50_above_sma150;sma150_above_sma200;ema21_above_ema50;within_25pct_52w_high;rsi14;atr_pct;rvol20_data_available;performance_21d;distance_resistance_hard;no_extended_move_10d;revenue_growth;eps_growth;eps_next_year;operating_margin;earnings_window;market_regime_allows_new_entries,True,"{'price': 67.99, 'price_tv': 67.99, 'price_finviz': 67.99, 'sma50': 76.39529999999999, 'sma150': 64.9457, 'sma200': 66.586675, 'ema21': 73.67650602702189, 'ema50': 74.08917865928257, 'rsi14': 37.79489974506766, 'atr14': 3.845979571131182, 'atr_pct': 5.656684175807005, 'rvol20': 0.6663350672704524, 'performance_21d_pct': -11.361710449123274, 'distance_52w_high_pct': 26.544943820224727, 'distance_resistance_pct': 33.019561700250044, 'move_10d_pct': -11.077687679832593, 'structural_trend_pass': False}",pattern;previous_revenue_growth_yoy;shares_change_6m_pct,TradingView MCP + Finviz via finvizfinance screener views,2026-09-10T23:31:48+02:00,2026-08-27,,14,PEAD_WINDOW,
ALAB,Astera Labs Inc,tradingview_gates,price_above_sma50;ema21_above_ema50;within_25pct_52w_high;rsi14;performance_21d;market_regime_allows_new_entries,,price_min;market_cap_min;avg_volume_min;price_above_sma50;sma50_above_sma150;sma150_above_sma200;ema21_above_ema50;within_25pct_52w_high;rsi14;atr_pct;rvol20_data_available;performance_21d;distance_resistance_hard;no_extended_move_10d;revenue_growth;eps_growth;eps_next_year;operating_margin;earnings_window;market_regime_allows_new_entries,True,"{'price': 284.53, 'price_tv': 284.53, 'price_finviz': 284.53, 'sma50': 321.31170000000003, 'sma150': 249.0503, 'sma200': 227.40945, 'ema21': 296.9849083209715, 'ema50': 307.32282977878117, 'rsi14': 45.440670726569785, 'atr14': 23.77316056726853, 'atr_pct': 8.355238662801298, 'rvol20': 0.9121157281908348, 'performance_21d_pct': -8.801564152697217, 'distance_52w_high_pct': 43.034322756519735, 'distance_resistance_pct': 75.5443011281763, 'move_10d_pct': -1.9875990354805473, 'structural_trend_pass': False}",pattern;previous_revenue_growth_yoy;shares_change_6m_pct,TradingView MCP + Finviz via finvizfinance screener views,2026-09-10T23:32:02+02:00,2026-08-04,,37,NORMAL,
ALNY,Alnylam Pharmaceuticals Inc,tradingview_gates,price_above_sma50;sma50_above_sma150;sma150_above_sma200;ema21_above_ema50;within_25pct_52w_high;rsi14;market_regime_allows_new_entries,,price_min;market_cap_min;avg_volume_min;price_above_sma50;sma50_above_sma150;sma150_above_sma200;ema21_above_ema50;within_25pct_52w_high;rsi14;atr_pct;rvol20_data_available;performance_21d;distance_resistance_hard;no_extended_move_10d;revenue_growth;eps_growth;eps_next_year;operating_margin;earnings_window;market_regime_allows_new_entries,True,"{'price': 247.51, 'price_tv': 247.51, 'price_finviz': 247.51, 'sma50': 256.4192, 'sma150': 291.90323333333333, 'sma200': 318.120225, 'ema21': 247.90491438155223, 'ema50': 255.3448125210526, 'rsi14': 49.58752261155566, 'atr14': 11.9195241247539, 'atr_pct': 4.815774766576664, 'rvol20': 0.9388845946749161, 'performance_21d_pct': 11.894213381555163, 'distance_52w_high_pct': 50.053475935828885, 'distance_resistance_pct': 53.52915033736011, 'move_10d_pct': 3.560669456066945, 'structural_trend_pass': False}",pattern;previous_revenue_growth_yoy;shares_change_6m_pct,TradingView MCP + Finviz via finvizfinance screener views,2026-09-10T23:32:16+02:00,2026-07-30,,42,NORMAL,
AMAT,Applied Materials Inc,tradingview_gates,price_above_sma50;ema21_above_ema50;within_25pct_52w_high;rsi14;performance_21d;market_regime_allows_new_entries,,price_min;market_cap_min;avg_volume_min;price_above_sma50;sma50_above_sma150;sma150_above_sma200;ema21_above_ema50;within_25pct_52w_high;rsi14;atr_pct;rvol20_data_available;performance_21d;distance_resistance_hard;no_extended_move_10d;revenue_growth;eps_growth;eps_next_year;operating_margin;earnings_window;market_regime_allows_new_entries,True,"{'price': 454.01, 'price_tv': 454.01, 'price_finviz': 454.01, 'sma50': 520.7418, 'sma150': 453.3054666666667, 'sma200': 410.63875, 'ema21': 478.0232870257649, 'ema50': 498.95128894019007, 'rsi14': 40.80274289589268, 'atr14': 22.135655850556656, 'atr_pct': 4.875587729467777, 'rvol20': 0.6663151121277848, 'performance_21d_pct': -13.62226746066476, 'distance_52w_high_pct': 38.61992510173455, 'distance_resistance_pct': 62.91931895773221, 'move_10d_pct': -5.367266966816741, 'structural_trend_pass': False}",pattern;previous_revenue_growth_yoy;shares_change_6m_pct,TradingView MCP + Finviz via finvizfinance screener views,2026-09-10T23:32:21+02:00,2026-08-13,,28,NORMAL,
AMD,Advanced Micro Devices Inc,tradingview_gates,market_regime_allows_new_entries,,price_min;market_cap_min;avg_volume_min;price_above_sma50;sma50_above_sma150;sma150_above_sma200;ema21_above_ema50;within_25pct_52w_high;rsi14;atr_pct;rvol20_data_available;performance_21d;distance_resistance_hard;no_extended_move_10d;revenue_growth;eps_growth;eps_next_year;operating_margin;earnings_window;market_regime_allows_new_entries,True,"{'price': 503.6, 'price_tv': 503.6, 'price_finviz': 503.6, 'sma50': 497.0434, 'sma150': 386.52456666666666, 'sma200': 345.35067499999997, 'ema21': 484.0958797306902, 'ema50': 483.1047631900871, 'rsi14': 55.08745082807378, 'atr14': 22.86681732289262, 'atr_pct': 4.540670635999328, 'rvol20': 0.8789517020620669, 'performance_21d_pct': 6.173047731489301, 'distance_52w_high_pct': 13.8747798129051, 'distance_resistance_pct': 16.110007942811755, 'move_10d_pct': 4.713783710727126, 'structural_trend_pass': True}",pattern;previous_revenue_growth_yoy;shares_change_6m_pct,TradingView MCP + Finviz via finvizfinance screener views,2026-09-10T23:32:35+02:00,2026-08-04,,37,NORMAL,
AMLX,Amylyx Pharmaceuticals Inc,tradingview_gates,rsi14;performance_21d;market_regime_allows_new_entries,revenue_growth;eps_growth;operating_margin,price_min;market_cap_min;avg_volume_min;price_above_sma50;sma50_above_sma150;sma150_above_sma200;ema21_above_ema50;within_25pct_52w_high;rsi14;atr_pct;rvol20_data_available;performance_21d;distance_resistance_hard;no_extended_move_10d;eps_next_year;earnings_window;market_regime_allows_new_entries,True,"{'price': 32.09, 'price_tv': 32.09, 'price_finviz': 32.09, 'sma50': 25.1048, 'sma150': 18.349166666666665, 'sma200': 17.15115, 'ema21': 31.998153919296715, 'ema50': 27.020433664787607, 'rsi14': 54.81458726678497, 'atr14': 1.9757842879832688, 'atr_pct': 6.157009311259796, 'rvol20': 0.45151951781378397, 'performance_21d_pct': 35.801946677951776, 'distance_52w_high_pct': 21.998055420515307, 'distance_resistance_pct': 28.201932066064185, 'move_10d_pct': -13.4573894282632, 'structural_trend_pass': True}",gross_margin;operating_margin;pattern;previous_revenue_growth_yoy;revenue_growth_yoy;shares_change_6m_pct,TradingView MCP + Finviz via finvizfinance screener views,2026-09-10T23:32:49+02:00,2026-08-06,,35,NORMAL,
APP,Applovin Corp,tradingview_gates,price_above_sma50;sma50_above_sma150;sma150_above_sma200;ema21_above_ema50;within_25pct_52w_high;rsi14;performance_21d;market_regime_allows_new_entries,,price_min;market_cap_min;avg_volume_min;price_above_sma50;sma50_above_sma150;sma150_above_sma200;ema21_above_ema50;within_25pct_52w_high;rsi14;atr_pct;rvol20_data_available;performance_21d;distance_resistance_hard;no_extended_move_10d;revenue_growth;eps_growth;eps_next_year;operating_margin;earnings_window;market_regime_allows_new_entries,True,"{'price': 314.49, 'price_tv': 314.49, 'price_finviz': 314.49, 'sma50': 382.39660000000003, 'sma150': 436.6608, 'sma200': 482.81527500000004, 'ema21': 323.98903312097036, 'ema50': 367.11770062573964, 'rsi14': 41.44912875312411, 'atr14': 16.450462802682143, 'atr_pct': 5.23083811971196, 'rvol20': 0.9508324125842759, 'performance_21d_pct': -1.314798543993978, 'distance_52w_high_pct': 57.82111291425812, 'distance_resistance_pct': 83.2999141467137, 'move_10d_pct': 2.0706890396287037, 'structural_trend_pass': False}",pattern;previous_revenue_growth_yoy;shares_change_6m_pct,TradingView MCP + Finviz via finvizfinance screener views,2026-09-10T23:33:03+02:00,2026-08-05,,36,NORMAL,
ARXS,Arxis Inc,tradingview_gates,market_regime_allows_new_entries,price_above_sma50;sma50_above_sma150;sma150_above_sma200;ema21_above_ema50;within_25pct_52w_high;rsi14;atr_pct;rvol20_data_available;performance_21d;distance_resistance_hard;no_extended_move_10d;revenue_growth;eps_growth;operating_margin,price_min;market_cap_min;avg_volume_min;eps_next_year;earnings_window;market_regime_allows_new_entries,False,"{'price': None, 'price_tv': None, 'price_finviz': 51.98, 'sma50': None, 'sma150': None, 'sma200': None, 'ema21': None, 'ema50': None, 'rsi14': None, 'atr14': None, 'atr_pct': None, 'rvol20': None, 'performance_21d_pct': None, 'distance_52w_high_pct': None, 'distance_resistance_pct': None, 'move_10d_pct': None, 'structural_trend_pass': False}",atr14;atr_pct;distance_52w_high_pct;distance_resistance_pct;ema21;ema50;eps_growth_yoy;gross_margin;move_10d_pct;operating_margin;pattern;performance_21d_pct;previous_revenue_growth_yoy;price;price_tv;resistance;revenue_growth_yoy;rsi14;rvol20;shares_change_6m_pct;sma150;sma200;sma50;week52_high,TradingView MCP + Finviz via finvizfinance screener views,2026-09-10T23:33:09+02:00,2026-07-29,,43,NORMAL,
ASML,ASML Holding NV,tradingview_gates,price_above_sma50;ema21_above_ema50;rsi14;performance_21d;market_regime_allows_new_entries,,price_min;market_cap_min;avg_volume_min;price_above_sma50;sma50_above_sma150;sma150_above_sma200;ema21_above_ema50;within_25pct_52w_high;rsi14;atr_pct;rvol20_data_available;performance_21d;distance_resistance_hard;no_extended_move_10d;revenue_growth;eps_growth;eps_next_year;operating_margin;earnings_window;market_regime_allows_new_entries,True,"{'price': 1687.43, 'price_tv': 1687.43, 'price_finviz': 1687.43, 'sma50': 1741.7674, 'sma150': 1591.4356, 'sma200': 1491.318725, 'ema21': 1724.5533366529664, 'ema50': 1725.2170472785697, 'rsi14': 45.37066056391691, 'atr14': 55.866097851935706, 'atr_pct': 3.3107209100191244, 'rvol20': 0.9347382366815316, 'performance_21d_pct': -6.221587435672293, 'distance_52w_high_pct': 15.626812536250723, 'distance_resistance_pct': 18.521064577493583, 'move_10d_pct': -3.3345936160949607, 'structural_trend_pass': False}",pattern;previous_revenue_growth_yoy;shares_change_6m_pct,TradingView MCP + Finviz via finvizfinance screener views,2026-09-10T23:33:23+02:00,2026-07-15,,57,NORMAL,
AUGO,Aura Minerals Inc,tradingview_gates,sma50_above_sma150;market_regime_allows_new_entries,,price_min;market_cap_min;avg_volume_min;price_above_sma50;sma50_above_sma150;sma150_above_sma200;ema21_above_ema50;within_25pct_52w_high;rsi14;atr_pct;rvol20_data_available;performance_21d;distance_resistance_hard;no_extended_move_10d;revenue_growth;eps_growth;eps_next_year;operating_margin;earnings_window;market_regime_allows_new_entries,True,"{'price': 86.01, 'price_tv': 86.01, 'price_finviz': 86.01, 'sma50': 69.7323, 'sma150': 74.90646666666666, 'sma200': 69.30185, 'ema21': 81.85952183228582, 'ema50': 75.38810404916913, 'rsi14': 60.15531246716211, 'atr14': 4.6256009333905395, 'atr_pct': 5.377980389943657, 'rvol20': 1.3659215933672868, 'performance_21d_pct': 13.081777544044183, 'distance_52w_high_pct': 22.036602278804573, 'distance_resistance_pct': 5.383094988954767, 'move_10d_pct': -3.6842105263157787, 'structural_trend_pass': False}",pattern;previous_revenue_growth_yoy;shares_change_6m_pct,TradingView MCP + Finviz via finvizfinance screener views,2026-09-10T23:33:28+02:00,2026-08-05,,36,NORMAL,
AVGO,Broadcom Inc,tradingview_gates,price_above_sma50;ema21_above_ema50;within_25pct_52w_high;rsi14;performance_21d;market_regime_allows_new_entries,,price_min;market_cap_min;avg_volume_min;price_above_sma50;sma50_above_sma150;sma150_above_sma200;ema21_above_ema50;within_25pct_52w_high;rsi14;atr_pct;rvol20_data_available;performance_21d;distance_resistance_hard;no_extended_move_10d;revenue_growth;eps_growth;eps_next_year;operating_margin;earnings_window;market_regime_allows_new_entries,True,"{'price': 360.83, 'price_tv': 360.83, 'price_finviz': 360.83, 'sma50': 383.2323, 'sma150': 375.8430666666667, 'sma200': 370.0937, 'ema21': 371.6926403403929, 'ema50': 380.7597739388324, 'rsi14': 41.397347568152384, 'atr14': 12.496085370281829, 'atr_pct': 3.4631503395731587, 'rvol20': 0.8834433587859855, 'performance_21d_pct': -13.278696404537593, 'distance_52w_high_pct': 27.10505050505051, 'distance_resistance_pct': 19.926281074190072, 'move_10d_pct': 1.473607244298214, 'structural_trend_pass': False}",pattern;previous_revenue_growth_yoy;shares_change_6m_pct,TradingView MCP + Finviz via finvizfinance screener views,2026-09-10T23:33:43+02:00,2026-09-02,,8,PEAD_WINDOW,
AYA,Aya Gold & Silver Inc,tradingview_gates,market_regime_allows_new_entries,earnings_window,price_min;market_cap_min;avg_volume_min;price_above_sma50;sma50_above_sma150;sma150_above_sma200;ema21_above_ema50;within_25pct_52w_high;rsi14;atr_pct;rvol20_data_available;performance_21d;distance_resistance_hard;no_extended_move_10d;revenue_growth;eps_growth;eps_next_year;operating_margin;market_regime_allows_new_entries,True,"{'price': 28.42, 'price_tv': 28.42, 'price_finviz': 28.42, 'sma50': 23.7746, 'sma150': 19.716890666666668, 'sma200': 18.5873405, 'ema21': 27.43032236366745, 'ema50': 24.78340944756071, 'rsi14': 56.41778505438995, 'atr14': 1.6451214566284624, 'atr_pct': 5.788604703126187, 'rvol20': 0.7499955650463812, 'performance_21d_pct': 2.083333333333348, 'distance_52w_high_pct': 6.513157894736832, 'distance_resistance_pct': 6.966924700914837, 'move_10d_pct': 2.340655383507384, 'structural_trend_pass': True}",pattern;previous_revenue_growth_yoy;shares_change_6m_pct,TradingView MCP + Finviz via finvizfinance screener views,2026-09-10T23:33:57+02:00,,,,UNKNOWN,
BSP,Bending Spoons S.p.A,tradingview_gates,market_regime_allows_new_entries,price_above_sma50;sma50_above_sma150;sma150_above_sma200;ema21_above_ema50;within_25pct_52w_high;rsi14;atr_pct;rvol20_data_available;performance_21d;distance_resistance_hard;no_extended_move_10d;revenue_growth;eps_growth;operating_margin,price_min;market_cap_min;avg_volume_min;eps_next_year;earnings_window;market_regime_allows_new_entries,False,"{'price': None, 'price_tv': None, 'price_finviz': 39.67, 'sma50': None, 'sma150': None, 'sma200': None, 'ema21': None, 'ema50': None, 'rsi14': None, 'atr14': None, 'atr_pct': None, 'rvol20': None, 'performance_21d_pct': None, 'distance_52w_high_pct': None, 'distance_resistance_pct': None, 'move_10d_pct': None, 'structural_trend_pass': False}",atr14;atr_pct;distance_52w_high_pct;distance_resistance_pct;ema21;ema50;eps_growth_yoy;gross_margin;move_10d_pct;operating_margin;pattern;performance_21d_pct;previous_revenue_growth_yoy;price;price_tv;resistance;revenue_growth_yoy;rsi14;rvol20;shares_change_6m_pct;sma150;sma200;sma50;week52_high,TradingView MCP + Finviz via finvizfinance screener views,2026-09-10T23:34:02+02:00,2026-08-13,,28,NORMAL,
CAI,Caris Life Sciences Inc,tradingview_gates,sma150_above_sma200;within_25pct_52w_high;rsi14;market_regime_allows_new_entries,,price_min;market_cap_min;avg_volume_min;price_above_sma50;sma50_above_sma150;sma150_above_sma200;ema21_above_ema50;within_25pct_52w_high;rsi14;atr_pct;rvol20_data_available;performance_21d;distance_resistance_hard;no_extended_move_10d;revenue_growth;eps_growth;eps_next_year;operating_margin;earnings_window;market_regime_allows_new_entries,True,"{'price': 24.04, 'price_tv': 24.04, 'price_finviz': 24.04, 'sma50': 20.3456, 'sma150': 19.089066666666668, 'sma200': 20.953575, 'ema21': 23.90789035003329, 'ema50': 21.651151736696598, 'rsi14': 54.40874813279466, 'atr14': 1.281134730205991, 'atr_pct': 5.329179410174672, 'rvol20': 0.5161709601842501, 'performance_21d_pct': 3.889369057908376, 'distance_52w_high_pct': 31.704545454545464, 'distance_resistance_pct': 17.8036605657238, 'move_10d_pct': -10.365398956002991, 'structural_trend_pass': False}",pattern;previous_revenue_growth_yoy;shares_change_6m_pct,TradingView MCP + Finviz via finvizfinance screener views,2026-09-10T23:34:16+02:00,2026-08-05,,36,NORMAL,
CDNS,Cadence Design Systems Inc,tradingview_gates,price_above_sma50;ema21_above_ema50;within_25pct_52w_high;rsi14;performance_21d;market_regime_allows_new_entries,,price_min;market_cap_min;avg_volume_min;price_above_sma50;sma50_above_sma150;sma150_above_sma200;ema21_above_ema50;within_25pct_52w_high;rsi14;atr_pct;rvol20_data_available;performance_21d;distance_resistance_hard;no_extended_move_10d;revenue_growth;eps_growth;eps_next_year;operating_margin;earnings_window;market_regime_allows_new_entries,True,"{'price': 284.95, 'price_tv': 284.95, 'price_finviz': 284.95, 'sma50': 336.2095, 'sma150': 330.64689999999996, 'sma200': 326.837525, 'ema21': 313.8196442586455, 'ema50': 329.8111111708965, 'rsi14': 29.012541584694773, 'atr14': 11.721417726567584, 'atr_pct': 4.113499816307276, 'rvol20': 0.7981222160735392, 'performance_21d_pct': -13.000335847097977, 'distance_52w_high_pct': 31.615829513547244, 'distance_resistance_pct': 41.56167748727847, 'move_10d_pct': -14.858969762160879, 'structural_trend_pass': False}",pattern;previous_revenue_growth_yoy;shares_change_6m_pct,TradingView MCP + Finviz via finvizfinance screener views,2026-09-10T23:34:30+02:00,2026-07-27,,45,NORMAL,
CRDO,Credo Technology Group Holding Ltd,tradingview_gates,price_above_sma50;ema21_above_ema50;within_25pct_52w_high;rsi14;performance_21d;market_regime_allows_new_entries,,price_min;market_cap_min;avg_volume_min;price_above_sma50;sma50_above_sma150;sma150_above_sma200;ema21_above_ema50;within_25pct_52w_high;rsi14;atr_pct;rvol20_data_available;performance_21d;distance_resistance_hard;no_extended_move_10d;revenue_growth;eps_growth;eps_next_year;operating_margin;earnings_window;market_regime_allows_new_entries,True,"{'price': 160.31, 'price_tv': 160.31, 'price_finviz': 160.31, 'sma50': 225.0223, 'sma150': 185.1413, 'sma200': 175.743825, 'ema21': 203.4591732400205, 'ema50': 216.31883427353745, 'rsi14': 31.895149716383244, 'atr14': 17.296871702967312, 'atr_pct': 10.789639887073365, 'rvol20': 0.9767006204710434, 'performance_21d_pct': -35.27796842827728, 'distance_52w_high_pct': 48.06425893810831, 'distance_resistance_pct': 92.54563034121388, 'move_10d_pct': -29.219833105214366, 'structural_trend_pass': False}",pattern;previous_revenue_growth_yoy;shares_change_6m_pct,TradingView MCP + Finviz via finvizfinance screener views,2026-09-10T23:34:44+02:00,2026-09-01,,9,PEAD_WINDOW,
FIGR,Figure Technology Solutions Inc,tradingview_gates,sma50_above_sma150;sma150_above_sma200;within_25pct_52w_high;rsi14;performance_21d;market_regime_allows_new_entries,,price_min;market_cap_min;avg_volume_min;price_above_sma50;sma50_above_sma150;sma150_above_sma200;ema21_above_ema50;within_25pct_52w_high;rsi14;atr_pct;rvol20_data_available;performance_21d;distance_resistance_hard;no_extended_move_10d;revenue_growth;eps_growth;eps_next_year;operating_margin;earnings_window;market_regime_allows_new_entries,True,"{'price': 36.57, 'price_tv': 36.57, 'price_finviz': 36.57, 'sma50': 32.2527, 'sma150': 33.11543333333333, 'sma200': 36.8938, 'ema21': 35.383378201475544, 'ema50': 33.51721127480704, 'rsi14': 54.6123349361413, 'atr14': 2.5506670143367267, 'atr_pct': 6.974752568599198, 'rvol20': 0.7395162437338607, 'performance_21d_pct': 31.35775862068966, 'distance_52w_high_pct': 53.11538461538462, 'distance_resistance_pct': 13.480995351380912, 'move_10d_pct': -1.3754045307443286, 'structural_trend_pass': False}",pattern;previous_revenue_growth_yoy;shares_change_6m_pct,TradingView MCP + Finviz via finvizfinance screener views,2026-09-10T23:34:58+02:00,2026-08-13,,28,NORMAL,
FORM,FormFactor Inc,tradingview_gates,sma50_above_sma150;ema21_above_ema50;within_25pct_52w_high;rsi14;performance_21d;market_regime_allows_new_entries,,price_min;market_cap_min;avg_volume_min;price_above_sma50;sma50_above_sma150;sma150_above_sma200;ema21_above_ema50;within_25pct_52w_high;rsi14;atr_pct;rvol20_data_available;performance_21d;distance_resistance_hard;no_extended_move_10d;revenue_growth;eps_growth;eps_next_year;operating_margin;earnings_window;market_regime_allows_new_entries,True,"{'price': 112.12, 'price_tv': 112.12, 'price_finviz': 112.12, 'sma50': 112.09030000000001, 'sma150': 116.18726666666667, 'sma200': 102.978925, 'ema21': 109.25769090791138, 'ema50': 113.59766890147887, 'rsi14': 51.57317369650393, 'atr14': 7.7076698085199995, 'atr_pct': 6.874482526328933, 'rvol20': 1.0989922824760212, 'performance_21d_pct': -7.392417609647306, 'distance_52w_high_pct': 30.043052349160792, 'distance_resistance_pct': 42.94505886550125, 'move_10d_pct': 3.718778908418141, 'structural_trend_pass': False}",pattern;previous_revenue_growth_yoy;shares_change_6m_pct,TradingView MCP + Finviz via finvizfinance screener views,2026-09-10T23:35:12+02:00,2026-07-29,,43,NORMAL,
FRVO,Fervo Energy Co,tradingview_gates,market_regime_allows_new_entries,price_above_sma50;sma50_above_sma150;sma150_above_sma200;ema21_above_ema50;within_25pct_52w_high;rsi14;atr_pct;rvol20_data_available;performance_21d;distance_resistance_hard;no_extended_move_10d;revenue_growth;eps_growth;operating_margin,price_min;market_cap_min;avg_volume_min;eps_next_year;earnings_window;market_regime_allows_new_entries,False,"{'price': None, 'price_tv': None, 'price_finviz': 15.73, 'sma50': None, 'sma150': None, 'sma200': None, 'ema21': None, 'ema50': None, 'rsi14': None, 'atr14': None, 'atr_pct': None, 'rvol20': None, 'performance_21d_pct': None, 'distance_52w_high_pct': None, 'distance_resistance_pct': None, 'move_10d_pct': None, 'structural_trend_pass': False}",atr14;atr_pct;distance_52w_high_pct;distance_resistance_pct;ema21;ema50;eps_growth_yoy;gross_margin;move_10d_pct;operating_margin;pattern;performance_21d_pct;previous_revenue_growth_yoy;price;price_tv;resistance;revenue_growth_yoy;rsi14;rvol20;shares_change_6m_pct;sma150;sma200;sma50;week52_high,TradingView MCP + Finviz via finvizfinance screener views,2026-09-10T23:35:18+02:00,2026-08-12,,29,NORMAL,
GLBE,Global E Online Ltd,tradingview_gates,price_above_sma50;sma150_above_sma200;rsi14;performance_21d;market_regime_allows_new_entries,,price_min;market_cap_min;avg_volume_min;price_above_sma50;sma50_above_sma150;sma150_above_sma200;ema21_above_ema50;within_25pct_52w_high;rsi14;atr_pct;rvol20_data_available;performance_21d;distance_resistance_hard;no_extended_move_10d;revenue_growth;eps_growth;eps_next_year;operating_margin;earnings_window;market_regime_allows_new_entries,True,"{'price': 36.5, 'price_tv': 36.5, 'price_finviz': 36.5, 'sma50': 38.8562, 'sma150': 34.51833333333333, 'sma200': 35.598525, 'ema21': 38.57487536242473, 'ema50': 38.090415491126365, 'rsi14': 38.988825908262186, 'atr14': 1.4784911526963316, 'atr_pct': 4.050660692318717, 'rvol20': 0.8313396815215798, 'performance_21d_pct': -10.670582476749878, 'distance_52w_high_pct': 17.02659695385315, 'distance_resistance_pct': 20.520547945205486, 'move_10d_pct': -6.7211857909532435, 'structural_trend_pass': False}",pattern;previous_revenue_growth_yoy;shares_change_6m_pct,TradingView MCP + Finviz via finvizfinance screener views,2026-09-10T23:35:32+02:00,2026-08-12,,29,NORMAL,
HALO,Halozyme Therapeutics Inc,tradingview_gates,atr_pct;market_regime_allows_new_entries,,price_min;market_cap_min;avg_volume_min;price_above_sma50;sma50_above_sma150;sma150_above_sma200;ema21_above_ema50;within_25pct_52w_high;rsi14;atr_pct;rvol20_data_available;performance_21d;distance_resistance_hard;no_extended_move_10d;revenue_growth;eps_growth;eps_next_year;operating_margin;earnings_window;market_regime_allows_new_entries,True,"{'price': 107, 'price_tv': 107, 'price_finviz': 107.0, 'sma50': 92.51190000000001, 'sma150': 76.59633333333333, 'sma200': 74.77785, 'ema21': 104.59650394986011, 'ema50': 95.20036153649713, 'rsi14': 62.10415497374542, 'atr14': 2.8025779949708083, 'atr_pct': 2.6192317710007553, 'rvol20': 0.7381460159462354, 'performance_21d_pct': 4.2681738452543305, 'distance_52w_high_pct': 3.7336932073774225, 'distance_resistance_pct': 3.878504672897202, 'move_10d_pct': -0.05604334018307622, 'structural_trend_pass': True}",pattern;previous_revenue_growth_yoy;shares_change_6m_pct,TradingView MCP + Finviz via finvizfinance screener views,2026-09-10T23:35:46+02:00,2026-08-06,,35,NORMAL,
HONA,Honeywell Aerospace Inc,tradingview_gates,market_regime_allows_new_entries,price_above_sma50;sma50_above_sma150;sma150_above_sma200;ema21_above_ema50;within_25pct_52w_high;rsi14;atr_pct;rvol20_data_available;performance_21d;distance_resistance_hard;no_extended_move_10d;revenue_growth;eps_growth;operating_margin,price_min;market_cap_min;avg_volume_min;eps_next_year;earnings_window;market_regime_allows_new_entries,False,"{'price': None, 'price_tv': None, 'price_finviz': 153.75, 'sma50': None, 'sma150': None, 'sma200': None, 'ema21': None, 'ema50': None, 'rsi14': None, 'atr14': None, 'atr_pct': None, 'rvol20': None, 'performance_21d_pct': None, 'distance_52w_high_pct': None, 'distance_resistance_pct': None, 'move_10d_pct': None, 'structural_trend_pass': False}",atr14;atr_pct;distance_52w_high_pct;distance_resistance_pct;ema21;ema50;eps_growth_yoy;gross_margin;move_10d_pct;operating_margin;pattern;performance_21d_pct;previous_revenue_growth_yoy;price;price_tv;resistance;revenue_growth_yoy;rsi14;rvol20;shares_change_6m_pct;sma150;sma200;sma50;week52_high,TradingView MCP + Finviz via finvizfinance screener views,2026-09-10T23:35:52+02:00,2026-08-05,,36,NORMAL,
HOOD,Robinhood Markets Inc,tradingview_gates,sma150_above_sma200;within_25pct_52w_high;market_regime_allows_new_entries,,price_min;market_cap_min;avg_volume_min;price_above_sma50;sma50_above_sma150;sma150_above_sma200;ema21_above_ema50;within_25pct_52w_high;rsi14;atr_pct;rvol20_data_available;performance_21d;distance_resistance_hard;no_extended_move_10d;revenue_growth;eps_growth;eps_next_year;operating_margin;earnings_window;market_regime_allows_new_entries,True,"{'price': 113.33, 'price_tv': 113.33, 'price_finviz': 113.33, 'sma50': 103.3564, 'sma150': 88.2007, 'sma200': 95.132525, 'ema21': 108.02460015161243, 'ema50': 102.47700652155383, 'rsi14': 56.600004984776014, 'atr14': 6.514256438903842, 'atr_pct': 5.748042388514817, 'rvol20': 0.7451946527944913, 'performance_21d_pct': 20.07840644204282, 'distance_52w_high_pct': 26.34208133503272, 'distance_resistance_pct': 10.517956410482663, 'move_10d_pct': 4.413119587248926, 'structural_trend_pass': False}",pattern;previous_revenue_growth_yoy;shares_change_6m_pct,TradingView MCP + Finviz via finvizfinance screener views,2026-09-10T23:36:06+02:00,2026-07-29,,43,NORMAL,
IBKR,Interactive Brokers Group Inc,tradingview_gates,price_above_sma50;rsi14;performance_21d;market_regime_allows_new_entries,,price_min;market_cap_min;avg_volume_min;price_above_sma50;sma50_above_sma150;sma150_above_sma200;ema21_above_ema50;within_25pct_52w_high;rsi14;atr_pct;rvol20_data_available;performance_21d;distance_resistance_hard;no_extended_move_10d;revenue_growth;eps_growth;eps_next_year;operating_margin;earnings_window;market_regime_allows_new_entries,True,"{'price': 89.42, 'price_tv': 89.42, 'price_finviz': 89.42, 'sma50': 92.1126, 'sma150': 82.893, 'sma200': 79.303575, 'ema21': 92.09141962202254, 'ema50': 91.193397096921, 'rsi14': 44.520592481312036, 'atr14': 3.043881986200566, 'atr_pct': 3.4040281661826954, 'rvol20': 0.7822427529692731, 'performance_21d_pct': -0.4009801737580698, 'distance_52w_high_pct': 9.448101265822784, 'distance_resistance_pct': 10.433907403265486, 'move_10d_pct': -7.833436404864969, 'structural_trend_pass': False}",pattern;previous_revenue_growth_yoy;shares_change_6m_pct,TradingView MCP + Finviz via finvizfinance screener views,2026-09-10T23:36:11+02:00,2026-07-21,,51,NORMAL,
INCY,Incyte Corp,tradingview_gates,rsi14;atr_pct;market_regime_allows_new_entries,,price_min;market_cap_min;avg_volume_min;price_above_sma50;sma50_above_sma150;sma150_above_sma200;ema21_above_ema50;within_25pct_52w_high;rsi14;atr_pct;rvol20_data_available;performance_21d;distance_resistance_hard;no_extended_move_10d;revenue_growth;eps_growth;eps_next_year;operating_margin;earnings_window;market_regime_allows_new_entries,True,"{'price': 123.28, 'price_tv': 123.28, 'price_finviz': 123.28, 'sma50': 121.4454, 'sma150': 106.12373333333333, 'sma200': 105.0538, 'ema21': 124.87057067156286, 'ema50': 120.47678409306398, 'rsi14': 48.27117808707689, 'atr14': 3.532924414405161, 'atr_pct': 2.865772561976931, 'rvol20': 1.20192812736747, 'performance_21d_pct': 1.825390270091698, 'distance_52w_high_pct': 7.0286576168929065, 'distance_resistance_pct': 7.560025957170663, 'move_10d_pct': -3.7777083983765225, 'structural_trend_pass': True}",pattern;previous_revenue_growth_yoy;shares_change_6m_pct,TradingView MCP + Finviz via finvizfinance screener views,2026-09-10T23:36:25+02:00,2026-07-28,,44,NORMAL,
INIO,Innio NV,tradingview_gates,market_regime_allows_new_entries,price_above_sma50;sma50_above_sma150;sma150_above_sma200;ema21_above_ema50;within_25pct_52w_high;rsi14;atr_pct;rvol20_data_available;performance_21d;distance_resistance_hard;no_extended_move_10d;revenue_growth;eps_growth;operating_margin,price_min;market_cap_min;avg_volume_min;eps_next_year;earnings_window;market_regime_allows_new_entries,False,"{'price': None, 'price_tv': None, 'price_finviz': 19.6, 'sma50': None, 'sma150': None, 'sma200': None, 'ema21': None, 'ema50': None, 'rsi14': None, 'atr14': None, 'atr_pct': None, 'rvol20': None, 'performance_21d_pct': None, 'distance_52w_high_pct': None, 'distance_resistance_pct': None, 'move_10d_pct': None, 'structural_trend_pass': False}",atr14;atr_pct;distance_52w_high_pct;distance_resistance_pct;ema21;ema50;eps_growth_yoy;gross_margin;move_10d_pct;operating_margin;pattern;performance_21d_pct;previous_revenue_growth_yoy;price;price_tv;resistance;revenue_growth_yoy;rsi14;rvol20;shares_change_6m_pct;sma150;sma200;sma50;week52_high,TradingView MCP + Finviz via finvizfinance screener views,2026-09-10T23:36:31+02:00,2026-07-28,,44,NORMAL,
IOND,Ionic Digital Inc,tradingview_gates,market_regime_allows_new_entries,price_above_sma50;sma50_above_sma150;sma150_above_sma200;ema21_above_ema50;within_25pct_52w_high;rsi14;atr_pct;rvol20_data_available;performance_21d;distance_resistance_hard;no_extended_move_10d;revenue_growth;eps_growth;operating_margin,price_min;market_cap_min;avg_volume_min;eps_next_year;earnings_window;market_regime_allows_new_entries,False,"{'price': None, 'price_tv': None, 'price_finviz': 79.88, 'sma50': None, 'sma150': None, 'sma200': None, 'ema21': None, 'ema50': None, 'rsi14': None, 'atr14': None, 'atr_pct': None, 'rvol20': None, 'performance_21d_pct': None, 'distance_52w_high_pct': None, 'distance_resistance_pct': None, 'move_10d_pct': None, 'structural_trend_pass': False}",atr14;atr_pct;distance_52w_high_pct;distance_resistance_pct;ema21;ema50;eps_growth_yoy;gross_margin;move_10d_pct;operating_margin;pattern;performance_21d_pct;previous_revenue_growth_yoy;price;price_tv;resistance;revenue_growth_yoy;rsi14;rvol20;shares_change_6m_pct;sma150;sma200;sma50;week52_high,TradingView MCP + Finviz via finvizfinance screener views,2026-09-10T23:36:45+02:00,2026-08-19,,22,NORMAL,
KLIC,Kulicke & Soffa Industries Inc,tradingview_gates,price_above_sma50;ema21_above_ema50;within_25pct_52w_high;rsi14;performance_21d;market_regime_allows_new_entries,,price_min;market_cap_min;avg_volume_min;price_above_sma50;sma50_above_sma150;sma150_above_sma200;ema21_above_ema50;within_25pct_52w_high;rsi14;atr_pct;rvol20_data_available;performance_21d;distance_resistance_hard;no_extended_move_10d;revenue_growth;eps_growth;eps_next_year;operating_margin;earnings_window;market_regime_allows_new_entries,True,"{'price': 82.97, 'price_tv': 82.97, 'price_finviz': 82.97, 'sma50': 94.9067, 'sma150': 89.32703333333333, 'sma200': 79.718975, 'ema21': 85.32606907082324, 'ema50': 91.5445462314678, 'rsi14': 42.85476843522883, 'atr14': 4.347280472362258, 'atr_pct': 5.2395811406077595, 'rvol20': 0.7449409198015908, 'performance_21d_pct': -8.844210063722258, 'distance_52w_high_pct': 38.90279823269515, 'distance_resistance_pct': 63.67361696998917, 'move_10d_pct': -2.250235626767194, 'structural_trend_pass': False}",pattern;previous_revenue_growth_yoy;shares_change_6m_pct,TradingView MCP + Finviz via finvizfinance screener views,2026-09-10T23:36:59+02:00,2026-08-05,,36,NORMAL,
LFTO,Liftoff Mobile Inc,tradingview_gates,market_regime_allows_new_entries,price_above_sma50;sma50_above_sma150;sma150_above_sma200;ema21_above_ema50;within_25pct_52w_high;rsi14;atr_pct;rvol20_data_available;performance_21d;distance_resistance_hard;no_extended_move_10d,price_min;market_cap_min;avg_volume_min;revenue_growth;eps_growth;eps_next_year;operating_margin;earnings_window;market_regime_allows_new_entries,False,"{'price': None, 'price_tv': None, 'price_finviz': 17.55, 'sma50': None, 'sma150': None, 'sma200': None, 'ema21': None, 'ema50': None, 'rsi14': None, 'atr14': None, 'atr_pct': None, 'rvol20': None, 'performance_21d_pct': None, 'distance_52w_high_pct': None, 'distance_resistance_pct': None, 'move_10d_pct': None, 'structural_trend_pass': False}",atr14;atr_pct;distance_52w_high_pct;distance_resistance_pct;ema21;ema50;move_10d_pct;pattern;performance_21d_pct;previous_revenue_growth_yoy;price;price_tv;resistance;rsi14;rvol20;shares_change_6m_pct;sma150;sma200;sma50;week52_high,TradingView MCP + Finviz via finvizfinance screener views,2026-09-10T23:37:13+02:00,2026-08-12,,29,NORMAL,
LPLA,LPL Financial Holdings Inc,tradingview_gates,sma150_above_sma200;rsi14;atr_pct;performance_21d;market_regime_allows_new_entries,,price_min;market_cap_min;avg_volume_min;price_above_sma50;sma50_above_sma150;sma150_above_sma200;ema21_above_ema50;within_25pct_52w_high;rsi14;atr_pct;rvol20_data_available;performance_21d;distance_resistance_hard;no_extended_move_10d;revenue_growth;eps_growth;eps_next_year;operating_margin;earnings_window;market_regime_allows_new_entries,True,"{'price': 347.26, 'price_tv': 347.26, 'price_finviz': 347.26, 'sma50': 344.7785, 'sma150': 318.79993333333334, 'sma200': 330.82775000000004, 'ema21': 356.62977726603987, 'ema50': 345.29333738567306, 'rsi14': 43.29113302935886, 'atr14': 9.947697967122172, 'atr_pct': 2.8646253432938353, 'rvol20': 0.6637211082282154, 'performance_21d_pct': -6.446833158220855, 'distance_52w_high_pct': 13.219712115153945, 'distance_resistance_pct': 9.140125554339692, 'move_10d_pct': -3.6044913878055196, 'structural_trend_pass': False}",pattern;previous_revenue_growth_yoy;shares_change_6m_pct,TradingView MCP + Finviz via finvizfinance screener views,2026-09-10T23:37:27+02:00,2026-07-30,,42,NORMAL,
LQDA,Liquidia Corp,tradingview_gates,price_above_sma50;ema21_above_ema50;within_25pct_52w_high;rsi14;performance_21d;market_regime_allows_new_entries,,price_min;market_cap_min;avg_volume_min;price_above_sma50;sma50_above_sma150;sma150_above_sma200;ema21_above_ema50;within_25pct_52w_high;rsi14;atr_pct;rvol20_data_available;performance_21d;distance_resistance_hard;no_extended_move_10d;revenue_growth;eps_growth;eps_next_year;operating_margin;earnings_window;market_regime_allows_new_entries,True,"{'price': 67.85, 'price_tv': 67.85, 'price_finviz': 67.85, 'sma50': 77.9262, 'sma150': 57.266733333333335, 'sma200': 51.936899999999994, 'ema21': 71.67365814756278, 'ema50': 73.1294808993867, 'rsi14': 39.79537496071397, 'atr14': 3.5213172225764438, 'atr_pct': 5.1898558917854745, 'rvol20': 0.6220828933392448, 'performance_21d_pct': -22.941510505394668, 'distance_52w_high_pct': 27.518427518427522, 'distance_resistance_pct': 37.96610169491527, 'move_10d_pct': -4.918721973094176, 'structural_trend_pass': False}",pattern;previous_revenue_growth_yoy;shares_change_6m_pct,TradingView MCP + Finviz via finvizfinance screener views,2026-09-10T23:37:41+02:00,2026-08-12,,29,NORMAL,
LRCX,Lam Research Corp,tradingview_gates,price_above_sma50;ema21_above_ema50;within_25pct_52w_high;rsi14;performance_21d;market_regime_allows_new_entries,,price_min;market_cap_min;avg_volume_min;price_above_sma50;sma50_above_sma150;sma150_above_sma200;ema21_above_ema50;within_25pct_52w_high;rsi14;atr_pct;rvol20_data_available;performance_21d;distance_resistance_hard;no_extended_move_10d;revenue_growth;eps_growth;eps_next_year;operating_margin;earnings_window;market_regime_allows_new_entries,True,"{'price': 298.01, 'price_tv': 298.01, 'price_finviz': 298.01, 'sma50': 316.1026, 'sma150': 288.14886666666666, 'sma200': 263.40845, 'ema21': 308.75225511265626, 'ema50': 313.5890139480314, 'rsi14': 45.067688052888855, 'atr14': 15.951447124239083, 'atr_pct': 5.352654986154519, 'rvol20': 1.3698507636320714, 'performance_21d_pct': -4.303008895025862, 'distance_52w_high_pct': 32.0387685290764, 'distance_resistance_pct': 47.142713331767396, 'move_10d_pct': -4.75262081309128, 'structural_trend_pass': False}",pattern;previous_revenue_growth_yoy;shares_change_6m_pct,TradingView MCP + Finviz via finvizfinance screener views,2026-09-10T23:37:55+02:00,2026-07-29,,43,NORMAL,
LSCC,Lattice Semiconductor Corp,tradingview_gates,price_above_sma50;ema21_above_ema50;within_25pct_52w_high;rsi14;performance_21d;market_regime_allows_new_entries,,price_min;market_cap_min;avg_volume_min;price_above_sma50;sma50_above_sma150;sma150_above_sma200;ema21_above_ema50;within_25pct_52w_high;rsi14;atr_pct;rvol20_data_available;performance_21d;distance_resistance_hard;no_extended_move_10d;revenue_growth;eps_growth;eps_next_year;operating_margin;earnings_window;market_regime_allows_new_entries,True,"{'price': 114.14, 'price_tv': 114.14, 'price_finviz': 114.14, 'sma50': 125.66940000000001, 'sma150': 118.89433333333335, 'sma200': 108.77385, 'ema21': 118.54583157103983, 'ema50': 123.5808780142149, 'rsi14': 41.898770052421504, 'atr14': 5.453733628928188, 'atr_pct': 4.778109014305404, 'rvol20': 0.7005737587582359, 'performance_21d_pct': -9.4988899460831, 'distance_52w_high_pct': 27.303993376218074, 'distance_resistance_pct': 37.55913790082354, 'move_10d_pct': -4.357298474945537, 'structural_trend_pass': False}",pattern;previous_revenue_growth_yoy;shares_change_6m_pct,TradingView MCP + Finviz via finvizfinance screener views,2026-09-10T23:38:09+02:00,2026-08-04,,37,NORMAL,
MCHP,Microchip Technology Inc,tradingview_gates,price_above_sma50;sma50_above_sma150;ema21_above_ema50;within_25pct_52w_high;rsi14;performance_21d;market_regime_allows_new_entries,,price_min;market_cap_min;avg_volume_min;price_above_sma50;sma50_above_sma150;sma150_above_sma200;ema21_above_ema50;within_25pct_52w_high;rsi14;atr_pct;rvol20_data_available;performance_21d;distance_resistance_hard;no_extended_move_10d;revenue_growth;eps_growth;eps_next_year;operating_margin;earnings_window;market_regime_allows_new_entries,True,"{'price': 71.58, 'price_tv': 71.58, 'price_finviz': 71.58, 'sma50': 78.8592, 'sma150': 80.9362, 'sma200': 77.7158, 'ema21': 74.84165299042013, 'ema50': 78.51108531771142, 'rsi14': 39.73127783466778, 'atr14': 2.8034880560606723, 'atr_pct': 3.916580128612283, 'rvol20': 0.9515441013706765, 'performance_21d_pct': -11.651444087879536, 'distance_52w_high_pct': 32.41431404022283, 'distance_resistance_pct': 45.33389214864488, 'move_10d_pct': -3.335584064821062, 'structural_trend_pass': False}",pattern;previous_revenue_growth_yoy;shares_change_6m_pct,TradingView MCP + Finviz via finvizfinance screener views,2026-09-10T23:38:23+02:00,2026-08-06,,35,NORMAL,
MKSI,MKS Inc,tradingview_gates,price_above_sma50;ema21_above_ema50;within_25pct_52w_high;rsi14;performance_21d;market_regime_allows_new_entries,,price_min;market_cap_min;avg_volume_min;price_above_sma50;sma50_above_sma150;sma150_above_sma200;ema21_above_ema50;within_25pct_52w_high;rsi14;atr_pct;rvol20_data_available;performance_21d;distance_resistance_hard;no_extended_move_10d;revenue_growth;eps_growth;eps_next_year;operating_margin;earnings_window;market_regime_allows_new_entries,True,"{'price': 261.84, 'price_tv': 261.84, 'price_finviz': 261.84, 'sma50': 307.0418, 'sma150': 291.82353333333333, 'sma200': 264.21305, 'ema21': 273.55497998055284, 'ema50': 294.61786851249303, 'rsi14': 41.23597652058906, 'atr14': 13.965447546700032, 'atr_pct': 5.333580639589075, 'rvol20': 0.7408940826406968, 'performance_21d_pct': -11.053740063863039, 'distance_52w_high_pct': 41.50395424690586, 'distance_resistance_pct': 70.95172624503515, 'move_10d_pct': -3.646734130634788, 'structural_trend_pass': False}",pattern;previous_revenue_growth_yoy;shares_change_6m_pct,TradingView MCP + Finviz via finvizfinance screener views,2026-09-10T23:38:37+02:00,2026-08-05,,36,NORMAL,
MPWR,Monolithic Power System Inc,tradingview_gates,price_above_sma50;sma50_above_sma150;ema21_above_ema50;within_25pct_52w_high;rsi14;performance_21d;market_regime_allows_new_entries,,price_min;market_cap_min;avg_volume_min;price_above_sma50;sma50_above_sma150;sma150_above_sma200;ema21_above_ema50;within_25pct_52w_high;rsi14;atr_pct;rvol20_data_available;performance_21d;distance_resistance_hard;no_extended_move_10d;revenue_growth;eps_growth;eps_next_year;operating_margin;earnings_window;market_regime_allows_new_entries,True,"{'price': 1186.08, 'price_tv': 1186.08, 'price_finviz': 1186.08, 'sma50': 1320.5323, 'sma150': 1344.3213, 'sma200': 1255.59785, 'ema21': 1269.810438878147, 'ema50': 1323.3270977582627, 'rsi14': 34.29292667268646, 'atr14': 51.48953343618623, 'atr_pct': 4.341151814058599, 'rvol20': 1.0613957605421545, 'performance_21d_pct': -15.407492992703853, 'distance_52w_high_pct': 30.804096097876783, 'distance_resistance_pct': 40.51665992175909, 'move_10d_pct': -9.034573733779194, 'structural_trend_pass': False}",pattern;previous_revenue_growth_yoy;shares_change_6m_pct,TradingView MCP + Finviz via finvizfinance screener views,2026-09-10T23:38:51+02:00,2026-07-30,,42,NORMAL,
MRVL,Marvell Technology Inc,tradingview_gates,within_25pct_52w_high;rsi14;market_regime_allows_new_entries,,price_min;market_cap_min;avg_volume_min;price_above_sma50;sma50_above_sma150;sma150_above_sma200;ema21_above_ema50;within_25pct_52w_high;rsi14;atr_pct;rvol20_data_available;performance_21d;distance_resistance_hard;no_extended_move_10d;revenue_growth;eps_growth;eps_next_year;operating_margin;earnings_window;market_regime_allows_new_entries,True,"{'price': 226.96, 'price_tv': 226.96, 'price_finviz': 226.96, 'sma50': 217.56470000000002, 'sma150': 176.95676666666665, 'sma200': 154.02280000000002, 'ema21': 222.95344000815405, 'ema50': 220.6458596996263, 'rsi14': 51.91525421807946, 'atr14': 14.980806826333525, 'atr_pct': 6.600637480760277, 'rvol20': 0.6595621006097098, 'performance_21d_pct': 6.90028731571759, 'distance_52w_high_pct': 31.199223960227958, 'distance_resistance_pct': 45.347197744095865, 'move_10d_pct': -7.404838643874179, 'structural_trend_pass': True}",pattern;previous_revenue_growth_yoy;shares_change_6m_pct,TradingView MCP + Finviz via finvizfinance screener views,2026-09-10T23:39:05+02:00,2026-08-27,,14,PEAD_WINDOW,
MTSI,MACOM Technology Solutions Holdings Inc,tradingview_gates,price_above_sma50;sma50_above_sma150;ema21_above_ema50;within_25pct_52w_high;rsi14;performance_21d;market_regime_allows_new_entries,,price_min;market_cap_min;avg_volume_min;price_above_sma50;sma50_above_sma150;sma150_above_sma200;ema21_above_ema50;within_25pct_52w_high;rsi14;atr_pct;rvol20_data_available;performance_21d;distance_resistance_hard;no_extended_move_10d;revenue_growth;eps_growth;eps_next_year;operating_margin;earnings_window;market_regime_allows_new_entries,True,"{'price': 272.43, 'price_tv': 272.43, 'price_finviz': 272.43, 'sma50': 282.7779, 'sma150': 290.3460333333333, 'sma200': 265.3705, 'ema21': 274.8638621225875, 'ema50': 287.2937398792292, 'rsi14': 47.872294196601516, 'atr14': 15.119432344354276, 'atr_pct': 5.549841186489842, 'rvol20': 1.2539849410753587, 'performance_21d_pct': -9.168806054746103, 'distance_52w_high_pct': 34.96538553354022, 'distance_resistance_pct': 47.44521528466027, 'move_10d_pct': -0.0843541406880477, 'structural_trend_pass': False}",pattern;previous_revenue_growth_yoy;shares_change_6m_pct,TradingView MCP + Finviz via finvizfinance screener views,2026-09-10T23:39:19+02:00,2026-08-06,,35,NORMAL,
MU,Micron Technology Inc,tradingview_gates,rsi14;market_regime_allows_new_entries,,price_min;market_cap_min;avg_volume_min;price_above_sma50;sma50_above_sma150;sma150_above_sma200;ema21_above_ema50;within_25pct_52w_high;rsi14;atr_pct;rvol20_data_available;performance_21d;distance_resistance_hard;no_extended_move_10d;revenue_growth;eps_growth;eps_next_year;operating_margin;earnings_window;market_regime_allows_new_entries,True,"{'price': 977.41, 'price_tv': 977.41, 'price_finviz': 977.41, 'sma50': 929.7503, 'sma150': 722.0197666666667, 'sma200': 618.227775, 'ema21': 957.8551989745362, 'ema50': 930.2666787597232, 'rsi14': 53.28906365700579, 'atr14': 53.78427548691756, 'atr_pct': 5.50273431691077, 'rvol20': 0.9371820564505303, 'performance_21d_pct': 12.537419978814523, 'distance_52w_high_pct': 22.118725099601598, 'distance_resistance_pct': 28.400568850328934, 'move_10d_pct': 4.157075873827787, 'structural_trend_pass': True}",pattern;previous_revenue_growth_yoy;shares_change_6m_pct,TradingView MCP + Finviz via finvizfinance screener views,2026-09-10T23:39:33+02:00,2026-09-30,20,,NORMAL,
MWH,SOLV Energy Inc,tradingview_gates,market_regime_allows_new_entries,price_above_sma50;sma50_above_sma150;sma150_above_sma200;ema21_above_ema50;within_25pct_52w_high;rsi14;atr_pct;rvol20_data_available;performance_21d;distance_resistance_hard;no_extended_move_10d;operating_margin,price_min;market_cap_min;avg_volume_min;revenue_growth;eps_growth;eps_next_year;earnings_window;market_regime_allows_new_entries,False,"{'price': None, 'price_tv': None, 'price_finviz': 24.5, 'sma50': None, 'sma150': None, 'sma200': None, 'ema21': None, 'ema50': None, 'rsi14': None, 'atr14': None, 'atr_pct': None, 'rvol20': None, 'performance_21d_pct': None, 'distance_52w_high_pct': None, 'distance_resistance_pct': None, 'move_10d_pct': None, 'structural_trend_pass': False}",atr14;atr_pct;distance_52w_high_pct;distance_resistance_pct;ema21;ema50;gross_margin;move_10d_pct;operating_margin;pattern;performance_21d_pct;previous_revenue_growth_yoy;price;price_tv;resistance;rsi14;rvol20;shares_change_6m_pct;sma150;sma200;sma50;week52_high,TradingView MCP + Finviz via finvizfinance screener views,2026-09-10T23:39:47+02:00,2026-08-13,,28,NORMAL,
NBIX,Neurocrine Biosciences Inc,tradingview_gates,price_above_sma50;ema21_above_ema50;rsi14;atr_pct;performance_21d;market_regime_allows_new_entries,,price_min;market_cap_min;avg_volume_min;price_above_sma50;sma50_above_sma150;sma150_above_sma200;ema21_above_ema50;within_25pct_52w_high;rsi14;atr_pct;rvol20_data_available;performance_21d;distance_resistance_hard;no_extended_move_10d;revenue_growth;eps_growth;eps_next_year;operating_margin;earnings_window;market_regime_allows_new_entries,True,"{'price': 156.57, 'price_tv': 156.57, 'price_finviz': 156.57, 'sma50': 165.06380000000001, 'sma150': 149.45603333333332, 'sma200': 147.793575, 'ema21': 157.2353985813128, 'ema50': 159.82265637991065, 'rsi14': 46.51048012639124, 'atr14': 4.637404220286478, 'atr_pct': 2.961872785518604, 'rvol20': 0.7765302307897592, 'performance_21d_pct': -3.316042978881073, 'distance_52w_high_pct': 15.876853642811096, 'distance_resistance_pct': 18.873347384556435, 'move_10d_pct': -0.012772207676103875, 'structural_trend_pass': False}",pattern;previous_revenue_growth_yoy;shares_change_6m_pct,TradingView MCP + Finviz via finvizfinance screener views,2026-09-10T23:40:01+02:00,2026-07-30,,42,NORMAL,
NESR,National Energy Services Reunited Corp,tradingview_gates,rsi14;performance_21d;market_regime_allows_new_entries,,price_min;market_cap_min;avg_volume_min;price_above_sma50;sma50_above_sma150;sma150_above_sma200;ema21_above_ema50;within_25pct_52w_high;rsi14;atr_pct;rvol20_data_available;performance_21d;distance_resistance_hard;no_extended_move_10d;revenue_growth;eps_growth;eps_next_year;operating_margin;earnings_window;market_regime_allows_new_entries,True,"{'price': 33.82, 'price_tv': 33.82, 'price_finviz': 33.82, 'sma50': 30.934099999999997, 'sma150': 26.144066666666667, 'sma200': 23.739475000000002, 'ema21': 33.68434826434679, 'ema50': 31.456592985277844, 'rsi14': 53.53124334749057, 'atr14': 1.4817954346410767, 'atr_pct': 4.38141760686303, 'rvol20': 0.5830559999188062, 'performance_21d_pct': -6.081643987781171, 'distance_52w_high_pct': 8.446128857606924, 'distance_resistance_pct': 9.225310467179176, 'move_10d_pct': 0.5350772889417321, 'structural_trend_pass': True}",pattern;previous_revenue_growth_yoy;shares_change_6m_pct,TradingView MCP + Finviz via finvizfinance screener views,2026-09-10T23:40:16+02:00,2026-08-10,,31,NORMAL,
NVDA,NVIDIA Corp,tradingview_gates,rsi14;market_regime_allows_new_entries,,price_min;market_cap_min;avg_volume_min;price_above_sma50;sma50_above_sma150;sma150_above_sma200;ema21_above_ema50;within_25pct_52w_high;rsi14;atr_pct;rvol20_data_available;performance_21d;distance_resistance_hard;no_extended_move_10d;revenue_growth;eps_growth;eps_next_year;operating_margin;earnings_window;market_regime_allows_new_entries,True,"{'price': 218.36, 'price_tv': 218.36, 'price_finviz': 218.36, 'sma50': 212.1698, 'sma150': 201.81766666666667, 'sma200': 197.27564999999998, 'ema21': 219.8646587077919, 'ema50': 214.80871295184622, 'rsi14': 49.80866133864022, 'atr14': 7.097635399010118, 'atr_pct': 3.2504283747069596, 'rvol20': 0.7936591456455714, 'performance_21d_pct': 0.39540229885057787, 'distance_52w_high_pct': 7.68580366956962, 'distance_resistance_pct': 7.510533064663846, 'move_10d_pct': 4.149575503195657, 'structural_trend_pass': True}",pattern;previous_revenue_growth_yoy;shares_change_6m_pct,TradingView MCP + Finviz via finvizfinance screener views,2026-09-10T23:40:30+02:00,2026-08-26,,15,PEAD_WINDOW,
PENG,Penguin Solutions Inc,tradingview_gates,price_above_sma50;ema21_above_ema50;within_25pct_52w_high;rsi14;performance_21d;market_regime_allows_new_entries,,price_min;market_cap_min;avg_volume_min;price_above_sma50;sma50_above_sma150;sma150_above_sma200;ema21_above_ema50;within_25pct_52w_high;rsi14;atr_pct;rvol20_data_available;performance_21d;distance_resistance_hard;no_extended_move_10d;revenue_growth;eps_growth;eps_next_year;operating_margin;earnings_window;market_regime_allows_new_entries,True,"{'price': 48.62, 'price_tv': 48.62, 'price_finviz': 48.62, 'sma50': 57.7954, 'sma150': 42.773199999999996, 'sma200': 37.100275, 'ema21': 52.044151480084416, 'ema50': 54.315356600630246, 'rsi14': 41.522723765223155, 'atr14': 3.6397646200681417, 'atr_pct': 7.48614689442234, 'rvol20': 0.6956867568103018, 'performance_21d_pct': -15.192743764172334, 'distance_52w_high_pct': 45.89361228577788, 'distance_resistance_pct': 84.82106129164954, 'move_10d_pct': -6.247589664481302, 'structural_trend_pass': False}",pattern;previous_revenue_growth_yoy;shares_change_6m_pct,TradingView MCP + Finviz via finvizfinance screener views,2026-09-10T23:40:44+02:00,2026-07-07,,65,NORMAL,
PLTR,Palantir Technologies Inc,tradingview_gates,sma150_above_sma200;rsi14;performance_21d;market_regime_allows_new_entries,,price_min;market_cap_min;avg_volume_min;price_above_sma50;sma50_above_sma150;sma150_above_sma200;ema21_above_ema50;within_25pct_52w_high;rsi14;atr_pct;rvol20_data_available;performance_21d;distance_resistance_hard;no_extended_move_10d;revenue_growth;eps_growth;eps_next_year;operating_margin;earnings_window;market_regime_allows_new_entries,True,"{'price': 165.86, 'price_tv': 165.86, 'price_finviz': 165.86, 'sma50': 153.0968, 'sma150': 143.95563333333334, 'sma200': 151.457875, 'ema21': 171.07833917252248, 'ema50': 159.4373224787786, 'rsi14': 48.08807458420692, 'atr14': 7.755686344273, 'atr_pct': 4.676043858840588, 'rvol20': 0.6950474088871362, 'performance_21d_pct': -5.190350977477987, 'distance_52w_high_pct': 20.075173477255202, 'distance_resistance_pct': 13.57168696491016, 'move_10d_pct': -6.557746478873227, 'structural_trend_pass': False}",pattern;previous_revenue_growth_yoy;shares_change_6m_pct,TradingView MCP + Finviz via finvizfinance screener views,2026-09-10T23:40:50+02:00,2026-08-03,,38,NORMAL,
PODD,Insulet Corp,tradingview_gates,price_above_sma50;sma50_above_sma150;sma150_above_sma200;ema21_above_ema50;within_25pct_52w_high;rsi14;performance_21d;market_regime_allows_new_entries,,price_min;market_cap_min;avg_volume_min;price_above_sma50;sma50_above_sma150;sma150_above_sma200;ema21_above_ema50;within_25pct_52w_high;rsi14;atr_pct;rvol20_data_available;performance_21d;distance_resistance_hard;no_extended_move_10d;revenue_growth;eps_growth;eps_next_year;operating_margin;earnings_window;market_regime_allows_new_entries,True,"{'price': 134.68, 'price_tv': 134.68, 'price_finviz': 134.68, 'sma50': 153.25539999999998, 'sma150': 179.87519999999998, 'sma200': 207.31215, 'ema21': 145.6967880519896, 'ema50': 151.0981353901154, 'rsi14': 34.954942054511264, 'atr14': 5.985308182690139, 'atr_pct': 4.444095769743198, 'rvol20': 1.112156725796073, 'performance_21d_pct': -6.924671734623344, 'distance_52w_high_pct': 62.04914337240757, 'distance_resistance_pct': 28.389515889515877, 'move_10d_pct': -6.067791881712925, 'structural_trend_pass': False}",pattern;previous_revenue_growth_yoy;shares_change_6m_pct,TradingView MCP + Finviz via finvizfinance screener views,2026-09-10T23:41:04+02:00,2026-08-05,,36,NORMAL,
PPTA,Perpetua Resources Corp,tradingview_gates,sma50_above_sma150;sma150_above_sma200;within_25pct_52w_high;rsi14;performance_21d;market_regime_allows_new_entries,revenue_growth;eps_growth;operating_margin,price_min;market_cap_min;avg_volume_min;price_above_sma50;sma50_above_sma150;sma150_above_sma200;ema21_above_ema50;within_25pct_52w_high;rsi14;atr_pct;rvol20_data_available;performance_21d;distance_resistance_hard;no_extended_move_10d;eps_next_year;earnings_window;market_regime_allows_new_entries,True,"{'price': 23.67, 'price_tv': 23.67, 'price_finviz': 23.67, 'sma50': 21.979, 'sma150': 26.1335, 'sma200': 26.60975, 'ema21': 24.384262647744475, 'ema50': 23.62718159213417, 'rsi14': 47.57381019301676, 'atr14': 1.2154914832779384, 'atr_pct': 5.135156245365181, 'rvol20': 0.6739720586520522, 'performance_21d_pct': -6.9209594966574866, 'distance_52w_high_pct': 36.66042279903665, 'distance_resistance_pct': 16.43430502746091, 'move_10d_pct': -8.149010477299178, 'structural_trend_pass': False}",gross_margin;operating_margin;pattern;previous_revenue_growth_yoy;revenue_growth_yoy;shares_change_6m_pct,TradingView MCP + Finviz via finvizfinance screener views,2026-09-10T23:41:18+02:00,2026-08-15,,26,NORMAL,
PTCT,PTC Therapeutics Inc,tradingview_gates,price_above_sma50;sma150_above_sma200;ema21_above_ema50;within_25pct_52w_high;rsi14;performance_21d;market_regime_allows_new_entries,,price_min;market_cap_min;avg_volume_min;price_above_sma50;sma50_above_sma150;sma150_above_sma200;ema21_above_ema50;within_25pct_52w_high;rsi14;atr_pct;rvol20_data_available;performance_21d;distance_resistance_hard;no_extended_move_10d;revenue_growth;eps_growth;eps_next_year;operating_margin;earnings_window;market_regime_allows_new_entries,True,"{'price': 67.37, 'price_tv': 67.37, 'price_finviz': 67.37, 'sma50': 74.94409999999999, 'sma150': 72.00473333333333, 'sma200': 73.22279999999999, 'ema21': 70.83776097736238, 'ema50': 72.80719521486847, 'rsi14': 36.18308476210366, 'atr14': 2.203211195347035, 'atr_pct': 3.2703149700861434, 'rvol20': 1.2288125380925699, 'performance_21d_pct': -8.588873812754406, 'distance_52w_high_pct': 25.86112028172114, 'distance_resistance_pct': 34.88199495324328, 'move_10d_pct': -7.318750859815648, 'structural_trend_pass': False}",pattern;previous_revenue_growth_yoy;shares_change_6m_pct,TradingView MCP + Finviz via finvizfinance screener views,2026-09-10T23:41:32+02:00,2026-07-30,,42,NORMAL,
QNT,Quantinuum Inc,tradingview_gates,market_regime_allows_new_entries,price_above_sma50;sma50_above_sma150;sma150_above_sma200;ema21_above_ema50;within_25pct_52w_high;rsi14;atr_pct;rvol20_data_available;performance_21d;distance_resistance_hard;no_extended_move_10d;revenue_growth;eps_growth;operating_margin,price_min;market_cap_min;avg_volume_min;eps_next_year;earnings_window;market_regime_allows_new_entries,False,"{'price': None, 'price_tv': None, 'price_finviz': 48.67, 'sma50': None, 'sma150': None, 'sma200': None, 'ema21': None, 'ema50': None, 'rsi14': None, 'atr14': None, 'atr_pct': None, 'rvol20': None, 'performance_21d_pct': None, 'distance_52w_high_pct': None, 'distance_resistance_pct': None, 'move_10d_pct': None, 'structural_trend_pass': False}",atr14;atr_pct;distance_52w_high_pct;distance_resistance_pct;ema21;ema50;eps_growth_yoy;gross_margin;move_10d_pct;operating_margin;pattern;performance_21d_pct;previous_revenue_growth_yoy;price;price_tv;resistance;revenue_growth_yoy;rsi14;rvol20;shares_change_6m_pct;sma150;sma200;sma50;week52_high,TradingView MCP + Finviz via finvizfinance screener views,2026-09-10T23:41:46+02:00,2026-08-11,,30,NORMAL,
ROAD,Construction Partners Inc,tradingview_gates,price_above_sma50;sma50_above_sma150;ema21_above_ema50;within_25pct_52w_high;rsi14;performance_21d;market_regime_allows_new_entries,,price_min;market_cap_min;avg_volume_min;price_above_sma50;sma50_above_sma150;sma150_above_sma200;ema21_above_ema50;within_25pct_52w_high;rsi14;atr_pct;rvol20_data_available;performance_21d;distance_resistance_hard;no_extended_move_10d;revenue_growth;eps_growth;eps_next_year;operating_margin;earnings_window;market_regime_allows_new_entries,True,"{'price': 96.12, 'price_tv': 96.12, 'price_finviz': 96.12, 'sma50': 106.9267, 'sma150': 116.07373333333334, 'sma200': 114.66805000000001, 'ema21': 106.35059566530126, 'ema50': 108.93552433049628, 'rsi14': 35.329538927471035, 'atr14': 4.726598294481953, 'atr_pct': 4.917393148649555, 'rvol20': 0.6931873355861974, 'performance_21d_pct': -20.423876148687803, 'distance_52w_high_pct': 36.34437086092715, 'distance_resistance_pct': 35.15917602996253, 'move_10d_pct': -16.08904408555215, 'structural_trend_pass': False}",pattern;previous_revenue_growth_yoy;shares_change_6m_pct,TradingView MCP + Finviz via finvizfinance screener views,2026-09-10T23:42:00+02:00,2026-08-07,,34,NORMAL,
SHAZ,SharonAI Holdings Inc,tradingview_gates,market_regime_allows_new_entries,price_above_sma50;sma50_above_sma150;sma150_above_sma200;ema21_above_ema50;within_25pct_52w_high;rsi14;atr_pct;rvol20_data_available;performance_21d;distance_resistance_hard;no_extended_move_10d;revenue_growth;eps_growth;operating_margin,price_min;market_cap_min;avg_volume_min;eps_next_year;earnings_window;market_regime_allows_new_entries,False,"{'price': None, 'price_tv': None, 'price_finviz': 56.57, 'sma50': None, 'sma150': None, 'sma200': None, 'ema21': None, 'ema50': None, 'rsi14': None, 'atr14': None, 'atr_pct': None, 'rvol20': None, 'performance_21d_pct': None, 'distance_52w_high_pct': None, 'distance_resistance_pct': None, 'move_10d_pct': None, 'structural_trend_pass': False}",atr14;atr_pct;distance_52w_high_pct;distance_resistance_pct;ema21;ema50;gross_margin;move_10d_pct;operating_margin;pattern;performance_21d_pct;previous_revenue_growth_yoy;price;price_tv;resistance;revenue_growth_yoy;rsi14;rvol20;shares_change_6m_pct;sma150;sma200;sma50;week52_high,TradingView MCP + Finviz via finvizfinance screener views,2026-09-10T23:42:14+02:00,2026-08-06,,35,NORMAL,
SHOP,Shopify Inc,tradingview_gates,price_above_sma50;sma150_above_sma200;within_25pct_52w_high;rsi14;performance_21d;market_regime_allows_new_entries,,price_min;market_cap_min;avg_volume_min;price_above_sma50;sma50_above_sma150;sma150_above_sma200;ema21_above_ema50;within_25pct_52w_high;rsi14;atr_pct;rvol20_data_available;performance_21d;distance_resistance_hard;no_extended_move_10d;revenue_growth;eps_growth;eps_next_year;operating_margin;earnings_window;market_regime_allows_new_entries,True,"{'price': 126.6, 'price_tv': 126.6, 'price_finviz': 126.6, 'sma50': 134.9952, 'sma150': 122.87113333333335, 'sma200': 131.08585, 'ema21': 141.02343119702968, 'ema50': 135.94025125446785, 'rsi14': 36.772915223969896, 'atr14': 6.571634914750566, 'atr_pct': 5.190864861572328, 'rvol20': 1.683094200007589, 'performance_21d_pct': -17.04344407312759, 'distance_52w_high_pct': 30.512102749876508, 'distance_resistance_pct': 25.489731437598746, 'move_10d_pct': -15.76285847361767, 'structural_trend_pass': False}",pattern;previous_revenue_growth_yoy;shares_change_6m_pct,TradingView MCP + Finviz via finvizfinance screener views,2026-09-10T23:42:28+02:00,2026-08-05,,36,NORMAL,
SMTC,Semtech Corp,tradingview_gates,market_regime_allows_new_entries,,price_min;market_cap_min;avg_volume_min;price_above_sma50;sma50_above_sma150;sma150_above_sma200;ema21_above_ema50;within_25pct_52w_high;rsi14;atr_pct;rvol20_data_available;performance_21d;distance_resistance_hard;no_extended_move_10d;revenue_growth;eps_growth;eps_next_year;operating_margin;earnings_window;market_regime_allows_new_entries,True,"{'price': 159.13, 'price_tv': 159.13, 'price_finviz': 159.13, 'sma50': 133.2037, 'sma150': 119.75826666666667, 'sma200': 108.92075000000001, 'ema21': 140.94136564127177, 'ema50': 136.84556839397348, 'rsi14': 61.98705486941838, 'atr14': 10.854533956310998, 'atr_pct': 6.821173855533839, 'rvol20': 0.6131176390358595, 'performance_21d_pct': 21.306601616100007, 'distance_52w_high_pct': 10.273470538483224, 'distance_resistance_pct': 11.44975805944825, 'move_10d_pct': 13.018465909090903, 'structural_trend_pass': True}",pattern;previous_revenue_growth_yoy;shares_change_6m_pct,TradingView MCP + Finviz via finvizfinance screener views,2026-09-10T23:42:33+02:00,2026-08-25,,16,NORMAL,
SNDK,Sandisk Corp,tradingview_gates,within_25pct_52w_high;performance_21d;market_regime_allows_new_entries,,price_min;market_cap_min;avg_volume_min;price_above_sma50;sma50_above_sma150;sma150_above_sma200;ema21_above_ema50;within_25pct_52w_high;rsi14;atr_pct;rvol20_data_available;performance_21d;distance_resistance_hard;no_extended_move_10d;revenue_growth;eps_growth;eps_next_year;operating_margin;earnings_window;market_regime_allows_new_entries,True,"{'price': 1692.59, 'price_tv': 1692.59, 'price_finviz': 1692.59, 'sma50': 1525.849, 'sma150': 1258.8567333333333, 'sma200': 1026.5071500000001, 'ema21': 1582.2150835104317, 'ema50': 1546.455126350696, 'rsi14': 57.33833616595175, 'atr14': 120.23269212873349, 'atr_pct': 7.103474091701682, 'rvol20': 0.6505897061975234, 'performance_21d_pct': 33.16470634514772, 'distance_52w_high_pct': 28.109188711691303, 'distance_resistance_pct': 39.099835163861314, 'move_10d_pct': 12.886745766555286, 'structural_trend_pass': True}",pattern;previous_revenue_growth_yoy;shares_change_6m_pct,TradingView MCP + Finviz via finvizfinance screener views,2026-09-10T23:42:47+02:00,2026-08-05,,36,NORMAL,
SNPS,Synopsys Inc,tradingview_gates,price_above_sma50;sma50_above_sma150;sma150_above_sma200;ema21_above_ema50;within_25pct_52w_high;rsi14;performance_21d;market_regime_allows_new_entries,,price_min;market_cap_min;avg_volume_min;price_above_sma50;sma50_above_sma150;sma150_above_sma200;ema21_above_ema50;within_25pct_52w_high;rsi14;atr_pct;rvol20_data_available;performance_21d;distance_resistance_hard;no_extended_move_10d;revenue_growth;eps_growth;eps_next_year;operating_margin;earnings_window;market_regime_allows_new_entries,True,"{'price': 397.17, 'price_tv': 397.17, 'price_finviz': 397.17, 'sma50': 409.3054, 'sma150': 438.5002, 'sma200': 447.325175, 'ema21': 409.05536029151284, 'ema50': 416.60336023753194, 'rsi14': 44.39938236597876, 'atr14': 16.031407419272533, 'atr_pct': 4.036409451688831, 'rvol20': 0.9185531116673312, 'performance_21d_pct': -3.3437979119515293, 'distance_52w_high_pct': 26.37910580559057, 'distance_resistance_pct': 20.80469320442128, 'move_10d_pct': -3.1292682926829185, 'structural_trend_pass': False}",pattern;previous_revenue_growth_yoy;shares_change_6m_pct,TradingView MCP + Finviz via finvizfinance screener views,2026-09-10T23:43:01+02:00,2026-08-26,,15,PEAD_WINDOW,
SOFI,SoFi Technologies Inc,tradingview_gates,price_above_sma50;sma150_above_sma200;within_25pct_52w_high;rsi14;performance_21d;market_regime_allows_new_entries,,price_min;market_cap_min;avg_volume_min;price_above_sma50;sma50_above_sma150;sma150_above_sma200;ema21_above_ema50;within_25pct_52w_high;rsi14;atr_pct;rvol20_data_available;performance_21d;distance_resistance_hard;no_extended_move_10d;revenue_growth;eps_growth;eps_next_year;operating_margin;earnings_window;market_regime_allows_new_entries,True,"{'price': 17.21, 'price_tv': 17.21, 'price_finviz': 17.21, 'sma50': 17.8522, 'sma150': 17.595766666666666, 'sma200': 19.843625, 'ema21': 17.958978667779427, 'ema50': 17.831965101847278, 'rsi14': 44.31846331348769, 'atr14': 0.7873969084527099, 'atr_pct': 4.5752289857798365, 'rvol20': 0.7381745922605129, 'performance_21d_pct': -4.282536151279192, 'distance_52w_high_pct': 47.418270699663914, 'distance_resistance_pct': 14.700755374782087, 'move_10d_pct': -8.651804670912943, 'structural_trend_pass': False}",pattern;previous_revenue_growth_yoy;shares_change_6m_pct,TradingView MCP + Finviz via finvizfinance screener views,2026-09-10T23:43:15+02:00,2026-07-29,,43,NORMAL,
SPCX,Space Exploration Technologies Corp,tradingview_gates,market_regime_allows_new_entries,price_above_sma50;sma50_above_sma150;sma150_above_sma200;ema21_above_ema50;within_25pct_52w_high;rsi14;atr_pct;rvol20_data_available;performance_21d;distance_resistance_hard;no_extended_move_10d;revenue_growth;eps_growth;operating_margin,price_min;market_cap_min;avg_volume_min;eps_next_year;earnings_window;market_regime_allows_new_entries,False,"{'price': None, 'price_tv': None, 'price_finviz': 148.18, 'sma50': None, 'sma150': None, 'sma200': None, 'ema21': None, 'ema50': None, 'rsi14': None, 'atr14': None, 'atr_pct': None, 'rvol20': None, 'performance_21d_pct': None, 'distance_52w_high_pct': None, 'distance_resistance_pct': None, 'move_10d_pct': None, 'structural_trend_pass': False}",atr14;atr_pct;distance_52w_high_pct;distance_resistance_pct;ema21;ema50;eps_growth_yoy;gross_margin;move_10d_pct;operating_margin;pattern;performance_21d_pct;previous_revenue_growth_yoy;price;price_tv;resistance;revenue_growth_yoy;rsi14;rvol20;shares_change_6m_pct;sma150;sma200;sma50;week52_high,TradingView MCP + Finviz via finvizfinance screener views,2026-09-10T23:43:21+02:00,2026-08-04,,37,NORMAL,
STRC,Strategy Inc - VR PRF PERPETUAL USD 100 - Ser A,tradingview_gates,sma50_above_sma150;sma150_above_sma200;atr_pct;distance_resistance_hard;market_regime_allows_new_entries,revenue_growth;eps_growth;operating_margin;earnings_window,price_min;market_cap_min;avg_volume_min;price_above_sma50;sma50_above_sma150;sma150_above_sma200;ema21_above_ema50;within_25pct_52w_high;rsi14;atr_pct;rvol20_data_available;performance_21d;distance_resistance_hard;no_extended_move_10d;eps_next_year;market_regime_allows_new_entries,True,"{'price': 97.97, 'price_tv': 97.97, 'price_finviz': 97.97, 'sma50': 92.14020000000001, 'sma150': 95.84393333333334, 'sma200': 96.5582, 'ema21': 96.2924815495309, 'ema50': 94.29622282012166, 'rsi14': 65.92944937403009, 'atr14': 1.0598206744262506, 'atr_pct': 1.0817808251773509, 'rvol20': 0.836390931387727, 'performance_21d_pct': 2.7801091061687044, 'distance_52w_high_pct': 2.438004266158923, 'distance_resistance_pct': 0.23476574461570276, 'move_10d_pct': 0.8336764100452809, 'structural_trend_pass': False}",eps_growth_yoy;gross_margin;operating_margin;pattern;previous_revenue_growth_yoy;revenue_growth_yoy;shares_change_6m_pct,TradingView MCP + Finviz via finvizfinance screener views,2026-09-10T23:43:35+02:00,,,,UNKNOWN,
STRL,Sterling Infrastructure Inc,tradingview_gates,price_above_sma50;sma50_above_sma150;ema21_above_ema50;within_25pct_52w_high;rsi14;performance_21d;market_regime_allows_new_entries,,price_min;market_cap_min;avg_volume_min;price_above_sma50;sma50_above_sma150;sma150_above_sma200;ema21_above_ema50;within_25pct_52w_high;rsi14;atr_pct;rvol20_data_available;performance_21d;distance_resistance_hard;no_extended_move_10d;revenue_growth;eps_growth;eps_next_year;operating_margin;earnings_window;market_regime_allows_new_entries,True,"{'price': 484.86, 'price_tv': 484.86, 'price_finviz': 484.86, 'sma50': 580.1285, 'sma150': 589.8119666666666, 'sma200': 525.1625250000001, 'ema21': 508.577212412828, 'ema50': 569.5602100983301, 'rsi14': 41.32902310300331, 'atr14': 30.64188875181972, 'atr_pct': 6.319739461250612, 'rvol20': 0.5661910763292433, 'performance_21d_pct': -8.990915233876418, 'distance_52w_high_pct': 51.787854628141226, 'distance_resistance_pct': 93.18566184053128, 'move_10d_pct': -2.5230695000100556, 'structural_trend_pass': False}",pattern;previous_revenue_growth_yoy;shares_change_6m_pct,TradingView MCP + Finviz via finvizfinance screener views,2026-09-10T23:43:49+02:00,2026-08-03,,38,NORMAL,
STX,Seagate Technology Holdings Plc,tradingview_gates,rsi14;market_regime_allows_new_entries,,price_min;market_cap_min;avg_volume_min;price_above_sma50;sma50_above_sma150;sma150_above_sma200;ema21_above_ema50;within_25pct_52w_high;rsi14;atr_pct;rvol20_data_available;performance_21d;distance_resistance_hard;no_extended_move_10d;revenue_growth;eps_growth;eps_next_year;operating_margin;earnings_window;market_regime_allows_new_entries,True,"{'price': 862.33, 'price_tv': 862.33, 'price_finviz': 862.33, 'sma50': 849.9078, 'sma150': 699.8375, 'sma200': 602.91555, 'ema21': 851.5438565613665, 'ema50': 847.7285822651938, 'rsi14': 51.3418086061839, 'atr14': 54.08444958868476, 'atr_pct': 6.2718970218692105, 'rvol20': 0.8269605163660203, 'performance_21d_pct': 5.0955491639448125, 'distance_52w_high_pct': 24.68733624454148, 'distance_resistance_pct': 32.77979427829253, 'move_10d_pct': 1.8857001075179847, 'structural_trend_pass': True}",pattern;previous_revenue_growth_yoy;shares_change_6m_pct,TradingView MCP + Finviz via finvizfinance screener views,2026-09-10T23:44:03+02:00,2026-07-28,,44,NORMAL,
TER,Teradyne Inc,tradingview_gates,ema21_above_ema50;rsi14;performance_21d;market_regime_allows_new_entries,,price_min;market_cap_min;avg_volume_min;price_above_sma50;sma50_above_sma150;sma150_above_sma200;ema21_above_ema50;within_25pct_52w_high;rsi14;atr_pct;rvol20_data_available;performance_21d;distance_resistance_hard;no_extended_move_10d;revenue_growth;eps_growth;eps_next_year;operating_margin;earnings_window;market_regime_allows_new_entries,True,"{'price': 370.19, 'price_tv': 370.19, 'price_finviz': 370.19, 'sma50': 366.7719, 'sma150': 355.69210000000004, 'sma200': 319.4802, 'ema21': 367.497664435509, 'ema50': 370.85432377800487, 'rsi14': 50.405738091306006, 'atr14': 21.89369262739984, 'atr_pct': 5.91417721370103, 'rvol20': 0.9725855575702785, 'performance_21d_pct': -2.468647908104127, 'distance_52w_high_pct': 24.127400545182518, 'distance_resistance_pct': 31.799886544747302, 'move_10d_pct': 1.9526301294409132, 'structural_trend_pass': True}",pattern;previous_revenue_growth_yoy;shares_change_6m_pct,TradingView MCP + Finviz via finvizfinance screener views,2026-09-10T23:44:17+02:00,2026-07-28,,44,NORMAL,
TPG,TPG Inc,tradingview_gates,price_above_sma50;sma150_above_sma200;within_25pct_52w_high;rsi14;performance_21d;market_regime_allows_new_entries,,price_min;market_cap_min;avg_volume_min;price_above_sma50;sma50_above_sma150;sma150_above_sma200;ema21_above_ema50;within_25pct_52w_high;rsi14;atr_pct;rvol20_data_available;performance_21d;distance_resistance_hard;no_extended_move_10d;revenue_growth;eps_growth;eps_next_year;operating_margin;earnings_window;market_regime_allows_new_entries,True,"{'price': 46.93, 'price_tv': 46.93, 'price_finviz': 46.93, 'sma50': 47.564899999999994, 'sma150': 44.416866666666664, 'sma200': 49.062475000000006, 'ema21': 50.91777712570458, 'ema50': 48.62102689762863, 'rsi14': 37.102112564837874, 'atr14': 1.8639087917177868, 'atr_pct': 3.971678652712096, 'rvol20': 1.055036091099034, 'performance_21d_pct': -7.2529644268774724, 'distance_52w_high_pct': 33.31912475134981, 'distance_resistance_pct': 18.261240144896657, 'move_10d_pct': -11.117424242424235, 'structural_trend_pass': False}",pattern;previous_revenue_growth_yoy;shares_change_6m_pct,TradingView MCP + Finviz via finvizfinance screener views,2026-09-10T23:44:23+02:00,2026-08-04,,37,NORMAL,
TSEM,Tower Semiconductor Ltd,tradingview_gates,price_above_sma50;ema21_above_ema50;within_25pct_52w_high;rsi14;performance_21d;market_regime_allows_new_entries,,price_min;market_cap_min;avg_volume_min;price_above_sma50;sma50_above_sma150;sma150_above_sma200;ema21_above_ema50;within_25pct_52w_high;rsi14;atr_pct;rvol20_data_available;performance_21d;distance_resistance_hard;no_extended_move_10d;revenue_growth;eps_growth;eps_next_year;operating_margin;earnings_window;market_regime_allows_new_entries,True,"{'price': 208.07, 'price_tv': 208.07, 'price_finviz': 208.07, 'sma50': 228.2771, 'sma150': 210.2741, 'sma200': 187.92192500000002, 'ema21': 219.71956562587297, 'ema50': 227.48229147633867, 'rsi14': 43.348042288633316, 'atr14': 14.36809311672347, 'atr_pct': 6.905413138233994, 'rvol20': 0.838984045276379, 'performance_21d_pct': -16.631941661992155, 'distance_52w_high_pct': 34.96593111208352, 'distance_resistance_pct': 53.76555966741962, 'move_10d_pct': -5.948560321837004, 'structural_trend_pass': False}",pattern;previous_revenue_growth_yoy;shares_change_6m_pct,TradingView MCP + Finviz via finvizfinance screener views,2026-09-10T23:44:28+02:00,2026-08-04,,37,NORMAL,
TTMI,TTM Technologies Inc,tradingview_gates,price_above_sma50;sma50_above_sma150;ema21_above_ema50;within_25pct_52w_high;rsi14;performance_21d;market_regime_allows_new_entries,,price_min;market_cap_min;avg_volume_min;price_above_sma50;sma50_above_sma150;sma150_above_sma200;ema21_above_ema50;within_25pct_52w_high;rsi14;atr_pct;rvol20_data_available;performance_21d;distance_resistance_hard;no_extended_move_10d;revenue_growth;eps_growth;eps_next_year;operating_margin;earnings_window;market_regime_allows_new_entries,True,"{'price': 122.34, 'price_tv': 122.34, 'price_finviz': 122.34, 'sma50': 130.3381, 'sma150': 135.02716666666666, 'sma200': 121.10355, 'ema21': 123.22266399906906, 'ema50': 132.16098185907603, 'rsi14': 47.73946480899056, 'atr14': 8.760356733174122, 'atr_pct': 7.160664323339973, 'rvol20': 0.5679701235278211, 'performance_21d_pct': -6.424965580541542, 'distance_52w_high_pct': 45.342447393110845, 'distance_resistance_pct': 82.95733202550271, 'move_10d_pct': 0.5258833196384538, 'structural_trend_pass': False}",pattern;previous_revenue_growth_yoy;shares_change_6m_pct,TradingView MCP + Finviz via finvizfinance screener views,2026-09-10T23:44:42+02:00,2026-08-05,,36,NORMAL,
TXN,Texas Instruments Inc,tradingview_gates,price_above_sma50;ema21_above_ema50;rsi14;performance_21d;market_regime_allows_new_entries,,price_min;market_cap_min;avg_volume_min;price_above_sma50;sma50_above_sma150;sma150_above_sma200;ema21_above_ema50;within_25pct_52w_high;rsi14;atr_pct;rvol20_data_available;performance_21d;distance_resistance_hard;no_extended_move_10d;revenue_growth;eps_growth;eps_next_year;operating_margin;earnings_window;market_regime_allows_new_entries,True,"{'price': 258.82, 'price_tv': 258.82, 'price_finviz': 258.82, 'sma50': 278.23720000000003, 'sma150': 259.401, 'sma200': 240.93735, 'ema21': 264.1206234387199, 'ema50': 272.6526672790645, 'rsi14': 42.46312964233479, 'atr14': 8.23549659581507, 'atr_pct': 3.1819398021076695, 'rvol20': 1.074357321285636, 'performance_21d_pct': -7.97183899871996, 'distance_52w_high_pct': 22.515941681884858, 'distance_resistance_pct': 29.05880534734564, 'move_10d_pct': -1.1269435000190953, 'structural_trend_pass': False}",pattern;previous_revenue_growth_yoy;shares_change_6m_pct,TradingView MCP + Finviz via finvizfinance screener views,2026-09-10T23:44:57+02:00,2026-07-22,,50,NORMAL,
VIAV,Viavi Solutions Inc,tradingview_gates,price_above_sma50;sma50_above_sma150;ema21_above_ema50;within_25pct_52w_high;rsi14;performance_21d;market_regime_allows_new_entries,,price_min;market_cap_min;avg_volume_min;price_above_sma50;sma50_above_sma150;sma150_above_sma200;ema21_above_ema50;within_25pct_52w_high;rsi14;atr_pct;rvol20_data_available;performance_21d;distance_resistance_hard;no_extended_move_10d;revenue_growth;eps_growth;eps_next_year;operating_margin;earnings_window;market_regime_allows_new_entries,True,"{'price': 37.4, 'price_tv': 37.4, 'price_finviz': 37.4, 'sma50': 39.2628, 'sma150': 40.5568, 'sma200': 35.146750000000004, 'ema21': 37.80563457079586, 'ema50': 39.71202579427795, 'rsi14': 47.88244731026043, 'atr14': 2.4635900301702107, 'atr_pct': 6.587139118102169, 'rvol20': 1.084904554490744, 'performance_21d_pct': -2.604166666666663, 'distance_52w_high_pct': 38.1102101605163, 'distance_resistance_pct': 53.7433155080214, 'move_10d_pct': -3.558535327488399, 'structural_trend_pass': False}",pattern;previous_revenue_growth_yoy;shares_change_6m_pct,TradingView MCP + Finviz via finvizfinance screener views,2026-09-10T23:45:11+02:00,2026-08-05,,36,NORMAL,
WDC,Western Digital Corp,tradingview_gates,price_above_sma50;ema21_above_ema50;within_25pct_52w_high;rsi14;market_regime_allows_new_entries,,price_min;market_cap_min;avg_volume_min;price_above_sma50;sma50_above_sma150;sma150_above_sma200;ema21_above_ema50;within_25pct_52w_high;rsi14;atr_pct;rvol20_data_available;performance_21d;distance_resistance_hard;no_extended_move_10d;revenue_growth;eps_growth;eps_next_year;operating_margin;earnings_window;market_regime_allows_new_entries,True,"{'price': 460.93, 'price_tv': 460.93, 'price_finviz': 460.93, 'sma50': 497.8481, 'sma150': 437.45893333333333, 'sma200': 377.68177499999996, 'ema21': 469.6662935543958, 'ema50': 487.79695101887717, 'rsi14': 46.73715175152676, 'atr14': 31.604142029206294, 'atr_pct': 6.856603395137287, 'rvol20': 0.7111814311124508, 'performance_21d_pct': 5.251980910191123, 'distance_52w_high_pct': 42.374385837698625, 'distance_resistance_pct': 73.53394224719588, 'move_10d_pct': -1.6955297730762653, 'structural_trend_pass': False}",pattern;previous_revenue_growth_yoy;shares_change_6m_pct,TradingView MCP + Finviz via finvizfinance screener views,2026-09-10T23:45:16+02:00,2026-08-05,,36,NORMAL,
XE,X-Energy Inc,tradingview_gates,market_regime_allows_new_entries,price_above_sma50;sma50_above_sma150;sma150_above_sma200;ema21_above_ema50;within_25pct_52w_high;rsi14;atr_pct;rvol20_data_available;performance_21d;distance_resistance_hard;no_extended_move_10d;revenue_growth;eps_growth;operating_margin,price_min;market_cap_min;avg_volume_min;eps_next_year;earnings_window;market_regime_allows_new_entries,False,"{'price': None, 'price_tv': None, 'price_finviz': 15.84, 'sma50': None, 'sma150': None, 'sma200': None, 'ema21': None, 'ema50': None, 'rsi14': None, 'atr14': None, 'atr_pct': None, 'rvol20': None, 'performance_21d_pct': None, 'distance_52w_high_pct': None, 'distance_resistance_pct': None, 'move_10d_pct': None, 'structural_trend_pass': False}",atr14;atr_pct;distance_52w_high_pct;distance_resistance_pct;ema21;ema50;eps_growth_yoy;gross_margin;move_10d_pct;operating_margin;pattern;performance_21d_pct;previous_revenue_growth_yoy;price;price_tv;resistance;revenue_growth_yoy;rsi14;rvol20;shares_change_6m_pct;sma150;sma200;sma50;week52_high,TradingView MCP + Finviz via finvizfinance screener views,2026-09-10T23:45:30+02:00,2026-08-13,,28,NORMAL,
